link_id,from_node_id,to_node_id,facility_type,dir_flag,directed_route_id,link_type,link_type_name,length,lanes,capacity,free_speed,cost,VDF_fftt1,VDF_cap1,VDF_alpha1,VDF_beta1,VDF_penalty1,geometry,VDF_allowed_uses1,agency_name,stop_sequence,directed_service_id
1000001,1500026,1500003,bus,1,100512.1,1,service_links,709.9670582693869,17,999999,21.288367564299456,0,2.0,16999983,0.15,4,0,"LINESTRING (-122.304146 47.317543, -122.313187 47.3193321)",w_bus_only;w_bus_metro;d_bus_only;d_bus_metro,Metro Transit,1,100512.1:1;29;32;40;58;67;72;88;93;97;104;107;118;123;138;152;170;175;180;186;195;205;210;225;235;262
1000002,1500003,1500004,bus,1,100512.1,1,service_links,386.4250795895932,17,999999,23.16234243294265,0,1.0,16999983,0.15,4,0,"LINESTRING (-122.313187 47.3193321, -122.313179 47.3228073)",w_bus_only;w_bus_metro;d_bus_only;d_bus_metro,Metro Transit,29,100512.1:1;29;32;40;58;67;72;88;93;97;104;107;118;123;138;152;170;175;180;186;195;205;210;225;235;262
1000003,1500004,1500005,bus,1,100512.1,1,service_links,412.8203555861016,17,999999,24769.221335166094,0,0.0,16999983,0.15,4,0,"LINESTRING (-122.313179 47.3228073, -122.312904 47.3265152)",w_bus_only;w_bus_metro;d_bus_only;d_bus_metro,Metro Transit,32,100512.1:1;29;32;40;58;67;72;88;93;97;104;107;118;123;138;152;170;175;180;186;195;205;210;225;235;262
1000004,1500005,1500006,bus,1,100512.1,1,service_links,992.7975500310464,17,999999,29.76904197994142,0,2.0,16999983,0.15,4,0,"LINESTRING (-122.312904 47.3265152, -122.31192 47.3354187)",w_bus_only;w_bus_metro;d_bus_only;d_bus_metro,Metro Transit,40,100512.1:1;29;32;40;58;67;72;88;93;97;104;107;118;123;138;152;170;175;180;186;195;205;210;225;235;262
1000005,1500006,1500007,bus,1,100512.1,1,service_links,941.3528401382018,17,999999,28.226471968161977,0,2.0,16999983,0.15,4,0,"LINESTRING (-122.31192 47.3354187, -122.312111 47.3438835)",w_bus_only;w_bus_metro;d_bus_only;d_bus_metro,Metro Transit,58,100512.1:1;29;32;40;58;67;72;88;93;97;104;107;118;123;138;152;170;175;180;186;195;205;210;225;235;262
1000006,1500007,1500008,bus,1,100512.1,1,service_links,554.5524256164205,17,999999,33273.14553698523,0,0.0,16999983,0.15,4,0,"LINESTRING (-122.312111 47.3438835, -122.312286 47.3488693)",w_bus_only;w_bus_metro;d_bus_only;d_bus_metro,Metro Transit,67,100512.1:1;29;32;40;58;67;72;88;93;97;104;107;118;123;138;152;170;175;180;186;195;205;210;225;235;262
1000007,1500008,1500009,bus,1,100512.1,1,service_links,688.5731309325855,17,999999,20.646870492731203,0,2.0,16999983,0.15,4,0,"LINESTRING (-122.312286 47.3488693, -122.310776 47.3549767)",w_bus_only;w_bus_metro;d_bus_only;d_bus_metro,Metro Transit,72,100512.1:1;29;32;40;58;67;72;88;93;97;104;107;118;123;138;152;170;175;180;186;195;205;210;225;235;262
1000008,1500009,1500010,bus,1,100512.1,1,service_links,479.5468908652094,17,999999,28772.81345191256,0,0.0,16999983,0.15,4,0,"LINESTRING (-122.310776 47.3549767, -122.308624 47.3590355)",w_bus_only;w_bus_metro;d_bus_only;d_bus_metro,Metro Transit,88,100512.1:1;29;32;40;58;67;72;88;93;97;104;107;118;123;138;152;170;175;180;186;195;205;210;225;235;262
1000009,1500010,1500011,bus,1,100512.1,1,service_links,310.2363188493862,17,999999,18.595583547415757,0,1.0,16999983,0.15,4,0,"LINESTRING (-122.308624 47.3590355, -122.307274 47.3616714)",w_bus_only;w_bus_metro;d_bus_only;d_bus_metro,Metro Transit,93,100512.1:1;29;32;40;58;67;72;88;93;97;104;107;118;123;138;152;170;175;180;186;195;205;210;225;235;262
1000010,1500011,1500012,bus,1,100512.1,1,service_links,921.4850894038061,17,999999,27.630737313457455,0,2.0,16999983,0.15,4,0,"LINESTRING (-122.307274 47.3616714, -122.303177 47.3694801)",w_bus_only;w_bus_metro;d_bus_only;d_bus_metro,Metro Transit,97,100512.1:1;29;32;40;58;67;72;88;93;97;104;107;118;123;138;152;170;175;180;186;195;205;210;225;235;262
1000011,1500012,1500013,bus,1,100512.1,1,service_links,833.5229238052724,17,999999,49.96141401430205,0,1.0,16999983,0.15,4,0,"LINESTRING (-122.303177 47.3694801, -122.299461 47.3765411)",w_bus_only;w_bus_metro;d_bus_only;d_bus_metro,Metro Transit,104,100512.1:1;29;32;40;58;67;72;88;93;97;104;107;118;123;138;152;170;175;180;186;195;205;210;225;235;262
1000012,1500013,1500014,bus,1,100512.1,1,service_links,534.6528253327167,17,999999,32.047122397565445,0,1.0,16999983,0.15,4,0,"LINESTRING (-122.299461 47.3765411, -122.297592 47.3811798)",w_bus_only;w_bus_metro;d_bus_only;d_bus_metro,Metro Transit,107,100512.1:1;29;32;40;58;67;72;88;93;97;104;107;118;123;138;152;170;175;180;186;195;205;210;225;235;262
1000013,1500014,1500001,bus,1,100512.1,1,service_links,574.9942345560172,17,999999,34.465188884476554,0,1.0,16999983,0.15,4,0,"LINESTRING (-122.297592 47.3811798, -122.296333 47.3862801)",w_bus_only;w_bus_metro;d_bus_only;d_bus_metro,Metro Transit,118,100512.1:1;29;32;40;58;67;72;88;93;97;104;107;118;123;138;152;170;175;180;186;195;205;210;225;235;262
1000014,1500001,1500015,bus,1,100512.1,1,service_links,949.0334734431967,17,999999,28.456775815388212,0,2.0,16999983,0.15,4,0,"LINESTRING (-122.296333 47.3862801, -122.294678 47.3947411)",w_bus_only;w_bus_metro;d_bus_only;d_bus_metro,Metro Transit,123,100512.1:1;29;32;40;58;67;72;88;93;97;104;107;118;123;138;152;170;175;180;186;195;205;210;225;235;262
1000015,1500015,1500016,bus,1,100512.1,1,service_links,775.7600169911145,17,999999,46.499101917549325,0,1.0,16999983,0.15,4,0,"LINESTRING (-122.294678 47.3947411, -122.297539 47.4014435)",w_bus_only;w_bus_metro;d_bus_only;d_bus_metro,Metro Transit,138,100512.1:1;29;32;40;58;67;72;88;93;97;104;107;118;123;138;152;170;175;180;186;195;205;210;225;235;262
1000016,1500016,1500017,bus,1,100512.1,1,service_links,823.5019977024147,17,999999,24.692713574285296,0,2.0,16999983,0.15,4,0,"LINESTRING (-122.297539 47.4014435, -122.297958 47.408844)",w_bus_only;w_bus_metro;d_bus_only;d_bus_metro,Metro Transit,152,100512.1:1;29;32;40;58;67;72;88;93;97;104;107;118;123;138;152;170;175;180;186;195;205;210;225;235;262
1000017,1500017,1500018,bus,1,100512.1,1,service_links,778.0144674550427,17,999999,23.328769638831865,0,2.0,16999983,0.15,4,0,"LINESTRING (-122.297958 47.408844, -122.297043 47.4158134)",w_bus_only;w_bus_metro;d_bus_only;d_bus_metro,Metro Transit,170,100512.1:1;29;32;40;58;67;72;88;93;97;104;107;118;123;138;152;170;175;180;186;195;205;210;225;235;262
1000018,1500018,1500019,bus,1,100512.1,1,service_links,844.2986813371955,17,999999,50.60731356666508,0,1.0,16999983,0.15,4,0,"LINESTRING (-122.297043 47.4158134, -122.296074 47.423378)",w_bus_only;w_bus_metro;d_bus_only;d_bus_metro,Metro Transit,175,100512.1:1;29;32;40;58;67;72;88;93;97;104;107;118;123;138;152;170;175;180;186;195;205;210;225;235;262
1000019,1500019,1500020,bus,1,100512.1,1,service_links,528.8667373324781,17,999999,31.700303936012677,0,1.0,16999983,0.15,4,0,"LINESTRING (-122.296074 47.423378, -122.295456 47.4281158)",w_bus_only;w_bus_metro;d_bus_only;d_bus_metro,Metro Transit,180,100512.1:1;29;32;40;58;67;72;88;93;97;104;107;118;123;138;152;170;175;180;186;195;205;210;225;235;262
1000020,1500020,1500021,bus,1,100512.1,1,service_links,774.169798682933,17,999999,23.213487216879553,0,2.0,16999983,0.15,4,0,"LINESTRING (-122.295456 47.4281158, -122.295349 47.4350777)",w_bus_only;w_bus_metro;d_bus_only;d_bus_metro,Metro Transit,186,100512.1:1;29;32;40;58;67;72;88;93;97;104;107;118;123;138;152;170;175;180;186;195;205;210;225;235;262
1000021,1500021,1500022,bus,1,100512.1,1,service_links,846.3351268453803,17,999999,25.37736512280001,0,2.0,16999983,0.15,4,0,"LINESTRING (-122.295349 47.4350777, -122.295883 47.4426804)",w_bus_only;w_bus_metro;d_bus_only;d_bus_metro,Metro Transit,195,100512.1:1;29;32;40;58;67;72;88;93;97;104;107;118;123;138;152;170;175;180;186;195;205;210;225;235;262
1000022,1500022,1500023,bus,1,100512.1,1,service_links,349.1453168776886,17,999999,20.927791221439875,0,1.0,16999983,0.15,4,0,"LINESTRING (-122.295883 47.4426804, -122.296127 47.445816)",w_bus_only;w_bus_metro;d_bus_only;d_bus_metro,Metro Transit,205,100512.1:1;29;32;40;58;67;72;88;93;97;104;107;118;123;138;152;170;175;180;186;195;205;210;225;235;262
1000023,1500023,1500024,bus,1,100512.1,1,service_links,604.622451452267,17,999999,36.241105981154874,0,1.0,16999983,0.15,4,0,"LINESTRING (-122.296127 47.445816, -122.295662 47.4512444)",w_bus_only;w_bus_metro;d_bus_only;d_bus_metro,Metro Transit,210,100512.1:1;29;32;40;58;67;72;88;93;97;104;107;118;123;138;152;170;175;180;186;195;205;210;225;235;262
1000024,1500024,1500002,bus,1,100512.1,1,service_links,1044.5154685878924,17,999999,20.883348255672626,0,3.0,16999983,0.15,4,0,"LINESTRING (-122.295662 47.4512444, -122.291267 47.4601555)",w_bus_only;w_bus_metro;d_bus_only;d_bus_metro,Metro Transit,225,100512.1:1;29;32;40;58;67;72;88;93;97;104;107;118;123;138;152;170;175;180;186;195;205;210;225;235;262
1000025,1500002,1500025,bus,1,100512.1,1,service_links,497.704118979673,17,999999,9.950765457774203,0,3.0,16999983,0.15,4,0,"LINESTRING (-122.291267 47.4601555, -122.288452 47.4642067)",w_bus_only;w_bus_metro;d_bus_only;d_bus_metro,Metro Transit,235,100512.1:1;29;32;40;58;67;72;88;93;97;104;107;118;123;138;152;170;175;180;186;195;205;210;225;235;262
1000026,1500028,1500029,bus,1,100512.2,1,service_links,681.4016515772263,17,999999,20.43183363050154,0,2.0,16999983,0.15,4,0,"LINESTRING (-122.288452 47.4642067, -122.292412 47.4586945)",w_bus_only;w_bus_metro;d_bus_only;d_bus_metro,Metro Transit,1,100512.2:1;31;45;58;67;79;90;93;97;105;125;142;148;153;164;167;172;175;180;198;204;225;233;238;262
1000027,1500029,1500030,bus,1,100512.2,1,service_links,983.9788103322657,17,999999,58.97974887106488,0,1.0,16999983,0.15,4,0,"LINESTRING (-122.292412 47.4586945, -122.296318 47.4502487)",w_bus_only;w_bus_metro;d_bus_only;d_bus_metro,Metro Transit,31,100512.2:1;31;45;58;67;79;90;93;97;105;125;142;148;153;164;167;172;175;180;198;204;225;233;238;262
1000028,1500030,1500031,bus,1,100512.2,1,service_links,548.1120958651339,17,999999,16.43514530330237,0,2.0,16999983,0.15,4,0,"LINESTRING (-122.296318 47.4502487, -122.29644 47.4453201)",w_bus_only;w_bus_metro;d_bus_only;d_bus_metro,Metro Transit,45,100512.2:1;31;45;58;67;79;90;93;97;105;125;142;148;153;164;167;172;175;180;198;204;225;233;238;262
1000029,1500031,1500032,bus,1,100512.2,1,service_links,623.1929666276751,17,999999,37.35422377388662,0,1.0,16999983,0.15,4,0,"LINESTRING (-122.29644 47.4453201, -122.296104 47.4397202)",w_bus_only;w_bus_metro;d_bus_only;d_bus_metro,Metro Transit,58,100512.2:1;31;45;58;67;79;90;93;97;105;125;142;148;153;164;167;172;175;180;198;204;225;233;238;262
1000030,1500032,1500033,bus,1,100512.2,1,service_links,648.1521352183428,17,999999,38.8502778352653,0,1.0,16999983,0.15,4,0,"LINESTRING (-122.296104 47.4397202, -122.295662 47.4338989)",w_bus_only;w_bus_metro;d_bus_only;d_bus_metro,Metro Transit,67,100512.2:1;31;45;58;67;79;90;93;97;105;125;142;148;153;164;167;172;175;180;198;204;225;233;238;262
1000031,1500033,1500034,bus,1,100512.2,1,service_links,715.4124631464189,17,999999,21.451648070357386,0,2.0,16999983,0.15,4,0,"LINESTRING (-122.295662 47.4338989, -122.295914 47.4274673)",w_bus_only;w_bus_metro;d_bus_only;d_bus_metro,Metro Transit,79,100512.2:1;31;45;58;67;79;90;93;97;105;125;142;148;153;164;167;172;175;180;198;204;225;233;238;262
1000032,1500034,1500035,bus,1,100512.2,1,service_links,568.0427226172804,17,999999,34.04851484219463,0,1.0,16999983,0.15,4,0,"LINESTRING (-122.295914 47.4274673, -122.296577 47.4223785)",w_bus_only;w_bus_metro;d_bus_only;d_bus_metro,Metro Transit,90,100512.2:1;31;45;58;67;79;90;93;97;105;125;142;148;153;164;167;172;175;180;198;204;225;233;238;262
1000033,1500035,1500036,bus,1,100512.2,1,service_links,834.9478795124668,17,999999,50.04682594480321,0,1.0,16999983,0.15,4,0,"LINESTRING (-122.296577 47.4223785, -122.297539 47.4148979)",w_bus_only;w_bus_metro;d_bus_only;d_bus_metro,Metro Transit,93,100512.2:1;31;45;58;67;79;90;93;97;105;125;142;148;153;164;167;172;175;180;198;204;225;233;238;262
1000034,1500036,1500037,bus,1,100512.2,1,service_links,797.185007913394,17,999999,23.90359843818273,0,2.0,16999983,0.15,4,0,"LINESTRING (-122.297539 47.4148979, -122.298477 47.4077568)",w_bus_only;w_bus_metro;d_bus_only;d_bus_metro,Metro Transit,97,100512.2:1;31;45;58;67;79;90;93;97;105;125;142;148;153;164;167;172;175;180;198;204;225;233;238;262
1000035,1500037,1500038,bus,1,100512.2,1,service_links,874.3397776562879,17,999999,26.217084787294993,0,2.0,16999983,0.15,4,0,"LINESTRING (-122.298477 47.4077568, -122.297211 47.3999405)",w_bus_only;w_bus_metro;d_bus_only;d_bus_metro,Metro Transit,105,100512.2:1;31;45;58;67;79;90;93;97;105;125;142;148;153;164;167;172;175;180;198;204;225;233;238;262
1000036,1500038,1500027,bus,1,100512.2,1,service_links,837.6971156288978,17,999999,25.118354291721076,0,2.0,16999983,0.15,4,0,"LINESTRING (-122.297211 47.3999405, -122.295158 47.3925362)",w_bus_only;w_bus_metro;d_bus_only;d_bus_metro,Metro Transit,125,100512.2:1;31;45;58;67;79;90;93;97;105;125;142;148;153;164;167;172;175;180;198;204;225;233;238;262
1000037,1500027,1500039,bus,1,100512.2,1,service_links,559.7809361398005,17,999999,33586.856168388025,0,0.0,16999983,0.15,4,0,"LINESTRING (-122.295158 47.3925362, -122.296371 47.3875694)",w_bus_only;w_bus_metro;d_bus_only;d_bus_metro,Metro Transit,142,100512.2:1;31;45;58;67;79;90;93;97;105;125;142;148;153;164;167;172;175;180;198;204;225;233;238;262
1000038,1500039,1500040,bus,1,100512.2,1,service_links,706.8356796917549,17,999999,21.19447315417556,0,2.0,16999983,0.15,4,0,"LINESTRING (-122.296371 47.3875694, -122.297905 47.3812981)",w_bus_only;w_bus_metro;d_bus_only;d_bus_metro,Metro Transit,148,100512.2:1;31;45;58;67;79;90;93;97;105;125;142;148;153;164;167;172;175;180;198;204;225;233;238;262
1000039,1500040,1500041,bus,1,100512.2,1,service_links,695.3255346800146,17,999999,41.677854226574304,0,1.0,16999983,0.15,4,0,"LINESTRING (-122.297905 47.3812981, -122.300484 47.3752937)",w_bus_only;w_bus_metro;d_bus_only;d_bus_metro,Metro Transit,153,100512.2:1;31;45;58;67;79;90;93;97;105;125;142;148;153;164;167;172;175;180;198;204;225;233;238;262
1000040,1500041,1500042,bus,1,100512.2,1,service_links,859.5762555650957,17,999999,51.523052281624125,0,1.0,16999983,0.15,4,0,"LINESTRING (-122.300484 47.3752937, -122.304314 47.3680115)",w_bus_only;w_bus_metro;d_bus_only;d_bus_metro,Metro Transit,164,100512.2:1;31;45;58;67;79;90;93;97;105;125;142;148;153;164;167;172;175;180;198;204;225;233;238;262
1000041,1500042,1500043,bus,1,100512.2,1,service_links,855.4211358768652,17,999999,51.27399415845346,0,1.0,16999983,0.15,4,0,"LINESTRING (-122.304314 47.3680115, -122.308105 47.3607597)",w_bus_only;w_bus_metro;d_bus_only;d_bus_metro,Metro Transit,167,100512.2:1;31;45;58;67;79;90;93;97;105;125;142;148;153;164;167;172;175;180;198;204;225;233;238;262
1000042,1500043,1500044,bus,1,100512.2,1,service_links,415.09231288830324,17,999999,24.880658115183014,0,1.0,16999983,0.15,4,0,"LINESTRING (-122.308105 47.3607597, -122.309952 47.3572426)",w_bus_only;w_bus_metro;d_bus_only;d_bus_metro,Metro Transit,172,100512.2:1;31;45;58;67;79;90;93;97;105;125;142;148;153;164;167;172;175;180;198;204;225;233;238;262
1000043,1500044,1500045,bus,1,100512.2,1,service_links,364.9550708839754,17,999999,21.87542882421431,0,1.0,16999983,0.15,4,0,"LINESTRING (-122.309952 47.3572426, -122.311554 47.3541451)",w_bus_only;w_bus_metro;d_bus_only;d_bus_metro,Metro Transit,175,100512.2:1;31;45;58;67;79;90;93;97;105;125;142;148;153;164;167;172;175;180;198;204;225;233;238;262
1000044,1500045,1500046,bus,1,100512.2,1,service_links,1243.9368699865822,17,999999,37.299456371411765,0,2.0,16999983,0.15,4,0,"LINESTRING (-122.311554 47.3541451, -122.312477 47.3429756)",w_bus_only;w_bus_metro;d_bus_only;d_bus_metro,Metro Transit,180,100512.2:1;31;45;58;67;79;90;93;97;105;125;142;148;153;164;167;172;175;180;198;204;225;233;238;262
1000045,1500046,1500047,bus,1,100512.2,1,service_links,868.0150786406028,17,999999,52.028875842593585,0,1.0,16999983,0.15,4,0,"LINESTRING (-122.312477 47.3429756, -122.312263 47.3351707)",w_bus_only;w_bus_metro;d_bus_only;d_bus_metro,Metro Transit,198,100512.2:1;31;45;58;67;79;90;93;97;105;125;142;148;153;164;167;172;175;180;198;204;225;233;238;262
1000046,1500047,1500048,bus,1,100512.2,1,service_links,1066.240108776184,17,999999,31.971217654458293,0,2.0,16999983,0.15,4,0,"LINESTRING (-122.312263 47.3351707, -122.313438 47.3256149)",w_bus_only;w_bus_metro;d_bus_only;d_bus_metro,Metro Transit,204,100512.2:1;31;45;58;67;79;90;93;97;105;125;142;148;153;164;167;172;175;180;198;204;225;233;238;262
1000047,1500048,1500049,bus,1,100512.2,1,service_links,392.02284607875083,17,999999,23.497872891833218,0,1.0,16999983,0.15,4,0,"LINESTRING (-122.313438 47.3256149, -122.313545 47.3220901)",w_bus_only;w_bus_metro;d_bus_only;d_bus_metro,Metro Transit,225,100512.2:1;31;45;58;67;79;90;93;97;105;125;142;148;153;164;167;172;175;180;198;204;225;233;238;262
1000048,1500049,1500050,bus,1,100512.2,1,service_links,395.86518181625485,17,999999,23.728182726249045,0,1.0,16999983,0.15,4,0,"LINESTRING (-122.313545 47.3220901, -122.312355 47.3186226)",w_bus_only;w_bus_metro;d_bus_only;d_bus_metro,Metro Transit,233,100512.2:1;31;45;58;67;79;90;93;97;105;125;142;148;153;164;167;172;175;180;198;204;225;233;238;262
1000049,1500050,1500051,bus,1,100512.2,1,service_links,641.3715000677189,17,999999,9.618167959026028,0,4.0,16999983,0.15,4,0,"LINESTRING (-122.312355 47.3186226, -122.304008 47.3175049)",w_bus_only;w_bus_metro;d_bus_only;d_bus_metro,Metro Transit,238,100512.2:1;31;45;58;67;79;90;93;97;105;125;142;148;153;164;167;172;175;180;198;204;225;233;238;262
1000050,1500068,1500065,bus,1,102548.1,1,service_links,312.5064238313808,16,999999,18750.385429882845,0,0.0,15999984,0.15,4,0,"LINESTRING (-122.12513 47.6767311, -122.127411 47.6790848)",w_bus_only;w_bus_metro;d_bus_only;d_bus_metro,Metro Transit,1,102548.1:1;6;12;14;38;65;72;83;86;94;97;105;110;162;166;175;189;200;208;216;227;241;245;265
1000051,1500065,1500064,bus,1,102548.1,1,service_links,353.2905640924781,16,999999,21197.433845548687,0,0.0,15999984,0.15,4,0,"LINESTRING (-122.127411 47.6790848, -122.128136 47.6822243)",w_bus_only;w_bus_metro;d_bus_only;d_bus_metro,Metro Transit,6,102548.1:1;6;12;14;38;65;72;83;86;94;97;105;110;162;166;175;189;200;208;216;227;241;245;265
1000052,1500064,1500075,bus,1,102548.1,1,service_links,480.34520255802653,16,999999,28.791920233248344,0,1.0,15999984,0.15,4,0,"LINESTRING (-122.128136 47.6822243, -122.134552 47.6822777)",w_bus_only;w_bus_metro;d_bus_only;d_bus_metro,Metro Transit,12,102548.1:1;6;12;14;38;65;72;83;86;94;97;105;110;162;166;175;189;200;208;216;227;241;245;265
1000053,1500075,1500069,bus,1,102548.1,1,service_links,816.6308033175745,16,999999,48.94889929975472,0,1.0,15999984,0.15,4,0,"LINESTRING (-122.134552 47.6822777, -122.145226 47.6807632)",w_bus_only;w_bus_metro;d_bus_only;d_bus_metro,Metro Transit,14,102548.1:1;6;12;14;38;65;72;83;86;94;97;105;110;162;166;175;189;200;208;216;227;241;245;265
1000054,1500069,1500070,bus,1,102548.1,1,service_links,721.926672858138,16,999999,43.27232804344484,0,1.0,15999984,0.15,4,0,"LINESTRING (-122.145226 47.6807632, -122.143227 47.6744118)",w_bus_only;w_bus_metro;d_bus_only;d_bus_metro,Metro Transit,38,102548.1:1;6;12;14;38;65;72;83;86;94;97;105;110;162;166;175;189;200;208;216;227;241;245;265
1000055,1500070,1500071,bus,1,102548.1,1,service_links,810.1933545252824,16,999999,48.56303823328366,0,1.0,15999984,0.15,4,0,"LINESTRING (-122.143227 47.6744118, -122.143295 47.6671257)",w_bus_only;w_bus_metro;d_bus_only;d_bus_metro,Metro Transit,65,102548.1:1;6;12;14;38;65;72;83;86;94;97;105;110;162;166;175;189;200;208;216;227;241;245;265
1000056,1500071,1500072,bus,1,102548.1,1,service_links,1386.2575315232068,16,999999,41.56694247445898,0,2.0,15999984,0.15,4,0,"LINESTRING (-122.143295 47.6671257, -122.143463 47.6546593)",w_bus_only;w_bus_metro;d_bus_only;d_bus_metro,Metro Transit,72,102548.1:1;6;12;14;38;65;72;83;86;94;97;105;110;162;166;175;189;200;208;216;227;241;245;265
1000057,1500072,1500073,bus,1,102548.1,1,service_links,306.69495918408956,16,999999,18401.697551045374,0,0.0,15999984,0.15,4,0,"LINESTRING (-122.143463 47.6546593, -122.143433 47.6519012)",w_bus_only;w_bus_metro;d_bus_only;d_bus_metro,Metro Transit,83,102548.1:1;6;12;14;38;65;72;83;86;94;97;105;110;162;166;175;189;200;208;216;227;241;245;265
1000058,1500073,1500074,bus,1,102548.1,1,service_links,690.5259283801155,16,999999,41.39016553726967,0,1.0,15999984,0.15,4,0,"LINESTRING (-122.143433 47.6519012, -122.141167 47.6458817)",w_bus_only;w_bus_metro;d_bus_only;d_bus_metro,Metro Transit,86,102548.1:1;6;12;14;38;65;72;83;86;94;97;105;110;162;166;175;189;200;208;216;227;241;245;265
1000059,1500074,1500066,bus,1,102548.1,1,service_links,257.294101067091,16,999999,15.422223840185277,0,1.0,15999984,0.15,4,0,"LINESTRING (-122.141167 47.6458817, -122.137733 47.6459236)",w_bus_only;w_bus_metro;d_bus_only;d_bus_metro,Metro Transit,94,102548.1:1;6;12;14;38;65;72;83;86;94;97;105;110;162;166;175;189;200;208;216;227;241;245;265
1000060,1500066,1500061,bus,1,102548.1,1,service_links,419.7921977586715,16,999999,25.16236949602427,0,1.0,15999984,0.15,4,0,"LINESTRING (-122.137733 47.6459236, -122.132393 47.6447792)",w_bus_only;w_bus_metro;d_bus_only;d_bus_metro,Metro Transit,97,102548.1:1;6;12;14;38;65;72;83;86;94;97;105;110;162;166;175;189;200;208;216;227;241;245;265
1000061,1500061,1500052,bus,1,102548.1,1,service_links,731.8650378381091,16,999999,43.8680342360505,0,1.0,15999984,0.15,4,0,"LINESTRING (-122.132393 47.6447792, -122.133232 47.6382217)",w_bus_only;w_bus_metro;d_bus_only;d_bus_metro,Metro Transit,105,102548.1:1;6;12;14;38;65;72;83;86;94;97;105;110;162;166;175;189;200;208;216;227;241;245;265
1000062,1500052,1500067,bus,1,102548.1,1,service_links,677.7867813659298,16,999999,13.551218554467106,0,3.0,15999984,0.15,4,0,"LINESTRING (-122.133232 47.6382217, -122.137802 47.6329613)",w_bus_only;w_bus_metro;d_bus_only;d_bus_metro,Metro Transit,110,102548.1:1;6;12;14;38;65;72;83;86;94;97;105;110;162;166;175;189;200;208;216;227;241;245;265
1000063,1500067,1500060,bus,1,102548.1,1,service_links,468.981990713959,16,999999,28.110808634203337,0,1.0,15999984,0.15,4,0,"LINESTRING (-122.137802 47.6329613, -122.132446 47.6307793)",w_bus_only;w_bus_metro;d_bus_only;d_bus_metro,Metro Transit,162,102548.1:1;6;12;14;38;65;72;83;86;94;97;105;110;162;166;175;189;200;208;216;227;241;245;265
1000064,1500060,1500062,bus,1,102548.1,1,service_links,741.0443676590652,16,999999,22.2202209193123,0,2.0,15999984,0.15,4,0,"LINESTRING (-122.132446 47.6307793, -122.132492 47.624115)",w_bus_only;w_bus_metro;d_bus_only;d_bus_metro,Metro Transit,166,102548.1:1;6;12;14;38;65;72;83;86;94;97;105;110;162;166;175;189;200;208;216;227;241;245;265
1000065,1500062,1500063,bus,1,102548.1,1,service_links,662.9908716532722,16,999999,19.879786256469934,0,2.0,15999984,0.15,4,0,"LINESTRING (-122.132492 47.624115, -122.132515 47.6181526)",w_bus_only;w_bus_metro;d_bus_only;d_bus_metro,Metro Transit,175,102548.1:1;6;12;14;38;65;72;83;86;94;97;105;110;162;166;175;189;200;208;216;227;241;245;265
1000066,1500063,1500053,bus,1,102548.1,1,service_links,832.6729559197535,16,999999,24.967704825180014,0,2.0,15999984,0.15,4,0,"LINESTRING (-122.132515 47.6181526, -122.143517 47.617115)",w_bus_only;w_bus_metro;d_bus_only;d_bus_metro,Metro Transit,189,102548.1:1;6;12;14;38;65;72;83;86;94;97;105;110;162;166;175;189;200;208;216;227;241;245;265
1000067,1500053,1500054,bus,1,102548.1,1,service_links,512.9978845510609,16,999999,30.749123949114544,0,1.0,15999984,0.15,4,0,"LINESTRING (-122.143517 47.617115, -122.15036 47.6171989)",w_bus_only;w_bus_metro;d_bus_only;d_bus_metro,Metro Transit,200,102548.1:1;6;12;14;38;65;72;83;86;94;97;105;110;162;166;175;189;200;208;216;227;241;245;265
1000068,1500054,1500055,bus,1,102548.1,1,service_links,307.10674345104997,16,999999,18.40799661045255,0,1.0,15999984,0.15,4,0,"LINESTRING (-122.15036 47.6171989, -122.154457 47.6172295)",w_bus_only;w_bus_metro;d_bus_only;d_bus_metro,Metro Transit,208,102548.1:1;6;12;14;38;65;72;83;86;94;97;105;110;162;166;175;189;200;208;216;227;241;245;265
1000069,1500055,1500056,bus,1,102548.1,1,service_links,651.3693463112347,16,999999,39.04311766101308,0,1.0,15999984,0.15,4,0,"LINESTRING (-122.154457 47.6172295, -122.163147 47.6172714)",w_bus_only;w_bus_metro;d_bus_only;d_bus_metro,Metro Transit,216,102548.1:1;6;12;14;38;65;72;83;86;94;97;105;110;162;166;175;189;200;208;216;227;241;245;265
1000070,1500056,1500057,bus,1,102548.1,1,service_links,960.2774460010935,16,999999,28.793926416824398,0,2.0,15999984,0.15,4,0,"LINESTRING (-122.163147 47.6172714, -122.175957 47.6174049)",w_bus_only;w_bus_metro;d_bus_only;d_bus_metro,Metro Transit,227,102548.1:1;6;12;14;38;65;72;83;86;94;97;105;110;162;166;175;189;200;208;216;227;241;245;265
1000071,1500057,1500058,bus,1,102548.1,1,service_links,373.95182894788866,16,999999,22.41469504183149,0,1.0,15999984,0.15,4,0,"LINESTRING (-122.175957 47.6174049, -122.180946 47.6173859)",w_bus_only;w_bus_metro;d_bus_only;d_bus_metro,Metro Transit,241,102548.1:1;6;12;14;38;65;72;83;86;94;97;105;110;162;166;175;189;200;208;216;227;241;245;265
1000072,1500058,1500059,bus,1,102548.1,1,service_links,1100.313437399701,16,999999,16.500576416891285,0,4.0,15999984,0.15,4,0,"LINESTRING (-122.180946 47.6173859, -122.195358 47.6155052)",w_bus_only;w_bus_metro;d_bus_only;d_bus_metro,Metro Transit,245,102548.1:1;6;12;14;38;65;72;83;86;94;97;105;110;162;166;175;189;200;208;216;227;241;245;265
1000073,1500077,1500078,bus,1,102548.2,1,service_links,803.7896701638732,17,999999,48.179201008823576,0,1.0,16999983,0.15,4,0,"LINESTRING (-122.195358 47.6155052, -122.184944 47.6172295)",w_bus_only;w_bus_metro;d_bus_only;d_bus_metro,Metro Transit,1,102548.2:1;20;24;28;42;55;62;71;79;93;104;107;123;153;162;167;173;176;187;191;222;244;249;253;257
1000074,1500078,1500079,bus,1,102548.2,1,service_links,374.5619267084453,17,999999,22.451264338168553,0,1.0,16999983,0.15,4,0,"LINESTRING (-122.184944 47.6172295, -122.179947 47.61726)",w_bus_only;w_bus_metro;d_bus_only;d_bus_metro,Metro Transit,20,102548.2:1;20;24;28;42;55;62;71;79;93;104;107;123;153;162;167;173;176;187;191;222;244;249;253;257
1000075,1500079,1500080,bus,1,102548.2,1,service_links,401.4570020879338,17,999999,24.06335676850752,0,1.0,16999983,0.15,4,0,"LINESTRING (-122.179947 47.61726, -122.174591 47.6172714)",w_bus_only;w_bus_metro;d_bus_only;d_bus_metro,Metro Transit,24,102548.2:1;20;24;28;42;55;62;71;79;93;104;107;123;153;162;167;173;176;187;191;222;244;249;253;257
1000076,1500080,1500081,bus,1,102548.2,1,service_links,909.4139935314631,17,999999,27.268785413237275,0,2.0,16999983,0.15,4,0,"LINESTRING (-122.174591 47.6172714, -122.16246 47.6171265)",w_bus_only;w_bus_metro;d_bus_only;d_bus_metro,Metro Transit,28,102548.2:1;20;24;28;42;55;62;71;79;93;104;107;123;153;162;167;173;176;187;191;222;244;249;253;257
1000077,1500081,1500082,bus,1,102548.2,1,service_links,703.3980424114808,17,999999,42.16172082386498,0,1.0,16999983,0.15,4,0,"LINESTRING (-122.16246 47.6171265, -122.153076 47.6170731)",w_bus_only;w_bus_metro;d_bus_only;d_bus_metro,Metro Transit,42,102548.2:1;20;24;28;42;55;62;71;79;93;104;107;123;153;162;167;173;176;187;191;222;244;249;253;257
1000078,1500082,1500083,bus,1,102548.2,1,service_links,297.95913702768814,17,999999,17.859688533128164,0,1.0,16999983,0.15,4,0,"LINESTRING (-122.153076 47.6170731, -122.149101 47.6170464)",w_bus_only;w_bus_metro;d_bus_only;d_bus_metro,Metro Transit,55,102548.2:1;20;24;28;42;55;62;71;79;93;104;107;123;153;162;167;173;176;187;191;222;244;249;253;257
1000079,1500083,1500084,bus,1,102548.2,1,service_links,531.2711838301378,17,999999,31.844426603205065,0,1.0,16999983,0.15,4,0,"LINESTRING (-122.149101 47.6170464, -122.142014 47.6169701)",w_bus_only;w_bus_metro;d_bus_only;d_bus_metro,Metro Transit,62,102548.2:1;20;24;28;42;55;62;71;79;93;104;107;123;153;162;167;173;176;187;191;222;244;249;253;257
1000080,1500084,1500086,bus,1,102548.2,1,service_links,743.4874290044331,17,999999,22.29347613206696,0,2.0,16999983,0.15,4,0,"LINESTRING (-122.142014 47.6169701, -122.132317 47.6183777)",w_bus_only;w_bus_metro;d_bus_only;d_bus_metro,Metro Transit,71,102548.2:1;20;24;28;42;55;62;71;79;93;104;107;123;153;162;167;173;176;187;191;222;244;249;253;257
1000081,1500086,1500087,bus,1,102548.2,1,service_links,637.1146997409176,17,999999,38.188693291163894,0,1.0,16999983,0.15,4,0,"LINESTRING (-122.132317 47.6183777, -122.132301 47.6241074)",w_bus_only;w_bus_metro;d_bus_only;d_bus_metro,Metro Transit,79,102548.2:1;20;24;28;42;55;62;71;79;93;104;107;123;153;162;167;173;176;187;191;222;244;249;253;257
1000082,1500087,1500088,bus,1,102548.2,1,service_links,853.8406686978124,17,999999,25.602418851508617,0,2.0,16999983,0.15,4,0,"LINESTRING (-122.132301 47.6241074, -122.134445 47.631649)",w_bus_only;w_bus_metro;d_bus_only;d_bus_metro,Metro Transit,93,102548.2:1;20;24;28;42;55;62;71;79;93;104;107;123;153;162;167;173;176;187;191;222;244;249;253;257
1000083,1500088,1500089,bus,1,102548.2,1,service_links,329.39511834530407,17,999999,19.743963137580664,0,1.0,16999983,0.15,4,0,"LINESTRING (-122.134445 47.631649, -122.137604 47.633709)",w_bus_only;w_bus_metro;d_bus_only;d_bus_metro,Metro Transit,104,102548.2:1;20;24;28;42;55;62;71;79;93;104;107;123;153;162;167;173;176;187;191;222;244;249;253;257
1000084,1500089,1500076,bus,1,102548.2,1,service_links,489.7699937324112,17,999999,29.35684278116351,0,1.0,16999983,0.15,4,0,"LINESTRING (-122.137604 47.633709, -122.136108 47.6379967)",w_bus_only;w_bus_metro;d_bus_only;d_bus_metro,Metro Transit,107,102548.2:1;20;24;28;42;55;62;71;79;93;104;107;123;153;162;167;173;176;187;191;222;244;249;253;257
1000085,1500076,1500085,bus,1,102548.2,1,service_links,727.8604900663975,17,999999,21.82490225086649,0,2.0,16999983,0.15,4,0,"LINESTRING (-122.136108 47.6379967, -122.132187 47.6439857)",w_bus_only;w_bus_metro;d_bus_only;d_bus_metro,Metro Transit,123,102548.2:1;20;24;28;42;55;62;71;79;93;104;107;123;153;162;167;173;176;187;191;222;244;249;253;257
1000086,1500085,1500090,bus,1,102548.2,1,service_links,479.57635804793244,17,999999,28.745835647228724,0,1.0,16999983,0.15,4,0,"LINESTRING (-122.132187 47.6439857, -122.137802 47.6460571)",w_bus_only;w_bus_metro;d_bus_only;d_bus_metro,Metro Transit,153,102548.2:1;20;24;28;42;55;62;71;79;93;104;107;123;153;162;167;173;176;187;191;222;244;249;253;257
1000087,1500090,1500092,bus,1,102548.2,1,service_links,387.5803257465921,17,999999,23.23158795683869,0,1.0,16999983,0.15,4,0,"LINESTRING (-122.137802 47.6460571, -122.142815 47.6469193)",w_bus_only;w_bus_metro;d_bus_only;d_bus_metro,Metro Transit,162,102548.2:1;20;24;28;42;55;62;71;79;93;104;107;123;153;162;167;173;176;187;191;222;244;249;253;257
1000088,1500092,1500094,bus,1,102548.2,1,service_links,629.3755763615435,17,999999,37.72480977192069,0,1.0,16999983,0.15,4,0,"LINESTRING (-122.142815 47.6469193, -122.143089 47.6525764)",w_bus_only;w_bus_metro;d_bus_only;d_bus_metro,Metro Transit,167,102548.2:1;20;24;28;42;55;62;71;79;93;104;107;123;153;162;167;173;176;187;191;222;244;249;253;257
1000089,1500094,1500093,bus,1,102548.2,1,service_links,351.2202952993934,17,999999,21.052165552411196,0,1.0,16999983,0.15,4,0,"LINESTRING (-122.143089 47.6525764, -122.143089 47.655735)",w_bus_only;w_bus_metro;d_bus_only;d_bus_metro,Metro Transit,173,102548.2:1;20;24;28;42;55;62;71;79;93;104;107;123;153;162;167;173;176;187;191;222;244;249;253;257
1000090,1500093,1500095,bus,1,102548.2,1,service_links,1414.7059766156353,17,999999,42.41996931381215,0,2.0,16999983,0.15,4,0,"LINESTRING (-122.143089 47.655735, -122.142883 47.668457)",w_bus_only;w_bus_metro;d_bus_only;d_bus_metro,Metro Transit,176,102548.2:1;20;24;28;42;55;62;71;79;93;104;107;123;153;162;167;173;176;187;191;222;244;249;253;257
1000091,1500095,1500096,bus,1,102548.2,1,service_links,647.2990264760718,17,999999,19.409266161201558,0,2.0,16999983,0.15,4,0,"LINESTRING (-122.142883 47.668457, -122.142883 47.6742783)",w_bus_only;w_bus_metro;d_bus_only;d_bus_metro,Metro Transit,187,102548.2:1;20;24;28;42;55;62;71;79;93;104;107;123;153;162;167;173;176;187;191;222;244;249;253;257
1000092,1500096,1500097,bus,1,102548.2,1,service_links,771.6597502001036,17,999999,46.2533316803259,0,1.0,16999983,0.15,4,0,"LINESTRING (-122.142883 47.6742783, -122.144691 47.6811104)",w_bus_only;w_bus_metro;d_bus_only;d_bus_metro,Metro Transit,191,102548.2:1;20;24;28;42;55;62;71;79;93;104;107;123;153;162;167;173;176;187;191;222;244;249;253;257
1000093,1500097,1500099,bus,1,102548.2,1,service_links,794.6584878498621,17,999999,23.827840715138297,0,2.0,16999983,0.15,4,0,"LINESTRING (-122.144691 47.6811104, -122.134186 47.6821365)",w_bus_only;w_bus_metro;d_bus_only;d_bus_metro,Metro Transit,222,102548.2:1;20;24;28;42;55;62;71;79;93;104;107;123;153;162;167;173;176;187;191;222;244;249;253;257
1000094,1500099,1500100,bus,1,102548.2,1,service_links,516.2882250550036,17,999999,30.946347156144075,0,1.0,16999983,0.15,4,0,"LINESTRING (-122.134186 47.6821365, -122.127655 47.680645)",w_bus_only;w_bus_metro;d_bus_only;d_bus_metro,Metro Transit,244,102548.2:1;20;24;28;42;55;62;71;79;93;104;107;123;153;162;167;173;176;187;191;222;244;249;253;257
1000095,1500100,1500098,bus,1,102548.2,1,service_links,251.7618330857801,17,999999,15.090619365781027,0,1.0,16999983,0.15,4,0,"LINESTRING (-122.127655 47.680645, -122.126778 47.6784592)",w_bus_only;w_bus_metro;d_bus_only;d_bus_metro,Metro Transit,249,102548.2:1;20;24;28;42;55;62;71;79;93;104;107;123;153;162;167;173;176;187;191;222;244;249;253;257
1000096,1500098,1500091,bus,1,102548.2,1,service_links,248.95908119956107,17,999999,14.922622249723942,0,1.0,16999983,0.15,4,0,"LINESTRING (-122.126778 47.6784592, -122.124939 47.6765938)",w_bus_only;w_bus_metro;d_bus_only;d_bus_metro,Metro Transit,253,102548.2:1;20;24;28;42;55;62;71;79;93;104;107;123;153;162;167;173;176;187;191;222;244;249;253;257
1000097,1500115,1500114,bus,1,102576.1,1,service_links,393.2943408940995,18,999999,23.574086367278692,0,1.0,17999982,0.15,4,0,"LINESTRING (-122.367355 47.5209618, -122.36805 47.5174561)",w_bus_only;w_bus_metro;d_bus_only;d_bus_metro,Metro Transit,1,102576.1:1;9;17;20;60;77;84;93;100;106;121;127;140;150;157;168;334;345;355;359;363;377;386;399;403;411;427
1000098,1500114,1500116,bus,1,102576.1,1,service_links,656.157681421324,18,999999,19.67489299614165,0,2.0,17999982,0.15,4,0,"LINESTRING (-122.36805 47.5174561, -122.376778 47.5177307)",w_bus_only;w_bus_metro;d_bus_only;d_bus_metro,Metro Transit,9,102576.1:1;9;17;20;60;77;84;93;100;106;121;127;140;150;157;168;334;345;355;359;363;377;386;399;403;411;427
1000099,1500116,1500121,bus,1,102576.1,1,service_links,380.39163686759287,18,999999,22823.498212055572,0,0.0,17999982,0.15,4,0,"LINESTRING (-122.376778 47.5177307, -122.377243 47.5211372)",w_bus_only;w_bus_metro;d_bus_only;d_bus_metro,Metro Transit,17,102576.1:1;9;17;20;60;77;84;93;100;106;121;127;140;150;157;168;334;345;355;359;363;377;386;399;403;411;427
1000100,1500121,1500122,bus,1,102576.1,1,service_links,777.1764566152415,18,999999,23.303641877518483,0,2.0,17999982,0.15,4,0,"LINESTRING (-122.377243 47.5211372, -122.387573 47.5215683)",w_bus_only;w_bus_metro;d_bus_only;d_bus_metro,Metro Transit,20,102576.1:1;9;17;20;60;77;84;93;100;106;121;127;140;150;157;168;334;345;355;359;363;377;386;399;403;411;427
1000101,1500122,1500105,bus,1,102576.1,1,service_links,237.15633293900967,18,999999,14.215164811529052,0,1.0,17999982,0.15,4,0,"LINESTRING (-122.387573 47.5215683, -122.390617 47.5209999)",w_bus_only;w_bus_metro;d_bus_only;d_bus_metro,Metro Transit,60,102576.1:1;9;17;20;60;77;84;93;100;106;121;127;140;150;157;168;334;345;355;359;363;377;386;399;403;411;427
1000102,1500105,1500106,bus,1,102576.1,1,service_links,296.6922465324024,18,999999,17.78375104090324,0,1.0,17999982,0.15,4,0,"LINESTRING (-122.390617 47.5209999, -122.392899 47.5231781)",w_bus_only;w_bus_metro;d_bus_only;d_bus_metro,Metro Transit,77,102576.1:1;9;17;20;60;77;84;93;100;106;121;127;140;150;157;168;334;345;355;359;363;377;386;399;403;411;427
1000103,1500106,1500107,bus,1,102576.1,1,service_links,758.3173761769457,18,999999,45.453588981635114,0,1.0,17999982,0.15,4,0,"LINESTRING (-122.392899 47.5231781, -122.392609 47.529995)",w_bus_only;w_bus_metro;d_bus_only;d_bus_metro,Metro Transit,84,102576.1:1;9;17;20;60;77;84;93;100;106;121;127;140;150;157;168;334;345;355;359;363;377;386;399;403;411;427
1000104,1500107,1500108,bus,1,102576.1,1,service_links,673.4613439182704,18,999999,20.1937434458252,0,2.0,17999982,0.15,4,0,"LINESTRING (-122.392609 47.529995, -122.392342 47.5360489)",w_bus_only;w_bus_metro;d_bus_only;d_bus_metro,Metro Transit,93,102576.1:1;9;17;20;60;77;84;93;100;106;121;127;140;150;157;168;334;345;355;359;363;377;386;399;403;411;427
1000105,1500108,1500109,bus,1,102576.1,1,service_links,446.29095802894096,18,999999,26.7507067749615,0,1.0,17999982,0.15,4,0,"LINESTRING (-122.392342 47.5360489, -122.390511 47.5398674)",w_bus_only;w_bus_metro;d_bus_only;d_bus_metro,Metro Transit,100,102576.1:1;9;17;20;60;77;84;93;100;106;121;127;140;150;157;168;334;345;355;359;363;377;386;399;403;411;427
1000106,1500109,1500110,bus,1,102576.1,1,service_links,656.989474360927,18,999999,39.37998847318244,0,1.0,17999982,0.15,4,0,"LINESTRING (-122.390511 47.5398674, -122.387108 47.545311)",w_bus_only;w_bus_metro;d_bus_only;d_bus_metro,Metro Transit,106,102576.1:1;9;17;20;60;77;84;93;100;106;121;127;140;150;157;168;334;345;355;359;363;377;386;399;403;411;427
1000107,1500110,1500111,bus,1,102576.1,1,service_links,784.8360031208864,18,999999,23.53331343690814,0,2.0,17999982,0.15,4,0,"LINESTRING (-122.387108 47.545311, -122.386932 47.5523682)",w_bus_only;w_bus_metro;d_bus_only;d_bus_metro,Metro Transit,121,102576.1:1;9;17;20;60;77;84;93;100;106;121;127;140;150;157;168;334;345;355;359;363;377;386;399;403;411;427
1000108,1500111,1500112,bus,1,102576.1,1,service_links,965.8499800916669,18,999999,19.310562747584143,0,3.0,17999982,0.15,4,0,"LINESTRING (-122.386932 47.5523682, -122.386871 47.5610542)",w_bus_only;w_bus_metro;d_bus_only;d_bus_metro,Metro Transit,127,102576.1:1;9;17;20;60;77;84;93;100;106;121;127;140;150;157;168;334;345;355;359;363;377;386;399;403;411;427
1000109,1500112,1500123,bus,1,102576.1,1,service_links,450.52903264627315,18,999999,27.004737221554837,0,1.0,17999982,0.15,4,0,"LINESTRING (-122.386871 47.5610542, -122.380867 47.5610161)",w_bus_only;w_bus_metro;d_bus_only;d_bus_metro,Metro Transit,140,102576.1:1;9;17;20;60;77;84;93;100;106;121;127;140;150;157;168;334;345;355;359;363;377;386;399;403;411;427
1000110,1500123,1500117,bus,1,102576.1,1,service_links,456.63499361657824,18,999999,27.37072888810659,0,1.0,17999982,0.15,4,0,"LINESTRING (-122.380867 47.5610161, -122.376099 47.5635681)",w_bus_only;w_bus_metro;d_bus_only;d_bus_metro,Metro Transit,150,102576.1:1;9;17;20;60;77;84;93;100;106;121;127;140;150;157;168;334;345;355;359;363;377;386;399;403;411;427
1000111,1500117,1500113,bus,1,102576.1,1,service_links,629.1432843758932,18,999999,18.864866098227687,0,2.0,17999982,0.15,4,0,"LINESTRING (-122.376099 47.5635681, -122.370674 47.5678825)",w_bus_only;w_bus_metro;d_bus_only;d_bus_metro,Metro Transit,157,102576.1:1;9;17;20;60;77;84;93;100;106;121;127;140;150;157;168;334;345;355;359;363;377;386;399;403;411;427
1000112,1500113,1500103,bus,1,102576.1,1,service_links,4410.820493671392,18,999999,29.402203046359684,0,9.0,17999982,0.15,4,0,"LINESTRING (-122.370674 47.5678825, -122.335556 47.5997009)",w_bus_only;w_bus_metro;d_bus_only;d_bus_metro,Metro Transit,168,102576.1:1;9;17;20;60;77;84;93;100;106;121;127;140;150;157;168;334;345;355;359;363;377;386;399;403;411;427
1000113,1500103,1500102,bus,1,102576.1,1,service_links,322.2402995898868,18,999999,19334.417975393208,0,0.0,17999982,0.15,4,0,"LINESTRING (-122.335556 47.5997009, -122.336685 47.6024971)",w_bus_only;w_bus_metro;d_bus_only;d_bus_metro,Metro Transit,334,102576.1:1;9;17;20;60;77;84;93;100;106;121;127;140;150;157;168;334;345;355;359;363;377;386;399;403;411;427
1000114,1500102,1500124,bus,1,102576.1,1,service_links,368.3782889790336,18,999999,22.080616722019997,0,1.0,17999982,0.15,4,0,"LINESTRING (-122.336685 47.6024971, -122.33316 47.604805)",w_bus_only;w_bus_metro;d_bus_only;d_bus_metro,Metro Transit,345,102576.1:1;9;17;20;60;77;84;93;100;106;121;127;140;150;157;168;334;345;355;359;363;377;386;399;403;411;427
1000115,1500124,1500125,bus,1,102576.1,1,service_links,293.4383535321654,18,999999,17.588712499430496,0,1.0,17999982,0.15,4,0,"LINESTRING (-122.33316 47.604805, -122.335213 47.6070518)",w_bus_only;w_bus_metro;d_bus_only;d_bus_metro,Metro Transit,355,102576.1:1;9;17;20;60;77;84;93;100;106;121;127;140;150;157;168;334;345;355;359;363;377;386;399;403;411;427
1000116,1500125,1500126,bus,1,102576.1,1,service_links,338.48847813220993,18,999999,6.767513724735953,0,3.0,17999982,0.15,4,0,"LINESTRING (-122.335213 47.6070518, -122.337585 47.609642)",w_bus_only;w_bus_metro;d_bus_only;d_bus_metro,Metro Transit,359,102576.1:1;9;17;20;60;77;84;93;100;106;121;127;140;150;157;168;334;345;355;359;363;377;386;399;403;411;427
1000117,1500126,1500127,bus,1,102576.1,1,service_links,485.9725724123166,18,999999,14.571891226756122,0,2.0,17999982,0.15,4,0,"LINESTRING (-122.337585 47.609642, -122.341743 47.6129951)",w_bus_only;w_bus_metro;d_bus_only;d_bus_metro,Metro Transit,363,102576.1:1;9;17;20;60;77;84;93;100;106;121;127;140;150;157;168;334;345;355;359;363;377;386;399;403;411;427
1000118,1500127,1500104,bus,1,102576.1,1,service_links,324.6350481424388,18,999999,9.734184352097115,0,2.0,17999982,0.15,4,0,"LINESTRING (-122.341743 47.6129951, -122.340881 47.6158562)",w_bus_only;w_bus_metro;d_bus_only;d_bus_metro,Metro Transit,377,102576.1:1;9;17;20;60;77;84;93;100;106;121;127;140;150;157;168;334;345;355;359;363;377;386;399;403;411;427
1000119,1500104,1500118,bus,1,102576.1,1,service_links,328.8055418660214,18,999999,19.708623888073213,0,1.0,17999982,0.15,4,0,"LINESTRING (-122.340881 47.6158562, -122.338341 47.6182671)",w_bus_only;w_bus_metro;d_bus_only;d_bus_metro,Metro Transit,386,102576.1:1;9;17;20;60;77;84;93;100;106;121;127;140;150;157;168;334;345;355;359;363;377;386;399;403;411;427
1000120,1500118,1500119,bus,1,102576.1,1,service_links,398.3018139135748,18,999999,11.943082875969258,0,2.0,17999982,0.15,4,0,"LINESTRING (-122.338341 47.6182671, -122.338356 47.6218491)",w_bus_only;w_bus_metro;d_bus_only;d_bus_metro,Metro Transit,399,102576.1:1;9;17;20;60;77;84;93;100;106;121;127;140;150;157;168;334;345;355;359;363;377;386;399;403;411;427
1000121,1500119,1500120,bus,1,102576.1,1,service_links,406.3607196168925,18,999999,12.184729223894827,0,2.0,17999982,0.15,4,0,"LINESTRING (-122.338356 47.6218491, -122.338394 47.6255035)",w_bus_only;w_bus_metro;d_bus_only;d_bus_metro,Metro Transit,403,102576.1:1;9;17;20;60;77;84;93;100;106;121;127;140;150;157;168;334;345;355;359;363;377;386;399;403;411;427
1000122,1500120,1500101,bus,1,102576.1,1,service_links,390.5324611098843,18,999999,7.80804654001768,0,3.0,17999982,0.15,4,0,"LINESTRING (-122.338394 47.6255035, -122.33345 47.6266136)",w_bus_only;w_bus_metro;d_bus_only;d_bus_metro,Metro Transit,411,102576.1:1;9;17;20;60;77;84;93;100;106;121;127;140;150;157;168;334;345;355;359;363;377;386;399;403;411;427
1000123,1500128,1500143,bus,1,102576.2,1,service_links,393.06929203860614,16,999999,23.56059692539098,0,1.0,15999984,0.15,4,0,"LINESTRING (-122.334106 47.6260338, -122.338547 47.6241531)",w_bus_only;w_bus_metro;d_bus_only;d_bus_metro,Metro Transit,1,102576.2:1;23;26;31;46;59;64;68;77;97;236;248;255;267;279;285;301;306;313;321;328;345;386;394
1000124,1500143,1500144,bus,1,102576.2,1,service_links,308.3705884657762,16,999999,18.483751556390185,0,1.0,15999984,0.15,4,0,"LINESTRING (-122.338547 47.6241531, -122.33857 47.6213799)",w_bus_only;w_bus_metro;d_bus_only;d_bus_metro,Metro Transit,23,102576.2:1;23;26;31;46;59;64;68;77;97;236;248;255;267;279;285;301;306;313;321;328;345;386;394
1000125,1500144,1500145,bus,1,102576.2,1,service_links,398.814530058342,16,999999,23.904966836663856,0,1.0,15999984,0.15,4,0,"LINESTRING (-122.33857 47.6213799, -122.338463 47.617794)",w_bus_only;w_bus_metro;d_bus_only;d_bus_metro,Metro Transit,26,102576.2:1;23;26;31;46;59;64;68;77;97;236;248;255;267;279;285;301;306;313;321;328;345;386;394
1000126,1500145,1500148,bus,1,102576.2,1,service_links,627.7201673411239,16,999999,9.413449147829901,0,4.0,15999984,0.15,4,0,"LINESTRING (-122.338463 47.617794, -122.34111 47.6124382)",w_bus_only;w_bus_metro;d_bus_only;d_bus_metro,Metro Transit,31,102576.2:1;23;26;31;46;59;64;68;77;97;236;248;255;267;279;285;301;306;313;321;328;345;386;394
1000127,1500148,1500149,bus,1,102576.2,1,service_links,377.42894385452826,16,999999,11.317209710780457,0,2.0,15999984,0.15,4,0,"LINESTRING (-122.34111 47.6124382, -122.337959 47.6097908)",w_bus_only;w_bus_metro;d_bus_only;d_bus_metro,Metro Transit,46,102576.2:1;23;26;31;46;59;64;68;77;97;236;248;255;267;279;285;301;306;313;321;328;345;386;394
1000128,1500149,1500150,bus,1,102576.2,1,service_links,437.36775040262137,16,999999,13.114475274441423,0,2.0,15999984,0.15,4,0,"LINESTRING (-122.337959 47.6097908, -122.3349 47.6064415)",w_bus_only;w_bus_metro;d_bus_only;d_bus_metro,Metro Transit,59,102576.2:1;23;26;31;46;59;64;68;77;97;236;248;255;267;279;285;301;306;313;321;328;345;386;394
1000129,1500150,1500151,bus,1,102576.2,1,service_links,284.8218497709719,16,999999,8.540385300478915,0,2.0,15999984,0.15,4,0,"LINESTRING (-122.3349 47.6064415, -122.332901 47.6042633)",w_bus_only;w_bus_metro;d_bus_only;d_bus_metro,Metro Transit,64,102576.2:1;23;26;31;46;59;64;68;77;97;236;248;255;267;279;285;301;306;313;321;328;345;386;394
1000130,1500151,1500129,bus,1,102576.2,1,service_links,343.9906780773084,16,999999,20639.440684638506,0,0.0,15999984,0.15,4,0,"LINESTRING (-122.332901 47.6042633, -122.336784 47.6026154)",w_bus_only;w_bus_metro;d_bus_only;d_bus_metro,Metro Transit,68,102576.2:1;23;26;31;46;59;64;68;77;97;236;248;255;267;279;285;301;306;313;321;328;345;386;394
1000131,1500129,1500130,bus,1,102576.2,1,service_links,437.89591536860064,16,999999,26.24750741470134,0,1.0,15999984,0.15,4,0,"LINESTRING (-122.336784 47.6026154, -122.33596 47.5987167)",w_bus_only;w_bus_metro;d_bus_only;d_bus_metro,Metro Transit,77,102576.2:1;23;26;31;46;59;64;68;77;97;236;248;255;267;279;285;301;306;313;321;328;345;386;394
1000132,1500130,1500131,bus,1,102576.2,1,service_links,4226.661436271558,16,999999,25.357432874341917,0,10.0,15999984,0.15,4,0,"LINESTRING (-122.33596 47.5987167, -122.37085 47.5688667)",w_bus_only;w_bus_metro;d_bus_only;d_bus_metro,Metro Transit,97,102576.2:1;23;26;31;46;59;64;68;77;97;236;248;255;267;279;285;301;306;313;321;328;345;386;394
1000133,1500131,1500142,bus,1,102576.2,1,service_links,723.3106883393447,16,999999,14.461393302352775,0,3.0,15999984,0.15,4,0,"LINESTRING (-122.37085 47.5688667, -122.376305 47.5635033)",w_bus_only;w_bus_metro;d_bus_only;d_bus_metro,Metro Transit,236,102576.2:1;23;26;31;46;59;64;68;77;97;236;248;255;267;279;285;301;306;313;321;328;345;386;394
1000134,1500142,1500147,bus,1,102576.2,1,service_links,409.5488998901187,16,999999,12.280326833286919,0,2.0,15999984,0.15,4,0,"LINESTRING (-122.376305 47.5635033, -122.380508 47.5611534)",w_bus_only;w_bus_metro;d_bus_only;d_bus_metro,Metro Transit,248,102576.2:1;23;26;31;46;59;64;68;77;97;236;248;255;267;279;285;301;306;313;321;328;345;386;394
1000135,1500147,1500132,bus,1,102576.2,1,service_links,515.8925226305416,16,999999,15.469041158337081,0,2.0,15999984,0.15,4,0,"LINESTRING (-122.380508 47.5611534, -122.387383 47.561203)",w_bus_only;w_bus_metro;d_bus_only;d_bus_metro,Metro Transit,255,102576.2:1;23;26;31;46;59;64;68;77;97;236;248;255;267;279;285;301;306;313;321;328;345;386;394
1000136,1500132,1500133,bus,1,102576.2,1,service_links,1049.1303337700967,16,999999,31.45818092264159,0,2.0,15999984,0.15,4,0,"LINESTRING (-122.387383 47.561203, -122.387146 47.5517693)",w_bus_only;w_bus_metro;d_bus_only;d_bus_metro,Metro Transit,267,102576.2:1;23;26;31;46;59;64;68;77;97;236;248;255;267;279;285;301;306;313;321;328;345;386;394
1000137,1500133,1500134,bus,1,102576.2,1,service_links,768.8018605774081,16,999999,23.05252955254597,0,2.0,15999984,0.15,4,0,"LINESTRING (-122.387146 47.5517693, -122.38768 47.5448647)",w_bus_only;w_bus_metro;d_bus_only;d_bus_metro,Metro Transit,279,102576.2:1;23;26;31;46;59;64;68;77;97;236;248;255;267;279;285;301;306;313;321;328;345;386;394
1000138,1500134,1500135,bus,1,102576.2,1,service_links,667.1124560495757,16,999999,20.003371995489527,0,2.0,15999984,0.15,4,0,"LINESTRING (-122.38768 47.5448647, -122.390984 47.5392952)",w_bus_only;w_bus_metro;d_bus_only;d_bus_metro,Metro Transit,285,102576.2:1;23;26;31;46;59;64;68;77;97;236;248;255;267;279;285;301;306;313;321;328;345;386;394
1000139,1500135,1500136,bus,1,102576.2,1,service_links,428.8383861640602,16,999999,25730.30316984361,0,0.0,15999984,0.15,4,0,"LINESTRING (-122.390984 47.5392952, -122.392723 47.5356216)",w_bus_only;w_bus_metro;d_bus_only;d_bus_metro,Metro Transit,301,102576.2:1;23;26;31;46;59;64;68;77;97;236;248;255;267;279;285;301;306;313;321;328;345;386;394
1000140,1500136,1500137,bus,1,102576.2,1,service_links,673.6334061404551,16,999999,20.19890273284723,0,2.0,15999984,0.15,4,0,"LINESTRING (-122.392723 47.5356216, -122.39283 47.5295639)",w_bus_only;w_bus_metro;d_bus_only;d_bus_metro,Metro Transit,306,102576.2:1;23;26;31;46;59;64;68;77;97;236;248;255;267;279;285;301;306;313;321;328;345;386;394
1000141,1500137,1500138,bus,1,102576.2,1,service_links,729.390854157196,16,999999,21.87079022960108,0,2.0,15999984,0.15,4,0,"LINESTRING (-122.39283 47.5295639, -122.393074 47.5230064)",w_bus_only;w_bus_metro;d_bus_only;d_bus_metro,Metro Transit,313,102576.2:1;23;26;31;46;59;64;68;77;97;236;248;255;267;279;285;301;306;313;321;328;345;386;394
1000142,1500138,1500139,bus,1,102576.2,1,service_links,282.65276476488134,16,999999,16959.16588589288,0,0.0,15999984,0.15,4,0,"LINESTRING (-122.393074 47.5230064, -122.390892 47.5209351)",w_bus_only;w_bus_metro;d_bus_only;d_bus_metro,Metro Transit,321,102576.2:1;23;26;31;46;59;64;68;77;97;236;248;255;267;279;285;301;306;313;321;328;345;386;394
1000143,1500139,1500146,bus,1,102576.2,1,service_links,287.2427617509287,16,999999,8.61297636434569,0,2.0,15999984,0.15,4,0,"LINESTRING (-122.390892 47.5209351, -122.387367 47.5219383)",w_bus_only;w_bus_metro;d_bus_only;d_bus_metro,Metro Transit,328,102576.2:1;23;26;31;46;59;64;68;77;97;236;248;255;267;279;285;301;306;313;321;328;345;386;394
1000144,1500146,1500140,bus,1,102576.2,1,service_links,833.2414006292724,16,999999,16.659274920945133,0,3.0,15999984,0.15,4,0,"LINESTRING (-122.387367 47.5219383, -122.376358 47.5209999)",w_bus_only;w_bus_metro;d_bus_only;d_bus_metro,Metro Transit,345,102576.2:1;23;26;31;46;59;64;68;77;97;236;248;255;267;279;285;301;306;313;321;328;345;386;394
1000145,1500140,1500141,bus,1,102576.2,1,service_links,676.0681535941728,16,999999,20.271908653498436,0,2.0,15999984,0.15,4,0,"LINESTRING (-122.376358 47.5209999, -122.367355 47.5209618)",w_bus_only;w_bus_metro;d_bus_only;d_bus_metro,Metro Transit,386,102576.2:1;23;26;31;46;59;64;68;77;97;236;248;255;267;279;285;301;306;313;321;328;345;386;394
1000146,1500172,1500173,bus,1,102581.1,1,service_links,1285.0552068587976,15,999999,25.692539957190224,0,3.0,14999985,0.15,4,0,"LINESTRING (-122.363472 47.7026215, -122.375755 47.6945457)",w_bus_only;w_bus_metro;d_bus_only;d_bus_metro,Metro Transit,1,102581.1:1;38;56;59;62;66;73;83;89;101;113;122;133;143;146;162;166;192;200;205;222;227;230;243;248;254;269
1000147,1500173,1500152,bus,1,102581.1,1,service_links,495.46735398525635,15,999999,29.698342896219167,0,1.0,14999985,0.15,4,0,"LINESTRING (-122.375755 47.6945457, -122.376915 47.6901588)",w_bus_only;w_bus_metro;d_bus_only;d_bus_metro,Metro Transit,38,102581.1:1;38;56;59;62;66;73;83;89;101;113;122;133;143;146;162;166;192;200;205;222;227;230;243;248;254;269
1000148,1500152,1500153,bus,1,102581.1,1,service_links,431.3821790964864,15,999999,25.85707367211707,0,1.0,14999985,0.15,4,0,"LINESTRING (-122.376915 47.6901588, -122.3769 47.6862793)",w_bus_only;w_bus_metro;d_bus_only;d_bus_metro,Metro Transit,56,102581.1:1;38;56;59;62;66;73;83;89;101;113;122;133;143;146;162;166;192;200;205;222;227;230;243;248;254;269
1000149,1500153,1500154,bus,1,102581.1,1,service_links,365.64276770233283,15,999999,21.916649412727246,0,1.0,14999985,0.15,4,0,"LINESTRING (-122.3769 47.6862793, -122.376892 47.682991)",w_bus_only;w_bus_metro;d_bus_only;d_bus_metro,Metro Transit,59,102581.1:1;38;56;59;62;66;73;83;89;101;113;122;133;143;146;162;166;192;200;205;222;227;230;243;248;254;269
1000150,1500154,1500155,bus,1,102581.1,1,service_links,460.6485913395684,15,999999,27.611304176197905,0,1.0,14999985,0.15,4,0,"LINESTRING (-122.376892 47.682991, -122.376877 47.6788483)",w_bus_only;w_bus_metro;d_bus_only;d_bus_metro,Metro Transit,62,102581.1:1;38;56;59;62;66;73;83;89;101;113;122;133;143;146;162;166;192;200;205;222;227;230;243;248;254;269
1000151,1500155,1500156,bus,1,102581.1,1,service_links,307.8640881957505,15,999999,18471.84529174503,0,0.0,14999985,0.15,4,0,"LINESTRING (-122.376877 47.6788483, -122.376686 47.6760826)",w_bus_only;w_bus_metro;d_bus_only;d_bus_metro,Metro Transit,66,102581.1:1;38;56;59;62;66;73;83;89;101;113;122;133;143;146;162;166;192;200;205;222;227;230;243;248;254;269
1000152,1500156,1500157,bus,1,102581.1,1,service_links,406.4713631875686,15,999999,12.188046872190963,0,2.0,14999985,0.15,4,0,"LINESTRING (-122.376686 47.6760826, -122.376312 47.6724358)",w_bus_only;w_bus_metro;d_bus_only;d_bus_metro,Metro Transit,73,102581.1:1;38;56;59;62;66;73;83;89;101;113;122;133;143;146;162;166;192;200;205;222;227;230;243;248;254;269
1000153,1500157,1500158,bus,1,102581.1,1,service_links,392.36241815829777,15,999999,23.51822686263523,0,1.0,14999985,0.15,4,0,"LINESTRING (-122.376312 47.6724358, -122.376312 47.6689072)",w_bus_only;w_bus_metro;d_bus_only;d_bus_metro,Metro Transit,83,102581.1:1;38;56;59;62;66;73;83;89;101;113;122;133;143;146;162;166;192;200;205;222;227;230;243;248;254;269
1000154,1500158,1500159,bus,1,102581.1,1,service_links,641.0510153146597,15,999999,38.42463628259699,0,1.0,14999985,0.15,4,0,"LINESTRING (-122.376312 47.6689072, -122.37648 47.6631432)",w_bus_only;w_bus_metro;d_bus_only;d_bus_metro,Metro Transit,89,102581.1:1;38;56;59;62;66;73;83;89;101;113;122;133;143;146;162;166;192;200;205;222;227;230;243;248;254;269
1000155,1500159,1500160,bus,1,102581.1,1,service_links,1082.987225789196,15,999999,21.652527006781657,0,3.0,14999985,0.15,4,0,"LINESTRING (-122.37648 47.6631432, -122.376328 47.6534042)",w_bus_only;w_bus_metro;d_bus_only;d_bus_metro,Metro Transit,101,102581.1:1;38;56;59;62;66;73;83;89;101;113;122;133;143;146;162;166;192;200;205;222;227;230;243;248;254;269
1000156,1500160,1500161,bus,1,102581.1,1,service_links,595.2587178048927,15,999999,35.679843225068495,0,1.0,14999985,0.15,4,0,"LINESTRING (-122.376328 47.6534042, -122.376877 47.6480637)",w_bus_only;w_bus_metro;d_bus_only;d_bus_metro,Metro Transit,113,102581.1:1;38;56;59;62;66;73;83;89;101;113;122;133;143;146;162;166;192;200;205;222;227;230;243;248;254;269
1000157,1500161,1500162,bus,1,102581.1,1,service_links,362.4677722766967,15,999999,21.726339996605198,0,1.0,14999985,0.15,4,0,"LINESTRING (-122.376877 47.6480637, -122.376328 47.644825)",w_bus_only;w_bus_metro;d_bus_only;d_bus_metro,Metro Transit,122,102581.1:1;38;56;59;62;66;73;83;89;101;113;122;133;143;146;162;166;192;200;205;222;227;230;243;248;254;269
1000158,1500162,1500163,bus,1,102581.1,1,service_links,516.2238386469993,15,999999,30.942487830988973,0,1.0,14999985,0.15,4,0,"LINESTRING (-122.376328 47.644825, -122.376312 47.6401825)",w_bus_only;w_bus_metro;d_bus_only;d_bus_metro,Metro Transit,133,102581.1:1;38;56;59;62;66;73;83;89;101;113;122;133;143;146;162;166;192;200;205;222;227;230;243;248;254;269
1000159,1500163,1500164,bus,1,102581.1,1,service_links,321.95421778385696,15,999999,19.2979551119195,0,1.0,14999985,0.15,4,0,"LINESTRING (-122.376312 47.6401825, -122.376305 47.6372871)",w_bus_only;w_bus_metro;d_bus_only;d_bus_metro,Metro Transit,143,102581.1:1;38;56;59;62;66;73;83;89;101;113;122;133;143;146;162;166;192;200;205;222;227;230;243;248;254;269
1000160,1500164,1500165,bus,1,102581.1,1,service_links,605.7055354649185,15,999999,36.30602610179332,0,1.0,14999985,0.15,4,0,"LINESTRING (-122.376305 47.6372871, -122.375305 47.6318817)",w_bus_only;w_bus_metro;d_bus_only;d_bus_metro,Metro Transit,146,102581.1:1;38;56;59;62;66;73;83;89;101;113;122;133;143;146;162;166;192;200;205;222;227;230;243;248;254;269
1000161,1500165,1500166,bus,1,102581.1,1,service_links,400.42822111360084,15,999999,24.001691575240812,0,1.0,14999985,0.15,4,0,"LINESTRING (-122.375305 47.6318817, -122.371849 47.6291351)",w_bus_only;w_bus_metro;d_bus_only;d_bus_metro,Metro Transit,162,102581.1:1;38;56;59;62;66;73;83;89;101;113;122;133;143;146;162;166;192;200;205;222;227;230;243;248;254;269
1000162,1500166,1500167,bus,1,102581.1,1,service_links,972.9417161045981,15,999999,19.452350205356844,0,3.0,14999985,0.15,4,0,"LINESTRING (-122.371849 47.6291351, -122.360809 47.6245308)",w_bus_only;w_bus_metro;d_bus_only;d_bus_metro,Metro Transit,166,102581.1:1;38;56;59;62;66;73;83;89;101;113;122;133;143;146;162;166;192;200;205;222;227;230;243;248;254;269
1000163,1500167,1500171,bus,1,102581.1,1,service_links,304.0613673178869,15,999999,18.225456582490725,0,1.0,14999985,0.15,4,0,"LINESTRING (-122.360809 47.6245308, -122.356812 47.6240616)",w_bus_only;w_bus_metro;d_bus_only;d_bus_metro,Metro Transit,192,102581.1:1;38;56;59;62;66;73;83;89;101;113;122;133;143;146;162;166;192;200;205;222;227;230;243;248;254;269
1000164,1500171,1500169,bus,1,102581.1,1,service_links,539.1361243281825,15,999999,16.166000729480736,0,2.0,14999985,0.15,4,0,"LINESTRING (-122.356812 47.6240616, -122.35685 47.6192131)",w_bus_only;w_bus_metro;d_bus_only;d_bus_metro,Metro Transit,200,102581.1:1;38;56;59;62;66;73;83;89;101;113;122;133;143;146;162;166;192;200;205;222;227;230;243;248;254;269
1000165,1500169,1500170,bus,1,102581.1,1,service_links,685.4723791103097,15,999999,13.704879289109824,0,3.0,14999985,0.15,4,0,"LINESTRING (-122.35685 47.6192131, -122.34845 47.6167755)",w_bus_only;w_bus_metro;d_bus_only;d_bus_metro,Metro Transit,205,102581.1:1;38;56;59;62;66;73;83;89;101;113;122;133;143;146;162;166;192;200;205;222;227;230;243;248;254;269
1000166,1500170,1500174,bus,1,102581.1,1,service_links,417.1304961626965,15,999999,12.507661054353719,0,2.0,14999985,0.15,4,0,"LINESTRING (-122.34845 47.6167755, -122.344269 47.6142998)",w_bus_only;w_bus_metro;d_bus_only;d_bus_metro,Metro Transit,222,102581.1:1;38;56;59;62;66;73;83;89;101;113;122;133;143;146;162;166;192;200;205;222;227;230;243;248;254;269
1000167,1500174,1500175,bus,1,102581.1,1,service_links,314.5195664949835,15,999999,18.852321668030985,0,1.0,14999985,0.15,4,0,"LINESTRING (-122.344269 47.6142998, -122.34111 47.6124382)",w_bus_only;w_bus_metro;d_bus_only;d_bus_metro,Metro Transit,227,102581.1:1;38;56;59;62;66;73;83;89;101;113;122;133;143;146;162;166;192;200;205;222;227;230;243;248;254;269
1000168,1500175,1500176,bus,1,102581.1,1,service_links,377.42894385452826,15,999999,11.317209710780457,0,2.0,14999985,0.15,4,0,"LINESTRING (-122.34111 47.6124382, -122.337959 47.6097908)",w_bus_only;w_bus_metro;d_bus_only;d_bus_metro,Metro Transit,230,102581.1:1;38;56;59;62;66;73;83;89;101;113;122;133;143;146;162;166;192;200;205;222;227;230;243;248;254;269
1000169,1500176,1500177,bus,1,102581.1,1,service_links,437.36775040262137,15,999999,13.114475274441423,0,2.0,14999985,0.15,4,0,"LINESTRING (-122.337959 47.6097908, -122.3349 47.6064415)",w_bus_only;w_bus_metro;d_bus_only;d_bus_metro,Metro Transit,243,102581.1:1;38;56;59;62;66;73;83;89;101;113;122;133;143;146;162;166;192;200;205;222;227;230;243;248;254;269
1000170,1500177,1500178,bus,1,102581.1,1,service_links,374.08088374933914,15,999999,7.479124633442302,0,3.0,14999985,0.15,4,0,"LINESTRING (-122.3349 47.6064415, -122.332275 47.6035805)",w_bus_only;w_bus_metro;d_bus_only;d_bus_metro,Metro Transit,248,102581.1:1;38;56;59;62;66;73;83;89;101;113;122;133;143;146;162;166;192;200;205;222;227;230;243;248;254;269
1000171,1500178,1500168,bus,1,102581.1,1,service_links,346.29146844852625,15,999999,6.9235215284610385,0,3.0,14999985,0.15,4,0,"LINESTRING (-122.332275 47.6035805, -122.328255 47.602047)",w_bus_only;w_bus_metro;d_bus_only;d_bus_metro,Metro Transit,254,102581.1:1;38;56;59;62;66;73;83;89;101;113;122;133;143;146;162;166;192;200;205;222;227;230;243;248;254;269
1000172,1500195,1500202,bus,1,102581.2,1,service_links,332.2546179960315,18,999999,19.915361718043847,0,1.0,17999982,0.15,4,0,"LINESTRING (-122.329941 47.6016579, -122.332504 47.6040955)",w_bus_only;w_bus_metro;d_bus_only;d_bus_metro,Metro Transit,1,102581.2:1;11;16;20;34;38;42;62;69;73;81;107;111;127;131;140;149;156;167;178;184;199;203;207;210;213;232;270
1000173,1500202,1500203,bus,1,102581.2,1,service_links,386.4048089680344,18,999999,11.586351093494283,0,2.0,17999982,0.15,4,0,"LINESTRING (-122.332504 47.6040955, -122.335213 47.6070518)",w_bus_only;w_bus_metro;d_bus_only;d_bus_metro,Metro Transit,11,102581.2:1;11;16;20;34;38;42;62;69;73;81;107;111;127;131;140;149;156;167;178;184;199;203;207;210;213;232;270
1000174,1500203,1500204,bus,1,102581.2,1,service_links,338.48847813220993,18,999999,10.149579554189204,0,2.0,17999982,0.15,4,0,"LINESTRING (-122.335213 47.6070518, -122.337585 47.609642)",w_bus_only;w_bus_metro;d_bus_only;d_bus_metro,Metro Transit,16,102581.2:1;11;16;20;34;38;42;62;69;73;81;107;111;127;131;140;149;156;167;178;184;199;203;207;210;213;232;270
1000175,1500204,1500205,bus,1,102581.2,1,service_links,485.9725724123166,18,999999,14.571891226756122,0,2.0,17999982,0.15,4,0,"LINESTRING (-122.337585 47.609642, -122.341743 47.6129951)",w_bus_only;w_bus_metro;d_bus_only;d_bus_metro,Metro Transit,20,102581.2:1;11;16;20;34;38;42;62;69;73;81;107;111;127;131;140;149;156;167;178;184;199;203;207;210;213;232;270
1000176,1500205,1500206,bus,1,102581.2,1,service_links,358.3288889619695,18,999999,21.478255082635535,0,1.0,17999982,0.15,4,0,"LINESTRING (-122.341743 47.6129951, -122.345337 47.6151199)",w_bus_only;w_bus_metro;d_bus_only;d_bus_metro,Metro Transit,34,102581.2:1;11;16;20;34;38;42;62;69;73;81;107;111;127;131;140;149;156;167;178;184;199;203;207;210;213;232;270
1000177,1500206,1500196,bus,1,102581.2,1,service_links,310.2388452910822,18,999999,9.302514101681625,0,2.0,17999982,0.15,4,0,"LINESTRING (-122.345337 47.6151199, -122.34845 47.6169586)",w_bus_only;w_bus_metro;d_bus_only;d_bus_metro,Metro Transit,38,102581.2:1;11;16;20;34;38;42;62;69;73;81;107;111;127;131;140;149;156;167;178;184;199;203;207;210;213;232;270
1000178,1500196,1500197,bus,1,102581.2,1,service_links,571.0006908029144,18,999999,17.121459994090387,0,2.0,17999982,0.15,4,0,"LINESTRING (-122.34845 47.6169586, -122.355362 47.6191177)",w_bus_only;w_bus_metro;d_bus_only;d_bus_metro,Metro Transit,42,102581.2:1;11;16;20;34;38;42;62;69;73;81;107;111;127;131;140;149;156;167;178;184;199;203;207;210;213;232;270
1000179,1500197,1500198,bus,1,102581.2,1,service_links,445.4089919952601,18,999999,13.355591963875867,0,2.0,17999982,0.15,4,0,"LINESTRING (-122.355362 47.6191177, -122.355309 47.6231232)",w_bus_only;w_bus_metro;d_bus_only;d_bus_metro,Metro Transit,62,102581.2:1;11;16;20;34;38;42;62;69;73;81;107;111;127;131;140;149;156;167;178;184;199;203;207;210;213;232;270
1000180,1500198,1500199,bus,1,102581.2,1,service_links,193.55369724803967,18,999999,5.803709062909735,0,2.0,17999982,0.15,4,0,"LINESTRING (-122.355309 47.6231232, -122.356552 47.624649)",w_bus_only;w_bus_metro;d_bus_only;d_bus_metro,Metro Transit,69,102581.2:1;11;16;20;34;38;42;62;69;73;81;107;111;127;131;140;149;156;167;178;184;199;203;207;210;213;232;270
1000181,1500199,1500179,bus,1,102581.2,1,service_links,344.8223137025229,18,999999,20689.338822151374,0,0.0,17999982,0.15,4,0,"LINESTRING (-122.356552 47.624649, -122.361153 47.6246681)",w_bus_only;w_bus_metro;d_bus_only;d_bus_metro,Metro Transit,73,102581.2:1;11;16;20;34;38;42;62;69;73;81;107;111;127;131;140;149;156;167;178;184;199;203;207;210;213;232;270
1000182,1500179,1500180,bus,1,102581.2,1,service_links,908.1481048169326,18,999999,18.15690979307429,0,3.0,17999982,0.15,4,0,"LINESTRING (-122.361153 47.6246681, -122.371414 47.6290131)",w_bus_only;w_bus_metro;d_bus_only;d_bus_metro,Metro Transit,81,102581.2:1;11;16;20;34;38;42;62;69;73;81;107;111;127;131;140;149;156;167;178;184;199;203;207;210;213;232;270
1000183,1500180,1500181,bus,1,102581.2,1,service_links,448.92262158583804,18,999999,26.908448846303983,0,1.0,17999982,0.15,4,0,"LINESTRING (-122.371414 47.6290131, -122.37529 47.6320915)",w_bus_only;w_bus_metro;d_bus_only;d_bus_metro,Metro Transit,107,102581.2:1;11;16;20;34;38;42;62;69;73;81;107;111;127;131;140;149;156;167;178;184;199;203;207;210;213;232;270
1000184,1500181,1500182,bus,1,102581.2,1,service_links,558.9709976827721,18,999999,33.504755105860475,0,1.0,17999982,0.15,4,0,"LINESTRING (-122.37529 47.6320915, -122.376099 47.6370888)",w_bus_only;w_bus_metro;d_bus_only;d_bus_metro,Metro Transit,111,102581.2:1;11;16;20;34;38;42;62;69;73;81;107;111;127;131;140;149;156;167;178;184;199;203;207;210;213;232;270
1000185,1500182,1500183,bus,1,102581.2,1,service_links,426.2894717034941,18,999999,25.551816485723922,0,1.0,17999982,0.15,4,0,"LINESTRING (-122.376099 47.6370888, -122.376114 47.6409225)",w_bus_only;w_bus_metro;d_bus_only;d_bus_metro,Metro Transit,127,102581.2:1;11;16;20;34;38;42;62;69;73;81;107;111;127;131;140;149;156;167;178;184;199;203;207;210;213;232;270
1000186,1500183,1500184,bus,1,102581.2,1,service_links,446.23676260280473,18,999999,26.747458297870416,0,1.0,17999982,0.15,4,0,"LINESTRING (-122.376114 47.6409225, -122.376122 47.6449356)",w_bus_only;w_bus_metro;d_bus_only;d_bus_metro,Metro Transit,131,102581.2:1;11;16;20;34;38;42;62;69;73;81;107;111;127;131;140;149;156;167;178;184;199;203;207;210;213;232;270
1000187,1500184,1500185,bus,1,102581.2,1,service_links,470.02299180552825,18,999999,28.17320630202967,0,1.0,17999982,0.15,4,0,"LINESTRING (-122.376122 47.6449356, -122.376045 47.6491623)",w_bus_only;w_bus_metro;d_bus_only;d_bus_metro,Metro Transit,140,102581.2:1;11;16;20;34;38;42;62;69;73;81;107;111;127;131;140;149;156;167;178;184;199;203;207;210;213;232;270
1000188,1500185,1500186,bus,1,102581.2,1,service_links,531.5208047784283,18,999999,15.937655315695002,0,2.0,17999982,0.15,4,0,"LINESTRING (-122.376045 47.6491623, -122.376122 47.6539421)",w_bus_only;w_bus_metro;d_bus_only;d_bus_metro,Metro Transit,149,102581.2:1;11;16;20;34;38;42;62;69;73;81;107;111;127;131;140;149;156;167;178;184;199;203;207;210;213;232;270
1000189,1500186,1500187,bus,1,102581.2,1,service_links,1055.8294400856823,18,999999,31.6590536757326,0,2.0,17999982,0.15,4,0,"LINESTRING (-122.376122 47.6539421, -122.375977 47.6634369)",w_bus_only;w_bus_metro;d_bus_only;d_bus_metro,Metro Transit,156,102581.2:1;11;16;20;34;38;42;62;69;73;81;107;111;127;131;140;149;156;167;178;184;199;203;207;210;213;232;270
1000190,1500187,1500188,bus,1,102581.2,1,service_links,560.8498541806397,18,999999,16.817087081878253,0,2.0,17999982,0.15,4,0,"LINESTRING (-122.375977 47.6634369, -122.376114 47.6684799)",w_bus_only;w_bus_metro;d_bus_only;d_bus_metro,Metro Transit,167,102581.2:1;11;16;20;34;38;42;62;69;73;81;107;111;127;131;140;149;156;167;178;184;199;203;207;210;213;232;270
1000191,1500188,1500189,bus,1,102581.2,1,service_links,424.17528667094314,18,999999,25.425092108148444,0,1.0,17999982,0.15,4,0,"LINESTRING (-122.376114 47.6684799, -122.376114 47.6722946)",w_bus_only;w_bus_metro;d_bus_only;d_bus_metro,Metro Transit,178,102581.2:1;11;16;20;34;38;42;62;69;73;81;107;111;127;131;140;149;156;167;178;184;199;203;207;210;213;232;270
1000192,1500189,1500190,bus,1,102581.2,1,service_links,509.44809028826165,18,999999,30.536349068227477,0,1.0,17999982,0.15,4,0,"LINESTRING (-122.376114 47.6722946, -122.376671 47.6768608)",w_bus_only;w_bus_metro;d_bus_only;d_bus_metro,Metro Transit,184,102581.2:1;11;16;20;34;38;42;62;69;73;81;107;111;127;131;140;149;156;167;178;184;199;203;207;210;213;232;270
1000193,1500190,1500191,bus,1,102581.2,1,service_links,335.0970309363452,18,999999,20.085736120060655,0,1.0,17999982,0.15,4,0,"LINESTRING (-122.376671 47.6768608, -122.376671 47.6798744)",w_bus_only;w_bus_metro;d_bus_only;d_bus_metro,Metro Transit,199,102581.2:1;11;16;20;34;38;42;62;69;73;81;107;111;127;131;140;149;156;167;178;184;199;203;207;210;213;232;270
1000194,1500191,1500192,bus,1,102581.2,1,service_links,404.2395960041896,18,999999,24.23014561463674,0,1.0,17999982,0.15,4,0,"LINESTRING (-122.376671 47.6798744, -122.376686 47.6835098)",w_bus_only;w_bus_metro;d_bus_only;d_bus_metro,Metro Transit,203,102581.2:1;11;16;20;34;38;42;62;69;73;81;107;111;127;131;140;149;156;167;178;184;199;203;207;210;213;232;270
1000195,1500192,1500193,bus,1,102581.2,1,service_links,402.5494394499087,18,999999,24.12883752946506,0,1.0,17999982,0.15,4,0,"LINESTRING (-122.376686 47.6835098, -122.376701 47.68713)",w_bus_only;w_bus_metro;d_bus_only;d_bus_metro,Metro Transit,207,102581.2:1;11;16;20;34;38;42;62;69;73;81;107;111;127;131;140;149;156;167;178;184;199;203;207;210;213;232;270
1000196,1500193,1500194,bus,1,102581.2,1,service_links,425.44333024679463,18,999999,12.756921446680499,0,2.0,17999982,0.15,4,0,"LINESTRING (-122.376701 47.68713, -122.376709 47.6909561)",w_bus_only;w_bus_metro;d_bus_only;d_bus_metro,Metro Transit,210,102581.2:1;11;16;20;34;38;42;62;69;73;81;107;111;127;131;140;149;156;167;178;184;199;203;207;210;213;232;270
1000197,1500194,1500201,bus,1,102581.2,1,service_links,435.2093783468545,18,999999,26112.56270081127,0,0.0,17999982,0.15,4,0,"LINESTRING (-122.376709 47.6909561, -122.37529 47.6947517)",w_bus_only;w_bus_metro;d_bus_only;d_bus_metro,Metro Transit,213,102581.2:1;11;16;20;34;38;42;62;69;73;81;107;111;127;131;140;149;156;167;178;184;199;203;207;210;213;232;270
1000198,1500201,1500200,bus,1,102581.2,1,service_links,1244.1796872025686,18,999999,18.658030800338445,0,4.0,17999982,0.15,4,0,"LINESTRING (-122.37529 47.6947517, -122.363472 47.7026215)",w_bus_only;w_bus_metro;d_bus_only;d_bus_metro,Metro Transit,232,102581.2:1;11;16;20;34;38;42;62;69;73;81;107;111;127;131;140;149;156;167;178;184;199;203;207;210;213;232;270
1000199,1500208,1500233,bus,1,102615.1,1,service_links,289.35635773324475,21,999999,17361.381463994687,0,0.0,20999979,0.15,4,0,"LINESTRING (-122.342407 47.7742424, -122.346207 47.7737427)",w_bus_only;w_bus_metro;d_bus_only;d_bus_metro,Metro Transit,1,102615.1:1;6;13;22;32;40;48;56;66;73;75;84;92;96;102;109;117;123;130;138;149;155;159;217;239;275;295;329;337;345;348;361;366;372;382
1000200,1500233,1500234,bus,1,102615.1,1,service_links,727.0808836535604,21,999999,21.801525746733446,0,2.0,20999979,0.15,4,0,"LINESTRING (-122.346207 47.7737427, -122.3461 47.7672043)",w_bus_only;w_bus_metro;d_bus_only;d_bus_metro,Metro Transit,6,102615.1:1;6;13;22;32;40;48;56;66;73;75;84;92;96;102;109;117;123;130;138;149;155;159;217;239;275;295;329;337;345;348;361;366;372;382
1000201,1500234,1500235,bus,1,102615.1,1,service_links,484.45026295978073,21,999999,29.037977799787058,0,1.0,20999979,0.15,4,0,"LINESTRING (-122.3461 47.7672043, -122.346184 47.7628479)",w_bus_only;w_bus_metro;d_bus_only;d_bus_metro,Metro Transit,13,102615.1:1;6;13;22;32;40;48;56;66;73;75;84;92;96;102;109;117;123;130;138;149;155;159;217;239;275;295;329;337;345;348;361;366;372;382
1000202,1500235,1500236,bus,1,102615.1,1,service_links,378.3837163610993,21,999999,22.680342639026936,0,1.0,20999979,0.15,4,0,"LINESTRING (-122.346184 47.7628479, -122.346237 47.7594452)",w_bus_only;w_bus_metro;d_bus_only;d_bus_metro,Metro Transit,22,102615.1:1;6;13;22;32;40;48;56;66;73;75;84;92;96;102;109;117;123;130;138;149;155;159;217;239;275;295;329;337;345;348;361;366;372;382
1000203,1500236,1500237,bus,1,102615.1,1,service_links,461.95967987520635,21,999999,27717.58079251238,0,0.0,20999979,0.15,4,0,"LINESTRING (-122.346237 47.7594452, -122.345856 47.7552986)",w_bus_only;w_bus_metro;d_bus_only;d_bus_metro,Metro Transit,32,102615.1:1;6;13;22;32;40;48;56;66;73;75;84;92;96;102;109;117;123;130;138;149;155;159;217;239;275;295;329;337;345;348;361;366;372;382
1000204,1500237,1500238,bus,1,102615.1,1,service_links,363.620102418792,21,999999,21.79541073439313,0,1.0,20999979,0.15,4,0,"LINESTRING (-122.345856 47.7552986, -122.345741 47.7520294)",w_bus_only;w_bus_metro;d_bus_only;d_bus_metro,Metro Transit,40,102615.1:1;6;13;22;32;40;48;56;66;73;75;84;92;96;102;109;117;123;130;138;149;155;159;217;239;275;295;329;337;345;348;361;366;372;382
1000205,1500238,1500239,bus,1,102615.1,1,service_links,408.4937818065751,21,999999,24.48514176662788,0,1.0,20999979,0.15,4,0,"LINESTRING (-122.345741 47.7520294, -122.345688 47.7483559)",w_bus_only;w_bus_metro;d_bus_only;d_bus_metro,Metro Transit,48,102615.1:1;6;13;22;32;40;48;56;66;73;75;84;92;96;102;109;117;123;130;138;149;155;159;217;239;275;295;329;337;345;348;361;366;372;382
1000206,1500239,1500240,bus,1,102615.1,1,service_links,407.6505024424828,21,999999,24.434595550997972,0,1.0,20999979,0.15,4,0,"LINESTRING (-122.345688 47.7483559, -122.34565 47.7446899)",w_bus_only;w_bus_metro;d_bus_only;d_bus_metro,Metro Transit,56,102615.1:1;6;13;22;32;40;48;56;66;73;75;84;92;96;102;109;117;123;130;138;149;155;159;217;239;275;295;329;337;345;348;361;366;372;382
1000207,1500240,1500241,bus,1,102615.1,1,service_links,423.05126346703815,21,999999,25.35771808993236,0,1.0,20999979,0.15,4,0,"LINESTRING (-122.34565 47.7446899, -122.345497 47.7408867)",w_bus_only;w_bus_metro;d_bus_only;d_bus_metro,Metro Transit,66,102615.1:1;6;13;22;32;40;48;56;66;73;75;84;92;96;102;109;117;123;130;138;149;155;159;217;239;275;295;329;337;345;348;361;366;372;382
1000208,1500241,1500242,bus,1,102615.1,1,service_links,245.22798117511886,21,999999,14713.678870507132,0,0.0,20999979,0.15,4,0,"LINESTRING (-122.345497 47.7408867, -122.345428 47.7386818)",w_bus_only;w_bus_metro;d_bus_only;d_bus_metro,Metro Transit,73,102615.1:1;6;13;22;32;40;48;56;66;73;75;84;92;96;102;109;117;123;130;138;149;155;159;217;239;275;295;329;337;345;348;361;366;372;382
1000209,1500242,1500218,bus,1,102615.1,1,service_links,568.5210354561952,21,999999,17.047107509930893,0,2.0,20999979,0.15,4,0,"LINESTRING (-122.345428 47.7386818, -122.345268 47.7335701)",w_bus_only;w_bus_metro;d_bus_only;d_bus_metro,Metro Transit,75,102615.1:1;6;13;22;32;40;48;56;66;73;75;84;92;96;102;109;117;123;130;138;149;155;159;217;239;275;295;329;337;345;348;361;366;372;382
1000210,1500218,1500219,bus,1,102615.1,1,service_links,794.1535000611188,21,999999,47.60160839527186,0,1.0,20999979,0.15,4,0,"LINESTRING (-122.345268 47.7335701, -122.3451 47.726429)",w_bus_only;w_bus_metro;d_bus_only;d_bus_metro,Metro Transit,84,102615.1:1;6;13;22;32;40;48;56;66;73;75;84;92;96;102;109;117;123;130;138;149;155;159;217;239;275;295;329;337;345;348;361;366;372;382
1000211,1500219,1500220,bus,1,102615.1,1,service_links,385.583039224604,21,999999,23.11187048299325,0,1.0,20999979,0.15,4,0,"LINESTRING (-122.3451 47.726429, -122.345078 47.7229614)",w_bus_only;w_bus_metro;d_bus_only;d_bus_metro,Metro Transit,92,102615.1:1;6;13;22;32;40;48;56;66;73;75;84;92;96;102;109;117;123;130;138;149;155;159;217;239;275;295;329;337;345;348;361;366;372;382
1000212,1500220,1500221,bus,1,102615.1,1,service_links,340.1976621985726,21,999999,20.391468263650705,0,1.0,20999979,0.15,4,0,"LINESTRING (-122.345078 47.7229614, -122.345047 47.719902)",w_bus_only;w_bus_metro;d_bus_only;d_bus_metro,Metro Transit,96,102615.1:1;6;13;22;32;40;48;56;66;73;75;84;92;96;102;109;117;123;130;138;149;155;159;217;239;275;295;329;337;345;348;361;366;372;382
1000213,1500221,1500222,bus,1,102615.1,1,service_links,881.4906520054997,21,999999,26.431503808260864,0,2.0,20999979,0.15,4,0,"LINESTRING (-122.345047 47.719902, -122.34491 47.7119751)",w_bus_only;w_bus_metro;d_bus_only;d_bus_metro,Metro Transit,102,102615.1:1;6;13;22;32;40;48;56;66;73;75;84;92;96;102;109;117;123;130;138;149;155;159;217;239;275;295;329;337;345;348;361;366;372;382
1000214,1500222,1500223,bus,1,102615.1,1,service_links,816.125165977947,21,999999,24.471519219728545,0,2.0,20999979,0.15,4,0,"LINESTRING (-122.34491 47.7119751, -122.344856 47.7046356)",w_bus_only;w_bus_metro;d_bus_only;d_bus_metro,Metro Transit,109,102615.1:1;6;13;22;32;40;48;56;66;73;75;84;92;96;102;109;117;123;130;138;149;155;159;217;239;275;295;329;337;345;348;361;366;372;382
1000215,1500223,1500224,bus,1,102615.1,1,service_links,394.49014025661387,21,999999,23.64576265274409,0,1.0,20999979,0.15,4,0,"LINESTRING (-122.344856 47.7046356, -122.34481 47.701088)",w_bus_only;w_bus_metro;d_bus_only;d_bus_metro,Metro Transit,117,102615.1:1;6;13;22;32;40;48;56;66;73;75;84;92;96;102;109;117;123;130;138;149;155;159;217;239;275;295;329;337;345;348;361;366;372;382
1000216,1500224,1500225,bus,1,102615.1,1,service_links,399.657703267684,21,999999,23.95550668937167,0,1.0,20999979,0.15,4,0,"LINESTRING (-122.34481 47.701088, -122.344704 47.6974945)",w_bus_only;w_bus_metro;d_bus_only;d_bus_metro,Metro Transit,123,102615.1:1;6;13;22;32;40;48;56;66;73;75;84;92;96;102;109;117;123;130;138;149;155;159;217;239;275;295;329;337;345;348;361;366;372;382
1000217,1500225,1500226,bus,1,102615.1,1,service_links,392.79137601879586,21,999999,23.54393862250525,0,1.0,20999979,0.15,4,0,"LINESTRING (-122.344704 47.6974945, -122.344734 47.6939621)",w_bus_only;w_bus_metro;d_bus_only;d_bus_metro,Metro Transit,130,102615.1:1;6;13;22;32;40;48;56;66;73;75;84;92;96;102;109;117;123;130;138;149;155;159;217;239;275;295;329;337;345;348;361;366;372;382
1000218,1500226,1500227,bus,1,102615.1,1,service_links,454.3041922570474,21,999999,13.622314610406221,0,2.0,20999979,0.15,4,0,"LINESTRING (-122.344734 47.6939621, -122.344681 47.6898766)",w_bus_only;w_bus_metro;d_bus_only;d_bus_metro,Metro Transit,138,102615.1:1;6;13;22;32;40;48;56;66;73;75;84;92;96;102;109;117;123;130;138;149;155;159;217;239;275;295;329;337;345;348;361;366;372;382
1000219,1500227,1500228,bus,1,102615.1,1,service_links,356.3147919540277,21,999999,21378.887517241663,0,0.0,20999979,0.15,4,0,"LINESTRING (-122.344681 47.6898766, -122.344666 47.6866722)",w_bus_only;w_bus_metro;d_bus_only;d_bus_metro,Metro Transit,149,102615.1:1;6;13;22;32;40;48;56;66;73;75;84;92;96;102;109;117;123;130;138;149;155;159;217;239;275;295;329;337;345;348;361;366;372;382
1000220,1500228,1500229,bus,1,102615.1,1,service_links,280.3805656680804,21,999999,16.806027912172652,0,1.0,20999979,0.15,4,0,"LINESTRING (-122.344666 47.6866722, -122.34465 47.6841507)",w_bus_only;w_bus_metro;d_bus_only;d_bus_metro,Metro Transit,155,102615.1:1;6;13;22;32;40;48;56;66;73;75;84;92;96;102;109;117;123;130;138;149;155;159;217;239;275;295;329;337;345;348;361;366;372;382
1000221,1500229,1500230,bus,1,102615.1,1,service_links,913.4641056756393,21,999999,18.263194382052102,0,3.0,20999979,0.15,4,0,"LINESTRING (-122.34465 47.6841507, -122.346947 47.6760826)",w_bus_only;w_bus_metro;d_bus_only;d_bus_metro,Metro Transit,159,102615.1:1;6;13;22;32;40;48;56;66;73;75;84;92;96;102;109;117;123;130;138;149;155;159;217;239;275;295;329;337;345;348;361;366;372;382
1000222,1500230,1500232,bus,1,102615.1,1,service_links,1603.0421084353895,21,999999,32.05015878244698,0,3.0,20999979,0.15,4,0,"LINESTRING (-122.346947 47.6760826, -122.347488 47.6616707)",w_bus_only;w_bus_metro;d_bus_only;d_bus_metro,Metro Transit,217,102615.1:1;6;13;22;32;40;48;56;66;73;75;84;92;96;102;109;117;123;130;138;149;155;159;217;239;275;295;329;337;345;348;361;366;372;382
1000223,1500232,1500215,bus,1,102615.1,1,service_links,2535.0170196241515,21,999999,30.414121411207574,0,5.0,20999979,0.15,4,0,"LINESTRING (-122.347488 47.6616707, -122.345596 47.6389084)",w_bus_only;w_bus_metro;d_bus_only;d_bus_metro,Metro Transit,239,102615.1:1;6;13;22;32;40;48;56;66;73;75;84;92;96;102;109;117;123;130;138;149;155;159;217;239;275;295;329;337;345;348;361;366;372;382
1000224,1500215,1500216,bus,1,102615.1,1,service_links,763.3435658809141,21,999999,22.888862545154847,0,2.0,20999979,0.15,4,0,"LINESTRING (-122.345596 47.6389084, -122.343666 47.6321678)",w_bus_only;w_bus_metro;d_bus_only;d_bus_metro,Metro Transit,275,102615.1:1;6;13;22;32;40;48;56;66;73;75;84;92;96;102;109;117;123;130;138;149;155;159;217;239;275;295;329;337;345;348;361;366;372;382
1000225,1500216,1500217,bus,1,102615.1,1,service_links,1235.6906577984762,21,999999,24.705577963315083,0,3.0,20999979,0.15,4,0,"LINESTRING (-122.343666 47.6321678, -122.343842 47.6210556)",w_bus_only;w_bus_metro;d_bus_only;d_bus_metro,Metro Transit,295,102615.1:1;6;13;22;32;40;48;56;66;73;75;84;92;96;102;109;117;123;130;138;149;155;159;217;239;275;295;329;337;345;348;361;366;372;382
1000226,1500217,1500231,bus,1,102615.1,1,service_links,409.11663384500645,21,999999,24.522475555145245,0,1.0,20999979,0.15,4,0,"LINESTRING (-122.343842 47.6210556, -122.345268 47.6175041)",w_bus_only;w_bus_metro;d_bus_only;d_bus_metro,Metro Transit,329,102615.1:1;6;13;22;32;40;48;56;66;73;75;84;92;96;102;109;117;123;130;138;149;155;159;217;239;275;295;329;337;345;348;361;366;372;382
1000227,1500231,1500209,bus,1,102615.1,1,service_links,364.08549664211546,21,999999,21.823306492034895,0,1.0,20999979,0.15,4,0,"LINESTRING (-122.345268 47.6175041, -122.344269 47.6142998)",w_bus_only;w_bus_metro;d_bus_only;d_bus_metro,Metro Transit,337,102615.1:1;6;13;22;32;40;48;56;66;73;75;84;92;96;102;109;117;123;130;138;149;155;159;217;239;275;295;329;337;345;348;361;366;372;382
1000228,1500209,1500210,bus,1,102615.1,1,service_links,314.5195664949835,21,999999,18.852321668030985,0,1.0,20999979,0.15,4,0,"LINESTRING (-122.344269 47.6142998, -122.34111 47.6124382)",w_bus_only;w_bus_metro;d_bus_only;d_bus_metro,Metro Transit,345,102615.1:1;6;13;22;32;40;48;56;66;73;75;84;92;96;102;109;117;123;130;138;149;155;159;217;239;275;295;329;337;345;348;361;366;372;382
1000229,1500210,1500211,bus,1,102615.1,1,service_links,377.42894385452826,21,999999,22.623113517753943,0,1.0,20999979,0.15,4,0,"LINESTRING (-122.34111 47.6124382, -122.337959 47.6097908)",w_bus_only;w_bus_metro;d_bus_only;d_bus_metro,Metro Transit,348,102615.1:1;6;13;22;32;40;48;56;66;73;75;84;92;96;102;109;117;123;130;138;149;155;159;217;239;275;295;329;337;345;348;361;366;372;382
1000230,1500211,1500212,bus,1,102615.1,1,service_links,437.36775040262137,21,999999,13.114475274441423,0,2.0,20999979,0.15,4,0,"LINESTRING (-122.337959 47.6097908, -122.3349 47.6064415)",w_bus_only;w_bus_metro;d_bus_only;d_bus_metro,Metro Transit,361,102615.1:1;6;13;22;32;40;48;56;66;73;75;84;92;96;102;109;117;123;130;138;149;155;159;217;239;275;295;329;337;345;348;361;366;372;382
1000231,1500212,1500213,bus,1,102615.1,1,service_links,374.08088374933914,21,999999,11.21681810342846,0,2.0,20999979,0.15,4,0,"LINESTRING (-122.3349 47.6064415, -122.332275 47.6035805)",w_bus_only;w_bus_metro;d_bus_only;d_bus_metro,Metro Transit,366,102615.1:1;6;13;22;32;40;48;56;66;73;75;84;92;96;102;109;117;123;130;138;149;155;159;217;239;275;295;329;337;345;348;361;366;372;382
1000232,1500213,1500207,bus,1,102615.1,1,service_links,361.8979906131599,21,999999,7.235547962942218,0,3.0,20999979,0.15,4,0,"LINESTRING (-122.332275 47.6035805, -122.329758 47.6008034)",w_bus_only;w_bus_metro;d_bus_only;d_bus_metro,Metro Transit,372,102615.1:1;6;13;22;32;40;48;56;66;73;75;84;92;96;102;109;117;123;130;138;149;155;159;217;239;275;295;329;337;345;348;361;366;372;382
1000233,1500244,1500245,bus,1,102615.2,1,service_links,332.2546179960315,15,999999,19.915361718043847,0,1.0,14999985,0.15,4,0,"LINESTRING (-122.329941 47.6016579, -122.332504 47.6040955)",w_bus_only;w_bus_metro;d_bus_only;d_bus_metro,Metro Transit,1,102615.2:1;11;16;20;34;38;48;57;98;123;163;196;214;229;235;241;252;260;267;273;281;286;294;298;309;318;320;324;330;337;345;354;362;372;380;393
1000234,1500245,1500246,bus,1,102615.2,1,service_links,386.4048089680344,15,999999,11.586351093494283,0,2.0,14999985,0.15,4,0,"LINESTRING (-122.332504 47.6040955, -122.335213 47.6070518)",w_bus_only;w_bus_metro;d_bus_only;d_bus_metro,Metro Transit,11,102615.2:1;11;16;20;34;38;48;57;98;123;163;196;214;229;235;241;252;260;267;273;281;286;294;298;309;318;320;324;330;337;345;354;362;372;380;393
1000235,1500246,1500247,bus,1,102615.2,1,service_links,338.48847813220993,15,999999,10.149579554189204,0,2.0,14999985,0.15,4,0,"LINESTRING (-122.335213 47.6070518, -122.337585 47.609642)",w_bus_only;w_bus_metro;d_bus_only;d_bus_metro,Metro Transit,16,102615.2:1;11;16;20;34;38;48;57;98;123;163;196;214;229;235;241;252;260;267;273;281;286;294;298;309;318;320;324;330;337;345;354;362;372;380;393
1000236,1500247,1500248,bus,1,102615.2,1,service_links,485.9725724123166,15,999999,29158.354344738997,0,0.0,14999985,0.15,4,0,"LINESTRING (-122.337585 47.609642, -122.341743 47.6129951)",w_bus_only;w_bus_metro;d_bus_only;d_bus_metro,Metro Transit,20,102615.2:1;11;16;20;34;38;48;57;98;123;163;196;214;229;235;241;252;260;267;273;281;286;294;298;309;318;320;324;330;337;345;354;362;372;380;393
1000237,1500248,1500249,bus,1,102615.2,1,service_links,358.3288889619695,15,999999,21.478255082635535,0,1.0,14999985,0.15,4,0,"LINESTRING (-122.341743 47.6129951, -122.345337 47.6151199)",w_bus_only;w_bus_metro;d_bus_only;d_bus_metro,Metro Transit,34,102615.2:1;11;16;20;34;38;48;57;98;123;163;196;214;229;235;241;252;260;267;273;281;286;294;298;309;318;320;324;330;337;345;354;362;372;380;393
1000238,1500249,1500250,bus,1,102615.2,1,service_links,461.71418444472755,15,999999,27.675175890792865,0,1.0,14999985,0.15,4,0,"LINESTRING (-122.345337 47.6151199, -122.343575 47.6190987)",w_bus_only;w_bus_metro;d_bus_only;d_bus_metro,Metro Transit,38,102615.2:1;11;16;20;34;38;48;57;98;123;163;196;214;229;235;241;252;260;267;273;281;286;294;298;309;318;320;324;330;337;345;354;362;372;380;393
1000239,1500250,1500251,bus,1,102615.2,1,service_links,310.9551414161982,15,999999,18.63866981515674,0,1.0,14999985,0.15,4,0,"LINESTRING (-122.343575 47.6190987, -122.343506 47.6218948)",w_bus_only;w_bus_metro;d_bus_only;d_bus_metro,Metro Transit,48,102615.2:1;11;16;20;34;38;48;57;98;123;163;196;214;229;235;241;252;260;267;273;281;286;294;298;309;318;320;324;330;337;345;354;362;372;380;393
1000240,1500251,1500252,bus,1,102615.2,1,service_links,1187.3519113991654,15,999999,35.60275596399297,0,2.0,14999985,0.15,4,0,"LINESTRING (-122.343506 47.6218948, -122.343323 47.6325722)",w_bus_only;w_bus_metro;d_bus_only;d_bus_metro,Metro Transit,57,102615.2:1;11;16;20;34;38;48;57;98;123;163;196;214;229;235;241;252;260;267;273;281;286;294;298;309;318;320;324;330;337;345;354;362;372;380;393
1000241,1500252,1500253,bus,1,102615.2,1,service_links,714.713255989662,15,999999,42.83995540397574,0,1.0,14999985,0.15,4,0,"LINESTRING (-122.343323 47.6325722, -122.3452 47.6388741)",w_bus_only;w_bus_metro;d_bus_only;d_bus_metro,Metro Transit,98,102615.2:1;11;16;20;34;38;48;57;98;123;163;196;214;229;235;241;252;260;267;273;281;286;294;298;309;318;320;324;330;337;345;354;362;372;380;393
1000242,1500253,1500254,bus,1,102615.2,1,service_links,2541.3042831686626,15,999999,30.489553487326482,0,5.0,14999985,0.15,4,0,"LINESTRING (-122.3452 47.6388741, -122.347176 47.6616898)",w_bus_only;w_bus_metro;d_bus_only;d_bus_metro,Metro Transit,123,102615.2:1;11;16;20;34;38;48;57;98;123;163;196;214;229;235;241;252;260;267;273;281;286;294;298;309;318;320;324;330;337;345;354;362;372;380;393
1000243,1500254,1500266,bus,1,102615.2,1,service_links,1609.3496802281854,15,999999,32.176268181836434,0,3.0,14999985,0.15,4,0,"LINESTRING (-122.347176 47.6616898, -122.347031 47.6761627)",w_bus_only;w_bus_metro;d_bus_only;d_bus_metro,Metro Transit,163,102615.2:1;11;16;20;34;38;48;57;98;123;163;196;214;229;235;241;252;260;267;273;281;286;294;298;309;318;320;324;330;337;345;354;362;372;380;393
1000244,1500266,1500267,bus,1,102615.2,1,service_links,563.1251602769105,15,999999,33.75375586075388,0,1.0,14999985,0.15,4,0,"LINESTRING (-122.347031 47.6761627, -122.346809 47.6812248)",w_bus_only;w_bus_metro;d_bus_only;d_bus_metro,Metro Transit,196,102615.2:1;11;16;20;34;38;48;57;98;123;163;196;214;229;235;241;252;260;267;273;281;286;294;298;309;318;320;324;330;337;345;354;362;372;380;393
1000245,1500267,1500268,bus,1,102615.2,1,service_links,334.4441762278361,15,999999,20.04660396970047,0,1.0,14999985,0.15,4,0,"LINESTRING (-122.346809 47.6812248, -122.344322 47.6837234)",w_bus_only;w_bus_metro;d_bus_only;d_bus_metro,Metro Transit,214,102615.2:1;11;16;20;34;38;48;57;98;123;163;196;214;229;235;241;252;260;267;273;281;286;294;298;309;318;320;324;330;337;345;354;362;372;380;393
1000246,1500268,1500269,bus,1,102615.2,1,service_links,378.7983013036952,15,999999,22.705192885336377,0,1.0,14999985,0.15,4,0,"LINESTRING (-122.344322 47.6837234, -122.344337 47.68713)",w_bus_only;w_bus_metro;d_bus_only;d_bus_metro,Metro Transit,229,102615.2:1;11;16;20;34;38;48;57;98;123;163;196;214;229;235;241;252;260;267;273;281;286;294;298;309;318;320;324;330;337;345;354;362;372;380;393
1000247,1500269,1500270,bus,1,102615.2,1,service_links,439.44572234928086,15,999999,26.340402938018837,0,1.0,14999985,0.15,4,0,"LINESTRING (-122.344337 47.68713, -122.34436 47.691082)",w_bus_only;w_bus_metro;d_bus_only;d_bus_metro,Metro Transit,235,102615.2:1;11;16;20;34;38;48;57;98;123;163;196;214;229;235;241;252;260;267;273;281;286;294;298;309;318;320;324;330;337;345;354;362;372;380;393
1000248,1500270,1500271,bus,1,102615.2,1,service_links,413.169975925665,15,999999,24790.1985555399,0,0.0,14999985,0.15,4,0,"LINESTRING (-122.34436 47.691082, -122.344421 47.6947975)",w_bus_only;w_bus_metro;d_bus_only;d_bus_metro,Metro Transit,241,102615.2:1;11;16;20;34;38;48;57;98;123;163;196;214;229;235;241;252;260;267;273;281;286;294;298;309;318;320;324;330;337;345;354;362;372;380;393
1000249,1500271,1500272,bus,1,102615.2,1,service_links,372.91127851861756,15,999999,22.352324386730327,0,1.0,14999985,0.15,4,0,"LINESTRING (-122.344421 47.6947975, -122.344513 47.6981506)",w_bus_only;w_bus_metro;d_bus_only;d_bus_metro,Metro Transit,252,102615.2:1;11;16;20;34;38;48;57;98;123;163;196;214;229;235;241;252;260;267;273;281;286;294;298;309;318;320;324;330;337;345;354;362;372;380;393
1000250,1500272,1500273,bus,1,102615.2,1,service_links,391.9436568276651,15,999999,23.493126283376533,0,1.0,14999985,0.15,4,0,"LINESTRING (-122.344513 47.6981506, -122.34449 47.7016754)",w_bus_only;w_bus_metro;d_bus_only;d_bus_metro,Metro Transit,260,102615.2:1;11;16;20;34;38;48;57;98;123;163;196;214;229;235;241;252;260;267;273;281;286;294;298;309;318;320;324;330;337;345;354;362;372;380;393
1000251,1500273,1500274,bus,1,102615.2,1,service_links,419.10132492884355,15,999999,25.120958537193424,0,1.0,14999985,0.15,4,0,"LINESTRING (-122.34449 47.7016754, -122.344543 47.7054443)",w_bus_only;w_bus_metro;d_bus_only;d_bus_metro,Metro Transit,267,102615.2:1;11;16;20;34;38;48;57;98;123;163;196;214;229;235;241;252;260;267;273;281;286;294;298;309;318;320;324;330;337;345;354;362;372;380;393
1000252,1500274,1500275,bus,1,102615.2,1,service_links,810.7068566119547,15,999999,48.59381757913815,0,1.0,14999985,0.15,4,0,"LINESTRING (-122.344543 47.7054443, -122.344719 47.7127342)",w_bus_only;w_bus_metro;d_bus_only;d_bus_metro,Metro Transit,273,102615.2:1;11;16;20;34;38;48;57;98;123;163;196;214;229;235;241;252;260;267;273;281;286;294;298;309;318;320;324;330;337;345;354;362;372;380;393
1000253,1500275,1500276,bus,1,102615.2,1,service_links,748.7310735038819,15,999999,22.45070685169061,0,2.0,14999985,0.15,4,0,"LINESTRING (-122.344719 47.7127342, -122.344841 47.7194672)",w_bus_only;w_bus_metro;d_bus_only;d_bus_metro,Metro Transit,281,102615.2:1;11;16;20;34;38;48;57;98;123;163;196;214;229;235;241;252;260;267;273;281;286;294;298;309;318;320;324;330;337;345;354;362;372;380;393
1000254,1500276,1500277,bus,1,102615.2,1,service_links,475.077708779784,15,999999,28.4761863404466,0,1.0,14999985,0.15,4,0,"LINESTRING (-122.344841 47.7194672, -122.344879 47.7237396)",w_bus_only;w_bus_metro;d_bus_only;d_bus_metro,Metro Transit,286,102615.2:1;11;16;20;34;38;48;57;98;123;163;196;214;229;235;241;252;260;267;273;281;286;294;298;309;318;320;324;330;337;345;354;362;372;380;393
1000255,1500277,1500278,bus,1,102615.2,1,service_links,395.76882037481676,15,999999,23.722406815673335,0,1.0,14999985,0.15,4,0,"LINESTRING (-122.344879 47.7237396, -122.344925 47.7272987)",w_bus_only;w_bus_metro;d_bus_only;d_bus_metro,Metro Transit,294,102615.2:1;11;16;20;34;38;48;57;98;123;163;196;214;229;235;241;252;260;267;273;281;286;294;298;309;318;320;324;330;337;345;354;362;372;380;393
1000256,1500278,1500255,bus,1,102615.2,1,service_links,847.9287747699611,15,999999,25.425150667764953,0,2.0,14999985,0.15,4,0,"LINESTRING (-122.344925 47.7272987, -122.34491 47.7349243)",w_bus_only;w_bus_metro;d_bus_only;d_bus_metro,Metro Transit,298,102615.2:1;11;16;20;34;38;48;57;98;123;163;196;214;229;235;241;252;260;267;273;281;286;294;298;309;318;320;324;330;337;345;354;362;372;380;393
1000257,1500255,1500256,bus,1,102615.2,1,service_links,490.5532036625523,15,999999,29.403788431321818,0,1.0,14999985,0.15,4,0,"LINESTRING (-122.34491 47.7349243, -122.3451 47.7393341)",w_bus_only;w_bus_metro;d_bus_only;d_bus_metro,Metro Transit,309,102615.2:1;11;16;20;34;38;48;57;98;123;163;196;214;229;235;241;252;260;267;273;281;286;294;298;309;318;320;324;330;337;345;354;362;372;380;393
1000258,1500256,1500257,bus,1,102615.2,1,service_links,305.8740467514834,15,999999,18352.442805089002,0,0.0,14999985,0.15,4,0,"LINESTRING (-122.3451 47.7393341, -122.345169 47.7420845)",w_bus_only;w_bus_metro;d_bus_only;d_bus_metro,Metro Transit,318,102615.2:1;11;16;20;34;38;48;57;98;123;163;196;214;229;235;241;252;260;267;273;281;286;294;298;309;318;320;324;330;337;345;354;362;372;380;393
1000259,1500257,1500258,bus,1,102615.2,1,service_links,369.0871688858362,15,999999,22.123107026124053,0,1.0,14999985,0.15,4,0,"LINESTRING (-122.345169 47.7420845, -122.345253 47.7454033)",w_bus_only;w_bus_metro;d_bus_only;d_bus_metro,Metro Transit,320,102615.2:1;11;16;20;34;38;48;57;98;123;163;196;214;229;235;241;252;260;267;273;281;286;294;298;309;318;320;324;330;337;345;354;362;372;380;393
1000260,1500258,1500259,bus,1,102615.2,1,service_links,407.2553710591974,15,999999,24.410911352199644,0,1.0,14999985,0.15,4,0,"LINESTRING (-122.345253 47.7454033, -122.345337 47.7490654)",w_bus_only;w_bus_metro;d_bus_only;d_bus_metro,Metro Transit,324,102615.2:1;11;16;20;34;38;48;57;98;123;163;196;214;229;235;241;252;260;267;273;281;286;294;298;309;318;320;324;330;337;345;354;362;372;380;393
1000261,1500259,1500260,bus,1,102615.2,1,service_links,432.2609769550478,15,999999,25.909748868434434,0,1.0,14999985,0.15,4,0,"LINESTRING (-122.345337 47.7490654, -122.345398 47.7529526)",w_bus_only;w_bus_metro;d_bus_only;d_bus_metro,Metro Transit,330,102615.2:1;11;16;20;34;38;48;57;98;123;163;196;214;229;235;241;252;260;267;273;281;286;294;298;309;318;320;324;330;337;345;354;362;372;380;393
1000262,1500260,1500261,bus,1,102615.2,1,service_links,377.2576633605459,15,999999,22.61284695467808,0,1.0,14999985,0.15,4,0,"LINESTRING (-122.345398 47.7529526, -122.345551 47.7563438)",w_bus_only;w_bus_metro;d_bus_only;d_bus_metro,Metro Transit,337,102615.2:1;11;16;20;34;38;48;57;98;123;163;196;214;229;235;241;252;260;267;273;281;286;294;298;309;318;320;324;330;337;345;354;362;372;380;393
1000263,1500261,1500262,bus,1,102615.2,1,service_links,403.3636050070328,15,999999,24.17763866176021,0,1.0,14999985,0.15,4,0,"LINESTRING (-122.345551 47.7563438, -122.345894 47.759964)",w_bus_only;w_bus_metro;d_bus_only;d_bus_metro,Metro Transit,345,102615.2:1;11;16;20;34;38;48;57;98;123;163;196;214;229;235;241;252;260;267;273;281;286;294;298;309;318;320;324;330;337;345;354;362;372;380;393
1000264,1500262,1500263,bus,1,102615.2,1,service_links,419.9928358570047,15,999999,25.174395755664623,0,1.0,14999985,0.15,4,0,"LINESTRING (-122.345894 47.759964, -122.345795 47.7637405)",w_bus_only;w_bus_metro;d_bus_only;d_bus_metro,Metro Transit,354,102615.2:1;11;16;20;34;38;48;57;98;123;163;196;214;229;235;241;252;260;267;273;281;286;294;298;309;318;320;324;330;337;345;354;362;372;380;393
1000265,1500263,1500264,bus,1,102615.2,1,service_links,480.60398455046897,15,999999,28.807431641386756,0,1.0,14999985,0.15,4,0,"LINESTRING (-122.345795 47.7637405, -122.345757 47.7680626)",w_bus_only;w_bus_metro;d_bus_only;d_bus_metro,Metro Transit,362,102615.2:1;11;16;20;34;38;48;57;98;123;163;196;214;229;235;241;252;260;267;273;281;286;294;298;309;318;320;324;330;337;345;354;362;372;380;393
1000266,1500264,1500265,bus,1,102615.2,1,service_links,653.2551660451327,15,999999,19.587861050828565,0,2.0,14999985,0.15,4,0,"LINESTRING (-122.345757 47.7680626, -122.34584 47.7739372)",w_bus_only;w_bus_metro;d_bus_only;d_bus_metro,Metro Transit,372,102615.2:1;11;16;20;34;38;48;57;98;123;163;196;214;229;235;241;252;260;267;273;281;286;294;298;309;318;320;324;330;337;345;354;362;372;380;393
1000267,1500265,1500243,bus,1,102615.2,1,service_links,375.9320614611601,15,999999,22.533390297372236,0,1.0,14999985,0.15,4,0,"LINESTRING (-122.34584 47.7739372, -122.340881 47.7745056)",w_bus_only;w_bus_metro;d_bus_only;d_bus_metro,Metro Transit,380,102615.2:1;11;16;20;34;38;48;57;98;123;163;196;214;229;235;241;252;260;267;273;281;286;294;298;309;318;320;324;330;337;345;354;362;372;380;393
1000268,1500281,1500284,bus,1,102619.1,1,service_links,397.13953535677757,11,999999,23828.372121406654,0,0.0,10999989,0.15,4,0,"LINESTRING (-122.201218 47.498085, -122.20649 47.4978218)",w_bus_only;w_bus_metro;d_bus_only;d_bus_metro,Metro Transit,1,102619.1:1;61;88;99;118;136;152;174;181;185;208;220;247;291;313;322;329;353;363;374;387;411;442;467;480;522;526;530;536;540;558
1000269,1500284,1500283,bus,1,102619.1,1,service_links,605.2432730327029,11,999999,18.148224078941617,0,2.0,10999989,0.15,4,0,"LINESTRING (-122.20649 47.4978218, -122.207527 47.492424)",w_bus_only;w_bus_metro;d_bus_only;d_bus_metro,Metro Transit,61,102619.1:1;61;88;99;118;136;152;174;181;185;208;220;247;291;313;322;329;353;363;374;387;411;442;467;480;522;526;530;536;540;558
1000270,1500283,1500282,bus,1,102619.1,1,service_links,620.9327369498822,11,999999,37.21874547152141,0,1.0,10999989,0.15,4,0,"LINESTRING (-122.207527 47.492424, -122.20874 47.4869003)",w_bus_only;w_bus_metro;d_bus_only;d_bus_metro,Metro Transit,88,102619.1:1;61;88;99;118;136;152;174;181;185;208;220;247;291;313;322;329;353;363;374;387;411;442;467;480;522;526;530;536;540;558
1000271,1500282,1500280,bus,1,102619.1,1,service_links,711.7608239014742,11,999999,21.342153640224115,0,2.0,10999989,0.15,4,0,"LINESTRING (-122.20874 47.4869003, -122.208717 47.4804993)",w_bus_only;w_bus_metro;d_bus_only;d_bus_metro,Metro Transit,99,102619.1:1;61;88;99;118;136;152;174;181;185;208;220;247;291;313;322;329;353;363;374;387;411;442;467;480;522;526;530;536;540;558
1000272,1500280,1500279,bus,1,102619.1,1,service_links,455.5888806313412,11,999999,27.308024813067412,0,1.0,10999989,0.15,4,0,"LINESTRING (-122.208717 47.4804993, -122.21463 47.4814034)",w_bus_only;w_bus_metro;d_bus_only;d_bus_metro,Metro Transit,118,102619.1:1;61;88;99;118;136;152;174;181;185;208;220;247;291;313;322;329;353;363;374;387;411;442;467;480;522;526;530;536;540;558
1000273,1500279,1500305,bus,1,102619.1,1,service_links,417.57573636390487,11,999999,12.521011585124585,0,2.0,10999989,0.15,4,0,"LINESTRING (-122.21463 47.4814034, -122.216187 47.4777985)",w_bus_only;w_bus_metro;d_bus_only;d_bus_metro,Metro Transit,136,102619.1:1;61;88;99;118;136;152;174;181;185;208;220;247;291;313;322;329;353;363;374;387;411;442;467;480;522;526;530;536;540;558
1000274,1500305,1500294,bus,1,102619.1,1,service_links,447.4873829846271,11,999999,13.417912533272178,0,2.0,10999989,0.15,4,0,"LINESTRING (-122.216187 47.4777985, -122.217186 47.4738312)",w_bus_only;w_bus_metro;d_bus_only;d_bus_metro,Metro Transit,152,102619.1:1;61;88;99;118;136;152;174;181;185;208;220;247;291;313;322;329;353;363;374;387;411;442;467;480;522;526;530;536;540;558
1000275,1500294,1500295,bus,1,102619.1,1,service_links,474.45679663198814,11,999999,28467.407797919288,0,0.0,10999989,0.15,4,0,"LINESTRING (-122.217186 47.4738312, -122.223427 47.4731903)",w_bus_only;w_bus_metro;d_bus_only;d_bus_metro,Metro Transit,174,102619.1:1;61;88;99;118;136;152;174;181;185;208;220;247;291;313;322;329;353;363;374;387;411;442;467;480;522;526;530;536;540;558
1000276,1500295,1500309,bus,1,102619.1,1,service_links,386.3486643332462,11,999999,23.157762097896878,0,1.0,10999989,0.15,4,0,"LINESTRING (-122.223427 47.4731903, -122.224319 47.4697685)",w_bus_only;w_bus_metro;d_bus_only;d_bus_metro,Metro Transit,181,102619.1:1;61;88;99;118;136;152;174;181;185;208;220;247;291;313;322;329;353;363;374;387;411;442;467;480;522;526;530;536;540;558
1000277,1500309,1500303,bus,1,102619.1,1,service_links,765.2900712955501,11,999999,22.9472285246042,0,2.0,10999989,0.15,4,0,"LINESTRING (-122.224319 47.4697685, -122.232323 47.4655151)",w_bus_only;w_bus_metro;d_bus_only;d_bus_metro,Metro Transit,185,102619.1:1;61;88;99;118;136;152;174;181;185;208;220;247;291;313;322;329;353;363;374;387;411;442;467;480;522;526;530;536;540;558
1000278,1500303,1500301,bus,1,102619.1,1,service_links,492.1546567504687,11,999999,29.499779625402724,0,1.0,10999989,0.15,4,0,"LINESTRING (-122.232323 47.4655151, -122.233055 47.4611168)",w_bus_only;w_bus_metro;d_bus_only;d_bus_metro,Metro Transit,208,102619.1:1;61;88;99;118;136;152;174;181;185;208;220;247;291;313;322;329;353;363;374;387;411;442;467;480;522;526;530;536;540;558
1000279,1500301,1500302,bus,1,102619.1,1,service_links,546.6456525088882,11,999999,32.765973177355946,0,1.0,10999989,0.15,4,0,"LINESTRING (-122.233055 47.4611168, -122.237099 47.4570312)",w_bus_only;w_bus_metro;d_bus_only;d_bus_metro,Metro Transit,220,102619.1:1;61;88;99;118;136;152;174;181;185;208;220;247;291;313;322;329;353;363;374;387;411;442;467;480;522;526;530;536;540;558
1000280,1500302,1500304,bus,1,102619.1,1,service_links,506.1688697722938,11,999999,15.177477354491568,0,2.0,10999989,0.15,4,0,"LINESTRING (-122.237099 47.4570312, -122.240807 47.4608307)",w_bus_only;w_bus_metro;d_bus_only;d_bus_metro,Metro Transit,247,102619.1:1;61;88;99;118;136;152;174;181;185;208;220;247;291;313;322;329;353;363;374;387;411;442;467;480;522;526;530;536;540;558
1000281,1500304,1500298,bus,1,102619.1,1,service_links,555.6646583948539,11,999999,16.66160894737193,0,2.0,10999989,0.15,4,0,"LINESTRING (-122.240807 47.4608307, -122.244957 47.4566956)",w_bus_only;w_bus_metro;d_bus_only;d_bus_metro,Metro Transit,291,102619.1:1;61;88;99;118;136;152;174;181;185;208;220;247;291;313;322;329;353;363;374;387;411;442;467;480;522;526;530;536;540;558
1000282,1500298,1500296,bus,1,102619.1,1,service_links,362.2888219389697,11,999999,21.71561370263555,0,1.0,10999989,0.15,4,0,"LINESTRING (-122.244957 47.4566956, -122.249619 47.4558716)",w_bus_only;w_bus_metro;d_bus_only;d_bus_metro,Metro Transit,313,102619.1:1;61;88;99;118;136;152;174;181;185;208;220;247;291;313;322;329;353;363;374;387;411;442;467;480;522;526;530;536;540;558
1000283,1500296,1500300,bus,1,102619.1,1,service_links,471.42188950960093,11,999999,14.135588890842609,0,2.0,10999989,0.15,4,0,"LINESTRING (-122.249619 47.4558716, -122.254272 47.4587135)",w_bus_only;w_bus_metro;d_bus_only;d_bus_metro,Metro Transit,322,102619.1:1;61;88;99;118;136;152;174;181;185;208;220;247;291;313;322;329;353;363;374;387;411;442;467;480;522;526;530;536;540;558
1000284,1500300,1500297,bus,1,102619.1,1,service_links,452.61063571911717,11,999999,13.571533304921056,0,2.0,10999989,0.15,4,0,"LINESTRING (-122.254272 47.4587135, -122.252281 47.4625549)",w_bus_only;w_bus_metro;d_bus_only;d_bus_metro,Metro Transit,329,102619.1:1;61;88;99;118;136;152;174;181;185;208;220;247;291;313;322;329;353;363;374;387;411;442;467;480;522;526;530;536;540;558
1000285,1500297,1500299,bus,1,102619.1,1,service_links,291.7170278890868,11,999999,17503.021673345207,0,0.0,10999989,0.15,4,0,"LINESTRING (-122.252281 47.4625549, -122.256157 47.4626808)",w_bus_only;w_bus_metro;d_bus_only;d_bus_metro,Metro Transit,353,102619.1:1;61;88;99;118;136;152;174;181;185;208;220;247;291;313;322;329;353;363;374;387;411;442;467;480;522;526;530;536;540;558
1000286,1500299,1500291,bus,1,102619.1,1,service_links,975.8793565639445,11,999999,29.26174982200733,0,2.0,10999989,0.15,4,0,"LINESTRING (-122.256157 47.4626808, -122.268593 47.4651985)",w_bus_only;w_bus_metro;d_bus_only;d_bus_metro,Metro Transit,363,102619.1:1;61;88;99;118;136;152;174;181;185;208;220;247;291;313;322;329;353;363;374;387;411;442;467;480;522;526;530;536;540;558
1000287,1500291,1500292,bus,1,102619.1,1,service_links,625.4025501796485,11,999999,37.486666344434475,0,1.0,10999989,0.15,4,0,"LINESTRING (-122.268593 47.4651985, -122.276741 47.4663353)",w_bus_only;w_bus_metro;d_bus_only;d_bus_metro,Metro Transit,374,102619.1:1;61;88;99;118;136;152;174;181;185;208;220;247;291;313;322;329;353;363;374;387;411;442;467;480;522;526;530;536;540;558
1000288,1500292,1500293,bus,1,102619.1,1,service_links,375.6798573262562,11,999999,22.518273166408964,0,1.0,10999989,0.15,4,0,"LINESTRING (-122.276741 47.4663353, -122.2817 47.4659157)",w_bus_only;w_bus_metro;d_bus_only;d_bus_metro,Metro Transit,387,102619.1:1;61;88;99;118;136;152;174;181;185;208;220;247;291;313;322;329;353;363;374;387;411;442;467;480;522;526;530;536;540;558
1000289,1500293,1500306,bus,1,102619.1,1,service_links,497.7891982315552,11,999999,14.926212840526393,0,2.0,10999989,0.15,4,0,"LINESTRING (-122.2817 47.4659157, -122.287628 47.4639206)",w_bus_only;w_bus_metro;d_bus_only;d_bus_metro,Metro Transit,411,102619.1:1;61;88;99;118;136;152;174;181;185;208;220;247;291;313;322;329;353;363;374;387;411;442;467;480;522;526;530;536;540;558
1000290,1500306,1500307,bus,1,102619.1,1,service_links,303.90111217229537,11,999999,18.215850879458266,0,1.0,10999989,0.15,4,0,"LINESTRING (-122.287628 47.4639206, -122.291168 47.4652405)",w_bus_only;w_bus_metro;d_bus_only;d_bus_metro,Metro Transit,442,102619.1:1;61;88;99;118;136;152;174;181;185;208;220;247;291;313;322;329;353;363;374;387;411;442;467;480;522;526;530;536;540;558
1000291,1500307,1500308,bus,1,102619.1,1,service_links,905.0208352454716,11,999999,27.1370565290996,0,2.0,10999989,0.15,4,0,"LINESTRING (-122.291168 47.4652405, -122.303207 47.4651794)",w_bus_only;w_bus_metro;d_bus_only;d_bus_metro,Metro Transit,467,102619.1:1;61;88;99;118;136;152;174;181;185;208;220;247;291;313;322;329;353;363;374;387;411;442;467;480;522;526;530;536;540;558
1000292,1500308,1500286,bus,1,102619.1,1,service_links,1575.9501801814338,11,999999,23.633344366629846,0,4.0,10999989,0.15,4,0,"LINESTRING (-122.303207 47.4651794, -122.323997 47.463356)",w_bus_only;w_bus_metro;d_bus_only;d_bus_metro,Metro Transit,480,102619.1:1;61;88;99;118;136;152;174;181;185;208;220;247;291;313;322;329;353;363;374;387;411;442;467;480;522;526;530;536;540;558
1000293,1500286,1500287,bus,1,102619.1,1,service_links,457.7384736720559,11,999999,27.436871548774583,0,1.0,10999989,0.15,4,0,"LINESTRING (-122.323997 47.463356, -122.330086 47.4633522)",w_bus_only;w_bus_metro;d_bus_only;d_bus_metro,Metro Transit,522,102619.1:1;61;88;99;118;136;152;174;181;185;208;220;247;291;313;322;329;353;363;374;387;411;442;467;480;522;526;530;536;540;558
1000294,1500287,1500285,bus,1,102619.1,1,service_links,379.10563685972653,11,999999,22.723614596986607,0,1.0,10999989,0.15,4,0,"LINESTRING (-122.330086 47.4633522, -122.335129 47.4633522)",w_bus_only;w_bus_metro;d_bus_only;d_bus_metro,Metro Transit,526,102619.1:1;61;88;99;118;136;152;174;181;185;208;220;247;291;313;322;329;353;363;374;387;411;442;467;480;522;526;530;536;540;558
1000295,1500285,1500289,bus,1,102619.1,1,service_links,300.1272833461118,11,999999,17.989647353413297,0,1.0,10999989,0.15,4,0,"LINESTRING (-122.335129 47.4633522, -122.339104 47.463604)",w_bus_only;w_bus_metro;d_bus_only;d_bus_metro,Metro Transit,530,102619.1:1;61;88;99;118;136;152;174;181;185;208;220;247;291;313;322;329;353;363;374;387;411;442;467;480;522;526;530;536;540;558
1000296,1500289,1500290,bus,1,102619.1,1,service_links,341.88203713234935,11,999999,20.49242979814282,0,1.0,10999989,0.15,4,0,"LINESTRING (-122.339104 47.463604, -122.339088 47.4666786)",w_bus_only;w_bus_metro;d_bus_only;d_bus_metro,Metro Transit,536,102619.1:1;61;88;99;118;136;152;174;181;185;208;220;247;291;313;322;329;353;363;374;387;411;442;467;480;522;526;530;536;540;558
1000297,1500290,1500288,bus,1,102619.1,1,service_links,361.38154376478604,11,999999,21.661231394492674,0,1.0,10999989,0.15,4,0,"LINESTRING (-122.339088 47.4666786, -122.337288 47.4696922)",w_bus_only;w_bus_metro;d_bus_only;d_bus_metro,Metro Transit,540,102619.1:1;61;88;99;118;136;152;174;181;185;208;220;247;291;313;322;329;353;363;374;387;411;442;467;480;522;526;530;536;540;558
1000298,1500321,1500320,bus,1,102619.2,1,service_links,291.3861740847861,11,999999,17483.170445087162,0,0.0,10999989,0.15,4,0,"LINESTRING (-122.337318 47.4694099, -122.339226 47.4671288)",w_bus_only;w_bus_metro;d_bus_only;d_bus_metro,Metro Transit,1,102619.2:1;21;26;34;37;42;82;95;119;150;174;188;198;210;234;240;252;282;332;361;370;394;397;407;423;431;447;467;476;508;536;541
1000299,1500320,1500322,bus,1,102619.2,1,service_links,380.96167491080945,11,999999,22.83486562901955,0,1.0,10999989,0.15,4,0,"LINESTRING (-122.339226 47.4671288, -122.33931 47.4637032)",w_bus_only;w_bus_metro;d_bus_only;d_bus_metro,Metro Transit,21,102619.2:1;21;26;34;37;42;82;95;119;150;174;188;198;210;234;240;252;282;332;361;370;394;397;407;423;431;447;467;476;508;536;541
1000300,1500322,1500317,bus,1,102619.2,1,service_links,533.8758695937892,11,999999,32.00055162400335,0,1.0,10999989,0.15,4,0,"LINESTRING (-122.33931 47.4637032, -122.332245 47.4632149)",w_bus_only;w_bus_metro;d_bus_only;d_bus_metro,Metro Transit,26,102619.2:1;21;26;34;37;42;82;95;119;150;174;188;198;210;234;240;252;282;332;361;370;394;397;407;423;431;447;467;476;508;536;541
1000301,1500317,1500318,bus,1,102619.2,1,service_links,309.1188678019974,11,999999,18.528603464655188,0,1.0,10999989,0.15,4,0,"LINESTRING (-122.332245 47.4632149, -122.328133 47.4632149)",w_bus_only;w_bus_metro;d_bus_only;d_bus_metro,Metro Transit,34,102619.2:1;21;26;34;37;42;82;95;119;150;174;188;198;210;234;240;252;282;332;361;370;394;397;407;423;431;447;467;476;508;536;541
1000302,1500318,1500319,bus,1,102619.2,1,service_links,403.25188954365154,11,999999,24.17094243018891,0,1.0,10999989,0.15,4,0,"LINESTRING (-122.328133 47.4632149, -122.322769 47.4632454)",w_bus_only;w_bus_metro;d_bus_only;d_bus_metro,Metro Transit,37,102619.2:1;21;26;34;37;42;82;95;119;150;174;188;198;210;234;240;252;282;332;361;370;394;397;407;423;431;447;467;476;508;536;541
1000303,1500319,1500341,bus,1,102619.2,1,service_links,1519.9266615386064,11,999999,30.388403762851176,0,3.0,10999989,0.15,4,0,"LINESTRING (-122.322769 47.4632454, -122.302727 47.4650497)",w_bus_only;w_bus_metro;d_bus_only;d_bus_metro,Metro Transit,42,102619.2:1;21;26;34;37;42;82;95;119;150;174;188;198;210;234;240;252;282;332;361;370;394;397;407;423;431;447;467;476;508;536;541
1000304,1500341,1500340,bus,1,102619.2,1,service_links,861.4934155569073,11,999999,25.831886523445498,0,2.0,10999989,0.15,4,0,"LINESTRING (-122.302727 47.4650497, -122.291267 47.4651031)",w_bus_only;w_bus_metro;d_bus_only;d_bus_metro,Metro Transit,82,102619.2:1;21;26;34;37;42;82;95;119;150;174;188;198;210;234;240;252;282;332;361;370;394;397;407;423;431;447;467;476;508;536;541
1000305,1500340,1500339,bus,1,102619.2,1,service_links,277.70618215972945,11,999999,8.327021953814976,0,2.0,10999989,0.15,4,0,"LINESTRING (-122.291267 47.4651031, -122.287933 47.4640274)",w_bus_only;w_bus_metro;d_bus_only;d_bus_metro,Metro Transit,95,102619.2:1;21;26;34;37;42;82;95;119;150;174;188;198;210;234;240;252;282;332;361;370;394;397;407;423;431;447;467;476;508;536;541
1000306,1500339,1500323,bus,1,102619.2,1,service_links,496.41565702257293,11,999999,29.755184237117263,0,1.0,10999989,0.15,4,0,"LINESTRING (-122.287933 47.4640274, -122.28183 47.4657326)",w_bus_only;w_bus_metro;d_bus_only;d_bus_metro,Metro Transit,119,102619.2:1;21;26;34;37;42;82;95;119;150;174;188;198;210;234;240;252;282;332;361;370;394;397;407;423;431;447;467;476;508;536;541
1000307,1500323,1500324,bus,1,102619.2,1,service_links,366.68552002715626,11,999999,21.9791520495798,0,1.0,10999989,0.15,4,0,"LINESTRING (-122.28183 47.4657326, -122.277 47.4661942)",w_bus_only;w_bus_metro;d_bus_only;d_bus_metro,Metro Transit,150,102619.2:1;21;26;34;37;42;82;95;119;150;174;188;198;210;234;240;252;282;332;361;370;394;397;407;423;431;447;467;476;508;536;541
1000308,1500324,1500325,bus,1,102619.2,1,service_links,674.2550436081593,11,999999,40.4148877287608,0,1.0,10999989,0.15,4,0,"LINESTRING (-122.277 47.4661942, -122.268196 47.4650345)",w_bus_only;w_bus_metro;d_bus_only;d_bus_metro,Metro Transit,174,102619.2:1;21;26;34;37;42;82;95;119;150;174;188;198;210;234;240;252;282;332;361;370;394;397;407;423;431;447;467;476;508;536;541
1000309,1500325,1500329,bus,1,102619.2,1,service_links,868.597825305797,11,999999,26.0449123030224,0,2.0,10999989,0.15,4,0,"LINESTRING (-122.268196 47.4650345, -122.257118 47.4628143)",w_bus_only;w_bus_metro;d_bus_only;d_bus_metro,Metro Transit,188,102619.2:1;21;26;34;37;42;82;95;119;150;174;188;198;210;234;240;252;282;332;361;370;394;397;407;423;431;447;467;476;508;536;541
1000310,1500329,1500330,bus,1,102619.2,1,service_links,389.1157833597609,11,999999,23346.947001585653,0,0.0,10999989,0.15,4,0,"LINESTRING (-122.257118 47.4628143, -122.251968 47.4624634)",w_bus_only;w_bus_metro;d_bus_only;d_bus_metro,Metro Transit,198,102619.2:1;21;26;34;37;42;82;95;119;150;174;188;198;210;234;240;252;282;332;361;370;394;397;407;423;431;447;467;476;508;536;541
1000311,1500330,1500331,bus,1,102619.2,1,service_links,556.8110850228811,11,999999,11.132510863503121,0,3.0,10999989,0.15,4,0,"LINESTRING (-122.251968 47.4624634, -122.254478 47.4577522)",w_bus_only;w_bus_metro;d_bus_only;d_bus_metro,Metro Transit,210,102619.2:1;21;26;34;37;42;82;95;119;150;174;188;198;210;234;240;252;282;332;361;370;394;397;407;423;431;447;467;476;508;536;541
1000312,1500331,1500332,bus,1,102619.2,1,service_links,448.919109986673,11,999999,26.908238360839544,0,1.0,10999989,0.15,4,0,"LINESTRING (-122.254478 47.4577522, -122.249313 47.4557266)",w_bus_only;w_bus_metro;d_bus_only;d_bus_metro,Metro Transit,234,102619.2:1;21;26;34;37;42;82;95;119;150;174;188;198;210;234;240;252;282;332;361;370;394;397;407;423;431;447;467;476;508;536;541
1000313,1500332,1500328,bus,1,102619.2,1,service_links,475.1571343914659,11,999999,14.247590236625665,0,2.0,10999989,0.15,4,0,"LINESTRING (-122.249313 47.4557266, -122.244072 47.4581146)",w_bus_only;w_bus_metro;d_bus_only;d_bus_metro,Metro Transit,240,102619.2:1;21;26;34;37;42;82;95;119;150;174;188;198;210;234;240;252;282;332;361;370;394;397;407;423;431;447;467;476;508;536;541
1000314,1500328,1500338,bus,1,102619.2,1,service_links,332.4137084955352,11,999999,9.967427541095509,0,2.0,10999989,0.15,4,0,"LINESTRING (-122.244072 47.4581146, -122.241188 47.4603806)",w_bus_only;w_bus_metro;d_bus_only;d_bus_metro,Metro Transit,252,102619.2:1;21;26;34;37;42;82;95;119;150;174;188;198;210;234;240;252;282;332;361;370;394;397;407;423;431;447;467;476;508;536;541
1000315,1500338,1500336,bus,1,102619.2,1,service_links,508.47651365394574,11,999999,30.478112706530215,0,1.0,10999989,0.15,4,0,"LINESTRING (-122.241188 47.4603806, -122.2369 47.4568443)",w_bus_only;w_bus_metro;d_bus_only;d_bus_metro,Metro Transit,282,102619.2:1;21;26;34;37;42;82;95;119;150;174;188;198;210;234;240;252;282;332;361;370;394;397;407;423;431;447;467;476;508;536;541
1000316,1500336,1500335,bus,1,102619.2,1,service_links,665.8349538221935,11,999999,13.312261655891906,0,3.0,10999989,0.15,4,0,"LINESTRING (-122.2369 47.4568443, -122.232796 47.4621506)",w_bus_only;w_bus_metro;d_bus_only;d_bus_metro,Metro Transit,332,102619.2:1;21;26;34;37;42;82;95;119;150;174;188;198;210;234;240;252;282;332;361;370;394;397;407;423;431;447;467;476;508;536;541
1000317,1500335,1500337,bus,1,102619.2,1,service_links,382.3716763677925,11,999999,22942.30058206755,0,0.0,10999989,0.15,4,0,"LINESTRING (-122.232796 47.4621506, -122.232101 47.4655571)",w_bus_only;w_bus_metro;d_bus_only;d_bus_metro,Metro Transit,361,102619.2:1;21;26;34;37;42;82;95;119;150;174;188;198;210;234;240;252;282;332;361;370;394;397;407;423;431;447;467;476;508;536;541
1000318,1500337,1500327,bus,1,102619.2,1,service_links,849.3694522502226,11,999999,25.468349392810275,0,2.0,10999989,0.15,4,0,"LINESTRING (-122.232101 47.4655571, -122.223251 47.4703064)",w_bus_only;w_bus_metro;d_bus_only;d_bus_metro,Metro Transit,370,102619.2:1;21;26;34;37;42;82;95;119;150;174;188;198;210;234;240;252;282;332;361;370;394;397;407;423;431;447;467;476;508;536;541
1000319,1500327,1500326,bus,1,102619.2,1,service_links,327.0431722421255,11,999999,19.60298734718035,0,1.0,10999989,0.15,4,0,"LINESTRING (-122.223251 47.4703064, -122.223221 47.4732475)",w_bus_only;w_bus_metro;d_bus_only;d_bus_metro,Metro Transit,394,102619.2:1;21;26;34;37;42;82;95;119;150;174;188;198;210;234;240;252;282;332;361;370;394;397;407;423;431;447;467;476;508;536;541
1000320,1500326,1500333,bus,1,102619.2,1,service_links,625.4902348426425,11,999999,18.755329380588982,0,2.0,10999989,0.15,4,0,"LINESTRING (-122.223221 47.4732475, -122.21508 47.4744148)",w_bus_only;w_bus_metro;d_bus_only;d_bus_metro,Metro Transit,397,102619.2:1;21;26;34;37;42;82;95;119;150;174;188;198;210;234;240;252;282;332;361;370;394;397;407;423;431;447;467;476;508;536;541
1000321,1500333,1500334,bus,1,102619.2,1,service_links,319.8041665974186,11,999999,19.16908091493019,0,1.0,10999989,0.15,4,0,"LINESTRING (-122.21508 47.4744148, -122.215515 47.4772758)",w_bus_only;w_bus_metro;d_bus_only;d_bus_metro,Metro Transit,407,102619.2:1;21;26;34;37;42;82;95;119;150;174;188;198;210;234;240;252;282;332;361;370;394;397;407;423;431;447;467;476;508;536;541
1000322,1500334,1500310,bus,1,102619.2,1,service_links,266.95216545698145,11,999999,16.001128798620268,0,1.0,10999989,0.15,4,0,"LINESTRING (-122.215515 47.4772758, -122.21563 47.4796753)",w_bus_only;w_bus_metro;d_bus_only;d_bus_metro,Metro Transit,423,102619.2:1;21;26;34;37;42;82;95;119;150;174;188;198;210;234;240;252;282;332;361;370;394;397;407;423;431;447;467;476;508;536;541
1000323,1500310,1500311,bus,1,102619.2,1,service_links,546.0767579763356,11,999999,10.917895860906409,0,3.0,10999989,0.15,4,0,"LINESTRING (-122.21563 47.4796753, -122.208549 47.4807777)",w_bus_only;w_bus_metro;d_bus_only;d_bus_metro,Metro Transit,431,102619.2:1;21;26;34;37;42;82;95;119;150;174;188;198;210;234;240;252;282;332;361;370;394;397;407;423;431;447;467;476;508;536;541
1000324,1500311,1500314,bus,1,102619.2,1,service_links,754.9107294040125,11,999999,45.249394369870885,0,1.0,10999989,0.15,4,0,"LINESTRING (-122.208549 47.4807777, -122.208267 47.4875641)",w_bus_only;w_bus_metro;d_bus_only;d_bus_metro,Metro Transit,447,102619.2:1;21;26;34;37;42;82;95;119;150;174;188;198;210;234;240;252;282;332;361;370;394;397;407;423;431;447;467;476;508;536;541
1000325,1500314,1500315,bus,1,102619.2,1,service_links,553.4635741773993,11,999999,33.17463981083313,0,1.0,10999989,0.15,4,0,"LINESTRING (-122.208267 47.4875641, -122.207321 47.4925003)",w_bus_only;w_bus_metro;d_bus_only;d_bus_metro,Metro Transit,467,102619.2:1;21;26;34;37;42;82;95;119;150;174;188;198;210;234;240;252;282;332;361;370;394;397;407;423;431;447;467;476;508;536;541
1000326,1500315,1500316,bus,1,102619.2,1,service_links,660.278848850263,11,999999,19.798466232391696,0,2.0,10999989,0.15,4,0,"LINESTRING (-122.207321 47.4925003, -122.205673 47.498333)",w_bus_only;w_bus_metro;d_bus_only;d_bus_metro,Metro Transit,476,102619.2:1;21;26;34;37;42;82;95;119;150;174;188;198;210;234;240;252;282;332;361;370;394;397;407;423;431;447;467;476;508;536;541
1000327,1500316,1500313,bus,1,102619.2,1,service_links,412.1262593954036,11,999999,24.70287269103319,0,1.0,10999989,0.15,4,0,"LINESTRING (-122.205673 47.498333, -122.201218 47.5004959)",w_bus_only;w_bus_metro;d_bus_only;d_bus_metro,Metro Transit,508,102619.2:1;21;26;34;37;42;82;95;119;150;174;188;198;210;234;240;252;282;332;361;370;394;397;407;423;431;447;467;476;508;536;541
1000328,1500313,1500312,bus,1,102619.2,1,service_links,261.07922166721477,11,999999,15.649104195837051,0,1.0,10999989,0.15,4,0,"LINESTRING (-122.201218 47.5004959, -122.200905 47.4981575)",w_bus_only;w_bus_metro;d_bus_only;d_bus_metro,Metro Transit,536,102619.2:1;21;26;34;37;42;82;95;119;150;174;188;198;210;234;240;252;282;332;361;370;394;397;407;423;431;447;467;476;508;536;541
1000329,1500368,1500358,bus,1,102736.1,1,service_links,360.51888633996185,18,999999,21.609523656740976,0,1.0,17999982,0.15,4,0,"LINESTRING (-122.337067 47.4701042, -122.341385 47.4686928)",w_bus_only;w_bus_metro;d_bus_only;d_bus_metro,Metro Transit,1,102736.1:1;27;34;39;45;63;69;97;101;107;112;118;125;132;136;165;170;177;184;189;199;204;208;221;223;394;405;416;421;426;437
1000330,1500358,1500359,bus,1,102736.1,1,service_links,480.0819490341169,18,999999,28.776140801245774,0,1.0,17999982,0.15,4,0,"LINESTRING (-122.341385 47.4686928, -122.346916 47.4708519)",w_bus_only;w_bus_metro;d_bus_only;d_bus_metro,Metro Transit,27,102736.1:1;27;34;39;45;63;69;97;101;107;112;118;125;132;136;165;170;177;184;189;199;204;208;221;223;394;405;416;421;426;437
1000331,1500359,1500360,bus,1,102736.1,1,service_links,587.7638260057854,18,999999,35.23059896138574,0,1.0,17999982,0.15,4,0,"LINESTRING (-122.346916 47.4708519, -122.347557 47.47612)",w_bus_only;w_bus_metro;d_bus_only;d_bus_metro,Metro Transit,34,102736.1:1;27;34;39;45;63;69;97;101;107;112;118;125;132;136;165;170;177;184;189;199;204;208;221;223;394;405;416;421;426;437
1000332,1500360,1500361,bus,1,102736.1,1,service_links,540.9365923480228,18,999999,32.423771769112264,0,1.0,17999982,0.15,4,0,"LINESTRING (-122.347557 47.47612, -122.348145 47.4809685)",w_bus_only;w_bus_metro;d_bus_only;d_bus_metro,Metro Transit,39,102736.1:1;27;34;39;45;63;69;97;101;107;112;118;125;132;136;165;170;177;184;189;199;204;208;221;223;394;405;416;421;426;437
1000333,1500361,1500362,bus,1,102736.1,1,service_links,896.5209066280979,18,999999,26.88218610579004,0,2.0,17999982,0.15,4,0,"LINESTRING (-122.348145 47.4809685, -122.349884 47.488945)",w_bus_only;w_bus_metro;d_bus_only;d_bus_metro,Metro Transit,45,102736.1:1;27;34;39;45;63;69;97;101;107;112;118;125;132;136;165;170;177;184;189;199;204;208;221;223;394;405;416;421;426;437
1000334,1500362,1500363,bus,1,102736.1,1,service_links,528.5254123329187,18,999999,31.67984489508005,0,1.0,17999982,0.15,4,0,"LINESTRING (-122.349884 47.488945, -122.349854 47.4936981)",w_bus_only;w_bus_metro;d_bus_only;d_bus_metro,Metro Transit,63,102736.1:1;27;34;39;45;63;69;97;101;107;112;118;125;132;136;165;170;177;184;189;199;204;208;221;223;394;405;416;421;426;437
1000335,1500363,1500364,bus,1,102736.1,1,service_links,763.759464403889,18,999999,22.901333265483927,0,2.0,17999982,0.15,4,0,"LINESTRING (-122.349854 47.4936981, -122.355103 47.4995804)",w_bus_only;w_bus_metro;d_bus_only;d_bus_metro,Metro Transit,69,102736.1:1;27;34;39;45;63;69;97;101;107;112;118;125;132;136;165;170;177;184;189;199;204;208;221;223;394;405;416;421;426;437
1000336,1500364,1500365,bus,1,102736.1,1,service_links,403.8358696408661,18,999999,24.20594623221975,0,1.0,17999982,0.15,4,0,"LINESTRING (-122.355103 47.4995804, -122.355049 47.503212)",w_bus_only;w_bus_metro;d_bus_only;d_bus_metro,Metro Transit,97,102736.1:1;27;34;39;45;63;69;97;101;107;112;118;125;132;136;165;170;177;184;189;199;204;208;221;223;394;405;416;421;426;437
1000337,1500365,1500366,bus,1,102736.1,1,service_links,519.054470492648,18,999999,31.112156073485394,0,1.0,17999982,0.15,4,0,"LINESTRING (-122.355049 47.503212, -122.353668 47.5077858)",w_bus_only;w_bus_metro;d_bus_only;d_bus_metro,Metro Transit,101,102736.1:1;27;34;39;45;63;69;97;101;107;112;118;125;132;136;165;170;177;184;189;199;204;208;221;223;394;405;416;421;426;437
1000338,1500366,1500367,bus,1,102736.1,1,service_links,436.5474262277012,18,999999,26.16667889476731,0,1.0,17999982,0.15,4,0,"LINESTRING (-122.353668 47.5077858, -122.353775 47.5117111)",w_bus_only;w_bus_metro;d_bus_only;d_bus_metro,Metro Transit,107,102736.1:1;27;34;39;45;63;69;97;101;107;112;118;125;132;136;165;170;177;184;189;199;204;208;221;223;394;405;416;421;426;437
1000339,1500367,1500357,bus,1,102736.1,1,service_links,576.9937054464909,18,999999,17.30116058310318,0,2.0,17999982,0.15,4,0,"LINESTRING (-122.353775 47.5117111, -122.353928 47.5168991)",w_bus_only;w_bus_metro;d_bus_only;d_bus_metro,Metro Transit,112,102736.1:1;27;34;39;45;63;69;97;101;107;112;118;125;132;136;165;170;177;184;189;199;204;208;221;223;394;405;416;421;426;437
1000340,1500357,1500353,bus,1,102736.1,1,service_links,425.776232740017,18,999999,25.521052911489534,0,1.0,17999982,0.15,4,0,"LINESTRING (-122.353928 47.5168991, -122.359543 47.5174294)",w_bus_only;w_bus_metro;d_bus_only;d_bus_metro,Metro Transit,118,102736.1:1;27;34;39;45;63;69;97;101;107;112;118;125;132;136;165;170;177;184;189;199;204;208;221;223;394;405;416;421;426;437
1000341,1500353,1500354,bus,1,102736.1,1,service_links,450.88395670868067,18,999999,27.02601139112971,0,1.0,17999982,0.15,4,0,"LINESTRING (-122.359543 47.5174294, -122.365547 47.5174294)",w_bus_only;w_bus_metro;d_bus_only;d_bus_metro,Metro Transit,125,102736.1:1;27;34;39;45;63;69;97;101;107;112;118;125;132;136;165;170;177;184;189;199;204;208;221;223;394;405;416;421;426;437
1000342,1500354,1500355,bus,1,102736.1,1,service_links,390.59132899726785,18,999999,23.412067672163907,0,1.0,17999982,0.15,4,0,"LINESTRING (-122.365547 47.5174294, -122.365768 47.5209389)",w_bus_only;w_bus_metro;d_bus_only;d_bus_metro,Metro Transit,132,102736.1:1;27;34;39;45;63;69;97;101;107;112;118;125;132;136;165;170;177;184;189;199;204;208;221;223;394;405;416;421;426;437
1000343,1500355,1500351,bus,1,102736.1,1,service_links,487.478929855133,18,999999,29.21951627503295,0,1.0,17999982,0.15,4,0,"LINESTRING (-122.365768 47.5209389, -122.360252 47.5232506)",w_bus_only;w_bus_metro;d_bus_only;d_bus_metro,Metro Transit,136,102736.1:1;27;34;39;45;63;69;97;101;107;112;118;125;132;136;165;170;177;184;189;199;204;208;221;223;394;405;416;421;426;437
1000344,1500351,1500352,bus,1,102736.1,1,service_links,473.86969486382526,18,999999,28.403777913915604,0,1.0,17999982,0.15,4,0,"LINESTRING (-122.360252 47.5232506, -122.360359 47.5275116)",w_bus_only;w_bus_metro;d_bus_only;d_bus_metro,Metro Transit,165,102736.1:1;27;34;39;45;63;69;97;101;107;112;118;125;132;136;165;170;177;184;189;199;204;208;221;223;394;405;416;421;426;437
1000345,1500352,1500356,bus,1,102736.1,1,service_links,790.9623648014596,18,999999,23.717012437824877,0,2.0,17999982,0.15,4,0,"LINESTRING (-122.360359 47.5275116, -122.360649 47.5346222)",w_bus_only;w_bus_metro;d_bus_only;d_bus_metro,Metro Transit,170,102736.1:1;27;34;39;45;63;69;97;101;107;112;118;125;132;136;165;170;177;184;189;199;204;208;221;223;394;405;416;421;426;437
1000346,1500356,1500344,bus,1,102736.1,1,service_links,514.6907723218076,18,999999,15.433006666321067,0,2.0,17999982,0.15,4,0,"LINESTRING (-122.360649 47.5346222, -122.360825 47.5392494)",w_bus_only;w_bus_metro;d_bus_only;d_bus_metro,Metro Transit,177,102736.1:1;27;34;39;45;63;69;97;101;107;112;118;125;132;136;165;170;177;184;189;199;204;208;221;223;394;405;416;421;426;437
1000347,1500344,1500345,bus,1,102736.1,1,service_links,445.4897774824432,18,999999,26729.38664894659,0,0.0,17999982,0.15,4,0,"LINESTRING (-122.360825 47.5392494, -122.361115 47.543251)",w_bus_only;w_bus_metro;d_bus_only;d_bus_metro,Metro Transit,184,102736.1:1;27;34;39;45;63;69;97;101;107;112;118;125;132;136;165;170;177;184;189;199;204;208;221;223;394;405;416;421;426;437
1000348,1500345,1500346,bus,1,102736.1,1,service_links,413.77541837981016,18,999999,24.801723379409207,0,1.0,17999982,0.15,4,0,"LINESTRING (-122.361115 47.543251, -122.362831 47.5467873)",w_bus_only;w_bus_metro;d_bus_only;d_bus_metro,Metro Transit,189,102736.1:1;27;34;39;45;63;69;97;101;107;112;118;125;132;136;165;170;177;184;189;199;204;208;221;223;394;405;416;421;426;437
1000349,1500346,1500350,bus,1,102736.1,1,service_links,598.9429451828302,18,999999,35.90067603493488,0,1.0,17999982,0.15,4,0,"LINESTRING (-122.362831 47.5467873, -122.362885 47.5521736)",w_bus_only;w_bus_metro;d_bus_only;d_bus_metro,Metro Transit,199,102736.1:1;27;34;39;45;63;69;97;101;107;112;118;125;132;136;165;170;177;184;189;199;204;208;221;223;394;405;416;421;426;437
1000350,1500350,1500347,bus,1,102736.1,1,service_links,582.4175660048519,18,999999,34.910143816474644,0,1.0,17999982,0.15,4,0,"LINESTRING (-122.362885 47.5521736, -122.362816 47.5574112)",w_bus_only;w_bus_metro;d_bus_only;d_bus_metro,Metro Transit,204,102736.1:1;27;34;39;45;63;69;97;101;107;112;118;125;132;136;165;170;177;184;189;199;204;208;221;223;394;405;416;421;426;437
1000351,1500347,1500348,bus,1,102736.1,1,service_links,845.0617821917567,18,999999,50.653053877627784,0,1.0,17999982,0.15,4,0,"LINESTRING (-122.362816 47.5574112, -122.363213 47.5650063)",w_bus_only;w_bus_metro;d_bus_only;d_bus_metro,Metro Transit,208,102736.1:1;27;34;39;45;63;69;97;101;107;112;118;125;132;136;165;170;177;184;189;199;204;208;221;223;394;405;416;421;426;437
1000352,1500348,1500349,bus,1,102736.1,1,service_links,326.1948817483615,18,999999,19571.69290490169,0,0.0,17999982,0.15,4,0,"LINESTRING (-122.363213 47.5650063, -122.36319 47.5679398)",w_bus_only;w_bus_metro;d_bus_only;d_bus_metro,Metro Transit,221,102736.1:1;27;34;39;45;63;69;97;101;107;112;118;125;132;136;165;170;177;184;189;199;204;208;221;223;394;405;416;421;426;437
1000353,1500349,1500343,bus,1,102736.1,1,service_links,4094.927251349825,18,999999,27.296482066546996,0,9.0,17999982,0.15,4,0,"LINESTRING (-122.36319 47.5679398, -122.335556 47.5997009)",w_bus_only;w_bus_metro;d_bus_only;d_bus_metro,Metro Transit,223,102736.1:1;27;34;39;45;63;69;97;101;107;112;118;125;132;136;165;170;177;184;189;199;204;208;221;223;394;405;416;421;426;437
1000354,1500343,1500342,bus,1,102736.1,1,service_links,322.2402995898868,18,999999,19.315102872520686,0,1.0,17999982,0.15,4,0,"LINESTRING (-122.335556 47.5997009, -122.336685 47.6024971)",w_bus_only;w_bus_metro;d_bus_only;d_bus_metro,Metro Transit,394,102736.1:1;27;34;39;45;63;69;97;101;107;112;118;125;132;136;165;170;177;184;189;199;204;208;221;223;394;405;416;421;426;437
1000355,1500342,1500369,bus,1,102736.1,1,service_links,400.4086510692165,18,999999,24.000518545607385,0,1.0,17999982,0.15,4,0,"LINESTRING (-122.336685 47.6024971, -122.333832 47.6055412)",w_bus_only;w_bus_metro;d_bus_only;d_bus_metro,Metro Transit,405,102736.1:1;27;34;39;45;63;69;97;101;107;112;118;125;132;136;165;170;177;184;189;199;204;208;221;223;394;405;416;421;426;437
1000356,1500369,1500370,bus,1,102736.1,1,service_links,410.7266799646736,18,999999,24.618981816064355,0,1.0,17999982,0.15,4,0,"LINESTRING (-122.333832 47.6055412, -122.3367 47.6086884)",w_bus_only;w_bus_metro;d_bus_only;d_bus_metro,Metro Transit,416,102736.1:1;27;34;39;45;63;69;97;101;107;112;118;125;132;136;165;170;177;184;189;199;204;208;221;223;394;405;416;421;426;437
1000357,1500370,1500371,bus,1,102736.1,1,service_links,320.3612633294847,18,999999,19.202473326442643,0,1.0,17999982,0.15,4,0,"LINESTRING (-122.3367 47.6086884, -122.338951 47.6111374)",w_bus_only;w_bus_metro;d_bus_only;d_bus_metro,Metro Transit,421,102736.1:1;27;34;39;45;63;69;97;101;107;112;118;125;132;136;165;170;177;184;189;199;204;208;221;223;394;405;416;421;426;437
1000358,1500371,1500372,bus,1,102736.1,1,service_links,294.06368159175713,18,999999,8.817501696904262,0,2.0,17999982,0.15,4,0,"LINESTRING (-122.338951 47.6111374, -122.341743 47.6129951)",w_bus_only;w_bus_metro;d_bus_only;d_bus_metro,Metro Transit,426,102736.1:1;27;34;39;45;63;69;97;101;107;112;118;125;132;136;165;170;177;184;189;199;204;208;221;223;394;405;416;421;426;437
1000359,1500388,1500389,bus,1,102736.2,1,service_links,471.56697433725463,16,999999,14.139939260487397,0,2.0,15999984,0.15,4,0,"LINESTRING (-122.34111 47.6124382, -122.337288 47.6090698)",w_bus_only;w_bus_metro;d_bus_only;d_bus_metro,Metro Transit,1,102736.2:1;15;19;23;32;52;185;189;199;205;209;219;225;234;238;243;267;273;281;287;292;299;305;309;336;343;360;366;371;378;391
1000360,1500389,1500390,bus,1,102736.2,1,service_links,342.72661173384756,16,999999,20.543053650380475,0,1.0,15999984,0.15,4,0,"LINESTRING (-122.337288 47.6090698, -122.3349 47.6064415)",w_bus_only;w_bus_metro;d_bus_only;d_bus_metro,Metro Transit,15,102736.2:1;15;19;23;32;52;185;189;199;205;209;219;225;234;238;243;267;273;281;287;292;299;305;309;336;343;360;366;371;378;391
1000361,1500390,1500392,bus,1,102736.2,1,service_links,284.8218497709719,16,999999,8.540385300478915,0,2.0,15999984,0.15,4,0,"LINESTRING (-122.3349 47.6064415, -122.332901 47.6042633)",w_bus_only;w_bus_metro;d_bus_only;d_bus_metro,Metro Transit,19,102736.2:1;15;19;23;32;52;185;189;199;205;209;219;225;234;238;243;267;273;281;287;292;299;305;309;336;343;360;366;371;378;391
1000362,1500392,1500373,bus,1,102736.2,1,service_links,343.9906780773084,16,999999,20639.440684638506,0,0.0,15999984,0.15,4,0,"LINESTRING (-122.332901 47.6042633, -122.336784 47.6026154)",w_bus_only;w_bus_metro;d_bus_only;d_bus_metro,Metro Transit,23,102736.2:1;15;19;23;32;52;185;189;199;205;209;219;225;234;238;243;267;273;281;287;292;299;305;309;336;343;360;366;371;378;391
1000363,1500373,1500374,bus,1,102736.2,1,service_links,437.89591536860064,16,999999,26.24750741470134,0,1.0,15999984,0.15,4,0,"LINESTRING (-122.336784 47.6026154, -122.33596 47.5987167)",w_bus_only;w_bus_metro;d_bus_only;d_bus_metro,Metro Transit,32,102736.2:1;15;19;23;32;52;185;189;199;205;209;219;225;234;238;243;267;273;281;287;292;299;305;309;336;343;360;366;371;378;391
1000364,1500374,1500377,bus,1,102736.2,1,service_links,4028.5908908122547,16,999999,30.210655349173265,0,8.0,15999984,0.15,4,0,"LINESTRING (-122.33596 47.5987167, -122.363396 47.5675697)",w_bus_only;w_bus_metro;d_bus_only;d_bus_metro,Metro Transit,52,102736.2:1;15;19;23;32;52;185;189;199;205;209;219;225;234;238;243;267;273;281;287;292;299;305;309;336;343;360;366;371;378;391
1000365,1500377,1500378,bus,1,102736.2,1,service_links,343.1630019310886,16,999999,20589.780115865316,0,0.0,15999984,0.15,4,0,"LINESTRING (-122.363396 47.5675697, -122.363419 47.5644836)",w_bus_only;w_bus_metro;d_bus_only;d_bus_metro,Metro Transit,185,102736.2:1;15;19;23;32;52;185;189;199;205;209;219;225;234;238;243;267;273;281;287;292;299;305;309;336;343;360;366;371;378;391
1000366,1500378,1500379,bus,1,102736.2,1,service_links,770.8675187681853,16,999999,46.205845280810316,0,1.0,15999984,0.15,4,0,"LINESTRING (-122.363419 47.5644836, -122.363022 47.5575562)",w_bus_only;w_bus_metro;d_bus_only;d_bus_metro,Metro Transit,189,102736.2:1;15;19;23;32;52;185;189;199;205;209;219;225;234;238;243;267;273;281;287;292;299;305;309;336;343;360;366;371;378;391
1000367,1500379,1500380,bus,1,102736.2,1,service_links,657.0712245849754,16,999999,39.38488858651203,0,1.0,15999984,0.15,4,0,"LINESTRING (-122.363022 47.5575562, -122.363091 47.5516472)",w_bus_only;w_bus_metro;d_bus_only;d_bus_metro,Metro Transit,199,102736.2:1;15;19;23;32;52;185;189;199;205;209;219;225;234;238;243;267;273;281;287;292;299;305;309;336;343;360;366;371;378;391
1000368,1500380,1500381,bus,1,102736.2,1,service_links,540.8450691317569,16,999999,32.418285862043376,0,1.0,15999984,0.15,4,0,"LINESTRING (-122.363091 47.5516472, -122.363037 47.5467834)",w_bus_only;w_bus_metro;d_bus_only;d_bus_metro,Metro Transit,205,102736.2:1;15;19;23;32;52;185;189;199;205;209;219;225;234;238;243;267;273;281;287;292;299;305;309;336;343;360;366;371;378;391
1000369,1500381,1500382,bus,1,102736.2,1,service_links,440.62431290529304,16,999999,26.411047726590994,0,1.0,15999984,0.15,4,0,"LINESTRING (-122.363037 47.5467834, -122.361313 47.5429955)",w_bus_only;w_bus_metro;d_bus_only;d_bus_metro,Metro Transit,209,102736.2:1;15;19;23;32;52;185;189;199;205;209;219;225;234;238;243;267;273;281;287;292;299;305;309;336;343;360;366;371;378;391
1000370,1500382,1500383,bus,1,102736.2,1,service_links,488.46085252516616,16,999999,29.27837277873124,0,1.0,15999984,0.15,4,0,"LINESTRING (-122.361313 47.5429955, -122.361115 47.5386047)",w_bus_only;w_bus_metro;d_bus_only;d_bus_metro,Metro Transit,219,102736.2:1;15;19;23;32;52;185;189;199;205;209;219;225;234;238;243;267;273;281;287;292;299;305;309;336;343;360;366;371;378;391
1000371,1500383,1500384,bus,1,102736.2,1,service_links,582.323352670165,16,999999,34.904496663546354,0,1.0,15999984,0.15,4,0,"LINESTRING (-122.361115 47.5386047, -122.360535 47.5333824)",w_bus_only;w_bus_metro;d_bus_only;d_bus_metro,Metro Transit,225,102736.2:1;15;19;23;32;52;185;189;199;205;209;219;225;234;238;243;267;273;281;287;292;299;305;309;336;343;360;366;371;378;391
1000372,1500384,1500385,bus,1,102736.2,1,service_links,592.9957018097135,16,999999,17.7809805640094,0,2.0,15999984,0.15,4,0,"LINESTRING (-122.360535 47.5333824, -122.360565 47.5280495)",w_bus_only;w_bus_metro;d_bus_only;d_bus_metro,Metro Transit,234,102736.2:1;15;19;23;32;52;185;189;199;205;209;219;225;234;238;243;267;273;281;287;292;299;305;309;336;343;360;366;371;378;391
1000373,1500385,1500386,bus,1,102736.2,1,service_links,565.8535301750358,16,999999,16.967122344079034,0,2.0,15999984,0.15,4,0,"LINESTRING (-122.360565 47.5280495, -122.360596 47.5229607)",w_bus_only;w_bus_metro;d_bus_only;d_bus_metro,Metro Transit,238,102736.2:1;15;19;23;32;52;185;189;199;205;209;219;225;234;238;243;267;273;281;287;292;299;305;309;336;343;360;366;371;378;391
1000374,1500386,1500387,bus,1,102736.2,1,service_links,384.6338109384285,16,999999,11.533247704300706,0,2.0,15999984,0.15,4,0,"LINESTRING (-122.360596 47.5229607, -122.364906 47.5210915)",w_bus_only;w_bus_metro;d_bus_only;d_bus_metro,Metro Transit,243,102736.2:1;15;19;23;32;52;185;189;199;205;209;219;225;234;238;243;267;273;281;287;292;299;305;309;336;343;360;366;371;378;391
1000375,1500387,1500375,bus,1,102736.2,1,service_links,423.41323308347984,16,999999,25.379414570438353,0,1.0,15999984,0.15,4,0,"LINESTRING (-122.364906 47.5210915, -122.365356 47.5172958)",w_bus_only;w_bus_metro;d_bus_only;d_bus_metro,Metro Transit,267,102736.2:1;15;19;23;32;52;185;189;199;205;209;219;225;234;238;243;267;273;281;287;292;299;305;309;336;343;360;366;371;378;391
1000376,1500375,1500376,bus,1,102736.2,1,service_links,490.9871443668735,16,999999,14.722253204404005,0,2.0,15999984,0.15,4,0,"LINESTRING (-122.365356 47.5172958, -122.358818 47.5172958)",w_bus_only;w_bus_metro;d_bus_only;d_bus_metro,Metro Transit,273,102736.2:1;15;19;23;32;52;185;189;199;205;209;219;225;234;238;243;267;273;281;287;292;299;305;309;336;343;360;366;371;378;391
1000377,1500376,1500394,bus,1,102736.2,1,service_links,356.25244562969385,16,999999,10.682232252764432,0,2.0,15999984,0.15,4,0,"LINESTRING (-122.358818 47.5172958, -122.354134 47.5167885)",w_bus_only;w_bus_metro;d_bus_only;d_bus_metro,Metro Transit,281,102736.2:1;15;19;23;32;52;185;189;199;205;209;219;225;234;238;243;267;273;281;287;292;299;305;309;336;343;360;366;371;378;391
1000378,1500394,1500395,bus,1,102736.2,1,service_links,530.3463805154475,16,999999,31.788993837089766,0,1.0,15999984,0.15,4,0,"LINESTRING (-122.354134 47.5167885, -122.353981 47.5120201)",w_bus_only;w_bus_metro;d_bus_only;d_bus_metro,Metro Transit,287,102736.2:1;15;19;23;32;52;185;189;199;205;209;219;225;234;238;243;267;273;281;287;292;299;305;309;336;343;360;366;371;378;391
1000379,1500395,1500396,bus,1,102736.2,1,service_links,477.28099652103043,16,999999,28.608251539722108,0,1.0,15999984,0.15,4,0,"LINESTRING (-122.353981 47.5120201, -122.353859 47.5077286)",w_bus_only;w_bus_metro;d_bus_only;d_bus_metro,Metro Transit,292,102736.2:1;15;19;23;32;52;185;189;199;205;209;219;225;234;238;243;267;273;281;287;292;299;305;309;336;343;360;366;371;378;391
1000380,1500396,1500397,bus,1,102736.2,1,service_links,617.9731310974079,16,999999,18.529928968438018,0,2.0,15999984,0.15,4,0,"LINESTRING (-122.353859 47.5077286, -122.355247 47.5022507)",w_bus_only;w_bus_metro;d_bus_only;d_bus_metro,Metro Transit,299,102736.2:1;15;19;23;32;52;185;189;199;205;209;219;225;234;238;243;267;273;281;287;292;299;305;309;336;343;360;366;371;378;391
1000381,1500397,1500398,bus,1,102736.2,1,service_links,330.01956090089163,16,999999,19801.1736540535,0,0.0,15999984,0.15,4,0,"LINESTRING (-122.355247 47.5022507, -122.355225 47.4992828)",w_bus_only;w_bus_metro;d_bus_only;d_bus_metro,Metro Transit,305,102736.2:1;15;19;23;32;52;185;189;199;205;209;219;225;234;238;243;267;273;281;287;292;299;305;309;336;343;360;366;371;378;391
1000382,1500398,1500393,bus,1,102736.2,1,service_links,756.1363504425187,16,999999,22.67275413620746,0,2.0,15999984,0.15,4,0,"LINESTRING (-122.355225 47.4992828, -122.35006 47.4934464)",w_bus_only;w_bus_metro;d_bus_only;d_bus_metro,Metro Transit,309,102736.2:1;15;19;23;32;52;185;189;199;205;209;219;225;234;238;243;267;273;281;287;292;299;305;309;336;343;360;366;371;378;391
1000383,1500393,1500399,bus,1,102736.2,1,service_links,590.8830200348602,16,999999,17.717631785153234,0,2.0,15999984,0.15,4,0,"LINESTRING (-122.35006 47.4934464, -122.35009 47.4881325)",w_bus_only;w_bus_metro;d_bus_only;d_bus_metro,Metro Transit,336,102736.2:1;15;19;23;32;52;185;189;199;205;209;219;225;234;238;243;267;273;281;287;292;299;305;309;336;343;360;366;371;378;391
1000384,1500399,1500400,bus,1,102736.2,1,service_links,841.8594911499159,16,999999,25.243163152921017,0,2.0,15999984,0.15,4,0,"LINESTRING (-122.35009 47.4881325, -122.348328 47.4806557)",w_bus_only;w_bus_metro;d_bus_only;d_bus_metro,Metro Transit,343,102736.2:1;15;19;23;32;52;185;189;199;205;209;219;225;234;238;243;267;273;281;287;292;299;305;309;336;343;360;366;371;378;391
1000385,1500400,1500401,bus,1,102736.2,1,service_links,571.3370434661008,16,999999,34.24597663133471,0,1.0,15999984,0.15,4,0,"LINESTRING (-122.348328 47.4806557, -122.347679 47.4755363)",w_bus_only;w_bus_metro;d_bus_only;d_bus_metro,Metro Transit,360,102736.2:1;15;19;23;32;52;185;189;199;205;209;219;225;234;238;243;267;273;281;287;292;299;305;309;336;343;360;366;371;378;391
1000386,1500401,1500402,bus,1,102736.2,1,service_links,560.4193647651863,16,999999,33.59157031559559,0,1.0,15999984,0.15,4,0,"LINESTRING (-122.347679 47.4755363, -122.347084 47.4705124)",w_bus_only;w_bus_metro;d_bus_only;d_bus_metro,Metro Transit,366,102736.2:1;15;19;23;32;52;185;189;199;205;209;219;225;234;238;243;267;273;281;287;292;299;305;309;336;343;360;366;371;378;391
1000387,1500402,1500391,bus,1,102736.2,1,service_links,482.54642649031786,16,999999,14.469158215601738,0,2.0,15999984,0.15,4,0,"LINESTRING (-122.347084 47.4705124, -122.341354 47.4685555)",w_bus_only;w_bus_metro;d_bus_only;d_bus_metro,Metro Transit,371,102736.2:1;15;19;23;32;52;185;189;199;205;209;219;225;234;238;243;267;273;281;287;292;299;305;309;336;343;360;366;371;378;391
1000388,1500391,1500403,bus,1,102736.2,1,service_links,330.7314660065631,16,999999,19.824063896497293,0,1.0,15999984,0.15,4,0,"LINESTRING (-122.341354 47.4685555, -122.337288 47.4696922)",w_bus_only;w_bus_metro;d_bus_only;d_bus_metro,Metro Transit,378,102736.2:1;15;19;23;32;52;185;189;199;205;209;219;225;234;238;243;267;273;281;287;292;299;305;309;336;343;360;366;371;378;391
1000388,1000139,1500001,bus,1,100512.1,2,boarding_links,13.428372668930574,1,999999,2.0,0,1.7647058823529411,999999,0.15,4,0,"LINESTRING (-122.29643300000001 47.3861801, -122.296333 47.3862801)",w_bus_only;w_bus_metro;d_bus_only;d_bus_metro,Metro Transit,-1,100512.1.48949:1;29;32;40;58;67;72;88;93;97;104;107;118;123;138;152;170;175;180;186;195;205;210;225;235;262
1000389,1500001,1000139,bus,1,100512.1,2,boarding_links,13.428372668930574,1,999999,2.0,0,1.0,999999,0.15,4,0,"LINESTRING (-122.29643300000001 47.3861801, -122.296333 47.3862801)",w_bus_only;w_bus_metro;d_bus_only;d_bus_metro,Metro Transit,-1,100512.1.48949:1;29;32;40;58;67;72;88;93;97;104;107;118;123;138;152;170;175;180;186;195;205;210;225;235;262
1000390,1000171,1500002,bus,1,100512.1,2,boarding_links,13.422456590942684,1,999999,2.0,0,1.7647058823529411,999999,0.15,4,0,"LINESTRING (-122.29136700000001 47.460055499999996, -122.291267 47.4601555)",w_bus_only;w_bus_metro;d_bus_only;d_bus_metro,Metro Transit,-1,100512.1.52800:1;29;32;40;58;67;72;88;93;97;104;107;118;123;138;152;170;175;180;186;195;205;210;225;235;262
1000391,1500002,1000171,bus,1,100512.1,2,boarding_links,13.422456590942684,1,999999,2.0,0,1.0,999999,0.15,4,0,"LINESTRING (-122.29136700000001 47.460055499999996, -122.291267 47.4601555)",w_bus_only;w_bus_metro;d_bus_only;d_bus_metro,Metro Transit,-1,100512.1.52800:1;29;32;40;58;67;72;88;93;97;104;107;118;123;138;152;170;175;180;186;195;205;210;225;235;262
1000392,1000215,1500003,bus,1,100512.1,2,boarding_links,13.43373283825175,1,999999,2.0,0,1.7647058823529411,999999,0.15,4,0,"LINESTRING (-122.313287 47.319232099999994, -122.313187 47.3193321)",w_bus_only;w_bus_metro;d_bus_only;d_bus_metro,Metro Transit,-1,100512.1.60660:1;29;32;40;58;67;72;88;93;97;104;107;118;123;138;152;170;175;180;186;195;205;210;225;235;262
1000393,1500003,1000215,bus,1,100512.1,2,boarding_links,13.43373283825175,1,999999,2.0,0,1.0,999999,0.15,4,0,"LINESTRING (-122.313287 47.319232099999994, -122.313187 47.3193321)",w_bus_only;w_bus_metro;d_bus_only;d_bus_metro,Metro Transit,-1,100512.1.60660:1;29;32;40;58;67;72;88;93;97;104;107;118;123;138;152;170;175;180;186;195;205;210;225;235;262
1000394,1000216,1500004,bus,1,100512.1,2,boarding_links,13.433454624891539,1,999999,2.0,0,1.7647058823529411,999999,0.15,4,0,"LINESTRING (-122.31327900000001 47.3227073, -122.313179 47.3228073)",w_bus_only;w_bus_metro;d_bus_only;d_bus_metro,Metro Transit,-1,100512.1.60670:1;29;32;40;58;67;72;88;93;97;104;107;118;123;138;152;170;175;180;186;195;205;210;225;235;262
1000395,1500004,1000216,bus,1,100512.1,2,boarding_links,13.433454624891539,1,999999,2.0,0,1.0,999999,0.15,4,0,"LINESTRING (-122.31327900000001 47.3227073, -122.313179 47.3228073)",w_bus_only;w_bus_metro;d_bus_only;d_bus_metro,Metro Transit,-1,100512.1.60670:1;29;32;40;58;67;72;88;93;97;104;107;118;123;138;152;170;175;180;186;195;205;210;225;235;262
1000396,1000217,1500005,bus,1,100512.1,2,boarding_links,13.433157778986509,1,999999,2.0,0,1.7647058823529411,999999,0.15,4,0,"LINESTRING (-122.313004 47.3264152, -122.312904 47.3265152)",w_bus_only;w_bus_metro;d_bus_only;d_bus_metro,Metro Transit,-1,100512.1.60680:1;29;32;40;58;67;72;88;93;97;104;107;118;123;138;152;170;175;180;186;195;205;210;225;235;262
1000397,1500005,1000217,bus,1,100512.1,2,boarding_links,13.433157778986509,1,999999,2.0,0,1.0,999999,0.15,4,0,"LINESTRING (-122.313004 47.3264152, -122.312904 47.3265152)",w_bus_only;w_bus_metro;d_bus_only;d_bus_metro,Metro Transit,-1,100512.1.60680:1;29;32;40;58;67;72;88;93;97;104;107;118;123;138;152;170;175;180;186;195;205;210;225;235;262
1000398,1000219,1500006,bus,1,100512.1,2,boarding_links,13.43244497134368,1,999999,2.0,0,1.7647058823529411,999999,0.15,4,0,"LINESTRING (-122.31202 47.335318699999995, -122.31192 47.3354187)",w_bus_only;w_bus_metro;d_bus_only;d_bus_metro,Metro Transit,-1,100512.1.60710:1;29;32;40;58;67;72;88;93;97;104;107;118;123;138;152;170;175;180;186;195;205;210;225;235;262
1000399,1500006,1000219,bus,1,100512.1,2,boarding_links,13.43244497134368,1,999999,2.0,0,1.0,999999,0.15,4,0,"LINESTRING (-122.31202 47.335318699999995, -122.31192 47.3354187)",w_bus_only;w_bus_metro;d_bus_only;d_bus_metro,Metro Transit,-1,100512.1.60710:1;29;32;40;58;67;72;88;93;97;104;107;118;123;138;152;170;175;180;186;195;205;210;225;235;262
1000400,1000220,1500007,bus,1,100512.1,2,boarding_links,13.431767267405128,1,999999,2.0,0,1.7647058823529411,999999,0.15,4,0,"LINESTRING (-122.312211 47.343783499999994, -122.312111 47.3438835)",w_bus_only;w_bus_metro;d_bus_only;d_bus_metro,Metro Transit,-1,100512.1.60720:1;29;32;40;58;67;72;88;93;97;104;107;118;123;138;152;170;175;180;186;195;205;210;225;235;262
1000401,1500007,1000220,bus,1,100512.1,2,boarding_links,13.431767267405128,1,999999,2.0,0,1.0,999999,0.15,4,0,"LINESTRING (-122.312211 47.343783499999994, -122.312111 47.3438835)",w_bus_only;w_bus_metro;d_bus_only;d_bus_metro,Metro Transit,-1,100512.1.60720:1;29;32;40;58;67;72;88;93;97;104;107;118;123;138;152;170;175;180;186;195;205;210;225;235;262
1000402,1000221,1500008,bus,1,100512.1,2,boarding_links,13.431368088837797,1,999999,2.0,0,1.7647058823529411,999999,0.15,4,0,"LINESTRING (-122.312386 47.348769299999994, -122.312286 47.3488693)",w_bus_only;w_bus_metro;d_bus_only;d_bus_metro,Metro Transit,-1,100512.1.60729:1;29;32;40;58;67;72;88;93;97;104;107;118;123;138;152;170;175;180;186;195;205;210;225;235;262
1000403,1500008,1000221,bus,1,100512.1,2,boarding_links,13.431368088837797,1,999999,2.0,0,1.0,999999,0.15,4,0,"LINESTRING (-122.312386 47.348769299999994, -122.312286 47.3488693)",w_bus_only;w_bus_metro;d_bus_only;d_bus_metro,Metro Transit,-1,100512.1.60729:1;29;32;40;58;67;72;88;93;97;104;107;118;123;138;152;170;175;180;186;195;205;210;225;235;262
1000404,1000222,1500009,bus,1,100512.1,2,boarding_links,13.430879103119356,1,999999,2.0,0,1.7647058823529411,999999,0.15,4,0,"LINESTRING (-122.31087600000001 47.3548767, -122.310776 47.3549767)",w_bus_only;w_bus_metro;d_bus_only;d_bus_metro,Metro Transit,-1,100512.1.60748:1;29;32;40;58;67;72;88;93;97;104;107;118;123;138;152;170;175;180;186;195;205;210;225;235;262
1000405,1500009,1000222,bus,1,100512.1,2,boarding_links,13.430879103119356,1,999999,2.0,0,1.0,999999,0.15,4,0,"LINESTRING (-122.31087600000001 47.3548767, -122.310776 47.3549767)",w_bus_only;w_bus_metro;d_bus_only;d_bus_metro,Metro Transit,-1,100512.1.60748:1;29;32;40;58;67;72;88;93;97;104;107;118;123;138;152;170;175;180;186;195;205;210;225;235;262
1000406,1000223,1500010,bus,1,100512.1,2,boarding_links,13.430554132367648,1,999999,2.0,0,1.7647058823529411,999999,0.15,4,0,"LINESTRING (-122.308724 47.358935499999994, -122.308624 47.3590355)",w_bus_only;w_bus_metro;d_bus_only;d_bus_metro,Metro Transit,-1,100512.1.60750:1;29;32;40;58;67;72;88;93;97;104;107;118;123;138;152;170;175;180;186;195;205;210;225;235;262
1000407,1500010,1000223,bus,1,100512.1,2,boarding_links,13.430554132367648,1,999999,2.0,0,1.0,999999,0.15,4,0,"LINESTRING (-122.308724 47.358935499999994, -122.308624 47.3590355)",w_bus_only;w_bus_metro;d_bus_only;d_bus_metro,Metro Transit,-1,100512.1.60750:1;29;32;40;58;67;72;88;93;97;104;107;118;123;138;152;170;175;180;186;195;205;210;225;235;262
1000408,1000224,1500011,bus,1,100512.1,2,boarding_links,13.430343084954822,1,999999,2.0,0,1.7647058823529411,999999,0.15,4,0,"LINESTRING (-122.30737400000001 47.361571399999995, -122.307274 47.3616714)",w_bus_only;w_bus_metro;d_bus_only;d_bus_metro,Metro Transit,-1,100512.1.60752:1;29;32;40;58;67;72;88;93;97;104;107;118;123;138;152;170;175;180;186;195;205;210;225;235;262
1000409,1500011,1000224,bus,1,100512.1,2,boarding_links,13.430343084954822,1,999999,2.0,0,1.0,999999,0.15,4,0,"LINESTRING (-122.30737400000001 47.361571399999995, -122.307274 47.3616714)",w_bus_only;w_bus_metro;d_bus_only;d_bus_metro,Metro Transit,-1,100512.1.60752:1;29;32;40;58;67;72;88;93;97;104;107;118;123;138;152;170;175;180;186;195;205;210;225;235;262
1000410,1000225,1500012,bus,1,100512.1,2,boarding_links,13.429717859262693,1,999999,2.0,0,1.7647058823529411,999999,0.15,4,0,"LINESTRING (-122.30327700000001 47.369380099999994, -122.303177 47.3694801)",w_bus_only;w_bus_metro;d_bus_only;d_bus_metro,Metro Transit,-1,100512.1.60760:1;29;32;40;58;67;72;88;93;97;104;107;118;123;138;152;170;175;180;186;195;205;210;225;235;262
1000411,1500012,1000225,bus,1,100512.1,2,boarding_links,13.429717859262693,1,999999,2.0,0,1.0,999999,0.15,4,0,"LINESTRING (-122.30327700000001 47.369380099999994, -122.303177 47.3694801)",w_bus_only;w_bus_metro;d_bus_only;d_bus_metro,Metro Transit,-1,100512.1.60760:1;29;32;40;58;67;72;88;93;97;104;107;118;123;138;152;170;175;180;186;195;205;210;225;235;262
1000412,1000226,1500013,bus,1,100512.1,2,boarding_links,13.429152487390859,1,999999,2.0,0,1.7647058823529411,999999,0.15,4,0,"LINESTRING (-122.299561 47.376441099999994, -122.299461 47.3765411)",w_bus_only;w_bus_metro;d_bus_only;d_bus_metro,Metro Transit,-1,100512.1.60780:1;29;32;40;58;67;72;88;93;97;104;107;118;123;138;152;170;175;180;186;195;205;210;225;235;262
1000413,1500013,1000226,bus,1,100512.1,2,boarding_links,13.429152487390859,1,999999,2.0,0,1.0,999999,0.15,4,0,"LINESTRING (-122.299561 47.376441099999994, -122.299461 47.3765411)",w_bus_only;w_bus_metro;d_bus_only;d_bus_metro,Metro Transit,-1,100512.1.60780:1;29;32;40;58;67;72;88;93;97;104;107;118;123;138;152;170;175;180;186;195;205;210;225;235;262
1000414,1000227,1500014,bus,1,100512.1,2,boarding_links,13.428781061606394,1,999999,2.0,0,1.7647058823529411,999999,0.15,4,0,"LINESTRING (-122.297692 47.381079799999995, -122.297592 47.3811798)",w_bus_only;w_bus_metro;d_bus_only;d_bus_metro,Metro Transit,-1,100512.1.60790:1;29;32;40;58;67;72;88;93;97;104;107;118;123;138;152;170;175;180;186;195;205;210;225;235;262
1000415,1500014,1000227,bus,1,100512.1,2,boarding_links,13.428781061606394,1,999999,2.0,0,1.0,999999,0.15,4,0,"LINESTRING (-122.297692 47.381079799999995, -122.297592 47.3811798)",w_bus_only;w_bus_metro;d_bus_only;d_bus_metro,Metro Transit,-1,100512.1.60790:1;29;32;40;58;67;72;88;93;97;104;107;118;123;138;152;170;175;180;186;195;205;210;225;235;262
1000416,1000228,1500015,bus,1,100512.1,2,boarding_links,13.427695163326929,1,999999,2.0,0,1.7647058823529411,999999,0.15,4,0,"LINESTRING (-122.29477800000001 47.394641099999994, -122.294678 47.3947411)",w_bus_only;w_bus_metro;d_bus_only;d_bus_metro,Metro Transit,-1,100512.1.60800:1;29;32;40;58;67;72;88;93;97;104;107;118;123;138;152;170;175;180;186;195;205;210;225;235;262
1000417,1500015,1000228,bus,1,100512.1,2,boarding_links,13.427695163326929,1,999999,2.0,0,1.0,999999,0.15,4,0,"LINESTRING (-122.29477800000001 47.394641099999994, -122.294678 47.3947411)",w_bus_only;w_bus_metro;d_bus_only;d_bus_metro,Metro Transit,-1,100512.1.60800:1;29;32;40;58;67;72;88;93;97;104;107;118;123;138;152;170;175;180;186;195;205;210;225;235;262
1000418,1000229,1500016,bus,1,100512.1,2,boarding_links,13.427158463386004,1,999999,2.0,0,1.7647058823529411,999999,0.15,4,0,"LINESTRING (-122.297639 47.401343499999996, -122.297539 47.4014435)",w_bus_only;w_bus_metro;d_bus_only;d_bus_metro,Metro Transit,-1,100512.1.60810:1;29;32;40;58;67;72;88;93;97;104;107;118;123;138;152;170;175;180;186;195;205;210;225;235;262
1000419,1500016,1000229,bus,1,100512.1,2,boarding_links,13.427158463386004,1,999999,2.0,0,1.0,999999,0.15,4,0,"LINESTRING (-122.297639 47.401343499999996, -122.297539 47.4014435)",w_bus_only;w_bus_metro;d_bus_only;d_bus_metro,Metro Transit,-1,100512.1.60810:1;29;32;40;58;67;72;88;93;97;104;107;118;123;138;152;170;175;180;186;195;205;210;225;235;262
1000420,1000230,1500017,bus,1,100512.1,2,boarding_links,13.426565849875495,1,999999,2.0,0,1.7647058823529411,999999,0.15,4,0,"LINESTRING (-122.298058 47.408744, -122.297958 47.408844)",w_bus_only;w_bus_metro;d_bus_only;d_bus_metro,Metro Transit,-1,100512.1.60830:1;29;32;40;58;67;72;88;93;97;104;107;118;123;138;152;170;175;180;186;195;205;210;225;235;262
1000421,1500017,1000230,bus,1,100512.1,2,boarding_links,13.426565849875495,1,999999,2.0,0,1.0,999999,0.15,4,0,"LINESTRING (-122.298058 47.408744, -122.297958 47.408844)",w_bus_only;w_bus_metro;d_bus_only;d_bus_metro,Metro Transit,-1,100512.1.60830:1;29;32;40;58;67;72;88;93;97;104;107;118;123;138;152;170;175;180;186;195;205;210;225;235;262
1000422,1000231,1500018,bus,1,100512.1,2,boarding_links,13.42600774565419,1,999999,2.0,0,1.7647058823529411,999999,0.15,4,0,"LINESTRING (-122.297143 47.415713399999994, -122.297043 47.4158134)",w_bus_only;w_bus_metro;d_bus_only;d_bus_metro,Metro Transit,-1,100512.1.60840:1;29;32;40;58;67;72;88;93;97;104;107;118;123;138;152;170;175;180;186;195;205;210;225;235;262
1000423,1500018,1000231,bus,1,100512.1,2,boarding_links,13.42600774565419,1,999999,2.0,0,1.0,999999,0.15,4,0,"LINESTRING (-122.297143 47.415713399999994, -122.297043 47.4158134)",w_bus_only;w_bus_metro;d_bus_only;d_bus_metro,Metro Transit,-1,100512.1.60840:1;29;32;40;58;67;72;88;93;97;104;107;118;123;138;152;170;175;180;186;195;205;210;225;235;262
1000424,1000232,1500019,bus,1,100512.1,2,boarding_links,13.425401965004971,1,999999,2.0,0,1.7647058823529411,999999,0.15,4,0,"LINESTRING (-122.29617400000001 47.423277999999996, -122.296074 47.423378)",w_bus_only;w_bus_metro;d_bus_only;d_bus_metro,Metro Transit,-1,100512.1.60850:1;29;32;40;58;67;72;88;93;97;104;107;118;123;138;152;170;175;180;186;195;205;210;225;235;262
1000425,1500019,1000232,bus,1,100512.1,2,boarding_links,13.425401965004971,1,999999,2.0,0,1.0,999999,0.15,4,0,"LINESTRING (-122.29617400000001 47.423277999999996, -122.296074 47.423378)",w_bus_only;w_bus_metro;d_bus_only;d_bus_metro,Metro Transit,-1,100512.1.60850:1;29;32;40;58;67;72;88;93;97;104;107;118;123;138;152;170;175;180;186;195;205;210;225;235;262
1000426,1000233,1500020,bus,1,100512.1,2,boarding_links,13.425022550279325,1,999999,2.0,0,1.7647058823529411,999999,0.15,4,0,"LINESTRING (-122.295556 47.4280158, -122.295456 47.4281158)",w_bus_only;w_bus_metro;d_bus_only;d_bus_metro,Metro Transit,-1,100512.1.60860:1;29;32;40;58;67;72;88;93;97;104;107;118;123;138;152;170;175;180;186;195;205;210;225;235;262
1000427,1500020,1000233,bus,1,100512.1,2,boarding_links,13.425022550279325,1,999999,2.0,0,1.0,999999,0.15,4,0,"LINESTRING (-122.295556 47.4280158, -122.295456 47.4281158)",w_bus_only;w_bus_metro;d_bus_only;d_bus_metro,Metro Transit,-1,100512.1.60860:1;29;32;40;58;67;72;88;93;97;104;107;118;123;138;152;170;175;180;186;195;205;210;225;235;262
1000428,1000234,1500021,bus,1,100512.1,2,boarding_links,13.424465014352275,1,999999,2.0,0,1.7647058823529411,999999,0.15,4,0,"LINESTRING (-122.295449 47.4349777, -122.295349 47.4350777)",w_bus_only;w_bus_metro;d_bus_only;d_bus_metro,Metro Transit,-1,100512.1.60880:1;29;32;40;58;67;72;88;93;97;104;107;118;123;138;152;170;175;180;186;195;205;210;225;235;262
1000429,1500021,1000234,bus,1,100512.1,2,boarding_links,13.424465014352275,1,999999,2.0,0,1.0,999999,0.15,4,0,"LINESTRING (-122.295449 47.4349777, -122.295349 47.4350777)",w_bus_only;w_bus_metro;d_bus_only;d_bus_metro,Metro Transit,-1,100512.1.60880:1;29;32;40;58;67;72;88;93;97;104;107;118;123;138;152;170;175;180;186;195;205;210;225;235;262
1000430,1000235,1500022,bus,1,100512.1,2,boarding_links,13.423856147415849,1,999999,2.0,0,1.7647058823529411,999999,0.15,4,0,"LINESTRING (-122.295983 47.4425804, -122.295883 47.4426804)",w_bus_only;w_bus_metro;d_bus_only;d_bus_metro,Metro Transit,-1,100512.1.60890:1;29;32;40;58;67;72;88;93;97;104;107;118;123;138;152;170;175;180;186;195;205;210;225;235;262
1000431,1500022,1000235,bus,1,100512.1,2,boarding_links,13.423856147415849,1,999999,2.0,0,1.0,999999,0.15,4,0,"LINESTRING (-122.295983 47.4425804, -122.295883 47.4426804)",w_bus_only;w_bus_metro;d_bus_only;d_bus_metro,Metro Transit,-1,100512.1.60890:1;29;32;40;58;67;72;88;93;97;104;107;118;123;138;152;170;175;180;186;195;205;210;225;235;262
1000432,1000236,1500023,bus,1,100512.1,2,boarding_links,13.423605026924946,1,999999,2.0,0,1.7647058823529411,999999,0.15,4,0,"LINESTRING (-122.296227 47.445716, -122.296127 47.445816)",w_bus_only;w_bus_metro;d_bus_only;d_bus_metro,Metro Transit,-1,100512.1.60900:1;29;32;40;58;67;72;88;93;97;104;107;118;123;138;152;170;175;180;186;195;205;210;225;235;262
1000433,1500023,1000236,bus,1,100512.1,2,boarding_links,13.423605026924946,1,999999,2.0,0,1.0,999999,0.15,4,0,"LINESTRING (-122.296227 47.445716, -122.296127 47.445816)",w_bus_only;w_bus_metro;d_bus_only;d_bus_metro,Metro Transit,-1,100512.1.60900:1;29;32;40;58;67;72;88;93;97;104;107;118;123;138;152;170;175;180;186;195;205;210;225;235;262
1000434,1000237,1500024,bus,1,100512.1,2,boarding_links,13.423170277640795,1,999999,2.0,0,1.7647058823529411,999999,0.15,4,0,"LINESTRING (-122.295762 47.4511444, -122.295662 47.4512444)",w_bus_only;w_bus_metro;d_bus_only;d_bus_metro,Metro Transit,-1,100512.1.60910:1;29;32;40;58;67;72;88;93;97;104;107;118;123;138;152;170;175;180;186;195;205;210;225;235;262
1000435,1500024,1000237,bus,1,100512.1,2,boarding_links,13.423170277640795,1,999999,2.0,0,1.0,999999,0.15,4,0,"LINESTRING (-122.295762 47.4511444, -122.295662 47.4512444)",w_bus_only;w_bus_metro;d_bus_only;d_bus_metro,Metro Transit,-1,100512.1.60910:1;29;32;40;58;67;72;88;93;97;104;107;118;123;138;152;170;175;180;186;195;205;210;225;235;262
1000436,1000238,1500025,bus,1,100512.1,2,boarding_links,13.422132125602678,1,999999,2.0,0,1.7647058823529411,999999,0.15,4,0,"LINESTRING (-122.28855200000001 47.464106699999995, -122.288452 47.4642067)",w_bus_only;w_bus_metro;d_bus_only;d_bus_metro,Metro Transit,-1,100512.1.60921:1;29;32;40;58;67;72;88;93;97;104;107;118;123;138;152;170;175;180;186;195;205;210;225;235;262
1000437,1500025,1000238,bus,1,100512.1,2,boarding_links,13.422132125602678,1,999999,2.0,0,1.0,999999,0.15,4,0,"LINESTRING (-122.28855200000001 47.464106699999995, -122.288452 47.4642067)",w_bus_only;w_bus_metro;d_bus_only;d_bus_metro,Metro Transit,-1,100512.1.60921:1;29;32;40;58;67;72;88;93;97;104;107;118;123;138;152;170;175;180;186;195;205;210;225;235;262
1000438,1000372,1500026,bus,1,100512.1,2,boarding_links,13.433876066677888,1,999999,2.0,0,1.7647058823529411,999999,0.15,4,0,"LINESTRING (-122.304246 47.317443, -122.304146 47.317543)",w_bus_only;w_bus_metro;d_bus_only;d_bus_metro,Metro Transit,-1,100512.1.80438:1;29;32;40;58;67;72;88;93;97;104;107;118;123;138;152;170;175;180;186;195;205;210;225;235;262
1000439,1500026,1000372,bus,1,100512.1,2,boarding_links,13.433876066677888,1,999999,2.0,0,1.0,999999,0.15,4,0,"LINESTRING (-122.304246 47.317443, -122.304146 47.317543)",w_bus_only;w_bus_metro;d_bus_only;d_bus_metro,Metro Transit,-1,100512.1.80438:1;29;32;40;58;67;72;88;93;97;104;107;118;123;138;152;170;175;180;186;195;205;210;225;235;262
1000440,1000146,1500027,bus,1,100512.2,2,boarding_links,13.427871720037055,1,999999,2.0,0,1.7647058823529411,999999,0.15,4,0,"LINESTRING (-122.295258 47.3924362, -122.295158 47.3925362)",w_bus_only;w_bus_metro;d_bus_only;d_bus_metro,Metro Transit,-1,100512.2.50480:1;31;45;58;67;79;90;93;97;105;125;142;148;153;164;167;172;175;180;198;204;225;233;238;262
1000441,1500027,1000146,bus,1,100512.2,2,boarding_links,13.427871720037055,1,999999,2.0,0,1.0,999999,0.15,4,0,"LINESTRING (-122.295258 47.3924362, -122.295158 47.3925362)",w_bus_only;w_bus_metro;d_bus_only;d_bus_metro,Metro Transit,-1,100512.2.50480:1;31;45;58;67;79;90;93;97;105;125;142;148;153;164;167;172;175;180;198;204;225;233;238;262
1000442,1000238,1500028,bus,1,100512.2,2,boarding_links,13.422132125602678,1,999999,2.0,0,1.7647058823529411,999999,0.15,4,0,"LINESTRING (-122.28855200000001 47.464106699999995, -122.288452 47.4642067)",w_bus_only;w_bus_metro;d_bus_only;d_bus_metro,Metro Transit,-1,100512.2.60921:1;31;45;58;67;79;90;93;97;105;125;142;148;153;164;167;172;175;180;198;204;225;233;238;262
1000443,1500028,1000238,bus,1,100512.2,2,boarding_links,13.422132125602678,1,999999,2.0,0,1.0,999999,0.15,4,0,"LINESTRING (-122.28855200000001 47.464106699999995, -122.288452 47.4642067)",w_bus_only;w_bus_metro;d_bus_only;d_bus_metro,Metro Transit,-1,100512.2.60921:1;31;45;58;67;79;90;93;97;105;125;142;148;153;164;167;172;175;180;198;204;225;233;238;262
1000444,1000242,1500029,bus,1,100512.2,2,boarding_links,13.422573603184302,1,999999,2.0,0,1.7647058823529411,999999,0.15,4,0,"LINESTRING (-122.292512 47.4585945, -122.292412 47.4586945)",w_bus_only;w_bus_metro;d_bus_only;d_bus_metro,Metro Transit,-1,100512.2.61060:1;31;45;58;67;79;90;93;97;105;125;142;148;153;164;167;172;175;180;198;204;225;233;238;262
1000445,1500029,1000242,bus,1,100512.2,2,boarding_links,13.422573603184302,1,999999,2.0,0,1.0,999999,0.15,4,0,"LINESTRING (-122.292512 47.4585945, -122.292412 47.4586945)",w_bus_only;w_bus_metro;d_bus_only;d_bus_metro,Metro Transit,-1,100512.2.61060:1;31;45;58;67;79;90;93;97;105;125;142;148;153;164;167;172;175;180;198;204;225;233;238;262
1000446,1000243,1500030,bus,1,100512.2,2,boarding_links,13.423250021712057,1,999999,2.0,0,1.7647058823529411,999999,0.15,4,0,"LINESTRING (-122.296418 47.4501487, -122.296318 47.4502487)",w_bus_only;w_bus_metro;d_bus_only;d_bus_metro,Metro Transit,-1,100512.2.61070:1;31;45;58;67;79;90;93;97;105;125;142;148;153;164;167;172;175;180;198;204;225;233;238;262
1000447,1500030,1000243,bus,1,100512.2,2,boarding_links,13.423250021712057,1,999999,2.0,0,1.0,999999,0.15,4,0,"LINESTRING (-122.296418 47.4501487, -122.296318 47.4502487)",w_bus_only;w_bus_metro;d_bus_only;d_bus_metro,Metro Transit,-1,100512.2.61070:1;31;45;58;67;79;90;93;97;105;125;142;148;153;164;167;172;175;180;198;204;225;233;238;262
1000448,1000244,1500031,bus,1,100512.2,2,boarding_links,13.423644742176021,1,999999,2.0,0,1.7647058823529411,999999,0.15,4,0,"LINESTRING (-122.29654000000001 47.4452201, -122.29644 47.4453201)",w_bus_only;w_bus_metro;d_bus_only;d_bus_metro,Metro Transit,-1,100512.2.61080:1;31;45;58;67;79;90;93;97;105;125;142;148;153;164;167;172;175;180;198;204;225;233;238;262
1000449,1500031,1000244,bus,1,100512.2,2,boarding_links,13.423644742176021,1,999999,2.0,0,1.0,999999,0.15,4,0,"LINESTRING (-122.29654000000001 47.4452201, -122.29644 47.4453201)",w_bus_only;w_bus_metro;d_bus_only;d_bus_metro,Metro Transit,-1,100512.2.61080:1;31;45;58;67;79;90;93;97;105;125;142;148;153;164;167;172;175;180;198;204;225;233;238;262
1000450,1000245,1500032,bus,1,100512.2,2,boarding_links,13.424093218509071,1,999999,2.0,0,1.7647058823529411,999999,0.15,4,0,"LINESTRING (-122.296204 47.43962019999999, -122.296104 47.4397202)",w_bus_only;w_bus_metro;d_bus_only;d_bus_metro,Metro Transit,-1,100512.2.61090:1;31;45;58;67;79;90;93;97;105;125;142;148;153;164;167;172;175;180;198;204;225;233;238;262
1000451,1500032,1000245,bus,1,100512.2,2,boarding_links,13.424093218509071,1,999999,2.0,0,1.0,999999,0.15,4,0,"LINESTRING (-122.296204 47.43962019999999, -122.296104 47.4397202)",w_bus_only;w_bus_metro;d_bus_only;d_bus_metro,Metro Transit,-1,100512.2.61090:1;31;45;58;67;79;90;93;97;105;125;142;148;153;164;167;172;175;180;198;204;225;233;238;262
1000452,1000246,1500033,bus,1,100512.2,2,boarding_links,13.424559418041166,1,999999,2.0,0,1.7647058823529411,999999,0.15,4,0,"LINESTRING (-122.295762 47.4337989, -122.295662 47.4338989)",w_bus_only;w_bus_metro;d_bus_only;d_bus_metro,Metro Transit,-1,100512.2.61100:1;31;45;58;67;79;90;93;97;105;125;142;148;153;164;167;172;175;180;198;204;225;233;238;262
1000453,1500033,1000246,bus,1,100512.2,2,boarding_links,13.424559418041166,1,999999,2.0,0,1.0,999999,0.15,4,0,"LINESTRING (-122.295762 47.4337989, -122.295662 47.4338989)",w_bus_only;w_bus_metro;d_bus_only;d_bus_metro,Metro Transit,-1,100512.2.61100:1;31;45;58;67;79;90;93;97;105;125;142;148;153;164;167;172;175;180;198;204;225;233;238;262
1000454,1000247,1500034,bus,1,100512.2,2,boarding_links,13.425074484079758,1,999999,2.0,0,1.7647058823529411,999999,0.15,4,0,"LINESTRING (-122.296014 47.4273673, -122.295914 47.4274673)",w_bus_only;w_bus_metro;d_bus_only;d_bus_metro,Metro Transit,-1,100512.2.61110:1;31;45;58;67;79;90;93;97;105;125;142;148;153;164;167;172;175;180;198;204;225;233;238;262
1000455,1500034,1000247,bus,1,100512.2,2,boarding_links,13.425074484079758,1,999999,2.0,0,1.0,999999,0.15,4,0,"LINESTRING (-122.296014 47.4273673, -122.295914 47.4274673)",w_bus_only;w_bus_metro;d_bus_only;d_bus_metro,Metro Transit,-1,100512.2.61110:1;31;45;58;67;79;90;93;97;105;125;142;148;153;164;167;172;175;180;198;204;225;233;238;262
1000456,1000248,1500035,bus,1,100512.2,2,boarding_links,13.425482006743904,1,999999,2.0,0,1.7647058823529411,999999,0.15,4,0,"LINESTRING (-122.296677 47.4222785, -122.296577 47.4223785)",w_bus_only;w_bus_metro;d_bus_only;d_bus_metro,Metro Transit,-1,100512.2.61120:1;31;45;58;67;79;90;93;97;105;125;142;148;153;164;167;172;175;180;198;204;225;233;238;262
1000457,1500035,1000248,bus,1,100512.2,2,boarding_links,13.425482006743904,1,999999,2.0,0,1.0,999999,0.15,4,0,"LINESTRING (-122.296677 47.4222785, -122.296577 47.4223785)",w_bus_only;w_bus_metro;d_bus_only;d_bus_metro,Metro Transit,-1,100512.2.61120:1;31;45;58;67;79;90;93;97;105;125;142;148;153;164;167;172;175;180;198;204;225;233;238;262
1000458,1000249,1500036,bus,1,100512.2,2,boarding_links,13.426081058863488,1,999999,2.0,0,1.7647058823529411,999999,0.15,4,0,"LINESTRING (-122.297639 47.414797899999996, -122.297539 47.4148979)",w_bus_only;w_bus_metro;d_bus_only;d_bus_metro,Metro Transit,-1,100512.2.61140:1;31;45;58;67;79;90;93;97;105;125;142;148;153;164;167;172;175;180;198;204;225;233;238;262
1000459,1500036,1000249,bus,1,100512.2,2,boarding_links,13.426081058863488,1,999999,2.0,0,1.0,999999,0.15,4,0,"LINESTRING (-122.297639 47.414797899999996, -122.297539 47.4148979)",w_bus_only;w_bus_metro;d_bus_only;d_bus_metro,Metro Transit,-1,100512.2.61140:1;31;45;58;67;79;90;93;97;105;125;142;148;153;164;167;172;175;180;198;204;225;233;238;262
1000460,1000250,1500037,bus,1,100512.2,2,boarding_links,13.426652910960817,1,999999,2.0,0,1.7647058823529411,999999,0.15,4,0,"LINESTRING (-122.29857700000001 47.4076568, -122.298477 47.4077568)",w_bus_only;w_bus_metro;d_bus_only;d_bus_metro,Metro Transit,-1,100512.2.61150:1;31;45;58;67;79;90;93;97;105;125;142;148;153;164;167;172;175;180;198;204;225;233;238;262
1000461,1500037,1000250,bus,1,100512.2,2,boarding_links,13.426652910960817,1,999999,2.0,0,1.0,999999,0.15,4,0,"LINESTRING (-122.29857700000001 47.4076568, -122.298477 47.4077568)",w_bus_only;w_bus_metro;d_bus_only;d_bus_metro,Metro Transit,-1,100512.2.61150:1;31;45;58;67;79;90;93;97;105;125;142;148;153;164;167;172;175;180;198;204;225;233;238;262
1000462,1000251,1500038,bus,1,100512.2,2,boarding_links,13.427278818240076,1,999999,2.0,0,1.7647058823529411,999999,0.15,4,0,"LINESTRING (-122.29731100000001 47.399840499999996, -122.297211 47.3999405)",w_bus_only;w_bus_metro;d_bus_only;d_bus_metro,Metro Transit,-1,100512.2.61170:1;31;45;58;67;79;90;93;97;105;125;142;148;153;164;167;172;175;180;198;204;225;233;238;262
1000463,1500038,1000251,bus,1,100512.2,2,boarding_links,13.427278818240076,1,999999,2.0,0,1.0,999999,0.15,4,0,"LINESTRING (-122.29731100000001 47.399840499999996, -122.297211 47.3999405)",w_bus_only;w_bus_metro;d_bus_only;d_bus_metro,Metro Transit,-1,100512.2.61170:1;31;45;58;67;79;90;93;97;105;125;142;148;153;164;167;172;175;180;198;204;225;233;238;262
1000464,1000252,1500039,bus,1,100512.2,2,boarding_links,13.42826943072735,1,999999,2.0,0,1.7647058823529411,999999,0.15,4,0,"LINESTRING (-122.296471 47.38746939999999, -122.296371 47.3875694)",w_bus_only;w_bus_metro;d_bus_only;d_bus_metro,Metro Transit,-1,100512.2.61180:1;31;45;58;67;79;90;93;97;105;125;142;148;153;164;167;172;175;180;198;204;225;233;238;262
1000465,1500039,1000252,bus,1,100512.2,2,boarding_links,13.42826943072735,1,999999,2.0,0,1.0,999999,0.15,4,0,"LINESTRING (-122.296471 47.38746939999999, -122.296371 47.3875694)",w_bus_only;w_bus_metro;d_bus_only;d_bus_metro,Metro Transit,-1,100512.2.61180:1;31;45;58;67;79;90;93;97;105;125;142;148;153;164;167;172;175;180;198;204;225;233;238;262
1000466,1000253,1500040,bus,1,100512.2,2,boarding_links,13.428771589127091,1,999999,2.0,0,1.7647058823529411,999999,0.15,4,0,"LINESTRING (-122.298005 47.3811981, -122.297905 47.3812981)",w_bus_only;w_bus_metro;d_bus_only;d_bus_metro,Metro Transit,-1,100512.2.61190:1;31;45;58;67;79;90;93;97;105;125;142;148;153;164;167;172;175;180;198;204;225;233;238;262
1000467,1500040,1000253,bus,1,100512.2,2,boarding_links,13.428771589127091,1,999999,2.0,0,1.0,999999,0.15,4,0,"LINESTRING (-122.298005 47.3811981, -122.297905 47.3812981)",w_bus_only;w_bus_metro;d_bus_only;d_bus_metro,Metro Transit,-1,100512.2.61190:1;31;45;58;67;79;90;93;97;105;125;142;148;153;164;167;172;175;180;198;204;225;233;238;262
1000468,1000254,1500041,bus,1,100512.2,2,boarding_links,13.429252367174575,1,999999,2.0,0,1.7647058823529411,999999,0.15,4,0,"LINESTRING (-122.300584 47.3751937, -122.300484 47.3752937)",w_bus_only;w_bus_metro;d_bus_only;d_bus_metro,Metro Transit,-1,100512.2.61201:1;31;45;58;67;79;90;93;97;105;125;142;148;153;164;167;172;175;180;198;204;225;233;238;262
1000469,1500041,1000254,bus,1,100512.2,2,boarding_links,13.429252367174575,1,999999,2.0,0,1.0,999999,0.15,4,0,"LINESTRING (-122.300584 47.3751937, -122.300484 47.3752937)",w_bus_only;w_bus_metro;d_bus_only;d_bus_metro,Metro Transit,-1,100512.2.61201:1;31;45;58;67;79;90;93;97;105;125;142;148;153;164;167;172;175;180;198;204;225;233;238;262
1000470,1000255,1500042,bus,1,100512.2,2,boarding_links,13.429835448028218,1,999999,2.0,0,1.7647058823529411,999999,0.15,4,0,"LINESTRING (-122.30441400000001 47.3679115, -122.304314 47.3680115)",w_bus_only;w_bus_metro;d_bus_only;d_bus_metro,Metro Transit,-1,100512.2.61220:1;31;45;58;67;79;90;93;97;105;125;142;148;153;164;167;172;175;180;198;204;225;233;238;262
1000471,1500042,1000255,bus,1,100512.2,2,boarding_links,13.429835448028218,1,999999,2.0,0,1.0,999999,0.15,4,0,"LINESTRING (-122.30441400000001 47.3679115, -122.304314 47.3680115)",w_bus_only;w_bus_metro;d_bus_only;d_bus_metro,Metro Transit,-1,100512.2.61220:1;31;45;58;67;79;90;93;97;105;125;142;148;153;164;167;172;175;180;198;204;225;233;238;262
1000472,1000256,1500043,bus,1,100512.2,2,boarding_links,13.430416081820029,1,999999,2.0,0,1.7647058823529411,999999,0.15,4,0,"LINESTRING (-122.308205 47.3606597, -122.308105 47.3607597)",w_bus_only;w_bus_metro;d_bus_only;d_bus_metro,Metro Transit,-1,100512.2.61230:1;31;45;58;67;79;90;93;97;105;125;142;148;153;164;167;172;175;180;198;204;225;233;238;262
1000473,1500043,1000256,bus,1,100512.2,2,boarding_links,13.430416081820029,1,999999,2.0,0,1.0,999999,0.15,4,0,"LINESTRING (-122.308205 47.3606597, -122.308105 47.3607597)",w_bus_only;w_bus_metro;d_bus_only;d_bus_metro,Metro Transit,-1,100512.2.61230:1;31;45;58;67;79;90;93;97;105;125;142;148;153;164;167;172;175;180;198;204;225;233;238;262
1000474,1000257,1500044,bus,1,100512.2,2,boarding_links,13.430697682701684,1,999999,2.0,0,1.7647058823529411,999999,0.15,4,0,"LINESTRING (-122.310052 47.357142599999996, -122.309952 47.3572426)",w_bus_only;w_bus_metro;d_bus_only;d_bus_metro,Metro Transit,-1,100512.2.61240:1;31;45;58;67;79;90;93;97;105;125;142;148;153;164;167;172;175;180;198;204;225;233;238;262
1000475,1500044,1000257,bus,1,100512.2,2,boarding_links,13.430697682701684,1,999999,2.0,0,1.0,999999,0.15,4,0,"LINESTRING (-122.310052 47.357142599999996, -122.309952 47.3572426)",w_bus_only;w_bus_metro;d_bus_only;d_bus_metro,Metro Transit,-1,100512.2.61240:1;31;45;58;67;79;90;93;97;105;125;142;148;153;164;167;172;175;180;198;204;225;233;238;262
1000476,1000258,1500045,bus,1,100512.2,2,boarding_links,13.4309456852715,1,999999,2.0,0,1.7647058823529411,999999,0.15,4,0,"LINESTRING (-122.311654 47.35404509999999, -122.311554 47.3541451)",w_bus_only;w_bus_metro;d_bus_only;d_bus_metro,Metro Transit,-1,100512.2.61243:1;31;45;58;67;79;90;93;97;105;125;142;148;153;164;167;172;175;180;198;204;225;233;238;262
1000477,1500045,1000258,bus,1,100512.2,2,boarding_links,13.4309456852715,1,999999,2.0,0,1.0,999999,0.15,4,0,"LINESTRING (-122.311654 47.35404509999999, -122.311554 47.3541451)",w_bus_only;w_bus_metro;d_bus_only;d_bus_metro,Metro Transit,-1,100512.2.61243:1;31;45;58;67;79;90;93;97;105;125;142;148;153;164;167;172;175;180;198;204;225;233;238;262
1000478,1000259,1500046,bus,1,100512.2,2,boarding_links,13.4318399560236,1,999999,2.0,0,1.7647058823529411,999999,0.15,4,0,"LINESTRING (-122.312577 47.3428756, -122.312477 47.3429756)",w_bus_only;w_bus_metro;d_bus_only;d_bus_metro,Metro Transit,-1,100512.2.61270:1;31;45;58;67;79;90;93;97;105;125;142;148;153;164;167;172;175;180;198;204;225;233;238;262
1000479,1500046,1000259,bus,1,100512.2,2,boarding_links,13.4318399560236,1,999999,2.0,0,1.0,999999,0.15,4,0,"LINESTRING (-122.312577 47.3428756, -122.312477 47.3429756)",w_bus_only;w_bus_metro;d_bus_only;d_bus_metro,Metro Transit,-1,100512.2.61270:1;31;45;58;67;79;90;93;97;105;125;142;148;153;164;167;172;175;180;198;204;225;233;238;262
1000480,1000260,1500047,bus,1,100512.2,2,boarding_links,13.432464826308152,1,999999,2.0,0,1.7647058823529411,999999,0.15,4,0,"LINESTRING (-122.312363 47.335070699999996, -122.312263 47.3351707)",w_bus_only;w_bus_metro;d_bus_only;d_bus_metro,Metro Transit,-1,100512.2.61280:1;31;45;58;67;79;90;93;97;105;125;142;148;153;164;167;172;175;180;198;204;225;233;238;262
1000481,1500047,1000260,bus,1,100512.2,2,boarding_links,13.432464826308152,1,999999,2.0,0,1.0,999999,0.15,4,0,"LINESTRING (-122.312363 47.335070699999996, -122.312263 47.3351707)",w_bus_only;w_bus_metro;d_bus_only;d_bus_metro,Metro Transit,-1,100512.2.61280:1;31;45;58;67;79;90;93;97;105;125;142;148;153;164;167;172;175;180;198;204;225;233;238;262
1000482,1000261,1500048,bus,1,100512.2,2,boarding_links,13.43322985523965,1,999999,2.0,0,1.7647058823529411,999999,0.15,4,0,"LINESTRING (-122.31353800000001 47.325514899999995, -122.313438 47.3256149)",w_bus_only;w_bus_metro;d_bus_only;d_bus_metro,Metro Transit,-1,100512.2.61300:1;31;45;58;67;79;90;93;97;105;125;142;148;153;164;167;172;175;180;198;204;225;233;238;262
1000483,1500048,1000261,bus,1,100512.2,2,boarding_links,13.43322985523965,1,999999,2.0,0,1.0,999999,0.15,4,0,"LINESTRING (-122.31353800000001 47.325514899999995, -122.313438 47.3256149)",w_bus_only;w_bus_metro;d_bus_only;d_bus_metro,Metro Transit,-1,100512.2.61300:1;31;45;58;67;79;90;93;97;105;125;142;148;153;164;167;172;175;180;198;204;225;233;238;262
1000484,1000262,1500049,bus,1,100512.2,2,boarding_links,13.433512041869482,1,999999,2.0,0,1.7647058823529411,999999,0.15,4,0,"LINESTRING (-122.31364500000001 47.321990099999994, -122.313545 47.3220901)",w_bus_only;w_bus_metro;d_bus_only;d_bus_metro,Metro Transit,-1,100512.2.61310:1;31;45;58;67;79;90;93;97;105;125;142;148;153;164;167;172;175;180;198;204;225;233;238;262
1000485,1500049,1000262,bus,1,100512.2,2,boarding_links,13.433512041869482,1,999999,2.0,0,1.0,999999,0.15,4,0,"LINESTRING (-122.31364500000001 47.321990099999994, -122.313545 47.3220901)",w_bus_only;w_bus_metro;d_bus_only;d_bus_metro,Metro Transit,-1,100512.2.61310:1;31;45;58;67;79;90;93;97;105;125;142;148;153;164;167;172;175;180;198;204;225;233;238;262
1000486,1000263,1500050,bus,1,100512.2,2,boarding_links,13.433789638173465,1,999999,2.0,0,1.7647058823529411,999999,0.15,4,0,"LINESTRING (-122.312455 47.318522599999994, -122.312355 47.3186226)",w_bus_only;w_bus_metro;d_bus_only;d_bus_metro,Metro Transit,-1,100512.2.61313:1;31;45;58;67;79;90;93;97;105;125;142;148;153;164;167;172;175;180;198;204;225;233;238;262
1000487,1500050,1000263,bus,1,100512.2,2,boarding_links,13.433789638173465,1,999999,2.0,0,1.0,999999,0.15,4,0,"LINESTRING (-122.312455 47.318522599999994, -122.312355 47.3186226)",w_bus_only;w_bus_metro;d_bus_only;d_bus_metro,Metro Transit,-1,100512.2.61313:1;31;45;58;67;79;90;93;97;105;125;142;148;153;164;167;172;175;180;198;204;225;233;238;262
1000488,1000371,1500051,bus,1,100512.2,2,boarding_links,13.433879116807807,1,999999,2.0,0,1.7647058823529411,999999,0.15,4,0,"LINESTRING (-122.304108 47.3174049, -122.304008 47.3175049)",w_bus_only;w_bus_metro;d_bus_only;d_bus_metro,Metro Transit,-1,100512.2.80431:1;31;45;58;67;79;90;93;97;105;125;142;148;153;164;167;172;175;180;198;204;225;233;238;262
1000489,1500051,1000371,bus,1,100512.2,2,boarding_links,13.433879116807807,1,999999,2.0,0,1.0,999999,0.15,4,0,"LINESTRING (-122.304108 47.3174049, -122.304008 47.3175049)",w_bus_only;w_bus_metro;d_bus_only;d_bus_metro,Metro Transit,-1,100512.2.80431:1;31;45;58;67;79;90;93;97;105;125;142;148;153;164;167;172;175;180;198;204;225;233;238;262
1000490,1000269,1500052,bus,1,102548.1,2,boarding_links,13.408191473504674,1,999999,2.0,0,1.875,999999,0.15,4,0,"LINESTRING (-122.13333200000001 47.6381217, -122.133232 47.6382217)",w_bus_only;w_bus_metro;d_bus_only;d_bus_metro,Metro Transit,-1,102548.1.66871:1;6;12;14;38;65;72;83;86;94;97;105;110;162;166;175;189;200;208;216;227;241;245;265
1000491,1500052,1000269,bus,1,102548.1,2,boarding_links,13.408191473504674,1,999999,2.0,0,1.0,999999,0.15,4,0,"LINESTRING (-122.13333200000001 47.6381217, -122.133232 47.6382217)",w_bus_only;w_bus_metro;d_bus_only;d_bus_metro,Metro Transit,-1,102548.1.66871:1;6;12;14;38;65;72;83;86;94;97;105;110;162;166;175;189;200;208;216;227;241;245;265
1000492,1000271,1500053,bus,1,102548.1,2,boarding_links,13.409882734659908,1,999999,2.0,0,1.875,999999,0.15,4,0,"LINESTRING (-122.143617 47.617014999999995, -122.143517 47.617115)",w_bus_only;w_bus_metro;d_bus_only;d_bus_metro,Metro Transit,-1,102548.1.67500:1;6;12;14;38;65;72;83;86;94;97;105;110;162;166;175;189;200;208;216;227;241;245;265
1000493,1500053,1000271,bus,1,102548.1,2,boarding_links,13.409882734659908,1,999999,2.0,0,1.0,999999,0.15,4,0,"LINESTRING (-122.143617 47.617014999999995, -122.143517 47.617115)",w_bus_only;w_bus_metro;d_bus_only;d_bus_metro,Metro Transit,-1,102548.1.67500:1;6;12;14;38;65;72;83;86;94;97;105;110;162;166;175;189;200;208;216;227;241;245;265
1000494,1000272,1500054,bus,1,102548.1,2,boarding_links,13.409876012022991,1,999999,2.0,0,1.875,999999,0.15,4,0,"LINESTRING (-122.15046000000001 47.617098899999995, -122.15036 47.6171989)",w_bus_only;w_bus_metro;d_bus_only;d_bus_metro,Metro Transit,-1,102548.1.67510:1;6;12;14;38;65;72;83;86;94;97;105;110;162;166;175;189;200;208;216;227;241;245;265
1000495,1500054,1000272,bus,1,102548.1,2,boarding_links,13.409876012022991,1,999999,2.0,0,1.0,999999,0.15,4,0,"LINESTRING (-122.15046000000001 47.617098899999995, -122.15036 47.6171989)",w_bus_only;w_bus_metro;d_bus_only;d_bus_metro,Metro Transit,-1,102548.1.67510:1;6;12;14;38;65;72;83;86;94;97;105;110;162;166;175;189;200;208;216;227;241;245;265
1000496,1000273,1500055,bus,1,102548.1,2,boarding_links,13.409873560143103,1,999999,2.0,0,1.875,999999,0.15,4,0,"LINESTRING (-122.154557 47.6171295, -122.154457 47.6172295)",w_bus_only;w_bus_metro;d_bus_only;d_bus_metro,Metro Transit,-1,102548.1.67520:1;6;12;14;38;65;72;83;86;94;97;105;110;162;166;175;189;200;208;216;227;241;245;265
1000497,1500055,1000273,bus,1,102548.1,2,boarding_links,13.409873560143103,1,999999,2.0,0,1.0,999999,0.15,4,0,"LINESTRING (-122.154557 47.6171295, -122.154457 47.6172295)",w_bus_only;w_bus_metro;d_bus_only;d_bus_metro,Metro Transit,-1,102548.1.67520:1;6;12;14;38;65;72;83;86;94;97;105;110;162;166;175;189;200;208;216;227;241;245;265
1000498,1000274,1500056,bus,1,102548.1,2,boarding_links,13.409870202830112,1,999999,2.0,0,1.875,999999,0.15,4,0,"LINESTRING (-122.163247 47.6171714, -122.163147 47.6172714)",w_bus_only;w_bus_metro;d_bus_only;d_bus_metro,Metro Transit,-1,102548.1.67540:1;6;12;14;38;65;72;83;86;94;97;105;110;162;166;175;189;200;208;216;227;241;245;265
1000499,1500056,1000274,bus,1,102548.1,2,boarding_links,13.409870202830112,1,999999,2.0,0,1.0,999999,0.15,4,0,"LINESTRING (-122.163247 47.6171714, -122.163147 47.6172714)",w_bus_only;w_bus_metro;d_bus_only;d_bus_metro,Metro Transit,-1,102548.1.67540:1;6;12;14;38;65;72;83;86;94;97;105;110;162;166;175;189;200;208;216;227;241;245;265
1000500,1000275,1500057,bus,1,102548.1,2,boarding_links,13.409859505899478,1,999999,2.0,0,1.875,999999,0.15,4,0,"LINESTRING (-122.176057 47.61730489999999, -122.175957 47.6174049)",w_bus_only;w_bus_metro;d_bus_only;d_bus_metro,Metro Transit,-1,102548.1.67570:1;6;12;14;38;65;72;83;86;94;97;105;110;162;166;175;189;200;208;216;227;241;245;265
1000501,1500057,1000275,bus,1,102548.1,2,boarding_links,13.409859505899478,1,999999,2.0,0,1.0,999999,0.15,4,0,"LINESTRING (-122.176057 47.61730489999999, -122.175957 47.6174049)",w_bus_only;w_bus_metro;d_bus_only;d_bus_metro,Metro Transit,-1,102548.1.67570:1;6;12;14;38;65;72;83;86;94;97;105;110;162;166;175;189;200;208;216;227;241;245;265
1000502,1000276,1500058,bus,1,102548.1,2,boarding_links,13.409861028309322,1,999999,2.0,0,1.875,999999,0.15,4,0,"LINESTRING (-122.18104600000001 47.6172859, -122.180946 47.6173859)",w_bus_only;w_bus_metro;d_bus_only;d_bus_metro,Metro Transit,-1,102548.1.67580:1;6;12;14;38;65;72;83;86;94;97;105;110;162;166;175;189;200;208;216;227;241;245;265
1000503,1500058,1000276,bus,1,102548.1,2,boarding_links,13.409861028309322,1,999999,2.0,0,1.0,999999,0.15,4,0,"LINESTRING (-122.18104600000001 47.6172859, -122.180946 47.6173859)",w_bus_only;w_bus_metro;d_bus_only;d_bus_metro,Metro Transit,-1,102548.1.67580:1;6;12;14;38;65;72;83;86;94;97;105;110;162;166;175;189;200;208;216;227;241;245;265
1000504,1000277,1500059,bus,1,102548.1,2,boarding_links,13.410011722448353,1,999999,2.0,0,1.875,999999,0.15,4,0,"LINESTRING (-122.195458 47.6154052, -122.195358 47.6155052)",w_bus_only;w_bus_metro;d_bus_only;d_bus_metro,Metro Transit,-1,102548.1.68003:1;6;12;14;38;65;72;83;86;94;97;105;110;162;166;175;189;200;208;216;227;241;245;265
1000505,1500059,1000277,bus,1,102548.1,2,boarding_links,13.410011722448353,1,999999,2.0,0,1.0,999999,0.15,4,0,"LINESTRING (-122.195458 47.6154052, -122.195358 47.6155052)",w_bus_only;w_bus_metro;d_bus_only;d_bus_metro,Metro Transit,-1,102548.1.68003:1;6;12;14;38;65;72;83;86;94;97;105;110;162;166;175;189;200;208;216;227;241;245;265
1000506,1000285,1500060,bus,1,102548.1,2,boarding_links,13.408787837678338,1,999999,2.0,0,1.875,999999,0.15,4,0,"LINESTRING (-122.132546 47.6306793, -122.132446 47.6307793)",w_bus_only;w_bus_metro;d_bus_only;d_bus_metro,Metro Transit,-1,102548.1.68390:1;6;12;14;38;65;72;83;86;94;97;105;110;162;166;175;189;200;208;216;227;241;245;265
1000507,1500060,1000285,bus,1,102548.1,2,boarding_links,13.408787837678338,1,999999,2.0,0,1.0,999999,0.15,4,0,"LINESTRING (-122.132546 47.6306793, -122.132446 47.6307793)",w_bus_only;w_bus_metro;d_bus_only;d_bus_metro,Metro Transit,-1,102548.1.68390:1;6;12;14;38;65;72;83;86;94;97;105;110;162;166;175;189;200;208;216;227;241;245;265
1000508,1000286,1500061,bus,1,102548.1,2,boarding_links,13.407666006796177,1,999999,2.0,0,1.875,999999,0.15,4,0,"LINESTRING (-122.132493 47.6446792, -122.132393 47.6447792)",w_bus_only;w_bus_metro;d_bus_only;d_bus_metro,Metro Transit,-1,102548.1.68398:1;6;12;14;38;65;72;83;86;94;97;105;110;162;166;175;189;200;208;216;227;241;245;265
1000509,1500061,1000286,bus,1,102548.1,2,boarding_links,13.407666006796177,1,999999,2.0,0,1.0,999999,0.15,4,0,"LINESTRING (-122.132493 47.6446792, -122.132393 47.6447792)",w_bus_only;w_bus_metro;d_bus_only;d_bus_metro,Metro Transit,-1,102548.1.68398:1;6;12;14;38;65;72;83;86;94;97;105;110;162;166;175;189;200;208;216;227;241;245;265
1000510,1000287,1500062,bus,1,102548.1,2,boarding_links,13.409321841811755,1,999999,2.0,0,1.875,999999,0.15,4,0,"LINESTRING (-122.132592 47.624015, -122.132492 47.624115)",w_bus_only;w_bus_metro;d_bus_only;d_bus_metro,Metro Transit,-1,102548.1.68410:1;6;12;14;38;65;72;83;86;94;97;105;110;162;166;175;189;200;208;216;227;241;245;265
1000511,1500062,1000287,bus,1,102548.1,2,boarding_links,13.409321841811755,1,999999,2.0,0,1.0,999999,0.15,4,0,"LINESTRING (-122.132592 47.624015, -122.132492 47.624115)",w_bus_only;w_bus_metro;d_bus_only;d_bus_metro,Metro Transit,-1,102548.1.68410:1;6;12;14;38;65;72;83;86;94;97;105;110;162;166;175;189;200;208;216;227;241;245;265
1000512,1000288,1500063,bus,1,102548.1,2,boarding_links,13.40979959500194,1,999999,2.0,0,1.875,999999,0.15,4,0,"LINESTRING (-122.132615 47.6180526, -122.132515 47.6181526)",w_bus_only;w_bus_metro;d_bus_only;d_bus_metro,Metro Transit,-1,102548.1.68438:1;6;12;14;38;65;72;83;86;94;97;105;110;162;166;175;189;200;208;216;227;241;245;265
1000513,1500063,1000288,bus,1,102548.1,2,boarding_links,13.40979959500194,1,999999,2.0,0,1.0,999999,0.15,4,0,"LINESTRING (-122.132615 47.6180526, -122.132515 47.6181526)",w_bus_only;w_bus_metro;d_bus_only;d_bus_metro,Metro Transit,-1,102548.1.68438:1;6;12;14;38;65;72;83;86;94;97;105;110;162;166;175;189;200;208;216;227;241;245;265
1000514,1000292,1500064,bus,1,102548.1,2,boarding_links,13.404665269239011,1,999999,2.0,0,1.875,999999,0.15,4,0,"LINESTRING (-122.128236 47.6821243, -122.128136 47.6822243)",w_bus_only;w_bus_metro;d_bus_only;d_bus_metro,Metro Transit,-1,102548.1.68805:1;6;12;14;38;65;72;83;86;94;97;105;110;162;166;175;189;200;208;216;227;241;245;265
1000515,1500064,1000292,bus,1,102548.1,2,boarding_links,13.404665269239011,1,999999,2.0,0,1.0,999999,0.15,4,0,"LINESTRING (-122.128236 47.6821243, -122.128136 47.6822243)",w_bus_only;w_bus_metro;d_bus_only;d_bus_metro,Metro Transit,-1,102548.1.68805:1;6;12;14;38;65;72;83;86;94;97;105;110;162;166;175;189;200;208;216;227;241;245;265
1000516,1000293,1500065,bus,1,102548.1,2,boarding_links,13.40491687103957,1,999999,2.0,0,1.875,999999,0.15,4,0,"LINESTRING (-122.127511 47.678984799999995, -122.127411 47.6790848)",w_bus_only;w_bus_metro;d_bus_only;d_bus_metro,Metro Transit,-1,102548.1.68809:1;6;12;14;38;65;72;83;86;94;97;105;110;162;166;175;189;200;208;216;227;241;245;265
1000517,1500065,1000293,bus,1,102548.1,2,boarding_links,13.40491687103957,1,999999,2.0,0,1.0,999999,0.15,4,0,"LINESTRING (-122.127511 47.678984799999995, -122.127411 47.6790848)",w_bus_only;w_bus_metro;d_bus_only;d_bus_metro,Metro Transit,-1,102548.1.68809:1;6;12;14;38;65;72;83;86;94;97;105;110;162;166;175;189;200;208;216;227;241;245;265
1000518,1000303,1500066,bus,1,102548.1,2,boarding_links,13.407574302570069,1,999999,2.0,0,1.875,999999,0.15,4,0,"LINESTRING (-122.137833 47.6458236, -122.137733 47.6459236)",w_bus_only;w_bus_metro;d_bus_only;d_bus_metro,Metro Transit,-1,102548.1.71325:1;6;12;14;38;65;72;83;86;94;97;105;110;162;166;175;189;200;208;216;227;241;245;265
1000519,1500066,1000303,bus,1,102548.1,2,boarding_links,13.407574302570069,1,999999,2.0,0,1.0,999999,0.15,4,0,"LINESTRING (-122.137833 47.6458236, -122.137733 47.6459236)",w_bus_only;w_bus_metro;d_bus_only;d_bus_metro,Metro Transit,-1,102548.1.71325:1;6;12;14;38;65;72;83;86;94;97;105;110;162;166;175;189;200;208;216;227;241;245;265
1000520,1000306,1500067,bus,1,102548.1,2,boarding_links,13.408612993919778,1,999999,2.0,0,1.875,999999,0.15,4,0,"LINESTRING (-122.137902 47.632861299999995, -122.137802 47.6329613)",w_bus_only;w_bus_metro;d_bus_only;d_bus_metro,Metro Transit,-1,102548.1.71331:1;6;12;14;38;65;72;83;86;94;97;105;110;162;166;175;189;200;208;216;227;241;245;265
1000521,1500067,1000306,bus,1,102548.1,2,boarding_links,13.408612993919778,1,999999,2.0,0,1.0,999999,0.15,4,0,"LINESTRING (-122.137902 47.632861299999995, -122.137802 47.6329613)",w_bus_only;w_bus_metro;d_bus_only;d_bus_metro,Metro Transit,-1,102548.1.71331:1;6;12;14;38;65;72;83;86;94;97;105;110;162;166;175;189;200;208;216;227;241;245;265
1000522,1000310,1500068,bus,1,102548.1,2,boarding_links,13.405105496858793,1,999999,2.0,0,1.875,999999,0.15,4,0,"LINESTRING (-122.12523 47.676631099999994, -122.12513 47.6767311)",w_bus_only;w_bus_metro;d_bus_only;d_bus_metro,Metro Transit,-1,102548.1.71961:1;6;12;14;38;65;72;83;86;94;97;105;110;162;166;175;189;200;208;216;227;241;245;265
1000523,1500068,1000310,bus,1,102548.1,2,boarding_links,13.405105496858793,1,999999,2.0,0,1.0,999999,0.15,4,0,"LINESTRING (-122.12523 47.676631099999994, -122.12513 47.6767311)",w_bus_only;w_bus_metro;d_bus_only;d_bus_metro,Metro Transit,-1,102548.1.71961:1;6;12;14;38;65;72;83;86;94;97;105;110;162;166;175;189;200;208;216;227;241;245;265
1000524,1000313,1500069,bus,1,102548.1,2,boarding_links,13.40478236311529,1,999999,2.0,0,1.875,999999,0.15,4,0,"LINESTRING (-122.145326 47.6806632, -122.145226 47.6807632)",w_bus_only;w_bus_metro;d_bus_only;d_bus_metro,Metro Transit,-1,102548.1.73108:1;6;12;14;38;65;72;83;86;94;97;105;110;162;166;175;189;200;208;216;227;241;245;265
1000525,1500069,1000313,bus,1,102548.1,2,boarding_links,13.40478236311529,1,999999,2.0,0,1.0,999999,0.15,4,0,"LINESTRING (-122.145326 47.6806632, -122.145226 47.6807632)",w_bus_only;w_bus_metro;d_bus_only;d_bus_metro,Metro Transit,-1,102548.1.73108:1;6;12;14;38;65;72;83;86;94;97;105;110;162;166;175;189;200;208;216;227;241;245;265
1000526,1000314,1500070,bus,1,102548.1,2,boarding_links,13.405291364681876,1,999999,2.0,0,1.875,999999,0.15,4,0,"LINESTRING (-122.143327 47.6743118, -122.143227 47.6744118)",w_bus_only;w_bus_metro;d_bus_only;d_bus_metro,Metro Transit,-1,102548.1.73110:1;6;12;14;38;65;72;83;86;94;97;105;110;162;166;175;189;200;208;216;227;241;245;265
1000527,1500070,1000314,bus,1,102548.1,2,boarding_links,13.405291364681876,1,999999,2.0,0,1.0,999999,0.15,4,0,"LINESTRING (-122.143327 47.6743118, -122.143227 47.6744118)",w_bus_only;w_bus_metro;d_bus_only;d_bus_metro,Metro Transit,-1,102548.1.73110:1;6;12;14;38;65;72;83;86;94;97;105;110;162;166;175;189;200;208;216;227;241;245;265
1000528,1000315,1500071,bus,1,102548.1,2,boarding_links,13.405875262369468,1,999999,2.0,0,1.875,999999,0.15,4,0,"LINESTRING (-122.143395 47.667025699999996, -122.143295 47.6671257)",w_bus_only;w_bus_metro;d_bus_only;d_bus_metro,Metro Transit,-1,102548.1.73130:1;6;12;14;38;65;72;83;86;94;97;105;110;162;166;175;189;200;208;216;227;241;245;265
1000529,1500071,1000315,bus,1,102548.1,2,boarding_links,13.405875262369468,1,999999,2.0,0,1.0,999999,0.15,4,0,"LINESTRING (-122.143395 47.667025699999996, -122.143295 47.6671257)",w_bus_only;w_bus_metro;d_bus_only;d_bus_metro,Metro Transit,-1,102548.1.73130:1;6;12;14;38;65;72;83;86;94;97;105;110;162;166;175;189;200;208;216;227;241;245;265
1000530,1000317,1500072,bus,1,102548.1,2,boarding_links,13.406874275084876,1,999999,2.0,0,1.875,999999,0.15,4,0,"LINESTRING (-122.143563 47.654559299999995, -122.143463 47.6546593)",w_bus_only;w_bus_metro;d_bus_only;d_bus_metro,Metro Transit,-1,102548.1.73240:1;6;12;14;38;65;72;83;86;94;97;105;110;162;166;175;189;200;208;216;227;241;245;265
1000531,1500072,1000317,bus,1,102548.1,2,boarding_links,13.406874275084876,1,999999,2.0,0,1.0,999999,0.15,4,0,"LINESTRING (-122.143563 47.654559299999995, -122.143463 47.6546593)",w_bus_only;w_bus_metro;d_bus_only;d_bus_metro,Metro Transit,-1,102548.1.73240:1;6;12;14;38;65;72;83;86;94;97;105;110;162;166;175;189;200;208;216;227;241;245;265
1000532,1000318,1500073,bus,1,102548.1,2,boarding_links,13.407095294763417,1,999999,2.0,0,1.875,999999,0.15,4,0,"LINESTRING (-122.143533 47.651801199999994, -122.143433 47.6519012)",w_bus_only;w_bus_metro;d_bus_only;d_bus_metro,Metro Transit,-1,102548.1.73243:1;6;12;14;38;65;72;83;86;94;97;105;110;162;166;175;189;200;208;216;227;241;245;265
1000533,1500073,1000318,bus,1,102548.1,2,boarding_links,13.407095294763417,1,999999,2.0,0,1.0,999999,0.15,4,0,"LINESTRING (-122.143533 47.651801199999994, -122.143433 47.6519012)",w_bus_only;w_bus_metro;d_bus_only;d_bus_metro,Metro Transit,-1,102548.1.73243:1;6;12;14;38;65;72;83;86;94;97;105;110;162;166;175;189;200;208;216;227;241;245;265
1000534,1000323,1500074,bus,1,102548.1,2,boarding_links,13.40757766014861,1,999999,2.0,0,1.875,999999,0.15,4,0,"LINESTRING (-122.141267 47.64578169999999, -122.141167 47.6458817)",w_bus_only;w_bus_metro;d_bus_only;d_bus_metro,Metro Transit,-1,102548.1.73407:1;6;12;14;38;65;72;83;86;94;97;105;110;162;166;175;189;200;208;216;227;241;245;265
1000535,1500074,1000323,bus,1,102548.1,2,boarding_links,13.40757766014861,1,999999,2.0,0,1.0,999999,0.15,4,0,"LINESTRING (-122.141267 47.64578169999999, -122.141167 47.6458817)",w_bus_only;w_bus_metro;d_bus_only;d_bus_metro,Metro Transit,-1,102548.1.73407:1;6;12;14;38;65;72;83;86;94;97;105;110;162;166;175;189;200;208;216;227;241;245;265
1000536,1000327,1500075,bus,1,102548.1,2,boarding_links,13.40466098970593,1,999999,2.0,0,1.875,999999,0.15,4,0,"LINESTRING (-122.134652 47.6821777, -122.134552 47.6822777)",w_bus_only;w_bus_metro;d_bus_only;d_bus_metro,Metro Transit,-1,102548.1.73853:1;6;12;14;38;65;72;83;86;94;97;105;110;162;166;175;189;200;208;216;227;241;245;265
1000537,1500075,1000327,bus,1,102548.1,2,boarding_links,13.40466098970593,1,999999,2.0,0,1.0,999999,0.15,4,0,"LINESTRING (-122.134652 47.6821777, -122.134552 47.6822777)",w_bus_only;w_bus_metro;d_bus_only;d_bus_metro,Metro Transit,-1,102548.1.73853:1;6;12;14;38;65;72;83;86;94;97;105;110;162;166;175;189;200;208;216;227;241;245;265
1000538,1000270,1500076,bus,1,102548.2,2,boarding_links,13.408209503074897,1,999999,2.0,0,1.7647058823529411,999999,0.15,4,0,"LINESTRING (-122.136208 47.6378967, -122.136108 47.6379967)",w_bus_only;w_bus_metro;d_bus_only;d_bus_metro,Metro Transit,-1,102548.2.66875:1;20;24;28;42;55;62;71;79;93;104;107;123;153;162;167;173;176;187;191;222;244;249;253;257
1000539,1500076,1000270,bus,1,102548.2,2,boarding_links,13.408209503074897,1,999999,2.0,0,1.0,999999,0.15,4,0,"LINESTRING (-122.136208 47.6378967, -122.136108 47.6379967)",w_bus_only;w_bus_metro;d_bus_only;d_bus_metro,Metro Transit,-1,102548.2.66875:1;20;24;28;42;55;62;71;79;93;104;107;123;153;162;167;173;176;187;191;222;244;249;253;257
1000540,1000277,1500077,bus,1,102548.2,2,boarding_links,13.410011722448353,1,999999,2.0,0,1.7647058823529411,999999,0.15,4,0,"LINESTRING (-122.195458 47.6154052, -122.195358 47.6155052)",w_bus_only;w_bus_metro;d_bus_only;d_bus_metro,Metro Transit,-1,102548.2.68003:1;20;24;28;42;55;62;71;79;93;104;107;123;153;162;167;173;176;187;191;222;244;249;253;257
1000541,1500077,1000277,bus,1,102548.2,2,boarding_links,13.410011722448353,1,999999,2.0,0,1.0,999999,0.15,4,0,"LINESTRING (-122.195458 47.6154052, -122.195358 47.6155052)",w_bus_only;w_bus_metro;d_bus_only;d_bus_metro,Metro Transit,-1,102548.2.68003:1;20;24;28;42;55;62;71;79;93;104;107;123;153;162;167;173;176;187;191;222;244;249;253;257
1000542,1000278,1500078,bus,1,102548.2,2,boarding_links,13.409873560143103,1,999999,2.0,0,1.7647058823529411,999999,0.15,4,0,"LINESTRING (-122.185044 47.6171295, -122.184944 47.6172295)",w_bus_only;w_bus_metro;d_bus_only;d_bus_metro,Metro Transit,-1,102548.2.68085:1;20;24;28;42;55;62;71;79;93;104;107;123;153;162;167;173;176;187;191;222;244;249;253;257
1000543,1500078,1000278,bus,1,102548.2,2,boarding_links,13.409873560143103,1,999999,2.0,0,1.0,999999,0.15,4,0,"LINESTRING (-122.185044 47.6171295, -122.184944 47.6172295)",w_bus_only;w_bus_metro;d_bus_only;d_bus_metro,Metro Transit,-1,102548.2.68085:1;20;24;28;42;55;62;71;79;93;104;107;123;153;162;167;173;176;187;191;222;244;249;253;257
1000544,1000279,1500079,bus,1,102548.2,2,boarding_links,13.409871116275689,1,999999,2.0,0,1.7647058823529411,999999,0.15,4,0,"LINESTRING (-122.180047 47.61716, -122.179947 47.61726)",w_bus_only;w_bus_metro;d_bus_only;d_bus_metro,Metro Transit,-1,102548.2.68094:1;20;24;28;42;55;62;71;79;93;104;107;123;153;162;167;173;176;187;191;222;244;249;253;257
1000545,1500079,1000279,bus,1,102548.2,2,boarding_links,13.409871116275689,1,999999,2.0,0,1.0,999999,0.15,4,0,"LINESTRING (-122.180047 47.61716, -122.179947 47.61726)",w_bus_only;w_bus_metro;d_bus_only;d_bus_metro,Metro Transit,-1,102548.2.68094:1;20;24;28;42;55;62;71;79;93;104;107;123;153;162;167;173;176;187;191;222;244;249;253;257
1000546,1000280,1500080,bus,1,102548.2,2,boarding_links,13.409870202830112,1,999999,2.0,0,1.7647058823529411,999999,0.15,4,0,"LINESTRING (-122.17469100000001 47.6171714, -122.174591 47.6172714)",w_bus_only;w_bus_metro;d_bus_only;d_bus_metro,Metro Transit,-1,102548.2.68100:1;20;24;28;42;55;62;71;79;93;104;107;123;153;162;167;173;176;187;191;222;244;249;253;257
1000547,1500080,1000280,bus,1,102548.2,2,boarding_links,13.409870202830112,1,999999,2.0,0,1.0,999999,0.15,4,0,"LINESTRING (-122.17469100000001 47.6171714, -122.174591 47.6172714)",w_bus_only;w_bus_metro;d_bus_only;d_bus_metro,Metro Transit,-1,102548.2.68100:1;20;24;28;42;55;62;71;79;93;104;107;123;153;162;167;173;176;187;191;222;244;249;253;257
1000548,1000281,1500081,bus,1,102548.2,2,boarding_links,13.409881813202018,1,999999,2.0,0,1.7647058823529411,999999,0.15,4,0,"LINESTRING (-122.16256 47.617026499999994, -122.16246 47.6171265)",w_bus_only;w_bus_metro;d_bus_only;d_bus_metro,Metro Transit,-1,102548.2.68130:1;20;24;28;42;55;62;71;79;93;104;107;123;153;162;167;173;176;187;191;222;244;249;253;257
1000549,1500081,1000281,bus,1,102548.2,2,boarding_links,13.409881813202018,1,999999,2.0,0,1.0,999999,0.15,4,0,"LINESTRING (-122.16256 47.617026499999994, -122.16246 47.6171265)",w_bus_only;w_bus_metro;d_bus_only;d_bus_metro,Metro Transit,-1,102548.2.68130:1;20;24;28;42;55;62;71;79;93;104;107;123;153;162;167;173;176;187;191;222;244;249;253;257
1000550,1000282,1500082,bus,1,102548.2,2,boarding_links,13.409886091971442,1,999999,2.0,0,1.7647058823529411,999999,0.15,4,0,"LINESTRING (-122.153176 47.616973099999996, -122.153076 47.6170731)",w_bus_only;w_bus_metro;d_bus_only;d_bus_metro,Metro Transit,-1,102548.2.68150:1;20;24;28;42;55;62;71;79;93;104;107;123;153;162;167;173;176;187;191;222;244;249;253;257
1000551,1500082,1000282,bus,1,102548.2,2,boarding_links,13.409886091971442,1,999999,2.0,0,1.0,999999,0.15,4,0,"LINESTRING (-122.153176 47.616973099999996, -122.153076 47.6170731)",w_bus_only;w_bus_metro;d_bus_only;d_bus_metro,Metro Transit,-1,102548.2.68150:1;20;24;28;42;55;62;71;79;93;104;107;123;153;162;167;173;176;187;191;222;244;249;253;257
1000552,1000283,1500083,bus,1,102548.2,2,boarding_links,13.409888231355914,1,999999,2.0,0,1.7647058823529411,999999,0.15,4,0,"LINESTRING (-122.149201 47.616946399999996, -122.149101 47.6170464)",w_bus_only;w_bus_metro;d_bus_only;d_bus_metro,Metro Transit,-1,102548.2.68160:1;20;24;28;42;55;62;71;79;93;104;107;123;153;162;167;173;176;187;191;222;244;249;253;257
1000553,1500083,1000283,bus,1,102548.2,2,boarding_links,13.409888231355914,1,999999,2.0,0,1.0,999999,0.15,4,0,"LINESTRING (-122.149201 47.616946399999996, -122.149101 47.6170464)",w_bus_only;w_bus_metro;d_bus_only;d_bus_metro,Metro Transit,-1,102548.2.68160:1;20;24;28;42;55;62;71;79;93;104;107;123;153;162;167;173;176;187;191;222;244;249;253;257
1000554,1000284,1500084,bus,1,102548.2,2,boarding_links,13.409894345026771,1,999999,2.0,0,1.7647058823529411,999999,0.15,4,0,"LINESTRING (-122.142114 47.6168701, -122.142014 47.6169701)",w_bus_only;w_bus_metro;d_bus_only;d_bus_metro,Metro Transit,-1,102548.2.68180:1;20;24;28;42;55;62;71;79;93;104;107;123;153;162;167;173;176;187;191;222;244;249;253;257
1000555,1500084,1000284,bus,1,102548.2,2,boarding_links,13.409894345026771,1,999999,2.0,0,1.0,999999,0.15,4,0,"LINESTRING (-122.142114 47.6168701, -122.142014 47.6169701)",w_bus_only;w_bus_metro;d_bus_only;d_bus_metro,Metro Transit,-1,102548.2.68180:1;20;24;28;42;55;62;71;79;93;104;107;123;153;162;167;173;176;187;191;222;244;249;253;257
1000556,1000289,1500085,bus,1,102548.2,2,boarding_links,13.407729592177066,1,999999,2.0,0,1.7647058823529411,999999,0.15,4,0,"LINESTRING (-122.132287 47.6438857, -122.132187 47.6439857)",w_bus_only;w_bus_metro;d_bus_only;d_bus_metro,Metro Transit,-1,102548.2.68498:1;20;24;28;42;55;62;71;79;93;104;107;123;153;162;167;173;176;187;191;222;244;249;253;257
1000557,1500085,1000289,bus,1,102548.2,2,boarding_links,13.407729592177066,1,999999,2.0,0,1.0,999999,0.15,4,0,"LINESTRING (-122.132287 47.6438857, -122.132187 47.6439857)",w_bus_only;w_bus_metro;d_bus_only;d_bus_metro,Metro Transit,-1,102548.2.68498:1;20;24;28;42;55;62;71;79;93;104;107;123;153;162;167;173;176;187;191;222;244;249;253;257
1000558,1000290,1500086,bus,1,102548.2,2,boarding_links,13.409781558408055,1,999999,2.0,0,1.7647058823529411,999999,0.15,4,0,"LINESTRING (-122.132417 47.6182777, -122.132317 47.6183777)",w_bus_only;w_bus_metro;d_bus_only;d_bus_metro,Metro Transit,-1,102548.2.68750:1;20;24;28;42;55;62;71;79;93;104;107;123;153;162;167;173;176;187;191;222;244;249;253;257
1000559,1500086,1000290,bus,1,102548.2,2,boarding_links,13.409781558408055,1,999999,2.0,0,1.0,999999,0.15,4,0,"LINESTRING (-122.132417 47.6182777, -122.132317 47.6183777)",w_bus_only;w_bus_metro;d_bus_only;d_bus_metro,Metro Transit,-1,102548.2.68750:1;20;24;28;42;55;62;71;79;93;104;107;123;153;162;167;173;176;187;191;222;244;249;253;257
1000560,1000291,1500087,bus,1,102548.2,2,boarding_links,13.409322450787036,1,999999,2.0,0,1.7647058823529411,999999,0.15,4,0,"LINESTRING (-122.132401 47.624007399999996, -122.132301 47.6241074)",w_bus_only;w_bus_metro;d_bus_only;d_bus_metro,Metro Transit,-1,102548.2.68780:1;20;24;28;42;55;62;71;79;93;104;107;123;153;162;167;173;176;187;191;222;244;249;253;257
1000561,1500087,1000291,bus,1,102548.2,2,boarding_links,13.409322450787036,1,999999,2.0,0,1.0,999999,0.15,4,0,"LINESTRING (-122.132401 47.624007399999996, -122.132301 47.6241074)",w_bus_only;w_bus_metro;d_bus_only;d_bus_metro,Metro Transit,-1,102548.2.68780:1;20;24;28;42;55;62;71;79;93;104;107;123;153;162;167;173;176;187;191;222;244;249;253;257
1000562,1000302,1500088,bus,1,102548.2,2,boarding_links,13.408718148704267,1,999999,2.0,0,1.7647058823529411,999999,0.15,4,0,"LINESTRING (-122.134545 47.631549, -122.134445 47.631649)",w_bus_only;w_bus_metro;d_bus_only;d_bus_metro,Metro Transit,-1,102548.2.71322:1;20;24;28;42;55;62;71;79;93;104;107;123;153;162;167;173;176;187;191;222;244;249;253;257
1000563,1500088,1000302,bus,1,102548.2,2,boarding_links,13.408718148704267,1,999999,2.0,0,1.0,999999,0.15,4,0,"LINESTRING (-122.134545 47.631549, -122.134445 47.631649)",w_bus_only;w_bus_metro;d_bus_only;d_bus_metro,Metro Transit,-1,102548.2.71322:1;20;24;28;42;55;62;71;79;93;104;107;123;153;162;167;173;176;187;191;222;244;249;253;257
1000564,1000304,1500089,bus,1,102548.2,2,boarding_links,13.40855308044283,1,999999,2.0,0,1.7647058823529411,999999,0.15,4,0,"LINESTRING (-122.137704 47.633609, -122.137604 47.633709)",w_bus_only;w_bus_metro;d_bus_only;d_bus_metro,Metro Transit,-1,102548.2.71326:1;20;24;28;42;55;62;71;79;93;104;107;123;153;162;167;173;176;187;191;222;244;249;253;257
1000565,1500089,1000304,bus,1,102548.2,2,boarding_links,13.40855308044283,1,999999,2.0,0,1.0,999999,0.15,4,0,"LINESTRING (-122.137704 47.633609, -122.137604 47.633709)",w_bus_only;w_bus_metro;d_bus_only;d_bus_metro,Metro Transit,-1,102548.2.71326:1;20;24;28;42;55;62;71;79;93;104;107;123;153;162;167;173;176;187;191;222;244;249;253;257
1000566,1000305,1500090,bus,1,102548.2,2,boarding_links,13.40756360479337,1,999999,2.0,0,1.7647058823529411,999999,0.15,4,0,"LINESTRING (-122.137902 47.6459571, -122.137802 47.6460571)",w_bus_only;w_bus_metro;d_bus_only;d_bus_metro,Metro Transit,-1,102548.2.71329:1;20;24;28;42;55;62;71;79;93;104;107;123;153;162;167;173;176;187;191;222;244;249;253;257
1000567,1500090,1000305,bus,1,102548.2,2,boarding_links,13.40756360479337,1,999999,2.0,0,1.0,999999,0.15,4,0,"LINESTRING (-122.137902 47.6459571, -122.137802 47.6460571)",w_bus_only;w_bus_metro;d_bus_only;d_bus_metro,Metro Transit,-1,102548.2.71329:1;20;24;28;42;55;62;71;79;93;104;107;123;153;162;167;173;176;187;191;222;244;249;253;257
1000568,1000316,1500091,bus,1,102548.2,2,boarding_links,13.405116500061274,1,999999,2.0,0,1.7647058823529411,999999,0.15,4,0,"LINESTRING (-122.125039 47.676493799999996, -122.124939 47.6765938)",w_bus_only;w_bus_metro;d_bus_only;d_bus_metro,Metro Transit,-1,102548.2.73227:1;20;24;28;42;55;62;71;79;93;104;107;123;153;162;167;173;176;187;191;222;244;249;253;257
1000569,1500091,1000316,bus,1,102548.2,2,boarding_links,13.405116500061274,1,999999,2.0,0,1.0,999999,0.15,4,0,"LINESTRING (-122.125039 47.676493799999996, -122.124939 47.6765938)",w_bus_only;w_bus_metro;d_bus_only;d_bus_metro,Metro Transit,-1,102548.2.73227:1;20;24;28;42;55;62;71;79;93;104;107;123;153;162;167;173;176;187;191;222;244;249;253;257
1000570,1000319,1500092,bus,1,102548.2,2,boarding_links,13.407494513889525,1,999999,2.0,0,1.7647058823529411,999999,0.15,4,0,"LINESTRING (-122.142915 47.6468193, -122.142815 47.6469193)",w_bus_only;w_bus_metro;d_bus_only;d_bus_metro,Metro Transit,-1,102548.2.73342:1;20;24;28;42;55;62;71;79;93;104;107;123;153;162;167;173;176;187;191;222;244;249;253;257
1000571,1500092,1000319,bus,1,102548.2,2,boarding_links,13.407494513889525,1,999999,2.0,0,1.0,999999,0.15,4,0,"LINESTRING (-122.142915 47.6468193, -122.142815 47.6469193)",w_bus_only;w_bus_metro;d_bus_only;d_bus_metro,Metro Transit,-1,102548.2.73342:1;20;24;28;42;55;62;71;79;93;104;107;123;153;162;167;173;176;187;191;222;244;249;253;257
1000572,1000320,1500093,bus,1,102548.2,2,boarding_links,13.40678807367296,1,999999,2.0,0,1.7647058823529411,999999,0.15,4,0,"LINESTRING (-122.143189 47.655635, -122.143089 47.655735)",w_bus_only;w_bus_metro;d_bus_only;d_bus_metro,Metro Transit,-1,102548.2.73350:1;20;24;28;42;55;62;71;79;93;104;107;123;153;162;167;173;176;187;191;222;244;249;253;257
1000573,1500093,1000320,bus,1,102548.2,2,boarding_links,13.40678807367296,1,999999,2.0,0,1.0,999999,0.15,4,0,"LINESTRING (-122.143189 47.655635, -122.143089 47.655735)",w_bus_only;w_bus_metro;d_bus_only;d_bus_metro,Metro Transit,-1,102548.2.73350:1;20;24;28;42;55;62;71;79;93;104;107;123;153;162;167;173;176;187;191;222;244;249;253;257
1000574,1000321,1500094,bus,1,102548.2,2,boarding_links,13.407041187928328,1,999999,2.0,0,1.7647058823529411,999999,0.15,4,0,"LINESTRING (-122.143189 47.6524764, -122.143089 47.6525764)",w_bus_only;w_bus_metro;d_bus_only;d_bus_metro,Metro Transit,-1,102548.2.73366:1;20;24;28;42;55;62;71;79;93;104;107;123;153;162;167;173;176;187;191;222;244;249;253;257
1000575,1500094,1000321,bus,1,102548.2,2,boarding_links,13.407041187928328,1,999999,2.0,0,1.0,999999,0.15,4,0,"LINESTRING (-122.143189 47.6524764, -122.143089 47.6525764)",w_bus_only;w_bus_metro;d_bus_only;d_bus_metro,Metro Transit,-1,102548.2.73366:1;20;24;28;42;55;62;71;79;93;104;107;123;153;162;167;173;176;187;191;222;244;249;253;257
1000576,1000322,1500095,bus,1,102548.2,2,boarding_links,13.405768574744103,1,999999,2.0,0,1.7647058823529411,999999,0.15,4,0,"LINESTRING (-122.142983 47.66835699999999, -122.142883 47.668457)",w_bus_only;w_bus_metro;d_bus_only;d_bus_metro,Metro Transit,-1,102548.2.73391:1;20;24;28;42;55;62;71;79;93;104;107;123;153;162;167;173;176;187;191;222;244;249;253;257
1000577,1500095,1000322,bus,1,102548.2,2,boarding_links,13.405768574744103,1,999999,2.0,0,1.0,999999,0.15,4,0,"LINESTRING (-122.142983 47.66835699999999, -122.142883 47.668457)",w_bus_only;w_bus_metro;d_bus_only;d_bus_metro,Metro Transit,-1,102548.2.73391:1;20;24;28;42;55;62;71;79;93;104;107;123;153;162;167;173;176;187;191;222;244;249;253;257
1000578,1000324,1500096,bus,1,102548.2,2,boarding_links,13.40530206328574,1,999999,2.0,0,1.7647058823529411,999999,0.15,4,0,"LINESTRING (-122.142983 47.674178299999994, -122.142883 47.6742783)",w_bus_only;w_bus_metro;d_bus_only;d_bus_metro,Metro Transit,-1,102548.2.73410:1;20;24;28;42;55;62;71;79;93;104;107;123;153;162;167;173;176;187;191;222;244;249;253;257
1000579,1500096,1000324,bus,1,102548.2,2,boarding_links,13.40530206328574,1,999999,2.0,0,1.0,999999,0.15,4,0,"LINESTRING (-122.142983 47.674178299999994, -122.142883 47.6742783)",w_bus_only;w_bus_metro;d_bus_only;d_bus_metro,Metro Transit,-1,102548.2.73410:1;20;24;28;42;55;62;71;79;93;104;107;123;153;162;167;173;176;187;191;222;244;249;253;257
1000580,1000325,1500097,bus,1,102548.2,2,boarding_links,13.40475453823495,1,999999,2.0,0,1.7647058823529411,999999,0.15,4,0,"LINESTRING (-122.144791 47.6810104, -122.144691 47.6811104)",w_bus_only;w_bus_metro;d_bus_only;d_bus_metro,Metro Transit,-1,102548.2.73412:1;20;24;28;42;55;62;71;79;93;104;107;123;153;162;167;173;176;187;191;222;244;249;253;257
1000581,1500097,1000325,bus,1,102548.2,2,boarding_links,13.40475453823495,1,999999,2.0,0,1.0,999999,0.15,4,0,"LINESTRING (-122.144791 47.6810104, -122.144691 47.6811104)",w_bus_only;w_bus_metro;d_bus_only;d_bus_metro,Metro Transit,-1,102548.2.73412:1;20;24;28;42;55;62;71;79;93;104;107;123;153;162;167;173;176;187;191;222;244;249;253;257
1000582,1000326,1500098,bus,1,102548.2,2,boarding_links,13.404967006820845,1,999999,2.0,0,1.7647058823529411,999999,0.15,4,0,"LINESTRING (-122.126878 47.678359199999996, -122.126778 47.6784592)",w_bus_only;w_bus_metro;d_bus_only;d_bus_metro,Metro Transit,-1,102548.2.73757:1;20;24;28;42;55;62;71;79;93;104;107;123;153;162;167;173;176;187;191;222;244;249;253;257
1000583,1500098,1000326,bus,1,102548.2,2,boarding_links,13.404967006820845,1,999999,2.0,0,1.0,999999,0.15,4,0,"LINESTRING (-122.126878 47.678359199999996, -122.126778 47.6784592)",w_bus_only;w_bus_metro;d_bus_only;d_bus_metro,Metro Transit,-1,102548.2.73757:1;20;24;28;42;55;62;71;79;93;104;107;123;153;162;167;173;176;187;191;222;244;249;253;257
1000584,1000328,1500099,bus,1,102548.2,2,boarding_links,13.404672305623519,1,999999,2.0,0,1.7647058823529411,999999,0.15,4,0,"LINESTRING (-122.134286 47.682036499999995, -122.134186 47.6821365)",w_bus_only;w_bus_metro;d_bus_only;d_bus_metro,Metro Transit,-1,102548.2.73872:1;20;24;28;42;55;62;71;79;93;104;107;123;153;162;167;173;176;187;191;222;244;249;253;257
1000585,1500099,1000328,bus,1,102548.2,2,boarding_links,13.404672305623519,1,999999,2.0,0,1.0,999999,0.15,4,0,"LINESTRING (-122.134286 47.682036499999995, -122.134186 47.6821365)",w_bus_only;w_bus_metro;d_bus_only;d_bus_metro,Metro Transit,-1,102548.2.73872:1;20;24;28;42;55;62;71;79;93;104;107;123;153;162;167;173;176;187;191;222;244;249;253;257
1000586,1000329,1500100,bus,1,102548.2,2,boarding_links,13.40479183575005,1,999999,2.0,0,1.7647058823529411,999999,0.15,4,0,"LINESTRING (-122.12775500000001 47.680544999999995, -122.127655 47.680645)",w_bus_only;w_bus_metro;d_bus_only;d_bus_metro,Metro Transit,-1,102548.2.74027:1;20;24;28;42;55;62;71;79;93;104;107;123;153;162;167;173;176;187;191;222;244;249;253;257
1000587,1500100,1000329,bus,1,102548.2,2,boarding_links,13.40479183575005,1,999999,2.0,0,1.0,999999,0.15,4,0,"LINESTRING (-122.12775500000001 47.680544999999995, -122.127655 47.680645)",w_bus_only;w_bus_metro;d_bus_only;d_bus_metro,Metro Transit,-1,102548.2.74027:1;20;24;28;42;55;62;71;79;93;104;107;123;153;162;167;173;176;187;191;222;244;249;253;257
1000588,1000001,1500101,bus,1,102576.1,2,boarding_links,13.409121632481174,1,999999,2.0,0,1.6666666666666667,999999,0.15,4,0,"LINESTRING (-122.33355 47.626513599999996, -122.33345 47.6266136)",w_bus_only;w_bus_metro;d_bus_only;d_bus_metro,Metro Transit,-1,102576.1.10325:1;9;17;20;60;77;84;93;100;106;121;127;140;150;157;168;334;345;355;359;363;377;386;399;403;411;427
1000589,1500101,1000001,bus,1,102576.1,2,boarding_links,13.409121632481174,1,999999,2.0,0,1.0,999999,0.15,4,0,"LINESTRING (-122.33355 47.626513599999996, -122.33345 47.6266136)",w_bus_only;w_bus_metro;d_bus_only;d_bus_metro,Metro Transit,-1,102576.1.10325:1;9;17;20;60;77;84;93;100;106;121;127;140;150;157;168;334;345;355;359;363;377;386;399;403;411;427
1000590,1000037,1500102,bus,1,102576.1,2,boarding_links,13.411053995967617,1,999999,2.0,0,1.6666666666666667,999999,0.15,4,0,"LINESTRING (-122.336785 47.6023971, -122.336685 47.6024971)",w_bus_only;w_bus_metro;d_bus_only;d_bus_metro,Metro Transit,-1,102576.1.1559:1;9;17;20;60;77;84;93;100;106;121;127;140;150;157;168;334;345;355;359;363;377;386;399;403;411;427
1000591,1500102,1000037,bus,1,102576.1,2,boarding_links,13.411053995967617,1,999999,2.0,0,1.0,999999,0.15,4,0,"LINESTRING (-122.336785 47.6023971, -122.336685 47.6024971)",w_bus_only;w_bus_metro;d_bus_only;d_bus_metro,Metro Transit,-1,102576.1.1559:1;9;17;20;60;77;84;93;100;106;121;127;140;150;157;168;334;345;355;359;363;377;386;399;403;411;427
1000592,1000038,1500103,bus,1,102576.1,2,boarding_links,13.411278036445903,1,999999,2.0,0,1.6666666666666667,999999,0.15,4,0,"LINESTRING (-122.335656 47.5996009, -122.335556 47.5997009)",w_bus_only;w_bus_metro;d_bus_only;d_bus_metro,Metro Transit,-1,102576.1.1561:1;9;17;20;60;77;84;93;100;106;121;127;140;150;157;168;334;345;355;359;363;377;386;399;403;411;427
1000593,1500103,1000038,bus,1,102576.1,2,boarding_links,13.411278036445903,1,999999,2.0,0,1.0,999999,0.15,4,0,"LINESTRING (-122.335656 47.5996009, -122.335556 47.5997009)",w_bus_only;w_bus_metro;d_bus_only;d_bus_metro,Metro Transit,-1,102576.1.1561:1;9;17;20;60;77;84;93;100;106;121;127;140;150;157;168;334;345;355;359;363;377;386;399;403;411;427
1000594,1000045,1500104,bus,1,102576.1,2,boarding_links,13.409983598063606,1,999999,2.0,0,1.6666666666666667,999999,0.15,4,0,"LINESTRING (-122.340981 47.6157562, -122.340881 47.6158562)",w_bus_only;w_bus_metro;d_bus_only;d_bus_metro,Metro Transit,-1,102576.1.18440:1;9;17;20;60;77;84;93;100;106;121;127;140;150;157;168;334;345;355;359;363;377;386;399;403;411;427
1000595,1500104,1000045,bus,1,102576.1,2,boarding_links,13.409983598063606,1,999999,2.0,0,1.0,999999,0.15,4,0,"LINESTRING (-122.340981 47.6157562, -122.340881 47.6158562)",w_bus_only;w_bus_metro;d_bus_only;d_bus_metro,Metro Transit,-1,102576.1.18440:1;9;17;20;60;77;84;93;100;106;121;127;140;150;157;168;334;345;355;359;363;377;386;399;403;411;427
1000596,1000046,1500105,bus,1,102576.1,2,boarding_links,13.417583085494712,1,999999,2.0,0,1.6666666666666667,999999,0.15,4,0,"LINESTRING (-122.39071700000001 47.520899899999996, -122.390617 47.5209999)",w_bus_only;w_bus_metro;d_bus_only;d_bus_metro,Metro Transit,-1,102576.1.19650:1;9;17;20;60;77;84;93;100;106;121;127;140;150;157;168;334;345;355;359;363;377;386;399;403;411;427
1000597,1500105,1000046,bus,1,102576.1,2,boarding_links,13.417583085494712,1,999999,2.0,0,1.0,999999,0.15,4,0,"LINESTRING (-122.39071700000001 47.520899899999996, -122.390617 47.5209999)",w_bus_only;w_bus_metro;d_bus_only;d_bus_metro,Metro Transit,-1,102576.1.19650:1;9;17;20;60;77;84;93;100;106;121;127;140;150;157;168;334;345;355;359;363;377;386;399;403;411;427
1000598,1000047,1500106,bus,1,102576.1,2,boarding_links,13.417408600346143,1,999999,2.0,0,1.6666666666666667,999999,0.15,4,0,"LINESTRING (-122.392999 47.5230781, -122.392899 47.5231781)",w_bus_only;w_bus_metro;d_bus_only;d_bus_metro,Metro Transit,-1,102576.1.19670:1;9;17;20;60;77;84;93;100;106;121;127;140;150;157;168;334;345;355;359;363;377;386;399;403;411;427
1000599,1500106,1000047,bus,1,102576.1,2,boarding_links,13.417408600346143,1,999999,2.0,0,1.0,999999,0.15,4,0,"LINESTRING (-122.392999 47.5230781, -122.392899 47.5231781)",w_bus_only;w_bus_metro;d_bus_only;d_bus_metro,Metro Transit,-1,102576.1.19670:1;9;17;20;60;77;84;93;100;106;121;127;140;150;157;168;334;345;355;359;363;377;386;399;403;411;427
1000600,1000048,1500107,bus,1,102576.1,2,boarding_links,13.41686252411395,1,999999,2.0,0,1.6666666666666667,999999,0.15,4,0,"LINESTRING (-122.392709 47.529894999999996, -122.392609 47.529995)",w_bus_only;w_bus_metro;d_bus_only;d_bus_metro,Metro Transit,-1,102576.1.19700:1;9;17;20;60;77;84;93;100;106;121;127;140;150;157;168;334;345;355;359;363;377;386;399;403;411;427
1000601,1500107,1000048,bus,1,102576.1,2,boarding_links,13.41686252411395,1,999999,2.0,0,1.0,999999,0.15,4,0,"LINESTRING (-122.392709 47.529894999999996, -122.392609 47.529995)",w_bus_only;w_bus_metro;d_bus_only;d_bus_metro,Metro Transit,-1,102576.1.19700:1;9;17;20;60;77;84;93;100;106;121;127;140;150;157;168;334;345;355;359;363;377;386;399;403;411;427
1000602,1000049,1500108,bus,1,102576.1,2,boarding_links,13.416377559954496,1,999999,2.0,0,1.6666666666666667,999999,0.15,4,0,"LINESTRING (-122.392442 47.535948899999994, -122.392342 47.5360489)",w_bus_only;w_bus_metro;d_bus_only;d_bus_metro,Metro Transit,-1,102576.1.19740:1;9;17;20;60;77;84;93;100;106;121;127;140;150;157;168;334;345;355;359;363;377;386;399;403;411;427
1000603,1500108,1000049,bus,1,102576.1,2,boarding_links,13.416377559954496,1,999999,2.0,0,1.0,999999,0.15,4,0,"LINESTRING (-122.392442 47.535948899999994, -122.392342 47.5360489)",w_bus_only;w_bus_metro;d_bus_only;d_bus_metro,Metro Transit,-1,102576.1.19740:1;9;17;20;60;77;84;93;100;106;121;127;140;150;157;168;334;345;355;359;363;377;386;399;403;411;427
1000604,1000050,1500109,bus,1,102576.1,2,boarding_links,13.416071664265527,1,999999,2.0,0,1.6666666666666667,999999,0.15,4,0,"LINESTRING (-122.390611 47.539767399999995, -122.390511 47.5398674)",w_bus_only;w_bus_metro;d_bus_only;d_bus_metro,Metro Transit,-1,102576.1.19750:1;9;17;20;60;77;84;93;100;106;121;127;140;150;157;168;334;345;355;359;363;377;386;399;403;411;427
1000605,1500109,1000050,bus,1,102576.1,2,boarding_links,13.416071664265527,1,999999,2.0,0,1.0,999999,0.15,4,0,"LINESTRING (-122.390611 47.539767399999995, -122.390511 47.5398674)",w_bus_only;w_bus_metro;d_bus_only;d_bus_metro,Metro Transit,-1,102576.1.19750:1;9;17;20;60;77;84;93;100;106;121;127;140;150;157;168;334;345;355;359;363;377;386;399;403;411;427
1000606,1000051,1500110,bus,1,102576.1,2,boarding_links,13.415635577873804,1,999999,2.0,0,1.6666666666666667,999999,0.15,4,0,"LINESTRING (-122.387208 47.545210999999995, -122.387108 47.545311)",w_bus_only;w_bus_metro;d_bus_only;d_bus_metro,Metro Transit,-1,102576.1.19790:1;9;17;20;60;77;84;93;100;106;121;127;140;150;157;168;334;345;355;359;363;377;386;399;403;411;427
1000607,1500110,1000051,bus,1,102576.1,2,boarding_links,13.415635577873804,1,999999,2.0,0,1.0,999999,0.15,4,0,"LINESTRING (-122.387208 47.545210999999995, -122.387108 47.545311)",w_bus_only;w_bus_metro;d_bus_only;d_bus_metro,Metro Transit,-1,102576.1.19790:1;9;17;20;60;77;84;93;100;106;121;127;140;150;157;168;334;345;355;359;363;377;386;399;403;411;427
1000608,1000052,1500111,bus,1,102576.1,2,boarding_links,13.41507021599495,1,999999,2.0,0,1.6666666666666667,999999,0.15,4,0,"LINESTRING (-122.387032 47.55226819999999, -122.386932 47.5523682)",w_bus_only;w_bus_metro;d_bus_only;d_bus_metro,Metro Transit,-1,102576.1.19830:1;9;17;20;60;77;84;93;100;106;121;127;140;150;157;168;334;345;355;359;363;377;386;399;403;411;427
1000609,1500111,1000052,bus,1,102576.1,2,boarding_links,13.41507021599495,1,999999,2.0,0,1.0,999999,0.15,4,0,"LINESTRING (-122.387032 47.55226819999999, -122.386932 47.5523682)",w_bus_only;w_bus_metro;d_bus_only;d_bus_metro,Metro Transit,-1,102576.1.19830:1;9;17;20;60;77;84;93;100;106;121;127;140;150;157;168;334;345;355;359;363;377;386;399;403;411;427
1000610,1000053,1500112,bus,1,102576.1,2,boarding_links,13.41437435310823,1,999999,2.0,0,1.6666666666666667,999999,0.15,4,0,"LINESTRING (-122.386971 47.5609542, -122.386871 47.5610542)",w_bus_only;w_bus_metro;d_bus_only;d_bus_metro,Metro Transit,-1,102576.1.19862:1;9;17;20;60;77;84;93;100;106;121;127;140;150;157;168;334;345;355;359;363;377;386;399;403;411;427
1000611,1500112,1000053,bus,1,102576.1,2,boarding_links,13.41437435310823,1,999999,2.0,0,1.0,999999,0.15,4,0,"LINESTRING (-122.386971 47.5609542, -122.386871 47.5610542)",w_bus_only;w_bus_metro;d_bus_only;d_bus_metro,Metro Transit,-1,102576.1.19862:1;9;17;20;60;77;84;93;100;106;121;127;140;150;157;168;334;345;355;359;363;377;386;399;403;411;427
1000612,1000055,1500113,bus,1,102576.1,2,boarding_links,13.413827304365238,1,999999,2.0,0,1.6666666666666667,999999,0.15,4,0,"LINESTRING (-122.370774 47.5677825, -122.370674 47.5678825)",w_bus_only;w_bus_metro;d_bus_only;d_bus_metro,Metro Transit,-1,102576.1.19930:1;9;17;20;60;77;84;93;100;106;121;127;140;150;157;168;334;345;355;359;363;377;386;399;403;411;427
1000613,1500113,1000055,bus,1,102576.1,2,boarding_links,13.413827304365238,1,999999,2.0,0,1.0,999999,0.15,4,0,"LINESTRING (-122.370774 47.5677825, -122.370674 47.5678825)",w_bus_only;w_bus_metro;d_bus_only;d_bus_metro,Metro Transit,-1,102576.1.19930:1;9;17;20;60;77;84;93;100;106;121;127;140;150;157;168;334;345;355;359;363;377;386;399;403;411;427
1000614,1000089,1500114,bus,1,102576.1,2,boarding_links,13.417866959957609,1,999999,2.0,0,1.6666666666666667,999999,0.15,4,0,"LINESTRING (-122.36815 47.51735609999999, -122.36805 47.5174561)",w_bus_only;w_bus_metro;d_bus_only;d_bus_metro,Metro Transit,-1,102576.1.22260:1;9;17;20;60;77;84;93;100;106;121;127;140;150;157;168;334;345;355;359;363;377;386;399;403;411;427
1000615,1500114,1000089,bus,1,102576.1,2,boarding_links,13.417866959957609,1,999999,2.0,0,1.0,999999,0.15,4,0,"LINESTRING (-122.36815 47.51735609999999, -122.36805 47.5174561)",w_bus_only;w_bus_metro;d_bus_only;d_bus_metro,Metro Transit,-1,102576.1.22260:1;9;17;20;60;77;84;93;100;106;121;127;140;150;157;168;334;345;355;359;363;377;386;399;403;411;427
1000616,1000091,1500115,bus,1,102576.1,2,boarding_links,13.417586137493092,1,999999,2.0,0,1.6666666666666667,999999,0.15,4,0,"LINESTRING (-122.367455 47.5208618, -122.367355 47.5209618)",w_bus_only;w_bus_metro;d_bus_only;d_bus_metro,Metro Transit,-1,102576.1.22557:1;9;17;20;60;77;84;93;100;106;121;127;140;150;157;168;334;345;355;359;363;377;386;399;403;411;427
1000617,1500115,1000091,bus,1,102576.1,2,boarding_links,13.417586137493092,1,999999,2.0,0,1.0,999999,0.15,4,0,"LINESTRING (-122.367455 47.5208618, -122.367355 47.5209618)",w_bus_only;w_bus_metro;d_bus_only;d_bus_metro,Metro Transit,-1,102576.1.22557:1;9;17;20;60;77;84;93;100;106;121;127;140;150;157;168;334;345;355;359;363;377;386;399;403;411;427
1000618,1000092,1500116,bus,1,102576.1,2,boarding_links,13.417844963355412,1,999999,2.0,0,1.6666666666666667,999999,0.15,4,0,"LINESTRING (-122.376878 47.5176307, -122.376778 47.5177307)",w_bus_only;w_bus_metro;d_bus_only;d_bus_metro,Metro Transit,-1,102576.1.22560:1;9;17;20;60;77;84;93;100;106;121;127;140;150;157;168;334;345;355;359;363;377;386;399;403;411;427
1000619,1500116,1000092,bus,1,102576.1,2,boarding_links,13.417844963355412,1,999999,2.0,0,1.0,999999,0.15,4,0,"LINESTRING (-122.376878 47.5176307, -122.376778 47.5177307)",w_bus_only;w_bus_metro;d_bus_only;d_bus_metro,Metro Transit,-1,102576.1.22560:1;9;17;20;60;77;84;93;100;106;121;127;140;150;157;168;334;345;355;359;363;377;386;399;403;411;427
1000620,1000093,1500117,bus,1,102576.1,2,boarding_links,13.414172953431809,1,999999,2.0,0,1.6666666666666667,999999,0.15,4,0,"LINESTRING (-122.376199 47.563468099999994, -122.376099 47.5635681)",w_bus_only;w_bus_metro;d_bus_only;d_bus_metro,Metro Transit,-1,102576.1.22820:1;9;17;20;60;77;84;93;100;106;121;127;140;150;157;168;334;345;355;359;363;377;386;399;403;411;427
1000621,1500117,1000093,bus,1,102576.1,2,boarding_links,13.414172953431809,1,999999,2.0,0,1.0,999999,0.15,4,0,"LINESTRING (-122.376199 47.563468099999994, -122.376099 47.5635681)",w_bus_only;w_bus_metro;d_bus_only;d_bus_metro,Metro Transit,-1,102576.1.22820:1;9;17;20;60;77;84;93;100;106;121;127;140;150;157;168;334;345;355;359;363;377;386;399;403;411;427
1000622,1000101,1500118,bus,1,102576.1,2,boarding_links,13.409790420458705,1,999999,2.0,0,1.6666666666666667,999999,0.15,4,0,"LINESTRING (-122.338441 47.618167099999994, -122.338341 47.6182671)",w_bus_only;w_bus_metro;d_bus_only;d_bus_metro,Metro Transit,-1,102576.1.26690:1;9;17;20;60;77;84;93;100;106;121;127;140;150;157;168;334;345;355;359;363;377;386;399;403;411;427
1000623,1500118,1000101,bus,1,102576.1,2,boarding_links,13.409790420458705,1,999999,2.0,0,1.0,999999,0.15,4,0,"LINESTRING (-122.338441 47.618167099999994, -122.338341 47.6182671)",w_bus_only;w_bus_metro;d_bus_only;d_bus_metro,Metro Transit,-1,102576.1.26690:1;9;17;20;60;77;84;93;100;106;121;127;140;150;157;168;334;345;355;359;363;377;386;399;403;411;427
1000624,1000102,1500119,bus,1,102576.1,2,boarding_links,13.409503404018391,1,999999,2.0,0,1.6666666666666667,999999,0.15,4,0,"LINESTRING (-122.33845600000001 47.621749099999995, -122.338356 47.6218491)",w_bus_only;w_bus_metro;d_bus_only;d_bus_metro,Metro Transit,-1,102576.1.26715:1;9;17;20;60;77;84;93;100;106;121;127;140;150;157;168;334;345;355;359;363;377;386;399;403;411;427
1000625,1500119,1000102,bus,1,102576.1,2,boarding_links,13.409503404018391,1,999999,2.0,0,1.0,999999,0.15,4,0,"LINESTRING (-122.33845600000001 47.621749099999995, -122.338356 47.6218491)",w_bus_only;w_bus_metro;d_bus_only;d_bus_metro,Metro Transit,-1,102576.1.26715:1;9;17;20;60;77;84;93;100;106;121;127;140;150;157;168;334;345;355;359;363;377;386;399;403;411;427
1000626,1000104,1500120,bus,1,102576.1,2,boarding_links,13.409210583415673,1,999999,2.0,0,1.6666666666666667,999999,0.15,4,0,"LINESTRING (-122.338494 47.6254035, -122.338394 47.6255035)",w_bus_only;w_bus_metro;d_bus_only;d_bus_metro,Metro Transit,-1,102576.1.26730:1;9;17;20;60;77;84;93;100;106;121;127;140;150;157;168;334;345;355;359;363;377;386;399;403;411;427
1000627,1500120,1000104,bus,1,102576.1,2,boarding_links,13.409210583415673,1,999999,2.0,0,1.0,999999,0.15,4,0,"LINESTRING (-122.338494 47.6254035, -122.338394 47.6255035)",w_bus_only;w_bus_metro;d_bus_only;d_bus_metro,Metro Transit,-1,102576.1.26730:1;9;17;20;60;77;84;93;100;106;121;127;140;150;157;168;334;345;355;359;363;377;386;399;403;411;427
1000628,1000107,1500121,bus,1,102576.1,2,boarding_links,13.417572087083062,1,999999,2.0,0,1.6666666666666667,999999,0.15,4,0,"LINESTRING (-122.37734300000001 47.521037199999995, -122.377243 47.5211372)",w_bus_only;w_bus_metro;d_bus_only;d_bus_metro,Metro Transit,-1,102576.1.31765:1;9;17;20;60;77;84;93;100;106;121;127;140;150;157;168;334;345;355;359;363;377;386;399;403;411;427
1000629,1500121,1000107,bus,1,102576.1,2,boarding_links,13.417572087083062,1,999999,2.0,0,1.0,999999,0.15,4,0,"LINESTRING (-122.37734300000001 47.521037199999995, -122.377243 47.5211372)",w_bus_only;w_bus_metro;d_bus_only;d_bus_metro,Metro Transit,-1,102576.1.31765:1;9;17;20;60;77;84;93;100;106;121;127;140;150;157;168;334;345;355;359;363;377;386;399;403;411;427
1000630,1000108,1500122,bus,1,102576.1,2,boarding_links,13.41753755380442,1,999999,2.0,0,1.6666666666666667,999999,0.15,4,0,"LINESTRING (-122.387673 47.521468299999995, -122.387573 47.5215683)",w_bus_only;w_bus_metro;d_bus_only;d_bus_metro,Metro Transit,-1,102576.1.31791:1;9;17;20;60;77;84;93;100;106;121;127;140;150;157;168;334;345;355;359;363;377;386;399;403;411;427
1000631,1500122,1000108,bus,1,102576.1,2,boarding_links,13.41753755380442,1,999999,2.0,0,1.0,999999,0.15,4,0,"LINESTRING (-122.387673 47.521468299999995, -122.387573 47.5215683)",w_bus_only;w_bus_metro;d_bus_only;d_bus_metro,Metro Transit,-1,102576.1.31791:1;9;17;20;60;77;84;93;100;106;121;127;140;150;157;168;334;345;355;359;363;377;386;399;403;411;427
1000632,1000111,1500123,bus,1,102576.1,2,boarding_links,13.414377405457104,1,999999,2.0,0,1.6666666666666667,999999,0.15,4,0,"LINESTRING (-122.380967 47.5609161, -122.380867 47.5610161)",w_bus_only;w_bus_metro;d_bus_only;d_bus_metro,Metro Transit,-1,102576.1.33220:1;9;17;20;60;77;84;93;100;106;121;127;140;150;157;168;334;345;355;359;363;377;386;399;403;411;427
1000633,1500123,1000111,bus,1,102576.1,2,boarding_links,13.414377405457104,1,999999,2.0,0,1.0,999999,0.15,4,0,"LINESTRING (-122.380967 47.5609161, -122.380867 47.5610161)",w_bus_only;w_bus_metro;d_bus_only;d_bus_metro,Metro Transit,-1,102576.1.33220:1;9;17;20;60;77;84;93;100;106;121;127;140;150;157;168;334;345;355;359;363;377;386;399;403;411;427
1000634,1000175,1500124,bus,1,102576.1,2,boarding_links,13.410869078326575,1,999999,2.0,0,1.6666666666666667,999999,0.15,4,0,"LINESTRING (-122.33326000000001 47.604704999999996, -122.33316 47.604805)",w_bus_only;w_bus_metro;d_bus_only;d_bus_metro,Metro Transit,-1,102576.1.539:1;9;17;20;60;77;84;93;100;106;121;127;140;150;157;168;334;345;355;359;363;377;386;399;403;411;427
1000635,1500124,1000175,bus,1,102576.1,2,boarding_links,13.410869078326575,1,999999,2.0,0,1.0,999999,0.15,4,0,"LINESTRING (-122.33326000000001 47.604704999999996, -122.33316 47.604805)",w_bus_only;w_bus_metro;d_bus_only;d_bus_metro,Metro Transit,-1,102576.1.539:1;9;17;20;60;77;84;93;100;106;121;127;140;150;157;168;334;345;355;359;363;377;386;399;403;411;427
1000636,1000184,1500125,bus,1,102576.1,2,boarding_links,13.410689055103031,1,999999,2.0,0,1.6666666666666667,999999,0.15,4,0,"LINESTRING (-122.335313 47.6069518, -122.335213 47.6070518)",w_bus_only;w_bus_metro;d_bus_only;d_bus_metro,Metro Transit,-1,102576.1.558:1;9;17;20;60;77;84;93;100;106;121;127;140;150;157;168;334;345;355;359;363;377;386;399;403;411;427
1000637,1500125,1000184,bus,1,102576.1,2,boarding_links,13.410689055103031,1,999999,2.0,0,1.0,999999,0.15,4,0,"LINESTRING (-122.335313 47.6069518, -122.335213 47.6070518)",w_bus_only;w_bus_metro;d_bus_only;d_bus_metro,Metro Transit,-1,102576.1.558:1;9;17;20;60;77;84;93;100;106;121;127;140;150;157;168;334;345;355;359;363;377;386;399;403;411;427
1000638,1000190,1500126,bus,1,102576.1,2,boarding_links,13.410481515803086,1,999999,2.0,0,1.6666666666666667,999999,0.15,4,0,"LINESTRING (-122.33768500000001 47.609542, -122.337585 47.609642)",w_bus_only;w_bus_metro;d_bus_only;d_bus_metro,Metro Transit,-1,102576.1.575:1;9;17;20;60;77;84;93;100;106;121;127;140;150;157;168;334;345;355;359;363;377;386;399;403;411;427
1000639,1500126,1000190,bus,1,102576.1,2,boarding_links,13.410481515803086,1,999999,2.0,0,1.0,999999,0.15,4,0,"LINESTRING (-122.33768500000001 47.609542, -122.337585 47.609642)",w_bus_only;w_bus_metro;d_bus_only;d_bus_metro,Metro Transit,-1,102576.1.575:1;9;17;20;60;77;84;93;100;106;121;127;140;150;157;168;334;345;355;359;363;377;386;399;403;411;427
1000640,1000213,1500127,bus,1,102576.1,2,boarding_links,13.410212847056272,1,999999,2.0,0,1.6666666666666667,999999,0.15,4,0,"LINESTRING (-122.341843 47.612895099999996, -122.341743 47.6129951)",w_bus_only;w_bus_metro;d_bus_only;d_bus_metro,Metro Transit,-1,102576.1.600:1;9;17;20;60;77;84;93;100;106;121;127;140;150;157;168;334;345;355;359;363;377;386;399;403;411;427
1000641,1500127,1000213,bus,1,102576.1,2,boarding_links,13.410212847056272,1,999999,2.0,0,1.0,999999,0.15,4,0,"LINESTRING (-122.341843 47.612895099999996, -122.341743 47.6129951)",w_bus_only;w_bus_metro;d_bus_only;d_bus_metro,Metro Transit,-1,102576.1.600:1;9;17;20;60;77;84;93;100;106;121;127;140;150;157;168;334;345;355;359;363;377;386;399;403;411;427
1000642,1000002,1500128,bus,1,102576.2,2,boarding_links,13.409168091169274,1,999999,2.0,0,1.875,999999,0.15,4,0,"LINESTRING (-122.33420600000001 47.6259338, -122.334106 47.6260338)",w_bus_only;w_bus_metro;d_bus_only;d_bus_metro,Metro Transit,-1,102576.2.10328:1;23;26;31;46;59;64;68;77;97;236;248;255;267;279;285;301;306;313;321;328;345;386;394
1000643,1500128,1000002,bus,1,102576.2,2,boarding_links,13.409168091169274,1,999999,2.0,0,1.0,999999,0.15,4,0,"LINESTRING (-122.33420600000001 47.6259338, -122.334106 47.6260338)",w_bus_only;w_bus_metro;d_bus_only;d_bus_metro,Metro Transit,-1,102576.2.10328:1;23;26;31;46;59;64;68;77;97;236;248;255;267;279;285;301;306;313;321;328;345;386;394
1000644,1000036,1500129,bus,1,102576.2,2,boarding_links,13.411044517355014,1,999999,2.0,0,1.875,999999,0.15,4,0,"LINESTRING (-122.336884 47.602515399999994, -122.336784 47.6026154)",w_bus_only;w_bus_metro;d_bus_only;d_bus_metro,Metro Transit,-1,102576.2.1558:1;23;26;31;46;59;64;68;77;97;236;248;255;267;279;285;301;306;313;321;328;345;386;394
1000645,1500129,1000036,bus,1,102576.2,2,boarding_links,13.411044517355014,1,999999,2.0,0,1.0,999999,0.15,4,0,"LINESTRING (-122.336884 47.602515399999994, -122.336784 47.6026154)",w_bus_only;w_bus_metro;d_bus_only;d_bus_metro,Metro Transit,-1,102576.2.1558:1;23;26;31;46;59;64;68;77;97;236;248;255;267;279;285;301;306;313;321;328;345;386;394
1000646,1000039,1500130,bus,1,102576.2,2,boarding_links,13.411356893277624,1,999999,2.0,0,1.875,999999,0.15,4,0,"LINESTRING (-122.33606 47.598616699999994, -122.33596 47.5987167)",w_bus_only;w_bus_metro;d_bus_only;d_bus_metro,Metro Transit,-1,102576.2.1562:1;23;26;31;46;59;64;68;77;97;236;248;255;267;279;285;301;306;313;321;328;345;386;394
1000647,1500130,1000039,bus,1,102576.2,2,boarding_links,13.411356893277624,1,999999,2.0,0,1.0,999999,0.15,4,0,"LINESTRING (-122.33606 47.598616699999994, -122.33596 47.5987167)",w_bus_only;w_bus_metro;d_bus_only;d_bus_metro,Metro Transit,-1,102576.2.1562:1;23;26;31;46;59;64;68;77;97;236;248;255;267;279;285;301;306;313;321;328;345;386;394
1000648,1000054,1500131,bus,1,102576.2,2,boarding_links,13.413748454381945,1,999999,2.0,0,1.875,999999,0.15,4,0,"LINESTRING (-122.37095000000001 47.5687667, -122.37085 47.5688667)",w_bus_only;w_bus_metro;d_bus_only;d_bus_metro,Metro Transit,-1,102576.2.19898:1;23;26;31;46;59;64;68;77;97;236;248;255;267;279;285;301;306;313;321;328;345;386;394
1000649,1500131,1000054,bus,1,102576.2,2,boarding_links,13.413748454381945,1,999999,2.0,0,1.0,999999,0.15,4,0,"LINESTRING (-122.37095000000001 47.5687667, -122.37085 47.5688667)",w_bus_only;w_bus_metro;d_bus_only;d_bus_metro,Metro Transit,-1,102576.2.19898:1;23;26;31;46;59;64;68;77;97;236;248;255;267;279;285;301;306;313;321;328;345;386;394
1000650,1000056,1500132,bus,1,102576.2,2,boarding_links,13.414362432120472,1,999999,2.0,0,1.875,999999,0.15,4,0,"LINESTRING (-122.387483 47.561102999999996, -122.387383 47.561203)",w_bus_only;w_bus_metro;d_bus_only;d_bus_metro,Metro Transit,-1,102576.2.20041:1;23;26;31;46;59;64;68;77;97;236;248;255;267;279;285;301;306;313;321;328;345;386;394
1000651,1500132,1000056,bus,1,102576.2,2,boarding_links,13.414362432120472,1,999999,2.0,0,1.0,999999,0.15,4,0,"LINESTRING (-122.387483 47.561102999999996, -122.387383 47.561203)",w_bus_only;w_bus_metro;d_bus_only;d_bus_metro,Metro Transit,-1,102576.2.20041:1;23;26;31;46;59;64;68;77;97;236;248;255;267;279;285;301;306;313;321;328;345;386;394
1000652,1000057,1500133,bus,1,102576.2,2,boarding_links,13.415118195130104,1,999999,2.0,0,1.875,999999,0.15,4,0,"LINESTRING (-122.387246 47.55166929999999, -122.387146 47.5517693)",w_bus_only;w_bus_metro;d_bus_only;d_bus_metro,Metro Transit,-1,102576.2.20090:1;23;26;31;46;59;64;68;77;97;236;248;255;267;279;285;301;306;313;321;328;345;386;394
1000653,1500133,1000057,bus,1,102576.2,2,boarding_links,13.415118195130104,1,999999,2.0,0,1.0,999999,0.15,4,0,"LINESTRING (-122.387246 47.55166929999999, -122.387146 47.5517693)",w_bus_only;w_bus_metro;d_bus_only;d_bus_metro,Metro Transit,-1,102576.2.20090:1;23;26;31;46;59;64;68;77;97;236;248;255;267;279;285;301;306;313;321;328;345;386;394
1000654,1000058,1500134,bus,1,102576.2,2,boarding_links,13.41567133118953,1,999999,2.0,0,1.875,999999,0.15,4,0,"LINESTRING (-122.38778 47.544764699999995, -122.38768 47.5448647)",w_bus_only;w_bus_metro;d_bus_only;d_bus_metro,Metro Transit,-1,102576.2.20130:1;23;26;31;46;59;64;68;77;97;236;248;255;267;279;285;301;306;313;321;328;345;386;394
1000655,1500134,1000058,bus,1,102576.2,2,boarding_links,13.41567133118953,1,999999,2.0,0,1.0,999999,0.15,4,0,"LINESTRING (-122.38778 47.544764699999995, -122.38768 47.5448647)",w_bus_only;w_bus_metro;d_bus_only;d_bus_metro,Metro Transit,-1,102576.2.20130:1;23;26;31;46;59;64;68;77;97;236;248;255;267;279;285;301;306;313;321;328;345;386;394
1000656,1000059,1500135,bus,1,102576.2,2,boarding_links,13.416117502769815,1,999999,2.0,0,1.875,999999,0.15,4,0,"LINESTRING (-122.391084 47.539195199999995, -122.390984 47.5392952)",w_bus_only;w_bus_metro;d_bus_only;d_bus_metro,Metro Transit,-1,102576.2.20170:1;23;26;31;46;59;64;68;77;97;236;248;255;267;279;285;301;306;313;321;328;345;386;394
1000657,1500135,1000059,bus,1,102576.2,2,boarding_links,13.416117502769815,1,999999,2.0,0,1.0,999999,0.15,4,0,"LINESTRING (-122.391084 47.539195199999995, -122.390984 47.5392952)",w_bus_only;w_bus_metro;d_bus_only;d_bus_metro,Metro Transit,-1,102576.2.20170:1;23;26;31;46;59;64;68;77;97;236;248;255;267;279;285;301;306;313;321;328;345;386;394
1000658,1000060,1500136,bus,1,102576.2,2,boarding_links,13.416411790262503,1,999999,2.0,0,1.875,999999,0.15,4,0,"LINESTRING (-122.392823 47.535521599999996, -122.392723 47.5356216)",w_bus_only;w_bus_metro;d_bus_only;d_bus_metro,Metro Transit,-1,102576.2.20190:1;23;26;31;46;59;64;68;77;97;236;248;255;267;279;285;301;306;313;321;328;345;386;394
1000659,1500136,1000060,bus,1,102576.2,2,boarding_links,13.416411790262503,1,999999,2.0,0,1.0,999999,0.15,4,0,"LINESTRING (-122.392823 47.535521599999996, -122.392723 47.5356216)",w_bus_only;w_bus_metro;d_bus_only;d_bus_metro,Metro Transit,-1,102576.2.20190:1;23;26;31;46;59;64;68;77;97;236;248;255;267;279;285;301;306;313;321;328;345;386;394
1000660,1000061,1500137,bus,1,102576.2,2,boarding_links,13.416897058232179,1,999999,2.0,0,1.875,999999,0.15,4,0,"LINESTRING (-122.39293 47.529463899999996, -122.39283 47.5295639)",w_bus_only;w_bus_metro;d_bus_only;d_bus_metro,Metro Transit,-1,102576.2.20220:1;23;26;31;46;59;64;68;77;97;236;248;255;267;279;285;301;306;313;321;328;345;386;394
1000661,1500137,1000061,bus,1,102576.2,2,boarding_links,13.416897058232179,1,999999,2.0,0,1.0,999999,0.15,4,0,"LINESTRING (-122.39293 47.529463899999996, -122.39283 47.5295639)",w_bus_only;w_bus_metro;d_bus_only;d_bus_metro,Metro Transit,-1,102576.2.20220:1;23;26;31;46;59;64;68;77;97;236;248;255;267;279;285;301;306;313;321;328;345;386;394
1000662,1000062,1500138,bus,1,102576.2,2,boarding_links,13.417422354448998,1,999999,2.0,0,1.875,999999,0.15,4,0,"LINESTRING (-122.393174 47.5229064, -122.393074 47.5230064)",w_bus_only;w_bus_metro;d_bus_only;d_bus_metro,Metro Transit,-1,102576.2.20250:1;23;26;31;46;59;64;68;77;97;236;248;255;267;279;285;301;306;313;321;328;345;386;394
1000663,1500138,1000062,bus,1,102576.2,2,boarding_links,13.417422354448998,1,999999,2.0,0,1.0,999999,0.15,4,0,"LINESTRING (-122.393174 47.5229064, -122.393074 47.5230064)",w_bus_only;w_bus_metro;d_bus_only;d_bus_metro,Metro Transit,-1,102576.2.20250:1;23;26;31;46;59;64;68;77;97;236;248;255;267;279;285;301;306;313;321;328;345;386;394
1000664,1000063,1500139,bus,1,102576.2,2,boarding_links,13.417588276294907,1,999999,2.0,0,1.875,999999,0.15,4,0,"LINESTRING (-122.390992 47.5208351, -122.390892 47.5209351)",w_bus_only;w_bus_metro;d_bus_only;d_bus_metro,Metro Transit,-1,102576.2.20270:1;23;26;31;46;59;64;68;77;97;236;248;255;267;279;285;301;306;313;321;328;345;386;394
1000665,1500139,1000063,bus,1,102576.2,2,boarding_links,13.417588276294907,1,999999,2.0,0,1.0,999999,0.15,4,0,"LINESTRING (-122.390992 47.5208351, -122.390892 47.5209351)",w_bus_only;w_bus_metro;d_bus_only;d_bus_metro,Metro Transit,-1,102576.2.20270:1;23;26;31;46;59;64;68;77;97;236;248;255;267;279;285;301;306;313;321;328;345;386;394
1000666,1000090,1500140,bus,1,102576.2,2,boarding_links,13.417583085494712,1,999999,2.0,0,1.875,999999,0.15,4,0,"LINESTRING (-122.376458 47.520899899999996, -122.376358 47.5209999)",w_bus_only;w_bus_metro;d_bus_only;d_bus_metro,Metro Transit,-1,102576.2.22553:1;23;26;31;46;59;64;68;77;97;236;248;255;267;279;285;301;306;313;321;328;345;386;394
1000667,1500140,1000090,bus,1,102576.2,2,boarding_links,13.417583085494712,1,999999,2.0,0,1.0,999999,0.15,4,0,"LINESTRING (-122.376458 47.520899899999996, -122.376358 47.5209999)",w_bus_only;w_bus_metro;d_bus_only;d_bus_metro,Metro Transit,-1,102576.2.22553:1;23;26;31;46;59;64;68;77;97;236;248;255;267;279;285;301;306;313;321;328;345;386;394
1000668,1000091,1500141,bus,1,102576.2,2,boarding_links,13.417586137493092,1,999999,2.0,0,1.875,999999,0.15,4,0,"LINESTRING (-122.367455 47.5208618, -122.367355 47.5209618)",w_bus_only;w_bus_metro;d_bus_only;d_bus_metro,Metro Transit,-1,102576.2.22557:1;23;26;31;46;59;64;68;77;97;236;248;255;267;279;285;301;306;313;321;328;345;386;394
1000669,1500141,1000091,bus,1,102576.2,2,boarding_links,13.417586137493092,1,999999,2.0,0,1.0,999999,0.15,4,0,"LINESTRING (-122.367455 47.5208618, -122.367355 47.5209618)",w_bus_only;w_bus_metro;d_bus_only;d_bus_metro,Metro Transit,-1,102576.2.22557:1;23;26;31;46;59;64;68;77;97;236;248;255;267;279;285;301;306;313;321;328;345;386;394
1000670,1000094,1500142,bus,1,102576.2,2,boarding_links,13.414178144865216,1,999999,2.0,0,1.875,999999,0.15,4,0,"LINESTRING (-122.376405 47.5634033, -122.376305 47.5635033)",w_bus_only;w_bus_metro;d_bus_only;d_bus_metro,Metro Transit,-1,102576.2.22830:1;23;26;31;46;59;64;68;77;97;236;248;255;267;279;285;301;306;313;321;328;345;386;394
1000671,1500142,1000094,bus,1,102576.2,2,boarding_links,13.414178144865216,1,999999,2.0,0,1.0,999999,0.15,4,0,"LINESTRING (-122.376405 47.5634033, -122.376305 47.5635033)",w_bus_only;w_bus_metro;d_bus_only;d_bus_metro,Metro Transit,-1,102576.2.22830:1;23;26;31;46;59;64;68;77;97;236;248;255;267;279;285;301;306;313;321;328;345;386;394
1000672,1000098,1500143,bus,1,102576.2,2,boarding_links,13.409318788922333,1,999999,2.0,0,1.875,999999,0.15,4,0,"LINESTRING (-122.33864700000001 47.6240531, -122.338547 47.6241531)",w_bus_only;w_bus_metro;d_bus_only;d_bus_metro,Metro Transit,-1,102576.2.26641:1;23;26;31;46;59;64;68;77;97;236;248;255;267;279;285;301;306;313;321;328;345;386;394
1000673,1500143,1000098,bus,1,102576.2,2,boarding_links,13.409318788922333,1,999999,2.0,0,1.0,999999,0.15,4,0,"LINESTRING (-122.33864700000001 47.6240531, -122.338547 47.6241531)",w_bus_only;w_bus_metro;d_bus_only;d_bus_metro,Metro Transit,-1,102576.2.26641:1;23;26;31;46;59;64;68;77;97;236;248;255;267;279;285;301;306;313;321;328;345;386;394
1000674,1000099,1500144,bus,1,102576.2,2,boarding_links,13.40954099996901,1,999999,2.0,0,1.875,999999,0.15,4,0,"LINESTRING (-122.33867000000001 47.6212799, -122.33857 47.6213799)",w_bus_only;w_bus_metro;d_bus_only;d_bus_metro,Metro Transit,-1,102576.2.26645:1;23;26;31;46;59;64;68;77;97;236;248;255;267;279;285;301;306;313;321;328;345;386;394
1000675,1500144,1000099,bus,1,102576.2,2,boarding_links,13.40954099996901,1,999999,2.0,0,1.0,999999,0.15,4,0,"LINESTRING (-122.33867000000001 47.6212799, -122.33857 47.6213799)",w_bus_only;w_bus_metro;d_bus_only;d_bus_metro,Metro Transit,-1,102576.2.26645:1;23;26;31;46;59;64;68;77;97;236;248;255;267;279;285;301;306;313;321;328;345;386;394
1000676,1000100,1500145,bus,1,102576.2,2,boarding_links,13.409828328530711,1,999999,2.0,0,1.875,999999,0.15,4,0,"LINESTRING (-122.33856300000001 47.617694, -122.338463 47.617794)",w_bus_only;w_bus_metro;d_bus_only;d_bus_metro,Metro Transit,-1,102576.2.26665:1;23;26;31;46;59;64;68;77;97;236;248;255;267;279;285;301;306;313;321;328;345;386;394
1000677,1500145,1000100,bus,1,102576.2,2,boarding_links,13.409828328530711,1,999999,2.0,0,1.0,999999,0.15,4,0,"LINESTRING (-122.33856300000001 47.617694, -122.338463 47.617794)",w_bus_only;w_bus_metro;d_bus_only;d_bus_metro,Metro Transit,-1,102576.2.26665:1;23;26;31;46;59;64;68;77;97;236;248;255;267;279;285;301;306;313;321;328;345;386;394
1000678,1000109,1500146,bus,1,102576.2,2,boarding_links,13.417507914908835,1,999999,2.0,0,1.875,999999,0.15,4,0,"LINESTRING (-122.387467 47.5218383, -122.387367 47.5219383)",w_bus_only;w_bus_metro;d_bus_only;d_bus_metro,Metro Transit,-1,102576.2.32030:1;23;26;31;46;59;64;68;77;97;236;248;255;267;279;285;301;306;313;321;328;345;386;394
1000679,1500146,1000109,bus,1,102576.2,2,boarding_links,13.417507914908835,1,999999,2.0,0,1.0,999999,0.15,4,0,"LINESTRING (-122.387467 47.5218383, -122.387367 47.5219383)",w_bus_only;w_bus_metro;d_bus_only;d_bus_metro,Metro Transit,-1,102576.2.32030:1;23;26;31;46;59;64;68;77;97;236;248;255;267;279;285;301;306;313;321;328;345;386;394
1000680,1000110,1500147,bus,1,102576.2,2,boarding_links,13.41436640578362,1,999999,2.0,0,1.875,999999,0.15,4,0,"LINESTRING (-122.38060800000001 47.5610534, -122.380508 47.5611534)",w_bus_only;w_bus_metro;d_bus_only;d_bus_metro,Metro Transit,-1,102576.2.32364:1;23;26;31;46;59;64;68;77;97;236;248;255;267;279;285;301;306;313;321;328;345;386;394
1000681,1500147,1000110,bus,1,102576.2,2,boarding_links,13.41436640578362,1,999999,2.0,0,1.0,999999,0.15,4,0,"LINESTRING (-122.38060800000001 47.5610534, -122.380508 47.5611534)",w_bus_only;w_bus_metro;d_bus_only;d_bus_metro,Metro Transit,-1,102576.2.32364:1;23;26;31;46;59;64;68;77;97;236;248;255;267;279;285;301;306;313;321;328;345;386;394
1000682,1000118,1500148,bus,1,102576.2,2,boarding_links,13.410257469109728,1,999999,2.0,0,1.875,999999,0.15,4,0,"LINESTRING (-122.34121 47.612338199999996, -122.34111 47.6124382)",w_bus_only;w_bus_metro;d_bus_only;d_bus_metro,Metro Transit,-1,102576.2.420:1;23;26;31;46;59;64;68;77;97;236;248;255;267;279;285;301;306;313;321;328;345;386;394
1000683,1500148,1000118,bus,1,102576.2,2,boarding_links,13.410257469109728,1,999999,2.0,0,1.0,999999,0.15,4,0,"LINESTRING (-122.34121 47.612338199999996, -122.34111 47.6124382)",w_bus_only;w_bus_metro;d_bus_only;d_bus_metro,Metro Transit,-1,102576.2.420:1;23;26;31;46;59;64;68;77;97;236;248;255;267;279;285;301;306;313;321;328;345;386;394
1000684,1000119,1500149,bus,1,102576.2,2,boarding_links,13.410469593184866,1,999999,2.0,0,1.875,999999,0.15,4,0,"LINESTRING (-122.338059 47.609690799999996, -122.337959 47.6097908)",w_bus_only;w_bus_metro;d_bus_only;d_bus_metro,Metro Transit,-1,102576.2.431:1;23;26;31;46;59;64;68;77;97;236;248;255;267;279;285;301;306;313;321;328;345;386;394
1000685,1500149,1000119,bus,1,102576.2,2,boarding_links,13.410469593184866,1,999999,2.0,0,1.0,999999,0.15,4,0,"LINESTRING (-122.338059 47.609690799999996, -122.337959 47.6097908)",w_bus_only;w_bus_metro;d_bus_only;d_bus_metro,Metro Transit,-1,102576.2.431:1;23;26;31;46;59;64;68;77;97;236;248;255;267;279;285;301;306;313;321;328;345;386;394
1000686,1000134,1500150,bus,1,102576.2,2,boarding_links,13.410737955060387,1,999999,2.0,0,1.875,999999,0.15,4,0,"LINESTRING (-122.33500000000001 47.6063415, -122.3349 47.6064415)",w_bus_only;w_bus_metro;d_bus_only;d_bus_metro,Metro Transit,-1,102576.2.468:1;23;26;31;46;59;64;68;77;97;236;248;255;267;279;285;301;306;313;321;328;345;386;394
1000687,1500150,1000134,bus,1,102576.2,2,boarding_links,13.410737955060387,1,999999,2.0,0,1.0,999999,0.15,4,0,"LINESTRING (-122.33500000000001 47.6063415, -122.3349 47.6064415)",w_bus_only;w_bus_metro;d_bus_only;d_bus_metro,Metro Transit,-1,102576.2.468:1;23;26;31;46;59;64;68;77;97;236;248;255;267;279;285;301;306;313;321;328;345;386;394
1000688,1000138,1500151,bus,1,102576.2,2,boarding_links,13.410912481478027,1,999999,2.0,0,1.875,999999,0.15,4,0,"LINESTRING (-122.33300100000001 47.604163299999996, -122.332901 47.6042633)",w_bus_only;w_bus_metro;d_bus_only;d_bus_metro,Metro Transit,-1,102576.2.481:1;23;26;31;46;59;64;68;77;97;236;248;255;267;279;285;301;306;313;321;328;345;386;394
1000689,1500151,1000138,bus,1,102576.2,2,boarding_links,13.410912481478027,1,999999,2.0,0,1.0,999999,0.15,4,0,"LINESTRING (-122.33300100000001 47.604163299999996, -122.332901 47.6042633)",w_bus_only;w_bus_metro;d_bus_only;d_bus_metro,Metro Transit,-1,102576.2.481:1;23;26;31;46;59;64;68;77;97;236;248;255;267;279;285;301;306;313;321;328;345;386;394
1000690,1000003,1500152,bus,1,102581.1,2,boarding_links,13.404029383167815,1,999999,2.0,0,2.0,999999,0.15,4,0,"LINESTRING (-122.377015 47.690058799999996, -122.376915 47.6901588)",w_bus_only;w_bus_metro;d_bus_only;d_bus_metro,Metro Transit,-1,102581.1.13600:1;38;56;59;62;66;73;83;89;101;113;122;133;143;146;162;166;192;200;205;222;227;230;243;248;254;269
1000691,1500152,1000003,bus,1,102581.1,2,boarding_links,13.404029383167815,1,999999,2.0,0,1.0,999999,0.15,4,0,"LINESTRING (-122.377015 47.690058799999996, -122.376915 47.6901588)",w_bus_only;w_bus_metro;d_bus_only;d_bus_metro,Metro Transit,-1,102581.1.13600:1;38;56;59;62;66;73;83;89;101;113;122;133;143;146;162;166;192;200;205;222;227;230;243;248;254;269
1000692,1000004,1500153,bus,1,102581.1,2,boarding_links,13.404340295449437,1,999999,2.0,0,2.0,999999,0.15,4,0,"LINESTRING (-122.37700000000001 47.6861793, -122.3769 47.6862793)",w_bus_only;w_bus_metro;d_bus_only;d_bus_metro,Metro Transit,-1,102581.1.13620:1;38;56;59;62;66;73;83;89;101;113;122;133;143;146;162;166;192;200;205;222;227;230;243;248;254;269
1000693,1500153,1000004,bus,1,102581.1,2,boarding_links,13.404340295449437,1,999999,2.0,0,1.0,999999,0.15,4,0,"LINESTRING (-122.37700000000001 47.6861793, -122.3769 47.6862793)",w_bus_only;w_bus_metro;d_bus_only;d_bus_metro,Metro Transit,-1,102581.1.13620:1;38;56;59;62;66;73;83;89;101;113;122;133;143;146;162;166;192;200;205;222;227;230;243;248;254;269
1000694,1000005,1500154,bus,1,102581.1,2,boarding_links,13.404603825022287,1,999999,2.0,0,2.0,999999,0.15,4,0,"LINESTRING (-122.376992 47.682891, -122.376892 47.682991)",w_bus_only;w_bus_metro;d_bus_only;d_bus_metro,Metro Transit,-1,102581.1.13640:1;38;56;59;62;66;73;83;89;101;113;122;133;143;146;162;166;192;200;205;222;227;230;243;248;254;269
1000695,1500154,1000005,bus,1,102581.1,2,boarding_links,13.404603825022287,1,999999,2.0,0,1.0,999999,0.15,4,0,"LINESTRING (-122.376992 47.682891, -122.376892 47.682991)",w_bus_only;w_bus_metro;d_bus_only;d_bus_metro,Metro Transit,-1,102581.1.13640:1;38;56;59;62;66;73;83;89;101;113;122;133;143;146;162;166;192;200;205;222;227;230;243;248;254;269
1000696,1000006,1500155,bus,1,102581.1,2,boarding_links,13.404935824234121,1,999999,2.0,0,2.0,999999,0.15,4,0,"LINESTRING (-122.376977 47.678748299999995, -122.376877 47.6788483)",w_bus_only;w_bus_metro;d_bus_only;d_bus_metro,Metro Transit,-1,102581.1.13660:1;38;56;59;62;66;73;83;89;101;113;122;133;143;146;162;166;192;200;205;222;227;230;243;248;254;269
1000697,1500155,1000006,bus,1,102581.1,2,boarding_links,13.404935824234121,1,999999,2.0,0,1.0,999999,0.15,4,0,"LINESTRING (-122.376977 47.678748299999995, -122.376877 47.6788483)",w_bus_only;w_bus_metro;d_bus_only;d_bus_metro,Metro Transit,-1,102581.1.13660:1;38;56;59;62;66;73;83;89;101;113;122;133;143;146;162;166;192;200;205;222;227;230;243;248;254;269
1000698,1000007,1500156,bus,1,102581.1,2,boarding_links,13.405157467520633,1,999999,2.0,0,2.0,999999,0.15,4,0,"LINESTRING (-122.37678600000001 47.6759826, -122.376686 47.6760826)",w_bus_only;w_bus_metro;d_bus_only;d_bus_metro,Metro Transit,-1,102581.1.13670:1;38;56;59;62;66;73;83;89;101;113;122;133;143;146;162;166;192;200;205;222;227;230;243;248;254;269
1000699,1500156,1000007,bus,1,102581.1,2,boarding_links,13.405157467520633,1,999999,2.0,0,1.0,999999,0.15,4,0,"LINESTRING (-122.37678600000001 47.6759826, -122.376686 47.6760826)",w_bus_only;w_bus_metro;d_bus_only;d_bus_metro,Metro Transit,-1,102581.1.13670:1;38;56;59;62;66;73;83;89;101;113;122;133;143;146;162;166;192;200;205;222;227;230;243;248;254;269
1000700,1000008,1500157,bus,1,102581.1,2,boarding_links,13.405449719651434,1,999999,2.0,0,2.0,999999,0.15,4,0,"LINESTRING (-122.376412 47.6723358, -122.376312 47.6724358)",w_bus_only;w_bus_metro;d_bus_only;d_bus_metro,Metro Transit,-1,102581.1.13700:1;38;56;59;62;66;73;83;89;101;113;122;133;143;146;162;166;192;200;205;222;227;230;243;248;254;269
1000701,1500157,1000008,bus,1,102581.1,2,boarding_links,13.405449719651434,1,999999,2.0,0,1.0,999999,0.15,4,0,"LINESTRING (-122.376412 47.6723358, -122.376312 47.6724358)",w_bus_only;w_bus_metro;d_bus_only;d_bus_metro,Metro Transit,-1,102581.1.13700:1;38;56;59;62;66;73;83;89;101;113;122;133;143;146;162;166;192;200;205;222;227;230;243;248;254;269
1000702,1000009,1500158,bus,1,102581.1,2,boarding_links,13.405732496560976,1,999999,2.0,0,2.0,999999,0.15,4,0,"LINESTRING (-122.376412 47.668807199999996, -122.376312 47.6689072)",w_bus_only;w_bus_metro;d_bus_only;d_bus_metro,Metro Transit,-1,102581.1.13721:1;38;56;59;62;66;73;83;89;101;113;122;133;143;146;162;166;192;200;205;222;227;230;243;248;254;269
1000703,1500158,1000009,bus,1,102581.1,2,boarding_links,13.405732496560976,1,999999,2.0,0,1.0,999999,0.15,4,0,"LINESTRING (-122.376412 47.668807199999996, -122.376312 47.6689072)",w_bus_only;w_bus_metro;d_bus_only;d_bus_metro,Metro Transit,-1,102581.1.13721:1;38;56;59;62;66;73;83;89;101;113;122;133;143;146;162;166;192;200;205;222;227;230;243;248;254;269
1000704,1000010,1500159,bus,1,102581.1,2,boarding_links,13.40619440936702,1,999999,2.0,0,2.0,999999,0.15,4,0,"LINESTRING (-122.37658 47.6630432, -122.37648 47.6631432)",w_bus_only;w_bus_metro;d_bus_only;d_bus_metro,Metro Transit,-1,102581.1.13760:1;38;56;59;62;66;73;83;89;101;113;122;133;143;146;162;166;192;200;205;222;227;230;243;248;254;269
1000705,1500159,1000010,bus,1,102581.1,2,boarding_links,13.40619440936702,1,999999,2.0,0,1.0,999999,0.15,4,0,"LINESTRING (-122.37658 47.6630432, -122.37648 47.6631432)",w_bus_only;w_bus_metro;d_bus_only;d_bus_metro,Metro Transit,-1,102581.1.13760:1;38;56;59;62;66;73;83;89;101;113;122;133;143;146;162;166;192;200;205;222;227;230;243;248;254;269
1000706,1000011,1500160,bus,1,102581.1,2,boarding_links,13.406974852427492,1,999999,2.0,0,2.0,999999,0.15,4,0,"LINESTRING (-122.376428 47.653304199999994, -122.376328 47.6534042)",w_bus_only;w_bus_metro;d_bus_only;d_bus_metro,Metro Transit,-1,102581.1.13770:1;38;56;59;62;66;73;83;89;101;113;122;133;143;146;162;166;192;200;205;222;227;230;243;248;254;269
1000707,1500160,1000011,bus,1,102581.1,2,boarding_links,13.406974852427492,1,999999,2.0,0,1.0,999999,0.15,4,0,"LINESTRING (-122.376428 47.653304199999994, -122.376328 47.6534042)",w_bus_only;w_bus_metro;d_bus_only;d_bus_metro,Metro Transit,-1,102581.1.13770:1;38;56;59;62;66;73;83;89;101;113;122;133;143;146;162;166;192;200;205;222;227;230;243;248;254;269
1000708,1000012,1500161,bus,1,102581.1,2,boarding_links,13.407402809125081,1,999999,2.0,0,2.0,999999,0.15,4,0,"LINESTRING (-122.376977 47.6479637, -122.376877 47.6480637)",w_bus_only;w_bus_metro;d_bus_only;d_bus_metro,Metro Transit,-1,102581.1.13800:1;38;56;59;62;66;73;83;89;101;113;122;133;143;146;162;166;192;200;205;222;227;230;243;248;254;269
1000709,1500161,1000012,bus,1,102581.1,2,boarding_links,13.407402809125081,1,999999,2.0,0,1.0,999999,0.15,4,0,"LINESTRING (-122.376977 47.6479637, -122.376877 47.6480637)",w_bus_only;w_bus_metro;d_bus_only;d_bus_metro,Metro Transit,-1,102581.1.13800:1;38;56;59;62;66;73;83;89;101;113;122;133;143;146;162;166;192;200;205;222;227;230;243;248;254;269
1000710,1000013,1500162,bus,1,102581.1,2,boarding_links,13.407662336709475,1,999999,2.0,0,2.0,999999,0.15,4,0,"LINESTRING (-122.376428 47.644724999999994, -122.376328 47.644825)",w_bus_only;w_bus_metro;d_bus_only;d_bus_metro,Metro Transit,-1,102581.1.13810:1;38;56;59;62;66;73;83;89;101;113;122;133;143;146;162;166;192;200;205;222;227;230;243;248;254;269
1000711,1500162,1000013,bus,1,102581.1,2,boarding_links,13.407662336709475,1,999999,2.0,0,1.0,999999,0.15,4,0,"LINESTRING (-122.376428 47.644724999999994, -122.376328 47.644825)",w_bus_only;w_bus_metro;d_bus_only;d_bus_metro,Metro Transit,-1,102581.1.13810:1;38;56;59;62;66;73;83;89;101;113;122;133;143;146;162;166;192;200;205;222;227;230;243;248;254;269
1000712,1000014,1500163,bus,1,102581.1,2,boarding_links,13.408034351337466,1,999999,2.0,0,2.0,999999,0.15,4,0,"LINESTRING (-122.376412 47.6400825, -122.376312 47.6401825)",w_bus_only;w_bus_metro;d_bus_only;d_bus_metro,Metro Transit,-1,102581.1.13830:1;38;56;59;62;66;73;83;89;101;113;122;133;143;146;162;166;192;200;205;222;227;230;243;248;254;269
1000713,1500163,1000014,bus,1,102581.1,2,boarding_links,13.408034351337466,1,999999,2.0,0,1.0,999999,0.15,4,0,"LINESTRING (-122.376412 47.6400825, -122.376312 47.6401825)",w_bus_only;w_bus_metro;d_bus_only;d_bus_metro,Metro Transit,-1,102581.1.13830:1;38;56;59;62;66;73;83;89;101;113;122;133;143;146;162;166;192;200;205;222;227;230;243;248;254;269
1000714,1000015,1500164,bus,1,102581.1,2,boarding_links,13.408266364259658,1,999999,2.0,0,2.0,999999,0.15,4,0,"LINESTRING (-122.376405 47.6371871, -122.376305 47.6372871)",w_bus_only;w_bus_metro;d_bus_only;d_bus_metro,Metro Transit,-1,102581.1.13840:1;38;56;59;62;66;73;83;89;101;113;122;133;143;146;162;166;192;200;205;222;227;230;243;248;254;269
1000715,1500164,1000015,bus,1,102581.1,2,boarding_links,13.408266364259658,1,999999,2.0,0,1.0,999999,0.15,4,0,"LINESTRING (-122.376405 47.6371871, -122.376305 47.6372871)",w_bus_only;w_bus_metro;d_bus_only;d_bus_metro,Metro Transit,-1,102581.1.13840:1;38;56;59;62;66;73;83;89;101;113;122;133;143;146;162;166;192;200;205;222;227;230;243;248;254;269
1000716,1000016,1500165,bus,1,102581.1,2,boarding_links,13.408699502448153,1,999999,2.0,0,2.0,999999,0.15,4,0,"LINESTRING (-122.375405 47.6317817, -122.375305 47.6318817)",w_bus_only;w_bus_metro;d_bus_only;d_bus_metro,Metro Transit,-1,102581.1.13870:1;38;56;59;62;66;73;83;89;101;113;122;133;143;146;162;166;192;200;205;222;227;230;243;248;254;269
1000717,1500165,1000016,bus,1,102581.1,2,boarding_links,13.408699502448153,1,999999,2.0,0,1.0,999999,0.15,4,0,"LINESTRING (-122.375405 47.6317817, -122.375305 47.6318817)",w_bus_only;w_bus_metro;d_bus_only;d_bus_metro,Metro Transit,-1,102581.1.13870:1;38;56;59;62;66;73;83;89;101;113;122;133;143;146;162;166;192;200;205;222;227;230;243;248;254;269
1000718,1000017,1500166,bus,1,102581.1,2,boarding_links,13.40891958680264,1,999999,2.0,0,2.0,999999,0.15,4,0,"LINESTRING (-122.371949 47.629035099999996, -122.371849 47.6291351)",w_bus_only;w_bus_metro;d_bus_only;d_bus_metro,Metro Transit,-1,102581.1.13890:1;38;56;59;62;66;73;83;89;101;113;122;133;143;146;162;166;192;200;205;222;227;230;243;248;254;269
1000719,1500166,1000017,bus,1,102581.1,2,boarding_links,13.40891958680264,1,999999,2.0,0,1.0,999999,0.15,4,0,"LINESTRING (-122.371949 47.629035099999996, -122.371849 47.6291351)",w_bus_only;w_bus_metro;d_bus_only;d_bus_metro,Metro Transit,-1,102581.1.13890:1;38;56;59;62;66;73;83;89;101;113;122;133;143;146;162;166;192;200;205;222;227;230;243;248;254;269
1000720,1000018,1500167,bus,1,102581.1,2,boarding_links,13.409288524434153,1,999999,2.0,0,2.0,999999,0.15,4,0,"LINESTRING (-122.360909 47.6244308, -122.360809 47.6245308)",w_bus_only;w_bus_metro;d_bus_only;d_bus_metro,Metro Transit,-1,102581.1.13910:1;38;56;59;62;66;73;83;89;101;113;122;133;143;146;162;166;192;200;205;222;227;230;243;248;254;269
1000721,1500167,1000018,bus,1,102581.1,2,boarding_links,13.409288524434153,1,999999,2.0,0,1.0,999999,0.15,4,0,"LINESTRING (-122.360909 47.6244308, -122.360809 47.6245308)",w_bus_only;w_bus_metro;d_bus_only;d_bus_metro,Metro Transit,-1,102581.1.13910:1;38;56;59;62;66;73;83;89;101;113;122;133;143;146;162;166;192;200;205;222;227;230;243;248;254;269
1000722,1000044,1500168,bus,1,102581.1,2,boarding_links,13.411090059536038,1,999999,2.0,0,2.0,999999,0.15,4,0,"LINESTRING (-122.328355 47.601946999999996, -122.328255 47.602047)",w_bus_only;w_bus_metro;d_bus_only;d_bus_metro,Metro Transit,-1,102581.1.1710:1;38;56;59;62;66;73;83;89;101;113;122;133;143;146;162;166;192;200;205;222;227;230;243;248;254;269
1000723,1500168,1000044,bus,1,102581.1,2,boarding_links,13.411090059536038,1,999999,2.0,0,1.0,999999,0.15,4,0,"LINESTRING (-122.328355 47.601946999999996, -122.328255 47.602047)",w_bus_only;w_bus_metro;d_bus_only;d_bus_metro,Metro Transit,-1,102581.1.1710:1;38;56;59;62;66;73;83;89;101;113;122;133;143;146;162;166;192;200;205;222;227;230;243;248;254;269
1000724,1000073,1500169,bus,1,102581.1,2,boarding_links,13.40971462019078,1,999999,2.0,0,2.0,999999,0.15,4,0,"LINESTRING (-122.35695 47.6191131, -122.35685 47.6192131)",w_bus_only;w_bus_metro;d_bus_only;d_bus_metro,Metro Transit,-1,102581.1.2200:1;38;56;59;62;66;73;83;89;101;113;122;133;143;146;162;166;192;200;205;222;227;230;243;248;254;269
1000725,1500169,1000073,bus,1,102581.1,2,boarding_links,13.40971462019078,1,999999,2.0,0,1.0,999999,0.15,4,0,"LINESTRING (-122.35695 47.6191131, -122.35685 47.6192131)",w_bus_only;w_bus_metro;d_bus_only;d_bus_metro,Metro Transit,-1,102581.1.2200:1;38;56;59;62;66;73;83;89;101;113;122;133;143;146;162;166;192;200;205;222;227;230;243;248;254;269
1000726,1000086,1500170,bus,1,102581.1,2,boarding_links,13.409909937686031,1,999999,2.0,0,2.0,999999,0.15,4,0,"LINESTRING (-122.34855 47.6166755, -122.34845 47.6167755)",w_bus_only;w_bus_metro;d_bus_only;d_bus_metro,Metro Transit,-1,102581.1.2220:1;38;56;59;62;66;73;83;89;101;113;122;133;143;146;162;166;192;200;205;222;227;230;243;248;254;269
1000727,1500170,1000086,bus,1,102581.1,2,boarding_links,13.409909937686031,1,999999,2.0,0,1.0,999999,0.15,4,0,"LINESTRING (-122.34855 47.6166755, -122.34845 47.6167755)",w_bus_only;w_bus_metro;d_bus_only;d_bus_metro,Metro Transit,-1,102581.1.2220:1;38;56;59;62;66;73;83;89;101;113;122;133;143;146;162;166;192;200;205;222;227;230;243;248;254;269
1000728,1000103,1500171,bus,1,102581.1,2,boarding_links,13.409326120664106,1,999999,2.0,0,2.0,999999,0.15,4,0,"LINESTRING (-122.35691200000001 47.623961599999994, -122.356812 47.6240616)",w_bus_only;w_bus_metro;d_bus_only;d_bus_metro,Metro Transit,-1,102581.1.2672:1;38;56;59;62;66;73;83;89;101;113;122;133;143;146;162;166;192;200;205;222;227;230;243;248;254;269
1000729,1500171,1000103,bus,1,102581.1,2,boarding_links,13.409326120664106,1,999999,2.0,0,1.0,999999,0.15,4,0,"LINESTRING (-122.35691200000001 47.623961599999994, -122.356812 47.6240616)",w_bus_only;w_bus_metro;d_bus_only;d_bus_metro,Metro Transit,-1,102581.1.2672:1;38;56;59;62;66;73;83;89;101;113;122;133;143;146;162;166;192;200;205;222;227;230;243;248;254;269
1000730,1000105,1500172,bus,1,102581.1,2,boarding_links,13.40303057105181,1,999999,2.0,0,2.0,999999,0.15,4,0,"LINESTRING (-122.363572 47.702521499999996, -122.363472 47.7026215)",w_bus_only;w_bus_metro;d_bus_only;d_bus_metro,Metro Transit,-1,102581.1.28680:1;38;56;59;62;66;73;83;89;101;113;122;133;143;146;162;166;192;200;205;222;227;230;243;248;254;269
1000731,1500172,1000105,bus,1,102581.1,2,boarding_links,13.40303057105181,1,999999,2.0,0,1.0,999999,0.15,4,0,"LINESTRING (-122.363572 47.702521499999996, -122.363472 47.7026215)",w_bus_only;w_bus_metro;d_bus_only;d_bus_metro,Metro Transit,-1,102581.1.28680:1;38;56;59;62;66;73;83;89;101;113;122;133;143;146;162;166;192;200;205;222;227;230;243;248;254;269
1000732,1000116,1500173,bus,1,102581.1,2,boarding_links,13.403677802742372,1,999999,2.0,0,2.0,999999,0.15,4,0,"LINESTRING (-122.375855 47.694445699999996, -122.375755 47.6945457)",w_bus_only;w_bus_metro;d_bus_only;d_bus_metro,Metro Transit,-1,102581.1.40049:1;38;56;59;62;66;73;83;89;101;113;122;133;143;146;162;166;192;200;205;222;227;230;243;248;254;269
1000733,1500173,1000116,bus,1,102581.1,2,boarding_links,13.403677802742372,1,999999,2.0,0,1.0,999999,0.15,4,0,"LINESTRING (-122.375855 47.694445699999996, -122.375755 47.6945457)",w_bus_only;w_bus_metro;d_bus_only;d_bus_metro,Metro Transit,-1,102581.1.40049:1;38;56;59;62;66;73;83;89;101;113;122;133;143;146;162;166;192;200;205;222;227;230;243;248;254;269
1000734,1000115,1500174,bus,1,102581.1,2,boarding_links,13.410108306664993,1,999999,2.0,0,2.0,999999,0.15,4,0,"LINESTRING (-122.344369 47.614199799999994, -122.344269 47.6142998)",w_bus_only;w_bus_metro;d_bus_only;d_bus_metro,Metro Transit,-1,102581.1.400:1;38;56;59;62;66;73;83;89;101;113;122;133;143;146;162;166;192;200;205;222;227;230;243;248;254;269
1000735,1500174,1000115,bus,1,102581.1,2,boarding_links,13.410108306664993,1,999999,2.0,0,1.0,999999,0.15,4,0,"LINESTRING (-122.344369 47.614199799999994, -122.344269 47.6142998)",w_bus_only;w_bus_metro;d_bus_only;d_bus_metro,Metro Transit,-1,102581.1.400:1;38;56;59;62;66;73;83;89;101;113;122;133;143;146;162;166;192;200;205;222;227;230;243;248;254;269
1000736,1000118,1500175,bus,1,102581.1,2,boarding_links,13.410257469109728,1,999999,2.0,0,2.0,999999,0.15,4,0,"LINESTRING (-122.34121 47.612338199999996, -122.34111 47.6124382)",w_bus_only;w_bus_metro;d_bus_only;d_bus_metro,Metro Transit,-1,102581.1.420:1;38;56;59;62;66;73;83;89;101;113;122;133;143;146;162;166;192;200;205;222;227;230;243;248;254;269
1000737,1500175,1000118,bus,1,102581.1,2,boarding_links,13.410257469109728,1,999999,2.0,0,1.0,999999,0.15,4,0,"LINESTRING (-122.34121 47.612338199999996, -122.34111 47.6124382)",w_bus_only;w_bus_metro;d_bus_only;d_bus_metro,Metro Transit,-1,102581.1.420:1;38;56;59;62;66;73;83;89;101;113;122;133;143;146;162;166;192;200;205;222;227;230;243;248;254;269
1000738,1000119,1500176,bus,1,102581.1,2,boarding_links,13.410469593184866,1,999999,2.0,0,2.0,999999,0.15,4,0,"LINESTRING (-122.338059 47.609690799999996, -122.337959 47.6097908)",w_bus_only;w_bus_metro;d_bus_only;d_bus_metro,Metro Transit,-1,102581.1.431:1;38;56;59;62;66;73;83;89;101;113;122;133;143;146;162;166;192;200;205;222;227;230;243;248;254;269
1000739,1500176,1000119,bus,1,102581.1,2,boarding_links,13.410469593184866,1,999999,2.0,0,1.0,999999,0.15,4,0,"LINESTRING (-122.338059 47.609690799999996, -122.337959 47.6097908)",w_bus_only;w_bus_metro;d_bus_only;d_bus_metro,Metro Transit,-1,102581.1.431:1;38;56;59;62;66;73;83;89;101;113;122;133;143;146;162;166;192;200;205;222;227;230;243;248;254;269
1000740,1000134,1500177,bus,1,102581.1,2,boarding_links,13.410737955060387,1,999999,2.0,0,2.0,999999,0.15,4,0,"LINESTRING (-122.33500000000001 47.6063415, -122.3349 47.6064415)",w_bus_only;w_bus_metro;d_bus_only;d_bus_metro,Metro Transit,-1,102581.1.468:1;38;56;59;62;66;73;83;89;101;113;122;133;143;146;162;166;192;200;205;222;227;230;243;248;254;269
1000741,1500177,1000134,bus,1,102581.1,2,boarding_links,13.410737955060387,1,999999,2.0,0,1.0,999999,0.15,4,0,"LINESTRING (-122.33500000000001 47.6063415, -122.3349 47.6064415)",w_bus_only;w_bus_metro;d_bus_only;d_bus_metro,Metro Transit,-1,102581.1.468:1;38;56;59;62;66;73;83;89;101;113;122;133;143;146;162;166;192;200;205;222;227;230;243;248;254;269
1000742,1000140,1500178,bus,1,102581.1,2,boarding_links,13.410967190027291,1,999999,2.0,0,2.0,999999,0.15,4,0,"LINESTRING (-122.332375 47.603480499999996, -122.332275 47.6035805)",w_bus_only;w_bus_metro;d_bus_only;d_bus_metro,Metro Transit,-1,102581.1.490:1;38;56;59;62;66;73;83;89;101;113;122;133;143;146;162;166;192;200;205;222;227;230;243;248;254;269
1000743,1500178,1000140,bus,1,102581.1,2,boarding_links,13.410967190027291,1,999999,2.0,0,1.0,999999,0.15,4,0,"LINESTRING (-122.332375 47.603480499999996, -122.332275 47.6035805)",w_bus_only;w_bus_metro;d_bus_only;d_bus_metro,Metro Transit,-1,102581.1.490:1;38;56;59;62;66;73;83;89;101;113;122;133;143;146;162;166;192;200;205;222;227;230;243;248;254;269
1000744,1000019,1500179,bus,1,102581.2,2,boarding_links,13.409277522800078,1,999999,2.0,0,1.6666666666666667,999999,0.15,4,0,"LINESTRING (-122.361253 47.6245681, -122.361153 47.6246681)",w_bus_only;w_bus_metro;d_bus_only;d_bus_metro,Metro Transit,-1,102581.2.14038:1;11;16;20;34;38;42;62;69;73;81;107;111;127;131;140;149;156;167;178;184;199;203;207;210;213;232;270
1000745,1500179,1000019,bus,1,102581.2,2,boarding_links,13.409277522800078,1,999999,2.0,0,1.0,999999,0.15,4,0,"LINESTRING (-122.361253 47.6245681, -122.361153 47.6246681)",w_bus_only;w_bus_metro;d_bus_only;d_bus_metro,Metro Transit,-1,102581.2.14038:1;11;16;20;34;38;42;62;69;73;81;107;111;127;131;140;149;156;167;178;184;199;203;207;210;213;232;270
1000746,1000021,1500180,bus,1,102581.2,2,boarding_links,13.408929362592657,1,999999,2.0,0,1.6666666666666667,999999,0.15,4,0,"LINESTRING (-122.371514 47.6289131, -122.371414 47.6290131)",w_bus_only;w_bus_metro;d_bus_only;d_bus_metro,Metro Transit,-1,102581.2.14070:1;11;16;20;34;38;42;62;69;73;81;107;111;127;131;140;149;156;167;178;184;199;203;207;210;213;232;270
1000747,1500180,1000021,bus,1,102581.2,2,boarding_links,13.408929362592657,1,999999,2.0,0,1.0,999999,0.15,4,0,"LINESTRING (-122.371514 47.6289131, -122.371414 47.6290131)",w_bus_only;w_bus_metro;d_bus_only;d_bus_metro,Metro Transit,-1,102581.2.14070:1;11;16;20;34;38;42;62;69;73;81;107;111;127;131;140;149;156;167;178;184;199;203;207;210;213;232;270
1000748,1000022,1500181,bus,1,102581.2,2,boarding_links,13.408682691159276,1,999999,2.0,0,1.6666666666666667,999999,0.15,4,0,"LINESTRING (-122.37539000000001 47.6319915, -122.37529 47.6320915)",w_bus_only;w_bus_metro;d_bus_only;d_bus_metro,Metro Transit,-1,102581.2.14090:1;11;16;20;34;38;42;62;69;73;81;107;111;127;131;140;149;156;167;178;184;199;203;207;210;213;232;270
1000749,1500181,1000022,bus,1,102581.2,2,boarding_links,13.408682691159276,1,999999,2.0,0,1.0,999999,0.15,4,0,"LINESTRING (-122.37539000000001 47.6319915, -122.37529 47.6320915)",w_bus_only;w_bus_metro;d_bus_only;d_bus_metro,Metro Transit,-1,102581.2.14090:1;11;16;20;34;38;42;62;69;73;81;107;111;127;131;140;149;156;167;178;184;199;203;207;210;213;232;270
1000750,1000023,1500182,bus,1,102581.2,2,boarding_links,13.408282254280575,1,999999,2.0,0,1.6666666666666667,999999,0.15,4,0,"LINESTRING (-122.376199 47.6369888, -122.376099 47.6370888)",w_bus_only;w_bus_metro;d_bus_only;d_bus_metro,Metro Transit,-1,102581.2.14110:1;11;16;20;34;38;42;62;69;73;81;107;111;127;131;140;149;156;167;178;184;199;203;207;210;213;232;270
1000751,1500182,1000023,bus,1,102581.2,2,boarding_links,13.408282254280575,1,999999,2.0,0,1.0,999999,0.15,4,0,"LINESTRING (-122.376199 47.6369888, -122.376099 47.6370888)",w_bus_only;w_bus_metro;d_bus_only;d_bus_metro,Metro Transit,-1,102581.2.14110:1;11;16;20;34;38;42;62;69;73;81;107;111;127;131;140;149;156;167;178;184;199;203;207;210;213;232;270
1000752,1000024,1500183,bus,1,102581.2,2,boarding_links,13.40797505368567,1,999999,2.0,0,1.6666666666666667,999999,0.15,4,0,"LINESTRING (-122.376214 47.6408225, -122.376114 47.6409225)",w_bus_only;w_bus_metro;d_bus_only;d_bus_metro,Metro Transit,-1,102581.2.14130:1;11;16;20;34;38;42;62;69;73;81;107;111;127;131;140;149;156;167;178;184;199;203;207;210;213;232;270
1000753,1500183,1000024,bus,1,102581.2,2,boarding_links,13.40797505368567,1,999999,2.0,0,1.0,999999,0.15,4,0,"LINESTRING (-122.376214 47.6408225, -122.376114 47.6409225)",w_bus_only;w_bus_metro;d_bus_only;d_bus_metro,Metro Transit,-1,102581.2.14130:1;11;16;20;34;38;42;62;69;73;81;107;111;127;131;140;149;156;167;178;184;199;203;207;210;213;232;270
1000754,1000025,1500184,bus,1,102581.2,2,boarding_links,13.407653474009111,1,999999,2.0,0,1.6666666666666667,999999,0.15,4,0,"LINESTRING (-122.376222 47.64483559999999, -122.376122 47.6449356)",w_bus_only;w_bus_metro;d_bus_only;d_bus_metro,Metro Transit,-1,102581.2.14150:1;11;16;20;34;38;42;62;69;73;81;107;111;127;131;140;149;156;167;178;184;199;203;207;210;213;232;270
1000755,1500184,1000025,bus,1,102581.2,2,boarding_links,13.407653474009111,1,999999,2.0,0,1.0,999999,0.15,4,0,"LINESTRING (-122.376222 47.64483559999999, -122.376122 47.6449356)",w_bus_only;w_bus_metro;d_bus_only;d_bus_metro,Metro Transit,-1,102581.2.14150:1;11;16;20;34;38;42;62;69;73;81;107;111;127;131;140;149;156;167;178;184;199;203;207;210;213;232;270
1000756,1000026,1500185,bus,1,102581.2,2,boarding_links,13.407314774203789,1,999999,2.0,0,1.6666666666666667,999999,0.15,4,0,"LINESTRING (-122.37614500000001 47.6490623, -122.376045 47.6491623)",w_bus_only;w_bus_metro;d_bus_only;d_bus_metro,Metro Transit,-1,102581.2.14170:1;11;16;20;34;38;42;62;69;73;81;107;111;127;131;140;149;156;167;178;184;199;203;207;210;213;232;270
1000757,1500185,1000026,bus,1,102581.2,2,boarding_links,13.407314774203789,1,999999,2.0,0,1.0,999999,0.15,4,0,"LINESTRING (-122.37614500000001 47.6490623, -122.376045 47.6491623)",w_bus_only;w_bus_metro;d_bus_only;d_bus_metro,Metro Transit,-1,102581.2.14170:1;11;16;20;34;38;42;62;69;73;81;107;111;127;131;140;149;156;167;178;184;199;203;207;210;213;232;270
1000758,1000027,1500186,bus,1,102581.2,2,boarding_links,13.406931747894347,1,999999,2.0,0,1.6666666666666667,999999,0.15,4,0,"LINESTRING (-122.376222 47.6538421, -122.376122 47.6539421)",w_bus_only;w_bus_metro;d_bus_only;d_bus_metro,Metro Transit,-1,102581.2.14190:1;11;16;20;34;38;42;62;69;73;81;107;111;127;131;140;149;156;167;178;184;199;203;207;210;213;232;270
1000759,1500186,1000027,bus,1,102581.2,2,boarding_links,13.406931747894347,1,999999,2.0,0,1.0,999999,0.15,4,0,"LINESTRING (-122.376222 47.6538421, -122.376122 47.6539421)",w_bus_only;w_bus_metro;d_bus_only;d_bus_metro,Metro Transit,-1,102581.2.14190:1;11;16;20;34;38;42;62;69;73;81;107;111;127;131;140;149;156;167;178;184;199;203;207;210;213;232;270
1000760,1000028,1500187,bus,1,102581.2,2,boarding_links,13.406170873145385,1,999999,2.0,0,1.6666666666666667,999999,0.15,4,0,"LINESTRING (-122.37607700000001 47.6633369, -122.375977 47.6634369)",w_bus_only;w_bus_metro;d_bus_only;d_bus_metro,Metro Transit,-1,102581.2.14200:1;11;16;20;34;38;42;62;69;73;81;107;111;127;131;140;149;156;167;178;184;199;203;207;210;213;232;270
1000761,1500187,1000028,bus,1,102581.2,2,boarding_links,13.406170873145385,1,999999,2.0,0,1.0,999999,0.15,4,0,"LINESTRING (-122.37607700000001 47.6633369, -122.375977 47.6634369)",w_bus_only;w_bus_metro;d_bus_only;d_bus_metro,Metro Transit,-1,102581.2.14200:1;11;16;20;34;38;42;62;69;73;81;107;111;127;131;140;149;156;167;178;184;199;203;207;210;213;232;270
1000762,1000029,1500188,bus,1,102581.2,2,boarding_links,13.405766739582145,1,999999,2.0,0,1.6666666666666667,999999,0.15,4,0,"LINESTRING (-122.376214 47.6683799, -122.376114 47.6684799)",w_bus_only;w_bus_metro;d_bus_only;d_bus_metro,Metro Transit,-1,102581.2.14230:1;11;16;20;34;38;42;62;69;73;81;107;111;127;131;140;149;156;167;178;184;199;203;207;210;213;232;270
1000763,1500188,1000029,bus,1,102581.2,2,boarding_links,13.405766739582145,1,999999,2.0,0,1.0,999999,0.15,4,0,"LINESTRING (-122.376214 47.6683799, -122.376114 47.6684799)",w_bus_only;w_bus_metro;d_bus_only;d_bus_metro,Metro Transit,-1,102581.2.14230:1;11;16;20;34;38;42;62;69;73;81;107;111;127;131;140;149;156;167;178;184;199;203;207;210;213;232;270
1000764,1000030,1500189,bus,1,102581.2,2,boarding_links,13.405461035267585,1,999999,2.0,0,1.6666666666666667,999999,0.15,4,0,"LINESTRING (-122.376214 47.6721946, -122.376114 47.6722946)",w_bus_only;w_bus_metro;d_bus_only;d_bus_metro,Metro Transit,-1,102581.2.14250:1;11;16;20;34;38;42;62;69;73;81;107;111;127;131;140;149;156;167;178;184;199;203;207;210;213;232;270
1000765,1500189,1000030,bus,1,102581.2,2,boarding_links,13.405461035267585,1,999999,2.0,0,1.0,999999,0.15,4,0,"LINESTRING (-122.376214 47.6721946, -122.376114 47.6722946)",w_bus_only;w_bus_metro;d_bus_only;d_bus_metro,Metro Transit,-1,102581.2.14250:1;11;16;20;34;38;42;62;69;73;81;107;111;127;131;140;149;156;167;178;184;199;203;207;210;213;232;270
1000766,1000031,1500190,bus,1,102581.2,2,boarding_links,13.405095102715476,1,999999,2.0,0,1.6666666666666667,999999,0.15,4,0,"LINESTRING (-122.376771 47.6767608, -122.376671 47.6768608)",w_bus_only;w_bus_metro;d_bus_only;d_bus_metro,Metro Transit,-1,102581.2.14280:1;11;16;20;34;38;42;62;69;73;81;107;111;127;131;140;149;156;167;178;184;199;203;207;210;213;232;270
1000767,1500190,1000031,bus,1,102581.2,2,boarding_links,13.405095102715476,1,999999,2.0,0,1.0,999999,0.15,4,0,"LINESTRING (-122.376771 47.6767608, -122.376671 47.6768608)",w_bus_only;w_bus_metro;d_bus_only;d_bus_metro,Metro Transit,-1,102581.2.14280:1;11;16;20;34;38;42;62;69;73;81;107;111;127;131;140;149;156;167;178;184;199;203;207;210;213;232;270
1000768,1000032,1500191,bus,1,102581.2,2,boarding_links,13.404853592125482,1,999999,2.0,0,1.6666666666666667,999999,0.15,4,0,"LINESTRING (-122.376771 47.6797744, -122.376671 47.6798744)",w_bus_only;w_bus_metro;d_bus_only;d_bus_metro,Metro Transit,-1,102581.2.14300:1;11;16;20;34;38;42;62;69;73;81;107;111;127;131;140;149;156;167;178;184;199;203;207;210;213;232;270
1000769,1500191,1000032,bus,1,102581.2,2,boarding_links,13.404853592125482,1,999999,2.0,0,1.0,999999,0.15,4,0,"LINESTRING (-122.376771 47.6797744, -122.376671 47.6798744)",w_bus_only;w_bus_metro;d_bus_only;d_bus_metro,Metro Transit,-1,102581.2.14300:1;11;16;20;34;38;42;62;69;73;81;107;111;127;131;140;149;156;167;178;184;199;203;207;210;213;232;270
1000770,1000033,1500192,bus,1,102581.2,2,boarding_links,13.404562247723524,1,999999,2.0,0,1.6666666666666667,999999,0.15,4,0,"LINESTRING (-122.37678600000001 47.6834098, -122.376686 47.6835098)",w_bus_only;w_bus_metro;d_bus_only;d_bus_metro,Metro Transit,-1,102581.2.14320:1;11;16;20;34;38;42;62;69;73;81;107;111;127;131;140;149;156;167;178;184;199;203;207;210;213;232;270
1000771,1500192,1000033,bus,1,102581.2,2,boarding_links,13.404562247723524,1,999999,2.0,0,1.0,999999,0.15,4,0,"LINESTRING (-122.37678600000001 47.6834098, -122.376686 47.6835098)",w_bus_only;w_bus_metro;d_bus_only;d_bus_metro,Metro Transit,-1,102581.2.14320:1;11;16;20;34;38;42;62;69;73;81;107;111;127;131;140;149;156;167;178;184;199;203;207;210;213;232;270
1000772,1000034,1500193,bus,1,102581.2,2,boarding_links,13.404272118622833,1,999999,2.0,0,1.6666666666666667,999999,0.15,4,0,"LINESTRING (-122.376801 47.68703, -122.376701 47.68713)",w_bus_only;w_bus_metro;d_bus_only;d_bus_metro,Metro Transit,-1,102581.2.14340:1;11;16;20;34;38;42;62;69;73;81;107;111;127;131;140;149;156;167;178;184;199;203;207;210;213;232;270
1000773,1500193,1000034,bus,1,102581.2,2,boarding_links,13.404272118622833,1,999999,2.0,0,1.0,999999,0.15,4,0,"LINESTRING (-122.376801 47.68703, -122.376701 47.68713)",w_bus_only;w_bus_metro;d_bus_only;d_bus_metro,Metro Transit,-1,102581.2.14340:1;11;16;20;34;38;42;62;69;73;81;107;111;127;131;140;149;156;167;178;184;199;203;207;210;213;232;270
1000774,1000035,1500194,bus,1,102581.2,2,boarding_links,13.403965485262665,1,999999,2.0,0,1.6666666666666667,999999,0.15,4,0,"LINESTRING (-122.37680900000001 47.6908561, -122.376709 47.6909561)",w_bus_only;w_bus_metro;d_bus_only;d_bus_metro,Metro Transit,-1,102581.2.14360:1;11;16;20;34;38;42;62;69;73;81;107;111;127;131;140;149;156;167;178;184;199;203;207;210;213;232;270
1000775,1500194,1000035,bus,1,102581.2,2,boarding_links,13.403965485262665,1,999999,2.0,0,1.0,999999,0.15,4,0,"LINESTRING (-122.37680900000001 47.6908561, -122.376709 47.6909561)",w_bus_only;w_bus_metro;d_bus_only;d_bus_metro,Metro Transit,-1,102581.2.14360:1;11;16;20;34;38;42;62;69;73;81;107;111;127;131;140;149;156;167;178;184;199;203;207;210;213;232;270
1000776,1000040,1500195,bus,1,102581.2,2,boarding_links,13.411121235536958,1,999999,2.0,0,1.6666666666666667,999999,0.15,4,0,"LINESTRING (-122.33004100000001 47.601557899999996, -122.329941 47.6016579)",w_bus_only;w_bus_metro;d_bus_only;d_bus_metro,Metro Transit,-1,102581.2.1610:1;11;16;20;34;38;42;62;69;73;81;107;111;127;131;140;149;156;167;178;184;199;203;207;210;213;232;270
1000777,1500195,1000040,bus,1,102581.2,2,boarding_links,13.411121235536958,1,999999,2.0,0,1.0,999999,0.15,4,0,"LINESTRING (-122.33004100000001 47.601557899999996, -122.329941 47.6016579)",w_bus_only;w_bus_metro;d_bus_only;d_bus_metro,Metro Transit,-1,102581.2.1610:1;11;16;20;34;38;42;62;69;73;81;107;111;127;131;140;149;156;167;178;184;199;203;207;210;213;232;270
1000778,1000043,1500196,bus,1,102581.2,2,boarding_links,13.40989526648426,1,999999,2.0,0,1.6666666666666667,999999,0.15,4,0,"LINESTRING (-122.34855 47.61685859999999, -122.34845 47.6169586)",w_bus_only;w_bus_metro;d_bus_only;d_bus_metro,Metro Transit,-1,102581.2.1690:1;11;16;20;34;38;42;62;69;73;81;107;111;127;131;140;149;156;167;178;184;199;203;207;210;213;232;270
1000779,1500196,1000043,bus,1,102581.2,2,boarding_links,13.40989526648426,1,999999,2.0,0,1.0,999999,0.15,4,0,"LINESTRING (-122.34855 47.61685859999999, -122.34845 47.6169586)",w_bus_only;w_bus_metro;d_bus_only;d_bus_metro,Metro Transit,-1,102581.2.1690:1;11;16;20;34;38;42;62;69;73;81;107;111;127;131;140;149;156;167;178;184;199;203;207;210;213;232;270
1000780,1000095,1500197,bus,1,102581.2,2,boarding_links,13.409722264328302,1,999999,2.0,0,1.6666666666666667,999999,0.15,4,0,"LINESTRING (-122.355462 47.61901769999999, -122.355362 47.6191177)",w_bus_only;w_bus_metro;d_bus_only;d_bus_metro,Metro Transit,-1,102581.2.2330:1;11;16;20;34;38;42;62;69;73;81;107;111;127;131;140;149;156;167;178;184;199;203;207;210;213;232;270
1000781,1500197,1000095,bus,1,102581.2,2,boarding_links,13.409722264328302,1,999999,2.0,0,1.0,999999,0.15,4,0,"LINESTRING (-122.355462 47.61901769999999, -122.355362 47.6191177)",w_bus_only;w_bus_metro;d_bus_only;d_bus_metro,Metro Transit,-1,102581.2.2330:1;11;16;20;34;38;42;62;69;73;81;107;111;127;131;140;149;156;167;178;184;199;203;207;210;213;232;270
1000782,1000096,1500198,bus,1,102581.2,2,boarding_links,13.409401312977458,1,999999,2.0,0,1.6666666666666667,999999,0.15,4,0,"LINESTRING (-122.35540900000001 47.6230232, -122.355309 47.6231232)",w_bus_only;w_bus_metro;d_bus_only;d_bus_metro,Metro Transit,-1,102581.2.2360:1;11;16;20;34;38;42;62;69;73;81;107;111;127;131;140;149;156;167;178;184;199;203;207;210;213;232;270
1000783,1500198,1000096,bus,1,102581.2,2,boarding_links,13.409401312977458,1,999999,2.0,0,1.0,999999,0.15,4,0,"LINESTRING (-122.35540900000001 47.6230232, -122.355309 47.6231232)",w_bus_only;w_bus_metro;d_bus_only;d_bus_metro,Metro Transit,-1,102581.2.2360:1;11;16;20;34;38;42;62;69;73;81;107;111;127;131;140;149;156;167;178;184;199;203;207;210;213;232;270
1000784,1000097,1500199,bus,1,102581.2,2,boarding_links,13.40927905325343,1,999999,2.0,0,1.6666666666666667,999999,0.15,4,0,"LINESTRING (-122.356652 47.624548999999995, -122.356552 47.624649)",w_bus_only;w_bus_metro;d_bus_only;d_bus_metro,Metro Transit,-1,102581.2.2370:1;11;16;20;34;38;42;62;69;73;81;107;111;127;131;140;149;156;167;178;184;199;203;207;210;213;232;270
1000785,1500199,1000097,bus,1,102581.2,2,boarding_links,13.40927905325343,1,999999,2.0,0,1.0,999999,0.15,4,0,"LINESTRING (-122.356652 47.624548999999995, -122.356552 47.624649)",w_bus_only;w_bus_metro;d_bus_only;d_bus_metro,Metro Transit,-1,102581.2.2370:1;11;16;20;34;38;42;62;69;73;81;107;111;127;131;140;149;156;167;178;184;199;203;207;210;213;232;270
1000786,1000105,1500200,bus,1,102581.2,2,boarding_links,13.40303057105181,1,999999,2.0,0,1.6666666666666667,999999,0.15,4,0,"LINESTRING (-122.363572 47.702521499999996, -122.363472 47.7026215)",w_bus_only;w_bus_metro;d_bus_only;d_bus_metro,Metro Transit,-1,102581.2.28680:1;11;16;20;34;38;42;62;69;73;81;107;111;127;131;140;149;156;167;178;184;199;203;207;210;213;232;270
1000787,1500200,1000105,bus,1,102581.2,2,boarding_links,13.40303057105181,1,999999,2.0,0,1.0,999999,0.15,4,0,"LINESTRING (-122.363572 47.702521499999996, -122.363472 47.7026215)",w_bus_only;w_bus_metro;d_bus_only;d_bus_metro,Metro Transit,-1,102581.2.28680:1;11;16;20;34;38;42;62;69;73;81;107;111;127;131;140;149;156;167;178;184;199;203;207;210;213;232;270
1000788,1000117,1500201,bus,1,102581.2,2,boarding_links,13.403661293130867,1,999999,2.0,0,1.6666666666666667,999999,0.15,4,0,"LINESTRING (-122.37539000000001 47.694651699999994, -122.37529 47.6947517)",w_bus_only;w_bus_metro;d_bus_only;d_bus_metro,Metro Transit,-1,102581.2.40050:1;11;16;20;34;38;42;62;69;73;81;107;111;127;131;140;149;156;167;178;184;199;203;207;210;213;232;270
1000789,1500201,1000117,bus,1,102581.2,2,boarding_links,13.403661293130867,1,999999,2.0,0,1.0,999999,0.15,4,0,"LINESTRING (-122.37539000000001 47.694651699999994, -122.37529 47.6947517)",w_bus_only;w_bus_metro;d_bus_only;d_bus_metro,Metro Transit,-1,102581.2.40050:1;11;16;20;34;38;42;62;69;73;81;107;111;127;131;140;149;156;167;178;184;199;203;207;210;213;232;270
1000790,1000174,1500202,bus,1,102581.2,2,boarding_links,13.410925926265913,1,999999,2.0,0,1.6666666666666667,999999,0.15,4,0,"LINESTRING (-122.332604 47.603995499999996, -122.332504 47.6040955)",w_bus_only;w_bus_metro;d_bus_only;d_bus_metro,Metro Transit,-1,102581.2.538:1;11;16;20;34;38;42;62;69;73;81;107;111;127;131;140;149;156;167;178;184;199;203;207;210;213;232;270
1000791,1500202,1000174,bus,1,102581.2,2,boarding_links,13.410925926265913,1,999999,2.0,0,1.0,999999,0.15,4,0,"LINESTRING (-122.332604 47.603995499999996, -122.332504 47.6040955)",w_bus_only;w_bus_metro;d_bus_only;d_bus_metro,Metro Transit,-1,102581.2.538:1;11;16;20;34;38;42;62;69;73;81;107;111;127;131;140;149;156;167;178;184;199;203;207;210;213;232;270
1000792,1000184,1500203,bus,1,102581.2,2,boarding_links,13.410689055103031,1,999999,2.0,0,1.6666666666666667,999999,0.15,4,0,"LINESTRING (-122.335313 47.6069518, -122.335213 47.6070518)",w_bus_only;w_bus_metro;d_bus_only;d_bus_metro,Metro Transit,-1,102581.2.558:1;11;16;20;34;38;42;62;69;73;81;107;111;127;131;140;149;156;167;178;184;199;203;207;210;213;232;270
1000793,1500203,1000184,bus,1,102581.2,2,boarding_links,13.410689055103031,1,999999,2.0,0,1.0,999999,0.15,4,0,"LINESTRING (-122.335313 47.6069518, -122.335213 47.6070518)",w_bus_only;w_bus_metro;d_bus_only;d_bus_metro,Metro Transit,-1,102581.2.558:1;11;16;20;34;38;42;62;69;73;81;107;111;127;131;140;149;156;167;178;184;199;203;207;210;213;232;270
1000794,1000190,1500204,bus,1,102581.2,2,boarding_links,13.410481515803086,1,999999,2.0,0,1.6666666666666667,999999,0.15,4,0,"LINESTRING (-122.33768500000001 47.609542, -122.337585 47.609642)",w_bus_only;w_bus_metro;d_bus_only;d_bus_metro,Metro Transit,-1,102581.2.575:1;11;16;20;34;38;42;62;69;73;81;107;111;127;131;140;149;156;167;178;184;199;203;207;210;213;232;270
1000795,1500204,1000190,bus,1,102581.2,2,boarding_links,13.410481515803086,1,999999,2.0,0,1.0,999999,0.15,4,0,"LINESTRING (-122.33768500000001 47.609542, -122.337585 47.609642)",w_bus_only;w_bus_metro;d_bus_only;d_bus_metro,Metro Transit,-1,102581.2.575:1;11;16;20;34;38;42;62;69;73;81;107;111;127;131;140;149;156;167;178;184;199;203;207;210;213;232;270
1000796,1000213,1500205,bus,1,102581.2,2,boarding_links,13.410212847056272,1,999999,2.0,0,1.6666666666666667,999999,0.15,4,0,"LINESTRING (-122.341843 47.612895099999996, -122.341743 47.6129951)",w_bus_only;w_bus_metro;d_bus_only;d_bus_metro,Metro Transit,-1,102581.2.600:1;11;16;20;34;38;42;62;69;73;81;107;111;127;131;140;149;156;167;178;184;199;203;207;210;213;232;270
1000797,1500205,1000213,bus,1,102581.2,2,boarding_links,13.410212847056272,1,999999,2.0,0,1.0,999999,0.15,4,0,"LINESTRING (-122.341843 47.612895099999996, -122.341743 47.6129951)",w_bus_only;w_bus_metro;d_bus_only;d_bus_metro,Metro Transit,-1,102581.2.600:1;11;16;20;34;38;42;62;69;73;81;107;111;127;131;140;149;156;167;178;184;199;203;207;210;213;232;270
1000798,1000214,1500206,bus,1,102581.2,2,boarding_links,13.410042595138822,1,999999,2.0,0,1.6666666666666667,999999,0.15,4,0,"LINESTRING (-122.345437 47.6150199, -122.345337 47.6151199)",w_bus_only;w_bus_metro;d_bus_only;d_bus_metro,Metro Transit,-1,102581.2.605:1;11;16;20;34;38;42;62;69;73;81;107;111;127;131;140;149;156;167;178;184;199;203;207;210;213;232;270
1000799,1500206,1000214,bus,1,102581.2,2,boarding_links,13.410042595138822,1,999999,2.0,0,1.0,999999,0.15,4,0,"LINESTRING (-122.345437 47.6150199, -122.345337 47.6151199)",w_bus_only;w_bus_metro;d_bus_only;d_bus_metro,Metro Transit,-1,102581.2.605:1;11;16;20;34;38;42;62;69;73;81;107;111;127;131;140;149;156;167;178;184;199;203;207;210;213;232;270
1000800,1000020,1500207,bus,1,102615.1,2,boarding_links,13.411189700832441,1,999999,2.0,0,1.4285714285714286,999999,0.15,4,0,"LINESTRING (-122.329858 47.60070339999999, -122.329758 47.6008034)",w_bus_only;w_bus_metro;d_bus_only;d_bus_metro,Metro Transit,-1,102615.1.1404:1;6;13;22;32;40;48;56;66;73;75;84;92;96;102;109;117;123;130;138;149;155;159;217;239;275;295;329;337;345;348;361;366;372;382
1000801,1500207,1000020,bus,1,102615.1,2,boarding_links,13.411189700832441,1,999999,2.0,0,1.0,999999,0.15,4,0,"LINESTRING (-122.329858 47.60070339999999, -122.329758 47.6008034)",w_bus_only;w_bus_metro;d_bus_only;d_bus_metro,Metro Transit,-1,102615.1.1404:1;6;13;22;32;40;48;56;66;73;75;84;92;96;102;109;117;123;130;138;149;155;159;217;239;275;295;329;337;345;348;361;366;372;382
1000802,1000041,1500208,bus,1,102615.1,2,boarding_links,13.397289936680874,1,999999,2.0,0,1.4285714285714286,999999,0.15,4,0,"LINESTRING (-122.342507 47.774142399999995, -122.342407 47.7742424)",w_bus_only;w_bus_metro;d_bus_only;d_bus_metro,Metro Transit,-1,102615.1.16100:1;6;13;22;32;40;48;56;66;73;75;84;92;96;102;109;117;123;130;138;149;155;159;217;239;275;295;329;337;345;348;361;366;372;382
1000803,1500208,1000041,bus,1,102615.1,2,boarding_links,13.397289936680874,1,999999,2.0,0,1.0,999999,0.15,4,0,"LINESTRING (-122.342507 47.774142399999995, -122.342407 47.7742424)",w_bus_only;w_bus_metro;d_bus_only;d_bus_metro,Metro Transit,-1,102615.1.16100:1;6;13;22;32;40;48;56;66;73;75;84;92;96;102;109;117;123;130;138;149;155;159;217;239;275;295;329;337;345;348;361;366;372;382
1000804,1000115,1500209,bus,1,102615.1,2,boarding_links,13.410108306664993,1,999999,2.0,0,1.4285714285714286,999999,0.15,4,0,"LINESTRING (-122.344369 47.614199799999994, -122.344269 47.6142998)",w_bus_only;w_bus_metro;d_bus_only;d_bus_metro,Metro Transit,-1,102615.1.400:1;6;13;22;32;40;48;56;66;73;75;84;92;96;102;109;117;123;130;138;149;155;159;217;239;275;295;329;337;345;348;361;366;372;382
1000805,1500209,1000115,bus,1,102615.1,2,boarding_links,13.410108306664993,1,999999,2.0,0,1.0,999999,0.15,4,0,"LINESTRING (-122.344369 47.614199799999994, -122.344269 47.6142998)",w_bus_only;w_bus_metro;d_bus_only;d_bus_metro,Metro Transit,-1,102615.1.400:1;6;13;22;32;40;48;56;66;73;75;84;92;96;102;109;117;123;130;138;149;155;159;217;239;275;295;329;337;345;348;361;366;372;382
1000806,1000118,1500210,bus,1,102615.1,2,boarding_links,13.410257469109728,1,999999,2.0,0,1.4285714285714286,999999,0.15,4,0,"LINESTRING (-122.34121 47.612338199999996, -122.34111 47.6124382)",w_bus_only;w_bus_metro;d_bus_only;d_bus_metro,Metro Transit,-1,102615.1.420:1;6;13;22;32;40;48;56;66;73;75;84;92;96;102;109;117;123;130;138;149;155;159;217;239;275;295;329;337;345;348;361;366;372;382
1000807,1500210,1000118,bus,1,102615.1,2,boarding_links,13.410257469109728,1,999999,2.0,0,1.0,999999,0.15,4,0,"LINESTRING (-122.34121 47.612338199999996, -122.34111 47.6124382)",w_bus_only;w_bus_metro;d_bus_only;d_bus_metro,Metro Transit,-1,102615.1.420:1;6;13;22;32;40;48;56;66;73;75;84;92;96;102;109;117;123;130;138;149;155;159;217;239;275;295;329;337;345;348;361;366;372;382
1000808,1000119,1500211,bus,1,102615.1,2,boarding_links,13.410469593184866,1,999999,2.0,0,1.4285714285714286,999999,0.15,4,0,"LINESTRING (-122.338059 47.609690799999996, -122.337959 47.6097908)",w_bus_only;w_bus_metro;d_bus_only;d_bus_metro,Metro Transit,-1,102615.1.431:1;6;13;22;32;40;48;56;66;73;75;84;92;96;102;109;117;123;130;138;149;155;159;217;239;275;295;329;337;345;348;361;366;372;382
1000809,1500211,1000119,bus,1,102615.1,2,boarding_links,13.410469593184866,1,999999,2.0,0,1.0,999999,0.15,4,0,"LINESTRING (-122.338059 47.609690799999996, -122.337959 47.6097908)",w_bus_only;w_bus_metro;d_bus_only;d_bus_metro,Metro Transit,-1,102615.1.431:1;6;13;22;32;40;48;56;66;73;75;84;92;96;102;109;117;123;130;138;149;155;159;217;239;275;295;329;337;345;348;361;366;372;382
1000810,1000134,1500212,bus,1,102615.1,2,boarding_links,13.410737955060387,1,999999,2.0,0,1.4285714285714286,999999,0.15,4,0,"LINESTRING (-122.33500000000001 47.6063415, -122.3349 47.6064415)",w_bus_only;w_bus_metro;d_bus_only;d_bus_metro,Metro Transit,-1,102615.1.468:1;6;13;22;32;40;48;56;66;73;75;84;92;96;102;109;117;123;130;138;149;155;159;217;239;275;295;329;337;345;348;361;366;372;382
1000811,1500212,1000134,bus,1,102615.1,2,boarding_links,13.410737955060387,1,999999,2.0,0,1.0,999999,0.15,4,0,"LINESTRING (-122.33500000000001 47.6063415, -122.3349 47.6064415)",w_bus_only;w_bus_metro;d_bus_only;d_bus_metro,Metro Transit,-1,102615.1.468:1;6;13;22;32;40;48;56;66;73;75;84;92;96;102;109;117;123;130;138;149;155;159;217;239;275;295;329;337;345;348;361;366;372;382
1000812,1000140,1500213,bus,1,102615.1,2,boarding_links,13.410967190027291,1,999999,2.0,0,1.4285714285714286,999999,0.15,4,0,"LINESTRING (-122.332375 47.603480499999996, -122.332275 47.6035805)",w_bus_only;w_bus_metro;d_bus_only;d_bus_metro,Metro Transit,-1,102615.1.490:1;6;13;22;32;40;48;56;66;73;75;84;92;96;102;109;117;123;130;138;149;155;159;217;239;275;295;329;337;345;348;361;366;372;382
1000813,1500213,1000140,bus,1,102615.1,2,boarding_links,13.410967190027291,1,999999,2.0,0,1.0,999999,0.15,4,0,"LINESTRING (-122.332375 47.603480499999996, -122.332275 47.6035805)",w_bus_only;w_bus_metro;d_bus_only;d_bus_metro,Metro Transit,-1,102615.1.490:1;6;13;22;32;40;48;56;66;73;75;84;92;96;102;109;117;123;130;138;149;155;159;217;239;275;295;329;337;345;348;361;366;372;382
1000814,1000147,1500214,bus,1,102615.1,2,boarding_links,13.411178090988706,1,999999,2.0,0,1.4285714285714286,999999,0.15,4,0,"LINESTRING (-122.33094100000001 47.600848299999996, -122.330841 47.6009483)",w_bus_only;w_bus_metro;d_bus_only;d_bus_metro,Metro Transit,-1,102615.1.510:1;6;13;22;32;40;48;56;66;73;75;84;92;96;102;109;117;123;130;138;149;155;159;217;239;275;295;329;337;345;348;361;366;372;382
1000815,1500214,1000147,bus,1,102615.1,2,boarding_links,13.411178090988706,1,999999,2.0,0,1.0,999999,0.15,4,0,"LINESTRING (-122.33094100000001 47.600848299999996, -122.330841 47.6009483)",w_bus_only;w_bus_metro;d_bus_only;d_bus_metro,Metro Transit,-1,102615.1.510:1;6;13;22;32;40;48;56;66;73;75;84;92;96;102;109;117;123;130;138;149;155;159;217;239;275;295;329;337;345;348;361;366;372;382
1000816,1000218,1500215,bus,1,102615.1,2,boarding_links,13.408136447187308,1,999999,2.0,0,1.4285714285714286,999999,0.15,4,0,"LINESTRING (-122.345696 47.638808399999995, -122.345596 47.6389084)",w_bus_only;w_bus_metro;d_bus_only;d_bus_metro,Metro Transit,-1,102615.1.6070:1;6;13;22;32;40;48;56;66;73;75;84;92;96;102;109;117;123;130;138;149;155;159;217;239;275;295;329;337;345;348;361;366;372;382
1000817,1500215,1000218,bus,1,102615.1,2,boarding_links,13.408136447187308,1,999999,2.0,0,1.0,999999,0.15,4,0,"LINESTRING (-122.345696 47.638808399999995, -122.345596 47.6389084)",w_bus_only;w_bus_metro;d_bus_only;d_bus_metro,Metro Transit,-1,102615.1.6070:1;6;13;22;32;40;48;56;66;73;75;84;92;96;102;109;117;123;130;138;149;155;159;217;239;275;295;329;337;345;348;361;366;372;382
1000818,1000241,1500216,bus,1,102615.1,2,boarding_links,13.408676577232454,1,999999,2.0,0,1.4285714285714286,999999,0.15,4,0,"LINESTRING (-122.343766 47.632067799999994, -122.343666 47.6321678)",w_bus_only;w_bus_metro;d_bus_only;d_bus_metro,Metro Transit,-1,102615.1.6100:1;6;13;22;32;40;48;56;66;73;75;84;92;96;102;109;117;123;130;138;149;155;159;217;239;275;295;329;337;345;348;361;366;372;382
1000819,1500216,1000241,bus,1,102615.1,2,boarding_links,13.408676577232454,1,999999,2.0,0,1.0,999999,0.15,4,0,"LINESTRING (-122.343766 47.632067799999994, -122.343666 47.6321678)",w_bus_only;w_bus_metro;d_bus_only;d_bus_metro,Metro Transit,-1,102615.1.6100:1;6;13;22;32;40;48;56;66;73;75;84;92;96;102;109;117;123;130;138;149;155;159;217;239;275;295;329;337;345;348;361;366;372;382
1000820,1000264,1500217,bus,1,102615.1,2,boarding_links,13.409566985376882,1,999999,2.0,0,1.4285714285714286,999999,0.15,4,0,"LINESTRING (-122.343942 47.620955599999995, -122.343842 47.6210556)",w_bus_only;w_bus_metro;d_bus_only;d_bus_metro,Metro Transit,-1,102615.1.6176:1;6;13;22;32;40;48;56;66;73;75;84;92;96;102;109;117;123;130;138;149;155;159;217;239;275;295;329;337;345;348;361;366;372;382
1000821,1500217,1000264,bus,1,102615.1,2,boarding_links,13.409566985376882,1,999999,2.0,0,1.0,999999,0.15,4,0,"LINESTRING (-122.343942 47.620955599999995, -122.343842 47.6210556)",w_bus_only;w_bus_metro;d_bus_only;d_bus_metro,Metro Transit,-1,102615.1.6176:1;6;13;22;32;40;48;56;66;73;75;84;92;96;102;109;117;123;130;138;149;155;159;217;239;275;295;329;337;345;348;361;366;372;382
1000822,1000294,1500218,bus,1,102615.1,2,boarding_links,13.400550079031262,1,999999,2.0,0,1.4285714285714286,999999,0.15,4,0,"LINESTRING (-122.34536800000001 47.7334701, -122.345268 47.7335701)",w_bus_only;w_bus_metro;d_bus_only;d_bus_metro,Metro Transit,-1,102615.1.6950:1;6;13;22;32;40;48;56;66;73;75;84;92;96;102;109;117;123;130;138;149;155;159;217;239;275;295;329;337;345;348;361;366;372;382
1000823,1500218,1000294,bus,1,102615.1,2,boarding_links,13.400550079031262,1,999999,2.0,0,1.0,999999,0.15,4,0,"LINESTRING (-122.34536800000001 47.7334701, -122.345268 47.7335701)",w_bus_only;w_bus_metro;d_bus_only;d_bus_metro,Metro Transit,-1,102615.1.6950:1;6;13;22;32;40;48;56;66;73;75;84;92;96;102;109;117;123;130;138;149;155;159;217;239;275;295;329;337;345;348;361;366;372;382
1000824,1000295,1500219,bus,1,102615.1,2,boarding_links,13.401122447457288,1,999999,2.0,0,1.4285714285714286,999999,0.15,4,0,"LINESTRING (-122.3452 47.726329, -122.3451 47.726429)",w_bus_only;w_bus_metro;d_bus_only;d_bus_metro,Metro Transit,-1,102615.1.6990:1;6;13;22;32;40;48;56;66;73;75;84;92;96;102;109;117;123;130;138;149;155;159;217;239;275;295;329;337;345;348;361;366;372;382
1000825,1500219,1000295,bus,1,102615.1,2,boarding_links,13.401122447457288,1,999999,2.0,0,1.0,999999,0.15,4,0,"LINESTRING (-122.3452 47.726329, -122.3451 47.726429)",w_bus_only;w_bus_metro;d_bus_only;d_bus_metro,Metro Transit,-1,102615.1.6990:1;6;13;22;32;40;48;56;66;73;75;84;92;96;102;109;117;123;130;138;149;155;159;217;239;275;295;329;337;345;348;361;366;372;382
1000826,1000296,1500220,bus,1,102615.1,2,boarding_links,13.401400376191429,1,999999,2.0,0,1.4285714285714286,999999,0.15,4,0,"LINESTRING (-122.345178 47.7228614, -122.345078 47.7229614)",w_bus_only;w_bus_metro;d_bus_only;d_bus_metro,Metro Transit,-1,102615.1.7000:1;6;13;22;32;40;48;56;66;73;75;84;92;96;102;109;117;123;130;138;149;155;159;217;239;275;295;329;337;345;348;361;366;372;382
1000827,1500220,1000296,bus,1,102615.1,2,boarding_links,13.401400376191429,1,999999,2.0,0,1.0,999999,0.15,4,0,"LINESTRING (-122.345178 47.7228614, -122.345078 47.7229614)",w_bus_only;w_bus_metro;d_bus_only;d_bus_metro,Metro Transit,-1,102615.1.7000:1;6;13;22;32;40;48;56;66;73;75;84;92;96;102;109;117;123;130;138;149;155;159;217;239;275;295;329;337;345;348;361;366;372;382
1000828,1000297,1500221,bus,1,102615.1,2,boarding_links,13.401645585502795,1,999999,2.0,0,1.4285714285714286,999999,0.15,4,0,"LINESTRING (-122.345147 47.719801999999994, -122.345047 47.719902)",w_bus_only;w_bus_metro;d_bus_only;d_bus_metro,Metro Transit,-1,102615.1.7010:1;6;13;22;32;40;48;56;66;73;75;84;92;96;102;109;117;123;130;138;149;155;159;217;239;275;295;329;337;345;348;361;366;372;382
1000829,1500221,1000297,bus,1,102615.1,2,boarding_links,13.401645585502795,1,999999,2.0,0,1.0,999999,0.15,4,0,"LINESTRING (-122.345147 47.719801999999994, -122.345047 47.719902)",w_bus_only;w_bus_metro;d_bus_only;d_bus_metro,Metro Transit,-1,102615.1.7010:1;6;13;22;32;40;48;56;66;73;75;84;92;96;102;109;117;123;130;138;149;155;159;217;239;275;295;329;337;345;348;361;366;372;382
1000830,1000298,1500222,bus,1,102615.1,2,boarding_links,13.402280913117979,1,999999,2.0,0,1.4285714285714286,999999,0.15,4,0,"LINESTRING (-122.34501 47.71187509999999, -122.34491 47.7119751)",w_bus_only;w_bus_metro;d_bus_only;d_bus_metro,Metro Transit,-1,102615.1.7040:1;6;13;22;32;40;48;56;66;73;75;84;92;96;102;109;117;123;130;138;149;155;159;217;239;275;295;329;337;345;348;361;366;372;382
1000831,1500222,1000298,bus,1,102615.1,2,boarding_links,13.402280913117979,1,999999,2.0,0,1.0,999999,0.15,4,0,"LINESTRING (-122.34501 47.71187509999999, -122.34491 47.7119751)",w_bus_only;w_bus_metro;d_bus_only;d_bus_metro,Metro Transit,-1,102615.1.7040:1;6;13;22;32;40;48;56;66;73;75;84;92;96;102;109;117;123;130;138;149;155;159;217;239;275;295;329;337;345;348;361;366;372;382
1000832,1000299,1500223,bus,1,102615.1,2,boarding_links,13.402869149648591,1,999999,2.0,0,1.4285714285714286,999999,0.15,4,0,"LINESTRING (-122.344956 47.7045356, -122.344856 47.7046356)",w_bus_only;w_bus_metro;d_bus_only;d_bus_metro,Metro Transit,-1,102615.1.7080:1;6;13;22;32;40;48;56;66;73;75;84;92;96;102;109;117;123;130;138;149;155;159;217;239;275;295;329;337;345;348;361;366;372;382
1000833,1500223,1000299,bus,1,102615.1,2,boarding_links,13.402869149648591,1,999999,2.0,0,1.0,999999,0.15,4,0,"LINESTRING (-122.344956 47.7045356, -122.344856 47.7046356)",w_bus_only;w_bus_metro;d_bus_only;d_bus_metro,Metro Transit,-1,102615.1.7080:1;6;13;22;32;40;48;56;66;73;75;84;92;96;102;109;117;123;130;138;149;155;159;217;239;275;295;329;337;345;348;361;366;372;382
1000834,1000300,1500224,bus,1,102615.1,2,boarding_links,13.403153473860288,1,999999,2.0,0,1.4285714285714286,999999,0.15,4,0,"LINESTRING (-122.34491 47.700987999999995, -122.34481 47.701088)",w_bus_only;w_bus_metro;d_bus_only;d_bus_metro,Metro Transit,-1,102615.1.7100:1;6;13;22;32;40;48;56;66;73;75;84;92;96;102;109;117;123;130;138;149;155;159;217;239;275;295;329;337;345;348;361;366;372;382
1000835,1500224,1000300,bus,1,102615.1,2,boarding_links,13.403153473860288,1,999999,2.0,0,1.0,999999,0.15,4,0,"LINESTRING (-122.34491 47.700987999999995, -122.34481 47.701088)",w_bus_only;w_bus_metro;d_bus_only;d_bus_metro,Metro Transit,-1,102615.1.7100:1;6;13;22;32;40;48;56;66;73;75;84;92;96;102;109;117;123;130;138;149;155;159;217;239;275;295;329;337;345;348;361;366;372;382
1000836,1000301,1500225,bus,1,102615.1,2,boarding_links,13.403441473996354,1,999999,2.0,0,1.4285714285714286,999999,0.15,4,0,"LINESTRING (-122.344804 47.697394499999994, -122.344704 47.6974945)",w_bus_only;w_bus_metro;d_bus_only;d_bus_metro,Metro Transit,-1,102615.1.7120:1;6;13;22;32;40;48;56;66;73;75;84;92;96;102;109;117;123;130;138;149;155;159;217;239;275;295;329;337;345;348;361;366;372;382
1000837,1500225,1000301,bus,1,102615.1,2,boarding_links,13.403441473996354,1,999999,2.0,0,1.0,999999,0.15,4,0,"LINESTRING (-122.344804 47.697394499999994, -122.344704 47.6974945)",w_bus_only;w_bus_metro;d_bus_only;d_bus_metro,Metro Transit,-1,102615.1.7120:1;6;13;22;32;40;48;56;66;73;75;84;92;96;102;109;117;123;130;138;149;155;159;217;239;275;295;329;337;345;348;361;366;372;382
1000838,1000307,1500226,bus,1,102615.1,2,boarding_links,13.403724574582446,1,999999,2.0,0,1.4285714285714286,999999,0.15,4,0,"LINESTRING (-122.344834 47.6938621, -122.344734 47.6939621)",w_bus_only;w_bus_metro;d_bus_only;d_bus_metro,Metro Transit,-1,102615.1.7140:1;6;13;22;32;40;48;56;66;73;75;84;92;96;102;109;117;123;130;138;149;155;159;217;239;275;295;329;337;345;348;361;366;372;382
1000839,1500226,1000307,bus,1,102615.1,2,boarding_links,13.403724574582446,1,999999,2.0,0,1.0,999999,0.15,4,0,"LINESTRING (-122.344834 47.6938621, -122.344734 47.6939621)",w_bus_only;w_bus_metro;d_bus_only;d_bus_metro,Metro Transit,-1,102615.1.7140:1;6;13;22;32;40;48;56;66;73;75;84;92;96;102;109;117;123;130;138;149;155;159;217;239;275;295;329;337;345;348;361;366;372;382
1000840,1000308,1500227,bus,1,102615.1,2,boarding_links,13.40405199945107,1,999999,2.0,0,1.4285714285714286,999999,0.15,4,0,"LINESTRING (-122.344781 47.689776599999995, -122.344681 47.6898766)",w_bus_only;w_bus_metro;d_bus_only;d_bus_metro,Metro Transit,-1,102615.1.7160:1;6;13;22;32;40;48;56;66;73;75;84;92;96;102;109;117;123;130;138;149;155;159;217;239;275;295;329;337;345;348;361;366;372;382
1000841,1500227,1000308,bus,1,102615.1,2,boarding_links,13.40405199945107,1,999999,2.0,0,1.0,999999,0.15,4,0,"LINESTRING (-122.344781 47.689776599999995, -122.344681 47.6898766)",w_bus_only;w_bus_metro;d_bus_only;d_bus_metro,Metro Transit,-1,102615.1.7160:1;6;13;22;32;40;48;56;66;73;75;84;92;96;102;109;117;123;130;138;149;155;159;217;239;275;295;329;337;345;348;361;366;372;382
1000842,1000309,1500228,bus,1,102615.1,2,boarding_links,13.404308807664501,1,999999,2.0,0,1.4285714285714286,999999,0.15,4,0,"LINESTRING (-122.344766 47.68657219999999, -122.344666 47.6866722)",w_bus_only;w_bus_metro;d_bus_only;d_bus_metro,Metro Transit,-1,102615.1.7180:1;6;13;22;32;40;48;56;66;73;75;84;92;96;102;109;117;123;130;138;149;155;159;217;239;275;295;329;337;345;348;361;366;372;382
1000843,1500228,1000309,bus,1,102615.1,2,boarding_links,13.404308807664501,1,999999,2.0,0,1.0,999999,0.15,4,0,"LINESTRING (-122.344766 47.68657219999999, -122.344666 47.6866722)",w_bus_only;w_bus_metro;d_bus_only;d_bus_metro,Metro Transit,-1,102615.1.7180:1;6;13;22;32;40;48;56;66;73;75;84;92;96;102;109;117;123;130;138;149;155;159;217;239;275;295;329;337;345;348;361;366;372;382
1000844,1000311,1500229,bus,1,102615.1,2,boarding_links,13.404510885093448,1,999999,2.0,0,1.4285714285714286,999999,0.15,4,0,"LINESTRING (-122.34475 47.68405069999999, -122.34465 47.6841507)",w_bus_only;w_bus_metro;d_bus_only;d_bus_metro,Metro Transit,-1,102615.1.7200:1;6;13;22;32;40;48;56;66;73;75;84;92;96;102;109;117;123;130;138;149;155;159;217;239;275;295;329;337;345;348;361;366;372;382
1000845,1500229,1000311,bus,1,102615.1,2,boarding_links,13.404510885093448,1,999999,2.0,0,1.0,999999,0.15,4,0,"LINESTRING (-122.34475 47.68405069999999, -122.34465 47.6841507)",w_bus_only;w_bus_metro;d_bus_only;d_bus_metro,Metro Transit,-1,102615.1.7200:1;6;13;22;32;40;48;56;66;73;75;84;92;96;102;109;117;123;130;138;149;155;159;217;239;275;295;329;337;345;348;361;366;372;382
1000846,1000312,1500230,bus,1,102615.1,2,boarding_links,13.405157467520633,1,999999,2.0,0,1.4285714285714286,999999,0.15,4,0,"LINESTRING (-122.347047 47.6759826, -122.346947 47.6760826)",w_bus_only;w_bus_metro;d_bus_only;d_bus_metro,Metro Transit,-1,102615.1.7210:1;6;13;22;32;40;48;56;66;73;75;84;92;96;102;109;117;123;130;138;149;155;159;217;239;275;295;329;337;345;348;361;366;372;382
1000847,1500230,1000312,bus,1,102615.1,2,boarding_links,13.405157467520633,1,999999,2.0,0,1.0,999999,0.15,4,0,"LINESTRING (-122.347047 47.6759826, -122.346947 47.6760826)",w_bus_only;w_bus_metro;d_bus_only;d_bus_metro,Metro Transit,-1,102615.1.7210:1;6;13;22;32;40;48;56;66;73;75;84;92;96;102;109;117;123;130;138;149;155;159;217;239;275;295;329;337;345;348;361;366;372;382
1000848,1000330,1500231,bus,1,102615.1,2,boarding_links,13.409851557316243,1,999999,2.0,0,1.4285714285714286,999999,0.15,4,0,"LINESTRING (-122.34536800000001 47.617404099999995, -122.345268 47.6175041)",w_bus_only;w_bus_metro;d_bus_only;d_bus_metro,Metro Transit,-1,102615.1.7430:1;6;13;22;32;40;48;56;66;73;75;84;92;96;102;109;117;123;130;138;149;155;159;217;239;275;295;329;337;345;348;361;366;372;382
1000849,1500231,1000330,bus,1,102615.1,2,boarding_links,13.409851557316243,1,999999,2.0,0,1.0,999999,0.15,4,0,"LINESTRING (-122.34536800000001 47.617404099999995, -122.345268 47.6175041)",w_bus_only;w_bus_metro;d_bus_only;d_bus_metro,Metro Transit,-1,102615.1.7430:1;6;13;22;32;40;48;56;66;73;75;84;92;96;102;109;117;123;130;138;149;155;159;217;239;275;295;329;337;345;348;361;366;372;382
1000850,1000331,1500232,bus,1,102615.1,2,boarding_links,13.406312410739142,1,999999,2.0,0,1.4285714285714286,999999,0.15,4,0,"LINESTRING (-122.347588 47.6615707, -122.347488 47.6616707)",w_bus_only;w_bus_metro;d_bus_only;d_bus_metro,Metro Transit,-1,102615.1.75408:1;6;13;22;32;40;48;56;66;73;75;84;92;96;102;109;117;123;130;138;149;155;159;217;239;275;295;329;337;345;348;361;366;372;382
1000851,1500232,1000331,bus,1,102615.1,2,boarding_links,13.406312410739142,1,999999,2.0,0,1.0,999999,0.15,4,0,"LINESTRING (-122.347588 47.6615707, -122.347488 47.6616707)",w_bus_only;w_bus_metro;d_bus_only;d_bus_metro,Metro Transit,-1,102615.1.75408:1;6;13;22;32;40;48;56;66;73;75;84;92;96;102;109;117;123;130;138;149;155;159;217;239;275;295;329;337;345;348;361;366;372;382
1000852,1000333,1500233,bus,1,102615.1,2,boarding_links,13.397329992898372,1,999999,2.0,0,1.4285714285714286,999999,0.15,4,0,"LINESTRING (-122.34630700000001 47.773642699999996, -122.346207 47.7737427)",w_bus_only;w_bus_metro;d_bus_only;d_bus_metro,Metro Transit,-1,102615.1.75700:1;6;13;22;32;40;48;56;66;73;75;84;92;96;102;109;117;123;130;138;149;155;159;217;239;275;295;329;337;345;348;361;366;372;382
1000853,1500233,1000333,bus,1,102615.1,2,boarding_links,13.397329992898372,1,999999,2.0,0,1.0,999999,0.15,4,0,"LINESTRING (-122.34630700000001 47.773642699999996, -122.346207 47.7737427)",w_bus_only;w_bus_metro;d_bus_only;d_bus_metro,Metro Transit,-1,102615.1.75700:1;6;13;22;32;40;48;56;66;73;75;84;92;96;102;109;117;123;130;138;149;155;159;217;239;275;295;329;337;345;348;361;366;372;382
1000854,1000334,1500234,bus,1,102615.1,2,boarding_links,13.397854109729371,1,999999,2.0,0,1.4285714285714286,999999,0.15,4,0,"LINESTRING (-122.34620000000001 47.7671043, -122.3461 47.7672043)",w_bus_only;w_bus_metro;d_bus_only;d_bus_metro,Metro Transit,-1,102615.1.75730:1;6;13;22;32;40;48;56;66;73;75;84;92;96;102;109;117;123;130;138;149;155;159;217;239;275;295;329;337;345;348;361;366;372;382
1000855,1500234,1000334,bus,1,102615.1,2,boarding_links,13.397854109729371,1,999999,2.0,0,1.0,999999,0.15,4,0,"LINESTRING (-122.34620000000001 47.7671043, -122.3461 47.7672043)",w_bus_only;w_bus_metro;d_bus_only;d_bus_metro,Metro Transit,-1,102615.1.75730:1;6;13;22;32;40;48;56;66;73;75;84;92;96;102;109;117;123;130;138;149;155;159;217;239;275;295;329;337;345;348;361;366;372;382
1000856,1000335,1500235,bus,1,102615.1,2,boarding_links,13.398203312932836,1,999999,2.0,0,1.4285714285714286,999999,0.15,4,0,"LINESTRING (-122.346284 47.762747899999994, -122.346184 47.7628479)",w_bus_only;w_bus_metro;d_bus_only;d_bus_metro,Metro Transit,-1,102615.1.75740:1;6;13;22;32;40;48;56;66;73;75;84;92;96;102;109;117;123;130;138;149;155;159;217;239;275;295;329;337;345;348;361;366;372;382
1000857,1500235,1000335,bus,1,102615.1,2,boarding_links,13.398203312932836,1,999999,2.0,0,1.0,999999,0.15,4,0,"LINESTRING (-122.346284 47.762747899999994, -122.346184 47.7628479)",w_bus_only;w_bus_metro;d_bus_only;d_bus_metro,Metro Transit,-1,102615.1.75740:1;6;13;22;32;40;48;56;66;73;75;84;92;96;102;109;117;123;130;138;149;155;159;217;239;275;295;329;337;345;348;361;366;372;382
1000858,1000336,1500236,bus,1,102615.1,2,boarding_links,13.398476066061454,1,999999,2.0,0,1.4285714285714286,999999,0.15,4,0,"LINESTRING (-122.346337 47.7593452, -122.346237 47.7594452)",w_bus_only;w_bus_metro;d_bus_only;d_bus_metro,Metro Transit,-1,102615.1.75750:1;6;13;22;32;40;48;56;66;73;75;84;92;96;102;109;117;123;130;138;149;155;159;217;239;275;295;329;337;345;348;361;366;372;382
1000859,1500236,1000336,bus,1,102615.1,2,boarding_links,13.398476066061454,1,999999,2.0,0,1.0,999999,0.15,4,0,"LINESTRING (-122.346337 47.7593452, -122.346237 47.7594452)",w_bus_only;w_bus_metro;d_bus_only;d_bus_metro,Metro Transit,-1,102615.1.75750:1;6;13;22;32;40;48;56;66;73;75;84;92;96;102;109;117;123;130;138;149;155;159;217;239;275;295;329;337;345;348;361;366;372;382
1000860,1000337,1500237,bus,1,102615.1,2,boarding_links,13.398808445342594,1,999999,2.0,0,1.4285714285714286,999999,0.15,4,0,"LINESTRING (-122.345956 47.7551986, -122.345856 47.7552986)",w_bus_only;w_bus_metro;d_bus_only;d_bus_metro,Metro Transit,-1,102615.1.75760:1;6;13;22;32;40;48;56;66;73;75;84;92;96;102;109;117;123;130;138;149;155;159;217;239;275;295;329;337;345;348;361;366;372;382
1000861,1500237,1000337,bus,1,102615.1,2,boarding_links,13.398808445342594,1,999999,2.0,0,1.0,999999,0.15,4,0,"LINESTRING (-122.345956 47.7551986, -122.345856 47.7552986)",w_bus_only;w_bus_metro;d_bus_only;d_bus_metro,Metro Transit,-1,102615.1.75760:1;6;13;22;32;40;48;56;66;73;75;84;92;96;102;109;117;123;130;138;149;155;159;217;239;275;295;329;337;345;348;361;366;372;382
1000862,1000338,1500238,bus,1,102615.1,2,boarding_links,13.399070492275548,1,999999,2.0,0,1.4285714285714286,999999,0.15,4,0,"LINESTRING (-122.34584100000001 47.751929399999995, -122.345741 47.7520294)",w_bus_only;w_bus_metro;d_bus_only;d_bus_metro,Metro Transit,-1,102615.1.75770:1;6;13;22;32;40;48;56;66;73;75;84;92;96;102;109;117;123;130;138;149;155;159;217;239;275;295;329;337;345;348;361;366;372;382
1000863,1500238,1000338,bus,1,102615.1,2,boarding_links,13.399070492275548,1,999999,2.0,0,1.0,999999,0.15,4,0,"LINESTRING (-122.34584100000001 47.751929399999995, -122.345741 47.7520294)",w_bus_only;w_bus_metro;d_bus_only;d_bus_metro,Metro Transit,-1,102615.1.75770:1;6;13;22;32;40;48;56;66;73;75;84;92;96;102;109;117;123;130;138;149;155;159;217;239;275;295;329;337;345;348;361;366;372;382
1000864,1000339,1500239,bus,1,102615.1,2,boarding_links,13.399364943718469,1,999999,2.0,0,1.4285714285714286,999999,0.15,4,0,"LINESTRING (-122.345788 47.7482559, -122.345688 47.7483559)",w_bus_only;w_bus_metro;d_bus_only;d_bus_metro,Metro Transit,-1,102615.1.75780:1;6;13;22;32;40;48;56;66;73;75;84;92;96;102;109;117;123;130;138;149;155;159;217;239;275;295;329;337;345;348;361;366;372;382
1000865,1500239,1000339,bus,1,102615.1,2,boarding_links,13.399364943718469,1,999999,2.0,0,1.0,999999,0.15,4,0,"LINESTRING (-122.345788 47.7482559, -122.345688 47.7483559)",w_bus_only;w_bus_metro;d_bus_only;d_bus_metro,Metro Transit,-1,102615.1.75780:1;6;13;22;32;40;48;56;66;73;75;84;92;96;102;109;117;123;130;138;149;155;159;217;239;275;295;329;337;345;348;361;366;372;382
1000866,1000340,1500240,bus,1,102615.1,2,boarding_links,13.399658791166216,1,999999,2.0,0,1.4285714285714286,999999,0.15,4,0,"LINESTRING (-122.34575000000001 47.744589899999994, -122.34565 47.7446899)",w_bus_only;w_bus_metro;d_bus_only;d_bus_metro,Metro Transit,-1,102615.1.75790:1;6;13;22;32;40;48;56;66;73;75;84;92;96;102;109;117;123;130;138;149;155;159;217;239;275;295;329;337;345;348;361;366;372;382
1000867,1500240,1000340,bus,1,102615.1,2,boarding_links,13.399658791166216,1,999999,2.0,0,1.0,999999,0.15,4,0,"LINESTRING (-122.34575000000001 47.744589899999994, -122.34565 47.7446899)",w_bus_only;w_bus_metro;d_bus_only;d_bus_metro,Metro Transit,-1,102615.1.75790:1;6;13;22;32;40;48;56;66;73;75;84;92;96;102;109;117;123;130;138;149;155;159;217;239;275;295;329;337;345;348;361;366;372;382
1000868,1000341,1500241,bus,1,102615.1,2,boarding_links,13.399963632859539,1,999999,2.0,0,1.4285714285714286,999999,0.15,4,0,"LINESTRING (-122.345597 47.740786699999994, -122.345497 47.7408867)",w_bus_only;w_bus_metro;d_bus_only;d_bus_metro,Metro Transit,-1,102615.1.75800:1;6;13;22;32;40;48;56;66;73;75;84;92;96;102;109;117;123;130;138;149;155;159;217;239;275;295;329;337;345;348;361;366;372;382
1000869,1500241,1000341,bus,1,102615.1,2,boarding_links,13.399963632859539,1,999999,2.0,0,1.0,999999,0.15,4,0,"LINESTRING (-122.345597 47.740786699999994, -122.345497 47.7408867)",w_bus_only;w_bus_metro;d_bus_only;d_bus_metro,Metro Transit,-1,102615.1.75800:1;6;13;22;32;40;48;56;66;73;75;84;92;96;102;109;117;123;130;138;149;155;159;217;239;275;295;329;337;345;348;361;366;372;382
1000870,1000342,1500242,bus,1,102615.1,2,boarding_links,13.40014036301754,1,999999,2.0,0,1.4285714285714286,999999,0.15,4,0,"LINESTRING (-122.345528 47.7385818, -122.345428 47.7386818)",w_bus_only;w_bus_metro;d_bus_only;d_bus_metro,Metro Transit,-1,102615.1.75810:1;6;13;22;32;40;48;56;66;73;75;84;92;96;102;109;117;123;130;138;149;155;159;217;239;275;295;329;337;345;348;361;366;372;382
1000871,1500242,1000342,bus,1,102615.1,2,boarding_links,13.40014036301754,1,999999,2.0,0,1.0,999999,0.15,4,0,"LINESTRING (-122.345528 47.7385818, -122.345428 47.7386818)",w_bus_only;w_bus_metro;d_bus_only;d_bus_metro,Metro Transit,-1,102615.1.75810:1;6;13;22;32;40;48;56;66;73;75;84;92;96;102;109;117;123;130;138;149;155;159;217;239;275;295;329;337;345;348;361;366;372;382
1000872,1000042,1500243,bus,1,102615.2,2,boarding_links,13.397268838408165,1,999999,2.0,0,2.0,999999,0.15,4,0,"LINESTRING (-122.340981 47.774405599999994, -122.340881 47.7745056)",w_bus_only;w_bus_metro;d_bus_only;d_bus_metro,Metro Transit,-1,102615.2.16103:1;11;16;20;34;38;48;57;98;123;163;196;214;229;235;241;252;260;267;273;281;286;294;298;309;318;320;324;330;337;345;354;362;372;380;393
1000873,1500243,1000042,bus,1,102615.2,2,boarding_links,13.397268838408165,1,999999,2.0,0,1.0,999999,0.15,4,0,"LINESTRING (-122.340981 47.774405599999994, -122.340881 47.7745056)",w_bus_only;w_bus_metro;d_bus_only;d_bus_metro,Metro Transit,-1,102615.2.16103:1;11;16;20;34;38;48;57;98;123;163;196;214;229;235;241;252;260;267;273;281;286;294;298;309;318;320;324;330;337;345;354;362;372;380;393
1000874,1000040,1500244,bus,1,102615.2,2,boarding_links,13.411121235536958,1,999999,2.0,0,2.0,999999,0.15,4,0,"LINESTRING (-122.33004100000001 47.601557899999996, -122.329941 47.6016579)",w_bus_only;w_bus_metro;d_bus_only;d_bus_metro,Metro Transit,-1,102615.2.1610:1;11;16;20;34;38;48;57;98;123;163;196;214;229;235;241;252;260;267;273;281;286;294;298;309;318;320;324;330;337;345;354;362;372;380;393
1000875,1500244,1000040,bus,1,102615.2,2,boarding_links,13.411121235536958,1,999999,2.0,0,1.0,999999,0.15,4,0,"LINESTRING (-122.33004100000001 47.601557899999996, -122.329941 47.6016579)",w_bus_only;w_bus_metro;d_bus_only;d_bus_metro,Metro Transit,-1,102615.2.1610:1;11;16;20;34;38;48;57;98;123;163;196;214;229;235;241;252;260;267;273;281;286;294;298;309;318;320;324;330;337;345;354;362;372;380;393
1000876,1000174,1500245,bus,1,102615.2,2,boarding_links,13.410925926265913,1,999999,2.0,0,2.0,999999,0.15,4,0,"LINESTRING (-122.332604 47.603995499999996, -122.332504 47.6040955)",w_bus_only;w_bus_metro;d_bus_only;d_bus_metro,Metro Transit,-1,102615.2.538:1;11;16;20;34;38;48;57;98;123;163;196;214;229;235;241;252;260;267;273;281;286;294;298;309;318;320;324;330;337;345;354;362;372;380;393
1000877,1500245,1000174,bus,1,102615.2,2,boarding_links,13.410925926265913,1,999999,2.0,0,1.0,999999,0.15,4,0,"LINESTRING (-122.332604 47.603995499999996, -122.332504 47.6040955)",w_bus_only;w_bus_metro;d_bus_only;d_bus_metro,Metro Transit,-1,102615.2.538:1;11;16;20;34;38;48;57;98;123;163;196;214;229;235;241;252;260;267;273;281;286;294;298;309;318;320;324;330;337;345;354;362;372;380;393
1000878,1000184,1500246,bus,1,102615.2,2,boarding_links,13.410689055103031,1,999999,2.0,0,2.0,999999,0.15,4,0,"LINESTRING (-122.335313 47.6069518, -122.335213 47.6070518)",w_bus_only;w_bus_metro;d_bus_only;d_bus_metro,Metro Transit,-1,102615.2.558:1;11;16;20;34;38;48;57;98;123;163;196;214;229;235;241;252;260;267;273;281;286;294;298;309;318;320;324;330;337;345;354;362;372;380;393
1000879,1500246,1000184,bus,1,102615.2,2,boarding_links,13.410689055103031,1,999999,2.0,0,1.0,999999,0.15,4,0,"LINESTRING (-122.335313 47.6069518, -122.335213 47.6070518)",w_bus_only;w_bus_metro;d_bus_only;d_bus_metro,Metro Transit,-1,102615.2.558:1;11;16;20;34;38;48;57;98;123;163;196;214;229;235;241;252;260;267;273;281;286;294;298;309;318;320;324;330;337;345;354;362;372;380;393
1000880,1000190,1500247,bus,1,102615.2,2,boarding_links,13.410481515803086,1,999999,2.0,0,2.0,999999,0.15,4,0,"LINESTRING (-122.33768500000001 47.609542, -122.337585 47.609642)",w_bus_only;w_bus_metro;d_bus_only;d_bus_metro,Metro Transit,-1,102615.2.575:1;11;16;20;34;38;48;57;98;123;163;196;214;229;235;241;252;260;267;273;281;286;294;298;309;318;320;324;330;337;345;354;362;372;380;393
1000881,1500247,1000190,bus,1,102615.2,2,boarding_links,13.410481515803086,1,999999,2.0,0,1.0,999999,0.15,4,0,"LINESTRING (-122.33768500000001 47.609542, -122.337585 47.609642)",w_bus_only;w_bus_metro;d_bus_only;d_bus_metro,Metro Transit,-1,102615.2.575:1;11;16;20;34;38;48;57;98;123;163;196;214;229;235;241;252;260;267;273;281;286;294;298;309;318;320;324;330;337;345;354;362;372;380;393
1000882,1000213,1500248,bus,1,102615.2,2,boarding_links,13.410212847056272,1,999999,2.0,0,2.0,999999,0.15,4,0,"LINESTRING (-122.341843 47.612895099999996, -122.341743 47.6129951)",w_bus_only;w_bus_metro;d_bus_only;d_bus_metro,Metro Transit,-1,102615.2.600:1;11;16;20;34;38;48;57;98;123;163;196;214;229;235;241;252;260;267;273;281;286;294;298;309;318;320;324;330;337;345;354;362;372;380;393
1000883,1500248,1000213,bus,1,102615.2,2,boarding_links,13.410212847056272,1,999999,2.0,0,1.0,999999,0.15,4,0,"LINESTRING (-122.341843 47.612895099999996, -122.341743 47.6129951)",w_bus_only;w_bus_metro;d_bus_only;d_bus_metro,Metro Transit,-1,102615.2.600:1;11;16;20;34;38;48;57;98;123;163;196;214;229;235;241;252;260;267;273;281;286;294;298;309;318;320;324;330;337;345;354;362;372;380;393
1000884,1000214,1500249,bus,1,102615.2,2,boarding_links,13.410042595138822,1,999999,2.0,0,2.0,999999,0.15,4,0,"LINESTRING (-122.345437 47.6150199, -122.345337 47.6151199)",w_bus_only;w_bus_metro;d_bus_only;d_bus_metro,Metro Transit,-1,102615.2.605:1;11;16;20;34;38;48;57;98;123;163;196;214;229;235;241;252;260;267;273;281;286;294;298;309;318;320;324;330;337;345;354;362;372;380;393
1000885,1500249,1000214,bus,1,102615.2,2,boarding_links,13.410042595138822,1,999999,2.0,0,1.0,999999,0.15,4,0,"LINESTRING (-122.345437 47.6150199, -122.345337 47.6151199)",w_bus_only;w_bus_metro;d_bus_only;d_bus_metro,Metro Transit,-1,102615.2.605:1;11;16;20;34;38;48;57;98;123;163;196;214;229;235;241;252;260;267;273;281;286;294;298;309;318;320;324;330;337;345;354;362;372;380;393
1000886,1000265,1500250,bus,1,102615.2,2,boarding_links,13.409723786745387,1,999999,2.0,0,2.0,999999,0.15,4,0,"LINESTRING (-122.343675 47.6189987, -122.343575 47.6190987)",w_bus_only;w_bus_metro;d_bus_only;d_bus_metro,Metro Transit,-1,102615.2.6236:1;11;16;20;34;38;48;57;98;123;163;196;214;229;235;241;252;260;267;273;281;286;294;298;309;318;320;324;330;337;345;354;362;372;380;393
1000887,1500250,1000265,bus,1,102615.2,2,boarding_links,13.409723786745387,1,999999,2.0,0,1.0,999999,0.15,4,0,"LINESTRING (-122.343675 47.6189987, -122.343575 47.6190987)",w_bus_only;w_bus_metro;d_bus_only;d_bus_metro,Metro Transit,-1,102615.2.6236:1;11;16;20;34;38;48;57;98;123;163;196;214;229;235;241;252;260;267;273;281;286;294;298;309;318;320;324;330;337;345;354;362;372;380;393
1000888,1000266,1500251,bus,1,102615.2,2,boarding_links,13.4094997421766,1,999999,2.0,0,2.0,999999,0.15,4,0,"LINESTRING (-122.34360600000001 47.621794799999996, -122.343506 47.6218948)",w_bus_only;w_bus_metro;d_bus_only;d_bus_metro,Metro Transit,-1,102615.2.6237:1;11;16;20;34;38;48;57;98;123;163;196;214;229;235;241;252;260;267;273;281;286;294;298;309;318;320;324;330;337;345;354;362;372;380;393
1000889,1500251,1000266,bus,1,102615.2,2,boarding_links,13.4094997421766,1,999999,2.0,0,1.0,999999,0.15,4,0,"LINESTRING (-122.34360600000001 47.621794799999996, -122.343506 47.6218948)",w_bus_only;w_bus_metro;d_bus_only;d_bus_metro,Metro Transit,-1,102615.2.6237:1;11;16;20;34;38;48;57;98;123;163;196;214;229;235;241;252;260;267;273;281;286;294;298;309;318;320;324;330;337;345;354;362;372;380;393
1000890,1000267,1500252,bus,1,102615.2,2,boarding_links,13.408644172597493,1,999999,2.0,0,2.0,999999,0.15,4,0,"LINESTRING (-122.343423 47.632472199999995, -122.343323 47.6325722)",w_bus_only;w_bus_metro;d_bus_only;d_bus_metro,Metro Transit,-1,102615.2.6300:1;11;16;20;34;38;48;57;98;123;163;196;214;229;235;241;252;260;267;273;281;286;294;298;309;318;320;324;330;337;345;354;362;372;380;393
1000891,1500252,1000267,bus,1,102615.2,2,boarding_links,13.408644172597493,1,999999,2.0,0,1.0,999999,0.15,4,0,"LINESTRING (-122.343423 47.632472199999995, -122.343323 47.6325722)",w_bus_only;w_bus_metro;d_bus_only;d_bus_metro,Metro Transit,-1,102615.2.6300:1;11;16;20;34;38;48;57;98;123;163;196;214;229;235;241;252;260;267;273;281;286;294;298;309;318;320;324;330;337;345;354;362;372;380;393
1000892,1000268,1500253,bus,1,102615.2,2,boarding_links,13.408139195701043,1,999999,2.0,0,2.0,999999,0.15,4,0,"LINESTRING (-122.34530000000001 47.6387741, -122.3452 47.6388741)",w_bus_only;w_bus_metro;d_bus_only;d_bus_metro,Metro Transit,-1,102615.2.6320:1;11;16;20;34;38;48;57;98;123;163;196;214;229;235;241;252;260;267;273;281;286;294;298;309;318;320;324;330;337;345;354;362;372;380;393
1000893,1500253,1000268,bus,1,102615.2,2,boarding_links,13.408139195701043,1,999999,2.0,0,1.0,999999,0.15,4,0,"LINESTRING (-122.34530000000001 47.6387741, -122.3452 47.6388741)",w_bus_only;w_bus_metro;d_bus_only;d_bus_metro,Metro Transit,-1,102615.2.6320:1;11;16;20;34;38;48;57;98;123;163;196;214;229;235;241;252;260;267;273;281;286;294;298;309;318;320;324;330;337;345;354;362;372;380;393
1000894,1000332,1500254,bus,1,102615.2,2,boarding_links,13.406310880130148,1,999999,2.0,0,2.0,999999,0.15,4,0,"LINESTRING (-122.34727600000001 47.661589799999994, -122.347176 47.6616898)",w_bus_only;w_bus_metro;d_bus_only;d_bus_metro,Metro Transit,-1,102615.2.75409:1;11;16;20;34;38;48;57;98;123;163;196;214;229;235;241;252;260;267;273;281;286;294;298;309;318;320;324;330;337;345;354;362;372;380;393
1000895,1500254,1000332,bus,1,102615.2,2,boarding_links,13.406310880130148,1,999999,2.0,0,1.0,999999,0.15,4,0,"LINESTRING (-122.34727600000001 47.661589799999994, -122.347176 47.6616898)",w_bus_only;w_bus_metro;d_bus_only;d_bus_metro,Metro Transit,-1,102615.2.75409:1;11;16;20;34;38;48;57;98;123;163;196;214;229;235;241;252;260;267;273;281;286;294;298;309;318;320;324;330;337;345;354;362;372;380;393
1000896,1000343,1500255,bus,1,102615.2,2,boarding_links,13.400441536926662,1,999999,2.0,0,2.0,999999,0.15,4,0,"LINESTRING (-122.34501 47.7348243, -122.34491 47.7349243)",w_bus_only;w_bus_metro;d_bus_only;d_bus_metro,Metro Transit,-1,102615.2.75820:1;11;16;20;34;38;48;57;98;123;163;196;214;229;235;241;252;260;267;273;281;286;294;298;309;318;320;324;330;337;345;354;362;372;380;393
1000897,1500255,1000343,bus,1,102615.2,2,boarding_links,13.400441536926662,1,999999,2.0,0,1.0,999999,0.15,4,0,"LINESTRING (-122.34501 47.7348243, -122.34491 47.7349243)",w_bus_only;w_bus_metro;d_bus_only;d_bus_metro,Metro Transit,-1,102615.2.75820:1;11;16;20;34;38;48;57;98;123;163;196;214;229;235;241;252;260;267;273;281;286;294;298;309;318;320;324;330;337;345;354;362;372;380;393
1000898,1000344,1500256,bus,1,102615.2,2,boarding_links,13.400088079083389,1,999999,2.0,0,2.0,999999,0.15,4,0,"LINESTRING (-122.3452 47.7392341, -122.3451 47.7393341)",w_bus_only;w_bus_metro;d_bus_only;d_bus_metro,Metro Transit,-1,102615.2.75830:1;11;16;20;34;38;48;57;98;123;163;196;214;229;235;241;252;260;267;273;281;286;294;298;309;318;320;324;330;337;345;354;362;372;380;393
1000899,1500256,1000344,bus,1,102615.2,2,boarding_links,13.400088079083389,1,999999,2.0,0,1.0,999999,0.15,4,0,"LINESTRING (-122.3452 47.7392341, -122.3451 47.7393341)",w_bus_only;w_bus_metro;d_bus_only;d_bus_metro,Metro Transit,-1,102615.2.75830:1;11;16;20;34;38;48;57;98;123;163;196;214;229;235;241;252;260;267;273;281;286;294;298;309;318;320;324;330;337;345;354;362;372;380;393
1000900,1000345,1500257,bus,1,102615.2,2,boarding_links,13.399867624727085,1,999999,2.0,0,2.0,999999,0.15,4,0,"LINESTRING (-122.345269 47.741984499999994, -122.345169 47.7420845)",w_bus_only;w_bus_metro;d_bus_only;d_bus_metro,Metro Transit,-1,102615.2.75840:1;11;16;20;34;38;48;57;98;123;163;196;214;229;235;241;252;260;267;273;281;286;294;298;309;318;320;324;330;337;345;354;362;372;380;393
1000901,1500257,1000345,bus,1,102615.2,2,boarding_links,13.399867624727085,1,999999,2.0,0,1.0,999999,0.15,4,0,"LINESTRING (-122.345269 47.741984499999994, -122.345169 47.7420845)",w_bus_only;w_bus_metro;d_bus_only;d_bus_metro,Metro Transit,-1,102615.2.75840:1;11;16;20;34;38;48;57;98;123;163;196;214;229;235;241;252;260;267;273;281;286;294;298;309;318;320;324;330;337;345;354;362;372;380;393
1000902,1000346,1500258,bus,1,102615.2,2,boarding_links,13.399601608963088,1,999999,2.0,0,2.0,999999,0.15,4,0,"LINESTRING (-122.345353 47.745303299999996, -122.345253 47.7454033)",w_bus_only;w_bus_metro;d_bus_only;d_bus_metro,Metro Transit,-1,102615.2.75850:1;11;16;20;34;38;48;57;98;123;163;196;214;229;235;241;252;260;267;273;281;286;294;298;309;318;320;324;330;337;345;354;362;372;380;393
1000903,1500258,1000346,bus,1,102615.2,2,boarding_links,13.399601608963088,1,999999,2.0,0,1.0,999999,0.15,4,0,"LINESTRING (-122.345353 47.745303299999996, -122.345253 47.7454033)",w_bus_only;w_bus_metro;d_bus_only;d_bus_metro,Metro Transit,-1,102615.2.75850:1;11;16;20;34;38;48;57;98;123;163;196;214;229;235;241;252;260;267;273;281;286;294;298;309;318;320;324;330;337;345;354;362;372;380;393
1000904,1000347,1500259,bus,1,102615.2,2,boarding_links,13.399308073570873,1,999999,2.0,0,2.0,999999,0.15,4,0,"LINESTRING (-122.345437 47.748965399999996, -122.345337 47.7490654)",w_bus_only;w_bus_metro;d_bus_only;d_bus_metro,Metro Transit,-1,102615.2.75860:1;11;16;20;34;38;48;57;98;123;163;196;214;229;235;241;252;260;267;273;281;286;294;298;309;318;320;324;330;337;345;354;362;372;380;393
1000905,1500259,1000347,bus,1,102615.2,2,boarding_links,13.399308073570873,1,999999,2.0,0,1.0,999999,0.15,4,0,"LINESTRING (-122.345437 47.748965399999996, -122.345337 47.7490654)",w_bus_only;w_bus_metro;d_bus_only;d_bus_metro,Metro Transit,-1,102615.2.75860:1;11;16;20;34;38;48;57;98;123;163;196;214;229;235;241;252;260;267;273;281;286;294;298;309;318;320;324;330;337;345;354;362;372;380;393
1000906,1000348,1500260,bus,1,102615.2,2,boarding_links,13.398996492218696,1,999999,2.0,0,2.0,999999,0.15,4,0,"LINESTRING (-122.345498 47.7528526, -122.345398 47.7529526)",w_bus_only;w_bus_metro;d_bus_only;d_bus_metro,Metro Transit,-1,102615.2.75870:1;11;16;20;34;38;48;57;98;123;163;196;214;229;235;241;252;260;267;273;281;286;294;298;309;318;320;324;330;337;345;354;362;372;380;393
1000907,1500260,1000348,bus,1,102615.2,2,boarding_links,13.398996492218696,1,999999,2.0,0,1.0,999999,0.15,4,0,"LINESTRING (-122.345498 47.7528526, -122.345398 47.7529526)",w_bus_only;w_bus_metro;d_bus_only;d_bus_metro,Metro Transit,-1,102615.2.75870:1;11;16;20;34;38;48;57;98;123;163;196;214;229;235;241;252;260;267;273;281;286;294;298;309;318;320;324;330;337;345;354;362;372;380;393
1000908,1000349,1500261,bus,1,102615.2,2,boarding_links,13.398724665518857,1,999999,2.0,0,2.0,999999,0.15,4,0,"LINESTRING (-122.345651 47.7562438, -122.345551 47.7563438)",w_bus_only;w_bus_metro;d_bus_only;d_bus_metro,Metro Transit,-1,102615.2.75881:1;11;16;20;34;38;48;57;98;123;163;196;214;229;235;241;252;260;267;273;281;286;294;298;309;318;320;324;330;337;345;354;362;372;380;393
1000909,1500261,1000349,bus,1,102615.2,2,boarding_links,13.398724665518857,1,999999,2.0,0,1.0,999999,0.15,4,0,"LINESTRING (-122.345651 47.7562438, -122.345551 47.7563438)",w_bus_only;w_bus_metro;d_bus_only;d_bus_metro,Metro Transit,-1,102615.2.75881:1;11;16;20;34;38;48;57;98;123;163;196;214;229;235;241;252;260;267;273;281;286;294;298;309;318;320;324;330;337;345;354;362;372;380;393
1000910,1000350,1500262,bus,1,102615.2,2,boarding_links,13.39843448032339,1,999999,2.0,0,2.0,999999,0.15,4,0,"LINESTRING (-122.345994 47.75986399999999, -122.345894 47.759964)",w_bus_only;w_bus_metro;d_bus_only;d_bus_metro,Metro Transit,-1,102615.2.75890:1;11;16;20;34;38;48;57;98;123;163;196;214;229;235;241;252;260;267;273;281;286;294;298;309;318;320;324;330;337;345;354;362;372;380;393
1000911,1500262,1000350,bus,1,102615.2,2,boarding_links,13.39843448032339,1,999999,2.0,0,1.0,999999,0.15,4,0,"LINESTRING (-122.345994 47.75986399999999, -122.345894 47.759964)",w_bus_only;w_bus_metro;d_bus_only;d_bus_metro,Metro Transit,-1,102615.2.75890:1;11;16;20;34;38;48;57;98;123;163;196;214;229;235;241;252;260;267;273;281;286;294;298;309;318;320;324;330;337;345;354;362;372;380;393
1000912,1000351,1500263,bus,1,102615.2,2,boarding_links,13.398131763632087,1,999999,2.0,0,2.0,999999,0.15,4,0,"LINESTRING (-122.345895 47.763640499999994, -122.345795 47.7637405)",w_bus_only;w_bus_metro;d_bus_only;d_bus_metro,Metro Transit,-1,102615.2.75901:1;11;16;20;34;38;48;57;98;123;163;196;214;229;235;241;252;260;267;273;281;286;294;298;309;318;320;324;330;337;345;354;362;372;380;393
1000913,1500263,1000351,bus,1,102615.2,2,boarding_links,13.398131763632087,1,999999,2.0,0,1.0,999999,0.15,4,0,"LINESTRING (-122.345895 47.763640499999994, -122.345795 47.7637405)",w_bus_only;w_bus_metro;d_bus_only;d_bus_metro,Metro Transit,-1,102615.2.75901:1;11;16;20;34;38;48;57;98;123;163;196;214;229;235;241;252;260;267;273;281;286;294;298;309;318;320;324;330;337;345;354;362;372;380;393
1000914,1000352,1500264,bus,1,102615.2,2,boarding_links,13.397785309081344,1,999999,2.0,0,2.0,999999,0.15,4,0,"LINESTRING (-122.34585700000001 47.7679626, -122.345757 47.7680626)",w_bus_only;w_bus_metro;d_bus_only;d_bus_metro,Metro Transit,-1,102615.2.75910:1;11;16;20;34;38;48;57;98;123;163;196;214;229;235;241;252;260;267;273;281;286;294;298;309;318;320;324;330;337;345;354;362;372;380;393
1000915,1500264,1000352,bus,1,102615.2,2,boarding_links,13.397785309081344,1,999999,2.0,0,1.0,999999,0.15,4,0,"LINESTRING (-122.34585700000001 47.7679626, -122.345757 47.7680626)",w_bus_only;w_bus_metro;d_bus_only;d_bus_metro,Metro Transit,-1,102615.2.75910:1;11;16;20;34;38;48;57;98;123;163;196;214;229;235;241;252;260;267;273;281;286;294;298;309;318;320;324;330;337;345;354;362;372;380;393
1000916,1000353,1500265,bus,1,102615.2,2,boarding_links,13.3973144016812,1,999999,2.0,0,2.0,999999,0.15,4,0,"LINESTRING (-122.34594 47.773837199999996, -122.34584 47.7739372)",w_bus_only;w_bus_metro;d_bus_only;d_bus_metro,Metro Transit,-1,102615.2.75932:1;11;16;20;34;38;48;57;98;123;163;196;214;229;235;241;252;260;267;273;281;286;294;298;309;318;320;324;330;337;345;354;362;372;380;393
1000917,1500265,1000353,bus,1,102615.2,2,boarding_links,13.3973144016812,1,999999,2.0,0,1.0,999999,0.15,4,0,"LINESTRING (-122.34594 47.773837199999996, -122.34584 47.7739372)",w_bus_only;w_bus_metro;d_bus_only;d_bus_metro,Metro Transit,-1,102615.2.75932:1;11;16;20;34;38;48;57;98;123;163;196;214;229;235;241;252;260;267;273;281;286;294;298;309;318;320;324;330;337;345;354;362;372;380;393
1000918,1000354,1500266,bus,1,102615.2,2,boarding_links,13.4051510483274,1,999999,2.0,0,2.0,999999,0.15,4,0,"LINESTRING (-122.347131 47.676062699999996, -122.347031 47.6761627)",w_bus_only;w_bus_metro;d_bus_only;d_bus_metro,Metro Transit,-1,102615.2.7630:1;11;16;20;34;38;48;57;98;123;163;196;214;229;235;241;252;260;267;273;281;286;294;298;309;318;320;324;330;337;345;354;362;372;380;393
1000919,1500266,1000354,bus,1,102615.2,2,boarding_links,13.4051510483274,1,999999,2.0,0,1.0,999999,0.15,4,0,"LINESTRING (-122.347131 47.676062699999996, -122.347031 47.6761627)",w_bus_only;w_bus_metro;d_bus_only;d_bus_metro,Metro Transit,-1,102615.2.7630:1;11;16;20;34;38;48;57;98;123;163;196;214;229;235;241;252;260;267;273;281;286;294;298;309;318;320;324;330;337;345;354;362;372;380;393
1000920,1000355,1500267,bus,1,102615.2,2,boarding_links,13.404745370123495,1,999999,2.0,0,2.0,999999,0.15,4,0,"LINESTRING (-122.346909 47.6811248, -122.346809 47.6812248)",w_bus_only;w_bus_metro;d_bus_only;d_bus_metro,Metro Transit,-1,102615.2.7670:1;11;16;20;34;38;48;57;98;123;163;196;214;229;235;241;252;260;267;273;281;286;294;298;309;318;320;324;330;337;345;354;362;372;380;393
1000921,1500267,1000355,bus,1,102615.2,2,boarding_links,13.404745370123495,1,999999,2.0,0,1.0,999999,0.15,4,0,"LINESTRING (-122.346909 47.6811248, -122.346809 47.6812248)",w_bus_only;w_bus_metro;d_bus_only;d_bus_metro,Metro Transit,-1,102615.2.7670:1;11;16;20;34;38;48;57;98;123;163;196;214;229;235;241;252;260;267;273;281;286;294;298;309;318;320;324;330;337;345;354;362;372;380;393
1000922,1000356,1500268,bus,1,102615.2,2,boarding_links,13.404545129528083,1,999999,2.0,0,2.0,999999,0.15,4,0,"LINESTRING (-122.34442200000001 47.683623399999995, -122.344322 47.6837234)",w_bus_only;w_bus_metro;d_bus_only;d_bus_metro,Metro Transit,-1,102615.2.7690:1;11;16;20;34;38;48;57;98;123;163;196;214;229;235;241;252;260;267;273;281;286;294;298;309;318;320;324;330;337;345;354;362;372;380;393
1000923,1500268,1000356,bus,1,102615.2,2,boarding_links,13.404545129528083,1,999999,2.0,0,1.0,999999,0.15,4,0,"LINESTRING (-122.34442200000001 47.683623399999995, -122.344322 47.6837234)",w_bus_only;w_bus_metro;d_bus_only;d_bus_metro,Metro Transit,-1,102615.2.7690:1;11;16;20;34;38;48;57;98;123;163;196;214;229;235;241;252;260;267;273;281;286;294;298;309;318;320;324;330;337;345;354;362;372;380;393
1000924,1000357,1500269,bus,1,102615.2,2,boarding_links,13.404272118622833,1,999999,2.0,0,2.0,999999,0.15,4,0,"LINESTRING (-122.344437 47.68703, -122.344337 47.68713)",w_bus_only;w_bus_metro;d_bus_only;d_bus_metro,Metro Transit,-1,102615.2.7710:1;11;16;20;34;38;48;57;98;123;163;196;214;229;235;241;252;260;267;273;281;286;294;298;309;318;320;324;330;337;345;354;362;372;380;393
1000925,1500269,1000357,bus,1,102615.2,2,boarding_links,13.404272118622833,1,999999,2.0,0,1.0,999999,0.15,4,0,"LINESTRING (-122.344437 47.68703, -122.344337 47.68713)",w_bus_only;w_bus_metro;d_bus_only;d_bus_metro,Metro Transit,-1,102615.2.7710:1;11;16;20;34;38;48;57;98;123;163;196;214;229;235;241;252;260;267;273;281;286;294;298;309;318;320;324;330;337;345;354;362;372;380;393
1000926,1000358,1500270,bus,1,102615.2,2,boarding_links,13.403955395263605,1,999999,2.0,0,2.0,999999,0.15,4,0,"LINESTRING (-122.34446 47.690982, -122.34436 47.691082)",w_bus_only;w_bus_metro;d_bus_only;d_bus_metro,Metro Transit,-1,102615.2.7730:1;11;16;20;34;38;48;57;98;123;163;196;214;229;235;241;252;260;267;273;281;286;294;298;309;318;320;324;330;337;345;354;362;372;380;393
1000927,1500270,1000358,bus,1,102615.2,2,boarding_links,13.403955395263605,1,999999,2.0,0,1.0,999999,0.15,4,0,"LINESTRING (-122.34446 47.690982, -122.34436 47.691082)",w_bus_only;w_bus_metro;d_bus_only;d_bus_metro,Metro Transit,-1,102615.2.7730:1;11;16;20;34;38;48;57;98;123;163;196;214;229;235;241;252;260;267;273;281;286;294;298;309;318;320;324;330;337;345;354;362;372;380;393
1000928,1000359,1500271,bus,1,102615.2,2,boarding_links,13.403657622546095,1,999999,2.0,0,2.0,999999,0.15,4,0,"LINESTRING (-122.344521 47.6946975, -122.344421 47.6947975)",w_bus_only;w_bus_metro;d_bus_only;d_bus_metro,Metro Transit,-1,102615.2.7750:1;11;16;20;34;38;48;57;98;123;163;196;214;229;235;241;252;260;267;273;281;286;294;298;309;318;320;324;330;337;345;354;362;372;380;393
1000929,1500271,1000359,bus,1,102615.2,2,boarding_links,13.403657622546095,1,999999,2.0,0,1.0,999999,0.15,4,0,"LINESTRING (-122.344521 47.6946975, -122.344421 47.6947975)",w_bus_only;w_bus_metro;d_bus_only;d_bus_metro,Metro Transit,-1,102615.2.7750:1;11;16;20;34;38;48;57;98;123;163;196;214;229;235;241;252;260;267;273;281;286;294;298;309;318;320;324;330;337;345;354;362;372;380;393
1000930,1000360,1500272,bus,1,102615.2,2,boarding_links,13.403388891237157,1,999999,2.0,0,2.0,999999,0.15,4,0,"LINESTRING (-122.34461300000001 47.698050599999995, -122.344513 47.6981506)",w_bus_only;w_bus_metro;d_bus_only;d_bus_metro,Metro Transit,-1,102615.2.7770:1;11;16;20;34;38;48;57;98;123;163;196;214;229;235;241;252;260;267;273;281;286;294;298;309;318;320;324;330;337;345;354;362;372;380;393
1000931,1500272,1000360,bus,1,102615.2,2,boarding_links,13.403388891237157,1,999999,2.0,0,1.0,999999,0.15,4,0,"LINESTRING (-122.34461300000001 47.698050599999995, -122.344513 47.6981506)",w_bus_only;w_bus_metro;d_bus_only;d_bus_metro,Metro Transit,-1,102615.2.7770:1;11;16;20;34;38;48;57;98;123;163;196;214;229;235;241;252;260;267;273;281;286;294;298;309;318;320;324;330;337;345;354;362;372;380;393
1000932,1000361,1500273,bus,1,102615.2,2,boarding_links,13.403106396574179,1,999999,2.0,0,2.0,999999,0.15,4,0,"LINESTRING (-122.34459 47.701575399999996, -122.34449 47.7016754)",w_bus_only;w_bus_metro;d_bus_only;d_bus_metro,Metro Transit,-1,102615.2.7790:1;11;16;20;34;38;48;57;98;123;163;196;214;229;235;241;252;260;267;273;281;286;294;298;309;318;320;324;330;337;345;354;362;372;380;393
1000933,1500273,1000361,bus,1,102615.2,2,boarding_links,13.403106396574179,1,999999,2.0,0,1.0,999999,0.15,4,0,"LINESTRING (-122.34459 47.701575399999996, -122.34449 47.7016754)",w_bus_only;w_bus_metro;d_bus_only;d_bus_metro,Metro Transit,-1,102615.2.7790:1;11;16;20;34;38;48;57;98;123;163;196;214;229;235;241;252;260;267;273;281;286;294;298;309;318;320;324;330;337;345;354;362;372;380;393
1000934,1000362,1500274,bus,1,102615.2,2,boarding_links,13.402804335596839,1,999999,2.0,0,2.0,999999,0.15,4,0,"LINESTRING (-122.344643 47.7053443, -122.344543 47.7054443)",w_bus_only;w_bus_metro;d_bus_only;d_bus_metro,Metro Transit,-1,102615.2.7810:1;11;16;20;34;38;48;57;98;123;163;196;214;229;235;241;252;260;267;273;281;286;294;298;309;318;320;324;330;337;345;354;362;372;380;393
1000935,1500274,1000362,bus,1,102615.2,2,boarding_links,13.402804335596839,1,999999,2.0,0,1.0,999999,0.15,4,0,"LINESTRING (-122.344643 47.7053443, -122.344543 47.7054443)",w_bus_only;w_bus_metro;d_bus_only;d_bus_metro,Metro Transit,-1,102615.2.7810:1;11;16;20;34;38;48;57;98;123;163;196;214;229;235;241;252;260;267;273;281;286;294;298;309;318;320;324;330;337;345;354;362;372;380;393
1000936,1000363,1500275,bus,1,102615.2,2,boarding_links,13.402220073118627,1,999999,2.0,0,2.0,999999,0.15,4,0,"LINESTRING (-122.344819 47.7126342, -122.344719 47.7127342)",w_bus_only;w_bus_metro;d_bus_only;d_bus_metro,Metro Transit,-1,102615.2.7850:1;11;16;20;34;38;48;57;98;123;163;196;214;229;235;241;252;260;267;273;281;286;294;298;309;318;320;324;330;337;345;354;362;372;380;393
1000937,1500275,1000363,bus,1,102615.2,2,boarding_links,13.402220073118627,1,999999,2.0,0,1.0,999999,0.15,4,0,"LINESTRING (-122.344819 47.7126342, -122.344719 47.7127342)",w_bus_only;w_bus_metro;d_bus_only;d_bus_metro,Metro Transit,-1,102615.2.7850:1;11;16;20;34;38;48;57;98;123;163;196;214;229;235;241;252;260;267;273;281;286;294;298;309;318;320;324;330;337;345;354;362;372;380;393
1000938,1000364,1500276,bus,1,102615.2,2,boarding_links,13.401680434333924,1,999999,2.0,0,2.0,999999,0.15,4,0,"LINESTRING (-122.344941 47.71936719999999, -122.344841 47.7194672)",w_bus_only;w_bus_metro;d_bus_only;d_bus_metro,Metro Transit,-1,102615.2.7880:1;11;16;20;34;38;48;57;98;123;163;196;214;229;235;241;252;260;267;273;281;286;294;298;309;318;320;324;330;337;345;354;362;372;380;393
1000939,1500276,1000364,bus,1,102615.2,2,boarding_links,13.401680434333924,1,999999,2.0,0,1.0,999999,0.15,4,0,"LINESTRING (-122.344941 47.71936719999999, -122.344841 47.7194672)",w_bus_only;w_bus_metro;d_bus_only;d_bus_metro,Metro Transit,-1,102615.2.7880:1;11;16;20;34;38;48;57;98;123;163;196;214;229;235;241;252;260;267;273;281;286;294;298;309;318;320;324;330;337;345;354;362;372;380;393
1000940,1000365,1500277,bus,1,102615.2,2,boarding_links,13.401338003550457,1,999999,2.0,0,2.0,999999,0.15,4,0,"LINESTRING (-122.34497900000001 47.7236396, -122.344879 47.7237396)",w_bus_only;w_bus_metro;d_bus_only;d_bus_metro,Metro Transit,-1,102615.2.7900:1;11;16;20;34;38;48;57;98;123;163;196;214;229;235;241;252;260;267;273;281;286;294;298;309;318;320;324;330;337;345;354;362;372;380;393
1000941,1500277,1000365,bus,1,102615.2,2,boarding_links,13.401338003550457,1,999999,2.0,0,1.0,999999,0.15,4,0,"LINESTRING (-122.34497900000001 47.7236396, -122.344879 47.7237396)",w_bus_only;w_bus_metro;d_bus_only;d_bus_metro,Metro Transit,-1,102615.2.7900:1;11;16;20;34;38;48;57;98;123;163;196;214;229;235;241;252;260;267;273;281;286;294;298;309;318;320;324;330;337;345;354;362;372;380;393
1000942,1000366,1500278,bus,1,102615.2,2,boarding_links,13.401052740452698,1,999999,2.0,0,2.0,999999,0.15,4,0,"LINESTRING (-122.345025 47.727198699999995, -122.344925 47.7272987)",w_bus_only;w_bus_metro;d_bus_only;d_bus_metro,Metro Transit,-1,102615.2.7912:1;11;16;20;34;38;48;57;98;123;163;196;214;229;235;241;252;260;267;273;281;286;294;298;309;318;320;324;330;337;345;354;362;372;380;393
1000943,1500278,1000366,bus,1,102615.2,2,boarding_links,13.401052740452698,1,999999,2.0,0,1.0,999999,0.15,4,0,"LINESTRING (-122.345025 47.727198699999995, -122.344925 47.7272987)",w_bus_only;w_bus_metro;d_bus_only;d_bus_metro,Metro Transit,-1,102615.2.7912:1;11;16;20;34;38;48;57;98;123;163;196;214;229;235;241;252;260;267;273;281;286;294;298;309;318;320;324;330;337;345;354;362;372;380;393
1000944,1000121,1500279,bus,1,102619.1,2,boarding_links,13.420754778616498,1,999999,2.0,0,2.727272727272727,999999,0.15,4,0,"LINESTRING (-122.21473 47.481303399999994, -122.21463 47.4814034)",w_bus_only;w_bus_metro;d_bus_only;d_bus_metro,Metro Transit,-1,102619.1.45320:1;61;88;99;118;136;152;174;181;185;208;220;247;291;313;322;329;353;363;374;387;411;442;467;480;522;526;530;536;540;558
1000945,1500279,1000121,bus,1,102619.1,2,boarding_links,13.420754778616498,1,999999,2.0,0,1.0,999999,0.15,4,0,"LINESTRING (-122.21473 47.481303399999994, -122.21463 47.4814034)",w_bus_only;w_bus_metro;d_bus_only;d_bus_metro,Metro Transit,-1,102619.1.45320:1;61;88;99;118;136;152;174;181;185;208;220;247;291;313;322;329;353;363;374;387;411;442;467;480;522;526;530;536;540;558
1000946,1000124,1500280,bus,1,102619.1,2,boarding_links,13.42082719304927,1,999999,2.0,0,2.727272727272727,999999,0.15,4,0,"LINESTRING (-122.208817 47.480399299999995, -122.208717 47.4804993)",w_bus_only;w_bus_metro;d_bus_only;d_bus_metro,Metro Transit,-1,102619.1.46478:1;61;88;99;118;136;152;174;181;185;208;220;247;291;313;322;329;353;363;374;387;411;442;467;480;522;526;530;536;540;558
1000947,1500280,1000124,bus,1,102619.1,2,boarding_links,13.42082719304927,1,999999,2.0,0,1.0,999999,0.15,4,0,"LINESTRING (-122.208817 47.480399299999995, -122.208717 47.4804993)",w_bus_only;w_bus_metro;d_bus_only;d_bus_metro,Metro Transit,-1,102619.1.46478:1;61;88;99;118;136;152;174;181;185;208;220;247;291;313;322;329;353;363;374;387;411;442;467;480;522;526;530;536;540;558
1000948,1000126,1500281,bus,1,102619.1,2,boarding_links,13.419418621407534,1,999999,2.0,0,2.727272727272727,999999,0.15,4,0,"LINESTRING (-122.201318 47.497985, -122.201218 47.498085)",w_bus_only;w_bus_metro;d_bus_only;d_bus_metro,Metro Transit,-1,102619.1.46505:1;61;88;99;118;136;152;174;181;185;208;220;247;291;313;322;329;353;363;374;387;411;442;467;480;522;526;530;536;540;558
1000949,1500281,1000126,bus,1,102619.1,2,boarding_links,13.419418621407534,1,999999,2.0,0,1.0,999999,0.15,4,0,"LINESTRING (-122.201318 47.497985, -122.201218 47.498085)",w_bus_only;w_bus_metro;d_bus_only;d_bus_metro,Metro Transit,-1,102619.1.46505:1;61;88;99;118;136;152;174;181;185;208;220;247;291;313;322;329;353;363;374;387;411;442;467;480;522;526;530;536;540;558
1000950,1000129,1500282,bus,1,102619.1,2,boarding_links,13.420314496971844,1,999999,2.0,0,2.727272727272727,999999,0.15,4,0,"LINESTRING (-122.20884000000001 47.4868003, -122.20874 47.4869003)",w_bus_only;w_bus_metro;d_bus_only;d_bus_metro,Metro Transit,-1,102619.1.46579:1;61;88;99;118;136;152;174;181;185;208;220;247;291;313;322;329;353;363;374;387;411;442;467;480;522;526;530;536;540;558
1000951,1500282,1000129,bus,1,102619.1,2,boarding_links,13.420314496971844,1,999999,2.0,0,1.0,999999,0.15,4,0,"LINESTRING (-122.20884000000001 47.4868003, -122.20874 47.4869003)",w_bus_only;w_bus_metro;d_bus_only;d_bus_metro,Metro Transit,-1,102619.1.46579:1;61;88;99;118;136;152;174;181;185;208;220;247;291;313;322;329;353;363;374;387;411;442;467;480;522;526;530;536;540;558
1000952,1000131,1500283,bus,1,102619.1,2,boarding_links,13.41987206160046,1,999999,2.0,0,2.727272727272727,999999,0.15,4,0,"LINESTRING (-122.207627 47.492323999999996, -122.207527 47.492424)",w_bus_only;w_bus_metro;d_bus_only;d_bus_metro,Metro Transit,-1,102619.1.46585:1;61;88;99;118;136;152;174;181;185;208;220;247;291;313;322;329;353;363;374;387;411;442;467;480;522;526;530;536;540;558
1000953,1500283,1000131,bus,1,102619.1,2,boarding_links,13.41987206160046,1,999999,2.0,0,1.0,999999,0.15,4,0,"LINESTRING (-122.207627 47.492323999999996, -122.207527 47.492424)",w_bus_only;w_bus_metro;d_bus_only;d_bus_metro,Metro Transit,-1,102619.1.46585:1;61;88;99;118;136;152;174;181;185;208;220;247;291;313;322;329;353;363;374;387;411;442;467;480;522;526;530;536;540;558
1000954,1000133,1500284,bus,1,102619.1,2,boarding_links,13.419439703619021,1,999999,2.0,0,2.727272727272727,999999,0.15,4,0,"LINESTRING (-122.20659 47.497721799999994, -122.20649 47.4978218)",w_bus_only;w_bus_metro;d_bus_only;d_bus_metro,Metro Transit,-1,102619.1.46595:1;61;88;99;118;136;152;174;181;185;208;220;247;291;313;322;329;353;363;374;387;411;442;467;480;522;526;530;536;540;558
1000955,1500284,1000133,bus,1,102619.1,2,boarding_links,13.419439703619021,1,999999,2.0,0,1.0,999999,0.15,4,0,"LINESTRING (-122.20659 47.497721799999994, -122.20649 47.4978218)",w_bus_only;w_bus_metro;d_bus_only;d_bus_metro,Metro Transit,-1,102619.1.46595:1;61;88;99;118;136;152;174;181;185;208;220;247;291;313;322;329;353;363;374;387;411;442;467;480;522;526;530;536;540;558
1000956,1000135,1500285,bus,1,102619.1,2,boarding_links,13.42220056382947,1,999999,2.0,0,2.727272727272727,999999,0.15,4,0,"LINESTRING (-122.335229 47.4632522, -122.335129 47.4633522)",w_bus_only;w_bus_metro;d_bus_only;d_bus_metro,Metro Transit,-1,102619.1.47646:1;61;88;99;118;136;152;174;181;185;208;220;247;291;313;322;329;353;363;374;387;411;442;467;480;522;526;530;536;540;558
1000957,1500285,1000135,bus,1,102619.1,2,boarding_links,13.42220056382947,1,999999,2.0,0,1.0,999999,0.15,4,0,"LINESTRING (-122.335229 47.4632522, -122.335129 47.4633522)",w_bus_only;w_bus_metro;d_bus_only;d_bus_metro,Metro Transit,-1,102619.1.47646:1;61;88;99;118;136;152;174;181;185;208;220;247;291;313;322;329;353;363;374;387;411;442;467;480;522;526;530;536;540;558
1000958,1000141,1500286,bus,1,102619.1,2,boarding_links,13.422200259481972,1,999999,2.0,0,2.727272727272727,999999,0.15,4,0,"LINESTRING (-122.32409700000001 47.463255999999994, -122.323997 47.463356)",w_bus_only;w_bus_metro;d_bus_only;d_bus_metro,Metro Transit,-1,102619.1.49290:1;61;88;99;118;136;152;174;181;185;208;220;247;291;313;322;329;353;363;374;387;411;442;467;480;522;526;530;536;540;558
1000959,1500286,1000141,bus,1,102619.1,2,boarding_links,13.422200259481972,1,999999,2.0,0,1.0,999999,0.15,4,0,"LINESTRING (-122.32409700000001 47.463255999999994, -122.323997 47.463356)",w_bus_only;w_bus_metro;d_bus_only;d_bus_metro,Metro Transit,-1,102619.1.49290:1;61;88;99;118;136;152;174;181;185;208;220;247;291;313;322;329;353;363;374;387;411;442;467;480;522;526;530;536;540;558
1000960,1000142,1500287,bus,1,102619.1,2,boarding_links,13.42220056382947,1,999999,2.0,0,2.727272727272727,999999,0.15,4,0,"LINESTRING (-122.330186 47.4632522, -122.330086 47.4633522)",w_bus_only;w_bus_metro;d_bus_only;d_bus_metro,Metro Transit,-1,102619.1.49301:1;61;88;99;118;136;152;174;181;185;208;220;247;291;313;322;329;353;363;374;387;411;442;467;480;522;526;530;536;540;558
1000961,1500287,1000142,bus,1,102619.1,2,boarding_links,13.42220056382947,1,999999,2.0,0,1.0,999999,0.15,4,0,"LINESTRING (-122.330186 47.4632522, -122.330086 47.4633522)",w_bus_only;w_bus_metro;d_bus_only;d_bus_metro,Metro Transit,-1,102619.1.49301:1;61;88;99;118;136;152;174;181;185;208;220;247;291;313;322;329;353;363;374;387;411;442;467;480;522;526;530;536;540;558
1000962,1000169,1500288,bus,1,102619.1,2,boarding_links,13.421692779306332,1,999999,2.0,0,2.727272727272727,999999,0.15,4,0,"LINESTRING (-122.337388 47.469592199999994, -122.337288 47.4696922)",w_bus_only;w_bus_metro;d_bus_only;d_bus_metro,Metro Transit,-1,102619.1.52304:1;61;88;99;118;136;152;174;181;185;208;220;247;291;313;322;329;353;363;374;387;411;442;467;480;522;526;530;536;540;558
1000963,1500288,1000169,bus,1,102619.1,2,boarding_links,13.421692779306332,1,999999,2.0,0,1.0,999999,0.15,4,0,"LINESTRING (-122.337388 47.469592199999994, -122.337288 47.4696922)",w_bus_only;w_bus_metro;d_bus_only;d_bus_metro,Metro Transit,-1,102619.1.52304:1;61;88;99;118;136;152;174;181;185;208;220;247;291;313;322;329;353;363;374;387;411;442;467;480;522;526;530;536;540;558
1000964,1000172,1500289,bus,1,102619.1,2,boarding_links,13.422180396795943,1,999999,2.0,0,2.727272727272727,999999,0.15,4,0,"LINESTRING (-122.33920400000001 47.46350399999999, -122.339104 47.463604)",w_bus_only;w_bus_metro;d_bus_only;d_bus_metro,Metro Transit,-1,102619.1.53720:1;61;88;99;118;136;152;174;181;185;208;220;247;291;313;322;329;353;363;374;387;411;442;467;480;522;526;530;536;540;558
1000965,1500289,1000172,bus,1,102619.1,2,boarding_links,13.422180396795943,1,999999,2.0,0,1.0,999999,0.15,4,0,"LINESTRING (-122.33920400000001 47.46350399999999, -122.339104 47.463604)",w_bus_only;w_bus_metro;d_bus_only;d_bus_metro,Metro Transit,-1,102619.1.53720:1;61;88;99;118;136;152;174;181;185;208;220;247;291;313;322;329;353;363;374;387;411;442;467;480;522;526;530;536;540;558
1000966,1000173,1500290,bus,1,102619.1,2,boarding_links,13.42193414633446,1,999999,2.0,0,2.727272727272727,999999,0.15,4,0,"LINESTRING (-122.33918800000001 47.4665786, -122.339088 47.4666786)",w_bus_only;w_bus_metro;d_bus_only;d_bus_metro,Metro Transit,-1,102619.1.53740:1;61;88;99;118;136;152;174;181;185;208;220;247;291;313;322;329;353;363;374;387;411;442;467;480;522;526;530;536;540;558
1000967,1500290,1000173,bus,1,102619.1,2,boarding_links,13.42193414633446,1,999999,2.0,0,1.0,999999,0.15,4,0,"LINESTRING (-122.33918800000001 47.4665786, -122.339088 47.4666786)",w_bus_only;w_bus_metro;d_bus_only;d_bus_metro,Metro Transit,-1,102619.1.53740:1;61;88;99;118;136;152;174;181;185;208;220;247;291;313;322;329;353;363;374;387;411;442;467;480;522;526;530;536;540;558
1000968,1000178,1500291,bus,1,102619.1,2,boarding_links,13.422052690589652,1,999999,2.0,0,2.727272727272727,999999,0.15,4,0,"LINESTRING (-122.268693 47.465098499999996, -122.268593 47.4651985)",w_bus_only;w_bus_metro;d_bus_only;d_bus_metro,Metro Transit,-1,102619.1.54202:1;61;88;99;118;136;152;174;181;185;208;220;247;291;313;322;329;353;363;374;387;411;442;467;480;522;526;530;536;540;558
1000969,1500291,1000178,bus,1,102619.1,2,boarding_links,13.422052690589652,1,999999,2.0,0,1.0,999999,0.15,4,0,"LINESTRING (-122.268693 47.465098499999996, -122.268593 47.4651985)",w_bus_only;w_bus_metro;d_bus_only;d_bus_metro,Metro Transit,-1,102619.1.54202:1;61;88;99;118;136;152;174;181;185;208;220;247;291;313;322;329;353;363;374;387;411;442;467;480;522;526;530;536;540;558
1000970,1000180,1500292,bus,1,102619.1,2,boarding_links,13.421961641984188,1,999999,2.0,0,2.727272727272727,999999,0.15,4,0,"LINESTRING (-122.276841 47.466235299999994, -122.276741 47.4663353)",w_bus_only;w_bus_metro;d_bus_only;d_bus_metro,Metro Transit,-1,102619.1.54204:1;61;88;99;118;136;152;174;181;185;208;220;247;291;313;322;329;353;363;374;387;411;442;467;480;522;526;530;536;540;558
1000971,1500292,1000180,bus,1,102619.1,2,boarding_links,13.421961641984188,1,999999,2.0,0,1.0,999999,0.15,4,0,"LINESTRING (-122.276841 47.466235299999994, -122.276741 47.4663353)",w_bus_only;w_bus_metro;d_bus_only;d_bus_metro,Metro Transit,-1,102619.1.54204:1;61;88;99;118;136;152;174;181;185;208;220;247;291;313;322;329;353;363;374;387;411;442;467;480;522;526;530;536;540;558
1000972,1000182,1500293,bus,1,102619.1,2,boarding_links,13.421995248630335,1,999999,2.0,0,2.727272727272727,999999,0.15,4,0,"LINESTRING (-122.2818 47.46581569999999, -122.2817 47.4659157)",w_bus_only;w_bus_metro;d_bus_only;d_bus_metro,Metro Transit,-1,102619.1.54206:1;61;88;99;118;136;152;174;181;185;208;220;247;291;313;322;329;353;363;374;387;411;442;467;480;522;526;530;536;540;558
1000973,1500293,1000182,bus,1,102619.1,2,boarding_links,13.421995248630335,1,999999,2.0,0,1.0,999999,0.15,4,0,"LINESTRING (-122.2818 47.46581569999999, -122.2817 47.4659157)",w_bus_only;w_bus_metro;d_bus_only;d_bus_metro,Metro Transit,-1,102619.1.54206:1;61;88;99;118;136;152;174;181;185;208;220;247;291;313;322;329;353;363;374;387;411;442;467;480;522;526;530;536;540;558
1000974,1000185,1500294,bus,1,102619.1,2,boarding_links,13.421361272580041,1,999999,2.0,0,2.727272727272727,999999,0.15,4,0,"LINESTRING (-122.217286 47.473731199999996, -122.217186 47.4738312)",w_bus_only;w_bus_metro;d_bus_only;d_bus_metro,Metro Transit,-1,102619.1.55926:1;61;88;99;118;136;152;174;181;185;208;220;247;291;313;322;329;353;363;374;387;411;442;467;480;522;526;530;536;540;558
1000975,1500294,1000185,bus,1,102619.1,2,boarding_links,13.421361272580041,1,999999,2.0,0,1.0,999999,0.15,4,0,"LINESTRING (-122.217286 47.473731199999996, -122.217186 47.4738312)",w_bus_only;w_bus_metro;d_bus_only;d_bus_metro,Metro Transit,-1,102619.1.55926:1;61;88;99;118;136;152;174;181;185;208;220;247;291;313;322;329;353;363;374;387;411;442;467;480;522;526;530;536;540;558
1000976,1000186,1500295,bus,1,102619.1,2,boarding_links,13.42141260472701,1,999999,2.0,0,2.727272727272727,999999,0.15,4,0,"LINESTRING (-122.223527 47.473090299999996, -122.223427 47.4731903)",w_bus_only;w_bus_metro;d_bus_only;d_bus_metro,Metro Transit,-1,102619.1.55927:1;61;88;99;118;136;152;174;181;185;208;220;247;291;313;322;329;353;363;374;387;411;442;467;480;522;526;530;536;540;558
1000977,1500295,1000186,bus,1,102619.1,2,boarding_links,13.42141260472701,1,999999,2.0,0,1.0,999999,0.15,4,0,"LINESTRING (-122.223527 47.473090299999996, -122.223427 47.4731903)",w_bus_only;w_bus_metro;d_bus_only;d_bus_metro,Metro Transit,-1,102619.1.55927:1;61;88;99;118;136;152;174;181;185;208;220;247;291;313;322;329;353;363;374;387;411;442;467;480;522;526;530;536;540;558
1000978,1000194,1500296,bus,1,102619.1,2,boarding_links,13.42279968926209,1,999999,2.0,0,2.727272727272727,999999,0.15,4,0,"LINESTRING (-122.249719 47.4557716, -122.249619 47.4558716)",w_bus_only;w_bus_metro;d_bus_only;d_bus_metro,Metro Transit,-1,102619.1.58111:1;61;88;99;118;136;152;174;181;185;208;220;247;291;313;322;329;353;363;374;387;411;442;467;480;522;526;530;536;540;558
1000979,1500296,1000194,bus,1,102619.1,2,boarding_links,13.42279968926209,1,999999,2.0,0,1.0,999999,0.15,4,0,"LINESTRING (-122.249719 47.4557716, -122.249619 47.4558716)",w_bus_only;w_bus_metro;d_bus_only;d_bus_metro,Metro Transit,-1,102619.1.58111:1;61;88;99;118;136;152;174;181;185;208;220;247;291;313;322;329;353;363;374;387;411;442;467;480;522;526;530;536;540;558
1000980,1000195,1500297,bus,1,102619.1,2,boarding_links,13.422264420663765,1,999999,2.0,0,2.727272727272727,999999,0.15,4,0,"LINESTRING (-122.252381 47.4624549, -122.252281 47.4625549)",w_bus_only;w_bus_metro;d_bus_only;d_bus_metro,Metro Transit,-1,102619.1.58112:1;61;88;99;118;136;152;174;181;185;208;220;247;291;313;322;329;353;363;374;387;411;442;467;480;522;526;530;536;540;558
1000981,1500297,1000195,bus,1,102619.1,2,boarding_links,13.422264420663765,1,999999,2.0,0,1.0,999999,0.15,4,0,"LINESTRING (-122.252381 47.4624549, -122.252281 47.4625549)",w_bus_only;w_bus_metro;d_bus_only;d_bus_metro,Metro Transit,-1,102619.1.58112:1;61;88;99;118;136;152;174;181;185;208;220;247;291;313;322;329;353;363;374;387;411;442;467;480;522;526;530;536;540;558
1000982,1000196,1500298,bus,1,102619.1,2,boarding_links,13.422733695292793,1,999999,2.0,0,2.727272727272727,999999,0.15,4,0,"LINESTRING (-122.245057 47.4565956, -122.244957 47.4566956)",w_bus_only;w_bus_metro;d_bus_only;d_bus_metro,Metro Transit,-1,102619.1.58113:1;61;88;99;118;136;152;174;181;185;208;220;247;291;313;322;329;353;363;374;387;411;442;467;480;522;526;530;536;540;558
1000983,1500298,1000196,bus,1,102619.1,2,boarding_links,13.422733695292793,1,999999,2.0,0,1.0,999999,0.15,4,0,"LINESTRING (-122.245057 47.4565956, -122.244957 47.4566956)",w_bus_only;w_bus_metro;d_bus_only;d_bus_metro,Metro Transit,-1,102619.1.58113:1;61;88;99;118;136;152;174;181;185;208;220;247;291;313;322;329;353;363;374;387;411;442;467;480;522;526;530;536;540;558
1000984,1000197,1500299,bus,1,102619.1,2,boarding_links,13.422254337172667,1,999999,2.0,0,2.727272727272727,999999,0.15,4,0,"LINESTRING (-122.256257 47.4625808, -122.256157 47.4626808)",w_bus_only;w_bus_metro;d_bus_only;d_bus_metro,Metro Transit,-1,102619.1.58114:1;61;88;99;118;136;152;174;181;185;208;220;247;291;313;322;329;353;363;374;387;411;442;467;480;522;526;530;536;540;558
1000985,1500299,1000197,bus,1,102619.1,2,boarding_links,13.422254337172667,1,999999,2.0,0,1.0,999999,0.15,4,0,"LINESTRING (-122.256257 47.4625808, -122.256157 47.4626808)",w_bus_only;w_bus_metro;d_bus_only;d_bus_metro,Metro Transit,-1,102619.1.58114:1;61;88;99;118;136;152;174;181;185;208;220;247;291;313;322;329;353;363;374;387;411;442;467;480;522;526;530;536;540;558
1000986,1000200,1500300,bus,1,102619.1,2,boarding_links,13.422572081467779,1,999999,2.0,0,2.727272727272727,999999,0.15,4,0,"LINESTRING (-122.254372 47.4586135, -122.254272 47.4587135)",w_bus_only;w_bus_metro;d_bus_only;d_bus_metro,Metro Transit,-1,102619.1.59314:1;61;88;99;118;136;152;174;181;185;208;220;247;291;313;322;329;353;363;374;387;411;442;467;480;522;526;530;536;540;558
1000987,1500300,1000200,bus,1,102619.1,2,boarding_links,13.422572081467779,1,999999,2.0,0,1.0,999999,0.15,4,0,"LINESTRING (-122.254372 47.4586135, -122.254272 47.4587135)",w_bus_only;w_bus_metro;d_bus_only;d_bus_metro,Metro Transit,-1,102619.1.59314:1;61;88;99;118;136;152;174;181;185;208;220;247;291;313;322;329;353;363;374;387;411;442;467;480;522;526;530;536;540;558
1000988,1000205,1500301,bus,1,102619.1,2,boarding_links,13.422379599654922,1,999999,2.0,0,2.727272727272727,999999,0.15,4,0,"LINESTRING (-122.233155 47.461016799999996, -122.233055 47.4611168)",w_bus_only;w_bus_metro;d_bus_only;d_bus_metro,Metro Transit,-1,102619.1.59873:1;61;88;99;118;136;152;174;181;185;208;220;247;291;313;322;329;353;363;374;387;411;442;467;480;522;526;530;536;540;558
1000989,1500301,1000205,bus,1,102619.1,2,boarding_links,13.422379599654922,1,999999,2.0,0,1.0,999999,0.15,4,0,"LINESTRING (-122.233155 47.461016799999996, -122.233055 47.4611168)",w_bus_only;w_bus_metro;d_bus_only;d_bus_metro,Metro Transit,-1,102619.1.59873:1;61;88;99;118;136;152;174;181;185;208;220;247;291;313;322;329;353;363;374;387;411;442;467;480;522;526;530;536;540;558
1000990,1000207,1500302,bus,1,102619.1,2,boarding_links,13.422706817120238,1,999999,2.0,0,2.727272727272727,999999,0.15,4,0,"LINESTRING (-122.237199 47.4569312, -122.237099 47.4570312)",w_bus_only;w_bus_metro;d_bus_only;d_bus_metro,Metro Transit,-1,102619.1.59877:1;61;88;99;118;136;152;174;181;185;208;220;247;291;313;322;329;353;363;374;387;411;442;467;480;522;526;530;536;540;558
1000991,1500302,1000207,bus,1,102619.1,2,boarding_links,13.422706817120238,1,999999,2.0,0,1.0,999999,0.15,4,0,"LINESTRING (-122.237199 47.4569312, -122.237099 47.4570312)",w_bus_only;w_bus_metro;d_bus_only;d_bus_metro,Metro Transit,-1,102619.1.59877:1;61;88;99;118;136;152;174;181;185;208;220;247;291;313;322;329;353;363;374;387;411;442;467;480;522;526;530;536;540;558
1000992,1000209,1500303,bus,1,102619.1,2,boarding_links,13.422027333487653,1,999999,2.0,0,2.727272727272727,999999,0.15,4,0,"LINESTRING (-122.232423 47.465415099999994, -122.232323 47.4655151)",w_bus_only;w_bus_metro;d_bus_only;d_bus_metro,Metro Transit,-1,102619.1.59879:1;61;88;99;118;136;152;174;181;185;208;220;247;291;313;322;329;353;363;374;387;411;442;467;480;522;526;530;536;540;558
1000993,1500303,1000209,bus,1,102619.1,2,boarding_links,13.422027333487653,1,999999,2.0,0,1.0,999999,0.15,4,0,"LINESTRING (-122.232423 47.465415099999994, -122.232323 47.4655151)",w_bus_only;w_bus_metro;d_bus_only;d_bus_metro,Metro Transit,-1,102619.1.59879:1;61;88;99;118;136;152;174;181;185;208;220;247;291;313;322;329;353;363;374;387;411;442;467;480;522;526;530;536;540;558
1000994,1000210,1500304,bus,1,102619.1,2,boarding_links,13.422402513656223,1,999999,2.0,0,2.727272727272727,999999,0.15,4,0,"LINESTRING (-122.240907 47.4607307, -122.240807 47.4608307)",w_bus_only;w_bus_metro;d_bus_only;d_bus_metro,Metro Transit,-1,102619.1.59881:1;61;88;99;118;136;152;174;181;185;208;220;247;291;313;322;329;353;363;374;387;411;442;467;480;522;526;530;536;540;558
1000995,1500304,1000210,bus,1,102619.1,2,boarding_links,13.422402513656223,1,999999,2.0,0,1.0,999999,0.15,4,0,"LINESTRING (-122.240907 47.4607307, -122.240807 47.4608307)",w_bus_only;w_bus_metro;d_bus_only;d_bus_metro,Metro Transit,-1,102619.1.59881:1;61;88;99;118;136;152;174;181;185;208;220;247;291;313;322;329;353;363;374;387;411;442;467;480;522;526;530;536;540;558
1000996,1000212,1500305,bus,1,102619.1,2,boarding_links,13.421043514102331,1,999999,2.0,0,2.727272727272727,999999,0.15,4,0,"LINESTRING (-122.21628700000001 47.477698499999995, -122.216187 47.4777985)",w_bus_only;w_bus_metro;d_bus_only;d_bus_metro,Metro Transit,-1,102619.1.59891:1;61;88;99;118;136;152;174;181;185;208;220;247;291;313;322;329;353;363;374;387;411;442;467;480;522;526;530;536;540;558
1000997,1500305,1000212,bus,1,102619.1,2,boarding_links,13.421043514102331,1,999999,2.0,0,1.0,999999,0.15,4,0,"LINESTRING (-122.21628700000001 47.477698499999995, -122.216187 47.4777985)",w_bus_only;w_bus_metro;d_bus_only;d_bus_metro,Metro Transit,-1,102619.1.59891:1;61;88;99;118;136;152;174;181;185;208;220;247;291;313;322;329;353;363;374;387;411;442;467;480;522;526;530;536;540;558
1000998,1000240,1500306,bus,1,102619.1,2,boarding_links,13.422155039813495,1,999999,2.0,0,2.727272727272727,999999,0.15,4,0,"LINESTRING (-122.287728 47.4638206, -122.287628 47.4639206)",w_bus_only;w_bus_metro;d_bus_only;d_bus_metro,Metro Transit,-1,102619.1.60923:1;61;88;99;118;136;152;174;181;185;208;220;247;291;313;322;329;353;363;374;387;411;442;467;480;522;526;530;536;540;558
1000999,1500306,1000240,bus,1,102619.1,2,boarding_links,13.422155039813495,1,999999,2.0,0,1.0,999999,0.15,4,0,"LINESTRING (-122.287728 47.4638206, -122.287628 47.4639206)",w_bus_only;w_bus_metro;d_bus_only;d_bus_metro,Metro Transit,-1,102619.1.60923:1;61;88;99;118;136;152;174;181;185;208;220;247;291;313;322;329;353;363;374;387;411;442;467;480;522;526;530;536;540;558
1001000,1000367,1500307,bus,1,102619.1,2,boarding_links,13.42204932673036,1,999999,2.0,0,2.727272727272727,999999,0.15,4,0,"LINESTRING (-122.291268 47.4651405, -122.291168 47.4652405)",w_bus_only;w_bus_metro;d_bus_only;d_bus_metro,Metro Transit,-1,102619.1.79972:1;61;88;99;118;136;152;174;181;185;208;220;247;291;313;322;329;353;363;374;387;411;442;467;480;522;526;530;536;540;558
1001001,1500307,1000367,bus,1,102619.1,2,boarding_links,13.42204932673036,1,999999,2.0,0,1.0,999999,0.15,4,0,"LINESTRING (-122.291268 47.4651405, -122.291168 47.4652405)",w_bus_only;w_bus_metro;d_bus_only;d_bus_metro,Metro Transit,-1,102619.1.79972:1;61;88;99;118;136;152;174;181;185;208;220;247;291;313;322;329;353;363;374;387;411;442;467;480;522;526;530;536;540;558
1001002,1000369,1500308,bus,1,102619.1,2,boarding_links,13.422054220344574,1,999999,2.0,0,2.727272727272727,999999,0.15,4,0,"LINESTRING (-122.303307 47.46507939999999, -122.303207 47.4651794)",w_bus_only;w_bus_metro;d_bus_only;d_bus_metro,Metro Transit,-1,102619.1.80150:1;61;88;99;118;136;152;174;181;185;208;220;247;291;313;322;329;353;363;374;387;411;442;467;480;522;526;530;536;540;558
1001003,1500308,1000369,bus,1,102619.1,2,boarding_links,13.422054220344574,1,999999,2.0,0,1.0,999999,0.15,4,0,"LINESTRING (-122.303307 47.46507939999999, -122.303207 47.4651794)",w_bus_only;w_bus_metro;d_bus_only;d_bus_metro,Metro Transit,-1,102619.1.80150:1;61;88;99;118;136;152;174;181;185;208;220;247;291;313;322;329;353;363;374;387;411;442;467;480;522;526;530;536;540;558
1001004,1000373,1500309,bus,1,102619.1,2,boarding_links,13.421686668213873,1,999999,2.0,0,2.727272727272727,999999,0.15,4,0,"LINESTRING (-122.224419 47.4696685, -122.224319 47.4697685)",w_bus_only;w_bus_metro;d_bus_only;d_bus_metro,Metro Transit,-1,102619.1.80651:1;61;88;99;118;136;152;174;181;185;208;220;247;291;313;322;329;353;363;374;387;411;442;467;480;522;526;530;536;540;558
1001005,1500309,1000373,bus,1,102619.1,2,boarding_links,13.421686668213873,1,999999,2.0,0,1.0,999999,0.15,4,0,"LINESTRING (-122.224419 47.4696685, -122.224319 47.4697685)",w_bus_only;w_bus_metro;d_bus_only;d_bus_metro,Metro Transit,-1,102619.1.80651:1;61;88;99;118;136;152;174;181;185;208;220;247;291;313;322;329;353;363;374;387;411;442;467;480;522;526;530;536;540;558
1001006,1000122,1500310,bus,1,102619.2,2,boarding_links,13.420893191656871,1,999999,2.0,0,2.727272727272727,999999,0.15,4,0,"LINESTRING (-122.21573000000001 47.47957529999999, -122.21563 47.4796753)",w_bus_only;w_bus_metro;d_bus_only;d_bus_metro,Metro Transit,-1,102619.2.46440:1;21;26;34;37;42;82;95;119;150;174;188;198;210;234;240;252;282;332;361;370;394;397;407;423;431;447;467;476;508;536;541
1001007,1500310,1000122,bus,1,102619.2,2,boarding_links,13.420893191656871,1,999999,2.0,0,1.0,999999,0.15,4,0,"LINESTRING (-122.21573000000001 47.47957529999999, -122.21563 47.4796753)",w_bus_only;w_bus_metro;d_bus_only;d_bus_metro,Metro Transit,-1,102619.2.46440:1;21;26;34;37;42;82;95;119;150;174;188;198;210;234;240;252;282;332;361;370;394;397;407;423;431;447;467;476;508;536;541
1001008,1000123,1500311,bus,1,102619.2,2,boarding_links,13.420804894454474,1,999999,2.0,0,2.727272727272727,999999,0.15,4,0,"LINESTRING (-122.20864900000001 47.480677699999994, -122.208549 47.4807777)",w_bus_only;w_bus_metro;d_bus_only;d_bus_metro,Metro Transit,-1,102619.2.46477:1;21;26;34;37;42;82;95;119;150;174;188;198;210;234;240;252;282;332;361;370;394;397;407;423;431;447;467;476;508;536;541
1001009,1500311,1000123,bus,1,102619.2,2,boarding_links,13.420804894454474,1,999999,2.0,0,1.0,999999,0.15,4,0,"LINESTRING (-122.20864900000001 47.480677699999994, -122.208549 47.4807777)",w_bus_only;w_bus_metro;d_bus_only;d_bus_metro,Metro Transit,-1,102619.2.46477:1;21;26;34;37;42;82;95;119;150;174;188;198;210;234;240;252;282;332;361;370;394;397;407;423;431;447;467;476;508;536;541
1001010,1000125,1500312,bus,1,102619.2,2,boarding_links,13.419412814184579,1,999999,2.0,0,2.727272727272727,999999,0.15,4,0,"LINESTRING (-122.20100500000001 47.498057499999994, -122.200905 47.4981575)",w_bus_only;w_bus_metro;d_bus_only;d_bus_metro,Metro Transit,-1,102619.2.46504:1;21;26;34;37;42;82;95;119;150;174;188;198;210;234;240;252;282;332;361;370;394;397;407;423;431;447;467;476;508;536;541
1001011,1500312,1000125,bus,1,102619.2,2,boarding_links,13.419412814184579,1,999999,2.0,0,1.0,999999,0.15,4,0,"LINESTRING (-122.20100500000001 47.498057499999994, -122.200905 47.4981575)",w_bus_only;w_bus_metro;d_bus_only;d_bus_metro,Metro Transit,-1,102619.2.46504:1;21;26;34;37;42;82;95;119;150;174;188;198;210;234;240;252;282;332;361;370;394;397;407;423;431;447;467;476;508;536;541
1001012,1000127,1500313,bus,1,102619.2,2,boarding_links,13.419225508558442,1,999999,2.0,0,2.727272727272727,999999,0.15,4,0,"LINESTRING (-122.201318 47.500395899999994, -122.201218 47.5004959)",w_bus_only;w_bus_metro;d_bus_only;d_bus_metro,Metro Transit,-1,102619.2.46541:1;21;26;34;37;42;82;95;119;150;174;188;198;210;234;240;252;282;332;361;370;394;397;407;423;431;447;467;476;508;536;541
1001013,1500313,1000127,bus,1,102619.2,2,boarding_links,13.419225508558442,1,999999,2.0,0,1.0,999999,0.15,4,0,"LINESTRING (-122.201318 47.500395899999994, -122.201218 47.5004959)",w_bus_only;w_bus_metro;d_bus_only;d_bus_metro,Metro Transit,-1,102619.2.46541:1;21;26;34;37;42;82;95;119;150;174;188;198;210;234;240;252;282;332;361;370;394;397;407;423;431;447;467;476;508;536;541
1001014,1000128,1500314,bus,1,102619.2,2,boarding_links,13.420261328532236,1,999999,2.0,0,2.727272727272727,999999,0.15,4,0,"LINESTRING (-122.20836700000001 47.4874641, -122.208267 47.4875641)",w_bus_only;w_bus_metro;d_bus_only;d_bus_metro,Metro Transit,-1,102619.2.46578:1;21;26;34;37;42;82;95;119;150;174;188;198;210;234;240;252;282;332;361;370;394;397;407;423;431;447;467;476;508;536;541
1001015,1500314,1000128,bus,1,102619.2,2,boarding_links,13.420261328532236,1,999999,2.0,0,1.0,999999,0.15,4,0,"LINESTRING (-122.20836700000001 47.4874641, -122.208267 47.4875641)",w_bus_only;w_bus_metro;d_bus_only;d_bus_metro,Metro Transit,-1,102619.2.46578:1;21;26;34;37;42;82;95;119;150;174;188;198;210;234;240;252;282;332;361;370;394;397;407;423;431;447;467;476;508;536;541
1001016,1000130,1500315,bus,1,102619.2,2,boarding_links,13.419865950099938,1,999999,2.0,0,2.727272727272727,999999,0.15,4,0,"LINESTRING (-122.207421 47.4924003, -122.207321 47.4925003)",w_bus_only;w_bus_metro;d_bus_only;d_bus_metro,Metro Transit,-1,102619.2.46580:1;21;26;34;37;42;82;95;119;150;174;188;198;210;234;240;252;282;332;361;370;394;397;407;423;431;447;467;476;508;536;541
1001017,1500315,1000130,bus,1,102619.2,2,boarding_links,13.419865950099938,1,999999,2.0,0,1.0,999999,0.15,4,0,"LINESTRING (-122.207421 47.4924003, -122.207321 47.4925003)",w_bus_only;w_bus_metro;d_bus_only;d_bus_metro,Metro Transit,-1,102619.2.46580:1;21;26;34;37;42;82;95;119;150;174;188;198;210;234;240;252;282;332;361;370;394;397;407;423;431;447;467;476;508;536;541
1001018,1000132,1500316,bus,1,102619.2,2,boarding_links,13.419398756694967,1,999999,2.0,0,2.727272727272727,999999,0.15,4,0,"LINESTRING (-122.20577300000001 47.498233, -122.205673 47.498333)",w_bus_only;w_bus_metro;d_bus_only;d_bus_metro,Metro Transit,-1,102619.2.46590:1;21;26;34;37;42;82;95;119;150;174;188;198;210;234;240;252;282;332;361;370;394;397;407;423;431;447;467;476;508;536;541
1001019,1500316,1000132,bus,1,102619.2,2,boarding_links,13.419398756694967,1,999999,2.0,0,1.0,999999,0.15,4,0,"LINESTRING (-122.20577300000001 47.498233, -122.205673 47.498333)",w_bus_only;w_bus_metro;d_bus_only;d_bus_metro,Metro Transit,-1,102619.2.46590:1;21;26;34;37;42;82;95;119;150;174;188;198;210;234;240;252;282;332;361;370;394;397;407;423;431;447;467;476;508;536;541
1001020,1000143,1500317,bus,1,102619.2,2,boarding_links,13.422211560382722,1,999999,2.0,0,2.727272727272727,999999,0.15,4,0,"LINESTRING (-122.332345 47.463114899999994, -122.332245 47.4632149)",w_bus_only;w_bus_metro;d_bus_only;d_bus_metro,Metro Transit,-1,102619.2.50130:1;21;26;34;37;42;82;95;119;150;174;188;198;210;234;240;252;282;332;361;370;394;397;407;423;431;447;467;476;508;536;541
1001021,1500317,1000143,bus,1,102619.2,2,boarding_links,13.422211560382722,1,999999,2.0,0,1.0,999999,0.15,4,0,"LINESTRING (-122.332345 47.463114899999994, -122.332245 47.4632149)",w_bus_only;w_bus_metro;d_bus_only;d_bus_metro,Metro Transit,-1,102619.2.50130:1;21;26;34;37;42;82;95;119;150;174;188;198;210;234;240;252;282;332;361;370;394;397;407;423;431;447;467;476;508;536;541
1001022,1000144,1500318,bus,1,102619.2,2,boarding_links,13.422211560382722,1,999999,2.0,0,2.727272727272727,999999,0.15,4,0,"LINESTRING (-122.328233 47.463114899999994, -122.328133 47.4632149)",w_bus_only;w_bus_metro;d_bus_only;d_bus_metro,Metro Transit,-1,102619.2.50140:1;21;26;34;37;42;82;95;119;150;174;188;198;210;234;240;252;282;332;361;370;394;397;407;423;431;447;467;476;508;536;541
1001023,1500318,1000144,bus,1,102619.2,2,boarding_links,13.422211560382722,1,999999,2.0,0,1.0,999999,0.15,4,0,"LINESTRING (-122.328233 47.463114899999994, -122.328133 47.4632149)",w_bus_only;w_bus_metro;d_bus_only;d_bus_metro,Metro Transit,-1,102619.2.50140:1;21;26;34;37;42;82;95;119;150;174;188;198;210;234;240;252;282;332;361;370;394;397;407;423;431;447;467;476;508;536;541
1001024,1000145,1500319,bus,1,102619.2,2,boarding_links,13.42220911759451,1,999999,2.0,0,2.727272727272727,999999,0.15,4,0,"LINESTRING (-122.322869 47.463145399999995, -122.322769 47.4632454)",w_bus_only;w_bus_metro;d_bus_only;d_bus_metro,Metro Transit,-1,102619.2.50145:1;21;26;34;37;42;82;95;119;150;174;188;198;210;234;240;252;282;332;361;370;394;397;407;423;431;447;467;476;508;536;541
1001025,1500319,1000145,bus,1,102619.2,2,boarding_links,13.42220911759451,1,999999,2.0,0,1.0,999999,0.15,4,0,"LINESTRING (-122.322869 47.463145399999995, -122.322769 47.4632454)",w_bus_only;w_bus_metro;d_bus_only;d_bus_metro,Metro Transit,-1,102619.2.50145:1;21;26;34;37;42;82;95;119;150;174;188;198;210;234;240;252;282;332;361;370;394;397;407;423;431;447;467;476;508;536;541
1001026,1000167,1500320,bus,1,102619.2,2,boarding_links,13.421898088787076,1,999999,2.0,0,2.727272727272727,999999,0.15,4,0,"LINESTRING (-122.339326 47.467028799999994, -122.339226 47.4671288)",w_bus_only;w_bus_metro;d_bus_only;d_bus_metro,Metro Transit,-1,102619.2.52300:1;21;26;34;37;42;82;95;119;150;174;188;198;210;234;240;252;282;332;361;370;394;397;407;423;431;447;467;476;508;536;541
1001027,1500320,1000167,bus,1,102619.2,2,boarding_links,13.421898088787076,1,999999,2.0,0,1.0,999999,0.15,4,0,"LINESTRING (-122.339326 47.467028799999994, -122.339226 47.4671288)",w_bus_only;w_bus_metro;d_bus_only;d_bus_metro,Metro Transit,-1,102619.2.52300:1;21;26;34;37;42;82;95;119;150;174;188;198;210;234;240;252;282;332;361;370;394;397;407;423;431;447;467;476;508;536;541
1001028,1000170,1500321,bus,1,102619.2,2,boarding_links,13.421715389535539,1,999999,2.0,0,2.727272727272727,999999,0.15,4,0,"LINESTRING (-122.337418 47.4693099, -122.337318 47.4694099)",w_bus_only;w_bus_metro;d_bus_only;d_bus_metro,Metro Transit,-1,102619.2.52306:1;21;26;34;37;42;82;95;119;150;174;188;198;210;234;240;252;282;332;361;370;394;397;407;423;431;447;467;476;508;536;541
1001029,1500321,1000170,bus,1,102619.2,2,boarding_links,13.421715389535539,1,999999,2.0,0,1.0,999999,0.15,4,0,"LINESTRING (-122.337418 47.4693099, -122.337318 47.4694099)",w_bus_only;w_bus_metro;d_bus_only;d_bus_metro,Metro Transit,-1,102619.2.52306:1;21;26;34;37;42;82;95;119;150;174;188;198;210;234;240;252;282;332;361;370;394;397;407;423;431;447;467;476;508;536;541
1001030,1000176,1500322,bus,1,102619.2,2,boarding_links,13.422172451717454,1,999999,2.0,0,2.727272727272727,999999,0.15,4,0,"LINESTRING (-122.33941 47.463603199999994, -122.33931 47.4637032)",w_bus_only;w_bus_metro;d_bus_only;d_bus_metro,Metro Transit,-1,102619.2.53975:1;21;26;34;37;42;82;95;119;150;174;188;198;210;234;240;252;282;332;361;370;394;397;407;423;431;447;467;476;508;536;541
1001031,1500322,1000176,bus,1,102619.2,2,boarding_links,13.422172451717454,1,999999,2.0,0,1.0,999999,0.15,4,0,"LINESTRING (-122.33941 47.463603199999994, -122.33931 47.4637032)",w_bus_only;w_bus_metro;d_bus_only;d_bus_metro,Metro Transit,-1,102619.2.53975:1;21;26;34;37;42;82;95;119;150;174;188;198;210;234;240;252;282;332;361;370;394;397;407;423;431;447;467;476;508;536;541
1001032,1000177,1500323,bus,1,102619.2,2,boarding_links,13.422009913481215,1,999999,2.0,0,2.727272727272727,999999,0.15,4,0,"LINESTRING (-122.28193 47.4656326, -122.28183 47.4657326)",w_bus_only;w_bus_metro;d_bus_only;d_bus_metro,Metro Transit,-1,102619.2.54201:1;21;26;34;37;42;82;95;119;150;174;188;198;210;234;240;252;282;332;361;370;394;397;407;423;431;447;467;476;508;536;541
1001033,1500323,1000177,bus,1,102619.2,2,boarding_links,13.422009913481215,1,999999,2.0,0,1.0,999999,0.15,4,0,"LINESTRING (-122.28193 47.4656326, -122.28183 47.4657326)",w_bus_only;w_bus_metro;d_bus_only;d_bus_metro,Metro Transit,-1,102619.2.54201:1;21;26;34;37;42;82;95;119;150;174;188;198;210;234;240;252;282;332;361;370;394;397;407;423;431;447;467;476;508;536;541
1001034,1000179,1500324,bus,1,102619.2,2,boarding_links,13.421972942984478,1,999999,2.0,0,2.727272727272727,999999,0.15,4,0,"LINESTRING (-122.2771 47.46609419999999, -122.277 47.4661942)",w_bus_only;w_bus_metro;d_bus_only;d_bus_metro,Metro Transit,-1,102619.2.54203:1;21;26;34;37;42;82;95;119;150;174;188;198;210;234;240;252;282;332;361;370;394;397;407;423;431;447;467;476;508;536;541
1001035,1500324,1000179,bus,1,102619.2,2,boarding_links,13.421972942984478,1,999999,2.0,0,1.0,999999,0.15,4,0,"LINESTRING (-122.2771 47.46609419999999, -122.277 47.4661942)",w_bus_only;w_bus_metro;d_bus_only;d_bus_metro,Metro Transit,-1,102619.2.54203:1;21;26;34;37;42;82;95;119;150;174;188;198;210;234;240;252;282;332;361;370;394;397;407;423;431;447;467;476;508;536;541
1001036,1000181,1500325,bus,1,102619.2,2,boarding_links,13.422065825655267,1,999999,2.0,0,2.727272727272727,999999,0.15,4,0,"LINESTRING (-122.268296 47.4649345, -122.268196 47.4650345)",w_bus_only;w_bus_metro;d_bus_only;d_bus_metro,Metro Transit,-1,102619.2.54205:1;21;26;34;37;42;82;95;119;150;174;188;198;210;234;240;252;282;332;361;370;394;397;407;423;431;447;467;476;508;536;541
1001037,1500325,1000181,bus,1,102619.2,2,boarding_links,13.422065825655267,1,999999,2.0,0,1.0,999999,0.15,4,0,"LINESTRING (-122.268296 47.4649345, -122.268196 47.4650345)",w_bus_only;w_bus_metro;d_bus_only;d_bus_metro,Metro Transit,-1,102619.2.54205:1;21;26;34;37;42;82;95;119;150;174;188;198;210;234;240;252;282;332;361;370;394;397;407;423;431;447;467;476;508;536;541
1001038,1000187,1500326,bus,1,102619.2,2,boarding_links,13.421408023362863,1,999999,2.0,0,2.727272727272727,999999,0.15,4,0,"LINESTRING (-122.223321 47.473147499999996, -122.223221 47.4732475)",w_bus_only;w_bus_metro;d_bus_only;d_bus_metro,Metro Transit,-1,102619.2.55928:1;21;26;34;37;42;82;95;119;150;174;188;198;210;234;240;252;282;332;361;370;394;397;407;423;431;447;467;476;508;536;541
1001039,1500326,1000187,bus,1,102619.2,2,boarding_links,13.421408023362863,1,999999,2.0,0,1.0,999999,0.15,4,0,"LINESTRING (-122.223321 47.473147499999996, -122.223221 47.4732475)",w_bus_only;w_bus_metro;d_bus_only;d_bus_metro,Metro Transit,-1,102619.2.55928:1;21;26;34;37;42;82;95;119;150;174;188;198;210;234;240;252;282;332;361;370;394;397;407;423;431;447;467;476;508;536;541
1001040,1000188,1500327,bus,1,102619.2,2,boarding_links,13.421643586174394,1,999999,2.0,0,2.727272727272727,999999,0.15,4,0,"LINESTRING (-122.22335100000001 47.470206399999995, -122.223251 47.4703064)",w_bus_only;w_bus_metro;d_bus_only;d_bus_metro,Metro Transit,-1,102619.2.55942:1;21;26;34;37;42;82;95;119;150;174;188;198;210;234;240;252;282;332;361;370;394;397;407;423;431;447;467;476;508;536;541
1001041,1500327,1000188,bus,1,102619.2,2,boarding_links,13.421643586174394,1,999999,2.0,0,1.0,999999,0.15,4,0,"LINESTRING (-122.22335100000001 47.470206399999995, -122.223251 47.4703064)",w_bus_only;w_bus_metro;d_bus_only;d_bus_metro,Metro Transit,-1,102619.2.55942:1;21;26;34;37;42;82;95;119;150;174;188;198;210;234;240;252;282;332;361;370;394;397;407;423;431;447;467;476;508;536;541
1001042,1000191,1500328,bus,1,102619.2,2,boarding_links,13.42262004753319,1,999999,2.0,0,2.727272727272727,999999,0.15,4,0,"LINESTRING (-122.244172 47.4580146, -122.244072 47.4581146)",w_bus_only;w_bus_metro;d_bus_only;d_bus_metro,Metro Transit,-1,102619.2.58028:1;21;26;34;37;42;82;95;119;150;174;188;198;210;234;240;252;282;332;361;370;394;397;407;423;431;447;467;476;508;536;541
1001043,1500328,1000191,bus,1,102619.2,2,boarding_links,13.42262004753319,1,999999,2.0,0,1.0,999999,0.15,4,0,"LINESTRING (-122.244172 47.4580146, -122.244072 47.4581146)",w_bus_only;w_bus_metro;d_bus_only;d_bus_metro,Metro Transit,-1,102619.2.58028:1;21;26;34;37;42;82;95;119;150;174;188;198;210;234;240;252;282;332;361;370;394;397;407;423;431;447;467;476;508;536;541
1001044,1000192,1500329,bus,1,102619.2,2,boarding_links,13.422243644983803,1,999999,2.0,0,2.727272727272727,999999,0.15,4,0,"LINESTRING (-122.25721800000001 47.462714299999995, -122.257118 47.4628143)",w_bus_only;w_bus_metro;d_bus_only;d_bus_metro,Metro Transit,-1,102619.2.58102:1;21;26;34;37;42;82;95;119;150;174;188;198;210;234;240;252;282;332;361;370;394;397;407;423;431;447;467;476;508;536;541
1001045,1500329,1000192,bus,1,102619.2,2,boarding_links,13.422243644983803,1,999999,2.0,0,1.0,999999,0.15,4,0,"LINESTRING (-122.25721800000001 47.462714299999995, -122.257118 47.4628143)",w_bus_only;w_bus_metro;d_bus_only;d_bus_metro,Metro Transit,-1,102619.2.58102:1;21;26;34;37;42;82;95;119;150;174;188;198;210;234;240;252;282;332;361;370;394;397;407;423;431;447;467;476;508;536;541
1001046,1000193,1500330,bus,1,102619.2,2,boarding_links,13.422271749012767,1,999999,2.0,0,2.727272727272727,999999,0.15,4,0,"LINESTRING (-122.25206800000001 47.462363399999994, -122.251968 47.4624634)",w_bus_only;w_bus_metro;d_bus_only;d_bus_metro,Metro Transit,-1,102619.2.58104:1;21;26;34;37;42;82;95;119;150;174;188;198;210;234;240;252;282;332;361;370;394;397;407;423;431;447;467;476;508;536;541
1001047,1500330,1000193,bus,1,102619.2,2,boarding_links,13.422271749012767,1,999999,2.0,0,1.0,999999,0.15,4,0,"LINESTRING (-122.25206800000001 47.462363399999994, -122.251968 47.4624634)",w_bus_only;w_bus_metro;d_bus_only;d_bus_metro,Metro Transit,-1,102619.2.58104:1;21;26;34;37;42;82;95;119;150;174;188;198;210;234;240;252;282;332;361;370;394;397;407;423;431;447;467;476;508;536;541
1001048,1000199,1500331,bus,1,102619.2,2,boarding_links,13.422649072207324,1,999999,2.0,0,2.727272727272727,999999,0.15,4,0,"LINESTRING (-122.25457800000001 47.4576522, -122.254478 47.4577522)",w_bus_only;w_bus_metro;d_bus_only;d_bus_metro,Metro Transit,-1,102619.2.59310:1;21;26;34;37;42;82;95;119;150;174;188;198;210;234;240;252;282;332;361;370;394;397;407;423;431;447;467;476;508;536;541
1001049,1500331,1000199,bus,1,102619.2,2,boarding_links,13.422649072207324,1,999999,2.0,0,1.0,999999,0.15,4,0,"LINESTRING (-122.25457800000001 47.4576522, -122.254478 47.4577522)",w_bus_only;w_bus_metro;d_bus_only;d_bus_metro,Metro Transit,-1,102619.2.59310:1;21;26;34;37;42;82;95;119;150;174;188;198;210;234;240;252;282;332;361;370;394;397;407;423;431;447;467;476;508;536;541
1001050,1000201,1500332,bus,1,102619.2,2,boarding_links,13.422811302261842,1,999999,2.0,0,2.727272727272727,999999,0.15,4,0,"LINESTRING (-122.249413 47.455626599999995, -122.249313 47.4557266)",w_bus_only;w_bus_metro;d_bus_only;d_bus_metro,Metro Transit,-1,102619.2.59833:1;21;26;34;37;42;82;95;119;150;174;188;198;210;234;240;252;282;332;361;370;394;397;407;423;431;447;467;476;508;536;541
1001051,1500332,1000201,bus,1,102619.2,2,boarding_links,13.422811302261842,1,999999,2.0,0,1.0,999999,0.15,4,0,"LINESTRING (-122.249413 47.455626599999995, -122.249313 47.4557266)",w_bus_only;w_bus_metro;d_bus_only;d_bus_metro,Metro Transit,-1,102619.2.59833:1;21;26;34;37;42;82;95;119;150;174;188;198;210;234;240;252;282;332;361;370;394;397;407;423;431;447;467;476;508;536;541
1001052,1000202,1500333,bus,1,102619.2,2,boarding_links,13.421314529726239,1,999999,2.0,0,2.727272727272727,999999,0.15,4,0,"LINESTRING (-122.21518 47.474314799999995, -122.21508 47.4744148)",w_bus_only;w_bus_metro;d_bus_only;d_bus_metro,Metro Transit,-1,102619.2.59860:1;21;26;34;37;42;82;95;119;150;174;188;198;210;234;240;252;282;332;361;370;394;397;407;423;431;447;467;476;508;536;541
1001053,1500333,1000202,bus,1,102619.2,2,boarding_links,13.421314529726239,1,999999,2.0,0,1.0,999999,0.15,4,0,"LINESTRING (-122.21518 47.474314799999995, -122.21508 47.4744148)",w_bus_only;w_bus_metro;d_bus_only;d_bus_metro,Metro Transit,-1,102619.2.59860:1;21;26;34;37;42;82;95;119;150;174;188;198;210;234;240;252;282;332;361;370;394;397;407;423;431;447;467;476;508;536;541
1001054,1000203,1500334,bus,1,102619.2,2,boarding_links,13.421085379652752,1,999999,2.0,0,2.727272727272727,999999,0.15,4,0,"LINESTRING (-122.215615 47.4771758, -122.215515 47.4772758)",w_bus_only;w_bus_metro;d_bus_only;d_bus_metro,Metro Transit,-1,102619.2.59870:1;21;26;34;37;42;82;95;119;150;174;188;198;210;234;240;252;282;332;361;370;394;397;407;423;431;447;467;476;508;536;541
1001055,1500334,1000203,bus,1,102619.2,2,boarding_links,13.421085379652752,1,999999,2.0,0,1.0,999999,0.15,4,0,"LINESTRING (-122.215615 47.4771758, -122.215515 47.4772758)",w_bus_only;w_bus_metro;d_bus_only;d_bus_metro,Metro Transit,-1,102619.2.59870:1;21;26;34;37;42;82;95;119;150;174;188;198;210;234;240;252;282;332;361;370;394;397;407;423;431;447;467;476;508;536;541
1001056,1000204,1500335,bus,1,102619.2,2,boarding_links,13.422296801539485,1,999999,2.0,0,2.727272727272727,999999,0.15,4,0,"LINESTRING (-122.232896 47.4620506, -122.232796 47.4621506)",w_bus_only;w_bus_metro;d_bus_only;d_bus_metro,Metro Transit,-1,102619.2.59872:1;21;26;34;37;42;82;95;119;150;174;188;198;210;234;240;252;282;332;361;370;394;397;407;423;431;447;467;476;508;536;541
1001057,1500335,1000204,bus,1,102619.2,2,boarding_links,13.422296801539485,1,999999,2.0,0,1.0,999999,0.15,4,0,"LINESTRING (-122.232896 47.4620506, -122.232796 47.4621506)",w_bus_only;w_bus_metro;d_bus_only;d_bus_metro,Metro Transit,-1,102619.2.59872:1;21;26;34;37;42;82;95;119;150;174;188;198;210;234;240;252;282;332;361;370;394;397;407;423;431;447;467;476;508;536;541
1001058,1000206,1500336,bus,1,102619.2,2,boarding_links,13.422721785927026,1,999999,2.0,0,2.727272727272727,999999,0.15,4,0,"LINESTRING (-122.23700000000001 47.4567443, -122.2369 47.4568443)",w_bus_only;w_bus_metro;d_bus_only;d_bus_metro,Metro Transit,-1,102619.2.59876:1;21;26;34;37;42;82;95;119;150;174;188;198;210;234;240;252;282;332;361;370;394;397;407;423;431;447;467;476;508;536;541
1001059,1500336,1000206,bus,1,102619.2,2,boarding_links,13.422721785927026,1,999999,2.0,0,1.0,999999,0.15,4,0,"LINESTRING (-122.23700000000001 47.4567443, -122.2369 47.4568443)",w_bus_only;w_bus_metro;d_bus_only;d_bus_metro,Metro Transit,-1,102619.2.59876:1;21;26;34;37;42;82;95;119;150;174;188;198;210;234;240;252;282;332;361;370;394;397;407;423;431;447;467;476;508;536;541
1001060,1000208,1500337,bus,1,102619.2,2,boarding_links,13.422023969625211,1,999999,2.0,0,2.727272727272727,999999,0.15,4,0,"LINESTRING (-122.232201 47.465457099999995, -122.232101 47.4655571)",w_bus_only;w_bus_metro;d_bus_only;d_bus_metro,Metro Transit,-1,102619.2.59878:1;21;26;34;37;42;82;95;119;150;174;188;198;210;234;240;252;282;332;361;370;394;397;407;423;431;447;467;476;508;536;541
1001061,1500337,1000208,bus,1,102619.2,2,boarding_links,13.422023969625211,1,999999,2.0,0,1.0,999999,0.15,4,0,"LINESTRING (-122.232201 47.465457099999995, -122.232101 47.4655571)",w_bus_only;w_bus_metro;d_bus_only;d_bus_metro,Metro Transit,-1,102619.2.59878:1;21;26;34;37;42;82;95;119;150;174;188;198;210;234;240;252;282;332;361;370;394;397;407;423;431;447;467;476;508;536;541
1001062,1000211,1500338,bus,1,102619.2,2,boarding_links,13.422438562522853,1,999999,2.0,0,2.727272727272727,999999,0.15,4,0,"LINESTRING (-122.241288 47.4602806, -122.241188 47.4603806)",w_bus_only;w_bus_metro;d_bus_only;d_bus_metro,Metro Transit,-1,102619.2.59882:1;21;26;34;37;42;82;95;119;150;174;188;198;210;234;240;252;282;332;361;370;394;397;407;423;431;447;467;476;508;536;541
1001063,1500338,1000211,bus,1,102619.2,2,boarding_links,13.422438562522853,1,999999,2.0,0,1.0,999999,0.15,4,0,"LINESTRING (-122.241288 47.4602806, -122.241188 47.4603806)",w_bus_only;w_bus_metro;d_bus_only;d_bus_metro,Metro Transit,-1,102619.2.59882:1;21;26;34;37;42;82;95;119;150;174;188;198;210;234;240;252;282;332;361;370;394;397;407;423;431;447;467;476;508;536;541
1001064,1000239,1500339,bus,1,102619.2,2,boarding_links,13.42214648603137,1,999999,2.0,0,2.727272727272727,999999,0.15,4,0,"LINESTRING (-122.288033 47.463927399999996, -122.287933 47.4640274)",w_bus_only;w_bus_metro;d_bus_only;d_bus_metro,Metro Transit,-1,102619.2.60922:1;21;26;34;37;42;82;95;119;150;174;188;198;210;234;240;252;282;332;361;370;394;397;407;423;431;447;467;476;508;536;541
1001065,1500339,1000239,bus,1,102619.2,2,boarding_links,13.42214648603137,1,999999,2.0,0,1.0,999999,0.15,4,0,"LINESTRING (-122.288033 47.463927399999996, -122.287933 47.4640274)",w_bus_only;w_bus_metro;d_bus_only;d_bus_metro,Metro Transit,-1,102619.2.60922:1;21;26;34;37;42;82;95;119;150;174;188;198;210;234;240;252;282;332;361;370;394;397;407;423;431;447;467;476;508;536;541
1001066,1000368,1500340,bus,1,102619.2,2,boarding_links,13.422060331354206,1,999999,2.0,0,2.727272727272727,999999,0.15,4,0,"LINESTRING (-122.29136700000001 47.4650031, -122.291267 47.4651031)",w_bus_only;w_bus_metro;d_bus_only;d_bus_metro,Metro Transit,-1,102619.2.79973:1;21;26;34;37;42;82;95;119;150;174;188;198;210;234;240;252;282;332;361;370;394;397;407;423;431;447;467;476;508;536;541
1001067,1500340,1000368,bus,1,102619.2,2,boarding_links,13.422060331354206,1,999999,2.0,0,1.0,999999,0.15,4,0,"LINESTRING (-122.29136700000001 47.4650031, -122.291267 47.4651031)",w_bus_only;w_bus_metro;d_bus_only;d_bus_metro,Metro Transit,-1,102619.2.79973:1;21;26;34;37;42;82;95;119;150;174;188;198;210;234;240;252;282;332;361;370;394;397;407;423;431;447;467;476;508;536;541
1001068,1000370,1500341,bus,1,102619.2,2,boarding_links,13.422064608259209,1,999999,2.0,0,2.727272727272727,999999,0.15,4,0,"LINESTRING (-122.30282700000001 47.4649497, -122.302727 47.4650497)",w_bus_only;w_bus_metro;d_bus_only;d_bus_metro,Metro Transit,-1,102619.2.80151:1;21;26;34;37;42;82;95;119;150;174;188;198;210;234;240;252;282;332;361;370;394;397;407;423;431;447;467;476;508;536;541
1001069,1500341,1000370,bus,1,102619.2,2,boarding_links,13.422064608259209,1,999999,2.0,0,1.0,999999,0.15,4,0,"LINESTRING (-122.30282700000001 47.4649497, -122.302727 47.4650497)",w_bus_only;w_bus_metro;d_bus_only;d_bus_metro,Metro Transit,-1,102619.2.80151:1;21;26;34;37;42;82;95;119;150;174;188;198;210;234;240;252;282;332;361;370;394;397;407;423;431;447;467;476;508;536;541
1001070,1000037,1500342,bus,1,102736.1,2,boarding_links,13.411053995967617,1,999999,2.0,0,1.6666666666666667,999999,0.15,4,0,"LINESTRING (-122.336785 47.6023971, -122.336685 47.6024971)",w_bus_only;w_bus_metro;d_bus_only;d_bus_metro,Metro Transit,-1,102736.1.1559:1;27;34;39;45;63;69;97;101;107;112;118;125;132;136;165;170;177;184;189;199;204;208;221;223;394;405;416;421;426;437
1001071,1500342,1000037,bus,1,102736.1,2,boarding_links,13.411053995967617,1,999999,2.0,0,1.0,999999,0.15,4,0,"LINESTRING (-122.336785 47.6023971, -122.336685 47.6024971)",w_bus_only;w_bus_metro;d_bus_only;d_bus_metro,Metro Transit,-1,102736.1.1559:1;27;34;39;45;63;69;97;101;107;112;118;125;132;136;165;170;177;184;189;199;204;208;221;223;394;405;416;421;426;437
1001072,1000038,1500343,bus,1,102736.1,2,boarding_links,13.411278036445903,1,999999,2.0,0,1.6666666666666667,999999,0.15,4,0,"LINESTRING (-122.335656 47.5996009, -122.335556 47.5997009)",w_bus_only;w_bus_metro;d_bus_only;d_bus_metro,Metro Transit,-1,102736.1.1561:1;27;34;39;45;63;69;97;101;107;112;118;125;132;136;165;170;177;184;189;199;204;208;221;223;394;405;416;421;426;437
1001073,1500343,1000038,bus,1,102736.1,2,boarding_links,13.411278036445903,1,999999,2.0,0,1.0,999999,0.15,4,0,"LINESTRING (-122.335656 47.5996009, -122.335556 47.5997009)",w_bus_only;w_bus_metro;d_bus_only;d_bus_metro,Metro Transit,-1,102736.1.1561:1;27;34;39;45;63;69;97;101;107;112;118;125;132;136;165;170;177;184;189;199;204;208;221;223;394;405;416;421;426;437
1001074,1000066,1500344,bus,1,102736.1,2,boarding_links,13.416121171769525,1,999999,2.0,0,1.6666666666666667,999999,0.15,4,0,"LINESTRING (-122.36092500000001 47.5391494, -122.360825 47.5392494)",w_bus_only;w_bus_metro;d_bus_only;d_bus_metro,Metro Transit,-1,102736.1.21450:1;27;34;39;45;63;69;97;101;107;112;118;125;132;136;165;170;177;184;189;199;204;208;221;223;394;405;416;421;426;437
1001075,1500344,1000066,bus,1,102736.1,2,boarding_links,13.416121171769525,1,999999,2.0,0,1.0,999999,0.15,4,0,"LINESTRING (-122.36092500000001 47.5391494, -122.360825 47.5392494)",w_bus_only;w_bus_metro;d_bus_only;d_bus_metro,Metro Transit,-1,102736.1.21450:1;27;34;39;45;63;69;97;101;107;112;118;125;132;136;165;170;177;184;189;199;204;208;221;223;394;405;416;421;426;437
1001076,1000067,1500345,bus,1,102736.1,2,boarding_links,13.415800605120658,1,999999,2.0,0,1.6666666666666667,999999,0.15,4,0,"LINESTRING (-122.361215 47.543150999999995, -122.361115 47.543251)",w_bus_only;w_bus_metro;d_bus_only;d_bus_metro,Metro Transit,-1,102736.1.21480:1;27;34;39;45;63;69;97;101;107;112;118;125;132;136;165;170;177;184;189;199;204;208;221;223;394;405;416;421;426;437
1001077,1500345,1000067,bus,1,102736.1,2,boarding_links,13.415800605120658,1,999999,2.0,0,1.0,999999,0.15,4,0,"LINESTRING (-122.361215 47.543150999999995, -122.361115 47.543251)",w_bus_only;w_bus_metro;d_bus_only;d_bus_metro,Metro Transit,-1,102736.1.21480:1;27;34;39;45;63;69;97;101;107;112;118;125;132;136;165;170;177;184;189;199;204;208;221;223;394;405;416;421;426;437
1001078,1000068,1500346,bus,1,102736.1,2,boarding_links,13.415517310418714,1,999999,2.0,0,1.6666666666666667,999999,0.15,4,0,"LINESTRING (-122.362931 47.546687299999995, -122.362831 47.5467873)",w_bus_only;w_bus_metro;d_bus_only;d_bus_metro,Metro Transit,-1,102736.1.21500:1;27;34;39;45;63;69;97;101;107;112;118;125;132;136;165;170;177;184;189;199;204;208;221;223;394;405;416;421;426;437
1001079,1500346,1000068,bus,1,102736.1,2,boarding_links,13.415517310418714,1,999999,2.0,0,1.0,999999,0.15,4,0,"LINESTRING (-122.362931 47.546687299999995, -122.362831 47.5467873)",w_bus_only;w_bus_metro;d_bus_only;d_bus_metro,Metro Transit,-1,102736.1.21500:1;27;34;39;45;63;69;97;101;107;112;118;125;132;136;165;170;177;184;189;199;204;208;221;223;394;405;416;421;426;437
1001080,1000069,1500347,bus,1,102736.1,2,boarding_links,13.414666207437325,1,999999,2.0,0,1.6666666666666667,999999,0.15,4,0,"LINESTRING (-122.362916 47.557311199999994, -122.362816 47.5574112)",w_bus_only;w_bus_metro;d_bus_only;d_bus_metro,Metro Transit,-1,102736.1.21560:1;27;34;39;45;63;69;97;101;107;112;118;125;132;136;165;170;177;184;189;199;204;208;221;223;394;405;416;421;426;437
1001081,1500347,1000069,bus,1,102736.1,2,boarding_links,13.414666207437325,1,999999,2.0,0,1.0,999999,0.15,4,0,"LINESTRING (-122.362916 47.557311199999994, -122.362816 47.5574112)",w_bus_only;w_bus_metro;d_bus_only;d_bus_metro,Metro Transit,-1,102736.1.21560:1;27;34;39;45;63;69;97;101;107;112;118;125;132;136;165;170;177;184;189;199;204;208;221;223;394;405;416;421;426;437
1001082,1000070,1500348,bus,1,102736.1,2,boarding_links,13.414057732205562,1,999999,2.0,0,1.6666666666666667,999999,0.15,4,0,"LINESTRING (-122.363313 47.5649063, -122.363213 47.5650063)",w_bus_only;w_bus_metro;d_bus_only;d_bus_metro,Metro Transit,-1,102736.1.21600:1;27;34;39;45;63;69;97;101;107;112;118;125;132;136;165;170;177;184;189;199;204;208;221;223;394;405;416;421;426;437
1001083,1500348,1000070,bus,1,102736.1,2,boarding_links,13.414057732205562,1,999999,2.0,0,1.0,999999,0.15,4,0,"LINESTRING (-122.363313 47.5649063, -122.363213 47.5650063)",w_bus_only;w_bus_metro;d_bus_only;d_bus_metro,Metro Transit,-1,102736.1.21600:1;27;34;39;45;63;69;97;101;107;112;118;125;132;136;165;170;177;184;189;199;204;208;221;223;394;405;416;421;426;437
1001084,1000071,1500349,bus,1,102736.1,2,boarding_links,13.413822713735177,1,999999,2.0,0,1.6666666666666667,999999,0.15,4,0,"LINESTRING (-122.36329 47.567839799999994, -122.36319 47.5679398)",w_bus_only;w_bus_metro;d_bus_only;d_bus_metro,Metro Transit,-1,102736.1.21620:1;27;34;39;45;63;69;97;101;107;112;118;125;132;136;165;170;177;184;189;199;204;208;221;223;394;405;416;421;426;437
1001085,1500349,1000071,bus,1,102736.1,2,boarding_links,13.413822713735177,1,999999,2.0,0,1.0,999999,0.15,4,0,"LINESTRING (-122.36329 47.567839799999994, -122.36319 47.5679398)",w_bus_only;w_bus_metro;d_bus_only;d_bus_metro,Metro Transit,-1,102736.1.21620:1;27;34;39;45;63;69;97;101;107;112;118;125;132;136;165;170;177;184;189;199;204;208;221;223;394;405;416;421;426;437
1001086,1000076,1500350,bus,1,102736.1,2,boarding_links,13.415085805818103,1,999999,2.0,0,1.6666666666666667,999999,0.15,4,0,"LINESTRING (-122.36298500000001 47.5520736, -122.362885 47.5521736)",w_bus_only;w_bus_metro;d_bus_only;d_bus_metro,Metro Transit,-1,102736.1.22074:1;27;34;39;45;63;69;97;101;107;112;118;125;132;136;165;170;177;184;189;199;204;208;221;223;394;405;416;421;426;437
1001087,1500350,1000076,bus,1,102736.1,2,boarding_links,13.415085805818103,1,999999,2.0,0,1.0,999999,0.15,4,0,"LINESTRING (-122.36298500000001 47.5520736, -122.362885 47.5521736)",w_bus_only;w_bus_metro;d_bus_only;d_bus_metro,Metro Transit,-1,102736.1.22074:1;27;34;39;45;63;69;97;101;107;112;118;125;132;136;165;170;177;184;189;199;204;208;221;223;394;405;416;421;426;437
1001088,1000084,1500351,bus,1,102736.1,2,boarding_links,13.417402792700202,1,999999,2.0,0,1.6666666666666667,999999,0.15,4,0,"LINESTRING (-122.360352 47.523150599999994, -122.360252 47.5232506)",w_bus_only;w_bus_metro;d_bus_only;d_bus_metro,Metro Transit,-1,102736.1.22184:1;27;34;39;45;63;69;97;101;107;112;118;125;132;136;165;170;177;184;189;199;204;208;221;223;394;405;416;421;426;437
1001089,1500351,1000084,bus,1,102736.1,2,boarding_links,13.417402792700202,1,999999,2.0,0,1.0,999999,0.15,4,0,"LINESTRING (-122.360352 47.523150599999994, -122.360252 47.5232506)",w_bus_only;w_bus_metro;d_bus_only;d_bus_metro,Metro Transit,-1,102736.1.22184:1;27;34;39;45;63;69;97;101;107;112;118;125;132;136;165;170;177;184;189;199;204;208;221;223;394;405;416;421;426;437
1001090,1000085,1500352,bus,1,102736.1,2,boarding_links,13.417061461195036,1,999999,2.0,0,1.6666666666666667,999999,0.15,4,0,"LINESTRING (-122.360459 47.52741159999999, -122.360359 47.5275116)",w_bus_only;w_bus_metro;d_bus_only;d_bus_metro,Metro Transit,-1,102736.1.22196:1;27;34;39;45;63;69;97;101;107;112;118;125;132;136;165;170;177;184;189;199;204;208;221;223;394;405;416;421;426;437
1001091,1500352,1000085,bus,1,102736.1,2,boarding_links,13.417061461195036,1,999999,2.0,0,1.0,999999,0.15,4,0,"LINESTRING (-122.360459 47.52741159999999, -122.360359 47.5275116)",w_bus_only;w_bus_metro;d_bus_only;d_bus_metro,Metro Transit,-1,102736.1.22196:1;27;34;39;45;63;69;97;101;107;112;118;125;132;136;165;170;177;184;189;199;204;208;221;223;394;405;416;421;426;437
1001092,1000087,1500353,bus,1,102736.1,2,boarding_links,13.417869098737734,1,999999,2.0,0,1.6666666666666667,999999,0.15,4,0,"LINESTRING (-122.359643 47.517329399999994, -122.359543 47.5174294)",w_bus_only;w_bus_metro;d_bus_only;d_bus_metro,Metro Transit,-1,102736.1.22256:1;27;34;39;45;63;69;97;101;107;112;118;125;132;136;165;170;177;184;189;199;204;208;221;223;394;405;416;421;426;437
1001093,1500353,1000087,bus,1,102736.1,2,boarding_links,13.417869098737734,1,999999,2.0,0,1.0,999999,0.15,4,0,"LINESTRING (-122.359643 47.517329399999994, -122.359543 47.5174294)",w_bus_only;w_bus_metro;d_bus_only;d_bus_metro,Metro Transit,-1,102736.1.22256:1;27;34;39;45;63;69;97;101;107;112;118;125;132;136;165;170;177;184;189;199;204;208;221;223;394;405;416;421;426;437
1001094,1000088,1500354,bus,1,102736.1,2,boarding_links,13.417869098737734,1,999999,2.0,0,1.6666666666666667,999999,0.15,4,0,"LINESTRING (-122.36564700000001 47.517329399999994, -122.365547 47.5174294)",w_bus_only;w_bus_metro;d_bus_only;d_bus_metro,Metro Transit,-1,102736.1.22259:1;27;34;39;45;63;69;97;101;107;112;118;125;132;136;165;170;177;184;189;199;204;208;221;223;394;405;416;421;426;437
1001095,1500354,1000088,bus,1,102736.1,2,boarding_links,13.417869098737734,1,999999,2.0,0,1.0,999999,0.15,4,0,"LINESTRING (-122.36564700000001 47.517329399999994, -122.365547 47.5174294)",w_bus_only;w_bus_metro;d_bus_only;d_bus_metro,Metro Transit,-1,102736.1.22259:1;27;34;39;45;63;69;97;101;107;112;118;125;132;136;165;170;177;184;189;199;204;208;221;223;394;405;416;421;426;437
1001096,1000106,1500355,bus,1,102736.1,2,boarding_links,13.41758797189616,1,999999,2.0,0,1.6666666666666667,999999,0.15,4,0,"LINESTRING (-122.365868 47.520838899999994, -122.365768 47.5209389)",w_bus_only;w_bus_metro;d_bus_only;d_bus_metro,Metro Transit,-1,102736.1.31731:1;27;34;39;45;63;69;97;101;107;112;118;125;132;136;165;170;177;184;189;199;204;208;221;223;394;405;416;421;426;437
1001097,1500355,1000106,bus,1,102736.1,2,boarding_links,13.41758797189616,1,999999,2.0,0,1.0,999999,0.15,4,0,"LINESTRING (-122.365868 47.520838899999994, -122.365768 47.5209389)",w_bus_only;w_bus_metro;d_bus_only;d_bus_metro,Metro Transit,-1,102736.1.31731:1;27;34;39;45;63;69;97;101;107;112;118;125;132;136;165;170;177;184;189;199;204;208;221;223;394;405;416;421;426;437
1001098,1000112,1500356,bus,1,102736.1,2,boarding_links,13.416491850406885,1,999999,2.0,0,1.6666666666666667,999999,0.15,4,0,"LINESTRING (-122.360749 47.5345222, -122.360649 47.5346222)",w_bus_only;w_bus_metro;d_bus_only;d_bus_metro,Metro Transit,-1,102736.1.36300:1;27;34;39;45;63;69;97;101;107;112;118;125;132;136;165;170;177;184;189;199;204;208;221;223;394;405;416;421;426;437
1001099,1500356,1000112,bus,1,102736.1,2,boarding_links,13.416491850406885,1,999999,2.0,0,1.0,999999,0.15,4,0,"LINESTRING (-122.360749 47.5345222, -122.360649 47.5346222)",w_bus_only;w_bus_metro;d_bus_only;d_bus_metro,Metro Transit,-1,102736.1.36300:1;27;34;39;45;63;69;97;101;107;112;118;125;132;136;165;170;177;184;189;199;204;208;221;223;394;405;416;421;426;437
1001100,1000113,1500357,bus,1,102736.1,2,boarding_links,13.41791157792074,1,999999,2.0,0,1.6666666666666667,999999,0.15,4,0,"LINESTRING (-122.354028 47.5167991, -122.353928 47.5168991)",w_bus_only;w_bus_metro;d_bus_only;d_bus_metro,Metro Transit,-1,102736.1.39431:1;27;34;39;45;63;69;97;101;107;112;118;125;132;136;165;170;177;184;189;199;204;208;221;223;394;405;416;421;426;437
1001101,1500357,1000113,bus,1,102736.1,2,boarding_links,13.41791157792074,1,999999,2.0,0,1.0,999999,0.15,4,0,"LINESTRING (-122.354028 47.5167991, -122.353928 47.5168991)",w_bus_only;w_bus_metro;d_bus_only;d_bus_metro,Metro Transit,-1,102736.1.39431:1;27;34;39;45;63;69;97;101;107;112;118;125;132;136;165;170;177;184;189;199;204;208;221;223;394;405;416;421;426;437
1001102,1000137,1500358,bus,1,102736.1,2,boarding_links,13.421772824078412,1,999999,2.0,0,1.6666666666666667,999999,0.15,4,0,"LINESTRING (-122.341485 47.468592799999996, -122.341385 47.4686928)",w_bus_only;w_bus_metro;d_bus_only;d_bus_metro,Metro Transit,-1,102736.1.47719:1;27;34;39;45;63;69;97;101;107;112;118;125;132;136;165;170;177;184;189;199;204;208;221;223;394;405;416;421;426;437
1001103,1500358,1000137,bus,1,102736.1,2,boarding_links,13.421772824078412,1,999999,2.0,0,1.0,999999,0.15,4,0,"LINESTRING (-122.341485 47.468592799999996, -122.341385 47.4686928)",w_bus_only;w_bus_metro;d_bus_only;d_bus_metro,Metro Transit,-1,102736.1.47719:1;27;34;39;45;63;69;97;101;107;112;118;125;132;136;165;170;177;184;189;199;204;208;221;223;394;405;416;421;426;437
1001104,1000148,1500359,bus,1,102736.1,2,boarding_links,13.421599895358087,1,999999,2.0,0,1.6666666666666667,999999,0.15,4,0,"LINESTRING (-122.347016 47.470751899999996, -122.346916 47.4708519)",w_bus_only;w_bus_metro;d_bus_only;d_bus_metro,Metro Transit,-1,102736.1.51403:1;27;34;39;45;63;69;97;101;107;112;118;125;132;136;165;170;177;184;189;199;204;208;221;223;394;405;416;421;426;437
1001105,1500359,1000148,bus,1,102736.1,2,boarding_links,13.421599895358087,1,999999,2.0,0,1.0,999999,0.15,4,0,"LINESTRING (-122.347016 47.470751899999996, -122.346916 47.4708519)",w_bus_only;w_bus_metro;d_bus_only;d_bus_metro,Metro Transit,-1,102736.1.51403:1;27;34;39;45;63;69;97;101;107;112;118;125;132;136;165;170;177;184;189;199;204;208;221;223;394;405;416;421;426;437
1001106,1000149,1500360,bus,1,102736.1,2,boarding_links,13.421177952990604,1,999999,2.0,0,1.6666666666666667,999999,0.15,4,0,"LINESTRING (-122.347657 47.47602, -122.347557 47.47612)",w_bus_only;w_bus_metro;d_bus_only;d_bus_metro,Metro Transit,-1,102736.1.51459:1;27;34;39;45;63;69;97;101;107;112;118;125;132;136;165;170;177;184;189;199;204;208;221;223;394;405;416;421;426;437
1001107,1500360,1000149,bus,1,102736.1,2,boarding_links,13.421177952990604,1,999999,2.0,0,1.0,999999,0.15,4,0,"LINESTRING (-122.347657 47.47602, -122.347557 47.47612)",w_bus_only;w_bus_metro;d_bus_only;d_bus_metro,Metro Transit,-1,102736.1.51459:1;27;34;39;45;63;69;97;101;107;112;118;125;132;136;165;170;177;184;189;199;204;208;221;223;394;405;416;421;426;437
1001108,1000150,1500361,bus,1,102736.1,2,boarding_links,13.420789612217334,1,999999,2.0,0,1.6666666666666667,999999,0.15,4,0,"LINESTRING (-122.348245 47.4808685, -122.348145 47.4809685)",w_bus_only;w_bus_metro;d_bus_only;d_bus_metro,Metro Transit,-1,102736.1.51471:1;27;34;39;45;63;69;97;101;107;112;118;125;132;136;165;170;177;184;189;199;204;208;221;223;394;405;416;421;426;437
1001109,1500361,1000150,bus,1,102736.1,2,boarding_links,13.420789612217334,1,999999,2.0,0,1.0,999999,0.15,4,0,"LINESTRING (-122.348245 47.4808685, -122.348145 47.4809685)",w_bus_only;w_bus_metro;d_bus_only;d_bus_metro,Metro Transit,-1,102736.1.51471:1;27;34;39;45;63;69;97;101;107;112;118;125;132;136;165;170;177;184;189;199;204;208;221;223;394;405;416;421;426;437
1001110,1000151,1500362,bus,1,102736.1,2,boarding_links,13.420150722147557,1,999999,2.0,0,1.6666666666666667,999999,0.15,4,0,"LINESTRING (-122.349984 47.488845, -122.349884 47.488945)",w_bus_only;w_bus_metro;d_bus_only;d_bus_metro,Metro Transit,-1,102736.1.51520:1;27;34;39;45;63;69;97;101;107;112;118;125;132;136;165;170;177;184;189;199;204;208;221;223;394;405;416;421;426;437
1001111,1500362,1000151,bus,1,102736.1,2,boarding_links,13.420150722147557,1,999999,2.0,0,1.0,999999,0.15,4,0,"LINESTRING (-122.349984 47.488845, -122.349884 47.488945)",w_bus_only;w_bus_metro;d_bus_only;d_bus_metro,Metro Transit,-1,102736.1.51520:1;27;34;39;45;63;69;97;101;107;112;118;125;132;136;165;170;177;184;189;199;204;208;221;223;394;405;416;421;426;437
1001112,1000153,1500363,bus,1,102736.1,2,boarding_links,13.419770008173888,1,999999,2.0,0,1.6666666666666667,999999,0.15,4,0,"LINESTRING (-122.349954 47.4935981, -122.349854 47.4936981)",w_bus_only;w_bus_metro;d_bus_only;d_bus_metro,Metro Transit,-1,102736.1.51552:1;27;34;39;45;63;69;97;101;107;112;118;125;132;136;165;170;177;184;189;199;204;208;221;223;394;405;416;421;426;437
1001113,1500363,1000153,bus,1,102736.1,2,boarding_links,13.419770008173888,1,999999,2.0,0,1.0,999999,0.15,4,0,"LINESTRING (-122.349954 47.4935981, -122.349854 47.4936981)",w_bus_only;w_bus_metro;d_bus_only;d_bus_metro,Metro Transit,-1,102736.1.51552:1;27;34;39;45;63;69;97;101;107;112;118;125;132;136;165;170;177;184;189;199;204;208;221;223;394;405;416;421;426;437
1001114,1000154,1500364,bus,1,102736.1,2,boarding_links,13.419298840176836,1,999999,2.0,0,1.6666666666666667,999999,0.15,4,0,"LINESTRING (-122.355203 47.499480399999996, -122.355103 47.4995804)",w_bus_only;w_bus_metro;d_bus_only;d_bus_metro,Metro Transit,-1,102736.1.51581:1;27;34;39;45;63;69;97;101;107;112;118;125;132;136;165;170;177;184;189;199;204;208;221;223;394;405;416;421;426;437
1001115,1500364,1000154,bus,1,102736.1,2,boarding_links,13.419298840176836,1,999999,2.0,0,1.0,999999,0.15,4,0,"LINESTRING (-122.355203 47.499480399999996, -122.355103 47.4995804)",w_bus_only;w_bus_metro;d_bus_only;d_bus_metro,Metro Transit,-1,102736.1.51581:1;27;34;39;45;63;69;97;101;107;112;118;125;132;136;165;170;177;184;189;199;204;208;221;223;394;405;416;421;426;437
1001116,1000155,1500365,bus,1,102736.1,2,boarding_links,13.4190079475944,1,999999,2.0,0,1.6666666666666667,999999,0.15,4,0,"LINESTRING (-122.355149 47.503111999999994, -122.355049 47.503212)",w_bus_only;w_bus_metro;d_bus_only;d_bus_metro,Metro Transit,-1,102736.1.51600:1;27;34;39;45;63;69;97;101;107;112;118;125;132;136;165;170;177;184;189;199;204;208;221;223;394;405;416;421;426;437
1001117,1500365,1000155,bus,1,102736.1,2,boarding_links,13.4190079475944,1,999999,2.0,0,1.0,999999,0.15,4,0,"LINESTRING (-122.355149 47.503111999999994, -122.355049 47.503212)",w_bus_only;w_bus_metro;d_bus_only;d_bus_metro,Metro Transit,-1,102736.1.51600:1;27;34;39;45;63;69;97;101;107;112;118;125;132;136;165;170;177;184;189;199;204;208;221;223;394;405;416;421;426;437
1001118,1000156,1500366,bus,1,102736.1,2,boarding_links,13.418641580047398,1,999999,2.0,0,1.6666666666666667,999999,0.15,4,0,"LINESTRING (-122.353768 47.5076858, -122.353668 47.5077858)",w_bus_only;w_bus_metro;d_bus_only;d_bus_metro,Metro Transit,-1,102736.1.51615:1;27;34;39;45;63;69;97;101;107;112;118;125;132;136;165;170;177;184;189;199;204;208;221;223;394;405;416;421;426;437
1001119,1500366,1000156,bus,1,102736.1,2,boarding_links,13.418641580047398,1,999999,2.0,0,1.0,999999,0.15,4,0,"LINESTRING (-122.353768 47.5076858, -122.353668 47.5077858)",w_bus_only;w_bus_metro;d_bus_only;d_bus_metro,Metro Transit,-1,102736.1.51615:1;27;34;39;45;63;69;97;101;107;112;118;125;132;136;165;170;177;184;189;199;204;208;221;223;394;405;416;421;426;437
1001120,1000157,1500367,bus,1,102736.1,2,boarding_links,13.418327154341544,1,999999,2.0,0,1.6666666666666667,999999,0.15,4,0,"LINESTRING (-122.353875 47.511611099999996, -122.353775 47.5117111)",w_bus_only;w_bus_metro;d_bus_only;d_bus_metro,Metro Transit,-1,102736.1.51651:1;27;34;39;45;63;69;97;101;107;112;118;125;132;136;165;170;177;184;189;199;204;208;221;223;394;405;416;421;426;437
1001121,1500367,1000157,bus,1,102736.1,2,boarding_links,13.418327154341544,1,999999,2.0,0,1.0,999999,0.15,4,0,"LINESTRING (-122.353875 47.511611099999996, -122.353775 47.5117111)",w_bus_only;w_bus_metro;d_bus_only;d_bus_metro,Metro Transit,-1,102736.1.51651:1;27;34;39;45;63;69;97;101;107;112;118;125;132;136;165;170;177;184;189;199;204;208;221;223;394;405;416;421;426;437
1001122,1000168,1500368,bus,1,102736.1,2,boarding_links,13.421659780992572,1,999999,2.0,0,1.6666666666666667,999999,0.15,4,0,"LINESTRING (-122.33716700000001 47.4700042, -122.337067 47.4701042)",w_bus_only;w_bus_metro;d_bus_only;d_bus_metro,Metro Transit,-1,102736.1.52303:1;27;34;39;45;63;69;97;101;107;112;118;125;132;136;165;170;177;184;189;199;204;208;221;223;394;405;416;421;426;437
1001123,1500368,1000168,bus,1,102736.1,2,boarding_links,13.421659780992572,1,999999,2.0,0,1.0,999999,0.15,4,0,"LINESTRING (-122.33716700000001 47.4700042, -122.337067 47.4701042)",w_bus_only;w_bus_metro;d_bus_only;d_bus_metro,Metro Transit,-1,102736.1.52303:1;27;34;39;45;63;69;97;101;107;112;118;125;132;136;165;170;177;184;189;199;204;208;221;223;394;405;416;421;426;437
1001124,1000183,1500369,bus,1,102736.1,2,boarding_links,13.41081009095885,1,999999,2.0,0,1.6666666666666667,999999,0.15,4,0,"LINESTRING (-122.333932 47.605441199999994, -122.333832 47.6055412)",w_bus_only;w_bus_metro;d_bus_only;d_bus_metro,Metro Transit,-1,102736.1.548:1;27;34;39;45;63;69;97;101;107;112;118;125;132;136;165;170;177;184;189;199;204;208;221;223;394;405;416;421;426;437
1001125,1500369,1000183,bus,1,102736.1,2,boarding_links,13.41081009095885,1,999999,2.0,0,1.0,999999,0.15,4,0,"LINESTRING (-122.333932 47.605441199999994, -122.333832 47.6055412)",w_bus_only;w_bus_metro;d_bus_only;d_bus_metro,Metro Transit,-1,102736.1.548:1;27;34;39;45;63;69;97;101;107;112;118;125;132;136;165;170;177;184;189;199;204;208;221;223;394;405;416;421;426;437
1001126,1000189,1500370,bus,1,102736.1,2,boarding_links,13.410557923002488,1,999999,2.0,0,1.6666666666666667,999999,0.15,4,0,"LINESTRING (-122.3368 47.608588399999995, -122.3367 47.6086884)",w_bus_only;w_bus_metro;d_bus_only;d_bus_metro,Metro Transit,-1,102736.1.570:1;27;34;39;45;63;69;97;101;107;112;118;125;132;136;165;170;177;184;189;199;204;208;221;223;394;405;416;421;426;437
1001127,1500370,1000189,bus,1,102736.1,2,boarding_links,13.410557923002488,1,999999,2.0,0,1.0,999999,0.15,4,0,"LINESTRING (-122.3368 47.608588399999995, -122.3367 47.6086884)",w_bus_only;w_bus_metro;d_bus_only;d_bus_metro,Metro Transit,-1,102736.1.570:1;27;34;39;45;63;69;97;101;107;112;118;125;132;136;165;170;177;184;189;199;204;208;221;223;394;405;416;421;426;437
1001128,1000198,1500371,bus,1,102736.1,2,boarding_links,13.410361696470257,1,999999,2.0,0,1.6666666666666667,999999,0.15,4,0,"LINESTRING (-122.339051 47.611037399999994, -122.338951 47.6111374)",w_bus_only;w_bus_metro;d_bus_only;d_bus_metro,Metro Transit,-1,102736.1.590:1;27;34;39;45;63;69;97;101;107;112;118;125;132;136;165;170;177;184;189;199;204;208;221;223;394;405;416;421;426;437
1001129,1500371,1000198,bus,1,102736.1,2,boarding_links,13.410361696470257,1,999999,2.0,0,1.0,999999,0.15,4,0,"LINESTRING (-122.339051 47.611037399999994, -122.338951 47.6111374)",w_bus_only;w_bus_metro;d_bus_only;d_bus_metro,Metro Transit,-1,102736.1.590:1;27;34;39;45;63;69;97;101;107;112;118;125;132;136;165;170;177;184;189;199;204;208;221;223;394;405;416;421;426;437
1001130,1000213,1500372,bus,1,102736.1,2,boarding_links,13.410212847056272,1,999999,2.0,0,1.6666666666666667,999999,0.15,4,0,"LINESTRING (-122.341843 47.612895099999996, -122.341743 47.6129951)",w_bus_only;w_bus_metro;d_bus_only;d_bus_metro,Metro Transit,-1,102736.1.600:1;27;34;39;45;63;69;97;101;107;112;118;125;132;136;165;170;177;184;189;199;204;208;221;223;394;405;416;421;426;437
1001131,1500372,1000213,bus,1,102736.1,2,boarding_links,13.410212847056272,1,999999,2.0,0,1.0,999999,0.15,4,0,"LINESTRING (-122.341843 47.612895099999996, -122.341743 47.6129951)",w_bus_only;w_bus_metro;d_bus_only;d_bus_metro,Metro Transit,-1,102736.1.600:1;27;34;39;45;63;69;97;101;107;112;118;125;132;136;165;170;177;184;189;199;204;208;221;223;394;405;416;421;426;437
1001132,1000036,1500373,bus,1,102736.2,2,boarding_links,13.411044517355014,1,999999,2.0,0,1.875,999999,0.15,4,0,"LINESTRING (-122.336884 47.602515399999994, -122.336784 47.6026154)",w_bus_only;w_bus_metro;d_bus_only;d_bus_metro,Metro Transit,-1,102736.2.1558:1;15;19;23;32;52;185;189;199;205;209;219;225;234;238;243;267;273;281;287;292;299;305;309;336;343;360;366;371;378;391
1001133,1500373,1000036,bus,1,102736.2,2,boarding_links,13.411044517355014,1,999999,2.0,0,1.0,999999,0.15,4,0,"LINESTRING (-122.336884 47.602515399999994, -122.336784 47.6026154)",w_bus_only;w_bus_metro;d_bus_only;d_bus_metro,Metro Transit,-1,102736.2.1558:1;15;19;23;32;52;185;189;199;205;209;219;225;234;238;243;267;273;281;287;292;299;305;309;336;343;360;366;371;378;391
1001134,1000039,1500374,bus,1,102736.2,2,boarding_links,13.411356893277624,1,999999,2.0,0,1.875,999999,0.15,4,0,"LINESTRING (-122.33606 47.598616699999994, -122.33596 47.5987167)",w_bus_only;w_bus_metro;d_bus_only;d_bus_metro,Metro Transit,-1,102736.2.1562:1;15;19;23;32;52;185;189;199;205;209;219;225;234;238;243;267;273;281;287;292;299;305;309;336;343;360;366;371;378;391
1001135,1500374,1000039,bus,1,102736.2,2,boarding_links,13.411356893277624,1,999999,2.0,0,1.0,999999,0.15,4,0,"LINESTRING (-122.33606 47.598616699999994, -122.33596 47.5987167)",w_bus_only;w_bus_metro;d_bus_only;d_bus_metro,Metro Transit,-1,102736.2.1562:1;15;19;23;32;52;185;189;199;205;209;219;225;234;238;243;267;273;281;287;292;299;305;309;336;343;360;366;371;378;391
1001136,1000064,1500375,bus,1,102736.2,2,boarding_links,13.417879800646293,1,999999,2.0,0,1.875,999999,0.15,4,0,"LINESTRING (-122.36545600000001 47.517195799999996, -122.365356 47.5172958)",w_bus_only;w_bus_metro;d_bus_only;d_bus_metro,Metro Transit,-1,102736.2.21250:1;15;19;23;32;52;185;189;199;205;209;219;225;234;238;243;267;273;281;287;292;299;305;309;336;343;360;366;371;378;391
1001137,1500375,1000064,bus,1,102736.2,2,boarding_links,13.417879800646293,1,999999,2.0,0,1.0,999999,0.15,4,0,"LINESTRING (-122.36545600000001 47.517195799999996, -122.365356 47.5172958)",w_bus_only;w_bus_metro;d_bus_only;d_bus_metro,Metro Transit,-1,102736.2.21250:1;15;19;23;32;52;185;189;199;205;209;219;225;234;238;243;267;273;281;287;292;299;305;309;336;343;360;366;371;378;391
1001138,1000065,1500376,bus,1,102736.2,2,boarding_links,13.417879800646293,1,999999,2.0,0,1.875,999999,0.15,4,0,"LINESTRING (-122.358918 47.517195799999996, -122.358818 47.5172958)",w_bus_only;w_bus_metro;d_bus_only;d_bus_metro,Metro Transit,-1,102736.2.21280:1;15;19;23;32;52;185;189;199;205;209;219;225;234;238;243;267;273;281;287;292;299;305;309;336;343;360;366;371;378;391
1001139,1500376,1000065,bus,1,102736.2,2,boarding_links,13.417879800646293,1,999999,2.0,0,1.0,999999,0.15,4,0,"LINESTRING (-122.358918 47.517195799999996, -122.358818 47.5172958)",w_bus_only;w_bus_metro;d_bus_only;d_bus_metro,Metro Transit,-1,102736.2.21280:1;15;19;23;32;52;185;189;199;205;209;219;225;234;238;243;267;273;281;287;292;299;305;309;336;343;360;366;371;378;391
1001140,1000072,1500377,bus,1,102736.2,2,boarding_links,13.413852364545514,1,999999,2.0,0,1.875,999999,0.15,4,0,"LINESTRING (-122.363496 47.5674697, -122.363396 47.5675697)",w_bus_only;w_bus_metro;d_bus_only;d_bus_metro,Metro Transit,-1,102736.2.21990:1;15;19;23;32;52;185;189;199;205;209;219;225;234;238;243;267;273;281;287;292;299;305;309;336;343;360;366;371;378;391
1001141,1500377,1000072,bus,1,102736.2,2,boarding_links,13.413852364545514,1,999999,2.0,0,1.0,999999,0.15,4,0,"LINESTRING (-122.363496 47.5674697, -122.363396 47.5675697)",w_bus_only;w_bus_metro;d_bus_only;d_bus_metro,Metro Transit,-1,102736.2.21990:1;15;19;23;32;52;185;189;199;205;209;219;225;234;238;243;267;273;281;287;292;299;305;309;336;343;360;366;371;378;391
1001142,1000074,1500378,bus,1,102736.2,2,boarding_links,13.41409960830989,1,999999,2.0,0,1.875,999999,0.15,4,0,"LINESTRING (-122.363519 47.5643836, -122.363419 47.5644836)",w_bus_only;w_bus_metro;d_bus_only;d_bus_metro,Metro Transit,-1,102736.2.22010:1;15;19;23;32;52;185;189;199;205;209;219;225;234;238;243;267;273;281;287;292;299;305;309;336;343;360;366;371;378;391
1001143,1500378,1000074,bus,1,102736.2,2,boarding_links,13.41409960830989,1,999999,2.0,0,1.0,999999,0.15,4,0,"LINESTRING (-122.363519 47.5643836, -122.363419 47.5644836)",w_bus_only;w_bus_metro;d_bus_only;d_bus_metro,Metro Transit,-1,102736.2.22010:1;15;19;23;32;52;185;189;199;205;209;219;225;234;238;243;267;273;281;287;292;299;305;309;336;343;360;366;371;378;391
1001144,1000075,1500379,bus,1,102736.2,2,boarding_links,13.414654591003877,1,999999,2.0,0,1.875,999999,0.15,4,0,"LINESTRING (-122.363122 47.5574562, -122.363022 47.5575562)",w_bus_only;w_bus_metro;d_bus_only;d_bus_metro,Metro Transit,-1,102736.2.22050:1;15;19;23;32;52;185;189;199;205;209;219;225;234;238;243;267;273;281;287;292;299;305;309;336;343;360;366;371;378;391
1001145,1500379,1000075,bus,1,102736.2,2,boarding_links,13.414654591003877,1,999999,2.0,0,1.0,999999,0.15,4,0,"LINESTRING (-122.363122 47.5574562, -122.363022 47.5575562)",w_bus_only;w_bus_metro;d_bus_only;d_bus_metro,Metro Transit,-1,102736.2.22050:1;15;19;23;32;52;185;189;199;205;209;219;225;234;238;243;267;273;281;287;292;299;305;309;336;343;360;366;371;378;391
1001146,1000077,1500380,bus,1,102736.2,2,boarding_links,13.415127976807137,1,999999,2.0,0,1.875,999999,0.15,4,0,"LINESTRING (-122.363191 47.551547199999995, -122.363091 47.5516472)",w_bus_only;w_bus_metro;d_bus_only;d_bus_metro,Metro Transit,-1,102736.2.22075:1;15;19;23;32;52;185;189;199;205;209;219;225;234;238;243;267;273;281;287;292;299;305;309;336;343;360;366;371;378;391
1001147,1500380,1000077,bus,1,102736.2,2,boarding_links,13.415127976807137,1,999999,2.0,0,1.0,999999,0.15,4,0,"LINESTRING (-122.363191 47.551547199999995, -122.363091 47.5516472)",w_bus_only;w_bus_metro;d_bus_only;d_bus_metro,Metro Transit,-1,102736.2.22075:1;15;19;23;32;52;185;189;199;205;209;219;225;234;238;243;267;273;281;287;292;299;305;309;336;343;360;366;371;378;391
1001148,1000078,1500381,bus,1,102736.2,2,boarding_links,13.415517622851178,1,999999,2.0,0,1.875,999999,0.15,4,0,"LINESTRING (-122.36313700000001 47.5466834, -122.363037 47.5467834)",w_bus_only;w_bus_metro;d_bus_only;d_bus_metro,Metro Transit,-1,102736.2.22099:1;15;19;23;32;52;185;189;199;205;209;219;225;234;238;243;267;273;281;287;292;299;305;309;336;343;360;366;371;378;391
1001149,1500381,1000078,bus,1,102736.2,2,boarding_links,13.415517622851178,1,999999,2.0,0,1.0,999999,0.15,4,0,"LINESTRING (-122.36313700000001 47.5466834, -122.363037 47.5467834)",w_bus_only;w_bus_metro;d_bus_only;d_bus_metro,Metro Transit,-1,102736.2.22099:1;15;19;23;32;52;185;189;199;205;209;219;225;234;238;243;267;273;281;287;292;299;305;309;336;343;360;366;371;378;391
1001150,1000079,1500382,bus,1,102736.2,2,boarding_links,13.415821073238028,1,999999,2.0,0,1.875,999999,0.15,4,0,"LINESTRING (-122.361413 47.5428955, -122.361313 47.5429955)",w_bus_only;w_bus_metro;d_bus_only;d_bus_metro,Metro Transit,-1,102736.2.22120:1;15;19;23;32;52;185;189;199;205;209;219;225;234;238;243;267;273;281;287;292;299;305;309;336;343;360;366;371;378;391
1001151,1500382,1000079,bus,1,102736.2,2,boarding_links,13.415821073238028,1,999999,2.0,0,1.0,999999,0.15,4,0,"LINESTRING (-122.361413 47.5428955, -122.361313 47.5429955)",w_bus_only;w_bus_metro;d_bus_only;d_bus_metro,Metro Transit,-1,102736.2.22120:1;15;19;23;32;52;185;189;199;205;209;219;225;234;238;243;267;273;281;287;292;299;305;309;336;343;360;366;371;378;391
1001152,1000080,1500383,bus,1,102736.2,2,boarding_links,13.41617281809641,1,999999,2.0,0,1.875,999999,0.15,4,0,"LINESTRING (-122.361215 47.5385047, -122.361115 47.5386047)",w_bus_only;w_bus_metro;d_bus_only;d_bus_metro,Metro Transit,-1,102736.2.22152:1;15;19;23;32;52;185;189;199;205;209;219;225;234;238;243;267;273;281;287;292;299;305;309;336;343;360;366;371;378;391
1001153,1500383,1000080,bus,1,102736.2,2,boarding_links,13.41617281809641,1,999999,2.0,0,1.0,999999,0.15,4,0,"LINESTRING (-122.361215 47.5385047, -122.361115 47.5386047)",w_bus_only;w_bus_metro;d_bus_only;d_bus_metro,Metro Transit,-1,102736.2.22152:1;15;19;23;32;52;185;189;199;205;209;219;225;234;238;243;267;273;281;287;292;299;305;309;336;343;360;366;371;378;391
1001154,1000081,1500384,bus,1,102736.2,2,boarding_links,13.416591168245144,1,999999,2.0,0,1.875,999999,0.15,4,0,"LINESTRING (-122.360635 47.5332824, -122.360535 47.5333824)",w_bus_only;w_bus_metro;d_bus_only;d_bus_metro,Metro Transit,-1,102736.2.22158:1;15;19;23;32;52;185;189;199;205;209;219;225;234;238;243;267;273;281;287;292;299;305;309;336;343;360;366;371;378;391
1001155,1500384,1000081,bus,1,102736.2,2,boarding_links,13.416591168245144,1,999999,2.0,0,1.0,999999,0.15,4,0,"LINESTRING (-122.360635 47.5332824, -122.360535 47.5333824)",w_bus_only;w_bus_metro;d_bus_only;d_bus_metro,Metro Transit,-1,102736.2.22158:1;15;19;23;32;52;185;189;199;205;209;219;225;234;238;243;267;273;281;287;292;299;305;309;336;343;360;366;371;378;391
1001156,1000082,1500385,bus,1,102736.2,2,boarding_links,13.417018371899731,1,999999,2.0,0,1.875,999999,0.15,4,0,"LINESTRING (-122.360665 47.5279495, -122.360565 47.5280495)",w_bus_only;w_bus_metro;d_bus_only;d_bus_metro,Metro Transit,-1,102736.2.22165:1;15;19;23;32;52;185;189;199;205;209;219;225;234;238;243;267;273;281;287;292;299;305;309;336;343;360;366;371;378;391
1001157,1500385,1000082,bus,1,102736.2,2,boarding_links,13.417018371899731,1,999999,2.0,0,1.0,999999,0.15,4,0,"LINESTRING (-122.360665 47.5279495, -122.360565 47.5280495)",w_bus_only;w_bus_metro;d_bus_only;d_bus_metro,Metro Transit,-1,102736.2.22165:1;15;19;23;32;52;185;189;199;205;209;219;225;234;238;243;267;273;281;287;292;299;305;309;336;343;360;366;371;378;391
1001158,1000083,1500386,bus,1,102736.2,2,boarding_links,13.41742601526614,1,999999,2.0,0,1.875,999999,0.15,4,0,"LINESTRING (-122.360696 47.522860699999995, -122.360596 47.5229607)",w_bus_only;w_bus_metro;d_bus_only;d_bus_metro,Metro Transit,-1,102736.2.22174:1;15;19;23;32;52;185;189;199;205;209;219;225;234;238;243;267;273;281;287;292;299;305;309;336;343;360;366;371;378;391
1001159,1500386,1000083,bus,1,102736.2,2,boarding_links,13.41742601526614,1,999999,2.0,0,1.0,999999,0.15,4,0,"LINESTRING (-122.360696 47.522860699999995, -122.360596 47.5229607)",w_bus_only;w_bus_metro;d_bus_only;d_bus_metro,Metro Transit,-1,102736.2.22174:1;15;19;23;32;52;185;189;199;205;209;219;225;234;238;243;267;273;281;287;292;299;305;309;336;343;360;366;371;378;391
1001160,1000114,1500387,bus,1,102736.2,2,boarding_links,13.41757574788043,1,999999,2.0,0,1.875,999999,0.15,4,0,"LINESTRING (-122.36500600000001 47.520991499999994, -122.364906 47.5210915)",w_bus_only;w_bus_metro;d_bus_only;d_bus_metro,Metro Transit,-1,102736.2.39983:1;15;19;23;32;52;185;189;199;205;209;219;225;234;238;243;267;273;281;287;292;299;305;309;336;343;360;366;371;378;391
1001161,1500387,1000114,bus,1,102736.2,2,boarding_links,13.41757574788043,1,999999,2.0,0,1.0,999999,0.15,4,0,"LINESTRING (-122.36500600000001 47.520991499999994, -122.364906 47.5210915)",w_bus_only;w_bus_metro;d_bus_only;d_bus_metro,Metro Transit,-1,102736.2.39983:1;15;19;23;32;52;185;189;199;205;209;219;225;234;238;243;267;273;281;287;292;299;305;309;336;343;360;366;371;378;391
1001162,1000118,1500388,bus,1,102736.2,2,boarding_links,13.410257469109728,1,999999,2.0,0,1.875,999999,0.15,4,0,"LINESTRING (-122.34121 47.612338199999996, -122.34111 47.6124382)",w_bus_only;w_bus_metro;d_bus_only;d_bus_metro,Metro Transit,-1,102736.2.420:1;15;19;23;32;52;185;189;199;205;209;219;225;234;238;243;267;273;281;287;292;299;305;309;336;343;360;366;371;378;391
1001163,1500388,1000118,bus,1,102736.2,2,boarding_links,13.410257469109728,1,999999,2.0,0,1.0,999999,0.15,4,0,"LINESTRING (-122.34121 47.612338199999996, -122.34111 47.6124382)",w_bus_only;w_bus_metro;d_bus_only;d_bus_metro,Metro Transit,-1,102736.2.420:1;15;19;23;32;52;185;189;199;205;209;219;225;234;238;243;267;273;281;287;292;299;305;309;336;343;360;366;371;378;391
1001164,1000120,1500389,bus,1,102736.2,2,boarding_links,13.41052736335209,1,999999,2.0,0,1.875,999999,0.15,4,0,"LINESTRING (-122.337388 47.6089698, -122.337288 47.6090698)",w_bus_only;w_bus_metro;d_bus_only;d_bus_metro,Metro Transit,-1,102736.2.433:1;15;19;23;32;52;185;189;199;205;209;219;225;234;238;243;267;273;281;287;292;299;305;309;336;343;360;366;371;378;391
1001165,1500389,1000120,bus,1,102736.2,2,boarding_links,13.41052736335209,1,999999,2.0,0,1.0,999999,0.15,4,0,"LINESTRING (-122.337388 47.6089698, -122.337288 47.6090698)",w_bus_only;w_bus_metro;d_bus_only;d_bus_metro,Metro Transit,-1,102736.2.433:1;15;19;23;32;52;185;189;199;205;209;219;225;234;238;243;267;273;281;287;292;299;305;309;336;343;360;366;371;378;391
1001166,1000134,1500390,bus,1,102736.2,2,boarding_links,13.410737955060387,1,999999,2.0,0,1.875,999999,0.15,4,0,"LINESTRING (-122.33500000000001 47.6063415, -122.3349 47.6064415)",w_bus_only;w_bus_metro;d_bus_only;d_bus_metro,Metro Transit,-1,102736.2.468:1;15;19;23;32;52;185;189;199;205;209;219;225;234;238;243;267;273;281;287;292;299;305;309;336;343;360;366;371;378;391
1001167,1500390,1000134,bus,1,102736.2,2,boarding_links,13.410737955060387,1,999999,2.0,0,1.0,999999,0.15,4,0,"LINESTRING (-122.33500000000001 47.6063415, -122.3349 47.6064415)",w_bus_only;w_bus_metro;d_bus_only;d_bus_metro,Metro Transit,-1,102736.2.468:1;15;19;23;32;52;185;189;199;205;209;219;225;234;238;243;267;273;281;287;292;299;305;309;336;343;360;366;371;378;391
1001168,1000136,1500391,bus,1,102736.2,2,boarding_links,13.421783820805215,1,999999,2.0,0,1.875,999999,0.15,4,0,"LINESTRING (-122.341454 47.4684555, -122.341354 47.4685555)",w_bus_only;w_bus_metro;d_bus_only;d_bus_metro,Metro Transit,-1,102736.2.47660:1;15;19;23;32;52;185;189;199;205;209;219;225;234;238;243;267;273;281;287;292;299;305;309;336;343;360;366;371;378;391
1001169,1500391,1000136,bus,1,102736.2,2,boarding_links,13.421783820805215,1,999999,2.0,0,1.0,999999,0.15,4,0,"LINESTRING (-122.341454 47.4684555, -122.341354 47.4685555)",w_bus_only;w_bus_metro;d_bus_only;d_bus_metro,Metro Transit,-1,102736.2.47660:1;15;19;23;32;52;185;189;199;205;209;219;225;234;238;243;267;273;281;287;292;299;305;309;336;343;360;366;371;378;391
1001170,1000138,1500392,bus,1,102736.2,2,boarding_links,13.410912481478027,1,999999,2.0,0,1.875,999999,0.15,4,0,"LINESTRING (-122.33300100000001 47.604163299999996, -122.332901 47.6042633)",w_bus_only;w_bus_metro;d_bus_only;d_bus_metro,Metro Transit,-1,102736.2.481:1;15;19;23;32;52;185;189;199;205;209;219;225;234;238;243;267;273;281;287;292;299;305;309;336;343;360;366;371;378;391
1001171,1500392,1000138,bus,1,102736.2,2,boarding_links,13.410912481478027,1,999999,2.0,0,1.0,999999,0.15,4,0,"LINESTRING (-122.33300100000001 47.604163299999996, -122.332901 47.6042633)",w_bus_only;w_bus_metro;d_bus_only;d_bus_metro,Metro Transit,-1,102736.2.481:1;15;19;23;32;52;185;189;199;205;209;219;225;234;238;243;267;273;281;287;292;299;305;309;336;343;360;366;371;378;391
1001172,1000152,1500393,bus,1,102736.2,2,boarding_links,13.419790168982185,1,999999,2.0,0,1.875,999999,0.15,4,0,"LINESTRING (-122.35016 47.4933464, -122.35006 47.4934464)",w_bus_only;w_bus_metro;d_bus_only;d_bus_metro,Metro Transit,-1,102736.2.51551:1;15;19;23;32;52;185;189;199;205;209;219;225;234;238;243;267;273;281;287;292;299;305;309;336;343;360;366;371;378;391
1001173,1500393,1000152,bus,1,102736.2,2,boarding_links,13.419790168982185,1,999999,2.0,0,1.0,999999,0.15,4,0,"LINESTRING (-122.35016 47.4933464, -122.35006 47.4934464)",w_bus_only;w_bus_metro;d_bus_only;d_bus_metro,Metro Transit,-1,102736.2.51551:1;15;19;23;32;52;185;189;199;205;209;219;225;234;238;243;267;273;281;287;292;299;305;309;336;343;360;366;371;378;391
1001174,1000158,1500394,bus,1,102736.2,2,boarding_links,13.417920437421557,1,999999,2.0,0,1.875,999999,0.15,4,0,"LINESTRING (-122.354234 47.516688499999994, -122.354134 47.5167885)",w_bus_only;w_bus_metro;d_bus_only;d_bus_metro,Metro Transit,-1,102736.2.52030:1;15;19;23;32;52;185;189;199;205;209;219;225;234;238;243;267;273;281;287;292;299;305;309;336;343;360;366;371;378;391
1001175,1500394,1000158,bus,1,102736.2,2,boarding_links,13.417920437421557,1,999999,2.0,0,1.0,999999,0.15,4,0,"LINESTRING (-122.354234 47.516688499999994, -122.354134 47.5167885)",w_bus_only;w_bus_metro;d_bus_only;d_bus_metro,Metro Transit,-1,102736.2.52030:1;15;19;23;32;52;185;189;199;205;209;219;225;234;238;243;267;273;281;287;292;299;305;309;336;343;360;366;371;378;391
1001176,1000159,1500395,bus,1,102736.2,2,boarding_links,13.418302402567102,1,999999,2.0,0,1.875,999999,0.15,4,0,"LINESTRING (-122.35408100000001 47.5119201, -122.353981 47.5120201)",w_bus_only;w_bus_metro;d_bus_only;d_bus_metro,Metro Transit,-1,102736.2.52051:1;15;19;23;32;52;185;189;199;205;209;219;225;234;238;243;267;273;281;287;292;299;305;309;336;343;360;366;371;378;391
1001177,1500395,1000159,bus,1,102736.2,2,boarding_links,13.418302402567102,1,999999,2.0,0,1.0,999999,0.15,4,0,"LINESTRING (-122.35408100000001 47.5119201, -122.353981 47.5120201)",w_bus_only;w_bus_metro;d_bus_only;d_bus_metro,Metro Transit,-1,102736.2.52051:1;15;19;23;32;52;185;189;199;205;209;219;225;234;238;243;267;273;281;287;292;299;305;309;336;343;360;366;371;378;391
1001178,1000160,1500396,bus,1,102736.2,2,boarding_links,13.418646161874609,1,999999,2.0,0,1.875,999999,0.15,4,0,"LINESTRING (-122.353959 47.5076286, -122.353859 47.5077286)",w_bus_only;w_bus_metro;d_bus_only;d_bus_metro,Metro Transit,-1,102736.2.52081:1;15;19;23;32;52;185;189;199;205;209;219;225;234;238;243;267;273;281;287;292;299;305;309;336;343;360;366;371;378;391
1001179,1500396,1000160,bus,1,102736.2,2,boarding_links,13.418646161874609,1,999999,2.0,0,1.0,999999,0.15,4,0,"LINESTRING (-122.353959 47.5076286, -122.353859 47.5077286)",w_bus_only;w_bus_metro;d_bus_only;d_bus_metro,Metro Transit,-1,102736.2.52081:1;15;19;23;32;52;185;189;199;205;209;219;225;234;238;243;267;273;281;287;292;299;305;309;336;343;360;366;371;378;391
1001180,1000161,1500397,bus,1,102736.2,2,boarding_links,13.419084948400421,1,999999,2.0,0,1.875,999999,0.15,4,0,"LINESTRING (-122.35534700000001 47.502150699999994, -122.355247 47.5022507)",w_bus_only;w_bus_metro;d_bus_only;d_bus_metro,Metro Transit,-1,102736.2.52120:1;15;19;23;32;52;185;189;199;205;209;219;225;234;238;243;267;273;281;287;292;299;305;309;336;343;360;366;371;378;391
1001181,1500397,1000161,bus,1,102736.2,2,boarding_links,13.419084948400421,1,999999,2.0,0,1.0,999999,0.15,4,0,"LINESTRING (-122.35534700000001 47.502150699999994, -122.355247 47.5022507)",w_bus_only;w_bus_metro;d_bus_only;d_bus_metro,Metro Transit,-1,102736.2.52120:1;15;19;23;32;52;185;189;199;205;209;219;225;234;238;243;267;273;281;287;292;299;305;309;336;343;360;366;371;378;391
1001182,1000162,1500398,bus,1,102736.2,2,boarding_links,13.41932267791692,1,999999,2.0,0,1.875,999999,0.15,4,0,"LINESTRING (-122.35532500000001 47.4991828, -122.355225 47.4992828)",w_bus_only;w_bus_metro;d_bus_only;d_bus_metro,Metro Transit,-1,102736.2.52140:1;15;19;23;32;52;185;189;199;205;209;219;225;234;238;243;267;273;281;287;292;299;305;309;336;343;360;366;371;378;391
1001183,1500398,1000162,bus,1,102736.2,2,boarding_links,13.41932267791692,1,999999,2.0,0,1.0,999999,0.15,4,0,"LINESTRING (-122.35532500000001 47.4991828, -122.355225 47.4992828)",w_bus_only;w_bus_metro;d_bus_only;d_bus_metro,Metro Transit,-1,102736.2.52140:1;15;19;23;32;52;185;189;199;205;209;219;225;234;238;243;267;273;281;287;292;299;305;309;336;343;360;366;371;378;391
1001184,1000163,1500399,bus,1,102736.2,2,boarding_links,13.420215801271578,1,999999,2.0,0,1.875,999999,0.15,4,0,"LINESTRING (-122.35019 47.488032499999996, -122.35009 47.4881325)",w_bus_only;w_bus_metro;d_bus_only;d_bus_metro,Metro Transit,-1,102736.2.52200:1;15;19;23;32;52;185;189;199;205;209;219;225;234;238;243;267;273;281;287;292;299;305;309;336;343;360;366;371;378;391
1001185,1500399,1000163,bus,1,102736.2,2,boarding_links,13.420215801271578,1,999999,2.0,0,1.0,999999,0.15,4,0,"LINESTRING (-122.35019 47.488032499999996, -122.35009 47.4881325)",w_bus_only;w_bus_metro;d_bus_only;d_bus_metro,Metro Transit,-1,102736.2.52200:1;15;19;23;32;52;185;189;199;205;209;219;225;234;238;243;267;273;281;287;292;299;305;309;336;343;360;366;371;378;391
1001186,1000164,1500400,bus,1,102736.2,2,boarding_links,13.420814666111049,1,999999,2.0,0,1.875,999999,0.15,4,0,"LINESTRING (-122.348428 47.4805557, -122.348328 47.4806557)",w_bus_only;w_bus_metro;d_bus_only;d_bus_metro,Metro Transit,-1,102736.2.52240:1;15;19;23;32;52;185;189;199;205;209;219;225;234;238;243;267;273;281;287;292;299;305;309;336;343;360;366;371;378;391
1001187,1500400,1000164,bus,1,102736.2,2,boarding_links,13.420814666111049,1,999999,2.0,0,1.0,999999,0.15,4,0,"LINESTRING (-122.348428 47.4805557, -122.348328 47.4806557)",w_bus_only;w_bus_metro;d_bus_only;d_bus_metro,Metro Transit,-1,102736.2.52240:1;15;19;23;32;52;185;189;199;205;209;219;225;234;238;243;267;273;281;287;292;299;305;309;336;343;360;366;371;378;391
1001188,1000165,1500401,bus,1,102736.2,2,boarding_links,13.42122470408854,1,999999,2.0,0,1.875,999999,0.15,4,0,"LINESTRING (-122.347779 47.4754363, -122.347679 47.4755363)",w_bus_only;w_bus_metro;d_bus_only;d_bus_metro,Metro Transit,-1,102736.2.52261:1;15;19;23;32;52;185;189;199;205;209;219;225;234;238;243;267;273;281;287;292;299;305;309;336;343;360;366;371;378;391
1001189,1500401,1000165,bus,1,102736.2,2,boarding_links,13.42122470408854,1,999999,2.0,0,1.0,999999,0.15,4,0,"LINESTRING (-122.347779 47.4754363, -122.347679 47.4755363)",w_bus_only;w_bus_metro;d_bus_only;d_bus_metro,Metro Transit,-1,102736.2.52261:1;15;19;23;32;52;185;189;199;205;209;219;225;234;238;243;267;273;281;287;292;299;305;309;336;343;360;366;371;378;391
1001190,1000166,1500402,bus,1,102736.2,2,boarding_links,13.42162708699263,1,999999,2.0,0,1.875,999999,0.15,4,0,"LINESTRING (-122.347184 47.470412399999994, -122.347084 47.4705124)",w_bus_only;w_bus_metro;d_bus_only;d_bus_metro,Metro Transit,-1,102736.2.52281:1;15;19;23;32;52;185;189;199;205;209;219;225;234;238;243;267;273;281;287;292;299;305;309;336;343;360;366;371;378;391
1001191,1500402,1000166,bus,1,102736.2,2,boarding_links,13.42162708699263,1,999999,2.0,0,1.0,999999,0.15,4,0,"LINESTRING (-122.347184 47.470412399999994, -122.347084 47.4705124)",w_bus_only;w_bus_metro;d_bus_only;d_bus_metro,Metro Transit,-1,102736.2.52281:1;15;19;23;32;52;185;189;199;205;209;219;225;234;238;243;267;273;281;287;292;299;305;309;336;343;360;366;371;378;391
1001192,1000169,1500403,bus,1,102736.2,2,boarding_links,13.421692779306332,1,999999,2.0,0,1.875,999999,0.15,4,0,"LINESTRING (-122.337388 47.469592199999994, -122.337288 47.4696922)",w_bus_only;w_bus_metro;d_bus_only;d_bus_metro,Metro Transit,-1,102736.2.52304:1;15;19;23;32;52;185;189;199;205;209;219;225;234;238;243;267;273;281;287;292;299;305;309;336;343;360;366;371;378;391
1001193,1500403,1000169,bus,1,102736.2,2,boarding_links,13.421692779306332,1,999999,2.0,0,1.0,999999,0.15,4,0,"LINESTRING (-122.337388 47.469592199999994, -122.337288 47.4696922)",w_bus_only;w_bus_metro;d_bus_only;d_bus_metro,Metro Transit,-1,102736.2.52304:1;15;19;23;32;52;185;189;199;205;209;219;225;234;238;243;267;273;281;287;292;299;305;309;336;343;360;366;371;378;391
5,1000037,1000036,sta2sta,1,-1,3,transferring_links,15.104024657137966,1,999999,1.0,60,0.015104024657137966,999999,0.15,4,99,"LINESTRING (-122.336685 47.6024971, -122.336784 47.6026154)",w_bus_only;d_bus_only,,,
6,1000036,1000037,sta2sta,1,-1,3,transferring_links,15.104024657137966,1,999999,1.0,60,0.015104024657137966,999999,0.15,4,99,"LINESTRING (-122.336784 47.6026154, -122.336685 47.6024971)",w_bus_only;d_bus_only,,,
9,1000039,1000038,sta2sta,1,-1,3,transferring_links,113.55302679030875,1,999999,1.0,60,0.11355302679030875,999999,0.15,4,99,"LINESTRING (-122.33596 47.5987167, -122.335556 47.5997009)",w_bus_only;d_bus_only,,,
10,1000038,1000039,sta2sta,1,-1,3,transferring_links,113.55302679030875,1,999999,1.0,60,0.11355302679030875,999999,0.15,4,99,"LINESTRING (-122.335556 47.5997009, -122.33596 47.5987167)",w_bus_only;d_bus_only,,,
11,1000040,1000044,sta2sta,1,-1,3,transferring_links,133.60936315100102,1,999999,1.0,60,0.13360936315100103,999999,0.15,4,99,"LINESTRING (-122.329941 47.6016579, -122.328255 47.602047)",w_bus_only;d_bus_only,,,
12,1000044,1000040,sta2sta,1,-1,3,transferring_links,133.60936315100102,1,999999,1.0,60,0.13360936315100103,999999,0.15,4,99,"LINESTRING (-122.328255 47.602047, -122.329941 47.6016579)",w_bus_only;d_bus_only,,,
13,1000044,1000020,sta2sta,1,-1,3,transferring_links,178.38451409130604,1,999999,1.0,60,0.17838451409130604,999999,0.15,4,99,"LINESTRING (-122.328255 47.602047, -122.329758 47.6008034)",w_bus_only;d_bus_only,,,
14,1000020,1000044,sta2sta,1,-1,3,transferring_links,178.38451409130604,1,999999,1.0,60,0.17838451409130604,999999,0.15,4,99,"LINESTRING (-122.329758 47.6008034, -122.328255 47.602047)",w_bus_only;d_bus_only,,,
17,1000088,1000089,sta2sta,1,-1,3,transferring_links,187.99184220651622,1,999999,1.0,60,0.1879918422065162,999999,0.15,4,99,"LINESTRING (-122.365547 47.5174294, -122.36805 47.5174561)",w_bus_only;d_bus_only,,,
18,1000089,1000088,sta2sta,1,-1,3,transferring_links,187.99184220651622,1,999999,1.0,60,0.1879918422065162,999999,0.15,4,99,"LINESTRING (-122.36805 47.5174561, -122.365547 47.5174294)",w_bus_only;d_bus_only,,,
19,1000089,1000064,sta2sta,1,-1,3,transferring_links,203.0959183966278,1,999999,1.0,60,0.2030959183966278,999999,0.15,4,99,"LINESTRING (-122.36805 47.5174561, -122.365356 47.5172958)",w_bus_only;d_bus_only,,,
20,1000064,1000089,sta2sta,1,-1,3,transferring_links,203.0959183966278,1,999999,1.0,60,0.2030959183966278,999999,0.15,4,99,"LINESTRING (-122.365356 47.5172958, -122.36805 47.5174561)",w_bus_only;d_bus_only,,,
23,1000106,1000091,sta2sta,1,-1,3,transferring_links,119.1985572969747,1,999999,1.0,60,0.11919855729697469,999999,0.15,4,99,"LINESTRING (-122.365768 47.5209389, -122.367355 47.5209618)",w_bus_only;d_bus_only,,,
24,1000091,1000106,sta2sta,1,-1,3,transferring_links,119.1985572969747,1,999999,1.0,60,0.11919855729697469,999999,0.15,4,99,"LINESTRING (-122.367355 47.5209618, -122.365768 47.5209389)",w_bus_only;d_bus_only,,,
25,1000114,1000091,sta2sta,1,-1,3,transferring_links,184.46522237702064,1,999999,1.0,60,0.18446522237702065,999999,0.15,4,99,"LINESTRING (-122.364906 47.5210915, -122.367355 47.5209618)",w_bus_only;d_bus_only,,,
26,1000091,1000114,sta2sta,1,-1,3,transferring_links,184.46522237702064,1,999999,1.0,60,0.18446522237702065,999999,0.15,4,99,"LINESTRING (-122.367355 47.5209618, -122.364906 47.5210915)",w_bus_only;d_bus_only,,,
31,1000118,1000213,sta2sta,1,-1,3,transferring_links,78.01382539355467,1,999999,1.0,60,0.07801382539355467,999999,0.15,4,99,"LINESTRING (-122.34111 47.6124382, -122.341743 47.6129951)",w_bus_only;d_bus_only,,,
32,1000213,1000118,sta2sta,1,-1,3,transferring_links,78.01382539355467,1,999999,1.0,60,0.07801382539355467,999999,0.15,4,99,"LINESTRING (-122.341743 47.6129951, -122.34111 47.6124382)",w_bus_only;d_bus_only,,,
37,1000120,1000119,sta2sta,1,-1,3,transferring_links,94.64539904553251,1,999999,1.0,60,0.09464539904553251,999999,0.15,4,99,"LINESTRING (-122.337288 47.6090698, -122.337959 47.6097908)",w_bus_only;d_bus_only,,,
38,1000119,1000120,sta2sta,1,-1,3,transferring_links,94.64539904553251,1,999999,1.0,60,0.09464539904553251,999999,0.15,4,99,"LINESTRING (-122.337959 47.6097908, -122.337288 47.6090698)",w_bus_only;d_bus_only,,,
49,1000137,1000167,sta2sta,1,-1,3,transferring_links,237.86901759294008,1,999999,1.0,60,0.23786901759294007,999999,0.15,4,99,"LINESTRING (-122.341385 47.4686928, -122.339226 47.4671288)",w_bus_only;d_bus_only,,,
50,1000167,1000137,sta2sta,1,-1,3,transferring_links,237.86901759294008,1,999999,1.0,60,0.23786901759294007,999999,0.15,4,99,"LINESTRING (-122.339226 47.4671288, -122.341385 47.4686928)",w_bus_only;d_bus_only,,,
51,1000138,1000134,sta2sta,1,-1,3,transferring_links,284.8218497709719,1,999999,1.0,60,0.28482184977097186,999999,0.15,4,99,"LINESTRING (-122.332901 47.6042633, -122.3349 47.6064415)",w_bus_only;d_bus_only,,,
52,1000134,1000138,sta2sta,1,-1,3,transferring_links,284.8218497709719,1,999999,1.0,60,0.28482184977097186,999999,0.15,4,99,"LINESTRING (-122.3349 47.6064415, -122.332901 47.6042633)",w_bus_only;d_bus_only,,,
57,1000140,1000040,sta2sta,1,-1,3,transferring_links,276.2708996130047,1,999999,1.0,60,0.2762708996130047,999999,0.15,4,99,"LINESTRING (-122.332275 47.6035805, -122.329941 47.6016579)",w_bus_only;d_bus_only,,,
58,1000040,1000140,sta2sta,1,-1,3,transferring_links,276.2708996130047,1,999999,1.0,60,0.2762708996130047,999999,0.15,4,99,"LINESTRING (-122.329941 47.6016579, -122.332275 47.6035805)",w_bus_only;d_bus_only,,,
59,1000140,1000138,sta2sta,1,-1,3,transferring_links,89.25903991911251,1,999999,1.0,60,0.0892590399191125,999999,0.15,4,99,"LINESTRING (-122.332275 47.6035805, -122.332901 47.6042633)",w_bus_only;d_bus_only,,,
60,1000138,1000140,sta2sta,1,-1,3,transferring_links,89.25903991911251,1,999999,1.0,60,0.0892590399191125,999999,0.15,4,99,"LINESTRING (-122.332901 47.6042633, -122.332275 47.6035805)",w_bus_only;d_bus_only,,,
61,1000140,1000175,sta2sta,1,-1,3,transferring_links,151.46458557384784,1,999999,1.0,60,0.15146458557384784,999999,0.15,4,99,"LINESTRING (-122.332275 47.6035805, -122.33316 47.604805)",w_bus_only;d_bus_only,,,
62,1000175,1000140,sta2sta,1,-1,3,transferring_links,151.46458557384784,1,999999,1.0,60,0.15146458557384784,999999,0.15,4,99,"LINESTRING (-122.33316 47.604805, -122.332275 47.6035805)",w_bus_only;d_bus_only,,,
63,1000147,1000044,sta2sta,1,-1,3,transferring_links,229.1699553098204,1,999999,1.0,60,0.2291699553098204,999999,0.15,4,99,"LINESTRING (-122.330841 47.6009483, -122.328255 47.602047)",w_bus_only;d_bus_only,,,
64,1000044,1000147,sta2sta,1,-1,3,transferring_links,229.1699553098204,1,999999,1.0,60,0.2291699553098204,999999,0.15,4,99,"LINESTRING (-122.328255 47.602047, -122.330841 47.6009483)",w_bus_only;d_bus_only,,,
65,1000167,1000136,sta2sta,1,-1,3,transferring_links,225.28595990972423,1,999999,1.0,60,0.22528595990972422,999999,0.15,4,99,"LINESTRING (-122.339226 47.4671288, -122.341354 47.4685555)",w_bus_only;d_bus_only,,,
66,1000136,1000167,sta2sta,1,-1,3,transferring_links,225.28595990972423,1,999999,1.0,60,0.22528595990972422,999999,0.15,4,99,"LINESTRING (-122.341354 47.4685555, -122.339226 47.4671288)",w_bus_only;d_bus_only,,,
69,1000169,1000167,sta2sta,1,-1,3,transferring_links,320.10493045901376,1,999999,1.0,60,0.3201049304590138,999999,0.15,4,99,"LINESTRING (-122.337288 47.4696922, -122.339226 47.4671288)",w_bus_only;d_bus_only,,,
70,1000167,1000169,sta2sta,1,-1,3,transferring_links,320.10493045901376,1,999999,1.0,60,0.3201049304590138,999999,0.15,4,99,"LINESTRING (-122.339226 47.4671288, -122.337288 47.4696922)",w_bus_only;d_bus_only,,,
71,1000170,1000168,sta2sta,1,-1,3,transferring_links,79.47448192611255,1,999999,1.0,60,0.07947448192611255,999999,0.15,4,99,"LINESTRING (-122.337318 47.4694099, -122.337067 47.4701042)",w_bus_only;d_bus_only,,,
72,1000168,1000170,sta2sta,1,-1,3,transferring_links,79.47448192611255,1,999999,1.0,60,0.07947448192611255,999999,0.15,4,99,"LINESTRING (-122.337067 47.4701042, -122.337318 47.4694099)",w_bus_only;d_bus_only,,,
73,1000173,1000136,sta2sta,1,-1,3,transferring_links,269.387032913539,1,999999,1.0,60,0.269387032913539,999999,0.15,4,99,"LINESTRING (-122.339088 47.4666786, -122.341354 47.4685555)",w_bus_only;d_bus_only,,,
74,1000136,1000173,sta2sta,1,-1,3,transferring_links,269.387032913539,1,999999,1.0,60,0.269387032913539,999999,0.15,4,99,"LINESTRING (-122.341354 47.4685555, -122.339088 47.4666786)",w_bus_only;d_bus_only,,,
75,1000174,1000134,sta2sta,1,-1,3,transferring_links,316.72886358870284,1,999999,1.0,60,0.31672886358870284,999999,0.15,4,99,"LINESTRING (-122.332504 47.6040955, -122.3349 47.6064415)",w_bus_only;d_bus_only,,,
76,1000134,1000174,sta2sta,1,-1,3,transferring_links,316.72886358870284,1,999999,1.0,60,0.31672886358870284,999999,0.15,4,99,"LINESTRING (-122.3349 47.6064415, -122.332504 47.6040955)",w_bus_only;d_bus_only,,,
77,1000174,1000138,sta2sta,1,-1,3,transferring_links,35.12908648309765,1,999999,1.0,60,0.03512908648309765,999999,0.15,4,99,"LINESTRING (-122.332504 47.6040955, -122.332901 47.6042633)",w_bus_only;d_bus_only,,,
78,1000138,1000174,sta2sta,1,-1,3,transferring_links,35.12908648309765,1,999999,1.0,60,0.03512908648309765,999999,0.15,4,99,"LINESTRING (-122.332901 47.6042633, -122.332504 47.6040955)",w_bus_only;d_bus_only,,,
81,1000175,1000134,sta2sta,1,-1,3,transferring_links,223.89801158155512,1,999999,1.0,60,0.22389801158155512,999999,0.15,4,99,"LINESTRING (-122.33316 47.604805, -122.3349 47.6064415)",w_bus_only;d_bus_only,,,
82,1000134,1000175,sta2sta,1,-1,3,transferring_links,223.89801158155512,1,999999,1.0,60,0.22389801158155512,999999,0.15,4,99,"LINESTRING (-122.3349 47.6064415, -122.33316 47.604805)",w_bus_only;d_bus_only,,,
83,1000175,1000138,sta2sta,1,-1,3,transferring_links,63.28683855003822,1,999999,1.0,60,0.06328683855003822,999999,0.15,4,99,"LINESTRING (-122.33316 47.604805, -122.332901 47.6042633)",w_bus_only;d_bus_only,,,
84,1000138,1000175,sta2sta,1,-1,3,transferring_links,63.28683855003822,1,999999,1.0,60,0.06328683855003822,999999,0.15,4,99,"LINESTRING (-122.332901 47.6042633, -122.33316 47.604805)",w_bus_only;d_bus_only,,,
85,1000175,1000174,sta2sta,1,-1,3,transferring_links,92.96745298885045,1,999999,1.0,60,0.09296745298885045,999999,0.15,4,99,"LINESTRING (-122.33316 47.604805, -122.332504 47.6040955)",w_bus_only;d_bus_only,,,
86,1000174,1000175,sta2sta,1,-1,3,transferring_links,92.96745298885045,1,999999,1.0,60,0.09296745298885045,999999,0.15,4,99,"LINESTRING (-122.332504 47.6040955, -122.33316 47.604805)",w_bus_only;d_bus_only,,,
87,1000183,1000134,sta2sta,1,-1,3,transferring_links,128.19017117029884,1,999999,1.0,60,0.12819017117029885,999999,0.15,4,99,"LINESTRING (-122.333832 47.6055412, -122.3349 47.6064415)",w_bus_only;d_bus_only,,,
88,1000134,1000183,sta2sta,1,-1,3,transferring_links,128.19017117029884,1,999999,1.0,60,0.12819017117029885,999999,0.15,4,99,"LINESTRING (-122.3349 47.6064415, -122.333832 47.6055412)",w_bus_only;d_bus_only,,,
89,1000183,1000174,sta2sta,1,-1,3,transferring_links,189.08937439249019,1,999999,1.0,60,0.18908937439249018,999999,0.15,4,99,"LINESTRING (-122.333832 47.6055412, -122.332504 47.6040955)",w_bus_only;d_bus_only,,,
90,1000174,1000183,sta2sta,1,-1,3,transferring_links,189.08937439249019,1,999999,1.0,60,0.18908937439249018,999999,0.15,4,99,"LINESTRING (-122.332504 47.6040955, -122.333832 47.6055412)",w_bus_only;d_bus_only,,,
91,1000183,1000175,sta2sta,1,-1,3,transferring_links,96.12270655827336,1,999999,1.0,60,0.09612270655827336,999999,0.15,4,99,"LINESTRING (-122.333832 47.6055412, -122.33316 47.604805)",w_bus_only;d_bus_only,,,
92,1000175,1000183,sta2sta,1,-1,3,transferring_links,96.12270655827336,1,999999,1.0,60,0.09612270655827336,999999,0.15,4,99,"LINESTRING (-122.33316 47.604805, -122.333832 47.6055412)",w_bus_only;d_bus_only,,,
93,1000184,1000120,sta2sta,1,-1,3,transferring_links,273.0377397114477,1,999999,1.0,60,0.27303773971144774,999999,0.15,4,99,"LINESTRING (-122.335213 47.6070518, -122.337288 47.6090698)",w_bus_only;d_bus_only,,,
94,1000120,1000184,sta2sta,1,-1,3,transferring_links,273.0377397114477,1,999999,1.0,60,0.27303773971144774,999999,0.15,4,99,"LINESTRING (-122.337288 47.6090698, -122.335213 47.6070518)",w_bus_only;d_bus_only,,,
95,1000184,1000134,sta2sta,1,-1,3,transferring_links,71.80467899193525,1,999999,1.0,60,0.07180467899193525,999999,0.15,4,99,"LINESTRING (-122.335213 47.6070518, -122.3349 47.6064415)",w_bus_only;d_bus_only,,,
96,1000134,1000184,sta2sta,1,-1,3,transferring_links,71.80467899193525,1,999999,1.0,60,0.07180467899193525,999999,0.15,4,99,"LINESTRING (-122.3349 47.6064415, -122.335213 47.6070518)",w_bus_only;d_bus_only,,,
97,1000184,1000175,sta2sta,1,-1,3,transferring_links,293.4383535321654,1,999999,1.0,60,0.2934383535321654,999999,0.15,4,99,"LINESTRING (-122.335213 47.6070518, -122.33316 47.604805)",w_bus_only;d_bus_only,,,
98,1000175,1000184,sta2sta,1,-1,3,transferring_links,293.4383535321654,1,999999,1.0,60,0.2934383535321654,999999,0.15,4,99,"LINESTRING (-122.33316 47.604805, -122.335213 47.6070518)",w_bus_only;d_bus_only,,,
99,1000189,1000119,sta2sta,1,-1,3,transferring_links,154.70654132720975,1,999999,1.0,60,0.15470654132720976,999999,0.15,4,99,"LINESTRING (-122.3367 47.6086884, -122.337959 47.6097908)",w_bus_only;d_bus_only,,,
100,1000119,1000189,sta2sta,1,-1,3,transferring_links,154.70654132720975,1,999999,1.0,60,0.15470654132720976,999999,0.15,4,99,"LINESTRING (-122.337959 47.6097908, -122.3367 47.6086884)",w_bus_only;d_bus_only,,,
101,1000189,1000184,sta2sta,1,-1,3,transferring_links,213.41141483064098,1,999999,1.0,60,0.21341141483064097,999999,0.15,4,99,"LINESTRING (-122.3367 47.6086884, -122.335213 47.6070518)",w_bus_only;d_bus_only,,,
102,1000184,1000189,sta2sta,1,-1,3,transferring_links,213.41141483064098,1,999999,1.0,60,0.21341141483064097,999999,0.15,4,99,"LINESTRING (-122.335213 47.6070518, -122.3367 47.6086884)",w_bus_only;d_bus_only,,,
103,1000190,1000119,sta2sta,1,-1,3,transferring_links,32.55508616979157,1,999999,1.0,60,0.032555086169791574,999999,0.15,4,99,"LINESTRING (-122.337585 47.609642, -122.337959 47.6097908)",w_bus_only;d_bus_only,,,
104,1000119,1000190,sta2sta,1,-1,3,transferring_links,32.55508616979157,1,999999,1.0,60,0.032555086169791574,999999,0.15,4,99,"LINESTRING (-122.337959 47.6097908, -122.337585 47.609642)",w_bus_only;d_bus_only,,,
105,1000190,1000120,sta2sta,1,-1,3,transferring_links,67.40886381274285,1,999999,1.0,60,0.06740886381274284,999999,0.15,4,99,"LINESTRING (-122.337585 47.609642, -122.337288 47.6090698)",w_bus_only;d_bus_only,,,
106,1000120,1000190,sta2sta,1,-1,3,transferring_links,67.40886381274285,1,999999,1.0,60,0.06740886381274284,999999,0.15,4,99,"LINESTRING (-122.337288 47.6090698, -122.337585 47.609642)",w_bus_only;d_bus_only,,,
107,1000198,1000118,sta2sta,1,-1,3,transferring_links,217.05905189234986,1,999999,1.0,60,0.21705905189234986,999999,0.15,4,99,"LINESTRING (-122.338951 47.6111374, -122.34111 47.6124382)",w_bus_only;d_bus_only,,,
108,1000118,1000198,sta2sta,1,-1,3,transferring_links,217.05905189234986,1,999999,1.0,60,0.21705905189234986,999999,0.15,4,99,"LINESTRING (-122.34111 47.6124382, -122.338951 47.6111374)",w_bus_only;d_bus_only,,,
109,1000198,1000190,sta2sta,1,-1,3,transferring_links,195.2826054053217,1,999999,1.0,60,0.1952826054053217,999999,0.15,4,99,"LINESTRING (-122.338951 47.6111374, -122.337585 47.609642)",w_bus_only;d_bus_only,,,
110,1000190,1000198,sta2sta,1,-1,3,transferring_links,195.2826054053217,1,999999,1.0,60,0.1952826054053217,999999,0.15,4,99,"LINESTRING (-122.337585 47.609642, -122.338951 47.6111374)",w_bus_only;d_bus_only,,,
111,1000213,1000115,sta2sta,1,-1,3,transferring_links,238.536262193251,1,999999,1.0,60,0.238536262193251,999999,0.15,4,99,"LINESTRING (-122.341743 47.6129951, -122.344269 47.6142998)",w_bus_only;d_bus_only,,,
112,1000115,1000213,sta2sta,1,-1,3,transferring_links,238.536262193251,1,999999,1.0,60,0.238536262193251,999999,0.15,4,99,"LINESTRING (-122.344269 47.6142998, -122.341743 47.6129951)",w_bus_only;d_bus_only,,,
113,1000213,1000198,sta2sta,1,-1,3,transferring_links,294.06368159175713,1,999999,1.0,60,0.2940636815917571,999999,0.15,4,99,"LINESTRING (-122.341743 47.6129951, -122.338951 47.6111374)",w_bus_only;d_bus_only,,,
114,1000198,1000213,sta2sta,1,-1,3,transferring_links,294.06368159175713,1,999999,1.0,60,0.2940636815917571,999999,0.15,4,99,"LINESTRING (-122.338951 47.6111374, -122.341743 47.6129951)",w_bus_only;d_bus_only,,,
115,1000214,1000115,sta2sta,1,-1,3,transferring_links,121.34497771319148,1,999999,1.0,60,0.12134497771319148,999999,0.15,4,99,"LINESTRING (-122.345337 47.6151199, -122.344269 47.6142998)",w_bus_only;d_bus_only,,,
116,1000115,1000214,sta2sta,1,-1,3,transferring_links,121.34497771319148,1,999999,1.0,60,0.12134497771319148,999999,0.15,4,99,"LINESTRING (-122.344269 47.6142998, -122.345337 47.6151199)",w_bus_only;d_bus_only,,,
119,1000239,1000238,sta2sta,1,-1,3,transferring_links,43.814028518020265,1,999999,1.0,60,0.043814028518020263,999999,0.15,4,99,"LINESTRING (-122.287933 47.4640274, -122.288452 47.4642067)",w_bus_only;d_bus_only,,,
120,1000238,1000239,sta2sta,1,-1,3,transferring_links,43.814028518020265,1,999999,1.0,60,0.043814028518020263,999999,0.15,4,99,"LINESTRING (-122.288452 47.4642067, -122.287933 47.4640274)",w_bus_only;d_bus_only,,,
121,1000240,1000238,sta2sta,1,-1,3,transferring_links,69.6347645894626,1,999999,1.0,60,0.0696347645894626,999999,0.15,4,99,"LINESTRING (-122.287628 47.4639206, -122.288452 47.4642067)",w_bus_only;d_bus_only,,,
122,1000238,1000240,sta2sta,1,-1,3,transferring_links,69.6347645894626,1,999999,1.0,60,0.0696347645894626,999999,0.15,4,99,"LINESTRING (-122.288452 47.4642067, -122.287628 47.4639206)",w_bus_only;d_bus_only,,,
123,1000367,1000238,sta2sta,1,-1,3,transferring_links,234.30584187845247,1,999999,1.0,60,0.23430584187845246,999999,0.15,4,99,"LINESTRING (-122.291168 47.4652405, -122.288452 47.4642067)",w_bus_only;d_bus_only,,,
124,1000238,1000367,sta2sta,1,-1,3,transferring_links,234.30584187845247,1,999999,1.0,60,0.23430584187845246,999999,0.15,4,99,"LINESTRING (-122.288452 47.4642067, -122.291168 47.4652405)",w_bus_only;d_bus_only,,,
125,1000368,1000238,sta2sta,1,-1,3,transferring_links,233.91127743304773,1,999999,1.0,60,0.23391127743304774,999999,0.15,4,99,"LINESTRING (-122.291267 47.4651031, -122.288452 47.4642067)",w_bus_only;d_bus_only,,,
126,1000238,1000368,sta2sta,1,-1,3,transferring_links,233.91127743304773,1,999999,1.0,60,0.23391127743304774,999999,0.15,4,99,"LINESTRING (-122.288452 47.4642067, -122.291267 47.4651031)",w_bus_only;d_bus_only,,,
