name,node_id,physical_node_id,x_coord,y_coord,route_type,route_id,node_type,directed_route_id,directed_service_id,zone_id,agency_name,geometry,terminal_flag,ctrl_type,agent_type
10325,1000001,1000001,-122.33345,47.6266136,3,102576,stop,,,,Metro Transit,POINT (-122.33345 47.6266136),1,,
10328,1000002,1000002,-122.334106,47.6260338,3,102576,stop,,,,Metro Transit,POINT (-122.334106 47.6260338),1,,
13600,1000003,1000003,-122.376915,47.6901588,3,102581,stop,,,,Metro Transit,POINT (-122.376915 47.6901588),0,,
13620,1000004,1000004,-122.3769,47.6862793,3,102581,stop,,,,Metro Transit,POINT (-122.3769 47.6862793),0,,
13640,1000005,1000005,-122.376892,47.682991,3,102581,stop,,,,Metro Transit,POINT (-122.376892 47.682991),0,,
13660,1000006,1000006,-122.376877,47.6788483,3,102581,stop,,,,Metro Transit,POINT (-122.376877 47.6788483),0,,
13670,1000007,1000007,-122.376686,47.6760826,3,102581,stop,,,,Metro Transit,POINT (-122.376686 47.6760826),0,,
13700,1000008,1000008,-122.376312,47.6724358,3,102581,stop,,,,Metro Transit,POINT (-122.376312 47.6724358),0,,
13721,1000009,1000009,-122.376312,47.6689072,3,102581,stop,,,,Metro Transit,POINT (-122.376312 47.6689072),0,,
13760,1000010,1000010,-122.37648,47.6631432,3,102581,stop,,,,Metro Transit,POINT (-122.37648 47.6631432),0,,
13770,1000011,1000011,-122.376328,47.6534042,3,102581,stop,,,,Metro Transit,POINT (-122.376328 47.6534042),0,,
13800,1000012,1000012,-122.376877,47.6480637,3,102581,stop,,,,Metro Transit,POINT (-122.376877 47.6480637),0,,
13810,1000013,1000013,-122.376328,47.644825,3,102581,stop,,,,Metro Transit,POINT (-122.376328 47.644825),0,,
13830,1000014,1000014,-122.376312,47.6401825,3,102581,stop,,,,Metro Transit,POINT (-122.376312 47.6401825),0,,
13840,1000015,1000015,-122.376305,47.6372871,3,102581,stop,,,,Metro Transit,POINT (-122.376305 47.6372871),0,,
13870,1000016,1000016,-122.375305,47.6318817,3,102581,stop,,,,Metro Transit,POINT (-122.375305 47.6318817),0,,
13890,1000017,1000017,-122.371849,47.6291351,3,102581,stop,,,,Metro Transit,POINT (-122.371849 47.6291351),0,,
13910,1000018,1000018,-122.360809,47.6245308,3,102581,stop,,,,Metro Transit,POINT (-122.360809 47.6245308),0,,
14038,1000019,1000019,-122.361153,47.6246681,3,102581,stop,,,,Metro Transit,POINT (-122.361153 47.6246681),0,,
1404,1000020,1000020,-122.329758,47.6008034,3,102615,stop,,,,Metro Transit,POINT (-122.329758 47.6008034),1,,
14070,1000021,1000021,-122.371414,47.6290131,3,102581,stop,,,,Metro Transit,POINT (-122.371414 47.6290131),0,,
14090,1000022,1000022,-122.37529,47.6320915,3,102581,stop,,,,Metro Transit,POINT (-122.37529 47.6320915),0,,
14110,1000023,1000023,-122.376099,47.6370888,3,102581,stop,,,,Metro Transit,POINT (-122.376099 47.6370888),0,,
14130,1000024,1000024,-122.376114,47.6409225,3,102581,stop,,,,Metro Transit,POINT (-122.376114 47.6409225),0,,
14150,1000025,1000025,-122.376122,47.6449356,3,102581,stop,,,,Metro Transit,POINT (-122.376122 47.6449356),0,,
14170,1000026,1000026,-122.376045,47.6491623,3,102581,stop,,,,Metro Transit,POINT (-122.376045 47.6491623),0,,
14190,1000027,1000027,-122.376122,47.6539421,3,102581,stop,,,,Metro Transit,POINT (-122.376122 47.6539421),0,,
14200,1000028,1000028,-122.375977,47.6634369,3,102581,stop,,,,Metro Transit,POINT (-122.375977 47.6634369),0,,
14230,1000029,1000029,-122.376114,47.6684799,3,102581,stop,,,,Metro Transit,POINT (-122.376114 47.6684799),0,,
14250,1000030,1000030,-122.376114,47.6722946,3,102581,stop,,,,Metro Transit,POINT (-122.376114 47.6722946),0,,
14280,1000031,1000031,-122.376671,47.6768608,3,102581,stop,,,,Metro Transit,POINT (-122.376671 47.6768608),0,,
14300,1000032,1000032,-122.376671,47.6798744,3,102581,stop,,,,Metro Transit,POINT (-122.376671 47.6798744),0,,
14320,1000033,1000033,-122.376686,47.6835098,3,102581,stop,,,,Metro Transit,POINT (-122.376686 47.6835098),0,,
14340,1000034,1000034,-122.376701,47.68713,3,102581,stop,,,,Metro Transit,POINT (-122.376701 47.68713),0,,
14360,1000035,1000035,-122.376709,47.6909561,3,102581,stop,,,,Metro Transit,POINT (-122.376709 47.6909561),0,,
1558,1000036,1000036,-122.336784,47.6026154,3,102736,stop,,,,Metro Transit,POINT (-122.336784 47.6026154),0,,
1559,1000037,1000037,-122.336685,47.6024971,3,102576,stop,,,,Metro Transit,POINT (-122.336685 47.6024971),0,,
1561,1000038,1000038,-122.335556,47.5997009,3,102576,stop,,,,Metro Transit,POINT (-122.335556 47.5997009),0,,
1562,1000039,1000039,-122.33596,47.5987167,3,102736,stop,,,,Metro Transit,POINT (-122.33596 47.5987167),0,,
1610,1000040,1000040,-122.329941,47.6016579,3,102615,stop,,,,Metro Transit,POINT (-122.329941 47.6016579),1,,
16100,1000041,1000041,-122.342407,47.7742424,3,102615,stop,,,,Metro Transit,POINT (-122.342407 47.7742424),1,,
16103,1000042,1000042,-122.340881,47.7745056,3,102615,stop,,,,Metro Transit,POINT (-122.340881 47.7745056),1,,
1690,1000043,1000043,-122.34845,47.6169586,3,102581,stop,,,,Metro Transit,POINT (-122.34845 47.6169586),0,,
1710,1000044,1000044,-122.328255,47.602047,3,102581,stop,,,,Metro Transit,POINT (-122.328255 47.602047),1,,
18440,1000045,1000045,-122.340881,47.6158562,3,102576,stop,,,,Metro Transit,POINT (-122.340881 47.6158562),0,,
19650,1000046,1000046,-122.390617,47.5209999,3,102576,stop,,,,Metro Transit,POINT (-122.390617 47.5209999),0,,
19670,1000047,1000047,-122.392899,47.5231781,3,102576,stop,,,,Metro Transit,POINT (-122.392899 47.5231781),0,,
19700,1000048,1000048,-122.392609,47.529995,3,102576,stop,,,,Metro Transit,POINT (-122.392609 47.529995),0,,
19740,1000049,1000049,-122.392342,47.5360489,3,102576,stop,,,,Metro Transit,POINT (-122.392342 47.5360489),0,,
19750,1000050,1000050,-122.390511,47.5398674,3,102576,stop,,,,Metro Transit,POINT (-122.390511 47.5398674),0,,
19790,1000051,1000051,-122.387108,47.545311,3,102576,stop,,,,Metro Transit,POINT (-122.387108 47.545311),0,,
19830,1000052,1000052,-122.386932,47.5523682,3,102576,stop,,,,Metro Transit,POINT (-122.386932 47.5523682),0,,
19862,1000053,1000053,-122.386871,47.5610542,3,102576,stop,,,,Metro Transit,POINT (-122.386871 47.5610542),0,,
19898,1000054,1000054,-122.37085,47.5688667,3,102576,stop,,,,Metro Transit,POINT (-122.37085 47.5688667),0,,
19930,1000055,1000055,-122.370674,47.5678825,3,102576,stop,,,,Metro Transit,POINT (-122.370674 47.5678825),0,,
20041,1000056,1000056,-122.387383,47.561203,3,102576,stop,,,,Metro Transit,POINT (-122.387383 47.561203),0,,
20090,1000057,1000057,-122.387146,47.5517693,3,102576,stop,,,,Metro Transit,POINT (-122.387146 47.5517693),0,,
20130,1000058,1000058,-122.38768,47.5448647,3,102576,stop,,,,Metro Transit,POINT (-122.38768 47.5448647),0,,
20170,1000059,1000059,-122.390984,47.5392952,3,102576,stop,,,,Metro Transit,POINT (-122.390984 47.5392952),0,,
20190,1000060,1000060,-122.392723,47.5356216,3,102576,stop,,,,Metro Transit,POINT (-122.392723 47.5356216),0,,
20220,1000061,1000061,-122.39283,47.5295639,3,102576,stop,,,,Metro Transit,POINT (-122.39283 47.5295639),0,,
20250,1000062,1000062,-122.393074,47.5230064,3,102576,stop,,,,Metro Transit,POINT (-122.393074 47.5230064),0,,
20270,1000063,1000063,-122.390892,47.5209351,3,102576,stop,,,,Metro Transit,POINT (-122.390892 47.5209351),0,,
21250,1000064,1000064,-122.365356,47.5172958,3,102736,stop,,,,Metro Transit,POINT (-122.365356 47.5172958),0,,
21280,1000065,1000065,-122.358818,47.5172958,3,102736,stop,,,,Metro Transit,POINT (-122.358818 47.5172958),0,,
21450,1000066,1000066,-122.360825,47.5392494,3,102736,stop,,,,Metro Transit,POINT (-122.360825 47.5392494),0,,
21480,1000067,1000067,-122.361115,47.543251,3,102736,stop,,,,Metro Transit,POINT (-122.361115 47.543251),0,,
21500,1000068,1000068,-122.362831,47.5467873,3,102736,stop,,,,Metro Transit,POINT (-122.362831 47.5467873),0,,
21560,1000069,1000069,-122.362816,47.5574112,3,102736,stop,,,,Metro Transit,POINT (-122.362816 47.5574112),0,,
21600,1000070,1000070,-122.363213,47.5650063,3,102736,stop,,,,Metro Transit,POINT (-122.363213 47.5650063),0,,
21620,1000071,1000071,-122.36319,47.5679398,3,102736,stop,,,,Metro Transit,POINT (-122.36319 47.5679398),0,,
21990,1000072,1000072,-122.363396,47.5675697,3,102736,stop,,,,Metro Transit,POINT (-122.363396 47.5675697),0,,
2200,1000073,1000073,-122.35685,47.6192131,3,102581,stop,,,,Metro Transit,POINT (-122.35685 47.6192131),0,,
22010,1000074,1000074,-122.363419,47.5644836,3,102736,stop,,,,Metro Transit,POINT (-122.363419 47.5644836),0,,
22050,1000075,1000075,-122.363022,47.5575562,3,102736,stop,,,,Metro Transit,POINT (-122.363022 47.5575562),0,,
22074,1000076,1000076,-122.362885,47.5521736,3,102736,stop,,,,Metro Transit,POINT (-122.362885 47.5521736),0,,
22075,1000077,1000077,-122.363091,47.5516472,3,102736,stop,,,,Metro Transit,POINT (-122.363091 47.5516472),0,,
22099,1000078,1000078,-122.363037,47.5467834,3,102736,stop,,,,Metro Transit,POINT (-122.363037 47.5467834),0,,
22120,1000079,1000079,-122.361313,47.5429955,3,102736,stop,,,,Metro Transit,POINT (-122.361313 47.5429955),0,,
22152,1000080,1000080,-122.361115,47.5386047,3,102736,stop,,,,Metro Transit,POINT (-122.361115 47.5386047),0,,
22158,1000081,1000081,-122.360535,47.5333824,3,102736,stop,,,,Metro Transit,POINT (-122.360535 47.5333824),0,,
22165,1000082,1000082,-122.360565,47.5280495,3,102736,stop,,,,Metro Transit,POINT (-122.360565 47.5280495),0,,
22174,1000083,1000083,-122.360596,47.5229607,3,102736,stop,,,,Metro Transit,POINT (-122.360596 47.5229607),0,,
22184,1000084,1000084,-122.360252,47.5232506,3,102736,stop,,,,Metro Transit,POINT (-122.360252 47.5232506),0,,
22196,1000085,1000085,-122.360359,47.5275116,3,102736,stop,,,,Metro Transit,POINT (-122.360359 47.5275116),0,,
2220,1000086,1000086,-122.34845,47.6167755,3,102581,stop,,,,Metro Transit,POINT (-122.34845 47.6167755),0,,
22256,1000087,1000087,-122.359543,47.5174294,3,102736,stop,,,,Metro Transit,POINT (-122.359543 47.5174294),0,,
22259,1000088,1000088,-122.365547,47.5174294,3,102736,stop,,,,Metro Transit,POINT (-122.365547 47.5174294),0,,
22260,1000089,1000089,-122.36805,47.5174561,3,102576,stop,,,,Metro Transit,POINT (-122.36805 47.5174561),0,,
22553,1000090,1000090,-122.376358,47.5209999,3,102576,stop,,,,Metro Transit,POINT (-122.376358 47.5209999),0,,
22557,1000091,1000091,-122.367355,47.5209618,3,102576,stop,,,,Metro Transit,POINT (-122.367355 47.5209618),1,,
22560,1000092,1000092,-122.376778,47.5177307,3,102576,stop,,,,Metro Transit,POINT (-122.376778 47.5177307),0,,
22820,1000093,1000093,-122.376099,47.5635681,3,102576,stop,,,,Metro Transit,POINT (-122.376099 47.5635681),0,,
22830,1000094,1000094,-122.376305,47.5635033,3,102576,stop,,,,Metro Transit,POINT (-122.376305 47.5635033),0,,
2330,1000095,1000095,-122.355362,47.6191177,3,102581,stop,,,,Metro Transit,POINT (-122.355362 47.6191177),0,,
2360,1000096,1000096,-122.355309,47.6231232,3,102581,stop,,,,Metro Transit,POINT (-122.355309 47.6231232),0,,
2370,1000097,1000097,-122.356552,47.624649,3,102581,stop,,,,Metro Transit,POINT (-122.356552 47.624649),0,,
26641,1000098,1000098,-122.338547,47.6241531,3,102576,stop,,,,Metro Transit,POINT (-122.338547 47.6241531),0,,
26645,1000099,1000099,-122.33857,47.6213799,3,102576,stop,,,,Metro Transit,POINT (-122.33857 47.6213799),0,,
26665,1000100,1000100,-122.338463,47.617794,3,102576,stop,,,,Metro Transit,POINT (-122.338463 47.617794),0,,
26690,1000101,1000101,-122.338341,47.6182671,3,102576,stop,,,,Metro Transit,POINT (-122.338341 47.6182671),0,,
26715,1000102,1000102,-122.338356,47.6218491,3,102576,stop,,,,Metro Transit,POINT (-122.338356 47.6218491),0,,
2672,1000103,1000103,-122.356812,47.6240616,3,102581,stop,,,,Metro Transit,POINT (-122.356812 47.6240616),0,,
26730,1000104,1000104,-122.338394,47.6255035,3,102576,stop,,,,Metro Transit,POINT (-122.338394 47.6255035),0,,
28680,1000105,1000105,-122.363472,47.7026215,3,102581,stop,,,,Metro Transit,POINT (-122.363472 47.7026215),1,,
31731,1000106,1000106,-122.365768,47.5209389,3,102736,stop,,,,Metro Transit,POINT (-122.365768 47.5209389),0,,
31765,1000107,1000107,-122.377243,47.5211372,3,102576,stop,,,,Metro Transit,POINT (-122.377243 47.5211372),0,,
31791,1000108,1000108,-122.387573,47.5215683,3,102576,stop,,,,Metro Transit,POINT (-122.387573 47.5215683),0,,
32030,1000109,1000109,-122.387367,47.5219383,3,102576,stop,,,,Metro Transit,POINT (-122.387367 47.5219383),0,,
32364,1000110,1000110,-122.380508,47.5611534,3,102576,stop,,,,Metro Transit,POINT (-122.380508 47.5611534),0,,
33220,1000111,1000111,-122.380867,47.5610161,3,102576,stop,,,,Metro Transit,POINT (-122.380867 47.5610161),0,,
36300,1000112,1000112,-122.360649,47.5346222,3,102736,stop,,,,Metro Transit,POINT (-122.360649 47.5346222),0,,
39431,1000113,1000113,-122.353928,47.5168991,3,102736,stop,,,,Metro Transit,POINT (-122.353928 47.5168991),0,,
39983,1000114,1000114,-122.364906,47.5210915,3,102736,stop,,,,Metro Transit,POINT (-122.364906 47.5210915),0,,
400,1000115,1000115,-122.344269,47.6142998,3,102581,stop,,,,Metro Transit,POINT (-122.344269 47.6142998),0,,
40049,1000116,1000116,-122.375755,47.6945457,3,102581,stop,,,,Metro Transit,POINT (-122.375755 47.6945457),0,,
40050,1000117,1000117,-122.37529,47.6947517,3,102581,stop,,,,Metro Transit,POINT (-122.37529 47.6947517),0,,
420,1000118,1000118,-122.34111,47.6124382,3,102581,stop,,,,Metro Transit,POINT (-122.34111 47.6124382),0,,
431,1000119,1000119,-122.337959,47.6097908,3,102581,stop,,,,Metro Transit,POINT (-122.337959 47.6097908),0,,
433,1000120,1000120,-122.337288,47.6090698,3,102736,stop,,,,Metro Transit,POINT (-122.337288 47.6090698),0,,
45320,1000121,1000121,-122.21463,47.4814034,3,102619,stop,,,,Metro Transit,POINT (-122.21463 47.4814034),0,,
46440,1000122,1000122,-122.21563,47.4796753,3,102619,stop,,,,Metro Transit,POINT (-122.21563 47.4796753),0,,
46477,1000123,1000123,-122.208549,47.4807777,3,102619,stop,,,,Metro Transit,POINT (-122.208549 47.4807777),0,,
46478,1000124,1000124,-122.208717,47.4804993,3,102619,stop,,,,Metro Transit,POINT (-122.208717 47.4804993),0,,
46504,1000125,1000125,-122.200905,47.4981575,3,102619,stop,,,,Metro Transit,POINT (-122.200905 47.4981575),1,,
46505,1000126,1000126,-122.201218,47.498085,3,102619,stop,,,,Metro Transit,POINT (-122.201218 47.498085),1,,
46541,1000127,1000127,-122.201218,47.5004959,3,102619,stop,,,,Metro Transit,POINT (-122.201218 47.5004959),0,,
46578,1000128,1000128,-122.208267,47.4875641,3,102619,stop,,,,Metro Transit,POINT (-122.208267 47.4875641),0,,
46579,1000129,1000129,-122.20874,47.4869003,3,102619,stop,,,,Metro Transit,POINT (-122.20874 47.4869003),0,,
46580,1000130,1000130,-122.207321,47.4925003,3,102619,stop,,,,Metro Transit,POINT (-122.207321 47.4925003),0,,
46585,1000131,1000131,-122.207527,47.492424,3,102619,stop,,,,Metro Transit,POINT (-122.207527 47.492424),0,,
46590,1000132,1000132,-122.205673,47.498333,3,102619,stop,,,,Metro Transit,POINT (-122.205673 47.498333),0,,
46595,1000133,1000133,-122.20649,47.4978218,3,102619,stop,,,,Metro Transit,POINT (-122.20649 47.4978218),0,,
468,1000134,1000134,-122.3349,47.6064415,3,102581,stop,,,,Metro Transit,POINT (-122.3349 47.6064415),0,,
47646,1000135,1000135,-122.335129,47.4633522,3,102619,stop,,,,Metro Transit,POINT (-122.335129 47.4633522),0,,
47660,1000136,1000136,-122.341354,47.4685555,3,102736,stop,,,,Metro Transit,POINT (-122.341354 47.4685555),0,,
47719,1000137,1000137,-122.341385,47.4686928,3,102736,stop,,,,Metro Transit,POINT (-122.341385 47.4686928),0,,
481,1000138,1000138,-122.332901,47.6042633,3,102736,stop,,,,Metro Transit,POINT (-122.332901 47.6042633),0,,
48949,1000139,1000139,-122.296333,47.3862801,3,100512,stop,,,,Metro Transit,POINT (-122.296333 47.3862801),0,,
490,1000140,1000140,-122.332275,47.6035805,3,102581,stop,,,,Metro Transit,POINT (-122.332275 47.6035805),0,,
49290,1000141,1000141,-122.323997,47.463356,3,102619,stop,,,,Metro Transit,POINT (-122.323997 47.463356),0,,
49301,1000142,1000142,-122.330086,47.4633522,3,102619,stop,,,,Metro Transit,POINT (-122.330086 47.4633522),0,,
50130,1000143,1000143,-122.332245,47.4632149,3,102619,stop,,,,Metro Transit,POINT (-122.332245 47.4632149),0,,
50140,1000144,1000144,-122.328133,47.4632149,3,102619,stop,,,,Metro Transit,POINT (-122.328133 47.4632149),0,,
50145,1000145,1000145,-122.322769,47.4632454,3,102619,stop,,,,Metro Transit,POINT (-122.322769 47.4632454),0,,
50480,1000146,1000146,-122.295158,47.3925362,3,100512,stop,,,,Metro Transit,POINT (-122.295158 47.3925362),0,,
510,1000147,1000147,-122.330841,47.6009483,3,102615,stop,,,,Metro Transit,POINT (-122.330841 47.6009483),1,,
51403,1000148,1000148,-122.346916,47.4708519,3,102736,stop,,,,Metro Transit,POINT (-122.346916 47.4708519),0,,
51459,1000149,1000149,-122.347557,47.47612,3,102736,stop,,,,Metro Transit,POINT (-122.347557 47.47612),0,,
51471,1000150,1000150,-122.348145,47.4809685,3,102736,stop,,,,Metro Transit,POINT (-122.348145 47.4809685),0,,
51520,1000151,1000151,-122.349884,47.488945,3,102736,stop,,,,Metro Transit,POINT (-122.349884 47.488945),0,,
51551,1000152,1000152,-122.35006,47.4934464,3,102736,stop,,,,Metro Transit,POINT (-122.35006 47.4934464),0,,
51552,1000153,1000153,-122.349854,47.4936981,3,102736,stop,,,,Metro Transit,POINT (-122.349854 47.4936981),0,,
51581,1000154,1000154,-122.355103,47.4995804,3,102736,stop,,,,Metro Transit,POINT (-122.355103 47.4995804),0,,
51600,1000155,1000155,-122.355049,47.503212,3,102736,stop,,,,Metro Transit,POINT (-122.355049 47.503212),0,,
51615,1000156,1000156,-122.353668,47.5077858,3,102736,stop,,,,Metro Transit,POINT (-122.353668 47.5077858),0,,
51651,1000157,1000157,-122.353775,47.5117111,3,102736,stop,,,,Metro Transit,POINT (-122.353775 47.5117111),0,,
52030,1000158,1000158,-122.354134,47.5167885,3,102736,stop,,,,Metro Transit,POINT (-122.354134 47.5167885),0,,
52051,1000159,1000159,-122.353981,47.5120201,3,102736,stop,,,,Metro Transit,POINT (-122.353981 47.5120201),0,,
52081,1000160,1000160,-122.353859,47.5077286,3,102736,stop,,,,Metro Transit,POINT (-122.353859 47.5077286),0,,
52120,1000161,1000161,-122.355247,47.5022507,3,102736,stop,,,,Metro Transit,POINT (-122.355247 47.5022507),0,,
52140,1000162,1000162,-122.355225,47.4992828,3,102736,stop,,,,Metro Transit,POINT (-122.355225 47.4992828),0,,
52200,1000163,1000163,-122.35009,47.4881325,3,102736,stop,,,,Metro Transit,POINT (-122.35009 47.4881325),0,,
52240,1000164,1000164,-122.348328,47.4806557,3,102736,stop,,,,Metro Transit,POINT (-122.348328 47.4806557),0,,
52261,1000165,1000165,-122.347679,47.4755363,3,102736,stop,,,,Metro Transit,POINT (-122.347679 47.4755363),0,,
52281,1000166,1000166,-122.347084,47.4705124,3,102736,stop,,,,Metro Transit,POINT (-122.347084 47.4705124),0,,
52300,1000167,1000167,-122.339226,47.4671288,3,102619,stop,,,,Metro Transit,POINT (-122.339226 47.4671288),0,,
52303,1000168,1000168,-122.337067,47.4701042,3,102736,stop,,,,Metro Transit,POINT (-122.337067 47.4701042),1,,
52304,1000169,1000169,-122.337288,47.4696922,3,102736,stop,,,,Metro Transit,POINT (-122.337288 47.4696922),1,,
52306,1000170,1000170,-122.337318,47.4694099,3,102619,stop,,,,Metro Transit,POINT (-122.337318 47.4694099),1,,
52800,1000171,1000171,-122.291267,47.4601555,3,100512,stop,,,,Metro Transit,POINT (-122.291267 47.4601555),0,,
53720,1000172,1000172,-122.339104,47.463604,3,102619,stop,,,,Metro Transit,POINT (-122.339104 47.463604),0,,
53740,1000173,1000173,-122.339088,47.4666786,3,102619,stop,,,,Metro Transit,POINT (-122.339088 47.4666786),0,,
538,1000174,1000174,-122.332504,47.6040955,3,102615,stop,,,,Metro Transit,POINT (-122.332504 47.6040955),0,,
539,1000175,1000175,-122.33316,47.604805,3,102576,stop,,,,Metro Transit,POINT (-122.33316 47.604805),0,,
53975,1000176,1000176,-122.33931,47.4637032,3,102619,stop,,,,Metro Transit,POINT (-122.33931 47.4637032),0,,
54201,1000177,1000177,-122.28183,47.4657326,3,102619,stop,,,,Metro Transit,POINT (-122.28183 47.4657326),0,,
54202,1000178,1000178,-122.268593,47.4651985,3,102619,stop,,,,Metro Transit,POINT (-122.268593 47.4651985),0,,
54203,1000179,1000179,-122.277,47.4661942,3,102619,stop,,,,Metro Transit,POINT (-122.277 47.4661942),0,,
54204,1000180,1000180,-122.276741,47.4663353,3,102619,stop,,,,Metro Transit,POINT (-122.276741 47.4663353),0,,
54205,1000181,1000181,-122.268196,47.4650345,3,102619,stop,,,,Metro Transit,POINT (-122.268196 47.4650345),0,,
54206,1000182,1000182,-122.2817,47.4659157,3,102619,stop,,,,Metro Transit,POINT (-122.2817 47.4659157),0,,
548,1000183,1000183,-122.333832,47.6055412,3,102736,stop,,,,Metro Transit,POINT (-122.333832 47.6055412),0,,
558,1000184,1000184,-122.335213,47.6070518,3,102615,stop,,,,Metro Transit,POINT (-122.335213 47.6070518),0,,
55926,1000185,1000185,-122.217186,47.4738312,3,102619,stop,,,,Metro Transit,POINT (-122.217186 47.4738312),0,,
55927,1000186,1000186,-122.223427,47.4731903,3,102619,stop,,,,Metro Transit,POINT (-122.223427 47.4731903),0,,
55928,1000187,1000187,-122.223221,47.4732475,3,102619,stop,,,,Metro Transit,POINT (-122.223221 47.4732475),0,,
55942,1000188,1000188,-122.223251,47.4703064,3,102619,stop,,,,Metro Transit,POINT (-122.223251 47.4703064),0,,
570,1000189,1000189,-122.3367,47.6086884,3,102736,stop,,,,Metro Transit,POINT (-122.3367 47.6086884),0,,
575,1000190,1000190,-122.337585,47.609642,3,102615,stop,,,,Metro Transit,POINT (-122.337585 47.609642),0,,
58028,1000191,1000191,-122.244072,47.4581146,3,102619,stop,,,,Metro Transit,POINT (-122.244072 47.4581146),0,,
58102,1000192,1000192,-122.257118,47.4628143,3,102619,stop,,,,Metro Transit,POINT (-122.257118 47.4628143),0,,
58104,1000193,1000193,-122.251968,47.4624634,3,102619,stop,,,,Metro Transit,POINT (-122.251968 47.4624634),0,,
58111,1000194,1000194,-122.249619,47.4558716,3,102619,stop,,,,Metro Transit,POINT (-122.249619 47.4558716),0,,
58112,1000195,1000195,-122.252281,47.4625549,3,102619,stop,,,,Metro Transit,POINT (-122.252281 47.4625549),0,,
58113,1000196,1000196,-122.244957,47.4566956,3,102619,stop,,,,Metro Transit,POINT (-122.244957 47.4566956),0,,
58114,1000197,1000197,-122.256157,47.4626808,3,102619,stop,,,,Metro Transit,POINT (-122.256157 47.4626808),0,,
590,1000198,1000198,-122.338951,47.6111374,3,102736,stop,,,,Metro Transit,POINT (-122.338951 47.6111374),0,,
59310,1000199,1000199,-122.254478,47.4577522,3,102619,stop,,,,Metro Transit,POINT (-122.254478 47.4577522),0,,
59314,1000200,1000200,-122.254272,47.4587135,3,102619,stop,,,,Metro Transit,POINT (-122.254272 47.4587135),0,,
59833,1000201,1000201,-122.249313,47.4557266,3,102619,stop,,,,Metro Transit,POINT (-122.249313 47.4557266),0,,
59860,1000202,1000202,-122.21508,47.4744148,3,102619,stop,,,,Metro Transit,POINT (-122.21508 47.4744148),0,,
59870,1000203,1000203,-122.215515,47.4772758,3,102619,stop,,,,Metro Transit,POINT (-122.215515 47.4772758),0,,
59872,1000204,1000204,-122.232796,47.4621506,3,102619,stop,,,,Metro Transit,POINT (-122.232796 47.4621506),0,,
59873,1000205,1000205,-122.233055,47.4611168,3,102619,stop,,,,Metro Transit,POINT (-122.233055 47.4611168),0,,
59876,1000206,1000206,-122.2369,47.4568443,3,102619,stop,,,,Metro Transit,POINT (-122.2369 47.4568443),0,,
59877,1000207,1000207,-122.237099,47.4570312,3,102619,stop,,,,Metro Transit,POINT (-122.237099 47.4570312),0,,
59878,1000208,1000208,-122.232101,47.4655571,3,102619,stop,,,,Metro Transit,POINT (-122.232101 47.4655571),0,,
59879,1000209,1000209,-122.232323,47.4655151,3,102619,stop,,,,Metro Transit,POINT (-122.232323 47.4655151),0,,
59881,1000210,1000210,-122.240807,47.4608307,3,102619,stop,,,,Metro Transit,POINT (-122.240807 47.4608307),0,,
59882,1000211,1000211,-122.241188,47.4603806,3,102619,stop,,,,Metro Transit,POINT (-122.241188 47.4603806),0,,
59891,1000212,1000212,-122.216187,47.4777985,3,102619,stop,,,,Metro Transit,POINT (-122.216187 47.4777985),0,,
600,1000213,1000213,-122.341743,47.6129951,3,102615,stop,,,,Metro Transit,POINT (-122.341743 47.6129951),0,,
605,1000214,1000214,-122.345337,47.6151199,3,102615,stop,,,,Metro Transit,POINT (-122.345337 47.6151199),0,,
60660,1000215,1000215,-122.313187,47.3193321,3,100512,stop,,,,Metro Transit,POINT (-122.313187 47.3193321),0,,
60670,1000216,1000216,-122.313179,47.3228073,3,100512,stop,,,,Metro Transit,POINT (-122.313179 47.3228073),0,,
60680,1000217,1000217,-122.312904,47.3265152,3,100512,stop,,,,Metro Transit,POINT (-122.312904 47.3265152),0,,
6070,1000218,1000218,-122.345596,47.6389084,3,102615,stop,,,,Metro Transit,POINT (-122.345596 47.6389084),0,,
60710,1000219,1000219,-122.31192,47.3354187,3,100512,stop,,,,Metro Transit,POINT (-122.31192 47.3354187),0,,
60720,1000220,1000220,-122.312111,47.3438835,3,100512,stop,,,,Metro Transit,POINT (-122.312111 47.3438835),0,,
60729,1000221,1000221,-122.312286,47.3488693,3,100512,stop,,,,Metro Transit,POINT (-122.312286 47.3488693),0,,
60748,1000222,1000222,-122.310776,47.3549767,3,100512,stop,,,,Metro Transit,POINT (-122.310776 47.3549767),0,,
60750,1000223,1000223,-122.308624,47.3590355,3,100512,stop,,,,Metro Transit,POINT (-122.308624 47.3590355),0,,
60752,1000224,1000224,-122.307274,47.3616714,3,100512,stop,,,,Metro Transit,POINT (-122.307274 47.3616714),0,,
60760,1000225,1000225,-122.303177,47.3694801,3,100512,stop,,,,Metro Transit,POINT (-122.303177 47.3694801),0,,
60780,1000226,1000226,-122.299461,47.3765411,3,100512,stop,,,,Metro Transit,POINT (-122.299461 47.3765411),0,,
60790,1000227,1000227,-122.297592,47.3811798,3,100512,stop,,,,Metro Transit,POINT (-122.297592 47.3811798),0,,
60800,1000228,1000228,-122.294678,47.3947411,3,100512,stop,,,,Metro Transit,POINT (-122.294678 47.3947411),0,,
60810,1000229,1000229,-122.297539,47.4014435,3,100512,stop,,,,Metro Transit,POINT (-122.297539 47.4014435),0,,
60830,1000230,1000230,-122.297958,47.408844,3,100512,stop,,,,Metro Transit,POINT (-122.297958 47.408844),0,,
60840,1000231,1000231,-122.297043,47.4158134,3,100512,stop,,,,Metro Transit,POINT (-122.297043 47.4158134),0,,
60850,1000232,1000232,-122.296074,47.423378,3,100512,stop,,,,Metro Transit,POINT (-122.296074 47.423378),0,,
60860,1000233,1000233,-122.295456,47.4281158,3,100512,stop,,,,Metro Transit,POINT (-122.295456 47.4281158),0,,
60880,1000234,1000234,-122.295349,47.4350777,3,100512,stop,,,,Metro Transit,POINT (-122.295349 47.4350777),0,,
60890,1000235,1000235,-122.295883,47.4426804,3,100512,stop,,,,Metro Transit,POINT (-122.295883 47.4426804),0,,
60900,1000236,1000236,-122.296127,47.445816,3,100512,stop,,,,Metro Transit,POINT (-122.296127 47.445816),0,,
60910,1000237,1000237,-122.295662,47.4512444,3,100512,stop,,,,Metro Transit,POINT (-122.295662 47.4512444),0,,
60921,1000238,1000238,-122.288452,47.4642067,3,100512,stop,,,,Metro Transit,POINT (-122.288452 47.4642067),1,,
60922,1000239,1000239,-122.287933,47.4640274,3,102619,stop,,,,Metro Transit,POINT (-122.287933 47.4640274),0,,
60923,1000240,1000240,-122.287628,47.4639206,3,102619,stop,,,,Metro Transit,POINT (-122.287628 47.4639206),0,,
6100,1000241,1000241,-122.343666,47.6321678,3,102615,stop,,,,Metro Transit,POINT (-122.343666 47.6321678),0,,
61060,1000242,1000242,-122.292412,47.4586945,3,100512,stop,,,,Metro Transit,POINT (-122.292412 47.4586945),0,,
61070,1000243,1000243,-122.296318,47.4502487,3,100512,stop,,,,Metro Transit,POINT (-122.296318 47.4502487),0,,
61080,1000244,1000244,-122.29644,47.4453201,3,100512,stop,,,,Metro Transit,POINT (-122.29644 47.4453201),0,,
61090,1000245,1000245,-122.296104,47.4397202,3,100512,stop,,,,Metro Transit,POINT (-122.296104 47.4397202),0,,
61100,1000246,1000246,-122.295662,47.4338989,3,100512,stop,,,,Metro Transit,POINT (-122.295662 47.4338989),0,,
61110,1000247,1000247,-122.295914,47.4274673,3,100512,stop,,,,Metro Transit,POINT (-122.295914 47.4274673),0,,
61120,1000248,1000248,-122.296577,47.4223785,3,100512,stop,,,,Metro Transit,POINT (-122.296577 47.4223785),0,,
61140,1000249,1000249,-122.297539,47.4148979,3,100512,stop,,,,Metro Transit,POINT (-122.297539 47.4148979),0,,
61150,1000250,1000250,-122.298477,47.4077568,3,100512,stop,,,,Metro Transit,POINT (-122.298477 47.4077568),0,,
61170,1000251,1000251,-122.297211,47.3999405,3,100512,stop,,,,Metro Transit,POINT (-122.297211 47.3999405),0,,
61180,1000252,1000252,-122.296371,47.3875694,3,100512,stop,,,,Metro Transit,POINT (-122.296371 47.3875694),0,,
61190,1000253,1000253,-122.297905,47.3812981,3,100512,stop,,,,Metro Transit,POINT (-122.297905 47.3812981),0,,
61201,1000254,1000254,-122.300484,47.3752937,3,100512,stop,,,,Metro Transit,POINT (-122.300484 47.3752937),0,,
61220,1000255,1000255,-122.304314,47.3680115,3,100512,stop,,,,Metro Transit,POINT (-122.304314 47.3680115),0,,
61230,1000256,1000256,-122.308105,47.3607597,3,100512,stop,,,,Metro Transit,POINT (-122.308105 47.3607597),0,,
61240,1000257,1000257,-122.309952,47.3572426,3,100512,stop,,,,Metro Transit,POINT (-122.309952 47.3572426),0,,
61243,1000258,1000258,-122.311554,47.3541451,3,100512,stop,,,,Metro Transit,POINT (-122.311554 47.3541451),0,,
61270,1000259,1000259,-122.312477,47.3429756,3,100512,stop,,,,Metro Transit,POINT (-122.312477 47.3429756),0,,
61280,1000260,1000260,-122.312263,47.3351707,3,100512,stop,,,,Metro Transit,POINT (-122.312263 47.3351707),0,,
61300,1000261,1000261,-122.313438,47.3256149,3,100512,stop,,,,Metro Transit,POINT (-122.313438 47.3256149),0,,
61310,1000262,1000262,-122.313545,47.3220901,3,100512,stop,,,,Metro Transit,POINT (-122.313545 47.3220901),0,,
61313,1000263,1000263,-122.312355,47.3186226,3,100512,stop,,,,Metro Transit,POINT (-122.312355 47.3186226),0,,
6176,1000264,1000264,-122.343842,47.6210556,3,102615,stop,,,,Metro Transit,POINT (-122.343842 47.6210556),0,,
6236,1000265,1000265,-122.343575,47.6190987,3,102615,stop,,,,Metro Transit,POINT (-122.343575 47.6190987),0,,
6237,1000266,1000266,-122.343506,47.6218948,3,102615,stop,,,,Metro Transit,POINT (-122.343506 47.6218948),0,,
6300,1000267,1000267,-122.343323,47.6325722,3,102615,stop,,,,Metro Transit,POINT (-122.343323 47.6325722),0,,
6320,1000268,1000268,-122.3452,47.6388741,3,102615,stop,,,,Metro Transit,POINT (-122.3452 47.6388741),0,,
66871,1000269,1000269,-122.133232,47.6382217,3,102548,stop,,,,Metro Transit,POINT (-122.133232 47.6382217),0,,
66875,1000270,1000270,-122.136108,47.6379967,3,102548,stop,,,,Metro Transit,POINT (-122.136108 47.6379967),0,,
67500,1000271,1000271,-122.143517,47.617115,3,102548,stop,,,,Metro Transit,POINT (-122.143517 47.617115),0,,
67510,1000272,1000272,-122.15036,47.6171989,3,102548,stop,,,,Metro Transit,POINT (-122.15036 47.6171989),0,,
67520,1000273,1000273,-122.154457,47.6172295,3,102548,stop,,,,Metro Transit,POINT (-122.154457 47.6172295),0,,
67540,1000274,1000274,-122.163147,47.6172714,3,102548,stop,,,,Metro Transit,POINT (-122.163147 47.6172714),0,,
67570,1000275,1000275,-122.175957,47.6174049,3,102548,stop,,,,Metro Transit,POINT (-122.175957 47.6174049),0,,
67580,1000276,1000276,-122.180946,47.6173859,3,102548,stop,,,,Metro Transit,POINT (-122.180946 47.6173859),0,,
68003,1000277,1000277,-122.195358,47.6155052,3,102548,stop,,,,Metro Transit,POINT (-122.195358 47.6155052),1,,
68085,1000278,1000278,-122.184944,47.6172295,3,102548,stop,,,,Metro Transit,POINT (-122.184944 47.6172295),0,,
68094,1000279,1000279,-122.179947,47.61726,3,102548,stop,,,,Metro Transit,POINT (-122.179947 47.61726),0,,
68100,1000280,1000280,-122.174591,47.6172714,3,102548,stop,,,,Metro Transit,POINT (-122.174591 47.6172714),0,,
68130,1000281,1000281,-122.16246,47.6171265,3,102548,stop,,,,Metro Transit,POINT (-122.16246 47.6171265),0,,
68150,1000282,1000282,-122.153076,47.6170731,3,102548,stop,,,,Metro Transit,POINT (-122.153076 47.6170731),0,,
68160,1000283,1000283,-122.149101,47.6170464,3,102548,stop,,,,Metro Transit,POINT (-122.149101 47.6170464),0,,
68180,1000284,1000284,-122.142014,47.6169701,3,102548,stop,,,,Metro Transit,POINT (-122.142014 47.6169701),0,,
68390,1000285,1000285,-122.132446,47.6307793,3,102548,stop,,,,Metro Transit,POINT (-122.132446 47.6307793),0,,
68398,1000286,1000286,-122.132393,47.6447792,3,102548,stop,,,,Metro Transit,POINT (-122.132393 47.6447792),0,,
68410,1000287,1000287,-122.132492,47.624115,3,102548,stop,,,,Metro Transit,POINT (-122.132492 47.624115),0,,
68438,1000288,1000288,-122.132515,47.6181526,3,102548,stop,,,,Metro Transit,POINT (-122.132515 47.6181526),0,,
68498,1000289,1000289,-122.132187,47.6439857,3,102548,stop,,,,Metro Transit,POINT (-122.132187 47.6439857),0,,
68750,1000290,1000290,-122.132317,47.6183777,3,102548,stop,,,,Metro Transit,POINT (-122.132317 47.6183777),0,,
68780,1000291,1000291,-122.132301,47.6241074,3,102548,stop,,,,Metro Transit,POINT (-122.132301 47.6241074),0,,
68805,1000292,1000292,-122.128136,47.6822243,3,102548,stop,,,,Metro Transit,POINT (-122.128136 47.6822243),0,,
68809,1000293,1000293,-122.127411,47.6790848,3,102548,stop,,,,Metro Transit,POINT (-122.127411 47.6790848),0,,
6950,1000294,1000294,-122.345268,47.7335701,3,102615,stop,,,,Metro Transit,POINT (-122.345268 47.7335701),0,,
6990,1000295,1000295,-122.3451,47.726429,3,102615,stop,,,,Metro Transit,POINT (-122.3451 47.726429),0,,
7000,1000296,1000296,-122.345078,47.7229614,3,102615,stop,,,,Metro Transit,POINT (-122.345078 47.7229614),0,,
7010,1000297,1000297,-122.345047,47.719902,3,102615,stop,,,,Metro Transit,POINT (-122.345047 47.719902),0,,
7040,1000298,1000298,-122.34491,47.7119751,3,102615,stop,,,,Metro Transit,POINT (-122.34491 47.7119751),0,,
7080,1000299,1000299,-122.344856,47.7046356,3,102615,stop,,,,Metro Transit,POINT (-122.344856 47.7046356),0,,
7100,1000300,1000300,-122.34481,47.701088,3,102615,stop,,,,Metro Transit,POINT (-122.34481 47.701088),0,,
7120,1000301,1000301,-122.344704,47.6974945,3,102615,stop,,,,Metro Transit,POINT (-122.344704 47.6974945),0,,
71322,1000302,1000302,-122.134445,47.631649,3,102548,stop,,,,Metro Transit,POINT (-122.134445 47.631649),0,,
71325,1000303,1000303,-122.137733,47.6459236,3,102548,stop,,,,Metro Transit,POINT (-122.137733 47.6459236),0,,
71326,1000304,1000304,-122.137604,47.633709,3,102548,stop,,,,Metro Transit,POINT (-122.137604 47.633709),0,,
71329,1000305,1000305,-122.137802,47.6460571,3,102548,stop,,,,Metro Transit,POINT (-122.137802 47.6460571),0,,
71331,1000306,1000306,-122.137802,47.6329613,3,102548,stop,,,,Metro Transit,POINT (-122.137802 47.6329613),0,,
7140,1000307,1000307,-122.344734,47.6939621,3,102615,stop,,,,Metro Transit,POINT (-122.344734 47.6939621),0,,
7160,1000308,1000308,-122.344681,47.6898766,3,102615,stop,,,,Metro Transit,POINT (-122.344681 47.6898766),0,,
7180,1000309,1000309,-122.344666,47.6866722,3,102615,stop,,,,Metro Transit,POINT (-122.344666 47.6866722),0,,
71961,1000310,1000310,-122.12513,47.6767311,3,102548,stop,,,,Metro Transit,POINT (-122.12513 47.6767311),1,,
7200,1000311,1000311,-122.34465,47.6841507,3,102615,stop,,,,Metro Transit,POINT (-122.34465 47.6841507),0,,
7210,1000312,1000312,-122.346947,47.6760826,3,102615,stop,,,,Metro Transit,POINT (-122.346947 47.6760826),0,,
73108,1000313,1000313,-122.145226,47.6807632,3,102548,stop,,,,Metro Transit,POINT (-122.145226 47.6807632),0,,
73110,1000314,1000314,-122.143227,47.6744118,3,102548,stop,,,,Metro Transit,POINT (-122.143227 47.6744118),0,,
73130,1000315,1000315,-122.143295,47.6671257,3,102548,stop,,,,Metro Transit,POINT (-122.143295 47.6671257),0,,
73227,1000316,1000316,-122.124939,47.6765938,3,102548,stop,,,,Metro Transit,POINT (-122.124939 47.6765938),1,,
73240,1000317,1000317,-122.143463,47.6546593,3,102548,stop,,,,Metro Transit,POINT (-122.143463 47.6546593),0,,
73243,1000318,1000318,-122.143433,47.6519012,3,102548,stop,,,,Metro Transit,POINT (-122.143433 47.6519012),0,,
73342,1000319,1000319,-122.142815,47.6469193,3,102548,stop,,,,Metro Transit,POINT (-122.142815 47.6469193),0,,
73350,1000320,1000320,-122.143089,47.655735,3,102548,stop,,,,Metro Transit,POINT (-122.143089 47.655735),0,,
73366,1000321,1000321,-122.143089,47.6525764,3,102548,stop,,,,Metro Transit,POINT (-122.143089 47.6525764),0,,
73391,1000322,1000322,-122.142883,47.668457,3,102548,stop,,,,Metro Transit,POINT (-122.142883 47.668457),0,,
73407,1000323,1000323,-122.141167,47.6458817,3,102548,stop,,,,Metro Transit,POINT (-122.141167 47.6458817),0,,
73410,1000324,1000324,-122.142883,47.6742783,3,102548,stop,,,,Metro Transit,POINT (-122.142883 47.6742783),0,,
73412,1000325,1000325,-122.144691,47.6811104,3,102548,stop,,,,Metro Transit,POINT (-122.144691 47.6811104),0,,
73757,1000326,1000326,-122.126778,47.6784592,3,102548,stop,,,,Metro Transit,POINT (-122.126778 47.6784592),0,,
73853,1000327,1000327,-122.134552,47.6822777,3,102548,stop,,,,Metro Transit,POINT (-122.134552 47.6822777),0,,
73872,1000328,1000328,-122.134186,47.6821365,3,102548,stop,,,,Metro Transit,POINT (-122.134186 47.6821365),0,,
74027,1000329,1000329,-122.127655,47.680645,3,102548,stop,,,,Metro Transit,POINT (-122.127655 47.680645),0,,
7430,1000330,1000330,-122.345268,47.6175041,3,102615,stop,,,,Metro Transit,POINT (-122.345268 47.6175041),0,,
75408,1000331,1000331,-122.347488,47.6616707,3,102615,stop,,,,Metro Transit,POINT (-122.347488 47.6616707),0,,
75409,1000332,1000332,-122.347176,47.6616898,3,102615,stop,,,,Metro Transit,POINT (-122.347176 47.6616898),0,,
75700,1000333,1000333,-122.346207,47.7737427,3,102615,stop,,,,Metro Transit,POINT (-122.346207 47.7737427),0,,
75730,1000334,1000334,-122.3461,47.7672043,3,102615,stop,,,,Metro Transit,POINT (-122.3461 47.7672043),0,,
75740,1000335,1000335,-122.346184,47.7628479,3,102615,stop,,,,Metro Transit,POINT (-122.346184 47.7628479),0,,
75750,1000336,1000336,-122.346237,47.7594452,3,102615,stop,,,,Metro Transit,POINT (-122.346237 47.7594452),0,,
75760,1000337,1000337,-122.345856,47.7552986,3,102615,stop,,,,Metro Transit,POINT (-122.345856 47.7552986),0,,
75770,1000338,1000338,-122.345741,47.7520294,3,102615,stop,,,,Metro Transit,POINT (-122.345741 47.7520294),0,,
75780,1000339,1000339,-122.345688,47.7483559,3,102615,stop,,,,Metro Transit,POINT (-122.345688 47.7483559),0,,
75790,1000340,1000340,-122.34565,47.7446899,3,102615,stop,,,,Metro Transit,POINT (-122.34565 47.7446899),0,,
75800,1000341,1000341,-122.345497,47.7408867,3,102615,stop,,,,Metro Transit,POINT (-122.345497 47.7408867),0,,
75810,1000342,1000342,-122.345428,47.7386818,3,102615,stop,,,,Metro Transit,POINT (-122.345428 47.7386818),0,,
75820,1000343,1000343,-122.34491,47.7349243,3,102615,stop,,,,Metro Transit,POINT (-122.34491 47.7349243),0,,
75830,1000344,1000344,-122.3451,47.7393341,3,102615,stop,,,,Metro Transit,POINT (-122.3451 47.7393341),0,,
75840,1000345,1000345,-122.345169,47.7420845,3,102615,stop,,,,Metro Transit,POINT (-122.345169 47.7420845),0,,
75850,1000346,1000346,-122.345253,47.7454033,3,102615,stop,,,,Metro Transit,POINT (-122.345253 47.7454033),0,,
75860,1000347,1000347,-122.345337,47.7490654,3,102615,stop,,,,Metro Transit,POINT (-122.345337 47.7490654),0,,
75870,1000348,1000348,-122.345398,47.7529526,3,102615,stop,,,,Metro Transit,POINT (-122.345398 47.7529526),0,,
75881,1000349,1000349,-122.345551,47.7563438,3,102615,stop,,,,Metro Transit,POINT (-122.345551 47.7563438),0,,
75890,1000350,1000350,-122.345894,47.759964,3,102615,stop,,,,Metro Transit,POINT (-122.345894 47.759964),0,,
75901,1000351,1000351,-122.345795,47.7637405,3,102615,stop,,,,Metro Transit,POINT (-122.345795 47.7637405),0,,
75910,1000352,1000352,-122.345757,47.7680626,3,102615,stop,,,,Metro Transit,POINT (-122.345757 47.7680626),0,,
75932,1000353,1000353,-122.34584,47.7739372,3,102615,stop,,,,Metro Transit,POINT (-122.34584 47.7739372),0,,
7630,1000354,1000354,-122.347031,47.6761627,3,102615,stop,,,,Metro Transit,POINT (-122.347031 47.6761627),0,,
7670,1000355,1000355,-122.346809,47.6812248,3,102615,stop,,,,Metro Transit,POINT (-122.346809 47.6812248),0,,
7690,1000356,1000356,-122.344322,47.6837234,3,102615,stop,,,,Metro Transit,POINT (-122.344322 47.6837234),0,,
7710,1000357,1000357,-122.344337,47.68713,3,102615,stop,,,,Metro Transit,POINT (-122.344337 47.68713),0,,
7730,1000358,1000358,-122.34436,47.691082,3,102615,stop,,,,Metro Transit,POINT (-122.34436 47.691082),0,,
7750,1000359,1000359,-122.344421,47.6947975,3,102615,stop,,,,Metro Transit,POINT (-122.344421 47.6947975),0,,
7770,1000360,1000360,-122.344513,47.6981506,3,102615,stop,,,,Metro Transit,POINT (-122.344513 47.6981506),0,,
7790,1000361,1000361,-122.34449,47.7016754,3,102615,stop,,,,Metro Transit,POINT (-122.34449 47.7016754),0,,
7810,1000362,1000362,-122.344543,47.7054443,3,102615,stop,,,,Metro Transit,POINT (-122.344543 47.7054443),0,,
7850,1000363,1000363,-122.344719,47.7127342,3,102615,stop,,,,Metro Transit,POINT (-122.344719 47.7127342),0,,
7880,1000364,1000364,-122.344841,47.7194672,3,102615,stop,,,,Metro Transit,POINT (-122.344841 47.7194672),0,,
7900,1000365,1000365,-122.344879,47.7237396,3,102615,stop,,,,Metro Transit,POINT (-122.344879 47.7237396),0,,
7912,1000366,1000366,-122.344925,47.7272987,3,102615,stop,,,,Metro Transit,POINT (-122.344925 47.7272987),0,,
79972,1000367,1000367,-122.291168,47.4652405,3,102619,stop,,,,Metro Transit,POINT (-122.291168 47.4652405),0,,
79973,1000368,1000368,-122.291267,47.4651031,3,102619,stop,,,,Metro Transit,POINT (-122.291267 47.4651031),0,,
80150,1000369,1000369,-122.303207,47.4651794,3,102619,stop,,,,Metro Transit,POINT (-122.303207 47.4651794),0,,
80151,1000370,1000370,-122.302727,47.4650497,3,102619,stop,,,,Metro Transit,POINT (-122.302727 47.4650497),0,,
80431,1000371,1000371,-122.304008,47.3175049,3,100512,stop,,,,Metro Transit,POINT (-122.304008 47.3175049),1,,
80438,1000372,1000372,-122.304146,47.317543,3,100512,stop,,,,Metro Transit,POINT (-122.304146 47.317543),1,,
80651,1000373,1000373,-122.224319,47.4697685,3,102619,stop,,,,Metro Transit,POINT (-122.224319 47.4697685),0,,
100512.1.48949:1;29;32;40;58;67;72;88;93;97;104;107;118;123;138;152;170;175;180;186;195;205;210;225;235;262,1500001,1000139,-122.29643300000001,47.3861801,3,100512,bus_service_node,100512.1,100512.1:1;29;32;40;58;67;72;88;93;97;104;107;118;123;138;152;170;175;180;186;195;205;210;225;235;262,,Metro Transit,POINT (-122.29643300000001 47.3861801),0,,
100512.1.52800:1;29;32;40;58;67;72;88;93;97;104;107;118;123;138;152;170;175;180;186;195;205;210;225;235;262,1500002,1000171,-122.29136700000001,47.460055499999996,3,100512,bus_service_node,100512.1,100512.1:1;29;32;40;58;67;72;88;93;97;104;107;118;123;138;152;170;175;180;186;195;205;210;225;235;262,,Metro Transit,POINT (-122.29136700000001 47.460055499999996),0,,
100512.1.60660:1;29;32;40;58;67;72;88;93;97;104;107;118;123;138;152;170;175;180;186;195;205;210;225;235;262,1500003,1000215,-122.313287,47.319232099999994,3,100512,bus_service_node,100512.1,100512.1:1;29;32;40;58;67;72;88;93;97;104;107;118;123;138;152;170;175;180;186;195;205;210;225;235;262,,Metro Transit,POINT (-122.313287 47.319232099999994),0,,
100512.1.60670:1;29;32;40;58;67;72;88;93;97;104;107;118;123;138;152;170;175;180;186;195;205;210;225;235;262,1500004,1000216,-122.31327900000001,47.3227073,3,100512,bus_service_node,100512.1,100512.1:1;29;32;40;58;67;72;88;93;97;104;107;118;123;138;152;170;175;180;186;195;205;210;225;235;262,,Metro Transit,POINT (-122.31327900000001 47.3227073),0,,
100512.1.60680:1;29;32;40;58;67;72;88;93;97;104;107;118;123;138;152;170;175;180;186;195;205;210;225;235;262,1500005,1000217,-122.313004,47.3264152,3,100512,bus_service_node,100512.1,100512.1:1;29;32;40;58;67;72;88;93;97;104;107;118;123;138;152;170;175;180;186;195;205;210;225;235;262,,Metro Transit,POINT (-122.313004 47.3264152),0,,
100512.1.60710:1;29;32;40;58;67;72;88;93;97;104;107;118;123;138;152;170;175;180;186;195;205;210;225;235;262,1500006,1000219,-122.31202,47.335318699999995,3,100512,bus_service_node,100512.1,100512.1:1;29;32;40;58;67;72;88;93;97;104;107;118;123;138;152;170;175;180;186;195;205;210;225;235;262,,Metro Transit,POINT (-122.31202 47.335318699999995),0,,
100512.1.60720:1;29;32;40;58;67;72;88;93;97;104;107;118;123;138;152;170;175;180;186;195;205;210;225;235;262,1500007,1000220,-122.312211,47.343783499999994,3,100512,bus_service_node,100512.1,100512.1:1;29;32;40;58;67;72;88;93;97;104;107;118;123;138;152;170;175;180;186;195;205;210;225;235;262,,Metro Transit,POINT (-122.312211 47.343783499999994),0,,
100512.1.60729:1;29;32;40;58;67;72;88;93;97;104;107;118;123;138;152;170;175;180;186;195;205;210;225;235;262,1500008,1000221,-122.312386,47.348769299999994,3,100512,bus_service_node,100512.1,100512.1:1;29;32;40;58;67;72;88;93;97;104;107;118;123;138;152;170;175;180;186;195;205;210;225;235;262,,Metro Transit,POINT (-122.312386 47.348769299999994),0,,
100512.1.60748:1;29;32;40;58;67;72;88;93;97;104;107;118;123;138;152;170;175;180;186;195;205;210;225;235;262,1500009,1000222,-122.31087600000001,47.3548767,3,100512,bus_service_node,100512.1,100512.1:1;29;32;40;58;67;72;88;93;97;104;107;118;123;138;152;170;175;180;186;195;205;210;225;235;262,,Metro Transit,POINT (-122.31087600000001 47.3548767),0,,
100512.1.60750:1;29;32;40;58;67;72;88;93;97;104;107;118;123;138;152;170;175;180;186;195;205;210;225;235;262,1500010,1000223,-122.308724,47.358935499999994,3,100512,bus_service_node,100512.1,100512.1:1;29;32;40;58;67;72;88;93;97;104;107;118;123;138;152;170;175;180;186;195;205;210;225;235;262,,Metro Transit,POINT (-122.308724 47.358935499999994),0,,
100512.1.60752:1;29;32;40;58;67;72;88;93;97;104;107;118;123;138;152;170;175;180;186;195;205;210;225;235;262,1500011,1000224,-122.30737400000001,47.361571399999995,3,100512,bus_service_node,100512.1,100512.1:1;29;32;40;58;67;72;88;93;97;104;107;118;123;138;152;170;175;180;186;195;205;210;225;235;262,,Metro Transit,POINT (-122.30737400000001 47.361571399999995),0,,
100512.1.60760:1;29;32;40;58;67;72;88;93;97;104;107;118;123;138;152;170;175;180;186;195;205;210;225;235;262,1500012,1000225,-122.30327700000001,47.369380099999994,3,100512,bus_service_node,100512.1,100512.1:1;29;32;40;58;67;72;88;93;97;104;107;118;123;138;152;170;175;180;186;195;205;210;225;235;262,,Metro Transit,POINT (-122.30327700000001 47.369380099999994),0,,
100512.1.60780:1;29;32;40;58;67;72;88;93;97;104;107;118;123;138;152;170;175;180;186;195;205;210;225;235;262,1500013,1000226,-122.299561,47.376441099999994,3,100512,bus_service_node,100512.1,100512.1:1;29;32;40;58;67;72;88;93;97;104;107;118;123;138;152;170;175;180;186;195;205;210;225;235;262,,Metro Transit,POINT (-122.299561 47.376441099999994),0,,
100512.1.60790:1;29;32;40;58;67;72;88;93;97;104;107;118;123;138;152;170;175;180;186;195;205;210;225;235;262,1500014,1000227,-122.297692,47.381079799999995,3,100512,bus_service_node,100512.1,100512.1:1;29;32;40;58;67;72;88;93;97;104;107;118;123;138;152;170;175;180;186;195;205;210;225;235;262,,Metro Transit,POINT (-122.297692 47.381079799999995),0,,
100512.1.60800:1;29;32;40;58;67;72;88;93;97;104;107;118;123;138;152;170;175;180;186;195;205;210;225;235;262,1500015,1000228,-122.29477800000001,47.394641099999994,3,100512,bus_service_node,100512.1,100512.1:1;29;32;40;58;67;72;88;93;97;104;107;118;123;138;152;170;175;180;186;195;205;210;225;235;262,,Metro Transit,POINT (-122.29477800000001 47.394641099999994),0,,
100512.1.60810:1;29;32;40;58;67;72;88;93;97;104;107;118;123;138;152;170;175;180;186;195;205;210;225;235;262,1500016,1000229,-122.297639,47.401343499999996,3,100512,bus_service_node,100512.1,100512.1:1;29;32;40;58;67;72;88;93;97;104;107;118;123;138;152;170;175;180;186;195;205;210;225;235;262,,Metro Transit,POINT (-122.297639 47.401343499999996),0,,
100512.1.60830:1;29;32;40;58;67;72;88;93;97;104;107;118;123;138;152;170;175;180;186;195;205;210;225;235;262,1500017,1000230,-122.298058,47.408744,3,100512,bus_service_node,100512.1,100512.1:1;29;32;40;58;67;72;88;93;97;104;107;118;123;138;152;170;175;180;186;195;205;210;225;235;262,,Metro Transit,POINT (-122.298058 47.408744),0,,
100512.1.60840:1;29;32;40;58;67;72;88;93;97;104;107;118;123;138;152;170;175;180;186;195;205;210;225;235;262,1500018,1000231,-122.297143,47.415713399999994,3,100512,bus_service_node,100512.1,100512.1:1;29;32;40;58;67;72;88;93;97;104;107;118;123;138;152;170;175;180;186;195;205;210;225;235;262,,Metro Transit,POINT (-122.297143 47.415713399999994),0,,
100512.1.60850:1;29;32;40;58;67;72;88;93;97;104;107;118;123;138;152;170;175;180;186;195;205;210;225;235;262,1500019,1000232,-122.29617400000001,47.423277999999996,3,100512,bus_service_node,100512.1,100512.1:1;29;32;40;58;67;72;88;93;97;104;107;118;123;138;152;170;175;180;186;195;205;210;225;235;262,,Metro Transit,POINT (-122.29617400000001 47.423277999999996),0,,
100512.1.60860:1;29;32;40;58;67;72;88;93;97;104;107;118;123;138;152;170;175;180;186;195;205;210;225;235;262,1500020,1000233,-122.295556,47.4280158,3,100512,bus_service_node,100512.1,100512.1:1;29;32;40;58;67;72;88;93;97;104;107;118;123;138;152;170;175;180;186;195;205;210;225;235;262,,Metro Transit,POINT (-122.295556 47.4280158),0,,
100512.1.60880:1;29;32;40;58;67;72;88;93;97;104;107;118;123;138;152;170;175;180;186;195;205;210;225;235;262,1500021,1000234,-122.295449,47.4349777,3,100512,bus_service_node,100512.1,100512.1:1;29;32;40;58;67;72;88;93;97;104;107;118;123;138;152;170;175;180;186;195;205;210;225;235;262,,Metro Transit,POINT (-122.295449 47.4349777),0,,
100512.1.60890:1;29;32;40;58;67;72;88;93;97;104;107;118;123;138;152;170;175;180;186;195;205;210;225;235;262,1500022,1000235,-122.295983,47.4425804,3,100512,bus_service_node,100512.1,100512.1:1;29;32;40;58;67;72;88;93;97;104;107;118;123;138;152;170;175;180;186;195;205;210;225;235;262,,Metro Transit,POINT (-122.295983 47.4425804),0,,
100512.1.60900:1;29;32;40;58;67;72;88;93;97;104;107;118;123;138;152;170;175;180;186;195;205;210;225;235;262,1500023,1000236,-122.296227,47.445716,3,100512,bus_service_node,100512.1,100512.1:1;29;32;40;58;67;72;88;93;97;104;107;118;123;138;152;170;175;180;186;195;205;210;225;235;262,,Metro Transit,POINT (-122.296227 47.445716),0,,
100512.1.60910:1;29;32;40;58;67;72;88;93;97;104;107;118;123;138;152;170;175;180;186;195;205;210;225;235;262,1500024,1000237,-122.295762,47.4511444,3,100512,bus_service_node,100512.1,100512.1:1;29;32;40;58;67;72;88;93;97;104;107;118;123;138;152;170;175;180;186;195;205;210;225;235;262,,Metro Transit,POINT (-122.295762 47.4511444),0,,
100512.1.60921:1;29;32;40;58;67;72;88;93;97;104;107;118;123;138;152;170;175;180;186;195;205;210;225;235;262,1500025,1000238,-122.28855200000001,47.464106699999995,3,100512,bus_service_node,100512.1,100512.1:1;29;32;40;58;67;72;88;93;97;104;107;118;123;138;152;170;175;180;186;195;205;210;225;235;262,,Metro Transit,POINT (-122.28855200000001 47.464106699999995),1,,
100512.1.80438:1;29;32;40;58;67;72;88;93;97;104;107;118;123;138;152;170;175;180;186;195;205;210;225;235;262,1500026,1000372,-122.304246,47.317443,3,100512,bus_service_node,100512.1,100512.1:1;29;32;40;58;67;72;88;93;97;104;107;118;123;138;152;170;175;180;186;195;205;210;225;235;262,,Metro Transit,POINT (-122.304246 47.317443),1,,
100512.2.50480:1;31;45;58;67;79;90;93;97;105;125;142;148;153;164;167;172;175;180;198;204;225;233;238;262,1500027,1000146,-122.295258,47.3924362,3,100512,bus_service_node,100512.2,100512.2:1;31;45;58;67;79;90;93;97;105;125;142;148;153;164;167;172;175;180;198;204;225;233;238;262,,Metro Transit,POINT (-122.295258 47.3924362),0,,
100512.2.60921:1;31;45;58;67;79;90;93;97;105;125;142;148;153;164;167;172;175;180;198;204;225;233;238;262,1500028,1000238,-122.28855200000001,47.464106699999995,3,100512,bus_service_node,100512.2,100512.2:1;31;45;58;67;79;90;93;97;105;125;142;148;153;164;167;172;175;180;198;204;225;233;238;262,,Metro Transit,POINT (-122.28855200000001 47.464106699999995),1,,
100512.2.61060:1;31;45;58;67;79;90;93;97;105;125;142;148;153;164;167;172;175;180;198;204;225;233;238;262,1500029,1000242,-122.292512,47.4585945,3,100512,bus_service_node,100512.2,100512.2:1;31;45;58;67;79;90;93;97;105;125;142;148;153;164;167;172;175;180;198;204;225;233;238;262,,Metro Transit,POINT (-122.292512 47.4585945),0,,
100512.2.61070:1;31;45;58;67;79;90;93;97;105;125;142;148;153;164;167;172;175;180;198;204;225;233;238;262,1500030,1000243,-122.296418,47.4501487,3,100512,bus_service_node,100512.2,100512.2:1;31;45;58;67;79;90;93;97;105;125;142;148;153;164;167;172;175;180;198;204;225;233;238;262,,Metro Transit,POINT (-122.296418 47.4501487),0,,
100512.2.61080:1;31;45;58;67;79;90;93;97;105;125;142;148;153;164;167;172;175;180;198;204;225;233;238;262,1500031,1000244,-122.29654000000001,47.4452201,3,100512,bus_service_node,100512.2,100512.2:1;31;45;58;67;79;90;93;97;105;125;142;148;153;164;167;172;175;180;198;204;225;233;238;262,,Metro Transit,POINT (-122.29654000000001 47.4452201),0,,
100512.2.61090:1;31;45;58;67;79;90;93;97;105;125;142;148;153;164;167;172;175;180;198;204;225;233;238;262,1500032,1000245,-122.296204,47.43962019999999,3,100512,bus_service_node,100512.2,100512.2:1;31;45;58;67;79;90;93;97;105;125;142;148;153;164;167;172;175;180;198;204;225;233;238;262,,Metro Transit,POINT (-122.296204 47.43962019999999),0,,
100512.2.61100:1;31;45;58;67;79;90;93;97;105;125;142;148;153;164;167;172;175;180;198;204;225;233;238;262,1500033,1000246,-122.295762,47.4337989,3,100512,bus_service_node,100512.2,100512.2:1;31;45;58;67;79;90;93;97;105;125;142;148;153;164;167;172;175;180;198;204;225;233;238;262,,Metro Transit,POINT (-122.295762 47.4337989),0,,
100512.2.61110:1;31;45;58;67;79;90;93;97;105;125;142;148;153;164;167;172;175;180;198;204;225;233;238;262,1500034,1000247,-122.296014,47.4273673,3,100512,bus_service_node,100512.2,100512.2:1;31;45;58;67;79;90;93;97;105;125;142;148;153;164;167;172;175;180;198;204;225;233;238;262,,Metro Transit,POINT (-122.296014 47.4273673),0,,
100512.2.61120:1;31;45;58;67;79;90;93;97;105;125;142;148;153;164;167;172;175;180;198;204;225;233;238;262,1500035,1000248,-122.296677,47.4222785,3,100512,bus_service_node,100512.2,100512.2:1;31;45;58;67;79;90;93;97;105;125;142;148;153;164;167;172;175;180;198;204;225;233;238;262,,Metro Transit,POINT (-122.296677 47.4222785),0,,
100512.2.61140:1;31;45;58;67;79;90;93;97;105;125;142;148;153;164;167;172;175;180;198;204;225;233;238;262,1500036,1000249,-122.297639,47.414797899999996,3,100512,bus_service_node,100512.2,100512.2:1;31;45;58;67;79;90;93;97;105;125;142;148;153;164;167;172;175;180;198;204;225;233;238;262,,Metro Transit,POINT (-122.297639 47.414797899999996),0,,
100512.2.61150:1;31;45;58;67;79;90;93;97;105;125;142;148;153;164;167;172;175;180;198;204;225;233;238;262,1500037,1000250,-122.29857700000001,47.4076568,3,100512,bus_service_node,100512.2,100512.2:1;31;45;58;67;79;90;93;97;105;125;142;148;153;164;167;172;175;180;198;204;225;233;238;262,,Metro Transit,POINT (-122.29857700000001 47.4076568),0,,
100512.2.61170:1;31;45;58;67;79;90;93;97;105;125;142;148;153;164;167;172;175;180;198;204;225;233;238;262,1500038,1000251,-122.29731100000001,47.399840499999996,3,100512,bus_service_node,100512.2,100512.2:1;31;45;58;67;79;90;93;97;105;125;142;148;153;164;167;172;175;180;198;204;225;233;238;262,,Metro Transit,POINT (-122.29731100000001 47.399840499999996),0,,
100512.2.61180:1;31;45;58;67;79;90;93;97;105;125;142;148;153;164;167;172;175;180;198;204;225;233;238;262,1500039,1000252,-122.296471,47.38746939999999,3,100512,bus_service_node,100512.2,100512.2:1;31;45;58;67;79;90;93;97;105;125;142;148;153;164;167;172;175;180;198;204;225;233;238;262,,Metro Transit,POINT (-122.296471 47.38746939999999),0,,
100512.2.61190:1;31;45;58;67;79;90;93;97;105;125;142;148;153;164;167;172;175;180;198;204;225;233;238;262,1500040,1000253,-122.298005,47.3811981,3,100512,bus_service_node,100512.2,100512.2:1;31;45;58;67;79;90;93;97;105;125;142;148;153;164;167;172;175;180;198;204;225;233;238;262,,Metro Transit,POINT (-122.298005 47.3811981),0,,
100512.2.61201:1;31;45;58;67;79;90;93;97;105;125;142;148;153;164;167;172;175;180;198;204;225;233;238;262,1500041,1000254,-122.300584,47.3751937,3,100512,bus_service_node,100512.2,100512.2:1;31;45;58;67;79;90;93;97;105;125;142;148;153;164;167;172;175;180;198;204;225;233;238;262,,Metro Transit,POINT (-122.300584 47.3751937),0,,
100512.2.61220:1;31;45;58;67;79;90;93;97;105;125;142;148;153;164;167;172;175;180;198;204;225;233;238;262,1500042,1000255,-122.30441400000001,47.3679115,3,100512,bus_service_node,100512.2,100512.2:1;31;45;58;67;79;90;93;97;105;125;142;148;153;164;167;172;175;180;198;204;225;233;238;262,,Metro Transit,POINT (-122.30441400000001 47.3679115),0,,
100512.2.61230:1;31;45;58;67;79;90;93;97;105;125;142;148;153;164;167;172;175;180;198;204;225;233;238;262,1500043,1000256,-122.308205,47.3606597,3,100512,bus_service_node,100512.2,100512.2:1;31;45;58;67;79;90;93;97;105;125;142;148;153;164;167;172;175;180;198;204;225;233;238;262,,Metro Transit,POINT (-122.308205 47.3606597),0,,
100512.2.61240:1;31;45;58;67;79;90;93;97;105;125;142;148;153;164;167;172;175;180;198;204;225;233;238;262,1500044,1000257,-122.310052,47.357142599999996,3,100512,bus_service_node,100512.2,100512.2:1;31;45;58;67;79;90;93;97;105;125;142;148;153;164;167;172;175;180;198;204;225;233;238;262,,Metro Transit,POINT (-122.310052 47.357142599999996),0,,
100512.2.61243:1;31;45;58;67;79;90;93;97;105;125;142;148;153;164;167;172;175;180;198;204;225;233;238;262,1500045,1000258,-122.311654,47.35404509999999,3,100512,bus_service_node,100512.2,100512.2:1;31;45;58;67;79;90;93;97;105;125;142;148;153;164;167;172;175;180;198;204;225;233;238;262,,Metro Transit,POINT (-122.311654 47.35404509999999),0,,
100512.2.61270:1;31;45;58;67;79;90;93;97;105;125;142;148;153;164;167;172;175;180;198;204;225;233;238;262,1500046,1000259,-122.312577,47.3428756,3,100512,bus_service_node,100512.2,100512.2:1;31;45;58;67;79;90;93;97;105;125;142;148;153;164;167;172;175;180;198;204;225;233;238;262,,Metro Transit,POINT (-122.312577 47.3428756),0,,
100512.2.61280:1;31;45;58;67;79;90;93;97;105;125;142;148;153;164;167;172;175;180;198;204;225;233;238;262,1500047,1000260,-122.312363,47.335070699999996,3,100512,bus_service_node,100512.2,100512.2:1;31;45;58;67;79;90;93;97;105;125;142;148;153;164;167;172;175;180;198;204;225;233;238;262,,Metro Transit,POINT (-122.312363 47.335070699999996),0,,
100512.2.61300:1;31;45;58;67;79;90;93;97;105;125;142;148;153;164;167;172;175;180;198;204;225;233;238;262,1500048,1000261,-122.31353800000001,47.325514899999995,3,100512,bus_service_node,100512.2,100512.2:1;31;45;58;67;79;90;93;97;105;125;142;148;153;164;167;172;175;180;198;204;225;233;238;262,,Metro Transit,POINT (-122.31353800000001 47.325514899999995),0,,
100512.2.61310:1;31;45;58;67;79;90;93;97;105;125;142;148;153;164;167;172;175;180;198;204;225;233;238;262,1500049,1000262,-122.31364500000001,47.321990099999994,3,100512,bus_service_node,100512.2,100512.2:1;31;45;58;67;79;90;93;97;105;125;142;148;153;164;167;172;175;180;198;204;225;233;238;262,,Metro Transit,POINT (-122.31364500000001 47.321990099999994),0,,
100512.2.61313:1;31;45;58;67;79;90;93;97;105;125;142;148;153;164;167;172;175;180;198;204;225;233;238;262,1500050,1000263,-122.312455,47.318522599999994,3,100512,bus_service_node,100512.2,100512.2:1;31;45;58;67;79;90;93;97;105;125;142;148;153;164;167;172;175;180;198;204;225;233;238;262,,Metro Transit,POINT (-122.312455 47.318522599999994),0,,
100512.2.80431:1;31;45;58;67;79;90;93;97;105;125;142;148;153;164;167;172;175;180;198;204;225;233;238;262,1500051,1000371,-122.304108,47.3174049,3,100512,bus_service_node,100512.2,100512.2:1;31;45;58;67;79;90;93;97;105;125;142;148;153;164;167;172;175;180;198;204;225;233;238;262,,Metro Transit,POINT (-122.304108 47.3174049),1,,
102548.1.66871:1;6;12;14;38;65;72;83;86;94;97;105;110;162;166;175;189;200;208;216;227;241;245;265,1500052,1000269,-122.13333200000001,47.6381217,3,102548,bus_service_node,102548.1,102548.1:1;6;12;14;38;65;72;83;86;94;97;105;110;162;166;175;189;200;208;216;227;241;245;265,,Metro Transit,POINT (-122.13333200000001 47.6381217),0,,
102548.1.67500:1;6;12;14;38;65;72;83;86;94;97;105;110;162;166;175;189;200;208;216;227;241;245;265,1500053,1000271,-122.143617,47.617014999999995,3,102548,bus_service_node,102548.1,102548.1:1;6;12;14;38;65;72;83;86;94;97;105;110;162;166;175;189;200;208;216;227;241;245;265,,Metro Transit,POINT (-122.143617 47.617014999999995),0,,
102548.1.67510:1;6;12;14;38;65;72;83;86;94;97;105;110;162;166;175;189;200;208;216;227;241;245;265,1500054,1000272,-122.15046000000001,47.617098899999995,3,102548,bus_service_node,102548.1,102548.1:1;6;12;14;38;65;72;83;86;94;97;105;110;162;166;175;189;200;208;216;227;241;245;265,,Metro Transit,POINT (-122.15046000000001 47.617098899999995),0,,
102548.1.67520:1;6;12;14;38;65;72;83;86;94;97;105;110;162;166;175;189;200;208;216;227;241;245;265,1500055,1000273,-122.154557,47.6171295,3,102548,bus_service_node,102548.1,102548.1:1;6;12;14;38;65;72;83;86;94;97;105;110;162;166;175;189;200;208;216;227;241;245;265,,Metro Transit,POINT (-122.154557 47.6171295),0,,
102548.1.67540:1;6;12;14;38;65;72;83;86;94;97;105;110;162;166;175;189;200;208;216;227;241;245;265,1500056,1000274,-122.163247,47.6171714,3,102548,bus_service_node,102548.1,102548.1:1;6;12;14;38;65;72;83;86;94;97;105;110;162;166;175;189;200;208;216;227;241;245;265,,Metro Transit,POINT (-122.163247 47.6171714),0,,
102548.1.67570:1;6;12;14;38;65;72;83;86;94;97;105;110;162;166;175;189;200;208;216;227;241;245;265,1500057,1000275,-122.176057,47.61730489999999,3,102548,bus_service_node,102548.1,102548.1:1;6;12;14;38;65;72;83;86;94;97;105;110;162;166;175;189;200;208;216;227;241;245;265,,Metro Transit,POINT (-122.176057 47.61730489999999),0,,
102548.1.67580:1;6;12;14;38;65;72;83;86;94;97;105;110;162;166;175;189;200;208;216;227;241;245;265,1500058,1000276,-122.18104600000001,47.6172859,3,102548,bus_service_node,102548.1,102548.1:1;6;12;14;38;65;72;83;86;94;97;105;110;162;166;175;189;200;208;216;227;241;245;265,,Metro Transit,POINT (-122.18104600000001 47.6172859),0,,
102548.1.68003:1;6;12;14;38;65;72;83;86;94;97;105;110;162;166;175;189;200;208;216;227;241;245;265,1500059,1000277,-122.195458,47.6154052,3,102548,bus_service_node,102548.1,102548.1:1;6;12;14;38;65;72;83;86;94;97;105;110;162;166;175;189;200;208;216;227;241;245;265,,Metro Transit,POINT (-122.195458 47.6154052),1,,
102548.1.68390:1;6;12;14;38;65;72;83;86;94;97;105;110;162;166;175;189;200;208;216;227;241;245;265,1500060,1000285,-122.132546,47.6306793,3,102548,bus_service_node,102548.1,102548.1:1;6;12;14;38;65;72;83;86;94;97;105;110;162;166;175;189;200;208;216;227;241;245;265,,Metro Transit,POINT (-122.132546 47.6306793),0,,
102548.1.68398:1;6;12;14;38;65;72;83;86;94;97;105;110;162;166;175;189;200;208;216;227;241;245;265,1500061,1000286,-122.132493,47.6446792,3,102548,bus_service_node,102548.1,102548.1:1;6;12;14;38;65;72;83;86;94;97;105;110;162;166;175;189;200;208;216;227;241;245;265,,Metro Transit,POINT (-122.132493 47.6446792),0,,
102548.1.68410:1;6;12;14;38;65;72;83;86;94;97;105;110;162;166;175;189;200;208;216;227;241;245;265,1500062,1000287,-122.132592,47.624015,3,102548,bus_service_node,102548.1,102548.1:1;6;12;14;38;65;72;83;86;94;97;105;110;162;166;175;189;200;208;216;227;241;245;265,,Metro Transit,POINT (-122.132592 47.624015),0,,
102548.1.68438:1;6;12;14;38;65;72;83;86;94;97;105;110;162;166;175;189;200;208;216;227;241;245;265,1500063,1000288,-122.132615,47.6180526,3,102548,bus_service_node,102548.1,102548.1:1;6;12;14;38;65;72;83;86;94;97;105;110;162;166;175;189;200;208;216;227;241;245;265,,Metro Transit,POINT (-122.132615 47.6180526),0,,
102548.1.68805:1;6;12;14;38;65;72;83;86;94;97;105;110;162;166;175;189;200;208;216;227;241;245;265,1500064,1000292,-122.128236,47.6821243,3,102548,bus_service_node,102548.1,102548.1:1;6;12;14;38;65;72;83;86;94;97;105;110;162;166;175;189;200;208;216;227;241;245;265,,Metro Transit,POINT (-122.128236 47.6821243),0,,
102548.1.68809:1;6;12;14;38;65;72;83;86;94;97;105;110;162;166;175;189;200;208;216;227;241;245;265,1500065,1000293,-122.127511,47.678984799999995,3,102548,bus_service_node,102548.1,102548.1:1;6;12;14;38;65;72;83;86;94;97;105;110;162;166;175;189;200;208;216;227;241;245;265,,Metro Transit,POINT (-122.127511 47.678984799999995),0,,
102548.1.71325:1;6;12;14;38;65;72;83;86;94;97;105;110;162;166;175;189;200;208;216;227;241;245;265,1500066,1000303,-122.137833,47.6458236,3,102548,bus_service_node,102548.1,102548.1:1;6;12;14;38;65;72;83;86;94;97;105;110;162;166;175;189;200;208;216;227;241;245;265,,Metro Transit,POINT (-122.137833 47.6458236),0,,
102548.1.71331:1;6;12;14;38;65;72;83;86;94;97;105;110;162;166;175;189;200;208;216;227;241;245;265,1500067,1000306,-122.137902,47.632861299999995,3,102548,bus_service_node,102548.1,102548.1:1;6;12;14;38;65;72;83;86;94;97;105;110;162;166;175;189;200;208;216;227;241;245;265,,Metro Transit,POINT (-122.137902 47.632861299999995),0,,
102548.1.71961:1;6;12;14;38;65;72;83;86;94;97;105;110;162;166;175;189;200;208;216;227;241;245;265,1500068,1000310,-122.12523,47.676631099999994,3,102548,bus_service_node,102548.1,102548.1:1;6;12;14;38;65;72;83;86;94;97;105;110;162;166;175;189;200;208;216;227;241;245;265,,Metro Transit,POINT (-122.12523 47.676631099999994),1,,
102548.1.73108:1;6;12;14;38;65;72;83;86;94;97;105;110;162;166;175;189;200;208;216;227;241;245;265,1500069,1000313,-122.145326,47.6806632,3,102548,bus_service_node,102548.1,102548.1:1;6;12;14;38;65;72;83;86;94;97;105;110;162;166;175;189;200;208;216;227;241;245;265,,Metro Transit,POINT (-122.145326 47.6806632),0,,
102548.1.73110:1;6;12;14;38;65;72;83;86;94;97;105;110;162;166;175;189;200;208;216;227;241;245;265,1500070,1000314,-122.143327,47.6743118,3,102548,bus_service_node,102548.1,102548.1:1;6;12;14;38;65;72;83;86;94;97;105;110;162;166;175;189;200;208;216;227;241;245;265,,Metro Transit,POINT (-122.143327 47.6743118),0,,
102548.1.73130:1;6;12;14;38;65;72;83;86;94;97;105;110;162;166;175;189;200;208;216;227;241;245;265,1500071,1000315,-122.143395,47.667025699999996,3,102548,bus_service_node,102548.1,102548.1:1;6;12;14;38;65;72;83;86;94;97;105;110;162;166;175;189;200;208;216;227;241;245;265,,Metro Transit,POINT (-122.143395 47.667025699999996),0,,
102548.1.73240:1;6;12;14;38;65;72;83;86;94;97;105;110;162;166;175;189;200;208;216;227;241;245;265,1500072,1000317,-122.143563,47.654559299999995,3,102548,bus_service_node,102548.1,102548.1:1;6;12;14;38;65;72;83;86;94;97;105;110;162;166;175;189;200;208;216;227;241;245;265,,Metro Transit,POINT (-122.143563 47.654559299999995),0,,
102548.1.73243:1;6;12;14;38;65;72;83;86;94;97;105;110;162;166;175;189;200;208;216;227;241;245;265,1500073,1000318,-122.143533,47.651801199999994,3,102548,bus_service_node,102548.1,102548.1:1;6;12;14;38;65;72;83;86;94;97;105;110;162;166;175;189;200;208;216;227;241;245;265,,Metro Transit,POINT (-122.143533 47.651801199999994),0,,
102548.1.73407:1;6;12;14;38;65;72;83;86;94;97;105;110;162;166;175;189;200;208;216;227;241;245;265,1500074,1000323,-122.141267,47.64578169999999,3,102548,bus_service_node,102548.1,102548.1:1;6;12;14;38;65;72;83;86;94;97;105;110;162;166;175;189;200;208;216;227;241;245;265,,Metro Transit,POINT (-122.141267 47.64578169999999),0,,
102548.1.73853:1;6;12;14;38;65;72;83;86;94;97;105;110;162;166;175;189;200;208;216;227;241;245;265,1500075,1000327,-122.134652,47.6821777,3,102548,bus_service_node,102548.1,102548.1:1;6;12;14;38;65;72;83;86;94;97;105;110;162;166;175;189;200;208;216;227;241;245;265,,Metro Transit,POINT (-122.134652 47.6821777),0,,
102548.2.66875:1;20;24;28;42;55;62;71;79;93;104;107;123;153;162;167;173;176;187;191;222;244;249;253;257,1500076,1000270,-122.136208,47.6378967,3,102548,bus_service_node,102548.2,102548.2:1;20;24;28;42;55;62;71;79;93;104;107;123;153;162;167;173;176;187;191;222;244;249;253;257,,Metro Transit,POINT (-122.136208 47.6378967),0,,
102548.2.68003:1;20;24;28;42;55;62;71;79;93;104;107;123;153;162;167;173;176;187;191;222;244;249;253;257,1500077,1000277,-122.195458,47.6154052,3,102548,bus_service_node,102548.2,102548.2:1;20;24;28;42;55;62;71;79;93;104;107;123;153;162;167;173;176;187;191;222;244;249;253;257,,Metro Transit,POINT (-122.195458 47.6154052),1,,
102548.2.68085:1;20;24;28;42;55;62;71;79;93;104;107;123;153;162;167;173;176;187;191;222;244;249;253;257,1500078,1000278,-122.185044,47.6171295,3,102548,bus_service_node,102548.2,102548.2:1;20;24;28;42;55;62;71;79;93;104;107;123;153;162;167;173;176;187;191;222;244;249;253;257,,Metro Transit,POINT (-122.185044 47.6171295),0,,
102548.2.68094:1;20;24;28;42;55;62;71;79;93;104;107;123;153;162;167;173;176;187;191;222;244;249;253;257,1500079,1000279,-122.180047,47.61716,3,102548,bus_service_node,102548.2,102548.2:1;20;24;28;42;55;62;71;79;93;104;107;123;153;162;167;173;176;187;191;222;244;249;253;257,,Metro Transit,POINT (-122.180047 47.61716),0,,
102548.2.68100:1;20;24;28;42;55;62;71;79;93;104;107;123;153;162;167;173;176;187;191;222;244;249;253;257,1500080,1000280,-122.17469100000001,47.6171714,3,102548,bus_service_node,102548.2,102548.2:1;20;24;28;42;55;62;71;79;93;104;107;123;153;162;167;173;176;187;191;222;244;249;253;257,,Metro Transit,POINT (-122.17469100000001 47.6171714),0,,
102548.2.68130:1;20;24;28;42;55;62;71;79;93;104;107;123;153;162;167;173;176;187;191;222;244;249;253;257,1500081,1000281,-122.16256,47.617026499999994,3,102548,bus_service_node,102548.2,102548.2:1;20;24;28;42;55;62;71;79;93;104;107;123;153;162;167;173;176;187;191;222;244;249;253;257,,Metro Transit,POINT (-122.16256 47.617026499999994),0,,
102548.2.68150:1;20;24;28;42;55;62;71;79;93;104;107;123;153;162;167;173;176;187;191;222;244;249;253;257,1500082,1000282,-122.153176,47.616973099999996,3,102548,bus_service_node,102548.2,102548.2:1;20;24;28;42;55;62;71;79;93;104;107;123;153;162;167;173;176;187;191;222;244;249;253;257,,Metro Transit,POINT (-122.153176 47.616973099999996),0,,
102548.2.68160:1;20;24;28;42;55;62;71;79;93;104;107;123;153;162;167;173;176;187;191;222;244;249;253;257,1500083,1000283,-122.149201,47.616946399999996,3,102548,bus_service_node,102548.2,102548.2:1;20;24;28;42;55;62;71;79;93;104;107;123;153;162;167;173;176;187;191;222;244;249;253;257,,Metro Transit,POINT (-122.149201 47.616946399999996),0,,
102548.2.68180:1;20;24;28;42;55;62;71;79;93;104;107;123;153;162;167;173;176;187;191;222;244;249;253;257,1500084,1000284,-122.142114,47.6168701,3,102548,bus_service_node,102548.2,102548.2:1;20;24;28;42;55;62;71;79;93;104;107;123;153;162;167;173;176;187;191;222;244;249;253;257,,Metro Transit,POINT (-122.142114 47.6168701),0,,
102548.2.68498:1;20;24;28;42;55;62;71;79;93;104;107;123;153;162;167;173;176;187;191;222;244;249;253;257,1500085,1000289,-122.132287,47.6438857,3,102548,bus_service_node,102548.2,102548.2:1;20;24;28;42;55;62;71;79;93;104;107;123;153;162;167;173;176;187;191;222;244;249;253;257,,Metro Transit,POINT (-122.132287 47.6438857),0,,
102548.2.68750:1;20;24;28;42;55;62;71;79;93;104;107;123;153;162;167;173;176;187;191;222;244;249;253;257,1500086,1000290,-122.132417,47.6182777,3,102548,bus_service_node,102548.2,102548.2:1;20;24;28;42;55;62;71;79;93;104;107;123;153;162;167;173;176;187;191;222;244;249;253;257,,Metro Transit,POINT (-122.132417 47.6182777),0,,
102548.2.68780:1;20;24;28;42;55;62;71;79;93;104;107;123;153;162;167;173;176;187;191;222;244;249;253;257,1500087,1000291,-122.132401,47.624007399999996,3,102548,bus_service_node,102548.2,102548.2:1;20;24;28;42;55;62;71;79;93;104;107;123;153;162;167;173;176;187;191;222;244;249;253;257,,Metro Transit,POINT (-122.132401 47.624007399999996),0,,
102548.2.71322:1;20;24;28;42;55;62;71;79;93;104;107;123;153;162;167;173;176;187;191;222;244;249;253;257,1500088,1000302,-122.134545,47.631549,3,102548,bus_service_node,102548.2,102548.2:1;20;24;28;42;55;62;71;79;93;104;107;123;153;162;167;173;176;187;191;222;244;249;253;257,,Metro Transit,POINT (-122.134545 47.631549),0,,
102548.2.71326:1;20;24;28;42;55;62;71;79;93;104;107;123;153;162;167;173;176;187;191;222;244;249;253;257,1500089,1000304,-122.137704,47.633609,3,102548,bus_service_node,102548.2,102548.2:1;20;24;28;42;55;62;71;79;93;104;107;123;153;162;167;173;176;187;191;222;244;249;253;257,,Metro Transit,POINT (-122.137704 47.633609),0,,
102548.2.71329:1;20;24;28;42;55;62;71;79;93;104;107;123;153;162;167;173;176;187;191;222;244;249;253;257,1500090,1000305,-122.137902,47.6459571,3,102548,bus_service_node,102548.2,102548.2:1;20;24;28;42;55;62;71;79;93;104;107;123;153;162;167;173;176;187;191;222;244;249;253;257,,Metro Transit,POINT (-122.137902 47.6459571),0,,
102548.2.73227:1;20;24;28;42;55;62;71;79;93;104;107;123;153;162;167;173;176;187;191;222;244;249;253;257,1500091,1000316,-122.125039,47.676493799999996,3,102548,bus_service_node,102548.2,102548.2:1;20;24;28;42;55;62;71;79;93;104;107;123;153;162;167;173;176;187;191;222;244;249;253;257,,Metro Transit,POINT (-122.125039 47.676493799999996),1,,
102548.2.73342:1;20;24;28;42;55;62;71;79;93;104;107;123;153;162;167;173;176;187;191;222;244;249;253;257,1500092,1000319,-122.142915,47.6468193,3,102548,bus_service_node,102548.2,102548.2:1;20;24;28;42;55;62;71;79;93;104;107;123;153;162;167;173;176;187;191;222;244;249;253;257,,Metro Transit,POINT (-122.142915 47.6468193),0,,
102548.2.73350:1;20;24;28;42;55;62;71;79;93;104;107;123;153;162;167;173;176;187;191;222;244;249;253;257,1500093,1000320,-122.143189,47.655635,3,102548,bus_service_node,102548.2,102548.2:1;20;24;28;42;55;62;71;79;93;104;107;123;153;162;167;173;176;187;191;222;244;249;253;257,,Metro Transit,POINT (-122.143189 47.655635),0,,
102548.2.73366:1;20;24;28;42;55;62;71;79;93;104;107;123;153;162;167;173;176;187;191;222;244;249;253;257,1500094,1000321,-122.143189,47.6524764,3,102548,bus_service_node,102548.2,102548.2:1;20;24;28;42;55;62;71;79;93;104;107;123;153;162;167;173;176;187;191;222;244;249;253;257,,Metro Transit,POINT (-122.143189 47.6524764),0,,
102548.2.73391:1;20;24;28;42;55;62;71;79;93;104;107;123;153;162;167;173;176;187;191;222;244;249;253;257,1500095,1000322,-122.142983,47.66835699999999,3,102548,bus_service_node,102548.2,102548.2:1;20;24;28;42;55;62;71;79;93;104;107;123;153;162;167;173;176;187;191;222;244;249;253;257,,Metro Transit,POINT (-122.142983 47.66835699999999),0,,
102548.2.73410:1;20;24;28;42;55;62;71;79;93;104;107;123;153;162;167;173;176;187;191;222;244;249;253;257,1500096,1000324,-122.142983,47.674178299999994,3,102548,bus_service_node,102548.2,102548.2:1;20;24;28;42;55;62;71;79;93;104;107;123;153;162;167;173;176;187;191;222;244;249;253;257,,Metro Transit,POINT (-122.142983 47.674178299999994),0,,
102548.2.73412:1;20;24;28;42;55;62;71;79;93;104;107;123;153;162;167;173;176;187;191;222;244;249;253;257,1500097,1000325,-122.144791,47.6810104,3,102548,bus_service_node,102548.2,102548.2:1;20;24;28;42;55;62;71;79;93;104;107;123;153;162;167;173;176;187;191;222;244;249;253;257,,Metro Transit,POINT (-122.144791 47.6810104),0,,
102548.2.73757:1;20;24;28;42;55;62;71;79;93;104;107;123;153;162;167;173;176;187;191;222;244;249;253;257,1500098,1000326,-122.126878,47.678359199999996,3,102548,bus_service_node,102548.2,102548.2:1;20;24;28;42;55;62;71;79;93;104;107;123;153;162;167;173;176;187;191;222;244;249;253;257,,Metro Transit,POINT (-122.126878 47.678359199999996),0,,
102548.2.73872:1;20;24;28;42;55;62;71;79;93;104;107;123;153;162;167;173;176;187;191;222;244;249;253;257,1500099,1000328,-122.134286,47.682036499999995,3,102548,bus_service_node,102548.2,102548.2:1;20;24;28;42;55;62;71;79;93;104;107;123;153;162;167;173;176;187;191;222;244;249;253;257,,Metro Transit,POINT (-122.134286 47.682036499999995),0,,
102548.2.74027:1;20;24;28;42;55;62;71;79;93;104;107;123;153;162;167;173;176;187;191;222;244;249;253;257,1500100,1000329,-122.12775500000001,47.680544999999995,3,102548,bus_service_node,102548.2,102548.2:1;20;24;28;42;55;62;71;79;93;104;107;123;153;162;167;173;176;187;191;222;244;249;253;257,,Metro Transit,POINT (-122.12775500000001 47.680544999999995),0,,
102576.1.10325:1;9;17;20;60;77;84;93;100;106;121;127;140;150;157;168;334;345;355;359;363;377;386;399;403;411;427,1500101,1000001,-122.33355,47.626513599999996,3,102576,bus_service_node,102576.1,102576.1:1;9;17;20;60;77;84;93;100;106;121;127;140;150;157;168;334;345;355;359;363;377;386;399;403;411;427,,Metro Transit,POINT (-122.33355 47.626513599999996),1,,
102576.1.1559:1;9;17;20;60;77;84;93;100;106;121;127;140;150;157;168;334;345;355;359;363;377;386;399;403;411;427,1500102,1000037,-122.336785,47.6023971,3,102576,bus_service_node,102576.1,102576.1:1;9;17;20;60;77;84;93;100;106;121;127;140;150;157;168;334;345;355;359;363;377;386;399;403;411;427,,Metro Transit,POINT (-122.336785 47.6023971),0,,
102576.1.1561:1;9;17;20;60;77;84;93;100;106;121;127;140;150;157;168;334;345;355;359;363;377;386;399;403;411;427,1500103,1000038,-122.335656,47.5996009,3,102576,bus_service_node,102576.1,102576.1:1;9;17;20;60;77;84;93;100;106;121;127;140;150;157;168;334;345;355;359;363;377;386;399;403;411;427,,Metro Transit,POINT (-122.335656 47.5996009),0,,
102576.1.18440:1;9;17;20;60;77;84;93;100;106;121;127;140;150;157;168;334;345;355;359;363;377;386;399;403;411;427,1500104,1000045,-122.340981,47.6157562,3,102576,bus_service_node,102576.1,102576.1:1;9;17;20;60;77;84;93;100;106;121;127;140;150;157;168;334;345;355;359;363;377;386;399;403;411;427,,Metro Transit,POINT (-122.340981 47.6157562),0,,
102576.1.19650:1;9;17;20;60;77;84;93;100;106;121;127;140;150;157;168;334;345;355;359;363;377;386;399;403;411;427,1500105,1000046,-122.39071700000001,47.520899899999996,3,102576,bus_service_node,102576.1,102576.1:1;9;17;20;60;77;84;93;100;106;121;127;140;150;157;168;334;345;355;359;363;377;386;399;403;411;427,,Metro Transit,POINT (-122.39071700000001 47.520899899999996),0,,
102576.1.19670:1;9;17;20;60;77;84;93;100;106;121;127;140;150;157;168;334;345;355;359;363;377;386;399;403;411;427,1500106,1000047,-122.392999,47.5230781,3,102576,bus_service_node,102576.1,102576.1:1;9;17;20;60;77;84;93;100;106;121;127;140;150;157;168;334;345;355;359;363;377;386;399;403;411;427,,Metro Transit,POINT (-122.392999 47.5230781),0,,
102576.1.19700:1;9;17;20;60;77;84;93;100;106;121;127;140;150;157;168;334;345;355;359;363;377;386;399;403;411;427,1500107,1000048,-122.392709,47.529894999999996,3,102576,bus_service_node,102576.1,102576.1:1;9;17;20;60;77;84;93;100;106;121;127;140;150;157;168;334;345;355;359;363;377;386;399;403;411;427,,Metro Transit,POINT (-122.392709 47.529894999999996),0,,
102576.1.19740:1;9;17;20;60;77;84;93;100;106;121;127;140;150;157;168;334;345;355;359;363;377;386;399;403;411;427,1500108,1000049,-122.392442,47.535948899999994,3,102576,bus_service_node,102576.1,102576.1:1;9;17;20;60;77;84;93;100;106;121;127;140;150;157;168;334;345;355;359;363;377;386;399;403;411;427,,Metro Transit,POINT (-122.392442 47.535948899999994),0,,
102576.1.19750:1;9;17;20;60;77;84;93;100;106;121;127;140;150;157;168;334;345;355;359;363;377;386;399;403;411;427,1500109,1000050,-122.390611,47.539767399999995,3,102576,bus_service_node,102576.1,102576.1:1;9;17;20;60;77;84;93;100;106;121;127;140;150;157;168;334;345;355;359;363;377;386;399;403;411;427,,Metro Transit,POINT (-122.390611 47.539767399999995),0,,
102576.1.19790:1;9;17;20;60;77;84;93;100;106;121;127;140;150;157;168;334;345;355;359;363;377;386;399;403;411;427,1500110,1000051,-122.387208,47.545210999999995,3,102576,bus_service_node,102576.1,102576.1:1;9;17;20;60;77;84;93;100;106;121;127;140;150;157;168;334;345;355;359;363;377;386;399;403;411;427,,Metro Transit,POINT (-122.387208 47.545210999999995),0,,
102576.1.19830:1;9;17;20;60;77;84;93;100;106;121;127;140;150;157;168;334;345;355;359;363;377;386;399;403;411;427,1500111,1000052,-122.387032,47.55226819999999,3,102576,bus_service_node,102576.1,102576.1:1;9;17;20;60;77;84;93;100;106;121;127;140;150;157;168;334;345;355;359;363;377;386;399;403;411;427,,Metro Transit,POINT (-122.387032 47.55226819999999),0,,
102576.1.19862:1;9;17;20;60;77;84;93;100;106;121;127;140;150;157;168;334;345;355;359;363;377;386;399;403;411;427,1500112,1000053,-122.386971,47.5609542,3,102576,bus_service_node,102576.1,102576.1:1;9;17;20;60;77;84;93;100;106;121;127;140;150;157;168;334;345;355;359;363;377;386;399;403;411;427,,Metro Transit,POINT (-122.386971 47.5609542),0,,
102576.1.19930:1;9;17;20;60;77;84;93;100;106;121;127;140;150;157;168;334;345;355;359;363;377;386;399;403;411;427,1500113,1000055,-122.370774,47.5677825,3,102576,bus_service_node,102576.1,102576.1:1;9;17;20;60;77;84;93;100;106;121;127;140;150;157;168;334;345;355;359;363;377;386;399;403;411;427,,Metro Transit,POINT (-122.370774 47.5677825),0,,
102576.1.22260:1;9;17;20;60;77;84;93;100;106;121;127;140;150;157;168;334;345;355;359;363;377;386;399;403;411;427,1500114,1000089,-122.36815,47.51735609999999,3,102576,bus_service_node,102576.1,102576.1:1;9;17;20;60;77;84;93;100;106;121;127;140;150;157;168;334;345;355;359;363;377;386;399;403;411;427,,Metro Transit,POINT (-122.36815 47.51735609999999),0,,
102576.1.22557:1;9;17;20;60;77;84;93;100;106;121;127;140;150;157;168;334;345;355;359;363;377;386;399;403;411;427,1500115,1000091,-122.367455,47.5208618,3,102576,bus_service_node,102576.1,102576.1:1;9;17;20;60;77;84;93;100;106;121;127;140;150;157;168;334;345;355;359;363;377;386;399;403;411;427,,Metro Transit,POINT (-122.367455 47.5208618),1,,
102576.1.22560:1;9;17;20;60;77;84;93;100;106;121;127;140;150;157;168;334;345;355;359;363;377;386;399;403;411;427,1500116,1000092,-122.376878,47.5176307,3,102576,bus_service_node,102576.1,102576.1:1;9;17;20;60;77;84;93;100;106;121;127;140;150;157;168;334;345;355;359;363;377;386;399;403;411;427,,Metro Transit,POINT (-122.376878 47.5176307),0,,
102576.1.22820:1;9;17;20;60;77;84;93;100;106;121;127;140;150;157;168;334;345;355;359;363;377;386;399;403;411;427,1500117,1000093,-122.376199,47.563468099999994,3,102576,bus_service_node,102576.1,102576.1:1;9;17;20;60;77;84;93;100;106;121;127;140;150;157;168;334;345;355;359;363;377;386;399;403;411;427,,Metro Transit,POINT (-122.376199 47.563468099999994),0,,
102576.1.26690:1;9;17;20;60;77;84;93;100;106;121;127;140;150;157;168;334;345;355;359;363;377;386;399;403;411;427,1500118,1000101,-122.338441,47.618167099999994,3,102576,bus_service_node,102576.1,102576.1:1;9;17;20;60;77;84;93;100;106;121;127;140;150;157;168;334;345;355;359;363;377;386;399;403;411;427,,Metro Transit,POINT (-122.338441 47.618167099999994),0,,
102576.1.26715:1;9;17;20;60;77;84;93;100;106;121;127;140;150;157;168;334;345;355;359;363;377;386;399;403;411;427,1500119,1000102,-122.33845600000001,47.621749099999995,3,102576,bus_service_node,102576.1,102576.1:1;9;17;20;60;77;84;93;100;106;121;127;140;150;157;168;334;345;355;359;363;377;386;399;403;411;427,,Metro Transit,POINT (-122.33845600000001 47.621749099999995),0,,
102576.1.26730:1;9;17;20;60;77;84;93;100;106;121;127;140;150;157;168;334;345;355;359;363;377;386;399;403;411;427,1500120,1000104,-122.338494,47.6254035,3,102576,bus_service_node,102576.1,102576.1:1;9;17;20;60;77;84;93;100;106;121;127;140;150;157;168;334;345;355;359;363;377;386;399;403;411;427,,Metro Transit,POINT (-122.338494 47.6254035),0,,
102576.1.31765:1;9;17;20;60;77;84;93;100;106;121;127;140;150;157;168;334;345;355;359;363;377;386;399;403;411;427,1500121,1000107,-122.37734300000001,47.521037199999995,3,102576,bus_service_node,102576.1,102576.1:1;9;17;20;60;77;84;93;100;106;121;127;140;150;157;168;334;345;355;359;363;377;386;399;403;411;427,,Metro Transit,POINT (-122.37734300000001 47.521037199999995),0,,
102576.1.31791:1;9;17;20;60;77;84;93;100;106;121;127;140;150;157;168;334;345;355;359;363;377;386;399;403;411;427,1500122,1000108,-122.387673,47.521468299999995,3,102576,bus_service_node,102576.1,102576.1:1;9;17;20;60;77;84;93;100;106;121;127;140;150;157;168;334;345;355;359;363;377;386;399;403;411;427,,Metro Transit,POINT (-122.387673 47.521468299999995),0,,
102576.1.33220:1;9;17;20;60;77;84;93;100;106;121;127;140;150;157;168;334;345;355;359;363;377;386;399;403;411;427,1500123,1000111,-122.380967,47.5609161,3,102576,bus_service_node,102576.1,102576.1:1;9;17;20;60;77;84;93;100;106;121;127;140;150;157;168;334;345;355;359;363;377;386;399;403;411;427,,Metro Transit,POINT (-122.380967 47.5609161),0,,
102576.1.539:1;9;17;20;60;77;84;93;100;106;121;127;140;150;157;168;334;345;355;359;363;377;386;399;403;411;427,1500124,1000175,-122.33326000000001,47.604704999999996,3,102576,bus_service_node,102576.1,102576.1:1;9;17;20;60;77;84;93;100;106;121;127;140;150;157;168;334;345;355;359;363;377;386;399;403;411;427,,Metro Transit,POINT (-122.33326000000001 47.604704999999996),0,,
102576.1.558:1;9;17;20;60;77;84;93;100;106;121;127;140;150;157;168;334;345;355;359;363;377;386;399;403;411;427,1500125,1000184,-122.335313,47.6069518,3,102576,bus_service_node,102576.1,102576.1:1;9;17;20;60;77;84;93;100;106;121;127;140;150;157;168;334;345;355;359;363;377;386;399;403;411;427,,Metro Transit,POINT (-122.335313 47.6069518),0,,
102576.1.575:1;9;17;20;60;77;84;93;100;106;121;127;140;150;157;168;334;345;355;359;363;377;386;399;403;411;427,1500126,1000190,-122.33768500000001,47.609542,3,102576,bus_service_node,102576.1,102576.1:1;9;17;20;60;77;84;93;100;106;121;127;140;150;157;168;334;345;355;359;363;377;386;399;403;411;427,,Metro Transit,POINT (-122.33768500000001 47.609542),0,,
102576.1.600:1;9;17;20;60;77;84;93;100;106;121;127;140;150;157;168;334;345;355;359;363;377;386;399;403;411;427,1500127,1000213,-122.341843,47.612895099999996,3,102576,bus_service_node,102576.1,102576.1:1;9;17;20;60;77;84;93;100;106;121;127;140;150;157;168;334;345;355;359;363;377;386;399;403;411;427,,Metro Transit,POINT (-122.341843 47.612895099999996),0,,
102576.2.10328:1;23;26;31;46;59;64;68;77;97;236;248;255;267;279;285;301;306;313;321;328;345;386;394,1500128,1000002,-122.33420600000001,47.6259338,3,102576,bus_service_node,102576.2,102576.2:1;23;26;31;46;59;64;68;77;97;236;248;255;267;279;285;301;306;313;321;328;345;386;394,,Metro Transit,POINT (-122.33420600000001 47.6259338),1,,
102576.2.1558:1;23;26;31;46;59;64;68;77;97;236;248;255;267;279;285;301;306;313;321;328;345;386;394,1500129,1000036,-122.336884,47.602515399999994,3,102576,bus_service_node,102576.2,102576.2:1;23;26;31;46;59;64;68;77;97;236;248;255;267;279;285;301;306;313;321;328;345;386;394,,Metro Transit,POINT (-122.336884 47.602515399999994),0,,
102576.2.1562:1;23;26;31;46;59;64;68;77;97;236;248;255;267;279;285;301;306;313;321;328;345;386;394,1500130,1000039,-122.33606,47.598616699999994,3,102576,bus_service_node,102576.2,102576.2:1;23;26;31;46;59;64;68;77;97;236;248;255;267;279;285;301;306;313;321;328;345;386;394,,Metro Transit,POINT (-122.33606 47.598616699999994),0,,
102576.2.19898:1;23;26;31;46;59;64;68;77;97;236;248;255;267;279;285;301;306;313;321;328;345;386;394,1500131,1000054,-122.37095000000001,47.5687667,3,102576,bus_service_node,102576.2,102576.2:1;23;26;31;46;59;64;68;77;97;236;248;255;267;279;285;301;306;313;321;328;345;386;394,,Metro Transit,POINT (-122.37095000000001 47.5687667),0,,
102576.2.20041:1;23;26;31;46;59;64;68;77;97;236;248;255;267;279;285;301;306;313;321;328;345;386;394,1500132,1000056,-122.387483,47.561102999999996,3,102576,bus_service_node,102576.2,102576.2:1;23;26;31;46;59;64;68;77;97;236;248;255;267;279;285;301;306;313;321;328;345;386;394,,Metro Transit,POINT (-122.387483 47.561102999999996),0,,
102576.2.20090:1;23;26;31;46;59;64;68;77;97;236;248;255;267;279;285;301;306;313;321;328;345;386;394,1500133,1000057,-122.387246,47.55166929999999,3,102576,bus_service_node,102576.2,102576.2:1;23;26;31;46;59;64;68;77;97;236;248;255;267;279;285;301;306;313;321;328;345;386;394,,Metro Transit,POINT (-122.387246 47.55166929999999),0,,
102576.2.20130:1;23;26;31;46;59;64;68;77;97;236;248;255;267;279;285;301;306;313;321;328;345;386;394,1500134,1000058,-122.38778,47.544764699999995,3,102576,bus_service_node,102576.2,102576.2:1;23;26;31;46;59;64;68;77;97;236;248;255;267;279;285;301;306;313;321;328;345;386;394,,Metro Transit,POINT (-122.38778 47.544764699999995),0,,
102576.2.20170:1;23;26;31;46;59;64;68;77;97;236;248;255;267;279;285;301;306;313;321;328;345;386;394,1500135,1000059,-122.391084,47.539195199999995,3,102576,bus_service_node,102576.2,102576.2:1;23;26;31;46;59;64;68;77;97;236;248;255;267;279;285;301;306;313;321;328;345;386;394,,Metro Transit,POINT (-122.391084 47.539195199999995),0,,
102576.2.20190:1;23;26;31;46;59;64;68;77;97;236;248;255;267;279;285;301;306;313;321;328;345;386;394,1500136,1000060,-122.392823,47.535521599999996,3,102576,bus_service_node,102576.2,102576.2:1;23;26;31;46;59;64;68;77;97;236;248;255;267;279;285;301;306;313;321;328;345;386;394,,Metro Transit,POINT (-122.392823 47.535521599999996),0,,
102576.2.20220:1;23;26;31;46;59;64;68;77;97;236;248;255;267;279;285;301;306;313;321;328;345;386;394,1500137,1000061,-122.39293,47.529463899999996,3,102576,bus_service_node,102576.2,102576.2:1;23;26;31;46;59;64;68;77;97;236;248;255;267;279;285;301;306;313;321;328;345;386;394,,Metro Transit,POINT (-122.39293 47.529463899999996),0,,
102576.2.20250:1;23;26;31;46;59;64;68;77;97;236;248;255;267;279;285;301;306;313;321;328;345;386;394,1500138,1000062,-122.393174,47.5229064,3,102576,bus_service_node,102576.2,102576.2:1;23;26;31;46;59;64;68;77;97;236;248;255;267;279;285;301;306;313;321;328;345;386;394,,Metro Transit,POINT (-122.393174 47.5229064),0,,
102576.2.20270:1;23;26;31;46;59;64;68;77;97;236;248;255;267;279;285;301;306;313;321;328;345;386;394,1500139,1000063,-122.390992,47.5208351,3,102576,bus_service_node,102576.2,102576.2:1;23;26;31;46;59;64;68;77;97;236;248;255;267;279;285;301;306;313;321;328;345;386;394,,Metro Transit,POINT (-122.390992 47.5208351),0,,
102576.2.22553:1;23;26;31;46;59;64;68;77;97;236;248;255;267;279;285;301;306;313;321;328;345;386;394,1500140,1000090,-122.376458,47.520899899999996,3,102576,bus_service_node,102576.2,102576.2:1;23;26;31;46;59;64;68;77;97;236;248;255;267;279;285;301;306;313;321;328;345;386;394,,Metro Transit,POINT (-122.376458 47.520899899999996),0,,
102576.2.22557:1;23;26;31;46;59;64;68;77;97;236;248;255;267;279;285;301;306;313;321;328;345;386;394,1500141,1000091,-122.367455,47.5208618,3,102576,bus_service_node,102576.2,102576.2:1;23;26;31;46;59;64;68;77;97;236;248;255;267;279;285;301;306;313;321;328;345;386;394,,Metro Transit,POINT (-122.367455 47.5208618),1,,
102576.2.22830:1;23;26;31;46;59;64;68;77;97;236;248;255;267;279;285;301;306;313;321;328;345;386;394,1500142,1000094,-122.376405,47.5634033,3,102576,bus_service_node,102576.2,102576.2:1;23;26;31;46;59;64;68;77;97;236;248;255;267;279;285;301;306;313;321;328;345;386;394,,Metro Transit,POINT (-122.376405 47.5634033),0,,
102576.2.26641:1;23;26;31;46;59;64;68;77;97;236;248;255;267;279;285;301;306;313;321;328;345;386;394,1500143,1000098,-122.33864700000001,47.6240531,3,102576,bus_service_node,102576.2,102576.2:1;23;26;31;46;59;64;68;77;97;236;248;255;267;279;285;301;306;313;321;328;345;386;394,,Metro Transit,POINT (-122.33864700000001 47.6240531),0,,
102576.2.26645:1;23;26;31;46;59;64;68;77;97;236;248;255;267;279;285;301;306;313;321;328;345;386;394,1500144,1000099,-122.33867000000001,47.6212799,3,102576,bus_service_node,102576.2,102576.2:1;23;26;31;46;59;64;68;77;97;236;248;255;267;279;285;301;306;313;321;328;345;386;394,,Metro Transit,POINT (-122.33867000000001 47.6212799),0,,
102576.2.26665:1;23;26;31;46;59;64;68;77;97;236;248;255;267;279;285;301;306;313;321;328;345;386;394,1500145,1000100,-122.33856300000001,47.617694,3,102576,bus_service_node,102576.2,102576.2:1;23;26;31;46;59;64;68;77;97;236;248;255;267;279;285;301;306;313;321;328;345;386;394,,Metro Transit,POINT (-122.33856300000001 47.617694),0,,
102576.2.32030:1;23;26;31;46;59;64;68;77;97;236;248;255;267;279;285;301;306;313;321;328;345;386;394,1500146,1000109,-122.387467,47.5218383,3,102576,bus_service_node,102576.2,102576.2:1;23;26;31;46;59;64;68;77;97;236;248;255;267;279;285;301;306;313;321;328;345;386;394,,Metro Transit,POINT (-122.387467 47.5218383),0,,
102576.2.32364:1;23;26;31;46;59;64;68;77;97;236;248;255;267;279;285;301;306;313;321;328;345;386;394,1500147,1000110,-122.38060800000001,47.5610534,3,102576,bus_service_node,102576.2,102576.2:1;23;26;31;46;59;64;68;77;97;236;248;255;267;279;285;301;306;313;321;328;345;386;394,,Metro Transit,POINT (-122.38060800000001 47.5610534),0,,
102576.2.420:1;23;26;31;46;59;64;68;77;97;236;248;255;267;279;285;301;306;313;321;328;345;386;394,1500148,1000118,-122.34121,47.612338199999996,3,102576,bus_service_node,102576.2,102576.2:1;23;26;31;46;59;64;68;77;97;236;248;255;267;279;285;301;306;313;321;328;345;386;394,,Metro Transit,POINT (-122.34121 47.612338199999996),0,,
102576.2.431:1;23;26;31;46;59;64;68;77;97;236;248;255;267;279;285;301;306;313;321;328;345;386;394,1500149,1000119,-122.338059,47.609690799999996,3,102576,bus_service_node,102576.2,102576.2:1;23;26;31;46;59;64;68;77;97;236;248;255;267;279;285;301;306;313;321;328;345;386;394,,Metro Transit,POINT (-122.338059 47.609690799999996),0,,
102576.2.468:1;23;26;31;46;59;64;68;77;97;236;248;255;267;279;285;301;306;313;321;328;345;386;394,1500150,1000134,-122.33500000000001,47.6063415,3,102576,bus_service_node,102576.2,102576.2:1;23;26;31;46;59;64;68;77;97;236;248;255;267;279;285;301;306;313;321;328;345;386;394,,Metro Transit,POINT (-122.33500000000001 47.6063415),0,,
102576.2.481:1;23;26;31;46;59;64;68;77;97;236;248;255;267;279;285;301;306;313;321;328;345;386;394,1500151,1000138,-122.33300100000001,47.604163299999996,3,102576,bus_service_node,102576.2,102576.2:1;23;26;31;46;59;64;68;77;97;236;248;255;267;279;285;301;306;313;321;328;345;386;394,,Metro Transit,POINT (-122.33300100000001 47.604163299999996),0,,
102581.1.13600:1;38;56;59;62;66;73;83;89;101;113;122;133;143;146;162;166;192;200;205;222;227;230;243;248;254;269,1500152,1000003,-122.377015,47.690058799999996,3,102581,bus_service_node,102581.1,102581.1:1;38;56;59;62;66;73;83;89;101;113;122;133;143;146;162;166;192;200;205;222;227;230;243;248;254;269,,Metro Transit,POINT (-122.377015 47.690058799999996),0,,
102581.1.13620:1;38;56;59;62;66;73;83;89;101;113;122;133;143;146;162;166;192;200;205;222;227;230;243;248;254;269,1500153,1000004,-122.37700000000001,47.6861793,3,102581,bus_service_node,102581.1,102581.1:1;38;56;59;62;66;73;83;89;101;113;122;133;143;146;162;166;192;200;205;222;227;230;243;248;254;269,,Metro Transit,POINT (-122.37700000000001 47.6861793),0,,
102581.1.13640:1;38;56;59;62;66;73;83;89;101;113;122;133;143;146;162;166;192;200;205;222;227;230;243;248;254;269,1500154,1000005,-122.376992,47.682891,3,102581,bus_service_node,102581.1,102581.1:1;38;56;59;62;66;73;83;89;101;113;122;133;143;146;162;166;192;200;205;222;227;230;243;248;254;269,,Metro Transit,POINT (-122.376992 47.682891),0,,
102581.1.13660:1;38;56;59;62;66;73;83;89;101;113;122;133;143;146;162;166;192;200;205;222;227;230;243;248;254;269,1500155,1000006,-122.376977,47.678748299999995,3,102581,bus_service_node,102581.1,102581.1:1;38;56;59;62;66;73;83;89;101;113;122;133;143;146;162;166;192;200;205;222;227;230;243;248;254;269,,Metro Transit,POINT (-122.376977 47.678748299999995),0,,
102581.1.13670:1;38;56;59;62;66;73;83;89;101;113;122;133;143;146;162;166;192;200;205;222;227;230;243;248;254;269,1500156,1000007,-122.37678600000001,47.6759826,3,102581,bus_service_node,102581.1,102581.1:1;38;56;59;62;66;73;83;89;101;113;122;133;143;146;162;166;192;200;205;222;227;230;243;248;254;269,,Metro Transit,POINT (-122.37678600000001 47.6759826),0,,
102581.1.13700:1;38;56;59;62;66;73;83;89;101;113;122;133;143;146;162;166;192;200;205;222;227;230;243;248;254;269,1500157,1000008,-122.376412,47.6723358,3,102581,bus_service_node,102581.1,102581.1:1;38;56;59;62;66;73;83;89;101;113;122;133;143;146;162;166;192;200;205;222;227;230;243;248;254;269,,Metro Transit,POINT (-122.376412 47.6723358),0,,
102581.1.13721:1;38;56;59;62;66;73;83;89;101;113;122;133;143;146;162;166;192;200;205;222;227;230;243;248;254;269,1500158,1000009,-122.376412,47.668807199999996,3,102581,bus_service_node,102581.1,102581.1:1;38;56;59;62;66;73;83;89;101;113;122;133;143;146;162;166;192;200;205;222;227;230;243;248;254;269,,Metro Transit,POINT (-122.376412 47.668807199999996),0,,
102581.1.13760:1;38;56;59;62;66;73;83;89;101;113;122;133;143;146;162;166;192;200;205;222;227;230;243;248;254;269,1500159,1000010,-122.37658,47.6630432,3,102581,bus_service_node,102581.1,102581.1:1;38;56;59;62;66;73;83;89;101;113;122;133;143;146;162;166;192;200;205;222;227;230;243;248;254;269,,Metro Transit,POINT (-122.37658 47.6630432),0,,
102581.1.13770:1;38;56;59;62;66;73;83;89;101;113;122;133;143;146;162;166;192;200;205;222;227;230;243;248;254;269,1500160,1000011,-122.376428,47.653304199999994,3,102581,bus_service_node,102581.1,102581.1:1;38;56;59;62;66;73;83;89;101;113;122;133;143;146;162;166;192;200;205;222;227;230;243;248;254;269,,Metro Transit,POINT (-122.376428 47.653304199999994),0,,
102581.1.13800:1;38;56;59;62;66;73;83;89;101;113;122;133;143;146;162;166;192;200;205;222;227;230;243;248;254;269,1500161,1000012,-122.376977,47.6479637,3,102581,bus_service_node,102581.1,102581.1:1;38;56;59;62;66;73;83;89;101;113;122;133;143;146;162;166;192;200;205;222;227;230;243;248;254;269,,Metro Transit,POINT (-122.376977 47.6479637),0,,
102581.1.13810:1;38;56;59;62;66;73;83;89;101;113;122;133;143;146;162;166;192;200;205;222;227;230;243;248;254;269,1500162,1000013,-122.376428,47.644724999999994,3,102581,bus_service_node,102581.1,102581.1:1;38;56;59;62;66;73;83;89;101;113;122;133;143;146;162;166;192;200;205;222;227;230;243;248;254;269,,Metro Transit,POINT (-122.376428 47.644724999999994),0,,
102581.1.13830:1;38;56;59;62;66;73;83;89;101;113;122;133;143;146;162;166;192;200;205;222;227;230;243;248;254;269,1500163,1000014,-122.376412,47.6400825,3,102581,bus_service_node,102581.1,102581.1:1;38;56;59;62;66;73;83;89;101;113;122;133;143;146;162;166;192;200;205;222;227;230;243;248;254;269,,Metro Transit,POINT (-122.376412 47.6400825),0,,
102581.1.13840:1;38;56;59;62;66;73;83;89;101;113;122;133;143;146;162;166;192;200;205;222;227;230;243;248;254;269,1500164,1000015,-122.376405,47.6371871,3,102581,bus_service_node,102581.1,102581.1:1;38;56;59;62;66;73;83;89;101;113;122;133;143;146;162;166;192;200;205;222;227;230;243;248;254;269,,Metro Transit,POINT (-122.376405 47.6371871),0,,
102581.1.13870:1;38;56;59;62;66;73;83;89;101;113;122;133;143;146;162;166;192;200;205;222;227;230;243;248;254;269,1500165,1000016,-122.375405,47.6317817,3,102581,bus_service_node,102581.1,102581.1:1;38;56;59;62;66;73;83;89;101;113;122;133;143;146;162;166;192;200;205;222;227;230;243;248;254;269,,Metro Transit,POINT (-122.375405 47.6317817),0,,
102581.1.13890:1;38;56;59;62;66;73;83;89;101;113;122;133;143;146;162;166;192;200;205;222;227;230;243;248;254;269,1500166,1000017,-122.371949,47.629035099999996,3,102581,bus_service_node,102581.1,102581.1:1;38;56;59;62;66;73;83;89;101;113;122;133;143;146;162;166;192;200;205;222;227;230;243;248;254;269,,Metro Transit,POINT (-122.371949 47.629035099999996),0,,
102581.1.13910:1;38;56;59;62;66;73;83;89;101;113;122;133;143;146;162;166;192;200;205;222;227;230;243;248;254;269,1500167,1000018,-122.360909,47.6244308,3,102581,bus_service_node,102581.1,102581.1:1;38;56;59;62;66;73;83;89;101;113;122;133;143;146;162;166;192;200;205;222;227;230;243;248;254;269,,Metro Transit,POINT (-122.360909 47.6244308),0,,
102581.1.1710:1;38;56;59;62;66;73;83;89;101;113;122;133;143;146;162;166;192;200;205;222;227;230;243;248;254;269,1500168,1000044,-122.328355,47.601946999999996,3,102581,bus_service_node,102581.1,102581.1:1;38;56;59;62;66;73;83;89;101;113;122;133;143;146;162;166;192;200;205;222;227;230;243;248;254;269,,Metro Transit,POINT (-122.328355 47.601946999999996),1,,
102581.1.2200:1;38;56;59;62;66;73;83;89;101;113;122;133;143;146;162;166;192;200;205;222;227;230;243;248;254;269,1500169,1000073,-122.35695,47.6191131,3,102581,bus_service_node,102581.1,102581.1:1;38;56;59;62;66;73;83;89;101;113;122;133;143;146;162;166;192;200;205;222;227;230;243;248;254;269,,Metro Transit,POINT (-122.35695 47.6191131),0,,
102581.1.2220:1;38;56;59;62;66;73;83;89;101;113;122;133;143;146;162;166;192;200;205;222;227;230;243;248;254;269,1500170,1000086,-122.34855,47.6166755,3,102581,bus_service_node,102581.1,102581.1:1;38;56;59;62;66;73;83;89;101;113;122;133;143;146;162;166;192;200;205;222;227;230;243;248;254;269,,Metro Transit,POINT (-122.34855 47.6166755),0,,
102581.1.2672:1;38;56;59;62;66;73;83;89;101;113;122;133;143;146;162;166;192;200;205;222;227;230;243;248;254;269,1500171,1000103,-122.35691200000001,47.623961599999994,3,102581,bus_service_node,102581.1,102581.1:1;38;56;59;62;66;73;83;89;101;113;122;133;143;146;162;166;192;200;205;222;227;230;243;248;254;269,,Metro Transit,POINT (-122.35691200000001 47.623961599999994),0,,
102581.1.28680:1;38;56;59;62;66;73;83;89;101;113;122;133;143;146;162;166;192;200;205;222;227;230;243;248;254;269,1500172,1000105,-122.363572,47.702521499999996,3,102581,bus_service_node,102581.1,102581.1:1;38;56;59;62;66;73;83;89;101;113;122;133;143;146;162;166;192;200;205;222;227;230;243;248;254;269,,Metro Transit,POINT (-122.363572 47.702521499999996),1,,
102581.1.40049:1;38;56;59;62;66;73;83;89;101;113;122;133;143;146;162;166;192;200;205;222;227;230;243;248;254;269,1500173,1000116,-122.375855,47.694445699999996,3,102581,bus_service_node,102581.1,102581.1:1;38;56;59;62;66;73;83;89;101;113;122;133;143;146;162;166;192;200;205;222;227;230;243;248;254;269,,Metro Transit,POINT (-122.375855 47.694445699999996),0,,
102581.1.400:1;38;56;59;62;66;73;83;89;101;113;122;133;143;146;162;166;192;200;205;222;227;230;243;248;254;269,1500174,1000115,-122.344369,47.614199799999994,3,102581,bus_service_node,102581.1,102581.1:1;38;56;59;62;66;73;83;89;101;113;122;133;143;146;162;166;192;200;205;222;227;230;243;248;254;269,,Metro Transit,POINT (-122.344369 47.614199799999994),0,,
102581.1.420:1;38;56;59;62;66;73;83;89;101;113;122;133;143;146;162;166;192;200;205;222;227;230;243;248;254;269,1500175,1000118,-122.34121,47.612338199999996,3,102581,bus_service_node,102581.1,102581.1:1;38;56;59;62;66;73;83;89;101;113;122;133;143;146;162;166;192;200;205;222;227;230;243;248;254;269,,Metro Transit,POINT (-122.34121 47.612338199999996),0,,
102581.1.431:1;38;56;59;62;66;73;83;89;101;113;122;133;143;146;162;166;192;200;205;222;227;230;243;248;254;269,1500176,1000119,-122.338059,47.609690799999996,3,102581,bus_service_node,102581.1,102581.1:1;38;56;59;62;66;73;83;89;101;113;122;133;143;146;162;166;192;200;205;222;227;230;243;248;254;269,,Metro Transit,POINT (-122.338059 47.609690799999996),0,,
102581.1.468:1;38;56;59;62;66;73;83;89;101;113;122;133;143;146;162;166;192;200;205;222;227;230;243;248;254;269,1500177,1000134,-122.33500000000001,47.6063415,3,102581,bus_service_node,102581.1,102581.1:1;38;56;59;62;66;73;83;89;101;113;122;133;143;146;162;166;192;200;205;222;227;230;243;248;254;269,,Metro Transit,POINT (-122.33500000000001 47.6063415),0,,
102581.1.490:1;38;56;59;62;66;73;83;89;101;113;122;133;143;146;162;166;192;200;205;222;227;230;243;248;254;269,1500178,1000140,-122.332375,47.603480499999996,3,102581,bus_service_node,102581.1,102581.1:1;38;56;59;62;66;73;83;89;101;113;122;133;143;146;162;166;192;200;205;222;227;230;243;248;254;269,,Metro Transit,POINT (-122.332375 47.603480499999996),0,,
102581.2.14038:1;11;16;20;34;38;42;62;69;73;81;107;111;127;131;140;149;156;167;178;184;199;203;207;210;213;232;270,1500179,1000019,-122.361253,47.6245681,3,102581,bus_service_node,102581.2,102581.2:1;11;16;20;34;38;42;62;69;73;81;107;111;127;131;140;149;156;167;178;184;199;203;207;210;213;232;270,,Metro Transit,POINT (-122.361253 47.6245681),0,,
102581.2.14070:1;11;16;20;34;38;42;62;69;73;81;107;111;127;131;140;149;156;167;178;184;199;203;207;210;213;232;270,1500180,1000021,-122.371514,47.6289131,3,102581,bus_service_node,102581.2,102581.2:1;11;16;20;34;38;42;62;69;73;81;107;111;127;131;140;149;156;167;178;184;199;203;207;210;213;232;270,,Metro Transit,POINT (-122.371514 47.6289131),0,,
102581.2.14090:1;11;16;20;34;38;42;62;69;73;81;107;111;127;131;140;149;156;167;178;184;199;203;207;210;213;232;270,1500181,1000022,-122.37539000000001,47.6319915,3,102581,bus_service_node,102581.2,102581.2:1;11;16;20;34;38;42;62;69;73;81;107;111;127;131;140;149;156;167;178;184;199;203;207;210;213;232;270,,Metro Transit,POINT (-122.37539000000001 47.6319915),0,,
102581.2.14110:1;11;16;20;34;38;42;62;69;73;81;107;111;127;131;140;149;156;167;178;184;199;203;207;210;213;232;270,1500182,1000023,-122.376199,47.6369888,3,102581,bus_service_node,102581.2,102581.2:1;11;16;20;34;38;42;62;69;73;81;107;111;127;131;140;149;156;167;178;184;199;203;207;210;213;232;270,,Metro Transit,POINT (-122.376199 47.6369888),0,,
102581.2.14130:1;11;16;20;34;38;42;62;69;73;81;107;111;127;131;140;149;156;167;178;184;199;203;207;210;213;232;270,1500183,1000024,-122.376214,47.6408225,3,102581,bus_service_node,102581.2,102581.2:1;11;16;20;34;38;42;62;69;73;81;107;111;127;131;140;149;156;167;178;184;199;203;207;210;213;232;270,,Metro Transit,POINT (-122.376214 47.6408225),0,,
102581.2.14150:1;11;16;20;34;38;42;62;69;73;81;107;111;127;131;140;149;156;167;178;184;199;203;207;210;213;232;270,1500184,1000025,-122.376222,47.64483559999999,3,102581,bus_service_node,102581.2,102581.2:1;11;16;20;34;38;42;62;69;73;81;107;111;127;131;140;149;156;167;178;184;199;203;207;210;213;232;270,,Metro Transit,POINT (-122.376222 47.64483559999999),0,,
102581.2.14170:1;11;16;20;34;38;42;62;69;73;81;107;111;127;131;140;149;156;167;178;184;199;203;207;210;213;232;270,1500185,1000026,-122.37614500000001,47.6490623,3,102581,bus_service_node,102581.2,102581.2:1;11;16;20;34;38;42;62;69;73;81;107;111;127;131;140;149;156;167;178;184;199;203;207;210;213;232;270,,Metro Transit,POINT (-122.37614500000001 47.6490623),0,,
102581.2.14190:1;11;16;20;34;38;42;62;69;73;81;107;111;127;131;140;149;156;167;178;184;199;203;207;210;213;232;270,1500186,1000027,-122.376222,47.6538421,3,102581,bus_service_node,102581.2,102581.2:1;11;16;20;34;38;42;62;69;73;81;107;111;127;131;140;149;156;167;178;184;199;203;207;210;213;232;270,,Metro Transit,POINT (-122.376222 47.6538421),0,,
102581.2.14200:1;11;16;20;34;38;42;62;69;73;81;107;111;127;131;140;149;156;167;178;184;199;203;207;210;213;232;270,1500187,1000028,-122.37607700000001,47.6633369,3,102581,bus_service_node,102581.2,102581.2:1;11;16;20;34;38;42;62;69;73;81;107;111;127;131;140;149;156;167;178;184;199;203;207;210;213;232;270,,Metro Transit,POINT (-122.37607700000001 47.6633369),0,,
102581.2.14230:1;11;16;20;34;38;42;62;69;73;81;107;111;127;131;140;149;156;167;178;184;199;203;207;210;213;232;270,1500188,1000029,-122.376214,47.6683799,3,102581,bus_service_node,102581.2,102581.2:1;11;16;20;34;38;42;62;69;73;81;107;111;127;131;140;149;156;167;178;184;199;203;207;210;213;232;270,,Metro Transit,POINT (-122.376214 47.6683799),0,,
102581.2.14250:1;11;16;20;34;38;42;62;69;73;81;107;111;127;131;140;149;156;167;178;184;199;203;207;210;213;232;270,1500189,1000030,-122.376214,47.6721946,3,102581,bus_service_node,102581.2,102581.2:1;11;16;20;34;38;42;62;69;73;81;107;111;127;131;140;149;156;167;178;184;199;203;207;210;213;232;270,,Metro Transit,POINT (-122.376214 47.6721946),0,,
102581.2.14280:1;11;16;20;34;38;42;62;69;73;81;107;111;127;131;140;149;156;167;178;184;199;203;207;210;213;232;270,1500190,1000031,-122.376771,47.6767608,3,102581,bus_service_node,102581.2,102581.2:1;11;16;20;34;38;42;62;69;73;81;107;111;127;131;140;149;156;167;178;184;199;203;207;210;213;232;270,,Metro Transit,POINT (-122.376771 47.6767608),0,,
102581.2.14300:1;11;16;20;34;38;42;62;69;73;81;107;111;127;131;140;149;156;167;178;184;199;203;207;210;213;232;270,1500191,1000032,-122.376771,47.6797744,3,102581,bus_service_node,102581.2,102581.2:1;11;16;20;34;38;42;62;69;73;81;107;111;127;131;140;149;156;167;178;184;199;203;207;210;213;232;270,,Metro Transit,POINT (-122.376771 47.6797744),0,,
102581.2.14320:1;11;16;20;34;38;42;62;69;73;81;107;111;127;131;140;149;156;167;178;184;199;203;207;210;213;232;270,1500192,1000033,-122.37678600000001,47.6834098,3,102581,bus_service_node,102581.2,102581.2:1;11;16;20;34;38;42;62;69;73;81;107;111;127;131;140;149;156;167;178;184;199;203;207;210;213;232;270,,Metro Transit,POINT (-122.37678600000001 47.6834098),0,,
102581.2.14340:1;11;16;20;34;38;42;62;69;73;81;107;111;127;131;140;149;156;167;178;184;199;203;207;210;213;232;270,1500193,1000034,-122.376801,47.68703,3,102581,bus_service_node,102581.2,102581.2:1;11;16;20;34;38;42;62;69;73;81;107;111;127;131;140;149;156;167;178;184;199;203;207;210;213;232;270,,Metro Transit,POINT (-122.376801 47.68703),0,,
102581.2.14360:1;11;16;20;34;38;42;62;69;73;81;107;111;127;131;140;149;156;167;178;184;199;203;207;210;213;232;270,1500194,1000035,-122.37680900000001,47.6908561,3,102581,bus_service_node,102581.2,102581.2:1;11;16;20;34;38;42;62;69;73;81;107;111;127;131;140;149;156;167;178;184;199;203;207;210;213;232;270,,Metro Transit,POINT (-122.37680900000001 47.6908561),0,,
102581.2.1610:1;11;16;20;34;38;42;62;69;73;81;107;111;127;131;140;149;156;167;178;184;199;203;207;210;213;232;270,1500195,1000040,-122.33004100000001,47.601557899999996,3,102581,bus_service_node,102581.2,102581.2:1;11;16;20;34;38;42;62;69;73;81;107;111;127;131;140;149;156;167;178;184;199;203;207;210;213;232;270,,Metro Transit,POINT (-122.33004100000001 47.601557899999996),1,,
102581.2.1690:1;11;16;20;34;38;42;62;69;73;81;107;111;127;131;140;149;156;167;178;184;199;203;207;210;213;232;270,1500196,1000043,-122.34855,47.61685859999999,3,102581,bus_service_node,102581.2,102581.2:1;11;16;20;34;38;42;62;69;73;81;107;111;127;131;140;149;156;167;178;184;199;203;207;210;213;232;270,,Metro Transit,POINT (-122.34855 47.61685859999999),0,,
102581.2.2330:1;11;16;20;34;38;42;62;69;73;81;107;111;127;131;140;149;156;167;178;184;199;203;207;210;213;232;270,1500197,1000095,-122.355462,47.61901769999999,3,102581,bus_service_node,102581.2,102581.2:1;11;16;20;34;38;42;62;69;73;81;107;111;127;131;140;149;156;167;178;184;199;203;207;210;213;232;270,,Metro Transit,POINT (-122.355462 47.61901769999999),0,,
102581.2.2360:1;11;16;20;34;38;42;62;69;73;81;107;111;127;131;140;149;156;167;178;184;199;203;207;210;213;232;270,1500198,1000096,-122.35540900000001,47.6230232,3,102581,bus_service_node,102581.2,102581.2:1;11;16;20;34;38;42;62;69;73;81;107;111;127;131;140;149;156;167;178;184;199;203;207;210;213;232;270,,Metro Transit,POINT (-122.35540900000001 47.6230232),0,,
102581.2.2370:1;11;16;20;34;38;42;62;69;73;81;107;111;127;131;140;149;156;167;178;184;199;203;207;210;213;232;270,1500199,1000097,-122.356652,47.624548999999995,3,102581,bus_service_node,102581.2,102581.2:1;11;16;20;34;38;42;62;69;73;81;107;111;127;131;140;149;156;167;178;184;199;203;207;210;213;232;270,,Metro Transit,POINT (-122.356652 47.624548999999995),0,,
102581.2.28680:1;11;16;20;34;38;42;62;69;73;81;107;111;127;131;140;149;156;167;178;184;199;203;207;210;213;232;270,1500200,1000105,-122.363572,47.702521499999996,3,102581,bus_service_node,102581.2,102581.2:1;11;16;20;34;38;42;62;69;73;81;107;111;127;131;140;149;156;167;178;184;199;203;207;210;213;232;270,,Metro Transit,POINT (-122.363572 47.702521499999996),1,,
102581.2.40050:1;11;16;20;34;38;42;62;69;73;81;107;111;127;131;140;149;156;167;178;184;199;203;207;210;213;232;270,1500201,1000117,-122.37539000000001,47.694651699999994,3,102581,bus_service_node,102581.2,102581.2:1;11;16;20;34;38;42;62;69;73;81;107;111;127;131;140;149;156;167;178;184;199;203;207;210;213;232;270,,Metro Transit,POINT (-122.37539000000001 47.694651699999994),0,,
102581.2.538:1;11;16;20;34;38;42;62;69;73;81;107;111;127;131;140;149;156;167;178;184;199;203;207;210;213;232;270,1500202,1000174,-122.332604,47.603995499999996,3,102581,bus_service_node,102581.2,102581.2:1;11;16;20;34;38;42;62;69;73;81;107;111;127;131;140;149;156;167;178;184;199;203;207;210;213;232;270,,Metro Transit,POINT (-122.332604 47.603995499999996),0,,
102581.2.558:1;11;16;20;34;38;42;62;69;73;81;107;111;127;131;140;149;156;167;178;184;199;203;207;210;213;232;270,1500203,1000184,-122.335313,47.6069518,3,102581,bus_service_node,102581.2,102581.2:1;11;16;20;34;38;42;62;69;73;81;107;111;127;131;140;149;156;167;178;184;199;203;207;210;213;232;270,,Metro Transit,POINT (-122.335313 47.6069518),0,,
102581.2.575:1;11;16;20;34;38;42;62;69;73;81;107;111;127;131;140;149;156;167;178;184;199;203;207;210;213;232;270,1500204,1000190,-122.33768500000001,47.609542,3,102581,bus_service_node,102581.2,102581.2:1;11;16;20;34;38;42;62;69;73;81;107;111;127;131;140;149;156;167;178;184;199;203;207;210;213;232;270,,Metro Transit,POINT (-122.33768500000001 47.609542),0,,
102581.2.600:1;11;16;20;34;38;42;62;69;73;81;107;111;127;131;140;149;156;167;178;184;199;203;207;210;213;232;270,1500205,1000213,-122.341843,47.612895099999996,3,102581,bus_service_node,102581.2,102581.2:1;11;16;20;34;38;42;62;69;73;81;107;111;127;131;140;149;156;167;178;184;199;203;207;210;213;232;270,,Metro Transit,POINT (-122.341843 47.612895099999996),0,,
102581.2.605:1;11;16;20;34;38;42;62;69;73;81;107;111;127;131;140;149;156;167;178;184;199;203;207;210;213;232;270,1500206,1000214,-122.345437,47.6150199,3,102581,bus_service_node,102581.2,102581.2:1;11;16;20;34;38;42;62;69;73;81;107;111;127;131;140;149;156;167;178;184;199;203;207;210;213;232;270,,Metro Transit,POINT (-122.345437 47.6150199),0,,
102615.1.1404:1;6;13;22;32;40;48;56;66;73;75;84;92;96;102;109;117;123;130;138;149;155;159;217;239;275;295;329;337;345;348;361;366;372;382,1500207,1000020,-122.329858,47.60070339999999,3,102615,bus_service_node,102615.1,102615.1:1;6;13;22;32;40;48;56;66;73;75;84;92;96;102;109;117;123;130;138;149;155;159;217;239;275;295;329;337;345;348;361;366;372;382,,Metro Transit,POINT (-122.329858 47.60070339999999),1,,
102615.1.16100:1;6;13;22;32;40;48;56;66;73;75;84;92;96;102;109;117;123;130;138;149;155;159;217;239;275;295;329;337;345;348;361;366;372;382,1500208,1000041,-122.342507,47.774142399999995,3,102615,bus_service_node,102615.1,102615.1:1;6;13;22;32;40;48;56;66;73;75;84;92;96;102;109;117;123;130;138;149;155;159;217;239;275;295;329;337;345;348;361;366;372;382,,Metro Transit,POINT (-122.342507 47.774142399999995),1,,
102615.1.400:1;6;13;22;32;40;48;56;66;73;75;84;92;96;102;109;117;123;130;138;149;155;159;217;239;275;295;329;337;345;348;361;366;372;382,1500209,1000115,-122.344369,47.614199799999994,3,102615,bus_service_node,102615.1,102615.1:1;6;13;22;32;40;48;56;66;73;75;84;92;96;102;109;117;123;130;138;149;155;159;217;239;275;295;329;337;345;348;361;366;372;382,,Metro Transit,POINT (-122.344369 47.614199799999994),0,,
102615.1.420:1;6;13;22;32;40;48;56;66;73;75;84;92;96;102;109;117;123;130;138;149;155;159;217;239;275;295;329;337;345;348;361;366;372;382,1500210,1000118,-122.34121,47.612338199999996,3,102615,bus_service_node,102615.1,102615.1:1;6;13;22;32;40;48;56;66;73;75;84;92;96;102;109;117;123;130;138;149;155;159;217;239;275;295;329;337;345;348;361;366;372;382,,Metro Transit,POINT (-122.34121 47.612338199999996),0,,
102615.1.431:1;6;13;22;32;40;48;56;66;73;75;84;92;96;102;109;117;123;130;138;149;155;159;217;239;275;295;329;337;345;348;361;366;372;382,1500211,1000119,-122.338059,47.609690799999996,3,102615,bus_service_node,102615.1,102615.1:1;6;13;22;32;40;48;56;66;73;75;84;92;96;102;109;117;123;130;138;149;155;159;217;239;275;295;329;337;345;348;361;366;372;382,,Metro Transit,POINT (-122.338059 47.609690799999996),0,,
102615.1.468:1;6;13;22;32;40;48;56;66;73;75;84;92;96;102;109;117;123;130;138;149;155;159;217;239;275;295;329;337;345;348;361;366;372;382,1500212,1000134,-122.33500000000001,47.6063415,3,102615,bus_service_node,102615.1,102615.1:1;6;13;22;32;40;48;56;66;73;75;84;92;96;102;109;117;123;130;138;149;155;159;217;239;275;295;329;337;345;348;361;366;372;382,,Metro Transit,POINT (-122.33500000000001 47.6063415),0,,
102615.1.490:1;6;13;22;32;40;48;56;66;73;75;84;92;96;102;109;117;123;130;138;149;155;159;217;239;275;295;329;337;345;348;361;366;372;382,1500213,1000140,-122.332375,47.603480499999996,3,102615,bus_service_node,102615.1,102615.1:1;6;13;22;32;40;48;56;66;73;75;84;92;96;102;109;117;123;130;138;149;155;159;217;239;275;295;329;337;345;348;361;366;372;382,,Metro Transit,POINT (-122.332375 47.603480499999996),0,,
102615.1.510:1;6;13;22;32;40;48;56;66;73;75;84;92;96;102;109;117;123;130;138;149;155;159;217;239;275;295;329;337;345;348;361;366;372;382,1500214,1000147,-122.33094100000001,47.600848299999996,3,102615,bus_service_node,102615.1,102615.1:1;6;13;22;32;40;48;56;66;73;75;84;92;96;102;109;117;123;130;138;149;155;159;217;239;275;295;329;337;345;348;361;366;372;382,,Metro Transit,POINT (-122.33094100000001 47.600848299999996),1,,
102615.1.6070:1;6;13;22;32;40;48;56;66;73;75;84;92;96;102;109;117;123;130;138;149;155;159;217;239;275;295;329;337;345;348;361;366;372;382,1500215,1000218,-122.345696,47.638808399999995,3,102615,bus_service_node,102615.1,102615.1:1;6;13;22;32;40;48;56;66;73;75;84;92;96;102;109;117;123;130;138;149;155;159;217;239;275;295;329;337;345;348;361;366;372;382,,Metro Transit,POINT (-122.345696 47.638808399999995),0,,
102615.1.6100:1;6;13;22;32;40;48;56;66;73;75;84;92;96;102;109;117;123;130;138;149;155;159;217;239;275;295;329;337;345;348;361;366;372;382,1500216,1000241,-122.343766,47.632067799999994,3,102615,bus_service_node,102615.1,102615.1:1;6;13;22;32;40;48;56;66;73;75;84;92;96;102;109;117;123;130;138;149;155;159;217;239;275;295;329;337;345;348;361;366;372;382,,Metro Transit,POINT (-122.343766 47.632067799999994),0,,
102615.1.6176:1;6;13;22;32;40;48;56;66;73;75;84;92;96;102;109;117;123;130;138;149;155;159;217;239;275;295;329;337;345;348;361;366;372;382,1500217,1000264,-122.343942,47.620955599999995,3,102615,bus_service_node,102615.1,102615.1:1;6;13;22;32;40;48;56;66;73;75;84;92;96;102;109;117;123;130;138;149;155;159;217;239;275;295;329;337;345;348;361;366;372;382,,Metro Transit,POINT (-122.343942 47.620955599999995),0,,
102615.1.6950:1;6;13;22;32;40;48;56;66;73;75;84;92;96;102;109;117;123;130;138;149;155;159;217;239;275;295;329;337;345;348;361;366;372;382,1500218,1000294,-122.34536800000001,47.7334701,3,102615,bus_service_node,102615.1,102615.1:1;6;13;22;32;40;48;56;66;73;75;84;92;96;102;109;117;123;130;138;149;155;159;217;239;275;295;329;337;345;348;361;366;372;382,,Metro Transit,POINT (-122.34536800000001 47.7334701),0,,
102615.1.6990:1;6;13;22;32;40;48;56;66;73;75;84;92;96;102;109;117;123;130;138;149;155;159;217;239;275;295;329;337;345;348;361;366;372;382,1500219,1000295,-122.3452,47.726329,3,102615,bus_service_node,102615.1,102615.1:1;6;13;22;32;40;48;56;66;73;75;84;92;96;102;109;117;123;130;138;149;155;159;217;239;275;295;329;337;345;348;361;366;372;382,,Metro Transit,POINT (-122.3452 47.726329),0,,
102615.1.7000:1;6;13;22;32;40;48;56;66;73;75;84;92;96;102;109;117;123;130;138;149;155;159;217;239;275;295;329;337;345;348;361;366;372;382,1500220,1000296,-122.345178,47.7228614,3,102615,bus_service_node,102615.1,102615.1:1;6;13;22;32;40;48;56;66;73;75;84;92;96;102;109;117;123;130;138;149;155;159;217;239;275;295;329;337;345;348;361;366;372;382,,Metro Transit,POINT (-122.345178 47.7228614),0,,
102615.1.7010:1;6;13;22;32;40;48;56;66;73;75;84;92;96;102;109;117;123;130;138;149;155;159;217;239;275;295;329;337;345;348;361;366;372;382,1500221,1000297,-122.345147,47.719801999999994,3,102615,bus_service_node,102615.1,102615.1:1;6;13;22;32;40;48;56;66;73;75;84;92;96;102;109;117;123;130;138;149;155;159;217;239;275;295;329;337;345;348;361;366;372;382,,Metro Transit,POINT (-122.345147 47.719801999999994),0,,
102615.1.7040:1;6;13;22;32;40;48;56;66;73;75;84;92;96;102;109;117;123;130;138;149;155;159;217;239;275;295;329;337;345;348;361;366;372;382,1500222,1000298,-122.34501,47.71187509999999,3,102615,bus_service_node,102615.1,102615.1:1;6;13;22;32;40;48;56;66;73;75;84;92;96;102;109;117;123;130;138;149;155;159;217;239;275;295;329;337;345;348;361;366;372;382,,Metro Transit,POINT (-122.34501 47.71187509999999),0,,
102615.1.7080:1;6;13;22;32;40;48;56;66;73;75;84;92;96;102;109;117;123;130;138;149;155;159;217;239;275;295;329;337;345;348;361;366;372;382,1500223,1000299,-122.344956,47.7045356,3,102615,bus_service_node,102615.1,102615.1:1;6;13;22;32;40;48;56;66;73;75;84;92;96;102;109;117;123;130;138;149;155;159;217;239;275;295;329;337;345;348;361;366;372;382,,Metro Transit,POINT (-122.344956 47.7045356),0,,
102615.1.7100:1;6;13;22;32;40;48;56;66;73;75;84;92;96;102;109;117;123;130;138;149;155;159;217;239;275;295;329;337;345;348;361;366;372;382,1500224,1000300,-122.34491,47.700987999999995,3,102615,bus_service_node,102615.1,102615.1:1;6;13;22;32;40;48;56;66;73;75;84;92;96;102;109;117;123;130;138;149;155;159;217;239;275;295;329;337;345;348;361;366;372;382,,Metro Transit,POINT (-122.34491 47.700987999999995),0,,
102615.1.7120:1;6;13;22;32;40;48;56;66;73;75;84;92;96;102;109;117;123;130;138;149;155;159;217;239;275;295;329;337;345;348;361;366;372;382,1500225,1000301,-122.344804,47.697394499999994,3,102615,bus_service_node,102615.1,102615.1:1;6;13;22;32;40;48;56;66;73;75;84;92;96;102;109;117;123;130;138;149;155;159;217;239;275;295;329;337;345;348;361;366;372;382,,Metro Transit,POINT (-122.344804 47.697394499999994),0,,
102615.1.7140:1;6;13;22;32;40;48;56;66;73;75;84;92;96;102;109;117;123;130;138;149;155;159;217;239;275;295;329;337;345;348;361;366;372;382,1500226,1000307,-122.344834,47.6938621,3,102615,bus_service_node,102615.1,102615.1:1;6;13;22;32;40;48;56;66;73;75;84;92;96;102;109;117;123;130;138;149;155;159;217;239;275;295;329;337;345;348;361;366;372;382,,Metro Transit,POINT (-122.344834 47.6938621),0,,
102615.1.7160:1;6;13;22;32;40;48;56;66;73;75;84;92;96;102;109;117;123;130;138;149;155;159;217;239;275;295;329;337;345;348;361;366;372;382,1500227,1000308,-122.344781,47.689776599999995,3,102615,bus_service_node,102615.1,102615.1:1;6;13;22;32;40;48;56;66;73;75;84;92;96;102;109;117;123;130;138;149;155;159;217;239;275;295;329;337;345;348;361;366;372;382,,Metro Transit,POINT (-122.344781 47.689776599999995),0,,
102615.1.7180:1;6;13;22;32;40;48;56;66;73;75;84;92;96;102;109;117;123;130;138;149;155;159;217;239;275;295;329;337;345;348;361;366;372;382,1500228,1000309,-122.344766,47.68657219999999,3,102615,bus_service_node,102615.1,102615.1:1;6;13;22;32;40;48;56;66;73;75;84;92;96;102;109;117;123;130;138;149;155;159;217;239;275;295;329;337;345;348;361;366;372;382,,Metro Transit,POINT (-122.344766 47.68657219999999),0,,
102615.1.7200:1;6;13;22;32;40;48;56;66;73;75;84;92;96;102;109;117;123;130;138;149;155;159;217;239;275;295;329;337;345;348;361;366;372;382,1500229,1000311,-122.34475,47.68405069999999,3,102615,bus_service_node,102615.1,102615.1:1;6;13;22;32;40;48;56;66;73;75;84;92;96;102;109;117;123;130;138;149;155;159;217;239;275;295;329;337;345;348;361;366;372;382,,Metro Transit,POINT (-122.34475 47.68405069999999),0,,
102615.1.7210:1;6;13;22;32;40;48;56;66;73;75;84;92;96;102;109;117;123;130;138;149;155;159;217;239;275;295;329;337;345;348;361;366;372;382,1500230,1000312,-122.347047,47.6759826,3,102615,bus_service_node,102615.1,102615.1:1;6;13;22;32;40;48;56;66;73;75;84;92;96;102;109;117;123;130;138;149;155;159;217;239;275;295;329;337;345;348;361;366;372;382,,Metro Transit,POINT (-122.347047 47.6759826),0,,
102615.1.7430:1;6;13;22;32;40;48;56;66;73;75;84;92;96;102;109;117;123;130;138;149;155;159;217;239;275;295;329;337;345;348;361;366;372;382,1500231,1000330,-122.34536800000001,47.617404099999995,3,102615,bus_service_node,102615.1,102615.1:1;6;13;22;32;40;48;56;66;73;75;84;92;96;102;109;117;123;130;138;149;155;159;217;239;275;295;329;337;345;348;361;366;372;382,,Metro Transit,POINT (-122.34536800000001 47.617404099999995),0,,
102615.1.75408:1;6;13;22;32;40;48;56;66;73;75;84;92;96;102;109;117;123;130;138;149;155;159;217;239;275;295;329;337;345;348;361;366;372;382,1500232,1000331,-122.347588,47.6615707,3,102615,bus_service_node,102615.1,102615.1:1;6;13;22;32;40;48;56;66;73;75;84;92;96;102;109;117;123;130;138;149;155;159;217;239;275;295;329;337;345;348;361;366;372;382,,Metro Transit,POINT (-122.347588 47.6615707),0,,
102615.1.75700:1;6;13;22;32;40;48;56;66;73;75;84;92;96;102;109;117;123;130;138;149;155;159;217;239;275;295;329;337;345;348;361;366;372;382,1500233,1000333,-122.34630700000001,47.773642699999996,3,102615,bus_service_node,102615.1,102615.1:1;6;13;22;32;40;48;56;66;73;75;84;92;96;102;109;117;123;130;138;149;155;159;217;239;275;295;329;337;345;348;361;366;372;382,,Metro Transit,POINT (-122.34630700000001 47.773642699999996),0,,
102615.1.75730:1;6;13;22;32;40;48;56;66;73;75;84;92;96;102;109;117;123;130;138;149;155;159;217;239;275;295;329;337;345;348;361;366;372;382,1500234,1000334,-122.34620000000001,47.7671043,3,102615,bus_service_node,102615.1,102615.1:1;6;13;22;32;40;48;56;66;73;75;84;92;96;102;109;117;123;130;138;149;155;159;217;239;275;295;329;337;345;348;361;366;372;382,,Metro Transit,POINT (-122.34620000000001 47.7671043),0,,
102615.1.75740:1;6;13;22;32;40;48;56;66;73;75;84;92;96;102;109;117;123;130;138;149;155;159;217;239;275;295;329;337;345;348;361;366;372;382,1500235,1000335,-122.346284,47.762747899999994,3,102615,bus_service_node,102615.1,102615.1:1;6;13;22;32;40;48;56;66;73;75;84;92;96;102;109;117;123;130;138;149;155;159;217;239;275;295;329;337;345;348;361;366;372;382,,Metro Transit,POINT (-122.346284 47.762747899999994),0,,
102615.1.75750:1;6;13;22;32;40;48;56;66;73;75;84;92;96;102;109;117;123;130;138;149;155;159;217;239;275;295;329;337;345;348;361;366;372;382,1500236,1000336,-122.346337,47.7593452,3,102615,bus_service_node,102615.1,102615.1:1;6;13;22;32;40;48;56;66;73;75;84;92;96;102;109;117;123;130;138;149;155;159;217;239;275;295;329;337;345;348;361;366;372;382,,Metro Transit,POINT (-122.346337 47.7593452),0,,
102615.1.75760:1;6;13;22;32;40;48;56;66;73;75;84;92;96;102;109;117;123;130;138;149;155;159;217;239;275;295;329;337;345;348;361;366;372;382,1500237,1000337,-122.345956,47.7551986,3,102615,bus_service_node,102615.1,102615.1:1;6;13;22;32;40;48;56;66;73;75;84;92;96;102;109;117;123;130;138;149;155;159;217;239;275;295;329;337;345;348;361;366;372;382,,Metro Transit,POINT (-122.345956 47.7551986),0,,
102615.1.75770:1;6;13;22;32;40;48;56;66;73;75;84;92;96;102;109;117;123;130;138;149;155;159;217;239;275;295;329;337;345;348;361;366;372;382,1500238,1000338,-122.34584100000001,47.751929399999995,3,102615,bus_service_node,102615.1,102615.1:1;6;13;22;32;40;48;56;66;73;75;84;92;96;102;109;117;123;130;138;149;155;159;217;239;275;295;329;337;345;348;361;366;372;382,,Metro Transit,POINT (-122.34584100000001 47.751929399999995),0,,
102615.1.75780:1;6;13;22;32;40;48;56;66;73;75;84;92;96;102;109;117;123;130;138;149;155;159;217;239;275;295;329;337;345;348;361;366;372;382,1500239,1000339,-122.345788,47.7482559,3,102615,bus_service_node,102615.1,102615.1:1;6;13;22;32;40;48;56;66;73;75;84;92;96;102;109;117;123;130;138;149;155;159;217;239;275;295;329;337;345;348;361;366;372;382,,Metro Transit,POINT (-122.345788 47.7482559),0,,
102615.1.75790:1;6;13;22;32;40;48;56;66;73;75;84;92;96;102;109;117;123;130;138;149;155;159;217;239;275;295;329;337;345;348;361;366;372;382,1500240,1000340,-122.34575000000001,47.744589899999994,3,102615,bus_service_node,102615.1,102615.1:1;6;13;22;32;40;48;56;66;73;75;84;92;96;102;109;117;123;130;138;149;155;159;217;239;275;295;329;337;345;348;361;366;372;382,,Metro Transit,POINT (-122.34575000000001 47.744589899999994),0,,
102615.1.75800:1;6;13;22;32;40;48;56;66;73;75;84;92;96;102;109;117;123;130;138;149;155;159;217;239;275;295;329;337;345;348;361;366;372;382,1500241,1000341,-122.345597,47.740786699999994,3,102615,bus_service_node,102615.1,102615.1:1;6;13;22;32;40;48;56;66;73;75;84;92;96;102;109;117;123;130;138;149;155;159;217;239;275;295;329;337;345;348;361;366;372;382,,Metro Transit,POINT (-122.345597 47.740786699999994),0,,
102615.1.75810:1;6;13;22;32;40;48;56;66;73;75;84;92;96;102;109;117;123;130;138;149;155;159;217;239;275;295;329;337;345;348;361;366;372;382,1500242,1000342,-122.345528,47.7385818,3,102615,bus_service_node,102615.1,102615.1:1;6;13;22;32;40;48;56;66;73;75;84;92;96;102;109;117;123;130;138;149;155;159;217;239;275;295;329;337;345;348;361;366;372;382,,Metro Transit,POINT (-122.345528 47.7385818),0,,
102615.2.16103:1;11;16;20;34;38;48;57;98;123;163;196;214;229;235;241;252;260;267;273;281;286;294;298;309;318;320;324;330;337;345;354;362;372;380;393,1500243,1000042,-122.340981,47.774405599999994,3,102615,bus_service_node,102615.2,102615.2:1;11;16;20;34;38;48;57;98;123;163;196;214;229;235;241;252;260;267;273;281;286;294;298;309;318;320;324;330;337;345;354;362;372;380;393,,Metro Transit,POINT (-122.340981 47.774405599999994),1,,
102615.2.1610:1;11;16;20;34;38;48;57;98;123;163;196;214;229;235;241;252;260;267;273;281;286;294;298;309;318;320;324;330;337;345;354;362;372;380;393,1500244,1000040,-122.33004100000001,47.601557899999996,3,102615,bus_service_node,102615.2,102615.2:1;11;16;20;34;38;48;57;98;123;163;196;214;229;235;241;252;260;267;273;281;286;294;298;309;318;320;324;330;337;345;354;362;372;380;393,,Metro Transit,POINT (-122.33004100000001 47.601557899999996),1,,
102615.2.538:1;11;16;20;34;38;48;57;98;123;163;196;214;229;235;241;252;260;267;273;281;286;294;298;309;318;320;324;330;337;345;354;362;372;380;393,1500245,1000174,-122.332604,47.603995499999996,3,102615,bus_service_node,102615.2,102615.2:1;11;16;20;34;38;48;57;98;123;163;196;214;229;235;241;252;260;267;273;281;286;294;298;309;318;320;324;330;337;345;354;362;372;380;393,,Metro Transit,POINT (-122.332604 47.603995499999996),0,,
102615.2.558:1;11;16;20;34;38;48;57;98;123;163;196;214;229;235;241;252;260;267;273;281;286;294;298;309;318;320;324;330;337;345;354;362;372;380;393,1500246,1000184,-122.335313,47.6069518,3,102615,bus_service_node,102615.2,102615.2:1;11;16;20;34;38;48;57;98;123;163;196;214;229;235;241;252;260;267;273;281;286;294;298;309;318;320;324;330;337;345;354;362;372;380;393,,Metro Transit,POINT (-122.335313 47.6069518),0,,
102615.2.575:1;11;16;20;34;38;48;57;98;123;163;196;214;229;235;241;252;260;267;273;281;286;294;298;309;318;320;324;330;337;345;354;362;372;380;393,1500247,1000190,-122.33768500000001,47.609542,3,102615,bus_service_node,102615.2,102615.2:1;11;16;20;34;38;48;57;98;123;163;196;214;229;235;241;252;260;267;273;281;286;294;298;309;318;320;324;330;337;345;354;362;372;380;393,,Metro Transit,POINT (-122.33768500000001 47.609542),0,,
102615.2.600:1;11;16;20;34;38;48;57;98;123;163;196;214;229;235;241;252;260;267;273;281;286;294;298;309;318;320;324;330;337;345;354;362;372;380;393,1500248,1000213,-122.341843,47.612895099999996,3,102615,bus_service_node,102615.2,102615.2:1;11;16;20;34;38;48;57;98;123;163;196;214;229;235;241;252;260;267;273;281;286;294;298;309;318;320;324;330;337;345;354;362;372;380;393,,Metro Transit,POINT (-122.341843 47.612895099999996),0,,
102615.2.605:1;11;16;20;34;38;48;57;98;123;163;196;214;229;235;241;252;260;267;273;281;286;294;298;309;318;320;324;330;337;345;354;362;372;380;393,1500249,1000214,-122.345437,47.6150199,3,102615,bus_service_node,102615.2,102615.2:1;11;16;20;34;38;48;57;98;123;163;196;214;229;235;241;252;260;267;273;281;286;294;298;309;318;320;324;330;337;345;354;362;372;380;393,,Metro Transit,POINT (-122.345437 47.6150199),0,,
102615.2.6236:1;11;16;20;34;38;48;57;98;123;163;196;214;229;235;241;252;260;267;273;281;286;294;298;309;318;320;324;330;337;345;354;362;372;380;393,1500250,1000265,-122.343675,47.6189987,3,102615,bus_service_node,102615.2,102615.2:1;11;16;20;34;38;48;57;98;123;163;196;214;229;235;241;252;260;267;273;281;286;294;298;309;318;320;324;330;337;345;354;362;372;380;393,,Metro Transit,POINT (-122.343675 47.6189987),0,,
102615.2.6237:1;11;16;20;34;38;48;57;98;123;163;196;214;229;235;241;252;260;267;273;281;286;294;298;309;318;320;324;330;337;345;354;362;372;380;393,1500251,1000266,-122.34360600000001,47.621794799999996,3,102615,bus_service_node,102615.2,102615.2:1;11;16;20;34;38;48;57;98;123;163;196;214;229;235;241;252;260;267;273;281;286;294;298;309;318;320;324;330;337;345;354;362;372;380;393,,Metro Transit,POINT (-122.34360600000001 47.621794799999996),0,,
102615.2.6300:1;11;16;20;34;38;48;57;98;123;163;196;214;229;235;241;252;260;267;273;281;286;294;298;309;318;320;324;330;337;345;354;362;372;380;393,1500252,1000267,-122.343423,47.632472199999995,3,102615,bus_service_node,102615.2,102615.2:1;11;16;20;34;38;48;57;98;123;163;196;214;229;235;241;252;260;267;273;281;286;294;298;309;318;320;324;330;337;345;354;362;372;380;393,,Metro Transit,POINT (-122.343423 47.632472199999995),0,,
102615.2.6320:1;11;16;20;34;38;48;57;98;123;163;196;214;229;235;241;252;260;267;273;281;286;294;298;309;318;320;324;330;337;345;354;362;372;380;393,1500253,1000268,-122.34530000000001,47.6387741,3,102615,bus_service_node,102615.2,102615.2:1;11;16;20;34;38;48;57;98;123;163;196;214;229;235;241;252;260;267;273;281;286;294;298;309;318;320;324;330;337;345;354;362;372;380;393,,Metro Transit,POINT (-122.34530000000001 47.6387741),0,,
102615.2.75409:1;11;16;20;34;38;48;57;98;123;163;196;214;229;235;241;252;260;267;273;281;286;294;298;309;318;320;324;330;337;345;354;362;372;380;393,1500254,1000332,-122.34727600000001,47.661589799999994,3,102615,bus_service_node,102615.2,102615.2:1;11;16;20;34;38;48;57;98;123;163;196;214;229;235;241;252;260;267;273;281;286;294;298;309;318;320;324;330;337;345;354;362;372;380;393,,Metro Transit,POINT (-122.34727600000001 47.661589799999994),0,,
102615.2.75820:1;11;16;20;34;38;48;57;98;123;163;196;214;229;235;241;252;260;267;273;281;286;294;298;309;318;320;324;330;337;345;354;362;372;380;393,1500255,1000343,-122.34501,47.7348243,3,102615,bus_service_node,102615.2,102615.2:1;11;16;20;34;38;48;57;98;123;163;196;214;229;235;241;252;260;267;273;281;286;294;298;309;318;320;324;330;337;345;354;362;372;380;393,,Metro Transit,POINT (-122.34501 47.7348243),0,,
102615.2.75830:1;11;16;20;34;38;48;57;98;123;163;196;214;229;235;241;252;260;267;273;281;286;294;298;309;318;320;324;330;337;345;354;362;372;380;393,1500256,1000344,-122.3452,47.7392341,3,102615,bus_service_node,102615.2,102615.2:1;11;16;20;34;38;48;57;98;123;163;196;214;229;235;241;252;260;267;273;281;286;294;298;309;318;320;324;330;337;345;354;362;372;380;393,,Metro Transit,POINT (-122.3452 47.7392341),0,,
102615.2.75840:1;11;16;20;34;38;48;57;98;123;163;196;214;229;235;241;252;260;267;273;281;286;294;298;309;318;320;324;330;337;345;354;362;372;380;393,1500257,1000345,-122.345269,47.741984499999994,3,102615,bus_service_node,102615.2,102615.2:1;11;16;20;34;38;48;57;98;123;163;196;214;229;235;241;252;260;267;273;281;286;294;298;309;318;320;324;330;337;345;354;362;372;380;393,,Metro Transit,POINT (-122.345269 47.741984499999994),0,,
102615.2.75850:1;11;16;20;34;38;48;57;98;123;163;196;214;229;235;241;252;260;267;273;281;286;294;298;309;318;320;324;330;337;345;354;362;372;380;393,1500258,1000346,-122.345353,47.745303299999996,3,102615,bus_service_node,102615.2,102615.2:1;11;16;20;34;38;48;57;98;123;163;196;214;229;235;241;252;260;267;273;281;286;294;298;309;318;320;324;330;337;345;354;362;372;380;393,,Metro Transit,POINT (-122.345353 47.745303299999996),0,,
102615.2.75860:1;11;16;20;34;38;48;57;98;123;163;196;214;229;235;241;252;260;267;273;281;286;294;298;309;318;320;324;330;337;345;354;362;372;380;393,1500259,1000347,-122.345437,47.748965399999996,3,102615,bus_service_node,102615.2,102615.2:1;11;16;20;34;38;48;57;98;123;163;196;214;229;235;241;252;260;267;273;281;286;294;298;309;318;320;324;330;337;345;354;362;372;380;393,,Metro Transit,POINT (-122.345437 47.748965399999996),0,,
102615.2.75870:1;11;16;20;34;38;48;57;98;123;163;196;214;229;235;241;252;260;267;273;281;286;294;298;309;318;320;324;330;337;345;354;362;372;380;393,1500260,1000348,-122.345498,47.7528526,3,102615,bus_service_node,102615.2,102615.2:1;11;16;20;34;38;48;57;98;123;163;196;214;229;235;241;252;260;267;273;281;286;294;298;309;318;320;324;330;337;345;354;362;372;380;393,,Metro Transit,POINT (-122.345498 47.7528526),0,,
102615.2.75881:1;11;16;20;34;38;48;57;98;123;163;196;214;229;235;241;252;260;267;273;281;286;294;298;309;318;320;324;330;337;345;354;362;372;380;393,1500261,1000349,-122.345651,47.7562438,3,102615,bus_service_node,102615.2,102615.2:1;11;16;20;34;38;48;57;98;123;163;196;214;229;235;241;252;260;267;273;281;286;294;298;309;318;320;324;330;337;345;354;362;372;380;393,,Metro Transit,POINT (-122.345651 47.7562438),0,,
102615.2.75890:1;11;16;20;34;38;48;57;98;123;163;196;214;229;235;241;252;260;267;273;281;286;294;298;309;318;320;324;330;337;345;354;362;372;380;393,1500262,1000350,-122.345994,47.75986399999999,3,102615,bus_service_node,102615.2,102615.2:1;11;16;20;34;38;48;57;98;123;163;196;214;229;235;241;252;260;267;273;281;286;294;298;309;318;320;324;330;337;345;354;362;372;380;393,,Metro Transit,POINT (-122.345994 47.75986399999999),0,,
102615.2.75901:1;11;16;20;34;38;48;57;98;123;163;196;214;229;235;241;252;260;267;273;281;286;294;298;309;318;320;324;330;337;345;354;362;372;380;393,1500263,1000351,-122.345895,47.763640499999994,3,102615,bus_service_node,102615.2,102615.2:1;11;16;20;34;38;48;57;98;123;163;196;214;229;235;241;252;260;267;273;281;286;294;298;309;318;320;324;330;337;345;354;362;372;380;393,,Metro Transit,POINT (-122.345895 47.763640499999994),0,,
102615.2.75910:1;11;16;20;34;38;48;57;98;123;163;196;214;229;235;241;252;260;267;273;281;286;294;298;309;318;320;324;330;337;345;354;362;372;380;393,1500264,1000352,-122.34585700000001,47.7679626,3,102615,bus_service_node,102615.2,102615.2:1;11;16;20;34;38;48;57;98;123;163;196;214;229;235;241;252;260;267;273;281;286;294;298;309;318;320;324;330;337;345;354;362;372;380;393,,Metro Transit,POINT (-122.34585700000001 47.7679626),0,,
102615.2.75932:1;11;16;20;34;38;48;57;98;123;163;196;214;229;235;241;252;260;267;273;281;286;294;298;309;318;320;324;330;337;345;354;362;372;380;393,1500265,1000353,-122.34594,47.773837199999996,3,102615,bus_service_node,102615.2,102615.2:1;11;16;20;34;38;48;57;98;123;163;196;214;229;235;241;252;260;267;273;281;286;294;298;309;318;320;324;330;337;345;354;362;372;380;393,,Metro Transit,POINT (-122.34594 47.773837199999996),0,,
102615.2.7630:1;11;16;20;34;38;48;57;98;123;163;196;214;229;235;241;252;260;267;273;281;286;294;298;309;318;320;324;330;337;345;354;362;372;380;393,1500266,1000354,-122.347131,47.676062699999996,3,102615,bus_service_node,102615.2,102615.2:1;11;16;20;34;38;48;57;98;123;163;196;214;229;235;241;252;260;267;273;281;286;294;298;309;318;320;324;330;337;345;354;362;372;380;393,,Metro Transit,POINT (-122.347131 47.676062699999996),0,,
102615.2.7670:1;11;16;20;34;38;48;57;98;123;163;196;214;229;235;241;252;260;267;273;281;286;294;298;309;318;320;324;330;337;345;354;362;372;380;393,1500267,1000355,-122.346909,47.6811248,3,102615,bus_service_node,102615.2,102615.2:1;11;16;20;34;38;48;57;98;123;163;196;214;229;235;241;252;260;267;273;281;286;294;298;309;318;320;324;330;337;345;354;362;372;380;393,,Metro Transit,POINT (-122.346909 47.6811248),0,,
102615.2.7690:1;11;16;20;34;38;48;57;98;123;163;196;214;229;235;241;252;260;267;273;281;286;294;298;309;318;320;324;330;337;345;354;362;372;380;393,1500268,1000356,-122.34442200000001,47.683623399999995,3,102615,bus_service_node,102615.2,102615.2:1;11;16;20;34;38;48;57;98;123;163;196;214;229;235;241;252;260;267;273;281;286;294;298;309;318;320;324;330;337;345;354;362;372;380;393,,Metro Transit,POINT (-122.34442200000001 47.683623399999995),0,,
102615.2.7710:1;11;16;20;34;38;48;57;98;123;163;196;214;229;235;241;252;260;267;273;281;286;294;298;309;318;320;324;330;337;345;354;362;372;380;393,1500269,1000357,-122.344437,47.68703,3,102615,bus_service_node,102615.2,102615.2:1;11;16;20;34;38;48;57;98;123;163;196;214;229;235;241;252;260;267;273;281;286;294;298;309;318;320;324;330;337;345;354;362;372;380;393,,Metro Transit,POINT (-122.344437 47.68703),0,,
102615.2.7730:1;11;16;20;34;38;48;57;98;123;163;196;214;229;235;241;252;260;267;273;281;286;294;298;309;318;320;324;330;337;345;354;362;372;380;393,1500270,1000358,-122.34446,47.690982,3,102615,bus_service_node,102615.2,102615.2:1;11;16;20;34;38;48;57;98;123;163;196;214;229;235;241;252;260;267;273;281;286;294;298;309;318;320;324;330;337;345;354;362;372;380;393,,Metro Transit,POINT (-122.34446 47.690982),0,,
102615.2.7750:1;11;16;20;34;38;48;57;98;123;163;196;214;229;235;241;252;260;267;273;281;286;294;298;309;318;320;324;330;337;345;354;362;372;380;393,1500271,1000359,-122.344521,47.6946975,3,102615,bus_service_node,102615.2,102615.2:1;11;16;20;34;38;48;57;98;123;163;196;214;229;235;241;252;260;267;273;281;286;294;298;309;318;320;324;330;337;345;354;362;372;380;393,,Metro Transit,POINT (-122.344521 47.6946975),0,,
102615.2.7770:1;11;16;20;34;38;48;57;98;123;163;196;214;229;235;241;252;260;267;273;281;286;294;298;309;318;320;324;330;337;345;354;362;372;380;393,1500272,1000360,-122.34461300000001,47.698050599999995,3,102615,bus_service_node,102615.2,102615.2:1;11;16;20;34;38;48;57;98;123;163;196;214;229;235;241;252;260;267;273;281;286;294;298;309;318;320;324;330;337;345;354;362;372;380;393,,Metro Transit,POINT (-122.34461300000001 47.698050599999995),0,,
102615.2.7790:1;11;16;20;34;38;48;57;98;123;163;196;214;229;235;241;252;260;267;273;281;286;294;298;309;318;320;324;330;337;345;354;362;372;380;393,1500273,1000361,-122.34459,47.701575399999996,3,102615,bus_service_node,102615.2,102615.2:1;11;16;20;34;38;48;57;98;123;163;196;214;229;235;241;252;260;267;273;281;286;294;298;309;318;320;324;330;337;345;354;362;372;380;393,,Metro Transit,POINT (-122.34459 47.701575399999996),0,,
102615.2.7810:1;11;16;20;34;38;48;57;98;123;163;196;214;229;235;241;252;260;267;273;281;286;294;298;309;318;320;324;330;337;345;354;362;372;380;393,1500274,1000362,-122.344643,47.7053443,3,102615,bus_service_node,102615.2,102615.2:1;11;16;20;34;38;48;57;98;123;163;196;214;229;235;241;252;260;267;273;281;286;294;298;309;318;320;324;330;337;345;354;362;372;380;393,,Metro Transit,POINT (-122.344643 47.7053443),0,,
102615.2.7850:1;11;16;20;34;38;48;57;98;123;163;196;214;229;235;241;252;260;267;273;281;286;294;298;309;318;320;324;330;337;345;354;362;372;380;393,1500275,1000363,-122.344819,47.7126342,3,102615,bus_service_node,102615.2,102615.2:1;11;16;20;34;38;48;57;98;123;163;196;214;229;235;241;252;260;267;273;281;286;294;298;309;318;320;324;330;337;345;354;362;372;380;393,,Metro Transit,POINT (-122.344819 47.7126342),0,,
102615.2.7880:1;11;16;20;34;38;48;57;98;123;163;196;214;229;235;241;252;260;267;273;281;286;294;298;309;318;320;324;330;337;345;354;362;372;380;393,1500276,1000364,-122.344941,47.71936719999999,3,102615,bus_service_node,102615.2,102615.2:1;11;16;20;34;38;48;57;98;123;163;196;214;229;235;241;252;260;267;273;281;286;294;298;309;318;320;324;330;337;345;354;362;372;380;393,,Metro Transit,POINT (-122.344941 47.71936719999999),0,,
102615.2.7900:1;11;16;20;34;38;48;57;98;123;163;196;214;229;235;241;252;260;267;273;281;286;294;298;309;318;320;324;330;337;345;354;362;372;380;393,1500277,1000365,-122.34497900000001,47.7236396,3,102615,bus_service_node,102615.2,102615.2:1;11;16;20;34;38;48;57;98;123;163;196;214;229;235;241;252;260;267;273;281;286;294;298;309;318;320;324;330;337;345;354;362;372;380;393,,Metro Transit,POINT (-122.34497900000001 47.7236396),0,,
102615.2.7912:1;11;16;20;34;38;48;57;98;123;163;196;214;229;235;241;252;260;267;273;281;286;294;298;309;318;320;324;330;337;345;354;362;372;380;393,1500278,1000366,-122.345025,47.727198699999995,3,102615,bus_service_node,102615.2,102615.2:1;11;16;20;34;38;48;57;98;123;163;196;214;229;235;241;252;260;267;273;281;286;294;298;309;318;320;324;330;337;345;354;362;372;380;393,,Metro Transit,POINT (-122.345025 47.727198699999995),0,,
102619.1.45320:1;61;88;99;118;136;152;174;181;185;208;220;247;291;313;322;329;353;363;374;387;411;442;467;480;522;526;530;536;540;558,1500279,1000121,-122.21473,47.481303399999994,3,102619,bus_service_node,102619.1,102619.1:1;61;88;99;118;136;152;174;181;185;208;220;247;291;313;322;329;353;363;374;387;411;442;467;480;522;526;530;536;540;558,,Metro Transit,POINT (-122.21473 47.481303399999994),0,,
102619.1.46478:1;61;88;99;118;136;152;174;181;185;208;220;247;291;313;322;329;353;363;374;387;411;442;467;480;522;526;530;536;540;558,1500280,1000124,-122.208817,47.480399299999995,3,102619,bus_service_node,102619.1,102619.1:1;61;88;99;118;136;152;174;181;185;208;220;247;291;313;322;329;353;363;374;387;411;442;467;480;522;526;530;536;540;558,,Metro Transit,POINT (-122.208817 47.480399299999995),0,,
102619.1.46505:1;61;88;99;118;136;152;174;181;185;208;220;247;291;313;322;329;353;363;374;387;411;442;467;480;522;526;530;536;540;558,1500281,1000126,-122.201318,47.497985,3,102619,bus_service_node,102619.1,102619.1:1;61;88;99;118;136;152;174;181;185;208;220;247;291;313;322;329;353;363;374;387;411;442;467;480;522;526;530;536;540;558,,Metro Transit,POINT (-122.201318 47.497985),1,,
102619.1.46579:1;61;88;99;118;136;152;174;181;185;208;220;247;291;313;322;329;353;363;374;387;411;442;467;480;522;526;530;536;540;558,1500282,1000129,-122.20884000000001,47.4868003,3,102619,bus_service_node,102619.1,102619.1:1;61;88;99;118;136;152;174;181;185;208;220;247;291;313;322;329;353;363;374;387;411;442;467;480;522;526;530;536;540;558,,Metro Transit,POINT (-122.20884000000001 47.4868003),0,,
102619.1.46585:1;61;88;99;118;136;152;174;181;185;208;220;247;291;313;322;329;353;363;374;387;411;442;467;480;522;526;530;536;540;558,1500283,1000131,-122.207627,47.492323999999996,3,102619,bus_service_node,102619.1,102619.1:1;61;88;99;118;136;152;174;181;185;208;220;247;291;313;322;329;353;363;374;387;411;442;467;480;522;526;530;536;540;558,,Metro Transit,POINT (-122.207627 47.492323999999996),0,,
102619.1.46595:1;61;88;99;118;136;152;174;181;185;208;220;247;291;313;322;329;353;363;374;387;411;442;467;480;522;526;530;536;540;558,1500284,1000133,-122.20659,47.497721799999994,3,102619,bus_service_node,102619.1,102619.1:1;61;88;99;118;136;152;174;181;185;208;220;247;291;313;322;329;353;363;374;387;411;442;467;480;522;526;530;536;540;558,,Metro Transit,POINT (-122.20659 47.497721799999994),0,,
102619.1.47646:1;61;88;99;118;136;152;174;181;185;208;220;247;291;313;322;329;353;363;374;387;411;442;467;480;522;526;530;536;540;558,1500285,1000135,-122.335229,47.4632522,3,102619,bus_service_node,102619.1,102619.1:1;61;88;99;118;136;152;174;181;185;208;220;247;291;313;322;329;353;363;374;387;411;442;467;480;522;526;530;536;540;558,,Metro Transit,POINT (-122.335229 47.4632522),0,,
102619.1.49290:1;61;88;99;118;136;152;174;181;185;208;220;247;291;313;322;329;353;363;374;387;411;442;467;480;522;526;530;536;540;558,1500286,1000141,-122.32409700000001,47.463255999999994,3,102619,bus_service_node,102619.1,102619.1:1;61;88;99;118;136;152;174;181;185;208;220;247;291;313;322;329;353;363;374;387;411;442;467;480;522;526;530;536;540;558,,Metro Transit,POINT (-122.32409700000001 47.463255999999994),0,,
102619.1.49301:1;61;88;99;118;136;152;174;181;185;208;220;247;291;313;322;329;353;363;374;387;411;442;467;480;522;526;530;536;540;558,1500287,1000142,-122.330186,47.4632522,3,102619,bus_service_node,102619.1,102619.1:1;61;88;99;118;136;152;174;181;185;208;220;247;291;313;322;329;353;363;374;387;411;442;467;480;522;526;530;536;540;558,,Metro Transit,POINT (-122.330186 47.4632522),0,,
102619.1.52304:1;61;88;99;118;136;152;174;181;185;208;220;247;291;313;322;329;353;363;374;387;411;442;467;480;522;526;530;536;540;558,1500288,1000169,-122.337388,47.469592199999994,3,102619,bus_service_node,102619.1,102619.1:1;61;88;99;118;136;152;174;181;185;208;220;247;291;313;322;329;353;363;374;387;411;442;467;480;522;526;530;536;540;558,,Metro Transit,POINT (-122.337388 47.469592199999994),1,,
102619.1.53720:1;61;88;99;118;136;152;174;181;185;208;220;247;291;313;322;329;353;363;374;387;411;442;467;480;522;526;530;536;540;558,1500289,1000172,-122.33920400000001,47.46350399999999,3,102619,bus_service_node,102619.1,102619.1:1;61;88;99;118;136;152;174;181;185;208;220;247;291;313;322;329;353;363;374;387;411;442;467;480;522;526;530;536;540;558,,Metro Transit,POINT (-122.33920400000001 47.46350399999999),0,,
102619.1.53740:1;61;88;99;118;136;152;174;181;185;208;220;247;291;313;322;329;353;363;374;387;411;442;467;480;522;526;530;536;540;558,1500290,1000173,-122.33918800000001,47.4665786,3,102619,bus_service_node,102619.1,102619.1:1;61;88;99;118;136;152;174;181;185;208;220;247;291;313;322;329;353;363;374;387;411;442;467;480;522;526;530;536;540;558,,Metro Transit,POINT (-122.33918800000001 47.4665786),0,,
102619.1.54202:1;61;88;99;118;136;152;174;181;185;208;220;247;291;313;322;329;353;363;374;387;411;442;467;480;522;526;530;536;540;558,1500291,1000178,-122.268693,47.465098499999996,3,102619,bus_service_node,102619.1,102619.1:1;61;88;99;118;136;152;174;181;185;208;220;247;291;313;322;329;353;363;374;387;411;442;467;480;522;526;530;536;540;558,,Metro Transit,POINT (-122.268693 47.465098499999996),0,,
102619.1.54204:1;61;88;99;118;136;152;174;181;185;208;220;247;291;313;322;329;353;363;374;387;411;442;467;480;522;526;530;536;540;558,1500292,1000180,-122.276841,47.466235299999994,3,102619,bus_service_node,102619.1,102619.1:1;61;88;99;118;136;152;174;181;185;208;220;247;291;313;322;329;353;363;374;387;411;442;467;480;522;526;530;536;540;558,,Metro Transit,POINT (-122.276841 47.466235299999994),0,,
102619.1.54206:1;61;88;99;118;136;152;174;181;185;208;220;247;291;313;322;329;353;363;374;387;411;442;467;480;522;526;530;536;540;558,1500293,1000182,-122.2818,47.46581569999999,3,102619,bus_service_node,102619.1,102619.1:1;61;88;99;118;136;152;174;181;185;208;220;247;291;313;322;329;353;363;374;387;411;442;467;480;522;526;530;536;540;558,,Metro Transit,POINT (-122.2818 47.46581569999999),0,,
102619.1.55926:1;61;88;99;118;136;152;174;181;185;208;220;247;291;313;322;329;353;363;374;387;411;442;467;480;522;526;530;536;540;558,1500294,1000185,-122.217286,47.473731199999996,3,102619,bus_service_node,102619.1,102619.1:1;61;88;99;118;136;152;174;181;185;208;220;247;291;313;322;329;353;363;374;387;411;442;467;480;522;526;530;536;540;558,,Metro Transit,POINT (-122.217286 47.473731199999996),0,,
102619.1.55927:1;61;88;99;118;136;152;174;181;185;208;220;247;291;313;322;329;353;363;374;387;411;442;467;480;522;526;530;536;540;558,1500295,1000186,-122.223527,47.473090299999996,3,102619,bus_service_node,102619.1,102619.1:1;61;88;99;118;136;152;174;181;185;208;220;247;291;313;322;329;353;363;374;387;411;442;467;480;522;526;530;536;540;558,,Metro Transit,POINT (-122.223527 47.473090299999996),0,,
102619.1.58111:1;61;88;99;118;136;152;174;181;185;208;220;247;291;313;322;329;353;363;374;387;411;442;467;480;522;526;530;536;540;558,1500296,1000194,-122.249719,47.4557716,3,102619,bus_service_node,102619.1,102619.1:1;61;88;99;118;136;152;174;181;185;208;220;247;291;313;322;329;353;363;374;387;411;442;467;480;522;526;530;536;540;558,,Metro Transit,POINT (-122.249719 47.4557716),0,,
102619.1.58112:1;61;88;99;118;136;152;174;181;185;208;220;247;291;313;322;329;353;363;374;387;411;442;467;480;522;526;530;536;540;558,1500297,1000195,-122.252381,47.4624549,3,102619,bus_service_node,102619.1,102619.1:1;61;88;99;118;136;152;174;181;185;208;220;247;291;313;322;329;353;363;374;387;411;442;467;480;522;526;530;536;540;558,,Metro Transit,POINT (-122.252381 47.4624549),0,,
102619.1.58113:1;61;88;99;118;136;152;174;181;185;208;220;247;291;313;322;329;353;363;374;387;411;442;467;480;522;526;530;536;540;558,1500298,1000196,-122.245057,47.4565956,3,102619,bus_service_node,102619.1,102619.1:1;61;88;99;118;136;152;174;181;185;208;220;247;291;313;322;329;353;363;374;387;411;442;467;480;522;526;530;536;540;558,,Metro Transit,POINT (-122.245057 47.4565956),0,,
102619.1.58114:1;61;88;99;118;136;152;174;181;185;208;220;247;291;313;322;329;353;363;374;387;411;442;467;480;522;526;530;536;540;558,1500299,1000197,-122.256257,47.4625808,3,102619,bus_service_node,102619.1,102619.1:1;61;88;99;118;136;152;174;181;185;208;220;247;291;313;322;329;353;363;374;387;411;442;467;480;522;526;530;536;540;558,,Metro Transit,POINT (-122.256257 47.4625808),0,,
102619.1.59314:1;61;88;99;118;136;152;174;181;185;208;220;247;291;313;322;329;353;363;374;387;411;442;467;480;522;526;530;536;540;558,1500300,1000200,-122.254372,47.4586135,3,102619,bus_service_node,102619.1,102619.1:1;61;88;99;118;136;152;174;181;185;208;220;247;291;313;322;329;353;363;374;387;411;442;467;480;522;526;530;536;540;558,,Metro Transit,POINT (-122.254372 47.4586135),0,,
102619.1.59873:1;61;88;99;118;136;152;174;181;185;208;220;247;291;313;322;329;353;363;374;387;411;442;467;480;522;526;530;536;540;558,1500301,1000205,-122.233155,47.461016799999996,3,102619,bus_service_node,102619.1,102619.1:1;61;88;99;118;136;152;174;181;185;208;220;247;291;313;322;329;353;363;374;387;411;442;467;480;522;526;530;536;540;558,,Metro Transit,POINT (-122.233155 47.461016799999996),0,,
102619.1.59877:1;61;88;99;118;136;152;174;181;185;208;220;247;291;313;322;329;353;363;374;387;411;442;467;480;522;526;530;536;540;558,1500302,1000207,-122.237199,47.4569312,3,102619,bus_service_node,102619.1,102619.1:1;61;88;99;118;136;152;174;181;185;208;220;247;291;313;322;329;353;363;374;387;411;442;467;480;522;526;530;536;540;558,,Metro Transit,POINT (-122.237199 47.4569312),0,,
102619.1.59879:1;61;88;99;118;136;152;174;181;185;208;220;247;291;313;322;329;353;363;374;387;411;442;467;480;522;526;530;536;540;558,1500303,1000209,-122.232423,47.465415099999994,3,102619,bus_service_node,102619.1,102619.1:1;61;88;99;118;136;152;174;181;185;208;220;247;291;313;322;329;353;363;374;387;411;442;467;480;522;526;530;536;540;558,,Metro Transit,POINT (-122.232423 47.465415099999994),0,,
102619.1.59881:1;61;88;99;118;136;152;174;181;185;208;220;247;291;313;322;329;353;363;374;387;411;442;467;480;522;526;530;536;540;558,1500304,1000210,-122.240907,47.4607307,3,102619,bus_service_node,102619.1,102619.1:1;61;88;99;118;136;152;174;181;185;208;220;247;291;313;322;329;353;363;374;387;411;442;467;480;522;526;530;536;540;558,,Metro Transit,POINT (-122.240907 47.4607307),0,,
102619.1.59891:1;61;88;99;118;136;152;174;181;185;208;220;247;291;313;322;329;353;363;374;387;411;442;467;480;522;526;530;536;540;558,1500305,1000212,-122.21628700000001,47.477698499999995,3,102619,bus_service_node,102619.1,102619.1:1;61;88;99;118;136;152;174;181;185;208;220;247;291;313;322;329;353;363;374;387;411;442;467;480;522;526;530;536;540;558,,Metro Transit,POINT (-122.21628700000001 47.477698499999995),0,,
102619.1.60923:1;61;88;99;118;136;152;174;181;185;208;220;247;291;313;322;329;353;363;374;387;411;442;467;480;522;526;530;536;540;558,1500306,1000240,-122.287728,47.4638206,3,102619,bus_service_node,102619.1,102619.1:1;61;88;99;118;136;152;174;181;185;208;220;247;291;313;322;329;353;363;374;387;411;442;467;480;522;526;530;536;540;558,,Metro Transit,POINT (-122.287728 47.4638206),0,,
102619.1.79972:1;61;88;99;118;136;152;174;181;185;208;220;247;291;313;322;329;353;363;374;387;411;442;467;480;522;526;530;536;540;558,1500307,1000367,-122.291268,47.4651405,3,102619,bus_service_node,102619.1,102619.1:1;61;88;99;118;136;152;174;181;185;208;220;247;291;313;322;329;353;363;374;387;411;442;467;480;522;526;530;536;540;558,,Metro Transit,POINT (-122.291268 47.4651405),0,,
102619.1.80150:1;61;88;99;118;136;152;174;181;185;208;220;247;291;313;322;329;353;363;374;387;411;442;467;480;522;526;530;536;540;558,1500308,1000369,-122.303307,47.46507939999999,3,102619,bus_service_node,102619.1,102619.1:1;61;88;99;118;136;152;174;181;185;208;220;247;291;313;322;329;353;363;374;387;411;442;467;480;522;526;530;536;540;558,,Metro Transit,POINT (-122.303307 47.46507939999999),0,,
102619.1.80651:1;61;88;99;118;136;152;174;181;185;208;220;247;291;313;322;329;353;363;374;387;411;442;467;480;522;526;530;536;540;558,1500309,1000373,-122.224419,47.4696685,3,102619,bus_service_node,102619.1,102619.1:1;61;88;99;118;136;152;174;181;185;208;220;247;291;313;322;329;353;363;374;387;411;442;467;480;522;526;530;536;540;558,,Metro Transit,POINT (-122.224419 47.4696685),0,,
102619.2.46440:1;21;26;34;37;42;82;95;119;150;174;188;198;210;234;240;252;282;332;361;370;394;397;407;423;431;447;467;476;508;536;541,1500310,1000122,-122.21573000000001,47.47957529999999,3,102619,bus_service_node,102619.2,102619.2:1;21;26;34;37;42;82;95;119;150;174;188;198;210;234;240;252;282;332;361;370;394;397;407;423;431;447;467;476;508;536;541,,Metro Transit,POINT (-122.21573000000001 47.47957529999999),0,,
102619.2.46477:1;21;26;34;37;42;82;95;119;150;174;188;198;210;234;240;252;282;332;361;370;394;397;407;423;431;447;467;476;508;536;541,1500311,1000123,-122.20864900000001,47.480677699999994,3,102619,bus_service_node,102619.2,102619.2:1;21;26;34;37;42;82;95;119;150;174;188;198;210;234;240;252;282;332;361;370;394;397;407;423;431;447;467;476;508;536;541,,Metro Transit,POINT (-122.20864900000001 47.480677699999994),0,,
102619.2.46504:1;21;26;34;37;42;82;95;119;150;174;188;198;210;234;240;252;282;332;361;370;394;397;407;423;431;447;467;476;508;536;541,1500312,1000125,-122.20100500000001,47.498057499999994,3,102619,bus_service_node,102619.2,102619.2:1;21;26;34;37;42;82;95;119;150;174;188;198;210;234;240;252;282;332;361;370;394;397;407;423;431;447;467;476;508;536;541,,Metro Transit,POINT (-122.20100500000001 47.498057499999994),1,,
102619.2.46541:1;21;26;34;37;42;82;95;119;150;174;188;198;210;234;240;252;282;332;361;370;394;397;407;423;431;447;467;476;508;536;541,1500313,1000127,-122.201318,47.500395899999994,3,102619,bus_service_node,102619.2,102619.2:1;21;26;34;37;42;82;95;119;150;174;188;198;210;234;240;252;282;332;361;370;394;397;407;423;431;447;467;476;508;536;541,,Metro Transit,POINT (-122.201318 47.500395899999994),0,,
102619.2.46578:1;21;26;34;37;42;82;95;119;150;174;188;198;210;234;240;252;282;332;361;370;394;397;407;423;431;447;467;476;508;536;541,1500314,1000128,-122.20836700000001,47.4874641,3,102619,bus_service_node,102619.2,102619.2:1;21;26;34;37;42;82;95;119;150;174;188;198;210;234;240;252;282;332;361;370;394;397;407;423;431;447;467;476;508;536;541,,Metro Transit,POINT (-122.20836700000001 47.4874641),0,,
102619.2.46580:1;21;26;34;37;42;82;95;119;150;174;188;198;210;234;240;252;282;332;361;370;394;397;407;423;431;447;467;476;508;536;541,1500315,1000130,-122.207421,47.4924003,3,102619,bus_service_node,102619.2,102619.2:1;21;26;34;37;42;82;95;119;150;174;188;198;210;234;240;252;282;332;361;370;394;397;407;423;431;447;467;476;508;536;541,,Metro Transit,POINT (-122.207421 47.4924003),0,,
102619.2.46590:1;21;26;34;37;42;82;95;119;150;174;188;198;210;234;240;252;282;332;361;370;394;397;407;423;431;447;467;476;508;536;541,1500316,1000132,-122.20577300000001,47.498233,3,102619,bus_service_node,102619.2,102619.2:1;21;26;34;37;42;82;95;119;150;174;188;198;210;234;240;252;282;332;361;370;394;397;407;423;431;447;467;476;508;536;541,,Metro Transit,POINT (-122.20577300000001 47.498233),0,,
102619.2.50130:1;21;26;34;37;42;82;95;119;150;174;188;198;210;234;240;252;282;332;361;370;394;397;407;423;431;447;467;476;508;536;541,1500317,1000143,-122.332345,47.463114899999994,3,102619,bus_service_node,102619.2,102619.2:1;21;26;34;37;42;82;95;119;150;174;188;198;210;234;240;252;282;332;361;370;394;397;407;423;431;447;467;476;508;536;541,,Metro Transit,POINT (-122.332345 47.463114899999994),0,,
102619.2.50140:1;21;26;34;37;42;82;95;119;150;174;188;198;210;234;240;252;282;332;361;370;394;397;407;423;431;447;467;476;508;536;541,1500318,1000144,-122.328233,47.463114899999994,3,102619,bus_service_node,102619.2,102619.2:1;21;26;34;37;42;82;95;119;150;174;188;198;210;234;240;252;282;332;361;370;394;397;407;423;431;447;467;476;508;536;541,,Metro Transit,POINT (-122.328233 47.463114899999994),0,,
102619.2.50145:1;21;26;34;37;42;82;95;119;150;174;188;198;210;234;240;252;282;332;361;370;394;397;407;423;431;447;467;476;508;536;541,1500319,1000145,-122.322869,47.463145399999995,3,102619,bus_service_node,102619.2,102619.2:1;21;26;34;37;42;82;95;119;150;174;188;198;210;234;240;252;282;332;361;370;394;397;407;423;431;447;467;476;508;536;541,,Metro Transit,POINT (-122.322869 47.463145399999995),0,,
102619.2.52300:1;21;26;34;37;42;82;95;119;150;174;188;198;210;234;240;252;282;332;361;370;394;397;407;423;431;447;467;476;508;536;541,1500320,1000167,-122.339326,47.467028799999994,3,102619,bus_service_node,102619.2,102619.2:1;21;26;34;37;42;82;95;119;150;174;188;198;210;234;240;252;282;332;361;370;394;397;407;423;431;447;467;476;508;536;541,,Metro Transit,POINT (-122.339326 47.467028799999994),0,,
102619.2.52306:1;21;26;34;37;42;82;95;119;150;174;188;198;210;234;240;252;282;332;361;370;394;397;407;423;431;447;467;476;508;536;541,1500321,1000170,-122.337418,47.4693099,3,102619,bus_service_node,102619.2,102619.2:1;21;26;34;37;42;82;95;119;150;174;188;198;210;234;240;252;282;332;361;370;394;397;407;423;431;447;467;476;508;536;541,,Metro Transit,POINT (-122.337418 47.4693099),1,,
102619.2.53975:1;21;26;34;37;42;82;95;119;150;174;188;198;210;234;240;252;282;332;361;370;394;397;407;423;431;447;467;476;508;536;541,1500322,1000176,-122.33941,47.463603199999994,3,102619,bus_service_node,102619.2,102619.2:1;21;26;34;37;42;82;95;119;150;174;188;198;210;234;240;252;282;332;361;370;394;397;407;423;431;447;467;476;508;536;541,,Metro Transit,POINT (-122.33941 47.463603199999994),0,,
102619.2.54201:1;21;26;34;37;42;82;95;119;150;174;188;198;210;234;240;252;282;332;361;370;394;397;407;423;431;447;467;476;508;536;541,1500323,1000177,-122.28193,47.4656326,3,102619,bus_service_node,102619.2,102619.2:1;21;26;34;37;42;82;95;119;150;174;188;198;210;234;240;252;282;332;361;370;394;397;407;423;431;447;467;476;508;536;541,,Metro Transit,POINT (-122.28193 47.4656326),0,,
102619.2.54203:1;21;26;34;37;42;82;95;119;150;174;188;198;210;234;240;252;282;332;361;370;394;397;407;423;431;447;467;476;508;536;541,1500324,1000179,-122.2771,47.46609419999999,3,102619,bus_service_node,102619.2,102619.2:1;21;26;34;37;42;82;95;119;150;174;188;198;210;234;240;252;282;332;361;370;394;397;407;423;431;447;467;476;508;536;541,,Metro Transit,POINT (-122.2771 47.46609419999999),0,,
102619.2.54205:1;21;26;34;37;42;82;95;119;150;174;188;198;210;234;240;252;282;332;361;370;394;397;407;423;431;447;467;476;508;536;541,1500325,1000181,-122.268296,47.4649345,3,102619,bus_service_node,102619.2,102619.2:1;21;26;34;37;42;82;95;119;150;174;188;198;210;234;240;252;282;332;361;370;394;397;407;423;431;447;467;476;508;536;541,,Metro Transit,POINT (-122.268296 47.4649345),0,,
102619.2.55928:1;21;26;34;37;42;82;95;119;150;174;188;198;210;234;240;252;282;332;361;370;394;397;407;423;431;447;467;476;508;536;541,1500326,1000187,-122.223321,47.473147499999996,3,102619,bus_service_node,102619.2,102619.2:1;21;26;34;37;42;82;95;119;150;174;188;198;210;234;240;252;282;332;361;370;394;397;407;423;431;447;467;476;508;536;541,,Metro Transit,POINT (-122.223321 47.473147499999996),0,,
102619.2.55942:1;21;26;34;37;42;82;95;119;150;174;188;198;210;234;240;252;282;332;361;370;394;397;407;423;431;447;467;476;508;536;541,1500327,1000188,-122.22335100000001,47.470206399999995,3,102619,bus_service_node,102619.2,102619.2:1;21;26;34;37;42;82;95;119;150;174;188;198;210;234;240;252;282;332;361;370;394;397;407;423;431;447;467;476;508;536;541,,Metro Transit,POINT (-122.22335100000001 47.470206399999995),0,,
102619.2.58028:1;21;26;34;37;42;82;95;119;150;174;188;198;210;234;240;252;282;332;361;370;394;397;407;423;431;447;467;476;508;536;541,1500328,1000191,-122.244172,47.4580146,3,102619,bus_service_node,102619.2,102619.2:1;21;26;34;37;42;82;95;119;150;174;188;198;210;234;240;252;282;332;361;370;394;397;407;423;431;447;467;476;508;536;541,,Metro Transit,POINT (-122.244172 47.4580146),0,,
102619.2.58102:1;21;26;34;37;42;82;95;119;150;174;188;198;210;234;240;252;282;332;361;370;394;397;407;423;431;447;467;476;508;536;541,1500329,1000192,-122.25721800000001,47.462714299999995,3,102619,bus_service_node,102619.2,102619.2:1;21;26;34;37;42;82;95;119;150;174;188;198;210;234;240;252;282;332;361;370;394;397;407;423;431;447;467;476;508;536;541,,Metro Transit,POINT (-122.25721800000001 47.462714299999995),0,,
102619.2.58104:1;21;26;34;37;42;82;95;119;150;174;188;198;210;234;240;252;282;332;361;370;394;397;407;423;431;447;467;476;508;536;541,1500330,1000193,-122.25206800000001,47.462363399999994,3,102619,bus_service_node,102619.2,102619.2:1;21;26;34;37;42;82;95;119;150;174;188;198;210;234;240;252;282;332;361;370;394;397;407;423;431;447;467;476;508;536;541,,Metro Transit,POINT (-122.25206800000001 47.462363399999994),0,,
102619.2.59310:1;21;26;34;37;42;82;95;119;150;174;188;198;210;234;240;252;282;332;361;370;394;397;407;423;431;447;467;476;508;536;541,1500331,1000199,-122.25457800000001,47.4576522,3,102619,bus_service_node,102619.2,102619.2:1;21;26;34;37;42;82;95;119;150;174;188;198;210;234;240;252;282;332;361;370;394;397;407;423;431;447;467;476;508;536;541,,Metro Transit,POINT (-122.25457800000001 47.4576522),0,,
102619.2.59833:1;21;26;34;37;42;82;95;119;150;174;188;198;210;234;240;252;282;332;361;370;394;397;407;423;431;447;467;476;508;536;541,1500332,1000201,-122.249413,47.455626599999995,3,102619,bus_service_node,102619.2,102619.2:1;21;26;34;37;42;82;95;119;150;174;188;198;210;234;240;252;282;332;361;370;394;397;407;423;431;447;467;476;508;536;541,,Metro Transit,POINT (-122.249413 47.455626599999995),0,,
102619.2.59860:1;21;26;34;37;42;82;95;119;150;174;188;198;210;234;240;252;282;332;361;370;394;397;407;423;431;447;467;476;508;536;541,1500333,1000202,-122.21518,47.474314799999995,3,102619,bus_service_node,102619.2,102619.2:1;21;26;34;37;42;82;95;119;150;174;188;198;210;234;240;252;282;332;361;370;394;397;407;423;431;447;467;476;508;536;541,,Metro Transit,POINT (-122.21518 47.474314799999995),0,,
102619.2.59870:1;21;26;34;37;42;82;95;119;150;174;188;198;210;234;240;252;282;332;361;370;394;397;407;423;431;447;467;476;508;536;541,1500334,1000203,-122.215615,47.4771758,3,102619,bus_service_node,102619.2,102619.2:1;21;26;34;37;42;82;95;119;150;174;188;198;210;234;240;252;282;332;361;370;394;397;407;423;431;447;467;476;508;536;541,,Metro Transit,POINT (-122.215615 47.4771758),0,,
102619.2.59872:1;21;26;34;37;42;82;95;119;150;174;188;198;210;234;240;252;282;332;361;370;394;397;407;423;431;447;467;476;508;536;541,1500335,1000204,-122.232896,47.4620506,3,102619,bus_service_node,102619.2,102619.2:1;21;26;34;37;42;82;95;119;150;174;188;198;210;234;240;252;282;332;361;370;394;397;407;423;431;447;467;476;508;536;541,,Metro Transit,POINT (-122.232896 47.4620506),0,,
102619.2.59876:1;21;26;34;37;42;82;95;119;150;174;188;198;210;234;240;252;282;332;361;370;394;397;407;423;431;447;467;476;508;536;541,1500336,1000206,-122.23700000000001,47.4567443,3,102619,bus_service_node,102619.2,102619.2:1;21;26;34;37;42;82;95;119;150;174;188;198;210;234;240;252;282;332;361;370;394;397;407;423;431;447;467;476;508;536;541,,Metro Transit,POINT (-122.23700000000001 47.4567443),0,,
102619.2.59878:1;21;26;34;37;42;82;95;119;150;174;188;198;210;234;240;252;282;332;361;370;394;397;407;423;431;447;467;476;508;536;541,1500337,1000208,-122.232201,47.465457099999995,3,102619,bus_service_node,102619.2,102619.2:1;21;26;34;37;42;82;95;119;150;174;188;198;210;234;240;252;282;332;361;370;394;397;407;423;431;447;467;476;508;536;541,,Metro Transit,POINT (-122.232201 47.465457099999995),0,,
102619.2.59882:1;21;26;34;37;42;82;95;119;150;174;188;198;210;234;240;252;282;332;361;370;394;397;407;423;431;447;467;476;508;536;541,1500338,1000211,-122.241288,47.4602806,3,102619,bus_service_node,102619.2,102619.2:1;21;26;34;37;42;82;95;119;150;174;188;198;210;234;240;252;282;332;361;370;394;397;407;423;431;447;467;476;508;536;541,,Metro Transit,POINT (-122.241288 47.4602806),0,,
102619.2.60922:1;21;26;34;37;42;82;95;119;150;174;188;198;210;234;240;252;282;332;361;370;394;397;407;423;431;447;467;476;508;536;541,1500339,1000239,-122.288033,47.463927399999996,3,102619,bus_service_node,102619.2,102619.2:1;21;26;34;37;42;82;95;119;150;174;188;198;210;234;240;252;282;332;361;370;394;397;407;423;431;447;467;476;508;536;541,,Metro Transit,POINT (-122.288033 47.463927399999996),0,,
102619.2.79973:1;21;26;34;37;42;82;95;119;150;174;188;198;210;234;240;252;282;332;361;370;394;397;407;423;431;447;467;476;508;536;541,1500340,1000368,-122.29136700000001,47.4650031,3,102619,bus_service_node,102619.2,102619.2:1;21;26;34;37;42;82;95;119;150;174;188;198;210;234;240;252;282;332;361;370;394;397;407;423;431;447;467;476;508;536;541,,Metro Transit,POINT (-122.29136700000001 47.4650031),0,,
102619.2.80151:1;21;26;34;37;42;82;95;119;150;174;188;198;210;234;240;252;282;332;361;370;394;397;407;423;431;447;467;476;508;536;541,1500341,1000370,-122.30282700000001,47.4649497,3,102619,bus_service_node,102619.2,102619.2:1;21;26;34;37;42;82;95;119;150;174;188;198;210;234;240;252;282;332;361;370;394;397;407;423;431;447;467;476;508;536;541,,Metro Transit,POINT (-122.30282700000001 47.4649497),0,,
102736.1.1559:1;27;34;39;45;63;69;97;101;107;112;118;125;132;136;165;170;177;184;189;199;204;208;221;223;394;405;416;421;426;437,1500342,1000037,-122.336785,47.6023971,3,102736,bus_service_node,102736.1,102736.1:1;27;34;39;45;63;69;97;101;107;112;118;125;132;136;165;170;177;184;189;199;204;208;221;223;394;405;416;421;426;437,,Metro Transit,POINT (-122.336785 47.6023971),0,,
102736.1.1561:1;27;34;39;45;63;69;97;101;107;112;118;125;132;136;165;170;177;184;189;199;204;208;221;223;394;405;416;421;426;437,1500343,1000038,-122.335656,47.5996009,3,102736,bus_service_node,102736.1,102736.1:1;27;34;39;45;63;69;97;101;107;112;118;125;132;136;165;170;177;184;189;199;204;208;221;223;394;405;416;421;426;437,,Metro Transit,POINT (-122.335656 47.5996009),0,,
102736.1.21450:1;27;34;39;45;63;69;97;101;107;112;118;125;132;136;165;170;177;184;189;199;204;208;221;223;394;405;416;421;426;437,1500344,1000066,-122.36092500000001,47.5391494,3,102736,bus_service_node,102736.1,102736.1:1;27;34;39;45;63;69;97;101;107;112;118;125;132;136;165;170;177;184;189;199;204;208;221;223;394;405;416;421;426;437,,Metro Transit,POINT (-122.36092500000001 47.5391494),0,,
102736.1.21480:1;27;34;39;45;63;69;97;101;107;112;118;125;132;136;165;170;177;184;189;199;204;208;221;223;394;405;416;421;426;437,1500345,1000067,-122.361215,47.543150999999995,3,102736,bus_service_node,102736.1,102736.1:1;27;34;39;45;63;69;97;101;107;112;118;125;132;136;165;170;177;184;189;199;204;208;221;223;394;405;416;421;426;437,,Metro Transit,POINT (-122.361215 47.543150999999995),0,,
102736.1.21500:1;27;34;39;45;63;69;97;101;107;112;118;125;132;136;165;170;177;184;189;199;204;208;221;223;394;405;416;421;426;437,1500346,1000068,-122.362931,47.546687299999995,3,102736,bus_service_node,102736.1,102736.1:1;27;34;39;45;63;69;97;101;107;112;118;125;132;136;165;170;177;184;189;199;204;208;221;223;394;405;416;421;426;437,,Metro Transit,POINT (-122.362931 47.546687299999995),0,,
102736.1.21560:1;27;34;39;45;63;69;97;101;107;112;118;125;132;136;165;170;177;184;189;199;204;208;221;223;394;405;416;421;426;437,1500347,1000069,-122.362916,47.557311199999994,3,102736,bus_service_node,102736.1,102736.1:1;27;34;39;45;63;69;97;101;107;112;118;125;132;136;165;170;177;184;189;199;204;208;221;223;394;405;416;421;426;437,,Metro Transit,POINT (-122.362916 47.557311199999994),0,,
102736.1.21600:1;27;34;39;45;63;69;97;101;107;112;118;125;132;136;165;170;177;184;189;199;204;208;221;223;394;405;416;421;426;437,1500348,1000070,-122.363313,47.5649063,3,102736,bus_service_node,102736.1,102736.1:1;27;34;39;45;63;69;97;101;107;112;118;125;132;136;165;170;177;184;189;199;204;208;221;223;394;405;416;421;426;437,,Metro Transit,POINT (-122.363313 47.5649063),0,,
102736.1.21620:1;27;34;39;45;63;69;97;101;107;112;118;125;132;136;165;170;177;184;189;199;204;208;221;223;394;405;416;421;426;437,1500349,1000071,-122.36329,47.567839799999994,3,102736,bus_service_node,102736.1,102736.1:1;27;34;39;45;63;69;97;101;107;112;118;125;132;136;165;170;177;184;189;199;204;208;221;223;394;405;416;421;426;437,,Metro Transit,POINT (-122.36329 47.567839799999994),0,,
102736.1.22074:1;27;34;39;45;63;69;97;101;107;112;118;125;132;136;165;170;177;184;189;199;204;208;221;223;394;405;416;421;426;437,1500350,1000076,-122.36298500000001,47.5520736,3,102736,bus_service_node,102736.1,102736.1:1;27;34;39;45;63;69;97;101;107;112;118;125;132;136;165;170;177;184;189;199;204;208;221;223;394;405;416;421;426;437,,Metro Transit,POINT (-122.36298500000001 47.5520736),0,,
102736.1.22184:1;27;34;39;45;63;69;97;101;107;112;118;125;132;136;165;170;177;184;189;199;204;208;221;223;394;405;416;421;426;437,1500351,1000084,-122.360352,47.523150599999994,3,102736,bus_service_node,102736.1,102736.1:1;27;34;39;45;63;69;97;101;107;112;118;125;132;136;165;170;177;184;189;199;204;208;221;223;394;405;416;421;426;437,,Metro Transit,POINT (-122.360352 47.523150599999994),0,,
102736.1.22196:1;27;34;39;45;63;69;97;101;107;112;118;125;132;136;165;170;177;184;189;199;204;208;221;223;394;405;416;421;426;437,1500352,1000085,-122.360459,47.52741159999999,3,102736,bus_service_node,102736.1,102736.1:1;27;34;39;45;63;69;97;101;107;112;118;125;132;136;165;170;177;184;189;199;204;208;221;223;394;405;416;421;426;437,,Metro Transit,POINT (-122.360459 47.52741159999999),0,,
102736.1.22256:1;27;34;39;45;63;69;97;101;107;112;118;125;132;136;165;170;177;184;189;199;204;208;221;223;394;405;416;421;426;437,1500353,1000087,-122.359643,47.517329399999994,3,102736,bus_service_node,102736.1,102736.1:1;27;34;39;45;63;69;97;101;107;112;118;125;132;136;165;170;177;184;189;199;204;208;221;223;394;405;416;421;426;437,,Metro Transit,POINT (-122.359643 47.517329399999994),0,,
102736.1.22259:1;27;34;39;45;63;69;97;101;107;112;118;125;132;136;165;170;177;184;189;199;204;208;221;223;394;405;416;421;426;437,1500354,1000088,-122.36564700000001,47.517329399999994,3,102736,bus_service_node,102736.1,102736.1:1;27;34;39;45;63;69;97;101;107;112;118;125;132;136;165;170;177;184;189;199;204;208;221;223;394;405;416;421;426;437,,Metro Transit,POINT (-122.36564700000001 47.517329399999994),0,,
102736.1.31731:1;27;34;39;45;63;69;97;101;107;112;118;125;132;136;165;170;177;184;189;199;204;208;221;223;394;405;416;421;426;437,1500355,1000106,-122.365868,47.520838899999994,3,102736,bus_service_node,102736.1,102736.1:1;27;34;39;45;63;69;97;101;107;112;118;125;132;136;165;170;177;184;189;199;204;208;221;223;394;405;416;421;426;437,,Metro Transit,POINT (-122.365868 47.520838899999994),0,,
102736.1.36300:1;27;34;39;45;63;69;97;101;107;112;118;125;132;136;165;170;177;184;189;199;204;208;221;223;394;405;416;421;426;437,1500356,1000112,-122.360749,47.5345222,3,102736,bus_service_node,102736.1,102736.1:1;27;34;39;45;63;69;97;101;107;112;118;125;132;136;165;170;177;184;189;199;204;208;221;223;394;405;416;421;426;437,,Metro Transit,POINT (-122.360749 47.5345222),0,,
102736.1.39431:1;27;34;39;45;63;69;97;101;107;112;118;125;132;136;165;170;177;184;189;199;204;208;221;223;394;405;416;421;426;437,1500357,1000113,-122.354028,47.5167991,3,102736,bus_service_node,102736.1,102736.1:1;27;34;39;45;63;69;97;101;107;112;118;125;132;136;165;170;177;184;189;199;204;208;221;223;394;405;416;421;426;437,,Metro Transit,POINT (-122.354028 47.5167991),0,,
102736.1.47719:1;27;34;39;45;63;69;97;101;107;112;118;125;132;136;165;170;177;184;189;199;204;208;221;223;394;405;416;421;426;437,1500358,1000137,-122.341485,47.468592799999996,3,102736,bus_service_node,102736.1,102736.1:1;27;34;39;45;63;69;97;101;107;112;118;125;132;136;165;170;177;184;189;199;204;208;221;223;394;405;416;421;426;437,,Metro Transit,POINT (-122.341485 47.468592799999996),0,,
102736.1.51403:1;27;34;39;45;63;69;97;101;107;112;118;125;132;136;165;170;177;184;189;199;204;208;221;223;394;405;416;421;426;437,1500359,1000148,-122.347016,47.470751899999996,3,102736,bus_service_node,102736.1,102736.1:1;27;34;39;45;63;69;97;101;107;112;118;125;132;136;165;170;177;184;189;199;204;208;221;223;394;405;416;421;426;437,,Metro Transit,POINT (-122.347016 47.470751899999996),0,,
102736.1.51459:1;27;34;39;45;63;69;97;101;107;112;118;125;132;136;165;170;177;184;189;199;204;208;221;223;394;405;416;421;426;437,1500360,1000149,-122.347657,47.47602,3,102736,bus_service_node,102736.1,102736.1:1;27;34;39;45;63;69;97;101;107;112;118;125;132;136;165;170;177;184;189;199;204;208;221;223;394;405;416;421;426;437,,Metro Transit,POINT (-122.347657 47.47602),0,,
102736.1.51471:1;27;34;39;45;63;69;97;101;107;112;118;125;132;136;165;170;177;184;189;199;204;208;221;223;394;405;416;421;426;437,1500361,1000150,-122.348245,47.4808685,3,102736,bus_service_node,102736.1,102736.1:1;27;34;39;45;63;69;97;101;107;112;118;125;132;136;165;170;177;184;189;199;204;208;221;223;394;405;416;421;426;437,,Metro Transit,POINT (-122.348245 47.4808685),0,,
102736.1.51520:1;27;34;39;45;63;69;97;101;107;112;118;125;132;136;165;170;177;184;189;199;204;208;221;223;394;405;416;421;426;437,1500362,1000151,-122.349984,47.488845,3,102736,bus_service_node,102736.1,102736.1:1;27;34;39;45;63;69;97;101;107;112;118;125;132;136;165;170;177;184;189;199;204;208;221;223;394;405;416;421;426;437,,Metro Transit,POINT (-122.349984 47.488845),0,,
102736.1.51552:1;27;34;39;45;63;69;97;101;107;112;118;125;132;136;165;170;177;184;189;199;204;208;221;223;394;405;416;421;426;437,1500363,1000153,-122.349954,47.4935981,3,102736,bus_service_node,102736.1,102736.1:1;27;34;39;45;63;69;97;101;107;112;118;125;132;136;165;170;177;184;189;199;204;208;221;223;394;405;416;421;426;437,,Metro Transit,POINT (-122.349954 47.4935981),0,,
102736.1.51581:1;27;34;39;45;63;69;97;101;107;112;118;125;132;136;165;170;177;184;189;199;204;208;221;223;394;405;416;421;426;437,1500364,1000154,-122.355203,47.499480399999996,3,102736,bus_service_node,102736.1,102736.1:1;27;34;39;45;63;69;97;101;107;112;118;125;132;136;165;170;177;184;189;199;204;208;221;223;394;405;416;421;426;437,,Metro Transit,POINT (-122.355203 47.499480399999996),0,,
102736.1.51600:1;27;34;39;45;63;69;97;101;107;112;118;125;132;136;165;170;177;184;189;199;204;208;221;223;394;405;416;421;426;437,1500365,1000155,-122.355149,47.503111999999994,3,102736,bus_service_node,102736.1,102736.1:1;27;34;39;45;63;69;97;101;107;112;118;125;132;136;165;170;177;184;189;199;204;208;221;223;394;405;416;421;426;437,,Metro Transit,POINT (-122.355149 47.503111999999994),0,,
102736.1.51615:1;27;34;39;45;63;69;97;101;107;112;118;125;132;136;165;170;177;184;189;199;204;208;221;223;394;405;416;421;426;437,1500366,1000156,-122.353768,47.5076858,3,102736,bus_service_node,102736.1,102736.1:1;27;34;39;45;63;69;97;101;107;112;118;125;132;136;165;170;177;184;189;199;204;208;221;223;394;405;416;421;426;437,,Metro Transit,POINT (-122.353768 47.5076858),0,,
102736.1.51651:1;27;34;39;45;63;69;97;101;107;112;118;125;132;136;165;170;177;184;189;199;204;208;221;223;394;405;416;421;426;437,1500367,1000157,-122.353875,47.511611099999996,3,102736,bus_service_node,102736.1,102736.1:1;27;34;39;45;63;69;97;101;107;112;118;125;132;136;165;170;177;184;189;199;204;208;221;223;394;405;416;421;426;437,,Metro Transit,POINT (-122.353875 47.511611099999996),0,,
102736.1.52303:1;27;34;39;45;63;69;97;101;107;112;118;125;132;136;165;170;177;184;189;199;204;208;221;223;394;405;416;421;426;437,1500368,1000168,-122.33716700000001,47.4700042,3,102736,bus_service_node,102736.1,102736.1:1;27;34;39;45;63;69;97;101;107;112;118;125;132;136;165;170;177;184;189;199;204;208;221;223;394;405;416;421;426;437,,Metro Transit,POINT (-122.33716700000001 47.4700042),1,,
102736.1.548:1;27;34;39;45;63;69;97;101;107;112;118;125;132;136;165;170;177;184;189;199;204;208;221;223;394;405;416;421;426;437,1500369,1000183,-122.333932,47.605441199999994,3,102736,bus_service_node,102736.1,102736.1:1;27;34;39;45;63;69;97;101;107;112;118;125;132;136;165;170;177;184;189;199;204;208;221;223;394;405;416;421;426;437,,Metro Transit,POINT (-122.333932 47.605441199999994),0,,
102736.1.570:1;27;34;39;45;63;69;97;101;107;112;118;125;132;136;165;170;177;184;189;199;204;208;221;223;394;405;416;421;426;437,1500370,1000189,-122.3368,47.608588399999995,3,102736,bus_service_node,102736.1,102736.1:1;27;34;39;45;63;69;97;101;107;112;118;125;132;136;165;170;177;184;189;199;204;208;221;223;394;405;416;421;426;437,,Metro Transit,POINT (-122.3368 47.608588399999995),0,,
102736.1.590:1;27;34;39;45;63;69;97;101;107;112;118;125;132;136;165;170;177;184;189;199;204;208;221;223;394;405;416;421;426;437,1500371,1000198,-122.339051,47.611037399999994,3,102736,bus_service_node,102736.1,102736.1:1;27;34;39;45;63;69;97;101;107;112;118;125;132;136;165;170;177;184;189;199;204;208;221;223;394;405;416;421;426;437,,Metro Transit,POINT (-122.339051 47.611037399999994),0,,
102736.1.600:1;27;34;39;45;63;69;97;101;107;112;118;125;132;136;165;170;177;184;189;199;204;208;221;223;394;405;416;421;426;437,1500372,1000213,-122.341843,47.612895099999996,3,102736,bus_service_node,102736.1,102736.1:1;27;34;39;45;63;69;97;101;107;112;118;125;132;136;165;170;177;184;189;199;204;208;221;223;394;405;416;421;426;437,,Metro Transit,POINT (-122.341843 47.612895099999996),1,,
102736.2.1558:1;15;19;23;32;52;185;189;199;205;209;219;225;234;238;243;267;273;281;287;292;299;305;309;336;343;360;366;371;378;391,1500373,1000036,-122.336884,47.602515399999994,3,102736,bus_service_node,102736.2,102736.2:1;15;19;23;32;52;185;189;199;205;209;219;225;234;238;243;267;273;281;287;292;299;305;309;336;343;360;366;371;378;391,,Metro Transit,POINT (-122.336884 47.602515399999994),0,,
102736.2.1562:1;15;19;23;32;52;185;189;199;205;209;219;225;234;238;243;267;273;281;287;292;299;305;309;336;343;360;366;371;378;391,1500374,1000039,-122.33606,47.598616699999994,3,102736,bus_service_node,102736.2,102736.2:1;15;19;23;32;52;185;189;199;205;209;219;225;234;238;243;267;273;281;287;292;299;305;309;336;343;360;366;371;378;391,,Metro Transit,POINT (-122.33606 47.598616699999994),0,,
102736.2.21250:1;15;19;23;32;52;185;189;199;205;209;219;225;234;238;243;267;273;281;287;292;299;305;309;336;343;360;366;371;378;391,1500375,1000064,-122.36545600000001,47.517195799999996,3,102736,bus_service_node,102736.2,102736.2:1;15;19;23;32;52;185;189;199;205;209;219;225;234;238;243;267;273;281;287;292;299;305;309;336;343;360;366;371;378;391,,Metro Transit,POINT (-122.36545600000001 47.517195799999996),0,,
102736.2.21280:1;15;19;23;32;52;185;189;199;205;209;219;225;234;238;243;267;273;281;287;292;299;305;309;336;343;360;366;371;378;391,1500376,1000065,-122.358918,47.517195799999996,3,102736,bus_service_node,102736.2,102736.2:1;15;19;23;32;52;185;189;199;205;209;219;225;234;238;243;267;273;281;287;292;299;305;309;336;343;360;366;371;378;391,,Metro Transit,POINT (-122.358918 47.517195799999996),0,,
102736.2.21990:1;15;19;23;32;52;185;189;199;205;209;219;225;234;238;243;267;273;281;287;292;299;305;309;336;343;360;366;371;378;391,1500377,1000072,-122.363496,47.5674697,3,102736,bus_service_node,102736.2,102736.2:1;15;19;23;32;52;185;189;199;205;209;219;225;234;238;243;267;273;281;287;292;299;305;309;336;343;360;366;371;378;391,,Metro Transit,POINT (-122.363496 47.5674697),0,,
102736.2.22010:1;15;19;23;32;52;185;189;199;205;209;219;225;234;238;243;267;273;281;287;292;299;305;309;336;343;360;366;371;378;391,1500378,1000074,-122.363519,47.5643836,3,102736,bus_service_node,102736.2,102736.2:1;15;19;23;32;52;185;189;199;205;209;219;225;234;238;243;267;273;281;287;292;299;305;309;336;343;360;366;371;378;391,,Metro Transit,POINT (-122.363519 47.5643836),0,,
102736.2.22050:1;15;19;23;32;52;185;189;199;205;209;219;225;234;238;243;267;273;281;287;292;299;305;309;336;343;360;366;371;378;391,1500379,1000075,-122.363122,47.5574562,3,102736,bus_service_node,102736.2,102736.2:1;15;19;23;32;52;185;189;199;205;209;219;225;234;238;243;267;273;281;287;292;299;305;309;336;343;360;366;371;378;391,,Metro Transit,POINT (-122.363122 47.5574562),0,,
102736.2.22075:1;15;19;23;32;52;185;189;199;205;209;219;225;234;238;243;267;273;281;287;292;299;305;309;336;343;360;366;371;378;391,1500380,1000077,-122.363191,47.551547199999995,3,102736,bus_service_node,102736.2,102736.2:1;15;19;23;32;52;185;189;199;205;209;219;225;234;238;243;267;273;281;287;292;299;305;309;336;343;360;366;371;378;391,,Metro Transit,POINT (-122.363191 47.551547199999995),0,,
102736.2.22099:1;15;19;23;32;52;185;189;199;205;209;219;225;234;238;243;267;273;281;287;292;299;305;309;336;343;360;366;371;378;391,1500381,1000078,-122.36313700000001,47.5466834,3,102736,bus_service_node,102736.2,102736.2:1;15;19;23;32;52;185;189;199;205;209;219;225;234;238;243;267;273;281;287;292;299;305;309;336;343;360;366;371;378;391,,Metro Transit,POINT (-122.36313700000001 47.5466834),0,,
102736.2.22120:1;15;19;23;32;52;185;189;199;205;209;219;225;234;238;243;267;273;281;287;292;299;305;309;336;343;360;366;371;378;391,1500382,1000079,-122.361413,47.5428955,3,102736,bus_service_node,102736.2,102736.2:1;15;19;23;32;52;185;189;199;205;209;219;225;234;238;243;267;273;281;287;292;299;305;309;336;343;360;366;371;378;391,,Metro Transit,POINT (-122.361413 47.5428955),0,,
102736.2.22152:1;15;19;23;32;52;185;189;199;205;209;219;225;234;238;243;267;273;281;287;292;299;305;309;336;343;360;366;371;378;391,1500383,1000080,-122.361215,47.5385047,3,102736,bus_service_node,102736.2,102736.2:1;15;19;23;32;52;185;189;199;205;209;219;225;234;238;243;267;273;281;287;292;299;305;309;336;343;360;366;371;378;391,,Metro Transit,POINT (-122.361215 47.5385047),0,,
102736.2.22158:1;15;19;23;32;52;185;189;199;205;209;219;225;234;238;243;267;273;281;287;292;299;305;309;336;343;360;366;371;378;391,1500384,1000081,-122.360635,47.5332824,3,102736,bus_service_node,102736.2,102736.2:1;15;19;23;32;52;185;189;199;205;209;219;225;234;238;243;267;273;281;287;292;299;305;309;336;343;360;366;371;378;391,,Metro Transit,POINT (-122.360635 47.5332824),0,,
102736.2.22165:1;15;19;23;32;52;185;189;199;205;209;219;225;234;238;243;267;273;281;287;292;299;305;309;336;343;360;366;371;378;391,1500385,1000082,-122.360665,47.5279495,3,102736,bus_service_node,102736.2,102736.2:1;15;19;23;32;52;185;189;199;205;209;219;225;234;238;243;267;273;281;287;292;299;305;309;336;343;360;366;371;378;391,,Metro Transit,POINT (-122.360665 47.5279495),0,,
102736.2.22174:1;15;19;23;32;52;185;189;199;205;209;219;225;234;238;243;267;273;281;287;292;299;305;309;336;343;360;366;371;378;391,1500386,1000083,-122.360696,47.522860699999995,3,102736,bus_service_node,102736.2,102736.2:1;15;19;23;32;52;185;189;199;205;209;219;225;234;238;243;267;273;281;287;292;299;305;309;336;343;360;366;371;378;391,,Metro Transit,POINT (-122.360696 47.522860699999995),0,,
102736.2.39983:1;15;19;23;32;52;185;189;199;205;209;219;225;234;238;243;267;273;281;287;292;299;305;309;336;343;360;366;371;378;391,1500387,1000114,-122.36500600000001,47.520991499999994,3,102736,bus_service_node,102736.2,102736.2:1;15;19;23;32;52;185;189;199;205;209;219;225;234;238;243;267;273;281;287;292;299;305;309;336;343;360;366;371;378;391,,Metro Transit,POINT (-122.36500600000001 47.520991499999994),0,,
102736.2.420:1;15;19;23;32;52;185;189;199;205;209;219;225;234;238;243;267;273;281;287;292;299;305;309;336;343;360;366;371;378;391,1500388,1000118,-122.34121,47.612338199999996,3,102736,bus_service_node,102736.2,102736.2:1;15;19;23;32;52;185;189;199;205;209;219;225;234;238;243;267;273;281;287;292;299;305;309;336;343;360;366;371;378;391,,Metro Transit,POINT (-122.34121 47.612338199999996),1,,
102736.2.433:1;15;19;23;32;52;185;189;199;205;209;219;225;234;238;243;267;273;281;287;292;299;305;309;336;343;360;366;371;378;391,1500389,1000120,-122.337388,47.6089698,3,102736,bus_service_node,102736.2,102736.2:1;15;19;23;32;52;185;189;199;205;209;219;225;234;238;243;267;273;281;287;292;299;305;309;336;343;360;366;371;378;391,,Metro Transit,POINT (-122.337388 47.6089698),0,,
102736.2.468:1;15;19;23;32;52;185;189;199;205;209;219;225;234;238;243;267;273;281;287;292;299;305;309;336;343;360;366;371;378;391,1500390,1000134,-122.33500000000001,47.6063415,3,102736,bus_service_node,102736.2,102736.2:1;15;19;23;32;52;185;189;199;205;209;219;225;234;238;243;267;273;281;287;292;299;305;309;336;343;360;366;371;378;391,,Metro Transit,POINT (-122.33500000000001 47.6063415),0,,
102736.2.47660:1;15;19;23;32;52;185;189;199;205;209;219;225;234;238;243;267;273;281;287;292;299;305;309;336;343;360;366;371;378;391,1500391,1000136,-122.341454,47.4684555,3,102736,bus_service_node,102736.2,102736.2:1;15;19;23;32;52;185;189;199;205;209;219;225;234;238;243;267;273;281;287;292;299;305;309;336;343;360;366;371;378;391,,Metro Transit,POINT (-122.341454 47.4684555),0,,
102736.2.481:1;15;19;23;32;52;185;189;199;205;209;219;225;234;238;243;267;273;281;287;292;299;305;309;336;343;360;366;371;378;391,1500392,1000138,-122.33300100000001,47.604163299999996,3,102736,bus_service_node,102736.2,102736.2:1;15;19;23;32;52;185;189;199;205;209;219;225;234;238;243;267;273;281;287;292;299;305;309;336;343;360;366;371;378;391,,Metro Transit,POINT (-122.33300100000001 47.604163299999996),0,,
102736.2.51551:1;15;19;23;32;52;185;189;199;205;209;219;225;234;238;243;267;273;281;287;292;299;305;309;336;343;360;366;371;378;391,1500393,1000152,-122.35016,47.4933464,3,102736,bus_service_node,102736.2,102736.2:1;15;19;23;32;52;185;189;199;205;209;219;225;234;238;243;267;273;281;287;292;299;305;309;336;343;360;366;371;378;391,,Metro Transit,POINT (-122.35016 47.4933464),0,,
102736.2.52030:1;15;19;23;32;52;185;189;199;205;209;219;225;234;238;243;267;273;281;287;292;299;305;309;336;343;360;366;371;378;391,1500394,1000158,-122.354234,47.516688499999994,3,102736,bus_service_node,102736.2,102736.2:1;15;19;23;32;52;185;189;199;205;209;219;225;234;238;243;267;273;281;287;292;299;305;309;336;343;360;366;371;378;391,,Metro Transit,POINT (-122.354234 47.516688499999994),0,,
102736.2.52051:1;15;19;23;32;52;185;189;199;205;209;219;225;234;238;243;267;273;281;287;292;299;305;309;336;343;360;366;371;378;391,1500395,1000159,-122.35408100000001,47.5119201,3,102736,bus_service_node,102736.2,102736.2:1;15;19;23;32;52;185;189;199;205;209;219;225;234;238;243;267;273;281;287;292;299;305;309;336;343;360;366;371;378;391,,Metro Transit,POINT (-122.35408100000001 47.5119201),0,,
102736.2.52081:1;15;19;23;32;52;185;189;199;205;209;219;225;234;238;243;267;273;281;287;292;299;305;309;336;343;360;366;371;378;391,1500396,1000160,-122.353959,47.5076286,3,102736,bus_service_node,102736.2,102736.2:1;15;19;23;32;52;185;189;199;205;209;219;225;234;238;243;267;273;281;287;292;299;305;309;336;343;360;366;371;378;391,,Metro Transit,POINT (-122.353959 47.5076286),0,,
102736.2.52120:1;15;19;23;32;52;185;189;199;205;209;219;225;234;238;243;267;273;281;287;292;299;305;309;336;343;360;366;371;378;391,1500397,1000161,-122.35534700000001,47.502150699999994,3,102736,bus_service_node,102736.2,102736.2:1;15;19;23;32;52;185;189;199;205;209;219;225;234;238;243;267;273;281;287;292;299;305;309;336;343;360;366;371;378;391,,Metro Transit,POINT (-122.35534700000001 47.502150699999994),0,,
102736.2.52140:1;15;19;23;32;52;185;189;199;205;209;219;225;234;238;243;267;273;281;287;292;299;305;309;336;343;360;366;371;378;391,1500398,1000162,-122.35532500000001,47.4991828,3,102736,bus_service_node,102736.2,102736.2:1;15;19;23;32;52;185;189;199;205;209;219;225;234;238;243;267;273;281;287;292;299;305;309;336;343;360;366;371;378;391,,Metro Transit,POINT (-122.35532500000001 47.4991828),0,,
102736.2.52200:1;15;19;23;32;52;185;189;199;205;209;219;225;234;238;243;267;273;281;287;292;299;305;309;336;343;360;366;371;378;391,1500399,1000163,-122.35019,47.488032499999996,3,102736,bus_service_node,102736.2,102736.2:1;15;19;23;32;52;185;189;199;205;209;219;225;234;238;243;267;273;281;287;292;299;305;309;336;343;360;366;371;378;391,,Metro Transit,POINT (-122.35019 47.488032499999996),0,,
102736.2.52240:1;15;19;23;32;52;185;189;199;205;209;219;225;234;238;243;267;273;281;287;292;299;305;309;336;343;360;366;371;378;391,1500400,1000164,-122.348428,47.4805557,3,102736,bus_service_node,102736.2,102736.2:1;15;19;23;32;52;185;189;199;205;209;219;225;234;238;243;267;273;281;287;292;299;305;309;336;343;360;366;371;378;391,,Metro Transit,POINT (-122.348428 47.4805557),0,,
102736.2.52261:1;15;19;23;32;52;185;189;199;205;209;219;225;234;238;243;267;273;281;287;292;299;305;309;336;343;360;366;371;378;391,1500401,1000165,-122.347779,47.4754363,3,102736,bus_service_node,102736.2,102736.2:1;15;19;23;32;52;185;189;199;205;209;219;225;234;238;243;267;273;281;287;292;299;305;309;336;343;360;366;371;378;391,,Metro Transit,POINT (-122.347779 47.4754363),0,,
102736.2.52281:1;15;19;23;32;52;185;189;199;205;209;219;225;234;238;243;267;273;281;287;292;299;305;309;336;343;360;366;371;378;391,1500402,1000166,-122.347184,47.470412399999994,3,102736,bus_service_node,102736.2,102736.2:1;15;19;23;32;52;185;189;199;205;209;219;225;234;238;243;267;273;281;287;292;299;305;309;336;343;360;366;371;378;391,,Metro Transit,POINT (-122.347184 47.470412399999994),0,,
102736.2.52304:1;15;19;23;32;52;185;189;199;205;209;219;225;234;238;243;267;273;281;287;292;299;305;309;336;343;360;366;371;378;391,1500403,1000169,-122.337388,47.469592199999994,3,102736,bus_service_node,102736.2,102736.2:1;15;19;23;32;52;185;189;199;205;209;219;225;234;238;243;267;273;281;287;292;299;305;309;336;343;360;366;371;378;391,,Metro Transit,POINT (-122.337388 47.469592199999994),1,,
