route_key,mode,o_zone_id,d_zone_id,volume,total_distance_mile,total_distance_km,straight_line_distance_mile,straight_line_distance_km,distance_ratio,total_free_flow_travel_time,total_congestion_travel_time,google_maps_http_link,WKT_geometry
1_4_transit,transit,1,4,12,10.1589,16.3457,8.76501,14.1029,1.15903,21.8574,23.6649,"https://www.google.com/maps/dir/37.803471,-122.271589/37.752422,-122.418518/","LINESTRING(-122.271589 37.803471,-122.271689 37.803371,-122.295244 37.804823,-122.397180 37.792689,-122.401742 37.789113,-122.407487 37.784545,-122.413979 37.779350,-122.419855 37.765076,-122.418618 37.752322,-122.418518 37.752422)"
1_11_transit,transit,1,11,44,8.23755,13.2542,7.94453,12.7827,1.03688,17.8553,19.6607,"https://www.google.com/maps/dir/37.803471,-122.271589/37.779450,-122.413879/","LINESTRING(-122.271589 37.803471,-122.271689 37.803371,-122.295244 37.804823,-122.397180 37.792689,-122.401742 37.789113,-122.407487 37.784545,-122.413979 37.779350,-122.413879 37.779450)"
1_16_transit,transit,1,16,17,4.67191,7.5171,4.60883,7.41561,1.01369,11.8541,11.8545,"https://www.google.com/maps/dir/37.803471,-122.271589/37.870117,-122.268078/","LINESTRING(-122.271589 37.803471,-122.271689 37.803371,-122.268822 37.807960,-122.267263 37.828714,-122.269850 37.852969,-122.268178 37.870017,-122.268078 37.870117)"
1_19_transit,transit,1,19,79,6.93693,11.1615,6.891,11.0876,1.00667,12.8523,14.5776,"https://www.google.com/maps/dir/37.803471,-122.271589/37.792789,-122.397080/","LINESTRING(-122.271589 37.803471,-122.271689 37.803371,-122.295244 37.804823,-122.397180 37.792689,-122.397080 37.792789)"
1_29_transit,transit,1,29,58,7.28785,11.7262,7.16861,11.5343,1.01663,13.8533,15.6276,"https://www.google.com/maps/dir/37.803471,-122.271589/37.789213,-122.401642/","LINESTRING(-122.271589 37.803471,-122.271689 37.803371,-122.295244 37.804823,-122.397180 37.792689,-122.401742 37.789113,-122.401642 37.789213)"
1_38_transit,transit,1,38,46,7.73295,12.4423,7.52773,12.1121,1.02726,15.8543,17.6513,"https://www.google.com/maps/dir/37.803471,-122.271589/37.784645,-122.407387/","LINESTRING(-122.271589 37.803471,-122.271689 37.803371,-122.295244 37.804823,-122.397180 37.792689,-122.401742 37.789113,-122.407487 37.784545,-122.407387 37.784645)"
1_43_transit,transit,1,43,11,22.1575,35.6515,14.5254,23.3714,1.52543,46.8647,48.6732,"https://www.google.com/maps/dir/37.803471,-122.271589/37.616023,-122.391895/","LINESTRING(-122.271589 37.803471,-122.271689 37.803371,-122.295244 37.804823,-122.397180 37.792689,-122.401742 37.789113,-122.407487 37.784545,-122.413979 37.779350,-122.419855 37.765076,-122.418618 37.752322,-122.433657 37.733169,-122.447610 37.721658,-122.469094 37.706204,-122.466267 37.684542,-122.444354 37.664337,-122.416484 37.637620,-122.391995 37.615923,-122.391895 37.616023)"
2_7_transit,transit,2,7,14,3.56167,5.73073,3.36142,5.40853,1.05957,7.85356,7.85501,"https://www.google.com/maps/dir/37.765176,-122.419755/37.721758,-122.447510/","LINESTRING(-122.419755 37.765176,-122.419855 37.765076,-122.418618 37.752322,-122.433657 37.733169,-122.447610 37.721658,-122.447510 37.721758)"
2_15_transit,transit,2,15,11,5.14916,8.28501,4.87701,7.84711,1.0558,11.8546,11.8562,"https://www.google.com/maps/dir/37.765176,-122.419755/37.706304,-122.468994/","LINESTRING(-122.419755 37.765176,-122.419855 37.765076,-122.418618 37.752322,-122.433657 37.733169,-122.447610 37.721658,-122.469094 37.706204,-122.468994 37.706304)"
2_19_transit,transit,2,19,51,2.3556,3.79016,2.27452,3.6597,1.03565,7.8544,8.12398,"https://www.google.com/maps/dir/37.765176,-122.419755/37.792789,-122.397080/","LINESTRING(-122.419755 37.765176,-122.419855 37.765076,-122.413979 37.779350,-122.407487 37.784545,-122.401742 37.789113,-122.397180 37.792689,-122.397080 37.792789)"
2_29_transit,transit,2,29,53,2.00468,3.22552,1.93308,3.11032,1.03704,5.85341,6.10736,"https://www.google.com/maps/dir/37.765176,-122.419755/37.789213,-122.401642/","LINESTRING(-122.419755 37.765176,-122.419855 37.765076,-122.413979 37.779350,-122.407487 37.784545,-122.401742 37.789113,-122.401642 37.789213)"
2_38_transit,transit,2,38,18,1.55958,2.50937,1.50525,2.42195,1.03609,4.85242,4.91043,"https://www.google.com/maps/dir/37.765176,-122.419755/37.784645,-122.407387/","LINESTRING(-122.419755 37.765176,-122.419855 37.765076,-122.413979 37.779350,-122.407487 37.784545,-122.407387 37.784645)"
3_2_transit,transit,3,2,19,9.62858,15.4924,8.76327,14.1001,1.09874,20.8574,22.7499,"https://www.google.com/maps/dir/37.808060,-122.268722/37.765176,-122.419755/","LINESTRING(-122.268722 37.808060,-122.268822 37.807960,-122.271689 37.803371,-122.295244 37.804823,-122.397180 37.792689,-122.401742 37.789113,-122.407487 37.784545,-122.413979 37.779350,-122.419855 37.765076,-122.419755 37.765176)"
3_11_transit,transit,3,11,53,8.59122,13.8233,8.16833,13.1428,1.05177,18.8563,20.7475,"https://www.google.com/maps/dir/37.808060,-122.268722/37.779450,-122.413879/","LINESTRING(-122.268722 37.808060,-122.268822 37.807960,-122.271689 37.803371,-122.295244 37.804823,-122.397180 37.792689,-122.401742 37.789113,-122.407487 37.784545,-122.413979 37.779350,-122.413879 37.779450)"
3_13_transit,transit,3,13,12,5.74782,9.24824,5.44306,8.75789,1.05599,12.8544,12.8719,"https://www.google.com/maps/dir/37.808060,-122.268722/37.753604,-122.196698/","LINESTRING(-122.268722 37.808060,-122.268822 37.807960,-122.271689 37.803371,-122.265332 37.797257,-122.224167 37.774773,-122.196798 37.753504,-122.196698 37.753604)"
3_19_transit,transit,3,19,87,7.2906,11.7306,7.08666,11.4024,1.02878,13.8533,15.6643,"https://www.google.com/maps/dir/37.808060,-122.268722/37.792789,-122.397080/","LINESTRING(-122.268722 37.808060,-122.268822 37.807960,-122.271689 37.803371,-122.295244 37.804823,-122.397180 37.792689,-122.397080 37.792789)"
3_29_transit,transit,3,29,68,7.64152,12.2952,7.37282,11.8629,1.03644,14.8543,16.7143,"https://www.google.com/maps/dir/37.808060,-122.268722/37.789213,-122.401642/","LINESTRING(-122.268722 37.808060,-122.268822 37.807960,-122.271689 37.803371,-122.295244 37.804823,-122.397180 37.792689,-122.401742 37.789113,-122.401642 37.789213)"
3_38_transit,transit,3,38,32,8.08661,13.0114,7.74173,12.4564,1.04455,16.8553,18.7381,"https://www.google.com/maps/dir/37.808060,-122.268722/37.784645,-122.407387/","LINESTRING(-122.268722 37.808060,-122.268822 37.807960,-122.271689 37.803371,-122.295244 37.804823,-122.397180 37.792689,-122.401742 37.789113,-122.407487 37.784545,-122.407387 37.784645)"
4_3_transit,transit,4,3,11,10.5126,16.9147,9.03857,14.5431,1.16308,21.8584,22.207,"https://www.google.com/maps/dir/37.752422,-122.418518/37.808060,-122.268722/","LINESTRING(-122.418518 37.752422,-122.418618 37.752322,-122.419855 37.765076,-122.413979 37.779350,-122.407487 37.784545,-122.401742 37.789113,-122.397180 37.792689,-122.295244 37.804823,-122.271689 37.803371,-122.268822 37.807960,-122.268722 37.808060)"
4_7_transit,transit,4,7,13,2.67768,4.30839,2.64546,4.25655,1.01218,5.85258,5.85329,"https://www.google.com/maps/dir/37.752422,-122.418518/37.721758,-122.447510/","LINESTRING(-122.418518 37.752422,-122.418618 37.752322,-122.433657 37.733169,-122.447610 37.721658,-122.447510 37.721758)"
4_11_transit,transit,4,11,32,1.93897,3.1198,1.88459,3.0323,1.02886,4.85246,4.95123,"https://www.google.com/maps/dir/37.752422,-122.418518/37.779450,-122.413879/","LINESTRING(-122.418518 37.752422,-122.418618 37.752322,-122.419855 37.765076,-122.413979 37.779350,-122.413879 37.779450)"
4_19_transit,transit,4,19,72,3.23959,5.2125,3.02491,4.86708,1.07097,9.85543,10.1788,"https://www.google.com/maps/dir/37.752422,-122.418518/37.792789,-122.397080/","LINESTRING(-122.418518 37.752422,-122.418618 37.752322,-122.419855 37.765076,-122.413979 37.779350,-122.407487 37.784545,-122.401742 37.789113,-122.397180 37.792689,-122.397080 37.792789)"
4_29_transit,transit,4,29,109,2.88867,4.64787,2.70398,4.35071,1.0683,7.85444,8.16217,"https://www.google.com/maps/dir/37.752422,-122.418518/37.789213,-122.401642/","LINESTRING(-122.418518 37.752422,-122.418618 37.752322,-122.419855 37.765076,-122.413979 37.779350,-122.407487 37.784545,-122.401742 37.789113,-122.401642 37.789213)"
4_38_transit,transit,4,38,32,2.44357,3.93171,2.30793,3.71346,1.05877,6.85345,6.95698,"https://www.google.com/maps/dir/37.752422,-122.418518/37.784645,-122.407387/","LINESTRING(-122.418518 37.752422,-122.418618 37.752322,-122.419855 37.765076,-122.413979 37.779350,-122.407487 37.784545,-122.407387 37.784645)"
5_1_transit,transit,5,1,25,35.0104,56.3317,29.8866,48.0875,1.17144,57.8619,59.3078,"https://www.google.com/maps/dir/37.995415,-121.780353/37.803471,-122.271589/","LINESTRING(-121.780353 37.995415,-121.780453 37.995315,-121.889111 38.016773,-121.944348 38.018850,-122.024661 38.003307,-122.029226 37.973673,-122.056115 37.928363,-122.067479 37.905712,-122.124744 37.893120,-122.183817 37.878403,-122.251371 37.844695,-122.267263 37.828714,-122.268822 37.807960,-122.271689 37.803371,-122.271589 37.803471)"
5_2_transit,transit,5,2,19,44.2677,71.2267,38.3274,61.6688,1.15499,76.868,80.1206,"https://www.google.com/maps/dir/37.995415,-121.780353/37.765176,-122.419755/","LINESTRING(-121.780353 37.995415,-121.780453 37.995315,-121.889111 38.016773,-121.944348 38.018850,-122.024661 38.003307,-122.029226 37.973673,-122.056115 37.928363,-122.067479 37.905712,-122.124744 37.893120,-122.183817 37.878403,-122.251371 37.844695,-122.267263 37.828714,-122.268822 37.807960,-122.271689 37.803371,-122.295244 37.804823,-122.397180 37.792689,-122.401742 37.789113,-122.407487 37.784545,-122.413979 37.779350,-122.419855 37.765076,-122.419755 37.765176)"
5_3_transit,transit,5,3,19,34.6567,55.7626,29.6058,47.6358,1.1706,56.8609,58.221,"https://www.google.com/maps/dir/37.995415,-121.780353/37.808060,-122.268722/","LINESTRING(-121.780353 37.995415,-121.780453 37.995315,-121.889111 38.016773,-121.944348 38.018850,-122.024661 38.003307,-122.029226 37.973673,-122.056115 37.928363,-122.067479 37.905712,-122.124744 37.893120,-122.183817 37.878403,-122.251371 37.844695,-122.267263 37.828714,-122.268822 37.807960,-122.268722 37.808060)"
5_11_transit,transit,5,11,45,43.2303,69.5576,37.6312,60.5486,1.14879,74.8669,78.1182,"https://www.google.com/maps/dir/37.995415,-121.780353/37.779450,-122.413879/","LINESTRING(-121.780353 37.995415,-121.780453 37.995315,-121.889111 38.016773,-121.944348 38.018850,-122.024661 38.003307,-122.029226 37.973673,-122.056115 37.928363,-122.067479 37.905712,-122.124744 37.893120,-122.183817 37.878403,-122.251371 37.844695,-122.267263 37.828714,-122.268822 37.807960,-122.271689 37.803371,-122.295244 37.804823,-122.397180 37.792689,-122.401742 37.789113,-122.407487 37.784545,-122.413979 37.779350,-122.413879 37.779450)"
5_14_transit,transit,5,14,21,15.6942,25.2519,13.63,21.9307,1.15144,26.8535,27.069,"https://www.google.com/maps/dir/37.995415,-121.780353/37.973773,-122.029126/","LINESTRING(-121.780353 37.995415,-121.780453 37.995315,-121.889111 38.016773,-121.944348 38.018850,-122.024661 38.003307,-122.029226 37.973673,-122.029126 37.973773)"
5_19_transit,transit,5,19,49,41.9297,67.4649,36.4252,58.6081,1.15112,69.8639,73.035,"https://www.google.com/maps/dir/37.995415,-121.780353/37.792789,-122.397080/","LINESTRING(-121.780353 37.995415,-121.780453 37.995315,-121.889111 38.016773,-121.944348 38.018850,-122.024661 38.003307,-122.029226 37.973673,-122.056115 37.928363,-122.067479 37.905712,-122.124744 37.893120,-122.183817 37.878403,-122.251371 37.844695,-122.267263 37.828714,-122.268822 37.807960,-122.271689 37.803371,-122.295244 37.804823,-122.397180 37.792689,-122.397080 37.792789)"
5_26_transit,transit,5,26,17,33.2199,53.4508,28.9261,46.542,1.14844,52.8598,53.9156,"https://www.google.com/maps/dir/37.995415,-121.780353/37.828814,-122.267163/","LINESTRING(-121.780353 37.995415,-121.780453 37.995315,-121.889111 38.016773,-121.944348 38.018850,-122.024661 38.003307,-122.029226 37.973673,-122.056115 37.928363,-122.067479 37.905712,-122.124744 37.893120,-122.183817 37.878403,-122.251371 37.844695,-122.267263 37.828714,-122.267163 37.828814)"
5_29_transit,transit,5,29,54,42.2806,68.0295,36.7508,59.132,1.15047,70.8649,74.0851,"https://www.google.com/maps/dir/37.995415,-121.780353/37.789213,-122.401642/","LINESTRING(-121.780353 37.995415,-121.780453 37.995315,-121.889111 38.016773,-121.944348 38.018850,-122.024661 38.003307,-122.029226 37.973673,-122.056115 37.928363,-122.067479 37.905712,-122.124744 37.893120,-122.183817 37.878403,-122.251371 37.844695,-122.267263 37.828714,-122.268822 37.807960,-122.271689 37.803371,-122.295244 37.804823,-122.397180 37.792689,-122.401742 37.789113,-122.401642 37.789213)"
5_38_transit,transit,5,38,45,42.7257,68.7456,37.1633,59.7957,1.14968,72.8659,76.1088,"https://www.google.com/maps/dir/37.995415,-121.780353/37.784645,-122.407387/","LINESTRING(-121.780353 37.995415,-121.780453 37.995315,-121.889111 38.016773,-121.944348 38.018850,-122.024661 38.003307,-122.029226 37.973673,-122.056115 37.928363,-122.067479 37.905712,-122.124744 37.893120,-122.183817 37.878403,-122.251371 37.844695,-122.267263 37.828714,-122.268822 37.807960,-122.271689 37.803371,-122.295244 37.804823,-122.397180 37.792689,-122.401742 37.789113,-122.407487 37.784545,-122.407387 37.784645)"
5_43_transit,transit,5,43,11,57.1503,91.9548,42.4461,68.2958,1.34642,103.876,107.131,"https://www.google.com/maps/dir/37.995415,-121.780353/37.616023,-122.391895/","LINESTRING(-121.780353 37.995415,-121.780453 37.995315,-121.889111 38.016773,-121.944348 38.018850,-122.024661 38.003307,-122.029226 37.973673,-122.056115 37.928363,-122.067479 37.905712,-122.124744 37.893120,-122.183817 37.878403,-122.251371 37.844695,-122.267263 37.828714,-122.268822 37.807960,-122.271689 37.803371,-122.295244 37.804823,-122.397180 37.792689,-122.401742 37.789113,-122.407487 37.784545,-122.413979 37.779350,-122.419855 37.765076,-122.418618 37.752322,-122.433657 37.733169,-122.447610 37.721658,-122.469094 37.706204,-122.466267 37.684542,-122.444354 37.664337,-122.416484 37.637620,-122.391995 37.615923,-122.391895 37.616023)"
5_48_transit,transit,5,48,15,20.8349,33.5233,16.8191,27.0619,1.23876,34.8556,35.2432,"https://www.google.com/maps/dir/37.995415,-121.780353/37.905812,-122.067379/","LINESTRING(-121.780353 37.995415,-121.780453 37.995315,-121.889111 38.016773,-121.944348 38.018850,-122.024661 38.003307,-122.029226 37.973673,-122.056115 37.928363,-122.067479 37.905712,-122.067379 37.905812)"
6_2_transit,transit,6,2,12,12.7475,20.5108,10.1947,16.4033,1.25041,28.8593,44.2157,"https://www.google.com/maps/dir/37.853069,-122.269750/37.765176,-122.419755/","LINESTRING(-122.269750 37.853069,-122.269850 37.852969,-122.267263 37.828714,-122.268822 37.807960,-122.271689 37.803371,-122.295244 37.804823,-122.397180 37.792689,-122.401742 37.789113,-122.407487 37.784545,-122.413979 37.779350,-122.419855 37.765076,-122.419755 37.765176)"
6_11_transit,transit,6,11,23,11.7102,18.8417,9.36822,15.0735,1.24999,26.8582,42.209,"https://www.google.com/maps/dir/37.853069,-122.269750/37.779450,-122.413879/","LINESTRING(-122.269750 37.853069,-122.269850 37.852969,-122.267263 37.828714,-122.268822 37.807960,-122.271689 37.803371,-122.295244 37.804823,-122.397180 37.792689,-122.401742 37.789113,-122.407487 37.784545,-122.413979 37.779350,-122.413879 37.779450)"
6_19_transit,transit,6,19,33,10.4095,16.749,8.10196,13.036,1.28482,21.8552,36.7854,"https://www.google.com/maps/dir/37.853069,-122.269750/37.792789,-122.397080/","LINESTRING(-122.269750 37.853069,-122.269850 37.852969,-122.267263 37.828714,-122.268822 37.807960,-122.271689 37.803371,-122.295244 37.804823,-122.397180 37.792689,-122.397080 37.792789)"
6_29_transit,transit,6,29,29,10.7605,17.3136,8.44311,13.585,1.27447,22.8562,38.0275,"https://www.google.com/maps/dir/37.853069,-122.269750/37.789213,-122.401642/","LINESTRING(-122.269750 37.853069,-122.269850 37.852969,-122.267263 37.828714,-122.268822 37.807960,-122.271689 37.803371,-122.295244 37.804823,-122.397180 37.792689,-122.401742 37.789113,-122.401642 37.789213)"
7_2_transit,transit,7,2,41,3.56167,5.73073,3.36142,5.40853,1.05957,7.85356,7.88681,"https://www.google.com/maps/dir/37.721758,-122.447510/37.765176,-122.419755/","LINESTRING(-122.447510 37.721758,-122.447610 37.721658,-122.433657 37.733169,-122.418618 37.752322,-122.419855 37.765076,-122.419755 37.765176)"
7_4_transit,transit,7,4,17,2.67768,4.30839,2.64546,4.25655,1.01218,5.85258,5.87557,"https://www.google.com/maps/dir/37.721758,-122.447510/37.752422,-122.418518/","LINESTRING(-122.447510 37.721758,-122.447610 37.721658,-122.433657 37.733169,-122.418618 37.752322,-122.418518 37.752422)"
7_11_transit,transit,7,11,94,4.59903,7.39984,4.38923,7.06227,1.0478,9.85453,10.0218,"https://www.google.com/maps/dir/37.721758,-122.447510/37.779450,-122.413879/","LINESTRING(-122.447510 37.721758,-122.447610 37.721658,-122.433657 37.733169,-122.418618 37.752322,-122.419855 37.765076,-122.413979 37.779350,-122.413879 37.779450)"
7_19_transit,transit,7,19,77,5.89965,9.49254,5.62812,9.05565,1.04825,14.8575,15.2045,"https://www.google.com/maps/dir/37.721758,-122.447510/37.792789,-122.397080/","LINESTRING(-122.447510 37.721758,-122.447610 37.721658,-122.433657 37.733169,-122.418618 37.752322,-122.419855 37.765076,-122.413979 37.779350,-122.407487 37.784545,-122.401742 37.789113,-122.397180 37.792689,-122.397080 37.792789)"
7_27_transit,transit,7,27,17,10.4842,16.8691,9.03083,14.5306,1.16094,24.8569,24.8607,"https://www.google.com/maps/dir/37.721758,-122.447510/37.600199,-122.386840/","LINESTRING(-122.447510 37.721758,-122.447610 37.721658,-122.469094 37.706204,-122.466267 37.684542,-122.444354 37.664337,-122.416484 37.637620,-122.391995 37.615923,-122.386940 37.600099,-122.386840 37.600199)"
7_29_transit,transit,7,29,116,5.54873,8.92791,5.29159,8.51417,1.04859,12.8565,13.1879,"https://www.google.com/maps/dir/37.721758,-122.447510/37.789213,-122.401642/","LINESTRING(-122.447510 37.721758,-122.447610 37.721658,-122.433657 37.733169,-122.418618 37.752322,-122.419855 37.765076,-122.413979 37.779350,-122.407487 37.784545,-122.401742 37.789113,-122.401642 37.789213)"
7_38_transit,transit,7,38,120,5.10364,8.21175,4.86667,7.83048,1.04869,11.8555,11.901,"https://www.google.com/maps/dir/37.721758,-122.447510/37.784645,-122.407387/","LINESTRING(-122.447510 37.721758,-122.447610 37.721658,-122.433657 37.733169,-122.418618 37.752322,-122.419855 37.765076,-122.413979 37.779350,-122.407487 37.784545,-122.407387 37.784645)"
8_1_transit,transit,8,1,24,10.8861,17.5158,10.8199,17.4092,1.00612,18.8555,18.8608,"https://www.google.com/maps/dir/37.696938,-122.126431/37.803471,-122.271589/","LINESTRING(-122.126431 37.696938,-122.126531 37.696838,-122.160813 37.721706,-122.196798 37.753504,-122.224167 37.774773,-122.265332 37.797257,-122.271689 37.803371,-122.271589 37.803471)"
8_2_transit,transit,8,2,18,20.0215,32.2146,16.708,26.8832,1.19832,35.8606,39.0764,"https://www.google.com/maps/dir/37.696938,-122.126431/37.765176,-122.419755/","LINESTRING(-122.126431 37.696938,-122.126531 37.696838,-122.160813 37.721706,-122.196798 37.753504,-122.224167 37.774773,-122.265332 37.797257,-122.295244 37.804823,-122.397180 37.792689,-122.401742 37.789113,-122.407487 37.784545,-122.413979 37.779350,-122.419855 37.765076,-122.419755 37.765176)"
8_3_transit,transit,8,3,13,11.2398,18.0848,10.9259,17.5798,1.02873,19.8565,19.8619,"https://www.google.com/maps/dir/37.696938,-122.126431/37.808060,-122.268722/","LINESTRING(-122.126431 37.696938,-122.126531 37.696838,-122.160813 37.721706,-122.196798 37.753504,-122.224167 37.774773,-122.265332 37.797257,-122.271689 37.803371,-122.268822 37.807960,-122.268722 37.808060)"
8_11_transit,transit,8,11,35,18.9841,30.5455,16.709,26.8848,1.13616,33.8596,37.0745,"https://www.google.com/maps/dir/37.696938,-122.126431/37.779450,-122.413879/","LINESTRING(-122.126431 37.696938,-122.126531 37.696838,-122.160813 37.721706,-122.196798 37.753504,-122.224167 37.774773,-122.265332 37.797257,-122.295244 37.804823,-122.397180 37.792689,-122.401742 37.789113,-122.407487 37.784545,-122.413979 37.779350,-122.413879 37.779450)"
8_19_transit,transit,8,19,77,17.6835,28.4528,16.2024,26.0697,1.09141,28.8566,31.9739,"https://www.google.com/maps/dir/37.696938,-122.126431/37.792789,-122.397080/","LINESTRING(-122.126431 37.696938,-122.126531 37.696838,-122.160813 37.721706,-122.196798 37.753504,-122.224167 37.774773,-122.265332 37.797257,-122.295244 37.804823,-122.397180 37.792689,-122.397080 37.792789)"
8_20_transit,transit,8,20,11,12.7399,20.4986,12.6501,20.354,1.0071,18.8551,18.8655,"https://www.google.com/maps/dir/37.696938,-122.126431/37.557513,-121.976605/","LINESTRING(-122.126431 37.696938,-122.126531 37.696838,-122.087041 37.669631,-122.057258 37.634263,-122.017330 37.590665,-121.976705 37.557413,-121.976605 37.557513)"
8_21_transit,transit,8,21,13,7.6063,12.2385,7.5802,12.1965,1.00344,11.8536,11.8567,"https://www.google.com/maps/dir/37.696938,-122.126431/37.774873,-122.224067/","LINESTRING(-122.126431 37.696938,-122.126531 37.696838,-122.160813 37.721706,-122.196798 37.753504,-122.224167 37.774773,-122.224067 37.774873)"
8_29_transit,transit,8,29,66,18.0344,29.0174,16.3325,26.2791,1.1042,29.8576,33.0456,"https://www.google.com/maps/dir/37.696938,-122.126431/37.789213,-122.401642/","LINESTRING(-122.126431 37.696938,-122.126531 37.696838,-122.160813 37.721706,-122.196798 37.753504,-122.224167 37.774773,-122.265332 37.797257,-122.295244 37.804823,-122.397180 37.792689,-122.401742 37.789113,-122.401642 37.789213)"
8_38_transit,transit,8,38,33,18.4795,29.7336,16.5039,26.5548,1.1197,31.8586,35.0691,"https://www.google.com/maps/dir/37.696938,-122.126431/37.784645,-122.407387/","LINESTRING(-122.126431 37.696938,-122.126531 37.696838,-122.160813 37.721706,-122.196798 37.753504,-122.224167 37.774773,-122.265332 37.797257,-122.295244 37.804823,-122.397180 37.792689,-122.401742 37.789113,-122.407487 37.784545,-122.407387 37.784645)"
8_46_transit,transit,8,46,11,9.54118,15.3518,9.46094,15.2227,1.00848,13.854,13.8633,"https://www.google.com/maps/dir/37.696938,-122.126431/37.590765,-122.017230/","LINESTRING(-122.126431 37.696938,-122.126531 37.696838,-122.087041 37.669631,-122.057258 37.634263,-122.017330 37.590665,-122.017230 37.590765)"
9_3_transit,transit,9,3,17,38.2038,61.4699,37.2546,59.9426,1.02548,55.8642,55.8781,"https://www.google.com/maps/dir/37.368495,-121.874661/37.808060,-122.268722/","LINESTRING(-121.874661 37.368495,-121.874761 37.368395,-121.890903 37.409736,-121.939458 37.502207,-121.976705 37.557413,-122.017330 37.590665,-122.057258 37.634263,-122.087041 37.669631,-122.126531 37.696838,-122.160813 37.721706,-122.196798 37.753504,-122.224167 37.774773,-122.265332 37.797257,-122.271689 37.803371,-122.268822 37.807960,-122.268722 37.808060)"
9_19_transit,transit,9,19,26,44.6475,71.8379,40.9601,65.9048,1.09003,64.8643,68.107,"https://www.google.com/maps/dir/37.368495,-121.874661/37.792789,-122.397080/","LINESTRING(-121.874661 37.368495,-121.874761 37.368395,-121.890903 37.409736,-121.939458 37.502207,-121.976705 37.557413,-122.017330 37.590665,-122.057258 37.634263,-122.087041 37.669631,-122.126531 37.696838,-122.160813 37.721706,-122.196798 37.753504,-122.224167 37.774773,-122.265332 37.797257,-122.295244 37.804823,-122.397180 37.792689,-122.397080 37.792789)"
9_29_transit,transit,9,29,16,44.9985,72.4025,40.9597,65.9042,1.0986,65.8653,69.151,"https://www.google.com/maps/dir/37.368495,-121.874661/37.789213,-122.401642/","LINESTRING(-121.874661 37.368495,-121.874761 37.368395,-121.890903 37.409736,-121.939458 37.502207,-121.976705 37.557413,-122.017330 37.590665,-122.057258 37.634263,-122.087041 37.669631,-122.126531 37.696838,-122.160813 37.721706,-122.196798 37.753504,-122.224167 37.774773,-122.265332 37.797257,-122.295244 37.804823,-122.397180 37.792689,-122.401742 37.789113,-122.401642 37.789213)"
10_11_transit,transit,10,11,35,21.7954,35.0688,19.4727,31.3316,1.11928,37.8606,42.3467,"https://www.google.com/maps/dir/37.690776,-122.075615/37.779450,-122.413879/","LINESTRING(-122.075615 37.690776,-122.075715 37.690676,-122.126531 37.696838,-122.160813 37.721706,-122.196798 37.753504,-122.224167 37.774773,-122.265332 37.797257,-122.295244 37.804823,-122.397180 37.792689,-122.401742 37.789113,-122.407487 37.784545,-122.413979 37.779350,-122.413879 37.779450)"
10_19_transit,transit,10,19,34,20.4948,32.9761,18.9257,30.4515,1.08291,32.8576,37.2733,"https://www.google.com/maps/dir/37.690776,-122.075615/37.792789,-122.397080/","LINESTRING(-122.075615 37.690776,-122.075715 37.690676,-122.126531 37.696838,-122.160813 37.721706,-122.196798 37.753504,-122.224167 37.774773,-122.265332 37.797257,-122.295244 37.804823,-122.397180 37.792689,-122.397080 37.792789)"
10_29_transit,transit,10,29,42,20.8457,33.5408,19.0681,30.6806,1.09322,34.8586,39.3301,"https://www.google.com/maps/dir/37.690776,-122.075615/37.789213,-122.401642/","LINESTRING(-122.075615 37.690776,-122.075715 37.690676,-122.126531 37.696838,-122.160813 37.721706,-122.196798 37.753504,-122.224167 37.774773,-122.265332 37.797257,-122.295244 37.804823,-122.397180 37.792689,-122.401742 37.789113,-122.401642 37.789213)"
10_38_transit,transit,10,38,18,21.2908,34.2569,19.2536,30.9791,1.10581,36.8596,41.3428,"https://www.google.com/maps/dir/37.690776,-122.075615/37.784645,-122.407387/","LINESTRING(-122.075615 37.690776,-122.075715 37.690676,-122.126531 37.696838,-122.160813 37.721706,-122.196798 37.753504,-122.224167 37.774773,-122.265332 37.797257,-122.295244 37.804823,-122.397180 37.792689,-122.401742 37.789113,-122.407487 37.784545,-122.407387 37.784645)"
11_1_transit,transit,11,1,13,8.23755,13.2542,7.94453,12.7827,1.03688,15.8553,15.8673,"https://www.google.com/maps/dir/37.779450,-122.413879/37.803471,-122.271589/","LINESTRING(-122.413879 37.779450,-122.413979 37.779350,-122.407487 37.784545,-122.401742 37.789113,-122.397180 37.792689,-122.295244 37.804823,-122.271689 37.803371,-122.271589 37.803471)"
11_3_transit,transit,11,3,20,8.59122,13.8233,8.16833,13.1428,1.05177,17.8563,18.0522,"https://www.google.com/maps/dir/37.779450,-122.413879/37.808060,-122.268722/","LINESTRING(-122.413879 37.779450,-122.413979 37.779350,-122.407487 37.784545,-122.401742 37.789113,-122.397180 37.792689,-122.295244 37.804823,-122.271689 37.803371,-122.268822 37.807960,-122.268722 37.808060)"
11_4_transit,transit,11,4,24,1.93897,3.1198,1.88459,3.0323,1.02886,4.85246,4.85461,"https://www.google.com/maps/dir/37.779450,-122.413879/37.752422,-122.418518/","LINESTRING(-122.413879 37.779450,-122.413979 37.779350,-122.419855 37.765076,-122.418618 37.752322,-122.418518 37.752422)"
11_7_transit,transit,11,7,18,4.59903,7.39984,4.38923,7.06227,1.0478,9.85453,9.85738,"https://www.google.com/maps/dir/37.779450,-122.413879/37.721758,-122.447510/","LINESTRING(-122.413879 37.779450,-122.413979 37.779350,-122.419855 37.765076,-122.418618 37.752322,-122.433657 37.733169,-122.447610 37.721658,-122.447510 37.721758)"
11_26_transit,transit,11,26,11,10.028,16.1351,8.7055,14.0071,1.15192,21.8573,22.0557,"https://www.google.com/maps/dir/37.779450,-122.413879/37.828814,-122.267163/","LINESTRING(-122.413879 37.779450,-122.413979 37.779350,-122.407487 37.784545,-122.401742 37.789113,-122.397180 37.792689,-122.295244 37.804823,-122.271689 37.803371,-122.268822 37.807960,-122.267263 37.828714,-122.267163 37.828814)"
11_43_transit,transit,11,43,15,13.9376,22.4256,11.3556,18.2712,1.22737,29.8598,29.863,"https://www.google.com/maps/dir/37.779450,-122.413879/37.616023,-122.391895/","LINESTRING(-122.413879 37.779450,-122.413979 37.779350,-122.419855 37.765076,-122.418618 37.752322,-122.433657 37.733169,-122.447610 37.721658,-122.469094 37.706204,-122.466267 37.684542,-122.444354 37.664337,-122.416484 37.637620,-122.391995 37.615923,-122.391895 37.616023)"
11_50_transit,transit,11,50,11,6.94747,11.1785,6.71769,10.8088,1.0342,11.8543,11.8659,"https://www.google.com/maps/dir/37.779450,-122.413879/37.804923,-122.295144/","LINESTRING(-122.413879 37.779450,-122.413979 37.779350,-122.407487 37.784545,-122.401742 37.789113,-122.397180 37.792689,-122.295244 37.804823,-122.295144 37.804923)"
12_2_transit,transit,12,2,18,6.65415,10.7065,6.11525,9.83944,1.08812,14.8556,14.8765,"https://www.google.com/maps/dir/37.684642,-122.466167/37.765176,-122.419755/","LINESTRING(-122.466167 37.684642,-122.466267 37.684542,-122.469094 37.706204,-122.447610 37.721658,-122.433657 37.733169,-122.418618 37.752322,-122.419855 37.765076,-122.419755 37.765176)"
12_11_transit,transit,12,11,34,7.6915,12.3756,7.14671,11.4991,1.07623,17.8566,17.8809,"https://www.google.com/maps/dir/37.684642,-122.466167/37.779450,-122.413879/","LINESTRING(-122.466167 37.684642,-122.466267 37.684542,-122.469094 37.706204,-122.447610 37.721658,-122.433657 37.733169,-122.418618 37.752322,-122.419855 37.765076,-122.413979 37.779350,-122.413879 37.779450)"
12_19_transit,transit,12,19,34,8.99212,14.4683,8.37172,13.4701,1.07411,21.8596,21.8876,"https://www.google.com/maps/dir/37.684642,-122.466167/37.792789,-122.397080/","LINESTRING(-122.466167 37.684642,-122.466267 37.684542,-122.469094 37.706204,-122.447610 37.721658,-122.433657 37.733169,-122.418618 37.752322,-122.419855 37.765076,-122.413979 37.779350,-122.407487 37.784545,-122.401742 37.789113,-122.397180 37.792689,-122.397080 37.792789)"
12_29_transit,transit,12,29,54,8.6412,13.9037,8.03959,12.9357,1.07483,20.8586,20.8838,"https://www.google.com/maps/dir/37.684642,-122.466167/37.789213,-122.401642/","LINESTRING(-122.466167 37.684642,-122.466267 37.684542,-122.469094 37.706204,-122.447610 37.721658,-122.433657 37.733169,-122.418618 37.752322,-122.419855 37.765076,-122.413979 37.779350,-122.407487 37.784545,-122.401742 37.789113,-122.401642 37.789213)"
12_38_transit,transit,12,38,32,8.19611,13.1875,7.61967,12.26,1.07565,18.8576,18.8824,"https://www.google.com/maps/dir/37.684642,-122.466167/37.784645,-122.407387/","LINESTRING(-122.466167 37.684642,-122.466267 37.684542,-122.469094 37.706204,-122.447610 37.721658,-122.433657 37.733169,-122.418618 37.752322,-122.419855 37.765076,-122.413979 37.779350,-122.407487 37.784545,-122.407387 37.784645)"
12_43_transit,transit,12,43,16,6.26373,10.0783,6.24398,10.0466,1.00316,11.854,11.8541,"https://www.google.com/maps/dir/37.684642,-122.466167/37.616023,-122.391895/","LINESTRING(-122.466167 37.684642,-122.466267 37.684542,-122.444354 37.664337,-122.416484 37.637620,-122.391995 37.615923,-122.391895 37.616023)"
13_11_transit,transit,13,11,19,13.4922,21.7089,11.996,19.3016,1.12472,25.8575,29.5387,"https://www.google.com/maps/dir/37.753604,-122.196698/37.779450,-122.413879/","LINESTRING(-122.196698 37.753604,-122.196798 37.753504,-122.224167 37.774773,-122.265332 37.797257,-122.295244 37.804823,-122.397180 37.792689,-122.401742 37.789113,-122.407487 37.784545,-122.413979 37.779350,-122.413879 37.779450)"
13_19_transit,transit,13,19,28,12.1915,19.6162,11.2738,18.1395,1.08141,20.8544,24.4653,"https://www.google.com/maps/dir/37.753604,-122.196698/37.792789,-122.397080/","LINESTRING(-122.196698 37.753604,-122.196798 37.753504,-122.224167 37.774773,-122.265332 37.797257,-122.295244 37.804823,-122.397180 37.792689,-122.397080 37.792789)"
13_29_transit,transit,13,29,30,12.5425,20.1808,11.4605,18.4399,1.09441,22.8554,25.8731,"https://www.google.com/maps/dir/37.753604,-122.196698/37.789213,-122.401642/","LINESTRING(-122.196698 37.753604,-122.196798 37.753504,-122.224167 37.774773,-122.265332 37.797257,-122.295244 37.804823,-122.397180 37.792689,-122.401742 37.789113,-122.401642 37.789213)"
13_38_transit,transit,13,38,22,12.9876,20.897,11.7055,18.8342,1.10952,24.8564,27.8966,"https://www.google.com/maps/dir/37.753604,-122.196698/37.784645,-122.407387/","LINESTRING(-122.196698 37.753604,-122.196798 37.753504,-122.224167 37.774773,-122.265332 37.797257,-122.295244 37.804823,-122.397180 37.792689,-122.401742 37.789113,-122.407487 37.784545,-122.407387 37.784645)"
14_1_transit,transit,14,1,28,19.3338,31.1081,17.6993,28.4781,1.09235,31.8579,33.1053,"https://www.google.com/maps/dir/37.973773,-122.029126/37.803471,-122.271589/","LINESTRING(-122.029126 37.973773,-122.029226 37.973673,-122.056115 37.928363,-122.067479 37.905712,-122.124744 37.893120,-122.183817 37.878403,-122.251371 37.844695,-122.267263 37.828714,-122.268822 37.807960,-122.271689 37.803371,-122.271589 37.803471)"
14_2_transit,transit,14,2,13,28.5911,46.003,25.7233,41.3888,1.11149,50.864,53.9505,"https://www.google.com/maps/dir/37.973773,-122.029126/37.765176,-122.419755/","LINESTRING(-122.029126 37.973773,-122.029226 37.973673,-122.056115 37.928363,-122.067479 37.905712,-122.124744 37.893120,-122.183817 37.878403,-122.251371 37.844695,-122.267263 37.828714,-122.268822 37.807960,-122.271689 37.803371,-122.295244 37.804823,-122.397180 37.792689,-122.401742 37.789113,-122.407487 37.784545,-122.413979 37.779350,-122.419855 37.765076,-122.419755 37.765176)"
14_3_transit,transit,14,3,40,18.9801,30.539,17.3719,27.9513,1.09258,30.8569,32.0171,"https://www.google.com/maps/dir/37.973773,-122.029126/37.808060,-122.268722/","LINESTRING(-122.029126 37.973773,-122.029226 37.973673,-122.056115 37.928363,-122.067479 37.905712,-122.124744 37.893120,-122.183817 37.878403,-122.251371 37.844695,-122.267263 37.828714,-122.268822 37.807960,-122.268722 37.808060)"
14_4_transit,transit,14,4,15,29.4751,47.4254,26.1739,42.1138,1.12612,52.865,55.9519,"https://www.google.com/maps/dir/37.973773,-122.029126/37.752422,-122.418518/","LINESTRING(-122.029126 37.973773,-122.029226 37.973673,-122.056115 37.928363,-122.067479 37.905712,-122.124744 37.893120,-122.183817 37.878403,-122.251371 37.844695,-122.267263 37.828714,-122.268822 37.807960,-122.271689 37.803371,-122.295244 37.804823,-122.397180 37.792689,-122.401742 37.789113,-122.407487 37.784545,-122.413979 37.779350,-122.419855 37.765076,-122.418618 37.752322,-122.418518 37.752422)"
14_11_transit,transit,14,11,55,27.5537,44.3339,24.9117,40.0829,1.10606,48.863,51.9486,"https://www.google.com/maps/dir/37.973773,-122.029126/37.779450,-122.413879/","LINESTRING(-122.029126 37.973773,-122.029226 37.973673,-122.056115 37.928363,-122.067479 37.905712,-122.124744 37.893120,-122.183817 37.878403,-122.251371 37.844695,-122.267263 37.828714,-122.268822 37.807960,-122.271689 37.803371,-122.295244 37.804823,-122.397180 37.792689,-122.401742 37.789113,-122.407487 37.784545,-122.413979 37.779350,-122.413879 37.779450)"
14_19_transit,transit,14,19,79,26.2531,42.2412,23.6433,38.0421,1.11038,43.8599,46.8762,"https://www.google.com/maps/dir/37.973773,-122.029126/37.792789,-122.397080/","LINESTRING(-122.029126 37.973773,-122.029226 37.973673,-122.056115 37.928363,-122.067479 37.905712,-122.124744 37.893120,-122.183817 37.878403,-122.251371 37.844695,-122.267263 37.828714,-122.268822 37.807960,-122.271689 37.803371,-122.295244 37.804823,-122.397180 37.792689,-122.397080 37.792789)"
14_24_transit,transit,14,24,13,8.40008,13.5157,7.62058,12.2615,1.10229,13.8527,14.1531,"https://www.google.com/maps/dir/37.973773,-122.029126/37.893220,-122.124644/","LINESTRING(-122.029126 37.973773,-122.029226 37.973673,-122.056115 37.928363,-122.067479 37.905712,-122.124744 37.893120,-122.124644 37.893220)"
14_26_transit,transit,14,26,20,17.5433,28.2272,16.3933,26.3768,1.07015,26.8559,27.7177,"https://www.google.com/maps/dir/37.973773,-122.029126/37.828814,-122.267163/","LINESTRING(-122.029126 37.973773,-122.029226 37.973673,-122.056115 37.928363,-122.067479 37.905712,-122.124744 37.893120,-122.183817 37.878403,-122.251371 37.844695,-122.267263 37.828714,-122.267163 37.828814)"
14_29_transit,transit,14,29,61,26.604,42.8059,23.9857,38.593,1.10916,44.8609,47.9222,"https://www.google.com/maps/dir/37.973773,-122.029126/37.789213,-122.401642/","LINESTRING(-122.029126 37.973773,-122.029226 37.973673,-122.056115 37.928363,-122.067479 37.905712,-122.124744 37.893120,-122.183817 37.878403,-122.251371 37.844695,-122.267263 37.828714,-122.268822 37.807960,-122.271689 37.803371,-122.295244 37.804823,-122.397180 37.792689,-122.401742 37.789113,-122.401642 37.789213)"
14_38_transit,transit,14,38,25,27.0491,43.522,24.4196,39.2912,1.10768,46.862,49.9412,"https://www.google.com/maps/dir/37.973773,-122.029126/37.784645,-122.407387/","LINESTRING(-122.029126 37.973773,-122.029226 37.973673,-122.056115 37.928363,-122.067479 37.905712,-122.124744 37.893120,-122.183817 37.878403,-122.251371 37.844695,-122.267263 37.828714,-122.268822 37.807960,-122.271689 37.803371,-122.295244 37.804823,-122.397180 37.792689,-122.401742 37.789113,-122.407487 37.784545,-122.407387 37.784645)"
14_40_transit,transit,14,40,12,16.139,25.9677,15.0356,24.1923,1.07339,23.8548,24.5379,"https://www.google.com/maps/dir/37.973773,-122.029126/37.844795,-122.251271/","LINESTRING(-122.029126 37.973773,-122.029226 37.973673,-122.056115 37.928363,-122.067479 37.905712,-122.124744 37.893120,-122.183817 37.878403,-122.251371 37.844695,-122.251271 37.844795)"
14_48_transit,transit,14,48,23,5.15829,8.2997,5.13757,8.26635,1.00403,8.85169,9.02371,"https://www.google.com/maps/dir/37.973773,-122.029126/37.905812,-122.067379/","LINESTRING(-122.029126 37.973773,-122.029226 37.973673,-122.056115 37.928363,-122.067479 37.905712,-122.067379 37.905812)"
15_1_transit,transit,15,1,21,14.4065,23.18,12.703,20.4391,1.1341,29.8605,29.8895,"https://www.google.com/maps/dir/37.706304,-122.468994/37.803471,-122.271589/","LINESTRING(-122.468994 37.706304,-122.469094 37.706204,-122.447610 37.721658,-122.433657 37.733169,-122.418618 37.752322,-122.419855 37.765076,-122.413979 37.779350,-122.407487 37.784545,-122.401742 37.789113,-122.397180 37.792689,-122.295244 37.804823,-122.271689 37.803371,-122.271589 37.803471)"
15_2_transit,transit,15,2,31,5.14916,8.28501,4.87701,7.84711,1.0558,10.8546,10.8924,"https://www.google.com/maps/dir/37.706304,-122.468994/37.765176,-122.419755/","LINESTRING(-122.468994 37.706304,-122.469094 37.706204,-122.447610 37.721658,-122.433657 37.733169,-122.418618 37.752322,-122.419855 37.765076,-122.419755 37.765176)"
15_4_transit,transit,15,4,21,4.26517,6.86266,4.21453,6.78118,1.01202,8.85362,8.88115,"https://www.google.com/maps/dir/37.706304,-122.468994/37.752422,-122.418518/","LINESTRING(-122.468994 37.706304,-122.469094 37.706204,-122.447610 37.721658,-122.433657 37.733169,-122.418618 37.752322,-122.418518 37.752422)"
15_7_transit,transit,15,7,13,1.60511,2.58263,1.58717,2.55375,1.01131,3.85169,3.85624,"https://www.google.com/maps/dir/37.706304,-122.468994/37.721758,-122.447510/","LINESTRING(-122.468994 37.706304,-122.469094 37.706204,-122.447610 37.721658,-122.447510 37.721758)"
15_11_transit,transit,15,11,129,6.18652,9.95411,5.88308,9.46587,1.05158,12.8556,13.0402,"https://www.google.com/maps/dir/37.706304,-122.468994/37.779450,-122.413879/","LINESTRING(-122.468994 37.706304,-122.469094 37.706204,-122.447610 37.721658,-122.433657 37.733169,-122.418618 37.752322,-122.419855 37.765076,-122.413979 37.779350,-122.413879 37.779450)"
15_19_transit,transit,15,19,118,7.48714,12.0468,7.15147,11.5067,1.04694,17.8585,18.0542,"https://www.google.com/maps/dir/37.706304,-122.468994/37.792789,-122.397080/","LINESTRING(-122.468994 37.706304,-122.469094 37.706204,-122.447610 37.721658,-122.433657 37.733169,-122.418618 37.752322,-122.419855 37.765076,-122.413979 37.779350,-122.407487 37.784545,-122.401742 37.789113,-122.397180 37.792689,-122.397080 37.792789)"
15_27_transit,transit,15,27,15,8.89675,14.3149,8.59906,13.8359,1.03462,20.856,20.8589,"https://www.google.com/maps/dir/37.706304,-122.468994/37.600199,-122.386840/","LINESTRING(-122.468994 37.706304,-122.469094 37.706204,-122.466267 37.684542,-122.444354 37.664337,-122.416484 37.637620,-122.391995 37.615923,-122.386940 37.600099,-122.386840 37.600199)"
15_29_transit,transit,15,29,142,7.13622,11.4822,6.80853,10.9549,1.04813,16.8575,16.9084,"https://www.google.com/maps/dir/37.706304,-122.468994/37.789213,-122.401642/","LINESTRING(-122.468994 37.706304,-122.469094 37.706204,-122.447610 37.721658,-122.433657 37.733169,-122.418618 37.752322,-122.419855 37.765076,-122.413979 37.779350,-122.407487 37.784545,-122.401742 37.789113,-122.401642 37.789213)"
15_38_transit,transit,15,38,94,6.69113,10.766,6.37408,10.2559,1.04974,14.8565,14.9066,"https://www.google.com/maps/dir/37.706304,-122.468994/37.784645,-122.407387/","LINESTRING(-122.468994 37.706304,-122.469094 37.706204,-122.447610 37.721658,-122.433657 37.733169,-122.418618 37.752322,-122.419855 37.765076,-122.413979 37.779350,-122.407487 37.784545,-122.407387 37.784645)"
15_43_transit,transit,15,43,23,7.76871,12.4999,7.52963,12.1152,1.03175,16.8549,16.8551,"https://www.google.com/maps/dir/37.706304,-122.468994/37.616023,-122.391895/","LINESTRING(-122.468994 37.706304,-122.469094 37.706204,-122.466267 37.684542,-122.444354 37.664337,-122.416484 37.637620,-122.391995 37.615923,-122.391895 37.616023)"
16_11_transit,transit,16,11,18,12.8918,20.743,10.1274,16.295,1.27297,28.8592,45.2023,"https://www.google.com/maps/dir/37.870117,-122.268078/37.779450,-122.413879/","LINESTRING(-122.268078 37.870117,-122.268178 37.870017,-122.269850 37.852969,-122.267263 37.828714,-122.268822 37.807960,-122.271689 37.803371,-122.295244 37.804823,-122.397180 37.792689,-122.401742 37.789113,-122.407487 37.784545,-122.413979 37.779350,-122.413879 37.779450)"
16_19_transit,transit,16,19,22,11.5912,18.6503,8.83778,14.22,1.31155,23.8562,39.7788,"https://www.google.com/maps/dir/37.870117,-122.268078/37.792789,-122.397080/","LINESTRING(-122.268078 37.870117,-122.268178 37.870017,-122.269850 37.852969,-122.267263 37.828714,-122.268822 37.807960,-122.271689 37.803371,-122.295244 37.804823,-122.397180 37.792689,-122.397080 37.792789)"
16_29_transit,transit,16,29,27,11.9421,19.2149,9.18572,14.7798,1.30008,24.8572,41.0208,"https://www.google.com/maps/dir/37.870117,-122.268078/37.789213,-122.401642/","LINESTRING(-122.268078 37.870117,-122.268178 37.870017,-122.269850 37.852969,-122.267263 37.828714,-122.268822 37.807960,-122.271689 37.803371,-122.295244 37.804823,-122.397180 37.792689,-122.401742 37.789113,-122.401642 37.789213)"
16_38_transit,transit,16,38,11,12.3872,19.9311,9.62695,15.4898,1.28672,26.8582,43.1542,"https://www.google.com/maps/dir/37.870117,-122.268078/37.784645,-122.407387/","LINESTRING(-122.268078 37.870117,-122.268178 37.870017,-122.269850 37.852969,-122.267263 37.828714,-122.268822 37.807960,-122.271689 37.803371,-122.295244 37.804823,-122.397180 37.792689,-122.401742 37.789113,-122.407487 37.784545,-122.407387 37.784645)"
17_1_transit,transit,17,1,43,9.54557,15.3588,8.76623,14.1049,1.0889,20.857,30.3813,"https://www.google.com/maps/dir/37.925205,-122.316868/37.803471,-122.271589/","LINESTRING(-122.316868 37.925205,-122.316968 37.925105,-122.298995 37.902533,-122.283608 37.873932,-122.268178 37.870017,-122.269850 37.852969,-122.267263 37.828714,-122.268822 37.807960,-122.271689 37.803371,-122.271589 37.803471)"
17_2_transit,transit,17,2,29,18.8029,30.2538,12.4005,19.9524,1.5163,39.8631,57.6608,"https://www.google.com/maps/dir/37.925205,-122.316868/37.765176,-122.419755/","LINESTRING(-122.316868 37.925205,-122.316968 37.925105,-122.298995 37.902533,-122.283608 37.873932,-122.268178 37.870017,-122.269850 37.852969,-122.267263 37.828714,-122.268822 37.807960,-122.271689 37.803371,-122.295244 37.804823,-122.397180 37.792689,-122.401742 37.789113,-122.407487 37.784545,-122.413979 37.779350,-122.419855 37.765076,-122.419755 37.765176)"
17_3_transit,transit,17,3,33,9.1919,14.7898,8.50941,13.6916,1.08021,18.856,26.8924,"https://www.google.com/maps/dir/37.925205,-122.316868/37.808060,-122.268722/","LINESTRING(-122.316868 37.925205,-122.316968 37.925105,-122.298995 37.902533,-122.283608 37.873932,-122.268178 37.870017,-122.269850 37.852969,-122.267263 37.828714,-122.268822 37.807960,-122.268722 37.808060)"
17_4_transit,transit,17,4,19,19.6869,31.6762,13.1639,21.1807,1.49552,41.8641,59.6638,"https://www.google.com/maps/dir/37.925205,-122.316868/37.752422,-122.418518/","LINESTRING(-122.316868 37.925205,-122.316968 37.925105,-122.298995 37.902533,-122.283608 37.873932,-122.268178 37.870017,-122.269850 37.852969,-122.267263 37.828714,-122.268822 37.807960,-122.271689 37.803371,-122.295244 37.804823,-122.397180 37.792689,-122.401742 37.789113,-122.407487 37.784545,-122.413979 37.779350,-122.419855 37.765076,-122.418618 37.752322,-122.418518 37.752422)"
17_6_transit,transit,17,6,19,6.07296,9.77139,5.60743,9.02236,1.08302,11.8539,11.9484,"https://www.google.com/maps/dir/37.925205,-122.316868/37.853069,-122.269750/","LINESTRING(-122.316868 37.925205,-122.316968 37.925105,-122.298995 37.902533,-122.283608 37.873932,-122.268178 37.870017,-122.269850 37.852969,-122.269750 37.853069)"
17_11_transit,transit,17,11,70,17.7655,28.5847,11.3768,18.3053,1.56155,37.8621,55.6541,"https://www.google.com/maps/dir/37.925205,-122.316868/37.779450,-122.413879/","LINESTRING(-122.316868 37.925205,-122.316968 37.925105,-122.298995 37.902533,-122.283608 37.873932,-122.268178 37.870017,-122.269850 37.852969,-122.267263 37.828714,-122.268822 37.807960,-122.271689 37.803371,-122.295244 37.804823,-122.397180 37.792689,-122.401742 37.789113,-122.407487 37.784545,-122.413979 37.779350,-122.413879 37.779450)"
17_15_transit,transit,17,15,11,23.9344,38.5105,17.2542,27.762,1.38716,50.8672,68.6689,"https://www.google.com/maps/dir/37.925205,-122.316868/37.706304,-122.468994/","LINESTRING(-122.316868 37.925205,-122.316968 37.925105,-122.298995 37.902533,-122.283608 37.873932,-122.268178 37.870017,-122.269850 37.852969,-122.267263 37.828714,-122.268822 37.807960,-122.271689 37.803371,-122.295244 37.804823,-122.397180 37.792689,-122.401742 37.789113,-122.407487 37.784545,-122.413979 37.779350,-122.419855 37.765076,-122.418618 37.752322,-122.433657 37.733169,-122.447610 37.721658,-122.469094 37.706204,-122.468994 37.706304)"
17_16_transit,transit,17,16,63,4.89127,7.87006,4.64371,7.47173,1.05331,9.85287,9.93861,"https://www.google.com/maps/dir/37.925205,-122.316868/37.870117,-122.268078/","LINESTRING(-122.316868 37.925205,-122.316968 37.925105,-122.298995 37.902533,-122.283608 37.873932,-122.268178 37.870017,-122.268078 37.870117)"
17_19_transit,transit,17,19,65,16.4649,26.492,10.1417,16.318,1.62349,32.859,50.2305,"https://www.google.com/maps/dir/37.925205,-122.316868/37.792789,-122.397080/","LINESTRING(-122.316868 37.925205,-122.316968 37.925105,-122.298995 37.902533,-122.283608 37.873932,-122.268178 37.870017,-122.269850 37.852969,-122.267263 37.828714,-122.268822 37.807960,-122.271689 37.803371,-122.295244 37.804823,-122.397180 37.792689,-122.397080 37.792789)"
17_26_transit,transit,17,26,20,7.75511,12.478,7.1906,11.5697,1.07851,14.855,14.9595,"https://www.google.com/maps/dir/37.925205,-122.316868/37.828814,-122.267163/","LINESTRING(-122.316868 37.925205,-122.316968 37.925105,-122.298995 37.902533,-122.283608 37.873932,-122.268178 37.870017,-122.269850 37.852969,-122.267263 37.828714,-122.267163 37.828814)"
17_29_transit,transit,17,29,71,16.8158,27.0566,10.4727,16.8505,1.60569,33.8601,51.4726,"https://www.google.com/maps/dir/37.925205,-122.316868/37.789213,-122.401642/","LINESTRING(-122.316868 37.925205,-122.316968 37.925105,-122.298995 37.902533,-122.283608 37.873932,-122.268178 37.870017,-122.269850 37.852969,-122.267263 37.828714,-122.268822 37.807960,-122.271689 37.803371,-122.295244 37.804823,-122.397180 37.792689,-122.401742 37.789113,-122.401642 37.789213)"
17_38_transit,transit,17,38,45,17.2609,27.7728,10.8952,17.5304,1.58426,35.8611,53.6059,"https://www.google.com/maps/dir/37.925205,-122.316868/37.784645,-122.407387/","LINESTRING(-122.316868 37.925205,-122.316968 37.925105,-122.298995 37.902533,-122.283608 37.873932,-122.268178 37.870017,-122.269850 37.852969,-122.267263 37.828714,-122.268822 37.807960,-122.271689 37.803371,-122.295244 37.804823,-122.397180 37.792689,-122.401742 37.789113,-122.407487 37.784545,-122.407387 37.784645)"
18_11_transit,transit,18,11,55,31.4695,50.6344,28.6278,46.0622,1.09926,50.8626,55.5427,"https://www.google.com/maps/dir/37.701692,-121.899242/37.779450,-122.413879/","LINESTRING(-121.899242 37.701692,-121.899342 37.701592,-121.928401 37.699660,-122.075715 37.690676,-122.126531 37.696838,-122.160813 37.721706,-122.196798 37.753504,-122.224167 37.774773,-122.265332 37.797257,-122.295244 37.804823,-122.397180 37.792689,-122.401742 37.789113,-122.407487 37.784545,-122.413979 37.779350,-122.413879 37.779450)"
18_19_transit,transit,18,19,112,30.1689,48.5417,27.9177,44.9195,1.08064,45.8595,50.4693,"https://www.google.com/maps/dir/37.701692,-121.899242/37.792789,-122.397080/","LINESTRING(-121.899242 37.701692,-121.899342 37.701592,-121.928401 37.699660,-122.075715 37.690676,-122.126531 37.696838,-122.160813 37.721706,-122.196798 37.753504,-122.224167 37.774773,-122.265332 37.797257,-122.295244 37.804823,-122.397180 37.792689,-122.397080 37.792789)"
18_29_transit,transit,18,29,75,30.5198,49.1064,28.107,45.2241,1.08584,47.8605,52.5262,"https://www.google.com/maps/dir/37.701692,-121.899242/37.789213,-122.401642/","LINESTRING(-121.899242 37.701692,-121.899342 37.701592,-121.928401 37.699660,-122.075715 37.690676,-122.126531 37.696838,-122.160813 37.721706,-122.196798 37.753504,-122.224167 37.774773,-122.265332 37.797257,-122.295244 37.804823,-122.397180 37.792689,-122.401742 37.789113,-122.401642 37.789213)"
18_38_transit,transit,18,38,33,30.9649,49.8225,28.3489,45.6134,1.09228,49.8616,54.5388,"https://www.google.com/maps/dir/37.701692,-121.899242/37.784645,-122.407387/","LINESTRING(-121.899242 37.701692,-121.899342 37.701592,-121.928401 37.699660,-122.075715 37.690676,-122.126531 37.696838,-122.160813 37.721706,-122.196798 37.753504,-122.224167 37.774773,-122.265332 37.797257,-122.295244 37.804823,-122.397180 37.792689,-122.401742 37.789113,-122.407487 37.784545,-122.407387 37.784645)"
19_1_transit,transit,19,1,33,6.93693,11.1615,6.891,11.0876,1.00667,11.8523,11.8538,"https://www.google.com/maps/dir/37.792789,-122.397080/37.803471,-122.271589/","LINESTRING(-122.397080 37.792789,-122.397180 37.792689,-122.295244 37.804823,-122.271689 37.803371,-122.271589 37.803471)"
19_3_transit,transit,19,3,28,7.2906,11.7306,7.08666,11.4024,1.02878,12.8533,12.8535,"https://www.google.com/maps/dir/37.792789,-122.397080/37.808060,-122.268722/","LINESTRING(-122.397080 37.792789,-122.397180 37.792689,-122.295244 37.804823,-122.271689 37.803371,-122.268822 37.807960,-122.268722 37.808060)"
19_4_transit,transit,19,4,13,3.23959,5.2125,3.02491,4.86708,1.07097,9.85543,9.9377,"https://www.google.com/maps/dir/37.792789,-122.397080/37.752422,-122.418518/","LINESTRING(-122.397080 37.792789,-122.397180 37.792689,-122.401742 37.789113,-122.407487 37.784545,-122.413979 37.779350,-122.419855 37.765076,-122.418618 37.752322,-122.418518 37.752422)"
19_11_transit,transit,19,11,23,1.31824,2.12104,1.30035,2.09226,1.01376,5.85337,5.93348,"https://www.google.com/maps/dir/37.792789,-122.397080/37.779450,-122.413879/","LINESTRING(-122.397080 37.792789,-122.397180 37.792689,-122.401742 37.789113,-122.407487 37.784545,-122.413979 37.779350,-122.413879 37.779450)"
19_16_transit,transit,19,16,11,11.5912,18.6503,8.83778,14.22,1.31155,22.8562,22.8862,"https://www.google.com/maps/dir/37.792789,-122.397080/37.870117,-122.268078/","LINESTRING(-122.397080 37.792789,-122.397180 37.792689,-122.295244 37.804823,-122.271689 37.803371,-122.268822 37.807960,-122.267263 37.828714,-122.269850 37.852969,-122.268178 37.870017,-122.268078 37.870117)"
19_50_transit,transit,19,50,13,5.64685,9.08577,5.62808,9.05558,1.00333,7.85131,7.85177,"https://www.google.com/maps/dir/37.792789,-122.397080/37.804923,-122.295144/","LINESTRING(-122.397080 37.792789,-122.397180 37.792689,-122.295244 37.804823,-122.295144 37.804923)"
20_3_transit,transit,20,3,20,23.9621,38.555,23.5548,37.8997,1.01729,37.8608,37.8729,"https://www.google.com/maps/dir/37.557513,-121.976605/37.808060,-122.268722/","LINESTRING(-121.976605 37.557513,-121.976705 37.557413,-122.017330 37.590665,-122.057258 37.634263,-122.087041 37.669631,-122.126531 37.696838,-122.160813 37.721706,-122.196798 37.753504,-122.224167 37.774773,-122.265332 37.797257,-122.271689 37.803371,-122.268822 37.807960,-122.268722 37.808060)"
20_9_transit,transit,20,9,15,14.2594,22.9433,14.2064,22.8582,1.00373,19.8548,19.8548,"https://www.google.com/maps/dir/37.557513,-121.976605/37.368495,-121.874661/","LINESTRING(-121.976605 37.557513,-121.976705 37.557413,-121.939458 37.502207,-121.890903 37.409736,-121.874761 37.368395,-121.874661 37.368495)"
20_11_transit,transit,20,11,15,31.7064,51.0157,28.4094,45.7107,1.11606,51.8639,55.1647,"https://www.google.com/maps/dir/37.557513,-121.976605/37.779450,-122.413879/","LINESTRING(-121.976605 37.557513,-121.976705 37.557413,-122.017330 37.590665,-122.057258 37.634263,-122.087041 37.669631,-122.126531 37.696838,-122.160813 37.721706,-122.196798 37.753504,-122.224167 37.774773,-122.265332 37.797257,-122.295244 37.804823,-122.397180 37.792689,-122.401742 37.789113,-122.407487 37.784545,-122.413979 37.779350,-122.413879 37.779450)"
20_19_transit,transit,20,19,43,30.4058,48.923,28.1605,45.3102,1.07973,46.8609,50.1018,"https://www.google.com/maps/dir/37.557513,-121.976605/37.792789,-122.397080/","LINESTRING(-121.976605 37.557513,-121.976705 37.557413,-122.017330 37.590665,-122.057258 37.634263,-122.087041 37.669631,-122.126531 37.696838,-122.160813 37.721706,-122.196798 37.753504,-122.224167 37.774773,-122.265332 37.797257,-122.295244 37.804823,-122.397180 37.792689,-122.397080 37.792789)"
20_29_transit,transit,20,29,28,30.7567,49.4876,28.2241,45.4126,1.08973,47.8619,51.1458,"https://www.google.com/maps/dir/37.557513,-121.976605/37.789213,-122.401642/","LINESTRING(-121.976605 37.557513,-121.976705 37.557413,-122.017330 37.590665,-122.057258 37.634263,-122.087041 37.669631,-122.126531 37.696838,-122.160813 37.721706,-122.196798 37.753504,-122.224167 37.774773,-122.265332 37.797257,-122.295244 37.804823,-122.397180 37.792689,-122.401742 37.789113,-122.401642 37.789213)"
21_2_transit,transit,21,2,23,12.4328,20.0044,10.7089,17.2306,1.16098,24.8574,27.694,"https://www.google.com/maps/dir/37.774873,-122.224067/37.765176,-122.419755/","LINESTRING(-122.224067 37.774873,-122.224167 37.774773,-122.265332 37.797257,-122.295244 37.804823,-122.397180 37.792689,-122.401742 37.789113,-122.407487 37.784545,-122.413979 37.779350,-122.419855 37.765076,-122.419755 37.765176)"
21_4_transit,transit,21,4,18,13.3168,21.4267,10.734,17.2709,1.24062,26.8585,29.6951,"https://www.google.com/maps/dir/37.774873,-122.224067/37.752422,-122.418518/","LINESTRING(-122.224067 37.774873,-122.224167 37.774773,-122.265332 37.797257,-122.295244 37.804823,-122.397180 37.792689,-122.401742 37.789113,-122.407487 37.784545,-122.413979 37.779350,-122.419855 37.765076,-122.418618 37.752322,-122.418518 37.752422)"
21_11_transit,transit,21,11,65,11.3955,18.3353,10.3708,16.6866,1.0988,21.8564,25.1304,"https://www.google.com/maps/dir/37.774873,-122.224067/37.779450,-122.413879/","LINESTRING(-122.224067 37.774873,-122.224167 37.774773,-122.265332 37.797257,-122.295244 37.804823,-122.397180 37.792689,-122.401742 37.789113,-122.407487 37.784545,-122.413979 37.779350,-122.413879 37.779450)"
21_13_transit,transit,21,13,11,2.11434,3.40197,2.09629,3.37294,1.00861,3.85146,3.85283,"https://www.google.com/maps/dir/37.774873,-122.224067/37.753604,-122.196698/","LINESTRING(-122.224067 37.774873,-122.224167 37.774773,-122.196798 37.753504,-122.196698 37.753604)"
21_15_transit,transit,21,15,14,17.5644,28.261,14.1964,22.842,1.23724,35.8616,38.6983,"https://www.google.com/maps/dir/37.774873,-122.224067/37.706304,-122.468994/","LINESTRING(-122.224067 37.774873,-122.224167 37.774773,-122.265332 37.797257,-122.295244 37.804823,-122.397180 37.792689,-122.401742 37.789113,-122.407487 37.784545,-122.413979 37.779350,-122.419855 37.765076,-122.418618 37.752322,-122.433657 37.733169,-122.447610 37.721658,-122.469094 37.706204,-122.468994 37.706304)"
21_16_transit,transit,21,16,15,7.95172,12.7943,7.00548,11.2718,1.13507,18.8562,18.8587,"https://www.google.com/maps/dir/37.774873,-122.224067/37.870117,-122.268078/","LINESTRING(-122.224067 37.774873,-122.224167 37.774773,-122.265332 37.797257,-122.271689 37.803371,-122.268822 37.807960,-122.267263 37.828714,-122.269850 37.852969,-122.268178 37.870017,-122.268078 37.870117)"
21_17_transit,transit,21,17,12,12.8254,20.636,11.5553,18.5925,1.10991,26.8591,26.8616,"https://www.google.com/maps/dir/37.774873,-122.224067/37.925205,-122.316868/","LINESTRING(-122.224067 37.774873,-122.224167 37.774773,-122.265332 37.797257,-122.271689 37.803371,-122.268822 37.807960,-122.267263 37.828714,-122.269850 37.852969,-122.268178 37.870017,-122.283608 37.873932,-122.298995 37.902533,-122.316968 37.925105,-122.316868 37.925205)"
21_18_transit,transit,21,18,16,20.0917,32.3275,18.4548,29.6938,1.08869,28.8566,28.8599,"https://www.google.com/maps/dir/37.774873,-122.224067/37.701692,-121.899242/","LINESTRING(-122.224067 37.774873,-122.224167 37.774773,-122.196798 37.753504,-122.160813 37.721706,-122.126531 37.696838,-122.075715 37.690676,-121.928401 37.699660,-121.899342 37.701592,-121.899242 37.701692)"
21_19_transit,transit,21,19,77,10.0948,16.2426,9.52847,15.3313,1.05944,16.8534,20.057,"https://www.google.com/maps/dir/37.774873,-122.224067/37.792789,-122.397080/","LINESTRING(-122.224067 37.774873,-122.224167 37.774773,-122.265332 37.797257,-122.295244 37.804823,-122.397180 37.792689,-122.397080 37.792789)"
21_20_transit,transit,21,20,12,20.3286,32.7087,20.2172,32.5295,1.00551,30.8579,30.875,"https://www.google.com/maps/dir/37.774873,-122.224067/37.557513,-121.976605/","LINESTRING(-122.224067 37.774873,-122.224167 37.774773,-122.196798 37.753504,-122.160813 37.721706,-122.126531 37.696838,-122.087041 37.669631,-122.057258 37.634263,-122.017330 37.590665,-121.976705 37.557413,-121.976605 37.557513)"
21_29_transit,transit,21,29,52,10.4458,16.8072,9.74756,15.6838,1.07163,18.8544,21.6632,"https://www.google.com/maps/dir/37.774873,-122.224067/37.789213,-122.401642/","LINESTRING(-122.224067 37.774873,-122.224167 37.774773,-122.265332 37.797257,-122.295244 37.804823,-122.397180 37.792689,-122.401742 37.789113,-122.401642 37.789213)"
21_38_transit,transit,21,38,57,10.8908,17.5234,10.0338,16.1445,1.08541,20.8554,23.6867,"https://www.google.com/maps/dir/37.774873,-122.224067/37.784645,-122.407387/","LINESTRING(-122.224067 37.774873,-122.224167 37.774773,-122.265332 37.797257,-122.295244 37.804823,-122.397180 37.792689,-122.401742 37.789113,-122.407487 37.784545,-122.407387 37.784645)"
21_41_transit,transit,21,41,19,5.06337,8.14695,5.04224,8.11297,1.00419,7.85254,7.85452,"https://www.google.com/maps/dir/37.774873,-122.224067/37.721806,-122.160713/","LINESTRING(-122.224067 37.774873,-122.224167 37.774773,-122.196798 37.753504,-122.160813 37.721706,-122.160713 37.721806)"
21_46_transit,transit,21,46,11,17.1299,27.5619,17.0217,27.3879,1.00636,25.8568,25.8729,"https://www.google.com/maps/dir/37.774873,-122.224067/37.590765,-122.017230/","LINESTRING(-122.224067 37.774873,-122.224167 37.774773,-122.196798 37.753504,-122.160813 37.721706,-122.126531 37.696838,-122.087041 37.669631,-122.057258 37.634263,-122.017330 37.590665,-122.017230 37.590765)"
22_2_transit,transit,22,2,19,2.45964,3.95755,2.32997,3.74893,1.05565,4.85253,4.87538,"https://www.google.com/maps/dir/37.733269,-122.433557/37.765176,-122.419755/","LINESTRING(-122.433557 37.733269,-122.433657 37.733169,-122.418618 37.752322,-122.419855 37.765076,-122.419755 37.765176)"
22_11_transit,transit,22,11,60,3.49699,5.62666,3.36704,5.41757,1.0386,7.8535,7.88543,"https://www.google.com/maps/dir/37.733269,-122.433557/37.779450,-122.413879/","LINESTRING(-122.433557 37.733269,-122.433657 37.733169,-122.418618 37.752322,-122.419855 37.765076,-122.413979 37.779350,-122.413879 37.779450)"
22_19_transit,transit,22,19,77,4.79761,7.71936,4.56973,7.35269,1.04987,12.8565,13.1987,"https://www.google.com/maps/dir/37.733269,-122.433557/37.792789,-122.397080/","LINESTRING(-122.433557 37.733269,-122.433657 37.733169,-122.418618 37.752322,-122.419855 37.765076,-122.413979 37.779350,-122.407487 37.784545,-122.401742 37.789113,-122.397180 37.792689,-122.397080 37.792789)"
22_29_transit,transit,22,29,85,4.44669,7.15473,4.24034,6.8227,1.04866,10.8555,11.182,"https://www.google.com/maps/dir/37.733269,-122.433557/37.789213,-122.401642/","LINESTRING(-122.433557 37.733269,-122.433657 37.733169,-122.418618 37.752322,-122.419855 37.765076,-122.413979 37.779350,-122.407487 37.784545,-122.401742 37.789113,-122.401642 37.789213)"
22_38_transit,transit,22,38,43,4.0016,6.43857,3.82682,6.15735,1.04567,8.85449,8.88957,"https://www.google.com/maps/dir/37.733269,-122.433557/37.784645,-122.407387/","LINESTRING(-122.433557 37.733269,-122.433657 37.733169,-122.418618 37.752322,-122.419855 37.765076,-122.413979 37.779350,-122.407487 37.784545,-122.407387 37.784645)"
23_1_transit,transit,23,1,20,13.7497,22.1232,13.6817,22.0138,1.00497,22.8566,22.8621,"https://www.google.com/maps/dir/37.669731,-122.086941/37.803471,-122.271589/","LINESTRING(-122.086941 37.669731,-122.087041 37.669631,-122.126531 37.696838,-122.160813 37.721706,-122.196798 37.753504,-122.224167 37.774773,-122.265332 37.797257,-122.271689 37.803371,-122.271589 37.803471)"
23_2_transit,transit,23,2,15,22.8851,36.8221,19.3488,31.1322,1.18276,39.8617,43.0804,"https://www.google.com/maps/dir/37.669731,-122.086941/37.765176,-122.419755/","LINESTRING(-122.086941 37.669731,-122.087041 37.669631,-122.126531 37.696838,-122.160813 37.721706,-122.196798 37.753504,-122.224167 37.774773,-122.265332 37.797257,-122.295244 37.804823,-122.397180 37.792689,-122.401742 37.789113,-122.407487 37.784545,-122.413979 37.779350,-122.419855 37.765076,-122.419755 37.765176)"
23_3_transit,transit,23,3,14,14.1033,22.6923,13.7842,22.1788,1.02315,23.8576,23.8632,"https://www.google.com/maps/dir/37.669731,-122.086941/37.808060,-122.268722/","LINESTRING(-122.086941 37.669731,-122.087041 37.669631,-122.126531 37.696838,-122.160813 37.721706,-122.196798 37.753504,-122.224167 37.774773,-122.265332 37.797257,-122.271689 37.803371,-122.268822 37.807960,-122.268722 37.808060)"
23_11_transit,transit,23,11,23,21.8477,35.1529,19.4091,31.2293,1.12564,37.8606,41.0786,"https://www.google.com/maps/dir/37.669731,-122.086941/37.779450,-122.413879/","LINESTRING(-122.086941 37.669731,-122.087041 37.669631,-122.126531 37.696838,-122.160813 37.721706,-122.196798 37.753504,-122.224167 37.774773,-122.265332 37.797257,-122.295244 37.804823,-122.397180 37.792689,-122.401742 37.789113,-122.407487 37.784545,-122.413979 37.779350,-122.413879 37.779450)"
23_13_transit,transit,23,13,13,8.37315,13.4724,8.3412,13.421,1.00383,11.8537,11.8559,"https://www.google.com/maps/dir/37.669731,-122.086941/37.753604,-122.196698/","LINESTRING(-122.086941 37.669731,-122.087041 37.669631,-122.126531 37.696838,-122.160813 37.721706,-122.196798 37.753504,-122.196698 37.753604)"
23_19_transit,transit,23,19,40,20.5471,33.0602,18.961,30.5083,1.08365,32.8576,35.978,"https://www.google.com/maps/dir/37.669731,-122.086941/37.792789,-122.397080/","LINESTRING(-122.086941 37.669731,-122.087041 37.669631,-122.126531 37.696838,-122.160813 37.721706,-122.196798 37.753504,-122.224167 37.774773,-122.265332 37.797257,-122.295244 37.804823,-122.397180 37.792689,-122.397080 37.792789)"
23_20_transit,transit,23,20,14,9.87637,15.8911,9.82789,15.8131,1.00493,14.8541,14.8613,"https://www.google.com/maps/dir/37.669731,-122.086941/37.557513,-121.976605/","LINESTRING(-122.086941 37.669731,-122.087041 37.669631,-122.057258 37.634263,-122.017330 37.590665,-121.976705 37.557413,-121.976605 37.557513)"
23_21_transit,transit,23,21,14,10.4699,16.846,10.4374,16.7938,1.00311,15.8546,15.8581,"https://www.google.com/maps/dir/37.669731,-122.086941/37.774873,-122.224067/","LINESTRING(-122.086941 37.669731,-122.087041 37.669631,-122.126531 37.696838,-122.160813 37.721706,-122.196798 37.753504,-122.224167 37.774773,-122.224067 37.774873)"
23_28_transit,transit,23,28,16,21.1268,33.993,20.9268,33.6713,1.00955,29.8565,29.8639,"https://www.google.com/maps/dir/37.669731,-122.086941/37.409836,-121.890803/","LINESTRING(-122.086941 37.669731,-122.087041 37.669631,-122.057258 37.634263,-122.017330 37.590665,-121.976705 37.557413,-121.939458 37.502207,-121.890903 37.409736,-121.890803 37.409836)"
23_29_transit,transit,23,29,35,20.898,33.6249,19.0763,30.6938,1.09549,33.8586,37.0497,"https://www.google.com/maps/dir/37.669731,-122.086941/37.789213,-122.401642/","LINESTRING(-122.086941 37.669731,-122.087041 37.669631,-122.126531 37.696838,-122.160813 37.721706,-122.196798 37.753504,-122.224167 37.774773,-122.265332 37.797257,-122.295244 37.804823,-122.397180 37.792689,-122.401742 37.789113,-122.401642 37.789213)"
23_38_transit,transit,23,38,19,21.3431,34.341,19.2279,30.9376,1.11001,35.8596,39.0731,"https://www.google.com/maps/dir/37.669731,-122.086941/37.784645,-122.407387/","LINESTRING(-122.086941 37.669731,-122.087041 37.669631,-122.126531 37.696838,-122.160813 37.721706,-122.196798 37.753504,-122.224167 37.774773,-122.265332 37.797257,-122.295244 37.804823,-122.397180 37.792689,-122.401742 37.789113,-122.407487 37.784545,-122.407387 37.784645)"
23_46_transit,transit,23,46,22,6.67762,10.7443,6.65733,10.7116,1.00305,9.85306,9.85917,"https://www.google.com/maps/dir/37.669731,-122.086941/37.590765,-122.017230/","LINESTRING(-122.086941 37.669731,-122.087041 37.669631,-122.057258 37.634263,-122.017330 37.590665,-122.017230 37.590765)"
23_47_transit,transit,23,47,11,14.2033,22.8532,14.1108,22.7043,1.00656,20.8553,20.8626,"https://www.google.com/maps/dir/37.669731,-122.086941/37.502307,-121.939358/","LINESTRING(-122.086941 37.669731,-122.087041 37.669631,-122.057258 37.634263,-122.017330 37.590665,-121.976705 37.557413,-121.939458 37.502207,-121.939358 37.502307)"
24_1_transit,transit,24,1,14,10.9513,17.6207,10.1356,16.3081,1.08048,18.8551,19.8753,"https://www.google.com/maps/dir/37.893220,-122.124644/37.803471,-122.271589/","LINESTRING(-122.124644 37.893220,-122.124744 37.893120,-122.183817 37.878403,-122.251371 37.844695,-122.267263 37.828714,-122.268822 37.807960,-122.271689 37.803371,-122.271589 37.803471)"
24_3_transit,transit,24,3,15,10.5976,17.0516,9.81887,15.7986,1.07931,17.8541,18.787,"https://www.google.com/maps/dir/37.893220,-122.124644/37.808060,-122.268722/","LINESTRING(-122.124644 37.893220,-122.124744 37.893120,-122.183817 37.878403,-122.251371 37.844695,-122.267263 37.828714,-122.268822 37.807960,-122.268722 37.808060)"
24_11_transit,transit,24,11,20,19.1712,30.8465,17.6323,28.3703,1.08728,35.8601,38.7185,"https://www.google.com/maps/dir/37.893220,-122.124644/37.779450,-122.413879/","LINESTRING(-122.124644 37.893220,-122.124744 37.893120,-122.183817 37.878403,-122.251371 37.844695,-122.267263 37.828714,-122.268822 37.807960,-122.271689 37.803371,-122.295244 37.804823,-122.397180 37.792689,-122.401742 37.789113,-122.407487 37.784545,-122.413979 37.779350,-122.413879 37.779450)"
24_19_transit,transit,24,19,92,17.8706,28.7538,16.4049,26.3954,1.08935,30.8571,33.6461,"https://www.google.com/maps/dir/37.893220,-122.124644/37.792789,-122.397080/","LINESTRING(-122.124644 37.893220,-122.124744 37.893120,-122.183817 37.878403,-122.251371 37.844695,-122.267263 37.828714,-122.268822 37.807960,-122.271689 37.803371,-122.295244 37.804823,-122.397180 37.792689,-122.397080 37.792789)"
24_29_transit,transit,24,29,70,18.2215,29.3185,16.7357,26.9277,1.08878,31.8581,34.6921,"https://www.google.com/maps/dir/37.893220,-122.124644/37.789213,-122.401642/","LINESTRING(-122.124644 37.893220,-122.124744 37.893120,-122.183817 37.878403,-122.251371 37.844695,-122.267263 37.828714,-122.268822 37.807960,-122.271689 37.803371,-122.295244 37.804823,-122.397180 37.792689,-122.401742 37.789113,-122.401642 37.789213)"
24_38_transit,transit,24,38,14,18.6666,30.0346,17.1554,27.6031,1.08809,33.8591,36.7111,"https://www.google.com/maps/dir/37.893220,-122.124644/37.784645,-122.407387/","LINESTRING(-122.124644 37.893220,-122.124744 37.893120,-122.183817 37.878403,-122.251371 37.844695,-122.267263 37.828714,-122.268822 37.807960,-122.271689 37.803371,-122.295244 37.804823,-122.397180 37.792689,-122.401742 37.789113,-122.407487 37.784545,-122.407387 37.784645)"
25_4_transit,transit,25,4,12,10.5838,17.0294,8.92869,14.3663,1.18537,22.8574,25.2285,"https://www.google.com/maps/dir/37.797357,-122.265232/37.752422,-122.418518/","LINESTRING(-122.265232 37.797357,-122.265332 37.797257,-122.295244 37.804823,-122.397180 37.792689,-122.401742 37.789113,-122.407487 37.784545,-122.413979 37.779350,-122.419855 37.765076,-122.418618 37.752322,-122.418518 37.752422)"
25_11_transit,transit,25,11,25,8.66247,13.9379,8.21042,13.2106,1.05506,17.8554,20.4314,"https://www.google.com/maps/dir/37.797357,-122.265232/37.779450,-122.413879/","LINESTRING(-122.265232 37.797357,-122.265332 37.797257,-122.295244 37.804823,-122.397180 37.792689,-122.401742 37.789113,-122.407487 37.784545,-122.413979 37.779350,-122.413879 37.779450)"
25_13_transit,transit,25,13,11,4.84731,7.79933,4.81123,7.74127,1.0075,7.85241,7.85443,"https://www.google.com/maps/dir/37.797357,-122.265232/37.753604,-122.196698/","LINESTRING(-122.265232 37.797357,-122.265332 37.797257,-122.224167 37.774773,-122.196798 37.753504,-122.196698 37.753604)"
25_19_transit,transit,25,19,57,7.36185,11.8452,7.20564,11.5939,1.02168,12.8523,15.358,"https://www.google.com/maps/dir/37.797357,-122.265232/37.792789,-122.397080/","LINESTRING(-122.265232 37.797357,-122.265332 37.797257,-122.295244 37.804823,-122.397180 37.792689,-122.397080 37.792789)"
25_29_transit,transit,25,29,41,7.71277,12.4099,7.46921,12.018,1.03261,14.8533,17.1966,"https://www.google.com/maps/dir/37.797357,-122.265232/37.789213,-122.401642/","LINESTRING(-122.265232 37.797357,-122.265332 37.797257,-122.295244 37.804823,-122.397180 37.792689,-122.401742 37.789113,-122.401642 37.789213)"
25_38_transit,transit,25,38,22,8.15787,13.126,7.81144,12.5686,1.04435,16.8543,19.22,"https://www.google.com/maps/dir/37.797357,-122.265232/37.784645,-122.407387/","LINESTRING(-122.265232 37.797357,-122.265332 37.797257,-122.295244 37.804823,-122.397180 37.792689,-122.401742 37.789113,-122.407487 37.784545,-122.407387 37.784645)"
26_2_transit,transit,26,2,26,11.0654,17.8042,9.42024,15.1572,1.17464,24.8583,27.0551,"https://www.google.com/maps/dir/37.828814,-122.267163/37.765176,-122.419755/","LINESTRING(-122.267163 37.828814,-122.267263 37.828714,-122.268822 37.807960,-122.271689 37.803371,-122.295244 37.804823,-122.397180 37.792689,-122.401742 37.789113,-122.407487 37.784545,-122.413979 37.779350,-122.419855 37.765076,-122.419755 37.765176)"
26_4_transit,transit,26,4,13,11.9494,19.2265,9.80602,15.7779,1.21857,26.8593,29.0569,"https://www.google.com/maps/dir/37.828814,-122.267163/37.752422,-122.418518/","LINESTRING(-122.267163 37.828814,-122.267263 37.828714,-122.268822 37.807960,-122.271689 37.803371,-122.295244 37.804823,-122.397180 37.792689,-122.401742 37.789113,-122.407487 37.784545,-122.413979 37.779350,-122.419855 37.765076,-122.418618 37.752322,-122.418518 37.752422)"
26_11_transit,transit,26,11,49,10.028,16.1351,8.7055,14.0071,1.15192,22.8573,25.0527,"https://www.google.com/maps/dir/37.828814,-122.267163/37.779450,-122.413879/","LINESTRING(-122.267163 37.828814,-122.267263 37.828714,-122.268822 37.807960,-122.271689 37.803371,-122.295244 37.804823,-122.397180 37.792689,-122.401742 37.789113,-122.407487 37.784545,-122.413979 37.779350,-122.413879 37.779450)"
26_16_transit,transit,26,16,11,2.88144,4.63624,2.85423,4.59246,1.00953,6.85209,6.85222,"https://www.google.com/maps/dir/37.828814,-122.267163/37.870117,-122.268078/","LINESTRING(-122.267163 37.828814,-122.267263 37.828714,-122.269850 37.852969,-122.268178 37.870017,-122.268078 37.870117)"
26_19_transit,transit,26,19,77,8.72739,14.0424,7.51592,12.0931,1.16119,17.8543,19.9696,"https://www.google.com/maps/dir/37.828814,-122.267163/37.792789,-122.397080/","LINESTRING(-122.267163 37.828814,-122.267263 37.828714,-122.268822 37.807960,-122.271689 37.803371,-122.295244 37.804823,-122.397180 37.792689,-122.397080 37.792789)"
26_29_transit,transit,26,29,50,9.07831,14.607,7.83434,12.6055,1.15878,18.8553,21.0196,"https://www.google.com/maps/dir/37.828814,-122.267163/37.789213,-122.401642/","LINESTRING(-122.267163 37.828814,-122.267263 37.828714,-122.268822 37.807960,-122.271689 37.803371,-122.295244 37.804823,-122.397180 37.792689,-122.401742 37.789113,-122.401642 37.789213)"
26_38_transit,transit,26,38,38,9.52341,15.3232,8.24076,13.2594,1.15565,20.8563,23.0433,"https://www.google.com/maps/dir/37.828814,-122.267163/37.784645,-122.407387/","LINESTRING(-122.267163 37.828814,-122.267263 37.828714,-122.268822 37.807960,-122.271689 37.803371,-122.295244 37.804823,-122.397180 37.792689,-122.401742 37.789113,-122.407487 37.784545,-122.407387 37.784645)"
27_11_transit,transit,27,11,19,15.0656,24.2406,12.4731,20.0692,1.20785,32.8608,33.0401,"https://www.google.com/maps/dir/37.600199,-122.386840/37.779450,-122.413879/","LINESTRING(-122.386840 37.600199,-122.386940 37.600099,-122.391995 37.615923,-122.416484 37.637620,-122.444354 37.664337,-122.466267 37.684542,-122.469094 37.706204,-122.447610 37.721658,-122.433657 37.733169,-122.418618 37.752322,-122.419855 37.765076,-122.413979 37.779350,-122.413879 37.779450)"
27_15_transit,transit,27,15,12,8.89675,14.3149,8.59906,13.8359,1.03462,18.856,18.8582,"https://www.google.com/maps/dir/37.600199,-122.386840/37.706304,-122.468994/","LINESTRING(-122.386840 37.600199,-122.386940 37.600099,-122.391995 37.615923,-122.416484 37.637620,-122.444354 37.664337,-122.466267 37.684542,-122.469094 37.706204,-122.468994 37.706304)"
27_19_transit,transit,27,19,25,16.3663,26.3333,13.3186,21.4296,1.22883,37.8638,38.2136,"https://www.google.com/maps/dir/37.600199,-122.386840/37.792789,-122.397080/","LINESTRING(-122.386840 37.600199,-122.386940 37.600099,-122.391995 37.615923,-122.416484 37.637620,-122.444354 37.664337,-122.466267 37.684542,-122.469094 37.706204,-122.447610 37.721658,-122.433657 37.733169,-122.418618 37.752322,-122.419855 37.765076,-122.413979 37.779350,-122.407487 37.784545,-122.401742 37.789113,-122.397180 37.792689,-122.397080 37.792789)"
27_29_transit,transit,27,29,24,16.0153,25.7687,13.0848,21.0534,1.22397,35.8628,36.197,"https://www.google.com/maps/dir/37.600199,-122.386840/37.789213,-122.401642/","LINESTRING(-122.386840 37.600199,-122.386940 37.600099,-122.391995 37.615923,-122.416484 37.637620,-122.444354 37.664337,-122.466267 37.684542,-122.469094 37.706204,-122.447610 37.721658,-122.433657 37.733169,-122.418618 37.752322,-122.419855 37.765076,-122.413979 37.779350,-122.407487 37.784545,-122.401742 37.789113,-122.401642 37.789213)"
27_43_transit,transit,27,43,15,1.14567,1.84339,1.12781,1.81465,1.01584,5.85215,5.85275,"https://www.google.com/maps/dir/37.600199,-122.386840/37.616023,-122.391895/","LINESTRING(-122.386840 37.600199,-122.386940 37.600099,-122.391995 37.615923,-122.391895 37.616023)"
28_19_transit,transit,28,19,22,41.6562,67.0248,38.3171,61.6522,1.08714,60.8632,64.1059,"https://www.google.com/maps/dir/37.409836,-121.890803/37.792789,-122.397080/","LINESTRING(-121.890803 37.409836,-121.890903 37.409736,-121.939458 37.502207,-121.976705 37.557413,-122.017330 37.590665,-122.057258 37.634263,-122.087041 37.669631,-122.126531 37.696838,-122.160813 37.721706,-122.196798 37.753504,-122.224167 37.774773,-122.265332 37.797257,-122.295244 37.804823,-122.397180 37.792689,-122.397080 37.792789)"
29_1_transit,transit,29,1,21,7.28785,11.7262,7.16861,11.5343,1.01663,12.8533,12.8575,"https://www.google.com/maps/dir/37.789213,-122.401642/37.803471,-122.271589/","LINESTRING(-122.401642 37.789213,-122.401742 37.789113,-122.397180 37.792689,-122.295244 37.804823,-122.271689 37.803371,-122.271589 37.803471)"
29_3_transit,transit,29,3,15,7.64152,12.2952,7.37282,11.8629,1.03644,14.8543,14.8546,"https://www.google.com/maps/dir/37.789213,-122.401642/37.808060,-122.268722/","LINESTRING(-122.401642 37.789213,-122.401742 37.789113,-122.397180 37.792689,-122.295244 37.804823,-122.271689 37.803371,-122.268822 37.807960,-122.268722 37.808060)"
30_11_transit,transit,30,11,28,13.776,22.1656,9.66078,15.5442,1.42597,30.8602,47.8505,"https://www.google.com/maps/dir/37.874032,-122.283508/37.779450,-122.413879/","LINESTRING(-122.283508 37.874032,-122.283608 37.873932,-122.268178 37.870017,-122.269850 37.852969,-122.267263 37.828714,-122.268822 37.807960,-122.271689 37.803371,-122.295244 37.804823,-122.397180 37.792689,-122.401742 37.789113,-122.407487 37.784545,-122.413979 37.779350,-122.413879 37.779450)"
30_19_transit,transit,30,19,38,12.4754,20.0729,8.3619,13.4543,1.49193,25.8572,42.4269,"https://www.google.com/maps/dir/37.874032,-122.283508/37.792789,-122.397080/","LINESTRING(-122.283508 37.874032,-122.283608 37.873932,-122.268178 37.870017,-122.269850 37.852969,-122.267263 37.828714,-122.268822 37.807960,-122.271689 37.803371,-122.295244 37.804823,-122.397180 37.792689,-122.397080 37.792789)"
30_29_transit,transit,30,29,31,12.8263,20.6375,8.71241,14.0183,1.47219,26.8582,43.669,"https://www.google.com/maps/dir/37.874032,-122.283508/37.789213,-122.401642/","LINESTRING(-122.283508 37.874032,-122.283608 37.873932,-122.268178 37.870017,-122.269850 37.852969,-122.267263 37.828714,-122.268822 37.807960,-122.271689 37.803371,-122.295244 37.804823,-122.397180 37.792689,-122.401742 37.789113,-122.401642 37.789213)"
30_38_transit,transit,30,38,20,13.2714,21.3537,9.15689,14.7334,1.44934,28.8592,45.8023,"https://www.google.com/maps/dir/37.874032,-122.283508/37.784645,-122.407387/","LINESTRING(-122.283508 37.874032,-122.283608 37.873932,-122.268178 37.870017,-122.269850 37.852969,-122.267263 37.828714,-122.268822 37.807960,-122.271689 37.803371,-122.295244 37.804823,-122.397180 37.792689,-122.401742 37.789113,-122.407487 37.784545,-122.407387 37.784645)"
31_3_transit,transit,31,3,14,21.0431,33.8584,18.9567,30.5013,1.11006,33.8578,35.0235,"https://www.google.com/maps/dir/38.003407,-122.024561/37.808060,-122.268722/","LINESTRING(-122.024561 38.003407,-122.024661 38.003307,-122.029226 37.973673,-122.056115 37.928363,-122.067479 37.905712,-122.124744 37.893120,-122.183817 37.878403,-122.251371 37.844695,-122.267263 37.828714,-122.268822 37.807960,-122.268722 37.808060)"
31_11_transit,transit,31,11,19,29.6167,47.6533,26.2697,42.2679,1.12741,51.8639,54.9551,"https://www.google.com/maps/dir/38.003407,-122.024561/37.779450,-122.413879/","LINESTRING(-122.024561 38.003407,-122.024661 38.003307,-122.029226 37.973673,-122.056115 37.928363,-122.067479 37.905712,-122.124744 37.893120,-122.183817 37.878403,-122.251371 37.844695,-122.267263 37.828714,-122.268822 37.807960,-122.271689 37.803371,-122.295244 37.804823,-122.397180 37.792689,-122.401742 37.789113,-122.407487 37.784545,-122.413979 37.779350,-122.413879 37.779450)"
31_19_transit,transit,31,19,26,28.3161,45.5606,24.9859,40.2023,1.13328,46.8609,49.8826,"https://www.google.com/maps/dir/38.003407,-122.024561/37.792789,-122.397080/","LINESTRING(-122.024561 38.003407,-122.024661 38.003307,-122.029226 37.973673,-122.056115 37.928363,-122.067479 37.905712,-122.124744 37.893120,-122.183817 37.878403,-122.251371 37.844695,-122.267263 37.828714,-122.268822 37.807960,-122.271689 37.803371,-122.295244 37.804823,-122.397180 37.792689,-122.397080 37.792789)"
31_29_transit,transit,31,29,20,28.667,46.1252,25.3325,40.7599,1.13163,47.8619,50.9287,"https://www.google.com/maps/dir/38.003407,-122.024561/37.789213,-122.401642/","LINESTRING(-122.024561 38.003407,-122.024661 38.003307,-122.029226 37.973673,-122.056115 37.928363,-122.067479 37.905712,-122.124744 37.893120,-122.183817 37.878403,-122.251371 37.844695,-122.267263 37.828714,-122.268822 37.807960,-122.271689 37.803371,-122.295244 37.804823,-122.397180 37.792689,-122.401742 37.789113,-122.401642 37.789213)"
31_38_transit,transit,31,38,17,29.1121,46.8414,25.7717,41.4667,1.12962,49.8629,52.9477,"https://www.google.com/maps/dir/38.003407,-122.024561/37.784645,-122.407387/","LINESTRING(-122.024561 38.003407,-122.024661 38.003307,-122.029226 37.973673,-122.056115 37.928363,-122.067479 37.905712,-122.124744 37.893120,-122.183817 37.878403,-122.251371 37.844695,-122.267263 37.828714,-122.268822 37.807960,-122.271689 37.803371,-122.295244 37.804823,-122.397180 37.792689,-122.401742 37.789113,-122.407487 37.784545,-122.407387 37.784645)"
33_11_transit,transit,33,11,19,15.7925,25.4102,14.3043,23.0156,1.10404,30.8592,33.4606,"https://www.google.com/maps/dir/37.878503,-122.183717/37.779450,-122.413879/","LINESTRING(-122.183717 37.878503,-122.183817 37.878403,-122.251371 37.844695,-122.267263 37.828714,-122.268822 37.807960,-122.271689 37.803371,-122.295244 37.804823,-122.397180 37.792689,-122.401742 37.789113,-122.407487 37.784545,-122.413979 37.779350,-122.413879 37.779450)"
33_19_transit,transit,33,19,87,14.4919,23.3175,13.0626,21.0177,1.10942,25.8561,28.3774,"https://www.google.com/maps/dir/37.878503,-122.183717/37.792789,-122.397080/","LINESTRING(-122.183717 37.878503,-122.183817 37.878403,-122.251371 37.844695,-122.267263 37.828714,-122.268822 37.807960,-122.271689 37.803371,-122.295244 37.804823,-122.397180 37.792689,-122.397080 37.792789)"
33_29_transit,transit,33,29,57,14.8428,23.8821,13.3972,21.5561,1.10791,26.8572,29.4274,"https://www.google.com/maps/dir/37.878503,-122.183717/37.789213,-122.401642/","LINESTRING(-122.183717 37.878503,-122.183817 37.878403,-122.251371 37.844695,-122.267263 37.828714,-122.268822 37.807960,-122.271689 37.803371,-122.295244 37.804823,-122.397180 37.792689,-122.401742 37.789113,-122.401642 37.789213)"
34_11_transit,transit,34,11,15,37.1305,59.743,32.9854,53.0736,1.12566,67.8659,71.1023,"https://www.google.com/maps/dir/38.016873,-121.889011/37.779450,-122.413879/","LINESTRING(-121.889011 38.016873,-121.889111 38.016773,-121.944348 38.018850,-122.024661 38.003307,-122.029226 37.973673,-122.056115 37.928363,-122.067479 37.905712,-122.124744 37.893120,-122.183817 37.878403,-122.251371 37.844695,-122.267263 37.828714,-122.268822 37.807960,-122.271689 37.803371,-122.295244 37.804823,-122.397180 37.792689,-122.401742 37.789113,-122.407487 37.784545,-122.413979 37.779350,-122.413879 37.779450)"
34_14_transit,transit,34,14,15,9.59438,15.4374,8.18991,13.1776,1.17149,19.8524,20.0531,"https://www.google.com/maps/dir/38.016873,-121.889011/37.973773,-122.029126/","LINESTRING(-121.889011 38.016873,-121.889111 38.016773,-121.944348 38.018850,-122.024661 38.003307,-122.029226 37.973673,-122.029126 37.973773)"
34_29_transit,transit,34,29,13,36.1808,58.2149,32.0705,51.6015,1.12816,63.8639,67.0691,"https://www.google.com/maps/dir/38.016873,-121.889011/37.789213,-122.401642/","LINESTRING(-121.889011 38.016873,-121.889111 38.016773,-121.944348 38.018850,-122.024661 38.003307,-122.029226 37.973673,-122.056115 37.928363,-122.067479 37.905712,-122.124744 37.893120,-122.183817 37.878403,-122.251371 37.844695,-122.267263 37.828714,-122.268822 37.807960,-122.271689 37.803371,-122.295244 37.804823,-122.397180 37.792689,-122.401742 37.789113,-122.401642 37.789213)"
34_38_transit,transit,34,38,15,36.6259,58.9311,32.4993,52.2913,1.12698,65.8649,69.0929,"https://www.google.com/maps/dir/38.016873,-121.889011/37.784645,-122.407387/","LINESTRING(-121.889011 38.016873,-121.889111 38.016773,-121.944348 38.018850,-122.024661 38.003307,-122.029226 37.973673,-122.056115 37.928363,-122.067479 37.905712,-122.124744 37.893120,-122.183817 37.878403,-122.251371 37.844695,-122.267263 37.828714,-122.268822 37.807960,-122.271689 37.803371,-122.295244 37.804823,-122.397180 37.792689,-122.401742 37.789113,-122.407487 37.784545,-122.407387 37.784645)"
35_1_transit,transit,35,1,20,15.8766,25.5455,14.5895,23.4744,1.08823,26.857,28.0718,"https://www.google.com/maps/dir/37.928463,-122.056015/37.803471,-122.271589/","LINESTRING(-122.056015 37.928463,-122.056115 37.928363,-122.067479 37.905712,-122.124744 37.893120,-122.183817 37.878403,-122.251371 37.844695,-122.267263 37.828714,-122.268822 37.807960,-122.271689 37.803371,-122.271589 37.803471)"
35_3_transit,transit,35,3,39,15.5229,24.9764,14.2764,22.9707,1.08732,25.856,26.9835,"https://www.google.com/maps/dir/37.928463,-122.056015/37.808060,-122.268722/","LINESTRING(-122.056015 37.928463,-122.056115 37.928363,-122.067479 37.905712,-122.124744 37.893120,-122.183817 37.878403,-122.251371 37.844695,-122.267263 37.828714,-122.268822 37.807960,-122.268722 37.808060)"
35_11_transit,transit,35,11,47,24.0965,38.7713,22.0718,35.5135,1.09173,43.8621,46.9151,"https://www.google.com/maps/dir/37.928463,-122.056015/37.779450,-122.413879/","LINESTRING(-122.056015 37.928463,-122.056115 37.928363,-122.067479 37.905712,-122.124744 37.893120,-122.183817 37.878403,-122.251371 37.844695,-122.267263 37.828714,-122.268822 37.807960,-122.271689 37.803371,-122.295244 37.804823,-122.397180 37.792689,-122.401742 37.789113,-122.407487 37.784545,-122.413979 37.779350,-122.413879 37.779450)"
35_19_transit,transit,35,19,111,22.7959,36.6786,20.8333,33.5209,1.0942,38.859,41.8426,"https://www.google.com/maps/dir/37.928463,-122.056015/37.792789,-122.397080/","LINESTRING(-122.056015 37.928463,-122.056115 37.928363,-122.067479 37.905712,-122.124744 37.893120,-122.183817 37.878403,-122.251371 37.844695,-122.267263 37.828714,-122.268822 37.807960,-122.271689 37.803371,-122.295244 37.804823,-122.397180 37.792689,-122.397080 37.792789)"
35_29_transit,transit,35,29,110,23.1468,37.2433,21.1675,34.0584,1.09351,39.86,42.8887,"https://www.google.com/maps/dir/37.928463,-122.056015/37.789213,-122.401642/","LINESTRING(-122.056015 37.928463,-122.056115 37.928363,-122.067479 37.905712,-122.124744 37.893120,-122.183817 37.878403,-122.251371 37.844695,-122.267263 37.828714,-122.268822 37.807960,-122.271689 37.803371,-122.295244 37.804823,-122.397180 37.792689,-122.401742 37.789113,-122.401642 37.789213)"
35_38_transit,transit,35,38,29,23.5919,37.9594,21.591,34.74,1.09267,41.8611,44.9077,"https://www.google.com/maps/dir/37.928463,-122.056015/37.784645,-122.407387/","LINESTRING(-122.056015 37.928463,-122.056115 37.928363,-122.067479 37.905712,-122.124744 37.893120,-122.183817 37.878403,-122.251371 37.844695,-122.267263 37.828714,-122.268822 37.807960,-122.271689 37.803371,-122.295244 37.804823,-122.397180 37.792689,-122.401742 37.789113,-122.407487 37.784545,-122.407387 37.784645)"
35_43_transit,transit,35,43,16,38.0165,61.1686,28.3292,45.5816,1.34196,72.8714,75.9262,"https://www.google.com/maps/dir/37.928463,-122.056015/37.616023,-122.391895/","LINESTRING(-122.056015 37.928463,-122.056115 37.928363,-122.067479 37.905712,-122.124744 37.893120,-122.183817 37.878403,-122.251371 37.844695,-122.267263 37.828714,-122.268822 37.807960,-122.271689 37.803371,-122.295244 37.804823,-122.397180 37.792689,-122.401742 37.789113,-122.407487 37.784545,-122.413979 37.779350,-122.419855 37.765076,-122.418618 37.752322,-122.433657 37.733169,-122.447610 37.721658,-122.469094 37.706204,-122.466267 37.684542,-122.444354 37.664337,-122.416484 37.637620,-122.391995 37.615923,-122.391895 37.616023)"
36_1_transit,transit,36,1,20,25.8998,41.6727,23.2396,37.3925,1.11447,40.8598,42.1168,"https://www.google.com/maps/dir/38.018950,-121.944248/37.803471,-122.271589/","LINESTRING(-121.944248 38.018950,-121.944348 38.018850,-122.024661 38.003307,-122.029226 37.973673,-122.056115 37.928363,-122.067479 37.905712,-122.124744 37.893120,-122.183817 37.878403,-122.251371 37.844695,-122.267263 37.828714,-122.268822 37.807960,-122.271689 37.803371,-122.271589 37.803471)"
36_2_transit,transit,36,2,18,35.1571,56.5677,31.3002,50.3621,1.12322,59.8659,62.962,"https://www.google.com/maps/dir/38.018950,-121.944248/37.765176,-122.419755/","LINESTRING(-121.944248 38.018950,-121.944348 38.018850,-122.024661 38.003307,-122.029226 37.973673,-122.056115 37.928363,-122.067479 37.905712,-122.124744 37.893120,-122.183817 37.878403,-122.251371 37.844695,-122.267263 37.828714,-122.268822 37.807960,-122.271689 37.803371,-122.295244 37.804823,-122.397180 37.792689,-122.401742 37.789113,-122.407487 37.784545,-122.413979 37.779350,-122.419855 37.765076,-122.419755 37.765176)"
36_3_transit,transit,36,3,21,25.5461,41.1037,22.9165,36.8726,1.11475,39.8588,41.0285,"https://www.google.com/maps/dir/38.018950,-121.944248/37.808060,-122.268722/","LINESTRING(-121.944248 38.018950,-121.944348 38.018850,-122.024661 38.003307,-122.029226 37.973673,-122.056115 37.928363,-122.067479 37.905712,-122.124744 37.893120,-122.183817 37.878403,-122.251371 37.844695,-122.267263 37.828714,-122.268822 37.807960,-122.268722 37.808060)"
36_4_transit,transit,36,4,21,36.0411,57.9901,31.7491,51.0843,1.13518,61.8669,64.9634,"https://www.google.com/maps/dir/38.018950,-121.944248/37.752422,-122.418518/","LINESTRING(-121.944248 38.018950,-121.944348 38.018850,-122.024661 38.003307,-122.029226 37.973673,-122.056115 37.928363,-122.067479 37.905712,-122.124744 37.893120,-122.183817 37.878403,-122.251371 37.844695,-122.267263 37.828714,-122.268822 37.807960,-122.271689 37.803371,-122.295244 37.804823,-122.397180 37.792689,-122.401742 37.789113,-122.407487 37.784545,-122.413979 37.779350,-122.419855 37.765076,-122.418618 37.752322,-122.418518 37.752422)"
36_11_transit,transit,36,11,53,34.1197,54.8986,30.4869,49.0535,1.11916,57.8649,60.9601,"https://www.google.com/maps/dir/38.018950,-121.944248/37.779450,-122.413879/","LINESTRING(-121.944248 38.018950,-121.944348 38.018850,-122.024661 38.003307,-122.029226 37.973673,-122.056115 37.928363,-122.067479 37.905712,-122.124744 37.893120,-122.183817 37.878403,-122.251371 37.844695,-122.267263 37.828714,-122.268822 37.807960,-122.271689 37.803371,-122.295244 37.804823,-122.397180 37.792689,-122.401742 37.789113,-122.407487 37.784545,-122.413979 37.779350,-122.413879 37.779450)"
36_14_transit,transit,36,14,15,6.58359,10.593,5.57696,8.97333,1.1805,9.85144,10.004,"https://www.google.com/maps/dir/38.018950,-121.944248/37.973773,-122.029126/","LINESTRING(-121.944248 38.018950,-121.944348 38.018850,-122.024661 38.003307,-122.029226 37.973673,-122.029126 37.973773)"
36_19_transit,transit,36,19,82,32.8191,52.8059,29.2168,47.0099,1.12329,52.8618,55.8876,"https://www.google.com/maps/dir/38.018950,-121.944248/37.792789,-122.397080/","LINESTRING(-121.944248 38.018950,-121.944348 38.018850,-122.024661 38.003307,-122.029226 37.973673,-122.056115 37.928363,-122.067479 37.905712,-122.124744 37.893120,-122.183817 37.878403,-122.251371 37.844695,-122.267263 37.828714,-122.268822 37.807960,-122.271689 37.803371,-122.295244 37.804823,-122.397180 37.792689,-122.397080 37.792789)"
36_26_transit,transit,36,26,26,24.1093,38.7919,21.9624,35.3374,1.09776,35.8578,36.7292,"https://www.google.com/maps/dir/38.018950,-121.944248/37.828814,-122.267163/","LINESTRING(-121.944248 38.018950,-121.944348 38.018850,-122.024661 38.003307,-122.029226 37.973673,-122.056115 37.928363,-122.067479 37.905712,-122.124744 37.893120,-122.183817 37.878403,-122.251371 37.844695,-122.267263 37.828714,-122.267163 37.828814)"
36_29_transit,transit,36,29,65,33.17,53.3706,29.5597,47.5616,1.12213,53.8628,56.9337,"https://www.google.com/maps/dir/38.018950,-121.944248/37.789213,-122.401642/","LINESTRING(-121.944248 38.018950,-121.944348 38.018850,-122.024661 38.003307,-122.029226 37.973673,-122.056115 37.928363,-122.067479 37.905712,-122.124744 37.893120,-122.183817 37.878403,-122.251371 37.844695,-122.267263 37.828714,-122.268822 37.807960,-122.271689 37.803371,-122.295244 37.804823,-122.397180 37.792689,-122.401742 37.789113,-122.401642 37.789213)"
36_38_transit,transit,36,38,58,33.6151,54.0867,29.9943,48.2608,1.12072,55.8639,58.9527,"https://www.google.com/maps/dir/38.018950,-121.944248/37.784645,-122.407387/","LINESTRING(-121.944248 38.018950,-121.944348 38.018850,-122.024661 38.003307,-122.029226 37.973673,-122.056115 37.928363,-122.067479 37.905712,-122.124744 37.893120,-122.183817 37.878403,-122.251371 37.844695,-122.267263 37.828714,-122.268822 37.807960,-122.271689 37.803371,-122.295244 37.804823,-122.397180 37.792689,-122.401742 37.789113,-122.407487 37.784545,-122.407387 37.784645)"
36_48_transit,transit,36,48,20,11.7243,18.8644,10.3004,16.5734,1.13823,17.8536,18.1781,"https://www.google.com/maps/dir/38.018950,-121.944248/37.905812,-122.067379/","LINESTRING(-121.944248 38.018950,-121.944348 38.018850,-122.024661 38.003307,-122.029226 37.973673,-122.056115 37.928363,-122.067479 37.905712,-122.067379 37.905812)"
37_1_transit,transit,37,1,12,7.70341,12.3948,7.01159,11.2816,1.09867,17.8561,27.1972,"https://www.google.com/maps/dir/37.902633,-122.298895/37.803471,-122.271589/","LINESTRING(-122.298895 37.902633,-122.298995 37.902533,-122.283608 37.873932,-122.268178 37.870017,-122.269850 37.852969,-122.267263 37.828714,-122.268822 37.807960,-122.271689 37.803371,-122.271589 37.803471)"
37_3_transit,transit,37,3,12,7.34974,11.8257,6.73857,10.8424,1.0907,15.8551,23.7083,"https://www.google.com/maps/dir/37.902633,-122.298895/37.808060,-122.268722/","LINESTRING(-122.298895 37.902633,-122.298995 37.902533,-122.283608 37.873932,-122.268178 37.870017,-122.269850 37.852969,-122.267263 37.828714,-122.268822 37.807960,-122.268722 37.808060)"
37_11_transit,transit,37,11,32,15.9233,25.6207,10.5738,17.0132,1.50593,34.8611,52.47,"https://www.google.com/maps/dir/37.902633,-122.298895/37.779450,-122.413879/","LINESTRING(-122.298895 37.902633,-122.298995 37.902533,-122.283608 37.873932,-122.268178 37.870017,-122.269850 37.852969,-122.267263 37.828714,-122.268822 37.807960,-122.271689 37.803371,-122.295244 37.804823,-122.397180 37.792689,-122.401742 37.789113,-122.407487 37.784545,-122.413979 37.779350,-122.413879 37.779450)"
37_16_transit,transit,37,16,28,3.04911,4.90603,2.80562,4.51425,1.08679,6.85192,6.92298,"https://www.google.com/maps/dir/37.902633,-122.298895/37.870117,-122.268078/","LINESTRING(-122.298895 37.902633,-122.298995 37.902533,-122.283608 37.873932,-122.268178 37.870017,-122.268078 37.870117)"
37_19_transit,transit,37,19,39,14.6227,23.528,9.2897,14.9471,1.57408,29.8581,47.0464,"https://www.google.com/maps/dir/37.902633,-122.298895/37.792789,-122.397080/","LINESTRING(-122.298895 37.902633,-122.298995 37.902533,-122.283608 37.873932,-122.268178 37.870017,-122.269850 37.852969,-122.267263 37.828714,-122.268822 37.807960,-122.271689 37.803371,-122.295244 37.804823,-122.397180 37.792689,-122.397080 37.792789)"
37_26_transit,transit,37,26,11,5.91295,9.51394,5.38615,8.66631,1.09781,11.854,11.9438,"https://www.google.com/maps/dir/37.902633,-122.298895/37.828814,-122.267163/","LINESTRING(-122.298895 37.902633,-122.298995 37.902533,-122.283608 37.873932,-122.268178 37.870017,-122.269850 37.852969,-122.267263 37.828714,-122.267163 37.828814)"
37_29_transit,transit,37,29,38,14.9736,24.0926,9.63536,15.5033,1.55403,30.8591,48.2885,"https://www.google.com/maps/dir/37.902633,-122.298895/37.789213,-122.401642/","LINESTRING(-122.298895 37.902633,-122.298995 37.902533,-122.283608 37.873932,-122.268178 37.870017,-122.269850 37.852969,-122.267263 37.828714,-122.268822 37.807960,-122.271689 37.803371,-122.295244 37.804823,-122.397180 37.792689,-122.401742 37.789113,-122.401642 37.789213)"
37_38_transit,transit,37,38,21,15.4187,24.8088,10.0748,16.2103,1.53043,32.8601,50.4218,"https://www.google.com/maps/dir/37.902633,-122.298895/37.784645,-122.407387/","LINESTRING(-122.298895 37.902633,-122.298995 37.902533,-122.283608 37.873932,-122.268178 37.870017,-122.269850 37.852969,-122.267263 37.828714,-122.268822 37.807960,-122.271689 37.803371,-122.295244 37.804823,-122.397180 37.792689,-122.401742 37.789113,-122.407487 37.784545,-122.407387 37.784645)"
38_1_transit,transit,38,1,21,7.73295,12.4423,7.52773,12.1121,1.02726,14.8543,14.9596,"https://www.google.com/maps/dir/37.784645,-122.407387/37.803471,-122.271589/","LINESTRING(-122.407387 37.784645,-122.407487 37.784545,-122.401742 37.789113,-122.397180 37.792689,-122.295244 37.804823,-122.271689 37.803371,-122.271589 37.803471)"
38_2_transit,transit,38,2,11,1.55958,2.50937,1.50525,2.42195,1.03609,4.85242,4.86218,"https://www.google.com/maps/dir/37.784645,-122.407387/37.765176,-122.419755/","LINESTRING(-122.407387 37.784645,-122.407487 37.784545,-122.413979 37.779350,-122.419855 37.765076,-122.419755 37.765176)"
38_3_transit,transit,38,3,15,8.08661,13.0114,7.74173,12.4564,1.04455,15.8553,15.9621,"https://www.google.com/maps/dir/37.784645,-122.407387/37.808060,-122.268722/","LINESTRING(-122.407387 37.784645,-122.407487 37.784545,-122.401742 37.789113,-122.397180 37.792689,-122.295244 37.804823,-122.271689 37.803371,-122.268822 37.807960,-122.268722 37.808060)"
38_7_transit,transit,38,7,23,5.10364,8.21175,4.86667,7.83048,1.04869,11.8555,11.8667,"https://www.google.com/maps/dir/37.784645,-122.407387/37.721758,-122.447510/","LINESTRING(-122.407387 37.784645,-122.407487 37.784545,-122.413979 37.779350,-122.419855 37.765076,-122.418618 37.752322,-122.433657 37.733169,-122.447610 37.721658,-122.447510 37.721758)"
38_15_transit,transit,38,15,14,6.69113,10.766,6.37408,10.2559,1.04974,15.8565,15.8679,"https://www.google.com/maps/dir/37.784645,-122.407387/37.706304,-122.468994/","LINESTRING(-122.407387 37.784645,-122.407487 37.784545,-122.413979 37.779350,-122.419855 37.765076,-122.418618 37.752322,-122.433657 37.733169,-122.447610 37.721658,-122.469094 37.706204,-122.468994 37.706304)"
38_16_transit,transit,38,16,12,12.3872,19.9311,9.62695,15.4898,1.28672,25.8582,25.9697,"https://www.google.com/maps/dir/37.784645,-122.407387/37.870117,-122.268078/","LINESTRING(-122.407387 37.784645,-122.407487 37.784545,-122.401742 37.789113,-122.397180 37.792689,-122.295244 37.804823,-122.271689 37.803371,-122.268822 37.807960,-122.267263 37.828714,-122.269850 37.852969,-122.268178 37.870017,-122.268078 37.870117)"
38_22_transit,transit,38,22,14,4.0016,6.43857,3.82682,6.15735,1.04567,9.85449,9.86552,"https://www.google.com/maps/dir/37.784645,-122.407387/37.733269,-122.433557/","LINESTRING(-122.407387 37.784645,-122.407487 37.784545,-122.413979 37.779350,-122.419855 37.765076,-122.418618 37.752322,-122.433657 37.733169,-122.433557 37.733269)"
38_43_transit,transit,38,43,21,14.4422,23.2375,11.6815,18.7956,1.23633,31.8607,31.8723,"https://www.google.com/maps/dir/37.784645,-122.407387/37.616023,-122.391895/","LINESTRING(-122.407387 37.784645,-122.407487 37.784545,-122.413979 37.779350,-122.419855 37.765076,-122.418618 37.752322,-122.433657 37.733169,-122.447610 37.721658,-122.469094 37.706204,-122.466267 37.684542,-122.444354 37.664337,-122.416484 37.637620,-122.391995 37.615923,-122.391895 37.616023)"
38_50_transit,transit,38,50,11,6.44286,10.3666,6.28647,10.1149,1.02488,10.8533,10.9502,"https://www.google.com/maps/dir/37.784645,-122.407387/37.804923,-122.295144/","LINESTRING(-122.407387 37.784645,-122.407487 37.784545,-122.401742 37.789113,-122.397180 37.792689,-122.295244 37.804823,-122.295144 37.804923)"
39_1_transit,transit,39,1,19,11.6719,18.7802,10.2264,16.4542,1.14136,24.858,34.3877,"https://www.google.com/maps/dir/37.936795,-122.353004/37.803471,-122.271589/","LINESTRING(-122.353004 37.936795,-122.353104 37.936695,-122.316968 37.925105,-122.298995 37.902533,-122.283608 37.873932,-122.268178 37.870017,-122.269850 37.852969,-122.267263 37.828714,-122.268822 37.807960,-122.271689 37.803371,-122.271589 37.803471)"
39_2_transit,transit,39,2,16,20.9292,33.6751,12.4045,19.9588,1.68723,43.8641,61.6672,"https://www.google.com/maps/dir/37.936795,-122.353004/37.765176,-122.419755/","LINESTRING(-122.353004 37.936795,-122.353104 37.936695,-122.316968 37.925105,-122.298995 37.902533,-122.283608 37.873932,-122.268178 37.870017,-122.269850 37.852969,-122.267263 37.828714,-122.268822 37.807960,-122.271689 37.803371,-122.295244 37.804823,-122.397180 37.792689,-122.401742 37.789113,-122.407487 37.784545,-122.413979 37.779350,-122.419855 37.765076,-122.419755 37.765176)"
39_4_transit,transit,39,4,31,21.8132,35.0975,13.2311,21.2888,1.64863,45.8651,63.6703,"https://www.google.com/maps/dir/37.936795,-122.353004/37.752422,-122.418518/","LINESTRING(-122.353004 37.936795,-122.353104 37.936695,-122.316968 37.925105,-122.298995 37.902533,-122.283608 37.873932,-122.268178 37.870017,-122.269850 37.852969,-122.267263 37.828714,-122.268822 37.807960,-122.271689 37.803371,-122.295244 37.804823,-122.397180 37.792689,-122.401742 37.789113,-122.407487 37.784545,-122.413979 37.779350,-122.419855 37.765076,-122.418618 37.752322,-122.418518 37.752422)"
39_11_transit,transit,39,11,34,19.8919,32.006,11.3675,18.2903,1.74989,41.863,59.6605,"https://www.google.com/maps/dir/37.936795,-122.353004/37.779450,-122.413879/","LINESTRING(-122.353004 37.936795,-122.353104 37.936695,-122.316968 37.925105,-122.298995 37.902533,-122.283608 37.873932,-122.268178 37.870017,-122.269850 37.852969,-122.267263 37.828714,-122.268822 37.807960,-122.271689 37.803371,-122.295244 37.804823,-122.397180 37.792689,-122.401742 37.789113,-122.407487 37.784545,-122.413979 37.779350,-122.413879 37.779450)"
39_16_transit,transit,39,16,40,7.01764,11.2914,6.53163,10.5094,1.07441,13.8538,13.9402,"https://www.google.com/maps/dir/37.936795,-122.353004/37.870117,-122.268078/","LINESTRING(-122.353004 37.936795,-122.353104 37.936695,-122.316968 37.925105,-122.298995 37.902533,-122.283608 37.873932,-122.268178 37.870017,-122.268078 37.870117)"
39_19_transit,transit,39,19,41,18.5913,29.9133,10.2363,16.4702,1.81621,36.86,54.2369,"https://www.google.com/maps/dir/37.936795,-122.353004/37.792789,-122.397080/","LINESTRING(-122.353004 37.936795,-122.353104 37.936695,-122.316968 37.925105,-122.298995 37.902533,-122.283608 37.873932,-122.268178 37.870017,-122.269850 37.852969,-122.267263 37.828714,-122.268822 37.807960,-122.271689 37.803371,-122.295244 37.804823,-122.397180 37.792689,-122.397080 37.792789)"
39_26_transit,transit,39,26,16,9.88148,15.8993,8.80785,14.1718,1.12189,18.8559,18.9611,"https://www.google.com/maps/dir/37.936795,-122.353004/37.828814,-122.267163/","LINESTRING(-122.353004 37.936795,-122.353104 37.936695,-122.316968 37.925105,-122.298995 37.902533,-122.283608 37.873932,-122.268178 37.870017,-122.269850 37.852969,-122.267263 37.828714,-122.267163 37.828814)"
39_29_transit,transit,39,29,39,18.9422,30.478,10.5365,16.9533,1.79776,37.861,55.479,"https://www.google.com/maps/dir/37.936795,-122.353004/37.789213,-122.401642/","LINESTRING(-122.353004 37.936795,-122.353104 37.936695,-122.316968 37.925105,-122.298995 37.902533,-122.283608 37.873932,-122.268178 37.870017,-122.269850 37.852969,-122.267263 37.828714,-122.268822 37.807960,-122.271689 37.803371,-122.295244 37.804823,-122.397180 37.792689,-122.401742 37.789113,-122.401642 37.789213)"
39_38_transit,transit,39,38,37,19.3873,31.1941,10.9232,17.5755,1.77487,39.862,57.6123,"https://www.google.com/maps/dir/37.936795,-122.353004/37.784645,-122.407387/","LINESTRING(-122.353004 37.936795,-122.353104 37.936695,-122.316968 37.925105,-122.298995 37.902533,-122.283608 37.873932,-122.268178 37.870017,-122.269850 37.852969,-122.267263 37.828714,-122.268822 37.807960,-122.271689 37.803371,-122.295244 37.804823,-122.397180 37.792689,-122.401742 37.789113,-122.407487 37.784545,-122.407387 37.784645)"
40_11_transit,transit,40,11,34,11.4323,18.3946,9.95844,16.0231,1.148,25.8583,28.2399,"https://www.google.com/maps/dir/37.844795,-122.251271/37.779450,-122.413879/","LINESTRING(-122.251271 37.844795,-122.251371 37.844695,-122.267263 37.828714,-122.268822 37.807960,-122.271689 37.803371,-122.295244 37.804823,-122.397180 37.792689,-122.401742 37.789113,-122.407487 37.784545,-122.413979 37.779350,-122.413879 37.779450)"
40_19_transit,transit,40,19,94,10.1317,16.3019,8.73203,14.0498,1.16029,20.8552,23.1568,"https://www.google.com/maps/dir/37.844795,-122.251271/37.792789,-122.397080/","LINESTRING(-122.251271 37.844795,-122.251371 37.844695,-122.267263 37.828714,-122.268822 37.807960,-122.271689 37.803371,-122.295244 37.804823,-122.397180 37.792689,-122.397080 37.792789)"
40_29_transit,transit,40,29,60,10.4826,16.8665,9.06166,14.5802,1.15681,21.8562,24.2068,"https://www.google.com/maps/dir/37.844795,-122.251271/37.789213,-122.401642/","LINESTRING(-122.251271 37.844795,-122.251371 37.844695,-122.267263 37.828714,-122.268822 37.807960,-122.271689 37.803371,-122.295244 37.804823,-122.397180 37.792689,-122.401742 37.789113,-122.401642 37.789213)"
40_38_transit,transit,40,38,25,10.9277,17.5827,9.48091,15.2548,1.1526,23.8572,26.2305,"https://www.google.com/maps/dir/37.844795,-122.251271/37.784645,-122.407387/","LINESTRING(-122.251271 37.844795,-122.251371 37.844695,-122.267263 37.828714,-122.268822 37.807960,-122.271689 37.803371,-122.295244 37.804823,-122.397180 37.792689,-122.401742 37.789113,-122.407487 37.784545,-122.407387 37.784645)"
41_1_transit,transit,41,1,24,8.34318,13.4242,8.27755,13.3186,1.00793,15.8545,15.8592,"https://www.google.com/maps/dir/37.721806,-122.160713/37.803471,-122.271589/","LINESTRING(-122.160713 37.721806,-122.160813 37.721706,-122.196798 37.753504,-122.224167 37.774773,-122.265332 37.797257,-122.271689 37.803371,-122.271589 37.803471)"
41_2_transit,transit,41,2,13,17.4786,28.123,14.467,23.2774,1.20817,32.8596,36.0447,"https://www.google.com/maps/dir/37.721806,-122.160713/37.765176,-122.419755/","LINESTRING(-122.160713 37.721806,-122.160813 37.721706,-122.196798 37.753504,-122.224167 37.774773,-122.265332 37.797257,-122.295244 37.804823,-122.397180 37.792689,-122.401742 37.789113,-122.407487 37.784545,-122.413979 37.779350,-122.419855 37.765076,-122.419755 37.765176)"
41_3_transit,transit,41,3,14,8.69684,13.9932,8.38582,13.4928,1.03709,16.8555,16.8602,"https://www.google.com/maps/dir/37.721806,-122.160713/37.808060,-122.268722/","LINESTRING(-122.160713 37.721806,-122.160813 37.721706,-122.196798 37.753504,-122.224167 37.774773,-122.265332 37.797257,-122.271689 37.803371,-122.268822 37.807960,-122.268722 37.808060)"
41_4_transit,transit,41,4,15,18.3626,29.5453,14.2448,22.9199,1.28907,34.8606,38.0459,"https://www.google.com/maps/dir/37.721806,-122.160713/37.752422,-122.418518/","LINESTRING(-122.160713 37.721806,-122.160813 37.721706,-122.196798 37.753504,-122.224167 37.774773,-122.265332 37.797257,-122.295244 37.804823,-122.397180 37.792689,-122.401742 37.789113,-122.407487 37.784545,-122.413979 37.779350,-122.419855 37.765076,-122.418618 37.752322,-122.418518 37.752422)"
41_11_transit,transit,41,11,50,16.4412,26.4539,14.3929,23.1582,1.14231,29.8585,33.8924,"https://www.google.com/maps/dir/37.721806,-122.160713/37.779450,-122.413879/","LINESTRING(-122.160713 37.721806,-122.160813 37.721706,-122.196798 37.753504,-122.224167 37.774773,-122.265332 37.797257,-122.295244 37.804823,-122.397180 37.792689,-122.401742 37.789113,-122.407487 37.784545,-122.413979 37.779350,-122.413879 37.779450)"
41_18_transit,transit,41,18,15,15.0459,24.2089,14.3595,23.1044,1.0478,21.8547,21.856,"https://www.google.com/maps/dir/37.721806,-122.160713/37.701692,-121.899242/","LINESTRING(-122.160713 37.721806,-122.160813 37.721706,-122.126531 37.696838,-122.075715 37.690676,-121.928401 37.699660,-121.899342 37.701592,-121.899242 37.701692)"
41_19_transit,transit,41,19,73,15.1406,24.3612,13.812,22.2235,1.09619,24.8555,28.819,"https://www.google.com/maps/dir/37.721806,-122.160713/37.792789,-122.397080/","LINESTRING(-122.160713 37.721806,-122.160813 37.721706,-122.196798 37.753504,-122.224167 37.774773,-122.265332 37.797257,-122.295244 37.804823,-122.397180 37.792689,-122.397080 37.792789)"
41_23_transit,transit,41,23,16,5.42412,8.72741,5.40494,8.69654,1.00355,8.85277,8.85931,"https://www.google.com/maps/dir/37.721806,-122.160713/37.669731,-122.086941/","LINESTRING(-122.160713 37.721806,-122.160813 37.721706,-122.126531 37.696838,-122.087041 37.669631,-122.086941 37.669731)"
41_29_transit,transit,41,29,79,15.4915,24.9258,13.9612,22.4636,1.10961,26.8565,30.014,"https://www.google.com/maps/dir/37.721806,-122.160713/37.789213,-122.401642/","LINESTRING(-122.160713 37.721806,-122.160813 37.721706,-122.196798 37.753504,-122.224167 37.774773,-122.265332 37.797257,-122.295244 37.804823,-122.397180 37.792689,-122.401742 37.789113,-122.401642 37.789213)"
41_38_transit,transit,41,38,28,15.9366,25.642,14.1579,22.78,1.12563,28.8575,32.0374,"https://www.google.com/maps/dir/37.721806,-122.160713/37.784645,-122.407387/","LINESTRING(-122.160713 37.721806,-122.160813 37.721706,-122.196798 37.753504,-122.224167 37.774773,-122.265332 37.797257,-122.295244 37.804823,-122.397180 37.792689,-122.401742 37.789113,-122.407487 37.784545,-122.407387 37.784645)"
41_44_transit,transit,41,44,17,8.36177,13.4541,8.28081,13.3238,1.00978,12.8538,12.8628,"https://www.google.com/maps/dir/37.721806,-122.160713/37.634363,-122.057158/","LINESTRING(-122.160713 37.721806,-122.160813 37.721706,-122.126531 37.696838,-122.087041 37.669631,-122.057258 37.634263,-122.057158 37.634363)"
42_11_transit,transit,42,11,19,11.9264,19.1896,9.79366,15.758,1.21777,23.8587,23.8853,"https://www.google.com/maps/dir/37.637720,-122.416384/37.779450,-122.413879/","LINESTRING(-122.416384 37.637720,-122.416484 37.637620,-122.444354 37.664337,-122.466267 37.684542,-122.469094 37.706204,-122.447610 37.721658,-122.433657 37.733169,-122.418618 37.752322,-122.419855 37.765076,-122.413979 37.779350,-122.413879 37.779450)"
42_19_transit,transit,42,19,28,13.227,21.2823,10.7662,17.3228,1.22857,28.8617,28.8891,"https://www.google.com/maps/dir/37.637720,-122.416384/37.792789,-122.397080/","LINESTRING(-122.416384 37.637720,-122.416484 37.637620,-122.444354 37.664337,-122.466267 37.684542,-122.469094 37.706204,-122.447610 37.721658,-122.433657 37.733169,-122.418618 37.752322,-122.419855 37.765076,-122.413979 37.779350,-122.407487 37.784545,-122.401742 37.789113,-122.397180 37.792689,-122.397080 37.792789)"
42_29_transit,transit,42,29,38,12.8761,20.7176,10.4982,16.8917,1.2265,26.8607,26.8881,"https://www.google.com/maps/dir/37.637720,-122.416384/37.789213,-122.401642/","LINESTRING(-122.416384 37.637720,-122.416484 37.637620,-122.444354 37.664337,-122.466267 37.684542,-122.469094 37.706204,-122.447610 37.721658,-122.433657 37.733169,-122.418618 37.752322,-122.419855 37.765076,-122.413979 37.779350,-122.407487 37.784545,-122.401742 37.789113,-122.401642 37.789213)"
42_38_transit,transit,42,38,18,12.431,20.0015,10.1636,16.3532,1.2231,24.8597,24.8868,"https://www.google.com/maps/dir/37.637720,-122.416384/37.784645,-122.407387/","LINESTRING(-122.416384 37.637720,-122.416484 37.637620,-122.444354 37.664337,-122.466267 37.684542,-122.469094 37.706204,-122.447610 37.721658,-122.433657 37.733169,-122.418618 37.752322,-122.419855 37.765076,-122.413979 37.779350,-122.407487 37.784545,-122.407387 37.784645)"
44_1_transit,transit,44,1,14,16.6873,26.8499,16.5492,26.6276,1.00835,26.8577,26.8632,"https://www.google.com/maps/dir/37.634363,-122.057158/37.803471,-122.271589/","LINESTRING(-122.057158 37.634363,-122.057258 37.634263,-122.087041 37.669631,-122.126531 37.696838,-122.160813 37.721706,-122.196798 37.753504,-122.224167 37.774773,-122.265332 37.797257,-122.271689 37.803371,-122.271589 37.803471)"
44_3_transit,transit,44,3,14,17.041,27.419,16.6652,26.8143,1.02255,27.8587,27.8643,"https://www.google.com/maps/dir/37.634363,-122.057158/37.808060,-122.268722/","LINESTRING(-122.057158 37.634363,-122.057258 37.634263,-122.087041 37.669631,-122.126531 37.696838,-122.160813 37.721706,-122.196798 37.753504,-122.224167 37.774773,-122.265332 37.797257,-122.271689 37.803371,-122.268822 37.807960,-122.268722 37.808060)"
44_11_transit,transit,44,11,18,24.7853,39.8796,21.9256,35.2783,1.13043,41.8617,45.0797,"https://www.google.com/maps/dir/37.634363,-122.057158/37.779450,-122.413879/","LINESTRING(-122.057158 37.634363,-122.057258 37.634263,-122.087041 37.669631,-122.126531 37.696838,-122.160813 37.721706,-122.196798 37.753504,-122.224167 37.774773,-122.265332 37.797257,-122.295244 37.804823,-122.397180 37.792689,-122.401742 37.789113,-122.407487 37.784545,-122.413979 37.779350,-122.413879 37.779450)"
44_19_transit,transit,44,19,34,23.4847,37.7869,21.5645,34.6973,1.08905,36.8587,39.9792,"https://www.google.com/maps/dir/37.634363,-122.057158/37.792789,-122.397080/","LINESTRING(-122.057158 37.634363,-122.057258 37.634263,-122.087041 37.669631,-122.126531 37.696838,-122.160813 37.721706,-122.196798 37.753504,-122.224167 37.774773,-122.265332 37.797257,-122.295244 37.804823,-122.397180 37.792689,-122.397080 37.792789)"
44_20_transit,transit,44,20,12,6.93873,11.1644,6.90233,11.1059,1.00527,10.8532,10.8575,"https://www.google.com/maps/dir/37.634363,-122.057158/37.557513,-121.976605/","LINESTRING(-122.057158 37.634363,-122.057258 37.634263,-122.017330 37.590665,-121.976705 37.557413,-121.976605 37.557513)"
44_29_transit,transit,44,29,33,23.8356,38.3516,21.657,34.8461,1.1006,37.8597,41.0508,"https://www.google.com/maps/dir/37.634363,-122.057158/37.789213,-122.401642/","LINESTRING(-122.057158 37.634363,-122.057258 37.634263,-122.087041 37.669631,-122.126531 37.696838,-122.160813 37.721706,-122.196798 37.753504,-122.224167 37.774773,-122.265332 37.797257,-122.295244 37.804823,-122.397180 37.792689,-122.401742 37.789113,-122.401642 37.789213)"
44_38_transit,transit,44,38,16,24.2807,39.0677,21.7788,35.0421,1.11488,39.8607,43.0743,"https://www.google.com/maps/dir/37.634363,-122.057158/37.784645,-122.407387/","LINESTRING(-122.057158 37.634363,-122.057258 37.634263,-122.087041 37.669631,-122.126531 37.696838,-122.160813 37.721706,-122.196798 37.753504,-122.224167 37.774773,-122.265332 37.797257,-122.295244 37.804823,-122.397180 37.792689,-122.401742 37.789113,-122.407487 37.784545,-122.407387 37.784645)"
44_46_transit,transit,44,46,12,3.73998,6.01763,3.7216,5.98805,1.00494,5.85213,5.85537,"https://www.google.com/maps/dir/37.634363,-122.057158/37.590765,-122.017230/","LINESTRING(-122.057158 37.634363,-122.057258 37.634263,-122.017330 37.590665,-122.017230 37.590765)"
44_47_transit,transit,44,47,13,11.2657,18.1265,11.1747,17.9801,1.00815,16.8543,16.8588,"https://www.google.com/maps/dir/37.634363,-122.057158/37.502307,-121.939358/","LINESTRING(-122.057158 37.634363,-122.057258 37.634263,-122.017330 37.590665,-121.976705 37.557413,-121.939458 37.502207,-121.939358 37.502307)"
45_11_transit,transit,45,11,50,9.53173,15.3365,8.11826,13.0623,1.17411,20.8577,20.8841,"https://www.google.com/maps/dir/37.664437,-122.444254/37.779450,-122.413879/","LINESTRING(-122.444254 37.664437,-122.444354 37.664337,-122.466267 37.684542,-122.469094 37.706204,-122.447610 37.721658,-122.433657 37.733169,-122.418618 37.752322,-122.419855 37.765076,-122.413979 37.779350,-122.413879 37.779450)"
45_15_transit,transit,45,15,11,3.36283,5.41079,3.19344,5.13825,1.05304,6.85281,6.85968,"https://www.google.com/maps/dir/37.664437,-122.444254/37.706304,-122.468994/","LINESTRING(-122.444254 37.664437,-122.444354 37.664337,-122.466267 37.684542,-122.469094 37.706204,-122.468994 37.706304)"
45_19_transit,transit,45,19,24,10.8323,17.4292,9.23546,14.8599,1.17291,25.8606,25.888,"https://www.google.com/maps/dir/37.664437,-122.444254/37.792789,-122.397080/","LINESTRING(-122.444254 37.664437,-122.444354 37.664337,-122.466267 37.684542,-122.469094 37.706204,-122.447610 37.721658,-122.433657 37.733169,-122.418618 37.752322,-122.419855 37.765076,-122.413979 37.779350,-122.407487 37.784545,-122.401742 37.789113,-122.397180 37.792689,-122.397080 37.792789)"
45_29_transit,transit,45,29,47,10.4814,16.8646,8.93025,14.3688,1.1737,23.8596,23.887,"https://www.google.com/maps/dir/37.664437,-122.444254/37.789213,-122.401642/","LINESTRING(-122.444254 37.664437,-122.444354 37.664337,-122.466267 37.684542,-122.469094 37.706204,-122.447610 37.721658,-122.433657 37.733169,-122.418618 37.752322,-122.419855 37.765076,-122.413979 37.779350,-122.407487 37.784545,-122.401742 37.789113,-122.401642 37.789213)"
45_38_transit,transit,45,38,33,10.0363,16.1485,8.54655,13.7514,1.17431,21.8586,21.8856,"https://www.google.com/maps/dir/37.664437,-122.444254/37.784645,-122.407387/","LINESTRING(-122.444254 37.664437,-122.444354 37.664337,-122.466267 37.684542,-122.469094 37.706204,-122.447610 37.721658,-122.433657 37.733169,-122.418618 37.752322,-122.419855 37.765076,-122.413979 37.779350,-122.407487 37.784545,-122.407387 37.784645)"
46_1_transit,transit,46,1,16,20.4097,32.8392,20.2329,32.5548,1.00874,31.8588,31.8689,"https://www.google.com/maps/dir/37.590765,-122.017230/37.803471,-122.271589/","LINESTRING(-122.017230 37.590765,-122.017330 37.590665,-122.057258 37.634263,-122.087041 37.669631,-122.126531 37.696838,-122.160813 37.721706,-122.196798 37.753504,-122.224167 37.774773,-122.265332 37.797257,-122.271689 37.803371,-122.271589 37.803471)"
46_3_transit,transit,46,3,14,20.7633,33.4082,20.3579,32.7559,1.01991,32.8598,32.87,"https://www.google.com/maps/dir/37.590765,-122.017230/37.808060,-122.268722/","LINESTRING(-122.017230 37.590765,-122.017330 37.590665,-122.057258 37.634263,-122.087041 37.669631,-122.126531 37.696838,-122.160813 37.721706,-122.196798 37.753504,-122.224167 37.774773,-122.265332 37.797257,-122.271689 37.803371,-122.268822 37.807960,-122.268722 37.808060)"
46_11_transit,transit,46,11,25,28.5077,45.8689,25.3054,40.7164,1.12655,46.8628,50.1554,"https://www.google.com/maps/dir/37.590765,-122.017230/37.779450,-122.413879/","LINESTRING(-122.017230 37.590765,-122.017330 37.590665,-122.057258 37.634263,-122.087041 37.669631,-122.126531 37.696838,-122.160813 37.721706,-122.196798 37.753504,-122.224167 37.774773,-122.265332 37.797257,-122.295244 37.804823,-122.397180 37.792689,-122.401742 37.789113,-122.407487 37.784545,-122.413979 37.779350,-122.413879 37.779450)"
46_19_transit,transit,46,19,33,27.2071,43.7762,25.0233,40.2624,1.08727,41.8598,45.0925,"https://www.google.com/maps/dir/37.590765,-122.017230/37.792789,-122.397080/","LINESTRING(-122.017230 37.590765,-122.017330 37.590665,-122.057258 37.634263,-122.087041 37.669631,-122.126531 37.696838,-122.160813 37.721706,-122.196798 37.753504,-122.224167 37.774773,-122.265332 37.797257,-122.295244 37.804823,-122.397180 37.792689,-122.397080 37.792789)"
46_29_transit,transit,46,29,38,27.558,44.3408,25.0952,40.3782,1.09814,42.8608,46.1365,"https://www.google.com/maps/dir/37.590765,-122.017230/37.789213,-122.401642/","LINESTRING(-122.017230 37.590765,-122.017330 37.590665,-122.057258 37.634263,-122.087041 37.669631,-122.126531 37.696838,-122.160813 37.721706,-122.196798 37.753504,-122.224167 37.774773,-122.265332 37.797257,-122.295244 37.804823,-122.397180 37.792689,-122.401742 37.789113,-122.401642 37.789213)"
46_38_transit,transit,46,38,16,28.0031,45.057,25.1902,40.531,1.11167,44.8618,48.1509,"https://www.google.com/maps/dir/37.590765,-122.017230/37.784645,-122.407387/","LINESTRING(-122.017230 37.590765,-122.017330 37.590665,-122.057258 37.634263,-122.087041 37.669631,-122.126531 37.696838,-122.160813 37.721706,-122.196798 37.753504,-122.224167 37.774773,-122.265332 37.797257,-122.295244 37.804823,-122.397180 37.792689,-122.401742 37.789113,-122.407487 37.784545,-122.407387 37.784645)"
47_19_transit,transit,47,19,11,34.7328,55.8851,32.0915,51.6353,1.0823,52.862,56.1042,"https://www.google.com/maps/dir/37.502307,-121.939358/37.792789,-122.397080/","LINESTRING(-121.939358 37.502307,-121.939458 37.502207,-121.976705 37.557413,-122.017330 37.590665,-122.057258 37.634263,-122.087041 37.669631,-122.126531 37.696838,-122.160813 37.721706,-122.196798 37.753504,-122.224167 37.774773,-122.265332 37.797257,-122.295244 37.804823,-122.397180 37.792689,-122.397080 37.792789)"
47_29_transit,transit,47,29,13,35.0837,56.4497,32.1341,51.7038,1.09179,53.863,57.1482,"https://www.google.com/maps/dir/37.502307,-121.939358/37.789213,-122.401642/","LINESTRING(-121.939358 37.502307,-121.939458 37.502207,-121.976705 37.557413,-122.017330 37.590665,-122.057258 37.634263,-122.087041 37.669631,-122.126531 37.696838,-122.160813 37.721706,-122.196798 37.753504,-122.224167 37.774773,-122.265332 37.797257,-122.295244 37.804823,-122.397180 37.792689,-122.401742 37.789113,-122.401642 37.789213)"
48_1_transit,transit,48,1,14,14.1931,22.8367,13.1952,21.2311,1.07562,23.8561,25.0212,"https://www.google.com/maps/dir/37.905812,-122.067379/37.803471,-122.271589/","LINESTRING(-122.067379 37.905812,-122.067479 37.905712,-122.124744 37.893120,-122.183817 37.878403,-122.251371 37.844695,-122.267263 37.828714,-122.268822 37.807960,-122.271689 37.803371,-122.271589 37.803471)"
48_3_transit,transit,48,3,35,13.8394,22.2676,12.8943,20.7469,1.0733,22.8551,23.9329,"https://www.google.com/maps/dir/37.905812,-122.067379/37.808060,-122.268722/","LINESTRING(-122.067379 37.905812,-122.067479 37.905712,-122.124744 37.893120,-122.183817 37.878403,-122.251371 37.844695,-122.267263 37.828714,-122.268822 37.807960,-122.268722 37.808060)"
48_11_transit,transit,48,11,27,22.413,36.0626,20.8248,33.5072,1.07626,40.8611,43.8644,"https://www.google.com/maps/dir/37.905812,-122.067379/37.779450,-122.413879/","LINESTRING(-122.067379 37.905812,-122.067479 37.905712,-122.124744 37.893120,-122.183817 37.878403,-122.251371 37.844695,-122.267263 37.828714,-122.268822 37.807960,-122.271689 37.803371,-122.295244 37.804823,-122.397180 37.792689,-122.401742 37.789113,-122.407487 37.784545,-122.413979 37.779350,-122.413879 37.779450)"
48_19_transit,transit,48,19,90,21.1124,33.9699,19.61,31.5525,1.07661,35.8581,38.792,"https://www.google.com/maps/dir/37.905812,-122.067379/37.792789,-122.397080/","LINESTRING(-122.067379 37.905812,-122.067479 37.905712,-122.124744 37.893120,-122.183817 37.878403,-122.251371 37.844695,-122.267263 37.828714,-122.268822 37.807960,-122.271689 37.803371,-122.295244 37.804823,-122.397180 37.792689,-122.397080 37.792789)"
48_26_transit,transit,48,26,13,12.4026,19.9558,12.1266,19.5117,1.02276,18.854,19.6336,"https://www.google.com/maps/dir/37.905812,-122.067379/37.828814,-122.267163/","LINESTRING(-122.067379 37.905812,-122.067479 37.905712,-122.124744 37.893120,-122.183817 37.878403,-122.251371 37.844695,-122.267263 37.828714,-122.267163 37.828814)"
48_29_transit,transit,48,29,80,21.4633,34.5345,19.9375,32.0795,1.07653,36.8591,39.838,"https://www.google.com/maps/dir/37.905812,-122.067379/37.789213,-122.401642/","LINESTRING(-122.067379 37.905812,-122.067479 37.905712,-122.124744 37.893120,-122.183817 37.878403,-122.251371 37.844695,-122.267263 37.828714,-122.268822 37.807960,-122.271689 37.803371,-122.295244 37.804823,-122.397180 37.792689,-122.401742 37.789113,-122.401642 37.789213)"
48_38_transit,transit,48,38,20,21.9084,35.2507,20.3529,32.7479,1.07643,38.8601,41.857,"https://www.google.com/maps/dir/37.905812,-122.067379/37.784645,-122.407387/","LINESTRING(-122.067379 37.905812,-122.067479 37.905712,-122.124744 37.893120,-122.183817 37.878403,-122.251371 37.844695,-122.267263 37.828714,-122.268822 37.807960,-122.271689 37.803371,-122.295244 37.804823,-122.397180 37.792689,-122.401742 37.789113,-122.407487 37.784545,-122.407387 37.784645)"
48_43_transit,transit,48,43,13,36.333,58.4598,26.7419,43.0277,1.35865,69.8705,72.8756,"https://www.google.com/maps/dir/37.905812,-122.067379/37.616023,-122.391895/","LINESTRING(-122.067379 37.905812,-122.067479 37.905712,-122.124744 37.893120,-122.183817 37.878403,-122.251371 37.844695,-122.267263 37.828714,-122.268822 37.807960,-122.271689 37.803371,-122.295244 37.804823,-122.397180 37.792689,-122.401742 37.789113,-122.407487 37.784545,-122.413979 37.779350,-122.419855 37.765076,-122.418618 37.752322,-122.433657 37.733169,-122.447610 37.721658,-122.469094 37.706204,-122.466267 37.684542,-122.444354 37.664337,-122.416484 37.637620,-122.391995 37.615923,-122.391895 37.616023)"
49_11_transit,transit,49,11,15,29.875,48.0688,27.0971,43.5992,1.10252,47.8616,52.5261,"https://www.google.com/maps/dir/37.699760,-121.928301/37.779450,-122.413879/","LINESTRING(-121.928301 37.699760,-121.928401 37.699660,-122.075715 37.690676,-122.126531 37.696838,-122.160813 37.721706,-122.196798 37.753504,-122.224167 37.774773,-122.265332 37.797257,-122.295244 37.804823,-122.397180 37.792689,-122.401742 37.789113,-122.407487 37.784545,-122.413979 37.779350,-122.413879 37.779450)"
49_19_transit,transit,49,19,35,28.5743,45.9761,26.4059,42.487,1.08212,42.8585,47.4527,"https://www.google.com/maps/dir/37.699760,-121.928301/37.792789,-122.397080/","LINESTRING(-121.928301 37.699760,-121.928401 37.699660,-122.075715 37.690676,-122.126531 37.696838,-122.160813 37.721706,-122.196798 37.753504,-122.224167 37.774773,-122.265332 37.797257,-122.295244 37.804823,-122.397180 37.792689,-122.397080 37.792789)"
49_29_transit,transit,49,29,36,28.9253,46.5408,26.5898,42.7829,1.08783,44.8596,49.5096,"https://www.google.com/maps/dir/37.699760,-121.928301/37.789213,-122.401642/","LINESTRING(-121.928301 37.699760,-121.928401 37.699660,-122.075715 37.690676,-122.126531 37.696838,-122.160813 37.721706,-122.196798 37.753504,-122.224167 37.774773,-122.265332 37.797257,-122.295244 37.804823,-122.397180 37.792689,-122.401742 37.789113,-122.401642 37.789213)"
49_38_transit,transit,49,38,12,29.3704,47.2569,26.8252,43.1617,1.09488,46.8606,51.5222,"https://www.google.com/maps/dir/37.699760,-121.928301/37.784645,-122.407387/","LINESTRING(-121.928301 37.699760,-121.928401 37.699660,-122.075715 37.690676,-122.126531 37.696838,-122.160813 37.721706,-122.196798 37.753504,-122.224167 37.774773,-122.265332 37.797257,-122.295244 37.804823,-122.397180 37.792689,-122.401742 37.789113,-122.407487 37.784545,-122.407387 37.784645)"
50_2_transit,transit,50,2,21,7.98483,12.8476,7.33782,11.8065,1.08817,14.8554,16.1859,"https://www.google.com/maps/dir/37.804923,-122.295144/37.765176,-122.419755/","LINESTRING(-122.295144 37.804923,-122.295244 37.804823,-122.397180 37.792689,-122.401742 37.789113,-122.407487 37.784545,-122.413979 37.779350,-122.419855 37.765076,-122.419755 37.765176)"
50_4_transit,transit,50,4,25,8.86882,14.2699,7.65202,12.3121,1.15902,16.8564,18.1877,"https://www.google.com/maps/dir/37.804923,-122.295144/37.752422,-122.418518/","LINESTRING(-122.295144 37.804923,-122.295244 37.804823,-122.397180 37.792689,-122.401742 37.789113,-122.407487 37.784545,-122.413979 37.779350,-122.419855 37.765076,-122.418618 37.752322,-122.418518 37.752422)"
50_11_transit,transit,50,11,94,6.94747,11.1785,6.71769,10.8088,1.0342,12.8543,14.1835,"https://www.google.com/maps/dir/37.804923,-122.295144/37.779450,-122.413879/","LINESTRING(-122.295144 37.804923,-122.295244 37.804823,-122.397180 37.792689,-122.401742 37.789113,-122.407487 37.784545,-122.413979 37.779350,-122.413879 37.779450)"
50_19_transit,transit,50,19,188,5.64685,9.08577,5.62808,9.05558,1.00333,7.85131,9.10035,"https://www.google.com/maps/dir/37.804923,-122.295144/37.792789,-122.397080/","LINESTRING(-122.295144 37.804923,-122.295244 37.804823,-122.397180 37.792689,-122.397080 37.792789)"
50_29_transit,transit,50,29,113,5.99777,9.65041,5.91495,9.51715,1.014,8.85232,10.1504,"https://www.google.com/maps/dir/37.804923,-122.295144/37.789213,-122.401642/","LINESTRING(-122.295144 37.804923,-122.295244 37.804823,-122.397180 37.792689,-122.401742 37.789113,-122.401642 37.789213)"
50_38_transit,transit,50,38,71,6.44286,10.3666,6.28647,10.1149,1.02488,10.8533,12.1741,"https://www.google.com/maps/dir/37.804923,-122.295144/37.784645,-122.407387/","LINESTRING(-122.295144 37.804923,-122.295244 37.804823,-122.397180 37.792689,-122.401742 37.789113,-122.407487 37.784545,-122.407387 37.784645)"
