iteration_no,link_id,from_node_id,to_node_id,volume,ref_volume,base_demand_volume,obs_volume,background_volume,link_capacity,lane_capacity,D,doc,vdf_fftt,travel_time,vdf_alpha,vdf_beta,vdf_plf,speed_mph,speed_kmph,VMT,VHT,PMT,PHT,VHT_QVDF,PHT_QVDF,geometry,mod_vol_transit,obs_vol_transit,P,t0,t2,t3,vt2_mph,vt2_kmph,mu,Q_gamma,free_speed_mph,cutoff_speed_mph,free_speed_kmph,cutoff_speed_kmph,congestion_ref_speed_mph,avg_queue_speed_mph,avg_QVDF_period_speed_mph,congestion_ref_speed_kmph,avg_queue_speed_kmph,avg_QVDF_period_speed_kmph,avg_QVDF_period_travel_time,Severe_Congestion_P,spd_mph_07:00,spd_mph_07:05,spd_mph_07:10,spd_mph_07:15,spd_mph_07:20,spd_mph_07:25,spd_mph_07:30,spd_mph_07:35,spd_mph_07:40,spd_mph_07:45,spd_mph_07:50,spd_mph_07:55,
10,1,1,1001,94.6254,0.0000,0.0000,-1.0000,0.0000,3000.0000,3000.0000,94.6254,0.0315,0.4251,0.4251,0.1500,4.0000,1.0000,1.2430,2.0000,0.833428,0.670493,0.833428,0.670493,0.673231,0.673231,"LINESTRING (-122.271589 37.803471, -122.27168900000001 37.803371)",94.625443,-1.000000,0.031542,7.484229,7.500000,7.515771,0.932256,1.500000,3000.000000,447238516.932002,1.243008,0.932256,2.000000,1.500000,1.233206,1.233206,1.237953,1.984229,1.984229,1.991866,0.426882,0.000000,1.243,1.241,1.240,1.238,1.236,1.235,0.932,1.235,1.236,1.238,1.240,1.241,
10,2,1,1002,92.1322,0.0000,0.0000,-1.0000,0.0000,3000.0000,3000.0000,92.1322,0.0307,0.4251,0.4251,0.1500,4.0000,1.0000,1.2430,2.0000,0.811469,0.652827,0.811469,0.652827,0.655420,0.655420,"LINESTRING (-122.271589 37.803471, -122.27168900000001 37.803371)",92.132241,-1.000000,0.030711,7.484645,7.500000,7.515355,0.932256,1.500000,3000.000000,497973113.857318,1.243008,0.932256,2.000000,1.500000,1.233465,1.233465,1.238090,1.984645,1.984644,1.992087,0.426834,0.000000,1.243,1.241,1.240,1.238,1.236,1.235,0.932,1.235,1.236,1.238,1.240,1.241,
10,3,1,1003,96.2423,0.0000,0.0000,-1.0000,0.0000,3000.0000,3000.0000,96.2423,0.0321,0.4251,0.4251,0.1500,4.0000,1.0000,1.2430,2.0000,0.847669,0.681950,0.847669,0.681950,0.684784,0.684784,"LINESTRING (-122.271589 37.803471, -122.27168900000001 37.803371)",96.242316,-1.000000,0.032081,7.483960,7.500000,7.516040,0.932256,1.500000,3000.000000,417757160.310872,1.243008,0.932256,2.000000,1.500000,1.233039,1.233039,1.237864,1.983960,1.983959,1.991723,0.426912,0.000000,1.243,1.241,1.240,1.238,1.236,1.234,0.932,1.234,1.236,1.238,1.240,1.241,
10,4,1,1114,2.3376,0.0000,0.0000,-1.0000,0.0000,3000.0000,3000.0000,2.3376,0.0008,0.4251,0.4251,0.1500,4.0000,1.0000,1.2430,2.0000,0.020588,0.016563,0.020588,0.016563,0.016565,0.016565,"LINESTRING (-122.271589 37.803471, -122.27168900000001 37.803371)",2.337567,-1.000000,0.000779,7.499610,7.500000,7.500390,0.932256,1.500000,233.756694,95804079665099.734375,1.243008,0.932256,2.000000,1.500000,1.242766,1.242766,1.242887,1.999610,1.999610,1.999805,0.425187,0.000000,1.243,1.243,1.243,1.243,1.243,1.243,0.932,1.243,1.243,1.243,1.243,1.243,
10,5,1,1115,15.3904,0.0000,0.0000,-1.0000,0.0000,3000.0000,3000.0000,15.3904,0.0051,0.4251,0.4251,0.1500,4.0000,1.0000,1.2430,2.0000,0.135554,0.109053,0.135554,0.109053,0.109123,0.109123,"LINESTRING (-122.271589 37.803471, -122.27168900000001 37.803371)",15.390447,-1.000000,0.005130,7.497435,7.500000,7.502565,0.932256,1.500000,1539.044699,334580033548.894104,1.243008,0.932256,2.000000,1.500000,1.241414,1.241414,1.242207,1.997435,1.997435,1.998711,0.425420,0.000000,1.243,1.243,1.242,1.242,1.242,1.242,0.932,1.242,1.242,1.242,1.242,1.243,
10,6,1,1116,16.2720,0.0000,0.0000,-1.0000,0.0000,3000.0000,3000.0000,16.2720,0.0054,0.4251,0.4251,0.1500,4.0000,1.0000,1.2430,2.0000,0.143318,0.115299,0.143318,0.115299,0.115378,0.115378,"LINESTRING (-122.271589 37.803471, -122.27168900000001 37.803371)",16.271986,-1.000000,0.005424,7.497288,7.500000,7.502712,0.932256,1.500000,1627.198607,283032093172.246216,1.243008,0.932256,2.000000,1.500000,1.241323,1.241323,1.242161,1.997288,1.997288,1.998637,0.425436,0.000000,1.243,1.243,1.242,1.242,1.242,1.242,0.932,1.242,1.242,1.242,1.242,1.243,
10,7,1,1191,13.0236,0.0000,0.0000,-1.0000,0.0000,3000.0000,3000.0000,13.0236,0.0043,0.4251,0.4251,0.1500,4.0000,1.0000,1.2430,2.0000,0.114707,0.092282,0.114707,0.092282,0.092332,0.092332,"LINESTRING (-122.271589 37.803471, -122.27168900000001 37.803371)",13.023587,-1.000000,0.004341,7.497829,7.500000,7.502171,0.932256,1.500000,1302.358724,552484830081.562622,1.243008,0.932256,2.000000,1.500000,1.241659,1.241659,1.242331,1.997829,1.997829,1.998910,0.425377,0.000000,1.243,1.243,1.243,1.242,1.242,1.242,0.932,1.242,1.242,1.242,1.243,1.243,
10,8,1,1192,11.9984,0.0000,0.0000,-1.0000,0.0000,3000.0000,3000.0000,11.9984,0.0040,0.4251,0.4251,0.1500,4.0000,1.0000,1.2430,2.0000,0.105678,0.085018,0.105678,0.085018,0.085061,0.085061,"LINESTRING (-122.271589 37.803471, -122.27168900000001 37.803371)",11.998438,-1.000000,0.003999,7.498000,7.500000,7.502000,0.932256,1.500000,1199.843825,706724182572.606689,1.243008,0.932256,2.000000,1.500000,1.241765,1.241765,1.242384,1.998000,1.998000,1.998996,0.425359,0.000000,1.243,1.243,1.243,1.242,1.242,1.242,0.932,1.242,1.242,1.242,1.243,1.243,
10,9,1,1193,13.9780,0.0000,0.0000,-1.0000,0.0000,3000.0000,3000.0000,13.9780,0.0047,0.4251,0.4251,0.1500,4.0000,1.0000,1.2430,2.0000,0.123113,0.099045,0.123113,0.099045,0.099103,0.099103,"LINESTRING (-122.271589 37.803471, -122.27168900000001 37.803371)",13.977975,-1.000000,0.004659,7.497670,7.500000,7.502330,0.932256,1.500000,1397.797451,446761035400.227234,1.243008,0.932256,2.000000,1.500000,1.241560,1.241560,1.242281,1.997670,1.997670,1.998830,0.425394,0.000000,1.243,1.243,1.243,1.242,1.242,1.242,0.932,1.242,1.242,1.242,1.243,1.243,
10,10,1,1246,31.0000,0.0000,0.0000,-1.0000,0.0000,3000.0000,3000.0000,31.0000,0.0103,0.4251,0.4251,0.1500,4.0000,1.0000,1.2430,2.0000,0.273037,0.219659,0.273037,0.219659,0.219946,0.219946,"LINESTRING (-122.271589 37.803471, -122.27168900000001 37.803371)",31.000000,-1.000000,0.010333,7.494833,7.500000,7.505167,0.932256,1.500000,3000.000000,39465435642.045364,1.243008,0.932256,2.000000,1.500000,1.239797,1.239797,1.241386,1.994833,1.994833,1.997390,0.425701,0.000000,1.243,1.242,1.242,1.241,1.241,1.240,0.932,1.240,1.241,1.241,1.242,1.242,
10,11,1,1333,2.0000,0.0000,0.0000,-1.0000,0.0000,3000.0000,3000.0000,2.0000,0.0007,0.4251,0.4251,0.1500,4.0000,1.0000,1.2430,2.0000,0.017615,0.014172,0.017615,0.014172,0.014173,0.014173,"LINESTRING (-122.271589 37.803471, -122.27168900000001 37.803371)",2.000000,-1.000000,0.000667,7.499667,7.500000,7.500333,0.932256,1.500000,200.000000,152975848048812.906250,1.243008,0.932256,2.000000,1.500000,1.242801,1.242801,1.242904,1.999667,1.999667,1.999833,0.425181,0.000000,1.243,1.243,1.243,1.243,1.243,1.243,0.932,1.243,1.243,1.243,1.243,1.243,
10,12,1,1357,0.0000,0.0000,0.0000,-1.0000,0.0000,3000.0000,3000.0000,0.0000,0.0000,0.4251,0.4251,0.1500,4.0000,1.0000,1.2430,2.0000,0.000000,0.000000,0.000000,0.000000,0.000000,0.000000,"LINESTRING (-122.271589 37.803471, -122.27168900000001 37.803371)",0.000000,-1.000000,0.000000,7.500000,7.500000,7.500000,0.932256,1.500000,0.000000,nan,1.243008,0.932256,2.000000,1.500000,1.243008,1.243008,1.243008,2.000000,2.000000,2.000000,0.425146,0.000000,1.243,1.243,1.243,1.243,1.243,1.243,nan,1.243,1.243,1.243,1.243,1.243,
10,13,2,1004,20.3702,0.0000,0.0000,-1.0000,0.0000,3000.0000,3000.0000,20.3702,0.0068,0.4252,0.4252,0.1500,4.0000,1.0000,1.2430,2.0000,0.179450,0.144367,0.179450,0.144367,0.144491,0.144491,"LINESTRING (-122.419755 37.765176, -122.419855 37.76507599999999)",20.370226,-1.000000,0.006790,7.496605,7.500000,7.503395,0.932256,1.500000,2037.022619,144147779856.370758,1.243008,0.932256,2.000000,1.500000,1.240898,1.240898,1.241946,1.996605,1.996605,1.998291,0.425594,0.000000,1.243,1.243,1.242,1.242,1.242,1.241,0.932,1.241,1.242,1.242,1.242,1.243,
10,14,2,1005,8.8231,0.0000,0.0000,-1.0000,0.0000,3000.0000,3000.0000,8.8231,0.0029,0.4252,0.4252,0.1500,4.0000,1.0000,1.2430,2.0000,0.077727,0.062531,0.077727,0.062531,0.062554,0.062554,"LINESTRING (-122.419755 37.765176, -122.419855 37.76507599999999)",8.823147,-1.000000,0.002941,7.498529,7.500000,7.501471,0.932256,1.500000,882.314704,1779042547159.041016,1.243008,0.932256,2.000000,1.500000,1.242094,1.242094,1.242550,1.998530,1.998530,1.999263,0.425387,0.000000,1.243,1.243,1.243,1.243,1.242,1.242,0.932,1.242,1.242,1.243,1.243,1.243,
10,15,2,1006,15.1787,0.0000,0.0000,-1.0000,0.0000,3000.0000,3000.0000,15.1787,0.0051,0.4252,0.4252,0.1500,4.0000,1.0000,1.2430,2.0000,0.133715,0.107574,0.133715,0.107574,0.107642,0.107642,"LINESTRING (-122.419755 37.765176, -122.419855 37.76507599999999)",15.178667,-1.000000,0.005060,7.497470,7.500000,7.502530,0.932256,1.500000,1517.866736,348869054083.519104,1.243008,0.932256,2.000000,1.500000,1.241436,1.241436,1.242218,1.997470,1.997470,1.998729,0.425501,0.000000,1.243,1.243,1.242,1.242,1.242,1.242,0.932,1.242,1.242,1.242,1.242,1.243,
10,16,2,1076,16.6280,0.0000,0.0000,-1.0000,0.0000,3000.0000,3000.0000,16.6280,0.0055,0.4252,0.4252,0.1500,4.0000,1.0000,1.2430,2.0000,0.146483,0.117845,0.146483,0.117845,0.117927,0.117927,"LINESTRING (-122.419755 37.765176, -122.419855 37.76507599999999)",16.627959,-1.000000,0.005543,7.497229,7.500000,7.502771,0.932256,1.500000,1662.795941,265269982265.474518,1.243008,0.932256,2.000000,1.500000,1.241286,1.241286,1.242142,1.997229,1.997229,1.998607,0.425527,0.000000,1.243,1.243,1.242,1.242,1.242,1.242,0.932,1.242,1.242,1.242,1.242,1.243,
10,17,2,1094,7.0630,0.0000,0.0000,-1.0000,0.0000,3000.0000,3000.0000,7.0630,0.0024,0.4252,0.4252,0.1500,4.0000,1.0000,1.2430,2.0000,0.062221,0.050057,0.062221,0.050057,0.050072,0.050072,"LINESTRING (-122.419755 37.765176, -122.419855 37.76507599999999)",7.063045,-1.000000,0.002354,7.498823,7.500000,7.501177,0.932256,1.500000,706.304515,3469546178563.752930,1.243008,0.932256,2.000000,1.500000,1.242277,1.242277,1.242641,1.998823,1.998823,1.999410,0.425356,0.000000,1.243,1.243,1.243,1.243,1.243,1.242,0.932,1.242,1.243,1.243,1.243,1.243,
10,18,2,1117,47.6704,0.0000,0.0000,-1.0000,0.0000,3000.0000,3000.0000,47.6704,0.0159,0.4252,0.4252,0.1500,4.0000,1.0000,1.2430,2.0000,0.419948,0.337848,0.419948,0.337848,0.338531,0.338531,"LINESTRING (-122.419755 37.765176, -122.419855 37.76507599999999)",47.670368,-1.000000,0.015890,7.492055,7.500000,7.507945,0.932256,1.500000,3000.000000,7029365719.617209,1.243008,0.932256,2.000000,1.500000,1.238070,1.238070,1.240500,1.992055,1.992055,1.995964,0.426090,0.000000,1.243,1.242,1.241,1.240,1.240,1.239,0.932,1.239,1.240,1.240,1.241,1.242,
10,19,2,1118,5.4226,0.0000,0.0000,-1.0000,0.0000,3000.0000,3000.0000,5.4226,0.0018,0.4252,0.4252,0.1500,4.0000,1.0000,1.2430,2.0000,0.047770,0.038431,0.047770,0.038431,0.038439,0.038439,"LINESTRING (-122.419755 37.765176, -122.419855 37.76507599999999)",5.422563,-1.000000,0.001808,7.499096,7.500000,7.500904,0.932256,1.500000,542.256287,7670318688980.219727,1.243008,0.932256,2.000000,1.500000,1.242446,1.242446,1.242727,1.999096,1.999096,1.999547,0.425326,0.000000,1.243,1.243,1.243,1.243,1.243,1.243,0.932,1.243,1.243,1.243,1.243,1.243,
10,20,2,1119,22.8520,0.0000,0.0000,-1.0000,0.0000,3000.0000,3000.0000,22.8520,0.0076,0.4252,0.4252,0.1500,4.0000,1.0000,1.2430,2.0000,0.201312,0.161956,0.201312,0.161956,0.162111,0.162111,"LINESTRING (-122.419755 37.765176, -122.419855 37.76507599999999)",22.851959,-1.000000,0.007617,7.496191,7.500000,7.503809,0.932256,1.500000,2285.195891,102035973807.909470,1.243008,0.932256,2.000000,1.500000,1.240641,1.240641,1.241816,1.996191,1.996191,1.998081,0.425639,0.000000,1.243,1.243,1.242,1.242,1.241,1.241,0.932,1.241,1.241,1.242,1.242,1.243,
10,21,2,1267,0.0000,0.0000,0.0000,-1.0000,0.0000,3000.0000,3000.0000,0.0000,0.0000,0.4252,0.4252,0.1500,4.0000,1.0000,1.2430,2.0000,0.000000,0.000000,0.000000,0.000000,0.000000,0.000000,"LINESTRING (-122.419755 37.765176, -122.419855 37.76507599999999)",0.000000,-1.000000,0.000000,7.500000,7.500000,7.500000,0.932256,1.500000,0.000000,nan,1.243008,0.932256,2.000000,1.500000,1.243008,1.243008,1.243008,2.000000,2.000000,2.000000,0.425230,0.000000,1.243,1.243,1.243,1.243,1.243,1.243,nan,1.243,1.243,1.243,1.243,1.243,
10,22,2,1268,0.0000,0.0000,0.0000,-1.0000,0.0000,3000.0000,3000.0000,0.0000,0.0000,0.4252,0.4252,0.1500,4.0000,1.0000,1.2430,2.0000,0.000000,0.000000,0.000000,0.000000,0.000000,0.000000,"LINESTRING (-122.419755 37.765176, -122.419855 37.76507599999999)",0.000000,-1.000000,0.000000,7.500000,7.500000,7.500000,0.932256,1.500000,0.000000,nan,1.243008,0.932256,2.000000,1.500000,1.243008,1.243008,1.243008,2.000000,2.000000,2.000000,0.425230,0.000000,1.243,1.243,1.243,1.243,1.243,1.243,nan,1.243,1.243,1.243,1.243,1.243,
10,23,2,1306,25.9478,0.0000,0.0000,-1.0000,0.0000,3000.0000,3000.0000,25.9478,0.0086,0.4252,0.4252,0.1500,4.0000,1.0000,1.2430,2.0000,0.228585,0.183897,0.228585,0.183897,0.184098,0.184098,"LINESTRING (-122.419755 37.765176, -122.419855 37.76507599999999)",25.947841,-1.000000,0.008649,7.495675,7.500000,7.504325,0.932256,1.500000,2594.784126,69643460566.513489,1.243008,0.932256,2.000000,1.500000,1.240320,1.240320,1.241653,1.995675,1.995675,1.997819,0.425694,0.000000,1.243,1.243,1.242,1.242,1.241,1.241,0.932,1.241,1.241,1.242,1.242,1.243,
10,24,2,1334,6.0000,0.0000,0.0000,-1.0000,0.0000,3000.0000,3000.0000,6.0000,0.0020,0.4252,0.4252,0.1500,4.0000,1.0000,1.2430,2.0000,0.052856,0.042523,0.052856,0.042523,0.042534,0.042534,"LINESTRING (-122.419755 37.765176, -122.419855 37.76507599999999)",6.000000,-1.000000,0.002000,7.499000,7.500000,7.501000,0.932256,1.500000,600.000000,5661227434726.438477,1.243008,0.932256,2.000000,1.500000,1.242387,1.242387,1.242697,1.999000,1.999000,1.999499,0.425337,0.000000,1.243,1.243,1.243,1.243,1.243,1.242,0.932,1.242,1.243,1.243,1.243,1.243,
10,25,2,1358,85.0442,0.0000,0.0000,-1.0000,0.0000,3000.0000,3000.0000,85.0442,0.0283,0.4252,0.4252,0.1500,4.0000,1.0000,1.2430,2.0000,0.749189,0.602723,0.749189,0.602723,0.604927,0.604927,"LINESTRING (-122.419755 37.765176, -122.419855 37.76507599999999)",85.044223,-1.000000,0.028348,7.485826,7.500000,7.514174,0.932256,1.500000,3000.000000,687319137.618304,1.243008,0.932256,2.000000,1.500000,1.234199,1.234199,1.238479,1.985826,1.985826,1.992712,0.426785,0.000000,1.243,1.241,1.240,1.238,1.237,1.235,0.932,1.235,1.237,1.238,1.240,1.241,
10,26,3,1007,96.6098,0.0000,0.0000,-1.0000,0.0000,3000.0000,3000.0000,96.6098,0.0322,0.4251,0.4251,0.1500,4.0000,1.0000,1.2430,2.0000,0.850885,0.684537,0.850885,0.684537,0.687393,0.687393,"LINESTRING (-122.268722 37.80806, -122.268822 37.807959999999994)",96.609772,-1.000000,0.032203,7.483898,7.500000,7.516102,0.932256,1.500000,3000.000000,411388383.282356,1.243008,0.932256,2.000000,1.500000,1.233001,1.233001,1.237843,1.983898,1.983898,1.991690,0.426909,0.000000,1.243,1.241,1.240,1.238,1.236,1.234,0.932,1.234,1.236,1.238,1.240,1.241,
10,27,3,1008,93.8318,0.0000,0.0000,-1.0000,0.0000,3000.0000,3000.0000,93.8318,0.0313,0.4251,0.4251,0.1500,4.0000,1.0000,1.2430,2.0000,0.826419,0.664854,0.826419,0.664854,0.667545,0.667545,"LINESTRING (-122.268722 37.80806, -122.268822 37.807959999999994)",93.831812,-1.000000,0.031277,7.484361,7.500000,7.515639,0.932256,1.500000,3000.000000,462647007.772515,1.243008,0.932256,2.000000,1.500000,1.233289,1.233288,1.237996,1.984361,1.984361,1.991936,0.426856,0.000000,1.243,1.241,1.240,1.238,1.236,1.235,0.932,1.235,1.236,1.238,1.240,1.241,
10,28,3,1009,98.5584,0.0000,0.0000,-1.0000,0.0000,3000.0000,3000.0000,98.5584,0.0329,0.4251,0.4251,0.1500,4.0000,1.0000,1.2430,2.0000,0.868048,0.698345,0.868048,0.698345,0.701319,0.701319,"LINESTRING (-122.268722 37.80806, -122.268822 37.807959999999994)",98.558416,-1.000000,0.032853,7.483574,7.500000,7.516426,0.932256,1.500000,3000.000000,379612894.392417,1.243008,0.932256,2.000000,1.500000,1.232799,1.232799,1.237736,1.983574,1.983573,1.991517,0.426946,0.000000,1.243,1.241,1.239,1.238,1.236,1.234,0.932,1.234,1.236,1.238,1.239,1.241,
10,29,3,1120,10.3394,0.0000,0.0000,-1.0000,0.0000,3000.0000,3000.0000,10.3394,0.0034,0.4251,0.4251,0.1500,4.0000,1.0000,1.2430,2.0000,0.091064,0.073261,0.091064,0.073261,0.073292,0.073292,"LINESTRING (-122.268722 37.80806, -122.268822 37.807959999999994)",10.339381,-1.000000,0.003446,7.498277,7.500000,7.501723,0.932256,1.500000,1033.938134,1104869675308.021729,1.243008,0.932256,2.000000,1.500000,1.241937,1.241937,1.242471,1.998277,1.998277,1.999136,0.425319,0.000000,1.243,1.243,1.243,1.242,1.242,1.242,0.932,1.242,1.242,1.242,1.243,1.243,
10,30,3,1121,1.4998,0.0000,0.0000,-1.0000,0.0000,3000.0000,3000.0000,1.4998,0.0005,0.4251,0.4251,0.1500,4.0000,1.0000,1.2430,2.0000,0.013210,0.010627,0.013210,0.010627,0.010628,0.010628,"LINESTRING (-122.268722 37.80806, -122.268822 37.807959999999994)",1.499818,-1.000000,0.000500,7.499750,7.500000,7.500250,0.932256,1.500000,149.981828,362777965922376.625000,1.243008,0.932256,2.000000,1.500000,1.242853,1.242853,1.242930,1.999750,1.999750,1.999875,0.425162,0.000000,1.243,1.243,1.243,1.243,1.243,1.243,0.932,1.243,1.243,1.243,1.243,1.243,
10,31,3,1122,4.5984,0.0000,0.0000,-1.0000,0.0000,3000.0000,3000.0000,4.5984,0.0015,0.4251,0.4251,0.1500,4.0000,1.0000,1.2430,2.0000,0.040500,0.032582,0.040500,0.032582,0.032588,0.032588,"LINESTRING (-122.268722 37.80806, -122.268822 37.807959999999994)",4.598378,-1.000000,0.001533,7.499234,7.500000,7.500766,0.932256,1.500000,459.837825,12577835279238.126953,1.243008,0.932256,2.000000,1.500000,1.242532,1.242532,1.242770,1.999234,1.999234,1.999616,0.425217,0.000000,1.243,1.243,1.243,1.243,1.243,1.243,0.932,1.243,1.243,1.243,1.243,1.243,
10,32,3,1194,8.6824,0.0000,0.0000,-1.0000,0.0000,3000.0000,3000.0000,8.6824,0.0029,0.4251,0.4251,0.1500,4.0000,1.0000,1.2430,2.0000,0.076470,0.061520,0.076470,0.061520,0.061542,0.061542,"LINESTRING (-122.268722 37.80806, -122.268822 37.807959999999994)",8.682391,-1.000000,0.002894,7.498553,7.500000,7.501447,0.932256,1.500000,868.239149,1866625704464.521484,1.243008,0.932256,2.000000,1.500000,1.242109,1.242109,1.242557,1.998553,1.998553,1.999274,0.425290,0.000000,1.243,1.243,1.243,1.243,1.242,1.242,0.932,1.242,1.242,1.243,1.243,1.243,
10,33,3,1195,11.9394,0.0000,0.0000,-1.0000,0.0000,3000.0000,3000.0000,11.9394,0.0040,0.4251,0.4251,0.1500,4.0000,1.0000,1.2430,2.0000,0.105156,0.084598,0.105156,0.084598,0.084640,0.084640,"LINESTRING (-122.268722 37.80806, -122.268822 37.807959999999994)",11.939447,-1.000000,0.003980,7.498010,7.500000,7.501990,0.932256,1.500000,1193.944698,717245027977.105469,1.243008,0.932256,2.000000,1.500000,1.241771,1.241771,1.242387,1.998010,1.998010,1.999001,0.425348,0.000000,1.243,1.243,1.243,1.242,1.242,1.242,0.932,1.242,1.242,1.242,1.243,1.243,
10,34,3,1196,5.9406,0.0000,0.0000,-1.0000,0.0000,3000.0000,3000.0000,5.9406,0.0020,0.4251,0.4251,0.1500,4.0000,1.0000,1.2430,2.0000,0.052321,0.042093,0.052321,0.042093,0.042103,0.042103,"LINESTRING (-122.268722 37.80806, -122.268822 37.807959999999994)",5.940584,-1.000000,0.001980,7.499010,7.500000,7.500990,0.932256,1.500000,594.058365,5831584663943.655273,1.243008,0.932256,2.000000,1.500000,1.242393,1.242393,1.242700,1.999010,1.999010,1.999504,0.425241,0.000000,1.243,1.243,1.243,1.243,1.243,1.242,0.932,1.242,1.243,1.243,1.243,1.243,
10,35,3,1247,43.0000,0.0000,0.0000,-1.0000,0.0000,3000.0000,3000.0000,43.0000,0.0143,0.4251,0.4251,0.1500,4.0000,1.0000,1.2430,2.0000,0.378720,0.304680,0.378720,0.304680,0.305235,0.305235,"LINESTRING (-122.268722 37.80806, -122.268822 37.807959999999994)",43.000000,-1.000000,0.014333,7.492833,7.500000,7.507167,0.932256,1.500000,3000.000000,10628115421.749636,1.243008,0.932256,2.000000,1.500000,1.238554,1.238554,1.240749,1.992833,1.992833,1.996365,0.425909,0.000000,1.243,1.242,1.242,1.241,1.240,1.239,0.932,1.239,1.240,1.241,1.242,1.242,
10,36,3,1335,4.0000,0.0000,0.0000,-1.0000,0.0000,3000.0000,3000.0000,4.0000,0.0013,0.4251,0.4251,0.1500,4.0000,1.0000,1.2430,2.0000,0.035230,0.028342,0.035230,0.028342,0.028347,0.028347,"LINESTRING (-122.268722 37.80806, -122.268822 37.807959999999994)",4.000000,-1.000000,0.001333,7.499333,7.500000,7.500667,0.932256,1.500000,400.000000,19111954008558.742188,1.243008,0.932256,2.000000,1.500000,1.242594,1.242594,1.242801,1.999333,1.999333,1.999666,0.425206,0.000000,1.243,1.243,1.243,1.243,1.243,1.243,0.932,1.243,1.243,1.243,1.243,1.243,
10,37,3,1359,0.0000,0.0000,0.0000,-1.0000,0.0000,3000.0000,3000.0000,0.0000,0.0000,0.4251,0.4251,0.1500,4.0000,1.0000,1.2430,2.0000,0.000000,0.000000,0.000000,0.000000,0.000000,0.000000,"LINESTRING (-122.268722 37.80806, -122.268822 37.807959999999994)",0.000000,-1.000000,0.000000,7.500000,7.500000,7.500000,0.932256,1.500000,0.000000,nan,1.243008,0.932256,2.000000,1.500000,1.243008,1.243008,1.243008,2.000000,2.000000,2.000000,0.425135,0.000000,1.243,1.243,1.243,1.243,1.243,1.243,nan,1.243,1.243,1.243,1.243,1.243,
10,38,4,1010,14.3593,0.0000,0.0000,-1.0000,0.0000,3000.0000,3000.0000,14.3593,0.0048,0.4253,0.4253,0.1500,4.0000,1.0000,1.2430,2.0000,0.126506,0.101774,0.126506,0.101774,0.101835,0.101835,"LINESTRING (-122.418518 37.752422, -122.41861800000001 37.752322)",14.359340,-1.000000,0.004786,7.497607,7.500000,7.502393,0.932256,1.500000,1435.933977,412171795319.460999,1.243008,0.932256,2.000000,1.500000,1.241521,1.241521,1.242261,1.997607,1.997607,1.998798,0.425514,0.000000,1.243,1.243,1.243,1.242,1.242,1.242,0.932,1.242,1.242,1.242,1.243,1.243,
10,39,4,1011,6.5012,0.0000,0.0000,-1.0000,0.0000,3000.0000,3000.0000,6.5012,0.0022,0.4253,0.4253,0.1500,4.0000,1.0000,1.2430,2.0000,0.057276,0.046078,0.057276,0.046078,0.046091,0.046091,"LINESTRING (-122.418518 37.752422, -122.41861800000001 37.752322)",6.501246,-1.000000,0.002167,7.498916,7.500000,7.501084,0.932256,1.500000,650.124607,4449884896624.237305,1.243008,0.932256,2.000000,1.500000,1.242335,1.242335,1.242671,1.998917,1.998917,1.999457,0.425374,0.000000,1.243,1.243,1.243,1.243,1.243,1.242,0.932,1.242,1.243,1.243,1.243,1.243,
10,40,4,1012,10.3248,0.0000,0.0000,-1.0000,0.0000,3000.0000,3000.0000,10.3248,0.0034,0.4253,0.4253,0.1500,4.0000,1.0000,1.2430,2.0000,0.090962,0.073179,0.090962,0.073179,0.073210,0.073210,"LINESTRING (-122.418518 37.752422, -122.41861800000001 37.752322)",10.324811,-1.000000,0.003442,7.498279,7.500000,7.501721,0.932256,1.500000,1032.481142,1109878929714.985840,1.243008,0.932256,2.000000,1.500000,1.241939,1.241939,1.242472,1.998279,1.998279,1.999137,0.425442,0.000000,1.243,1.243,1.243,1.242,1.242,1.242,0.932,1.242,1.242,1.242,1.243,1.243,
10,41,4,1077,11.2181,0.0000,0.0000,-1.0000,0.0000,3000.0000,3000.0000,11.2181,0.0037,0.4253,0.4253,0.1500,4.0000,1.0000,1.2430,2.0000,0.098832,0.079510,0.098832,0.079510,0.079548,0.079548,"LINESTRING (-122.418518 37.752422, -122.41861800000001 37.752322)",11.218146,-1.000000,0.003739,7.498130,7.500000,7.501870,0.932256,1.500000,1121.814621,865089964578.463135,1.243008,0.932256,2.000000,1.500000,1.241846,1.241846,1.242425,1.998130,1.998130,1.999062,0.425458,0.000000,1.243,1.243,1.243,1.242,1.242,1.242,0.932,1.242,1.242,1.242,1.243,1.243,
10,42,4,1095,6.9648,0.0000,0.0000,-1.0000,0.0000,3000.0000,3000.0000,6.9648,0.0023,0.4253,0.4253,0.1500,4.0000,1.0000,1.2430,2.0000,0.061360,0.049364,0.061360,0.049364,0.049379,0.049379,"LINESTRING (-122.418518 37.752422, -122.41861800000001 37.752322)",6.964849,-1.000000,0.002322,7.498839,7.500000,7.501161,0.932256,1.500000,696.484862,3618704068975.730957,1.243008,0.932256,2.000000,1.500000,1.242287,1.242287,1.242647,1.998839,1.998839,1.999418,0.425382,0.000000,1.243,1.243,1.243,1.243,1.243,1.242,0.932,1.242,1.243,1.243,1.243,1.243,
10,43,4,1123,71.4874,0.0000,0.0000,-1.0000,0.0000,3000.0000,3000.0000,71.4874,0.0238,0.4253,0.4253,0.1500,4.0000,1.0000,1.2430,2.0000,0.629803,0.506677,0.629803,0.506677,0.508227,0.508227,"LINESTRING (-122.418518 37.752422, -122.41861800000001 37.752322)",71.487354,-1.000000,0.023829,7.488085,7.500000,7.511915,0.932256,1.500000,3000.000000,1381563141.609627,1.243008,0.932256,2.000000,1.500000,1.235603,1.235603,1.239217,1.988086,1.988085,1.993901,0.426559,0.000000,1.243,1.242,1.240,1.239,1.238,1.237,0.932,1.237,1.238,1.239,1.240,1.242,
10,44,4,1124,7.0031,0.0000,0.0000,-1.0000,0.0000,3000.0000,3000.0000,7.0031,0.0023,0.4253,0.4253,0.1500,4.0000,1.0000,1.2430,2.0000,0.061697,0.049635,0.061697,0.049635,0.049650,0.049650,"LINESTRING (-122.418518 37.752422, -122.41861800000001 37.752322)",7.003079,-1.000000,0.002334,7.498833,7.500000,7.501167,0.932256,1.500000,700.307949,3559727734507.369141,1.243008,0.932256,2.000000,1.500000,1.242283,1.242283,1.242645,1.998833,1.998833,1.999415,0.425383,0.000000,1.243,1.243,1.243,1.243,1.243,1.242,0.932,1.242,1.243,1.243,1.243,1.243,
10,45,4,1125,48.5527,0.0000,0.0000,-1.0000,0.0000,3000.0000,3000.0000,48.5527,0.0162,0.4253,0.4253,0.1500,4.0000,1.0000,1.2430,2.0000,0.427749,0.344124,0.427749,0.344124,0.344833,0.344833,"LINESTRING (-122.418518 37.752422, -122.41861800000001 37.752322)",48.552653,-1.000000,0.016184,7.491908,7.500000,7.508092,0.932256,1.500000,3000.000000,6531145415.132086,1.243008,0.932256,2.000000,1.500000,1.237979,1.237979,1.240453,1.991908,1.991908,1.995889,0.426134,0.000000,1.243,1.242,1.241,1.240,1.240,1.239,0.932,1.239,1.240,1.240,1.241,1.242,
10,46,4,1269,0.0000,0.0000,0.0000,-1.0000,0.0000,3000.0000,3000.0000,0.0000,0.0000,0.4253,0.4253,0.1500,4.0000,1.0000,1.2430,2.0000,0.000000,0.000000,0.000000,0.000000,0.000000,0.000000,"LINESTRING (-122.418518 37.752422, -122.41861800000001 37.752322)",0.000000,-1.000000,0.000000,7.500000,7.500000,7.500000,0.932256,1.500000,0.000000,nan,1.243008,0.932256,2.000000,1.500000,1.243008,1.243008,1.243008,2.000000,2.000000,2.000000,0.425258,0.000000,1.243,1.243,1.243,1.243,1.243,1.243,nan,1.243,1.243,1.243,1.243,1.243,
10,47,4,1270,0.5965,0.0000,0.0000,-1.0000,0.0000,3000.0000,3000.0000,0.5965,0.0002,0.4253,0.4253,0.1500,4.0000,1.0000,1.2430,2.0000,0.005255,0.004227,0.005255,0.004227,0.004228,0.004228,"LINESTRING (-122.418518 37.752422, -122.41861800000001 37.752322)",0.596457,-1.000000,0.000199,7.499901,7.500000,7.500099,0.932256,1.500000,59.645653,5770909390147945.000000,1.243008,0.932256,2.000000,1.500000,1.242946,1.242946,1.242977,1.999901,1.999901,1.999950,0.425269,0.000000,1.243,1.243,1.243,1.243,1.243,1.243,0.932,1.243,1.243,1.243,1.243,1.243,
10,48,4,1307,62.0614,0.0000,0.0000,-1.0000,0.0000,3000.0000,3000.0000,62.0614,0.0207,0.4253,0.4253,0.1500,4.0000,1.0000,1.2430,2.0000,0.546760,0.439869,0.546760,0.439869,0.441033,0.441033,"LINESTRING (-122.418518 37.752422, -122.41861800000001 37.752322)",62.061384,-1.000000,0.020687,7.489656,7.500000,7.510344,0.932256,1.500000,3000.000000,2438115671.348891,1.243008,0.932256,2.000000,1.500000,1.236580,1.236580,1.239727,1.989657,1.989656,1.994721,0.426384,0.000000,1.243,1.242,1.241,1.240,1.239,1.238,0.932,1.238,1.239,1.240,1.241,1.242,
10,49,4,1336,6.0000,0.0000,0.0000,-1.0000,0.0000,3000.0000,3000.0000,6.0000,0.0020,0.4253,0.4253,0.1500,4.0000,1.0000,1.2430,2.0000,0.052860,0.042526,0.052860,0.042526,0.042536,0.042536,"LINESTRING (-122.418518 37.752422, -122.41861800000001 37.752322)",6.000000,-1.000000,0.002000,7.499000,7.500000,7.501000,0.932256,1.500000,600.000000,5661602865633.558594,1.243008,0.932256,2.000000,1.500000,1.242387,1.242387,1.242697,1.999000,1.999000,1.999499,0.425365,0.000000,1.243,1.243,1.243,1.243,1.243,1.242,0.932,1.242,1.243,1.243,1.243,1.243,
10,50,4,1360,150.9307,0.0000,0.0000,-1.0000,0.0000,3000.0000,3000.0000,150.9307,0.0503,0.4253,0.4253,0.1500,4.0000,1.0000,1.2430,2.0000,1.329698,1.069743,1.329698,1.069743,1.076855,1.076855,"LINESTRING (-122.418518 37.752422, -122.41861800000001 37.752322)",150.930681,-1.000000,0.050310,7.474845,7.500000,7.525155,0.932254,1.499997,3000.000000,68098659.256603,1.243008,0.932256,2.000000,1.500000,1.227374,1.227373,1.234798,1.974845,1.974843,1.986790,0.428086,0.000000,1.243,1.240,1.238,1.235,1.232,1.229,0.932,1.229,1.232,1.235,1.238,1.240,
10,51,5,1013,391.0000,0.0000,0.0000,-1.0000,0.0000,3000.0000,3000.0000,391.0000,0.1303,0.4247,0.4247,0.1500,4.0000,1.0000,1.2430,1.9999,3.440349,2.767880,3.440349,2.767880,2.819701,2.819701,"LINESTRING (-121.780353 37.995415, -121.78045300000001 37.995315)",391.000000,-1.000000,0.130333,7.434833,7.500000,7.565167,0.932180,1.499878,3000.000000,1411905.949906,1.243008,0.932256,2.000000,1.500000,1.202507,1.202455,1.220111,1.934833,1.934750,1.963159,0.432691,0.000000,1.243,1.235,1.227,1.220,1.212,1.204,0.932,1.204,1.212,1.220,1.227,1.235,
10,52,5,1126,0.0000,0.0000,0.0000,-1.0000,0.0000,3000.0000,3000.0000,0.0000,0.0000,0.4247,0.4247,0.1500,4.0000,1.0000,1.2430,2.0000,0.000000,0.000000,0.000000,0.000000,0.000000,0.000000,"LINESTRING (-121.780353 37.995415, -121.78045300000001 37.995315)",0.000000,-1.000000,0.000000,7.500000,7.500000,7.500000,0.932256,1.500000,0.000000,nan,1.243008,0.932256,2.000000,1.500000,1.243008,1.243008,1.243008,2.000000,2.000000,2.000000,0.424720,0.000000,1.243,1.243,1.243,1.243,1.243,1.243,nan,1.243,1.243,1.243,1.243,1.243,
10,53,5,1127,0.0000,0.0000,0.0000,-1.0000,0.0000,3000.0000,3000.0000,0.0000,0.0000,0.4247,0.4247,0.1500,4.0000,1.0000,1.2430,2.0000,0.000000,0.000000,0.000000,0.000000,0.000000,0.000000,"LINESTRING (-121.780353 37.995415, -121.78045300000001 37.995315)",0.000000,-1.000000,0.000000,7.500000,7.500000,7.500000,0.932256,1.500000,0.000000,nan,1.243008,0.932256,2.000000,1.500000,1.243008,1.243008,1.243008,2.000000,2.000000,2.000000,0.424720,0.000000,1.243,1.243,1.243,1.243,1.243,1.243,nan,1.243,1.243,1.243,1.243,1.243,
10,54,6,1197,7.3466,0.0000,0.0000,-1.0000,0.0000,3000.0000,3000.0000,7.3466,0.0024,0.4250,0.4250,0.1500,4.0000,1.0000,1.2430,2.0000,0.064690,0.052043,0.064690,0.052043,0.052059,0.052059,"LINESTRING (-122.26975 37.853069, -122.26985 37.852968999999995)",7.346639,-1.000000,0.002449,7.498776,7.500000,7.501224,0.932256,1.500000,734.663895,3081434782087.513184,1.243008,0.932256,2.000000,1.500000,1.242247,1.242247,1.242627,1.998776,1.998776,1.999386,0.425166,0.000000,1.243,1.243,1.243,1.243,1.242,1.242,0.932,1.242,1.242,1.243,1.243,1.243,
10,55,6,1198,9.4068,0.0000,0.0000,-1.0000,0.0000,3000.0000,3000.0000,9.4068,0.0031,0.4250,0.4250,0.1500,4.0000,1.0000,1.2430,2.0000,0.082830,0.066637,0.082830,0.066637,0.066663,0.066663,"LINESTRING (-122.26975 37.853069, -122.26985 37.852968999999995)",9.406758,-1.000000,0.003136,7.498432,7.500000,7.501568,0.932256,1.500000,940.675790,1467150664069.545166,1.243008,0.932256,2.000000,1.500000,1.242034,1.242034,1.242519,1.998432,1.998432,1.999214,0.425203,0.000000,1.243,1.243,1.243,1.243,1.242,1.242,0.932,1.242,1.242,1.243,1.243,1.243,
10,56,6,1199,5.2466,0.0000,0.0000,-1.0000,0.0000,3000.0000,3000.0000,5.2466,0.0017,0.4250,0.4250,0.1500,4.0000,1.0000,1.2430,2.0000,0.046198,0.037167,0.046198,0.037167,0.037175,0.037175,"LINESTRING (-122.26975 37.853069, -122.26985 37.852968999999995)",5.246603,-1.000000,0.001749,7.499126,7.500000,7.500874,0.932256,1.500000,524.660315,8464728504660.086914,1.243008,0.932256,2.000000,1.500000,1.242465,1.242465,1.242736,1.999126,1.999126,1.999562,0.425129,0.000000,1.243,1.243,1.243,1.243,1.243,1.243,0.932,1.243,1.243,1.243,1.243,1.243,
10,57,6,1248,20.9946,0.0000,0.0000,-1.0000,0.0000,3000.0000,3000.0000,20.9946,0.0070,0.4250,0.4250,0.1500,4.0000,1.0000,1.2430,2.0000,0.184865,0.148724,0.184865,0.148724,0.148855,0.148855,"LINESTRING (-122.26975 37.853069, -122.26985 37.852968999999995)",20.994557,-1.000000,0.006998,7.496501,7.500000,7.503499,0.932256,1.500000,2099.455679,131585592598.498047,1.243008,0.932256,2.000000,1.500000,1.240833,1.240833,1.241913,1.996501,1.996501,1.998238,0.425410,0.000000,1.243,1.243,1.242,1.242,1.242,1.241,0.932,1.241,1.242,1.242,1.242,1.243,
10,58,6,1337,128.0054,0.0000,0.0000,-1.0000,0.0000,3000.0000,3000.0000,128.0054,0.0427,0.4250,0.4250,0.1500,4.0000,1.0000,1.2430,2.0000,1.127137,0.906782,1.127137,0.906782,0.911852,0.911852,"LINESTRING (-122.26975 37.853069, -122.26985 37.852968999999995)",128.005443,-1.000000,0.042668,7.478666,7.500000,7.521334,0.932255,1.499999,3000.000000,132357037.770892,1.243008,0.932256,2.000000,1.500000,1.229749,1.229748,1.236096,1.978666,1.978665,1.988878,0.427413,0.000000,1.243,1.241,1.238,1.236,1.234,1.231,0.932,1.231,1.234,1.236,1.238,1.241,
10,59,6,1361,0.0000,0.0000,0.0000,-1.0000,0.0000,3000.0000,3000.0000,0.0000,0.0000,0.4250,0.4250,0.1500,4.0000,1.0000,1.2430,2.0000,0.000000,0.000000,0.000000,0.000000,0.000000,0.000000,"LINESTRING (-122.26975 37.853069, -122.26985 37.852968999999995)",0.000000,-1.000000,0.000000,7.500000,7.500000,7.500000,0.932256,1.500000,0.000000,nan,1.243008,0.932256,2.000000,1.500000,1.243008,1.243008,1.243008,2.000000,2.000000,2.000000,0.425036,0.000000,1.243,1.243,1.243,1.243,1.243,1.243,nan,1.243,1.243,1.243,1.243,1.243,
10,60,7,1014,7.3466,0.0000,0.0000,-1.0000,0.0000,3000.0000,3000.0000,7.3466,0.0024,0.4253,0.4253,0.1500,4.0000,1.0000,1.2430,2.0000,0.064734,0.052079,0.064734,0.052079,0.052095,0.052095,"LINESTRING (-122.44751 37.721758, -122.44761 37.721658)",7.346639,-1.000000,0.002449,7.498776,7.500000,7.501224,0.932256,1.500000,734.663895,3083540508276.080566,1.243008,0.932256,2.000000,1.500000,1.242247,1.242247,1.242627,1.998776,1.998776,1.999386,0.425457,0.000000,1.243,1.243,1.243,1.243,1.242,1.242,0.932,1.242,1.242,1.243,1.243,1.243,
10,61,7,1015,6.4402,0.0000,0.0000,-1.0000,0.0000,3000.0000,3000.0000,6.4402,0.0021,0.4253,0.4253,0.1500,4.0000,1.0000,1.2430,2.0000,0.056747,0.045653,0.056747,0.045653,0.045665,0.045665,"LINESTRING (-122.44751 37.721758, -122.44761 37.721658)",6.440169,-1.000000,0.002147,7.498927,7.500000,7.501073,0.932256,1.500000,644.016863,4578494905576.625977,1.243008,0.932256,2.000000,1.500000,1.242341,1.242341,1.242674,1.998927,1.998927,1.999462,0.425441,0.000000,1.243,1.243,1.243,1.243,1.243,1.242,0.932,1.242,1.243,1.243,1.243,1.243,
10,62,7,1016,6.0253,0.0000,0.0000,-1.0000,0.0000,3000.0000,3000.0000,6.0253,0.0020,0.4253,0.4253,0.1500,4.0000,1.0000,1.2430,2.0000,0.053091,0.042712,0.053091,0.042712,0.042723,0.042723,"LINESTRING (-122.44751 37.721758, -122.44761 37.721658)",6.025303,-1.000000,0.002008,7.498996,7.500000,7.501004,0.932256,1.500000,602.530302,5591430519335.792969,1.243008,0.932256,2.000000,1.500000,1.242384,1.242384,1.242695,1.998996,1.998996,1.999497,0.425433,0.000000,1.243,1.243,1.243,1.243,1.243,1.242,0.932,1.242,1.243,1.243,1.243,1.243,
10,63,7,1078,2.1879,0.0000,0.0000,-1.0000,0.0000,3000.0000,3000.0000,2.1879,0.0007,0.4253,0.4253,0.1500,4.0000,1.0000,1.2430,2.0000,0.019278,0.015509,0.019278,0.015509,0.015511,0.015511,"LINESTRING (-122.44751 37.721758, -122.44761 37.721658)",2.187889,-1.000000,0.000729,7.499635,7.500000,7.500365,0.932256,1.500000,218.788940,116896330504179.203125,1.243008,0.932256,2.000000,1.500000,1.242782,1.242782,1.242895,1.999635,1.999635,1.999818,0.425365,0.000000,1.243,1.243,1.243,1.243,1.243,1.243,0.932,1.243,1.243,1.243,1.243,1.243,
10,64,7,1096,65.0665,0.0000,0.0000,-1.0000,0.0000,3000.0000,3000.0000,65.0665,0.0217,0.4253,0.4253,0.1500,4.0000,1.0000,1.2430,2.0000,0.573326,0.461241,0.573326,0.461241,0.462522,0.462522,"LINESTRING (-122.44751 37.721758, -122.44761 37.721658)",65.066455,-1.000000,0.021689,7.489156,7.500000,7.510844,0.932256,1.500000,3000.000000,2016720248.840882,1.243008,0.932256,2.000000,1.500000,1.236268,1.236268,1.239565,1.989156,1.989156,1.994460,0.426508,0.000000,1.243,1.242,1.241,1.240,1.238,1.237,0.932,1.237,1.238,1.240,1.241,1.242,
10,65,7,1128,99.1289,0.0000,0.0000,-1.0000,0.0000,3000.0000,3000.0000,99.1289,0.0330,0.4253,0.4253,0.1500,4.0000,1.0000,1.2430,2.0000,0.873464,0.702702,0.873464,0.702702,0.705713,0.705713,"LINESTRING (-122.44751 37.721758, -122.44761 37.721658)",99.128888,-1.000000,0.033043,7.483479,7.500000,7.516521,0.932256,1.500000,3000.000000,371060908.842520,1.243008,0.932256,2.000000,1.500000,1.232740,1.232740,1.237704,1.983479,1.983478,1.991466,0.427149,0.000000,1.243,1.241,1.239,1.238,1.236,1.234,0.932,1.234,1.236,1.238,1.239,1.241,
10,66,7,1129,0.3339,0.0000,0.0000,-1.0000,0.0000,3000.0000,3000.0000,0.3339,0.0001,0.4253,0.4253,0.1500,4.0000,1.0000,1.2430,2.0000,0.002942,0.002367,0.002942,0.002367,0.002367,0.002367,"LINESTRING (-122.44751 37.721758, -122.44761 37.721658)",0.333938,-1.000000,0.000111,7.499944,7.500000,7.500056,0.932256,1.500000,33.393813,32891245194467076.000000,1.243008,0.932256,2.000000,1.500000,1.242974,1.242974,1.242991,1.999944,1.999944,1.999972,0.425332,0.000000,1.243,1.243,1.243,1.243,1.243,1.243,0.932,1.243,1.243,1.243,1.243,1.243,
10,67,7,1130,116.8974,0.0000,0.0000,-1.0000,0.0000,3000.0000,3000.0000,116.8974,0.0390,0.4253,0.4253,0.1500,4.0000,1.0000,1.2430,2.0000,1.030030,0.828659,1.030030,0.828659,0.832874,0.832874,"LINESTRING (-122.44751 37.721758, -122.44761 37.721658)",116.897410,-1.000000,0.038966,7.480517,7.500000,7.519483,0.932255,1.499999,3000.000000,190988724.392662,1.243008,0.932256,2.000000,1.500000,1.230899,1.230899,1.236718,1.980517,1.980517,1.989879,0.427490,0.000000,1.243,1.241,1.239,1.237,1.235,1.233,0.932,1.233,1.235,1.237,1.239,1.241,
10,68,7,1271,0.0000,0.0000,0.0000,-1.0000,0.0000,3000.0000,3000.0000,0.0000,0.0000,0.4253,0.4253,0.1500,4.0000,1.0000,1.2430,2.0000,0.000000,0.000000,0.000000,0.000000,0.000000,0.000000,"LINESTRING (-122.44751 37.721758, -122.44761 37.721658)",0.000000,-1.000000,0.000000,7.500000,7.500000,7.500000,0.932256,1.500000,0.000000,nan,1.243008,0.932256,2.000000,1.500000,1.243008,1.243008,1.243008,2.000000,2.000000,2.000000,0.425326,0.000000,1.243,1.243,1.243,1.243,1.243,1.243,nan,1.243,1.243,1.243,1.243,1.243,
10,69,7,1272,0.0000,0.0000,0.0000,-1.0000,0.0000,3000.0000,3000.0000,0.0000,0.0000,0.4253,0.4253,0.1500,4.0000,1.0000,1.2430,2.0000,0.000000,0.000000,0.000000,0.000000,0.000000,0.000000,"LINESTRING (-122.44751 37.721758, -122.44761 37.721658)",0.000000,-1.000000,0.000000,7.500000,7.500000,7.500000,0.932256,1.500000,0.000000,nan,1.243008,0.932256,2.000000,1.500000,1.243008,1.243008,1.243008,2.000000,2.000000,2.000000,0.425326,0.000000,1.243,1.243,1.243,1.243,1.243,1.243,nan,1.243,1.243,1.243,1.243,1.243,
10,70,7,1308,84.7520,0.0000,0.0000,-1.0000,0.0000,3000.0000,3000.0000,84.7520,0.0283,0.4253,0.4253,0.1500,4.0000,1.0000,1.2430,2.0000,0.746783,0.600787,0.746783,0.600787,0.602977,0.602977,"LINESTRING (-122.44751 37.721758, -122.44761 37.721658)",84.751973,-1.000000,0.028251,7.485875,7.500000,7.514125,0.932256,1.500000,3000.000000,697058686.053569,1.243008,0.932256,2.000000,1.500000,1.234229,1.234229,1.238495,1.985875,1.985875,1.992738,0.426876,0.000000,1.243,1.242,1.240,1.238,1.237,1.235,0.932,1.235,1.237,1.238,1.240,1.242,
10,71,7,1338,17.0000,0.0000,0.0000,-1.0000,0.0000,3000.0000,3000.0000,17.0000,0.0057,0.4253,0.4253,0.1500,4.0000,1.0000,1.2430,2.0000,0.149794,0.120509,0.149794,0.120509,0.120595,0.120595,"LINESTRING (-122.44751 37.721758, -122.44761 37.721658)",17.000000,-1.000000,0.005667,7.497167,7.500000,7.502833,0.932256,1.500000,1700.000000,248265027369.408752,1.243008,0.932256,2.000000,1.500000,1.241247,1.241247,1.242123,1.997167,1.997167,1.998575,0.425629,0.000000,1.243,1.243,1.242,1.242,1.242,1.242,0.932,1.242,1.242,1.242,1.242,1.243,
10,72,7,1362,147.8213,0.0000,0.0000,-1.0000,0.0000,3000.0000,3000.0000,147.8213,0.0493,0.4253,0.4253,0.1500,4.0000,1.0000,1.2430,2.0000,1.302513,1.047872,1.302513,1.047872,1.054688,1.054688,"LINESTRING (-122.44751 37.721758, -122.44761 37.721658)",147.821336,-1.000000,0.049274,7.475363,7.500000,7.524637,0.932255,1.499998,3000.000000,74084765.665872,1.243008,0.932256,2.000000,1.500000,1.227696,1.227695,1.234975,1.975363,1.975361,1.987075,0.428093,0.000000,1.243,1.240,1.238,1.235,1.232,1.230,0.932,1.230,1.232,1.235,1.238,1.240,
10,73,8,1079,5.5544,0.0000,0.0000,-1.0000,0.0000,3000.0000,3000.0000,5.5544,0.0019,0.4254,0.4254,0.1500,4.0000,1.0000,1.2430,2.0000,0.048948,0.039379,0.048948,0.039379,0.039388,0.039388,"LINESTRING (-122.126431 37.696938, -122.126531 37.696838)",5.554382,-1.000000,0.001851,7.499074,7.500000,7.500926,0.932256,1.500000,555.438176,7139366528830.296875,1.243008,0.932256,2.000000,1.500000,1.242433,1.242433,1.242720,1.999074,1.999074,1.999536,0.425480,0.000000,1.243,1.243,1.243,1.243,1.243,1.243,0.932,1.243,1.243,1.243,1.243,1.243,
10,74,8,1097,13.0000,0.0000,0.0000,-1.0000,0.0000,3000.0000,3000.0000,13.0000,0.0043,0.4254,0.4254,0.1500,4.0000,1.0000,1.2430,2.0000,0.114563,0.092166,0.114563,0.092166,0.092216,0.092216,"LINESTRING (-122.126431 37.696938, -122.126531 37.696838)",13.000000,-1.000000,0.004333,7.497833,7.500000,7.502167,0.932256,1.500000,1300.000000,555808607118.075684,1.243008,0.932256,2.000000,1.500000,1.241662,1.241662,1.242332,1.997833,1.997833,1.998912,0.425613,0.000000,1.243,1.243,1.243,1.242,1.242,1.242,0.932,1.242,1.242,1.242,1.243,1.243,
10,75,8,1200,39.7105,0.0000,0.0000,-1.0000,0.0000,3000.0000,3000.0000,39.7105,0.0132,0.4254,0.4254,0.1500,4.0000,1.0000,1.2430,2.0000,0.349951,0.281535,0.349951,0.281535,0.282008,0.282008,"LINESTRING (-122.126431 37.696938, -122.126531 37.696838)",39.710538,-1.000000,0.013237,7.493382,7.500000,7.506618,0.932256,1.500000,3000.000000,14632592480.425501,1.243008,0.932256,2.000000,1.500000,1.238895,1.238895,1.240924,1.993382,1.993382,1.996647,0.426095,0.000000,1.243,1.242,1.242,1.241,1.240,1.240,0.932,1.240,1.240,1.241,1.242,1.242,
10,76,8,1201,12.9357,0.0000,0.0000,-1.0000,0.0000,3000.0000,3000.0000,12.9357,0.0043,0.4254,0.4254,0.1500,4.0000,1.0000,1.2430,2.0000,0.113996,0.091710,0.113996,0.091710,0.091760,0.091760,"LINESTRING (-122.126431 37.696938, -122.126531 37.696838)",12.935709,-1.000000,0.004312,7.497844,7.500000,7.502156,0.932256,1.500000,1293.570878,564146182487.876953,1.243008,0.932256,2.000000,1.500000,1.241668,1.241668,1.242335,1.997844,1.997844,1.998917,0.425611,0.000000,1.243,1.243,1.243,1.242,1.242,1.242,0.932,1.242,1.242,1.242,1.243,1.243,
10,77,8,1202,21.3538,0.0000,0.0000,-1.0000,0.0000,3000.0000,3000.0000,21.3538,0.0071,0.4254,0.4254,0.1500,4.0000,1.0000,1.2430,2.0000,0.188181,0.151391,0.188181,0.151391,0.151527,0.151527,"LINESTRING (-122.126431 37.696938, -122.126531 37.696838)",21.353753,-1.000000,0.007118,7.496441,7.500000,7.503559,0.932256,1.500000,2135.375312,125146625969.407013,1.243008,0.932256,2.000000,1.500000,1.240796,1.240796,1.241894,1.996441,1.996441,1.998208,0.425763,0.000000,1.243,1.243,1.242,1.242,1.242,1.241,0.932,1.241,1.242,1.242,1.242,1.243,
10,78,8,1249,40.3929,0.0000,0.0000,-1.0000,0.0000,3000.0000,3000.0000,40.3929,0.0135,0.4254,0.4254,0.1500,4.0000,1.0000,1.2430,2.0000,0.355964,0.286373,0.355964,0.286373,0.286862,0.286862,"LINESTRING (-122.126431 37.696938, -122.126531 37.696838)",40.392939,-1.000000,0.013464,7.493268,7.500000,7.506732,0.932256,1.500000,3000.000000,13666182054.715685,1.243008,0.932256,2.000000,1.500000,1.238824,1.238824,1.240888,1.993268,1.993268,1.996589,0.426108,0.000000,1.243,1.242,1.242,1.241,1.240,1.239,0.932,1.239,1.240,1.241,1.242,1.242,
10,79,8,1273,185.7142,0.0000,0.0000,-1.0000,0.0000,3000.0000,3000.0000,185.7142,0.0619,0.4254,0.4254,0.1500,4.0000,1.0000,1.2430,2.0000,1.636612,1.316658,1.636612,1.316658,1.327564,1.327564,"LINESTRING (-122.126431 37.696938, -122.126531 37.696838)",185.714154,-1.000000,0.061905,7.469048,7.500000,7.530952,0.932252,1.499994,3000.000000,29440156.090420,1.243008,0.932256,2.000000,1.500000,1.223771,1.223768,1.232794,1.969048,1.969043,1.983566,0.428905,0.000000,1.243,1.240,1.236,1.233,1.229,1.226,0.932,1.226,1.229,1.233,1.236,1.240,
10,80,8,1274,65.7315,0.0000,0.0000,-1.0000,0.0000,3000.0000,3000.0000,65.7315,0.0219,0.4254,0.4254,0.1500,4.0000,1.0000,1.2430,2.0000,0.579261,0.466015,0.579261,0.466015,0.467323,0.467323,"LINESTRING (-122.126431 37.696938, -122.126531 37.696838)",65.731464,-1.000000,0.021910,7.489045,7.500000,7.510955,0.932256,1.500000,3000.000000,1936256094.037042,1.243008,0.932256,2.000000,1.500000,1.236199,1.236199,1.239529,1.989045,1.989045,1.994402,0.426575,0.000000,1.243,1.242,1.241,1.240,1.238,1.237,0.932,1.237,1.238,1.240,1.241,1.242,
10,81,8,1309,2.6071,0.0000,0.0000,-1.0000,0.0000,3000.0000,3000.0000,2.6071,0.0009,0.4254,0.4254,0.1500,4.0000,1.0000,1.2430,2.0000,0.022975,0.018483,0.022975,0.018483,0.018485,0.018485,"LINESTRING (-122.126431 37.696938, -122.126531 37.696838)",2.607061,-1.000000,0.000869,7.499565,7.500000,7.500435,0.932256,1.500000,260.706087,69092974384037.515625,1.243008,0.932256,2.000000,1.500000,1.242738,1.242738,1.242873,1.999566,1.999566,1.999783,0.425427,0.000000,1.243,1.243,1.243,1.243,1.243,1.243,0.932,1.243,1.243,1.243,1.243,1.243,
10,82,9,1203,62.2394,0.0000,0.0000,-1.0000,0.0000,3000.0000,3000.0000,62.2394,0.0207,0.4261,0.4261,0.1500,4.0000,1.0000,1.2430,2.0000,0.549421,0.442009,0.549421,0.442009,0.443182,0.443182,"LINESTRING (-121.874661 37.368495, -121.874761 37.368395)",62.239437,-1.000000,0.020746,7.489627,7.500000,7.510373,0.932256,1.500000,3000.000000,2415022881.659399,1.243008,0.932256,2.000000,1.500000,1.236561,1.236561,1.239718,1.989627,1.989627,1.994706,0.427236,0.000000,1.243,1.242,1.241,1.240,1.239,1.238,0.932,1.238,1.239,1.240,1.241,1.242,
10,83,9,1250,0.0000,0.0000,0.0000,-1.0000,0.0000,3000.0000,3000.0000,0.0000,0.0000,0.4261,0.4261,0.1500,4.0000,1.0000,1.2430,2.0000,0.000000,0.000000,0.000000,0.000000,0.000000,0.000000,"LINESTRING (-121.874661 37.368495, -121.874761 37.368395)",0.000000,-1.000000,0.000000,7.500000,7.500000,7.500000,0.932256,1.500000,0.000000,nan,1.243008,0.932256,2.000000,1.500000,1.243008,1.243008,1.243008,2.000000,2.000000,2.000000,0.426105,0.000000,1.243,1.243,1.243,1.243,1.243,1.243,nan,1.243,1.243,1.243,1.243,1.243,
10,84,9,1275,62.7606,0.0000,0.0000,-1.0000,0.0000,3000.0000,3000.0000,62.7606,0.0209,0.4261,0.4261,0.1500,4.0000,1.0000,1.2430,2.0000,0.554021,0.445710,0.554021,0.445710,0.446903,0.446903,"LINESTRING (-121.874661 37.368495, -121.874761 37.368395)",62.760563,-1.000000,0.020920,7.489540,7.500000,7.510460,0.932256,1.500000,3000.000000,2335492434.420455,1.243008,0.932256,2.000000,1.500000,1.236507,1.236507,1.239690,1.989540,1.989540,1.994661,0.427246,0.000000,1.243,1.242,1.241,1.240,1.239,1.237,0.932,1.237,1.239,1.240,1.241,1.242,
10,85,9,1310,0.0000,0.0000,0.0000,-1.0000,0.0000,3000.0000,3000.0000,0.0000,0.0000,0.4261,0.4261,0.1500,4.0000,1.0000,1.2430,2.0000,0.000000,0.000000,0.000000,0.000000,0.000000,0.000000,"LINESTRING (-121.874661 37.368495, -121.874761 37.368395)",0.000000,-1.000000,0.000000,7.500000,7.500000,7.500000,0.932256,1.500000,0.000000,nan,1.243008,0.932256,2.000000,1.500000,1.243008,1.243008,1.243008,2.000000,2.000000,2.000000,0.426105,0.000000,1.243,1.243,1.243,1.243,1.243,1.243,nan,1.243,1.243,1.243,1.243,1.243,
10,86,9,1311,0.0000,0.0000,0.0000,-1.0000,0.0000,3000.0000,3000.0000,0.0000,0.0000,0.4261,0.4261,0.1500,4.0000,1.0000,1.2430,2.0000,0.000000,0.000000,0.000000,0.000000,0.000000,0.000000,"LINESTRING (-121.874661 37.368495, -121.874761 37.368395)",0.000000,-1.000000,0.000000,7.500000,7.500000,7.500000,0.932256,1.500000,0.000000,nan,1.243008,0.932256,2.000000,1.500000,1.243008,1.243008,1.243008,2.000000,2.000000,2.000000,0.426105,0.000000,1.243,1.243,1.243,1.243,1.243,1.243,nan,1.243,1.243,1.243,1.243,1.243,
10,87,10,1080,154.0000,0.0000,0.0000,-1.0000,0.0000,3000.0000,3000.0000,154.0000,0.0513,0.4254,0.4254,0.1500,4.0000,1.0000,1.2430,2.0000,1.357174,1.091847,1.357174,1.091847,1.099262,1.099262,"LINESTRING (-122.075615 37.690776, -122.075715 37.690675999999996)",154.000000,-1.000000,0.051333,7.474333,7.500000,7.525667,0.932254,1.499997,3000.000000,62798543.806061,1.243008,0.932256,2.000000,1.500000,1.227056,1.227055,1.234623,1.974333,1.974331,1.986508,0.428284,0.000000,1.243,1.240,1.237,1.235,1.232,1.229,0.932,1.229,1.232,1.235,1.237,1.240,
10,88,10,1098,13.0000,0.0000,0.0000,-1.0000,0.0000,3000.0000,3000.0000,13.0000,0.0043,0.4254,0.4254,0.1500,4.0000,1.0000,1.2430,2.0000,0.114567,0.092169,0.114567,0.092169,0.092219,0.092219,"LINESTRING (-122.075615 37.690776, -122.075715 37.690675999999996)",13.000000,-1.000000,0.004333,7.497833,7.500000,7.502167,0.932256,1.500000,1300.000000,555826392530.219482,1.243008,0.932256,2.000000,1.500000,1.241662,1.241662,1.242332,1.997833,1.997833,1.998912,0.425626,0.000000,1.243,1.243,1.243,1.242,1.242,1.242,0.932,1.242,1.242,1.242,1.243,1.243,
10,89,11,1017,33.7278,0.0000,0.0000,-1.0000,0.0000,3000.0000,3000.0000,33.7278,0.0112,0.4252,0.4252,0.1500,4.0000,1.0000,1.2430,2.0000,0.297100,0.239017,0.297100,0.239017,0.239357,0.239357,"LINESTRING (-122.413879 37.77945, -122.413979 37.779349999999994)",33.727752,-1.000000,0.011243,7.494379,7.500000,7.505621,0.932256,1.500000,3000.000000,28149338455.545319,1.243008,0.932256,2.000000,1.500000,1.239514,1.239514,1.241242,1.994379,1.994379,1.997158,0.425804,0.000000,1.243,1.242,1.242,1.241,1.241,1.240,0.932,1.240,1.241,1.241,1.242,1.242,
10,90,11,1018,25.2497,0.0000,0.0000,-1.0000,0.0000,3000.0000,3000.0000,25.2497,0.0084,0.4252,0.4252,0.1500,4.0000,1.0000,1.2430,2.0000,0.222419,0.178936,0.222419,0.178936,0.179126,0.179126,"LINESTRING (-122.413879 37.77945, -122.413979 37.779349999999994)",25.249739,-1.000000,0.008417,7.495792,7.500000,7.504208,0.932256,1.500000,2524.973854,75588852850.125290,1.243008,0.932256,2.000000,1.500000,1.240393,1.240393,1.241689,1.995792,1.995792,1.997878,0.425650,0.000000,1.243,1.243,1.242,1.242,1.241,1.241,0.932,1.241,1.241,1.242,1.242,1.243,
10,91,11,1019,25.0154,0.0000,0.0000,-1.0000,0.0000,3000.0000,3000.0000,25.0154,0.0083,0.4252,0.4252,0.1500,4.0000,1.0000,1.2430,2.0000,0.220355,0.177276,0.220355,0.177276,0.177462,0.177462,"LINESTRING (-122.413879 37.77945, -122.413979 37.779349999999994)",25.015449,-1.000000,0.008338,7.495831,7.500000,7.504169,0.932256,1.500000,2501.544885,77737257934.887787,1.243008,0.932256,2.000000,1.500000,1.240417,1.240417,1.241702,1.995831,1.995831,1.997898,0.425646,0.000000,1.243,1.243,1.242,1.242,1.241,1.241,0.932,1.241,1.241,1.242,1.242,1.243,
10,92,11,1081,0.0000,0.0000,0.0000,-1.0000,0.0000,3000.0000,3000.0000,0.0000,0.0000,0.4252,0.4252,0.1500,4.0000,1.0000,1.2430,2.0000,0.000000,0.000000,0.000000,0.000000,0.000000,0.000000,"LINESTRING (-122.413879 37.77945, -122.413979 37.779349999999994)",0.000000,-1.000000,0.000000,7.500000,7.500000,7.500000,0.932256,1.500000,0.000000,nan,1.243008,0.932256,2.000000,1.500000,1.243008,1.243008,1.243008,2.000000,2.000000,2.000000,0.425199,0.000000,1.243,1.243,1.243,1.243,1.243,1.243,nan,1.243,1.243,1.243,1.243,1.243,
10,93,11,1099,22.8733,0.0000,0.0000,-1.0000,0.0000,3000.0000,3000.0000,22.8733,0.0076,0.4252,0.4252,0.1500,4.0000,1.0000,1.2430,2.0000,0.201486,0.162095,0.201486,0.162095,0.162251,0.162251,"LINESTRING (-122.413879 37.77945, -122.413979 37.779349999999994)",22.873341,-1.000000,0.007624,7.496188,7.500000,7.503812,0.932256,1.500000,2287.334136,101741983187.315887,1.243008,0.932256,2.000000,1.500000,1.240639,1.240639,1.241814,1.996188,1.996188,1.998079,0.425607,0.000000,1.243,1.243,1.242,1.242,1.241,1.241,0.932,1.241,1.241,1.242,1.242,1.243,
10,94,11,1131,40.6679,0.0000,0.0000,-1.0000,0.0000,3000.0000,3000.0000,40.6679,0.0136,0.4252,0.4252,0.1500,4.0000,1.0000,1.2430,2.0000,0.358233,0.288199,0.358233,0.288199,0.288695,0.288695,"LINESTRING (-122.413879 37.77945, -122.413979 37.779349999999994)",40.667876,-1.000000,0.013556,7.493222,7.500000,7.506778,0.932256,1.500000,3000.000000,13293717345.668701,1.243008,0.932256,2.000000,1.500000,1.238796,1.238796,1.240873,1.993222,1.993222,1.996565,0.425930,0.000000,1.243,1.242,1.242,1.241,1.240,1.239,0.932,1.239,1.240,1.241,1.242,1.242,
10,95,11,1132,21.9019,0.0000,0.0000,-1.0000,0.0000,3000.0000,3000.0000,21.9019,0.0073,0.4252,0.4252,0.1500,4.0000,1.0000,1.2430,2.0000,0.192929,0.155211,0.192929,0.155211,0.155354,0.155354,"LINESTRING (-122.413879 37.77945, -122.413979 37.779349999999994)",21.901913,-1.000000,0.007301,7.496350,7.500000,7.503650,0.932256,1.500000,2190.191286,115917593289.546616,1.243008,0.932256,2.000000,1.500000,1.240739,1.240739,1.241866,1.996350,1.996350,1.998162,0.425590,0.000000,1.243,1.243,1.242,1.242,1.241,1.241,0.932,1.241,1.241,1.242,1.242,1.243,
10,96,11,1133,10.7387,0.0000,0.0000,-1.0000,0.0000,3000.0000,3000.0000,10.7387,0.0036,0.4252,0.4252,0.1500,4.0000,1.0000,1.2430,2.0000,0.094595,0.076102,0.094595,0.076102,0.076136,0.076136,"LINESTRING (-122.413879 37.77945, -122.413979 37.779349999999994)",10.738747,-1.000000,0.003580,7.498210,7.500000,7.501790,0.932256,1.500000,1073.874737,986177145649.305176,1.243008,0.932256,2.000000,1.500000,1.241896,1.241896,1.242450,1.998210,1.998210,1.999102,0.425390,0.000000,1.243,1.243,1.243,1.242,1.242,1.242,0.932,1.242,1.242,1.242,1.243,1.243,
10,97,11,1276,0.0000,0.0000,0.0000,-1.0000,0.0000,3000.0000,3000.0000,0.0000,0.0000,0.4252,0.4252,0.1500,4.0000,1.0000,1.2430,2.0000,0.000000,0.000000,0.000000,0.000000,0.000000,0.000000,"LINESTRING (-122.413879 37.77945, -122.413979 37.779349999999994)",0.000000,-1.000000,0.000000,7.500000,7.500000,7.500000,0.932256,1.500000,0.000000,nan,1.243008,0.932256,2.000000,1.500000,1.243008,1.243008,1.243008,2.000000,2.000000,2.000000,0.425199,0.000000,1.243,1.243,1.243,1.243,1.243,1.243,nan,1.243,1.243,1.243,1.243,1.243,
10,98,11,1277,17.0071,0.0000,0.0000,-1.0000,0.0000,3000.0000,3000.0000,17.0071,0.0057,0.4252,0.4252,0.1500,4.0000,1.0000,1.2430,2.0000,0.149811,0.120523,0.149811,0.120523,0.120609,0.120609,"LINESTRING (-122.413879 37.77945, -122.413979 37.779349999999994)",17.007061,-1.000000,0.005669,7.497165,7.500000,7.502835,0.932256,1.500000,1700.706104,247881133072.697296,1.243008,0.932256,2.000000,1.500000,1.241246,1.241246,1.242122,1.997166,1.997166,1.998575,0.425502,0.000000,1.243,1.243,1.242,1.242,1.242,1.242,0.932,1.242,1.242,1.242,1.242,1.243,
10,99,11,1312,16.1285,0.0000,0.0000,-1.0000,0.0000,3000.0000,3000.0000,16.1285,0.0054,0.4252,0.4252,0.1500,4.0000,1.0000,1.2430,2.0000,0.142072,0.114297,0.142072,0.114297,0.114374,0.114374,"LINESTRING (-122.413879 37.77945, -122.413979 37.779349999999994)",16.128473,-1.000000,0.005376,7.497312,7.500000,7.502688,0.932256,1.500000,1612.847305,290701705375.028564,1.243008,0.932256,2.000000,1.500000,1.241337,1.241337,1.242168,1.997312,1.997312,1.998649,0.425486,0.000000,1.243,1.243,1.242,1.242,1.242,1.242,0.932,1.242,1.242,1.242,1.242,1.243,
10,100,11,1339,10.0000,0.0000,0.0000,-1.0000,0.0000,3000.0000,3000.0000,10.0000,0.0033,0.4252,0.4252,0.1500,4.0000,1.0000,1.2430,2.0000,0.088088,0.070866,0.088088,0.070866,0.070896,0.070896,"LINESTRING (-122.413879 37.77945, -122.413979 37.779349999999994)",10.000000,-1.000000,0.003333,7.498333,7.500000,7.501667,0.932256,1.500000,1000.000000,1221508144452.308105,1.243008,0.932256,2.000000,1.500000,1.241972,1.241972,1.242488,1.998333,1.998333,1.999164,0.425376,0.000000,1.243,1.243,1.243,1.242,1.242,1.242,0.932,1.242,1.242,1.242,1.243,1.243,
10,101,11,1363,27.6896,0.0000,0.0000,-1.0000,0.0000,3000.0000,3000.0000,27.6896,0.0092,0.4252,0.4252,0.1500,4.0000,1.0000,1.2430,2.0000,0.243911,0.196227,0.243911,0.196227,0.196455,0.196455,"LINESTRING (-122.413879 37.77945, -122.413979 37.779349999999994)",27.689649,-1.000000,0.009230,7.495385,7.500000,7.504615,0.932256,1.500000,2768.964910,57280684142.445847,1.243008,0.932256,2.000000,1.500000,1.240140,1.240140,1.241561,1.995385,1.995385,1.997671,0.425694,0.000000,1.243,1.243,1.242,1.242,1.241,1.241,0.932,1.241,1.241,1.242,1.242,1.243,
10,102,12,1020,7.3466,0.0000,0.0000,-1.0000,0.0000,3000.0000,3000.0000,7.3466,0.0024,0.4254,0.4254,0.1500,4.0000,1.0000,1.2430,2.0000,0.064747,0.052089,0.064747,0.052089,0.052105,0.052105,"LINESTRING (-122.466167 37.684642, -122.466267 37.68454199999999)",7.346639,-1.000000,0.002449,7.498776,7.500000,7.501224,0.932256,1.500000,734.663895,3084134994422.382812,1.243008,0.932256,2.000000,1.500000,1.242247,1.242247,1.242627,1.998776,1.998776,1.999386,0.425539,0.000000,1.243,1.243,1.243,1.243,1.242,1.242,0.932,1.242,1.242,1.243,1.243,1.243,
10,103,12,1021,8.2454,0.0000,0.0000,-1.0000,0.0000,3000.0000,3000.0000,8.2454,0.0027,0.4254,0.4254,0.1500,4.0000,1.0000,1.2430,2.0000,0.072668,0.058461,0.072668,0.058461,0.058481,0.058481,"LINESTRING (-122.466167 37.684642, -122.466267 37.68454199999999)",8.245408,-1.000000,0.002748,7.498626,7.500000,7.501374,0.932256,1.500000,824.540765,2181047757665.965820,1.243008,0.932256,2.000000,1.500000,1.242154,1.242154,1.242580,1.998626,1.998626,1.999311,0.425555,0.000000,1.243,1.243,1.243,1.243,1.242,1.242,0.932,1.242,1.242,1.243,1.243,1.243,
10,104,12,1022,6.4080,0.0000,0.0000,-1.0000,0.0000,3000.0000,3000.0000,6.4080,0.0021,0.4254,0.4254,0.1500,4.0000,1.0000,1.2430,2.0000,0.056474,0.045433,0.056474,0.045433,0.045445,0.045445,"LINESTRING (-122.466167 37.684642, -122.466267 37.68454199999999)",6.407953,-1.000000,0.002136,7.498932,7.500000,7.501068,0.932256,1.500000,640.795340,4648829792359.239258,1.243008,0.932256,2.000000,1.500000,1.242344,1.242344,1.242676,1.998932,1.998932,1.999465,0.425522,0.000000,1.243,1.243,1.243,1.243,1.243,1.242,0.932,1.242,1.243,1.243,1.243,1.243,
10,105,12,1134,147.7861,0.0000,0.0000,-1.0000,0.0000,3000.0000,3000.0000,147.7861,0.0493,0.4254,0.4254,0.1500,4.0000,1.0000,1.2430,2.0000,1.302454,1.047825,1.302454,1.047825,1.054638,1.054638,"LINESTRING (-122.466167 37.684642, -122.466267 37.68454199999999)",147.786144,-1.000000,0.049262,7.475369,7.500000,7.524631,0.932255,1.499998,3000.000000,74170348.354565,1.243008,0.932256,2.000000,1.500000,1.227700,1.227699,1.234977,1.975369,1.975367,1.987078,0.428175,0.000000,1.243,1.240,1.238,1.235,1.232,1.230,0.932,1.230,1.232,1.235,1.238,1.240,
10,106,12,1135,64.4631,0.0000,0.0000,-1.0000,0.0000,3000.0000,3000.0000,64.4631,0.0215,0.4254,0.4254,0.1500,4.0000,1.0000,1.2430,2.0000,0.568120,0.457052,0.568120,0.457052,0.458310,0.458310,"LINESTRING (-122.466167 37.684642, -122.466267 37.68454199999999)",64.463129,-1.000000,0.021488,7.489256,7.500000,7.510744,0.932256,1.500000,3000.000000,2094014756.374661,1.243008,0.932256,2.000000,1.500000,1.236331,1.236331,1.239598,1.989256,1.989256,1.994513,0.426579,0.000000,1.243,1.242,1.241,1.240,1.238,1.237,0.932,1.237,1.238,1.240,1.241,1.242,
10,107,12,1340,9.0000,0.0000,0.0000,-1.0000,0.0000,3000.0000,3000.0000,9.0000,0.0030,0.4254,0.4254,0.1500,4.0000,1.0000,1.2430,2.0000,0.079318,0.063811,0.079318,0.063811,0.063835,0.063835,"LINESTRING (-122.466167 37.684642, -122.466267 37.68454199999999)",9.000000,-1.000000,0.003000,7.498500,7.500000,7.501500,0.932256,1.500000,900.000000,1676840744157.020020,1.243008,0.932256,2.000000,1.500000,1.242076,1.242076,1.242541,1.998500,1.998500,1.999248,0.425568,0.000000,1.243,1.243,1.243,1.243,1.242,1.242,0.932,1.242,1.242,1.243,1.243,1.243,
10,108,12,1364,7.7507,0.0000,0.0000,-1.0000,0.0000,3000.0000,3000.0000,7.7507,0.0026,0.4254,0.4254,0.1500,4.0000,1.0000,1.2430,2.0000,0.068308,0.054954,0.068308,0.054954,0.054972,0.054972,"LINESTRING (-122.466167 37.684642, -122.466267 37.68454199999999)",7.750727,-1.000000,0.002584,7.498708,7.500000,7.501292,0.932256,1.500000,775.072687,2626202195033.444336,1.243008,0.932256,2.000000,1.500000,1.242205,1.242205,1.242606,1.998708,1.998708,1.999353,0.425546,0.000000,1.243,1.243,1.243,1.243,1.242,1.242,0.932,1.242,1.242,1.243,1.243,1.243,
10,109,13,1082,38.5849,0.0000,0.0000,-1.0000,0.0000,3000.0000,3000.0000,38.5849,0.0129,0.4253,0.4253,0.1500,4.0000,1.0000,1.2430,2.0000,0.339931,0.273474,0.339931,0.273474,0.273920,0.273920,"LINESTRING (-122.196698 37.753604, -122.196798 37.753504)",38.584889,-1.000000,0.012862,7.493569,7.500000,7.506431,0.932256,1.500000,3000.000000,16416165272.442766,1.243008,0.932256,2.000000,1.500000,1.239011,1.239011,1.240984,1.993569,1.993569,1.996743,0.425949,0.000000,1.243,1.242,1.242,1.241,1.240,1.240,0.932,1.240,1.240,1.241,1.242,1.242,
10,110,13,1100,17.0000,0.0000,0.0000,-1.0000,0.0000,3000.0000,3000.0000,17.0000,0.0057,0.4253,0.4253,0.1500,4.0000,1.0000,1.2430,2.0000,0.149769,0.120489,0.149769,0.120489,0.120575,0.120575,"LINESTRING (-122.196698 37.753604, -122.196798 37.753504)",17.000000,-1.000000,0.005667,7.497167,7.500000,7.502833,0.932256,1.500000,1700.000000,248223939376.927979,1.243008,0.932256,2.000000,1.500000,1.241247,1.241247,1.242123,1.997167,1.997167,1.998575,0.425559,0.000000,1.243,1.243,1.242,1.242,1.242,1.242,0.932,1.242,1.242,1.242,1.242,1.243,
10,111,13,1112,0.0000,0.0000,0.0000,-1.0000,0.0000,3000.0000,3000.0000,0.0000,0.0000,0.4253,0.4253,0.1500,4.0000,1.0000,1.2430,2.0000,0.000000,0.000000,0.000000,0.000000,0.000000,0.000000,"LINESTRING (-122.196698 37.753604, -122.196798 37.753504)",0.000000,-1.000000,0.000000,7.500000,7.500000,7.500000,0.932256,1.500000,0.000000,nan,1.243008,0.932256,2.000000,1.500000,1.243008,1.243008,1.243008,2.000000,2.000000,2.000000,0.425256,0.000000,1.243,1.243,1.243,1.243,1.243,1.243,nan,1.243,1.243,1.243,1.243,1.243,
10,112,13,1189,0.0000,0.0000,0.0000,-1.0000,0.0000,3000.0000,3000.0000,0.0000,0.0000,0.4253,0.4253,0.1500,4.0000,1.0000,1.2430,2.0000,0.000000,0.000000,0.000000,0.000000,0.000000,0.000000,"LINESTRING (-122.196698 37.753604, -122.196798 37.753504)",0.000000,-1.000000,0.000000,7.500000,7.500000,7.500000,0.932256,1.500000,0.000000,nan,1.243008,0.932256,2.000000,1.500000,1.243008,1.243008,1.243008,2.000000,2.000000,2.000000,0.425256,0.000000,1.243,1.243,1.243,1.243,1.243,1.243,nan,1.243,1.243,1.243,1.243,1.243,
10,113,13,1204,15.6609,0.0000,0.0000,-1.0000,0.0000,3000.0000,3000.0000,15.6609,0.0052,0.4253,0.4253,0.1500,4.0000,1.0000,1.2430,2.0000,0.137972,0.110998,0.137972,0.110998,0.111071,0.111071,"LINESTRING (-122.196698 37.753604, -122.196798 37.753504)",15.660893,-1.000000,0.005220,7.497390,7.500000,7.502610,0.932256,1.500000,1566.089349,317604909042.408936,1.243008,0.932256,2.000000,1.500000,1.241386,1.241386,1.242193,1.997390,1.997390,1.998688,0.425535,0.000000,1.243,1.243,1.242,1.242,1.242,1.242,0.932,1.242,1.242,1.242,1.242,1.243,
10,114,13,1205,7.6864,0.0000,0.0000,-1.0000,0.0000,3000.0000,3000.0000,7.6864,0.0026,0.4253,0.4253,0.1500,4.0000,1.0000,1.2430,2.0000,0.067717,0.054478,0.067717,0.054478,0.054496,0.054496,"LINESTRING (-122.196698 37.753604, -122.196798 37.753504)",7.686436,-1.000000,0.002562,7.498719,7.500000,7.501281,0.932256,1.500000,768.643565,2691732335941.445312,1.243008,0.932256,2.000000,1.500000,1.242212,1.242212,1.242609,1.998719,1.998719,1.999358,0.425392,0.000000,1.243,1.243,1.243,1.243,1.242,1.242,0.932,1.242,1.242,1.243,1.243,1.243,
10,115,13,1206,12.9775,0.0000,0.0000,-1.0000,0.0000,3000.0000,3000.0000,12.9775,0.0043,0.4253,0.4253,0.1500,4.0000,1.0000,1.2430,2.0000,0.114331,0.091980,0.114331,0.091980,0.092030,0.092030,"LINESTRING (-122.196698 37.753604, -122.196798 37.753504)",12.977537,-1.000000,0.004326,7.497837,7.500000,7.502163,0.932256,1.500000,1297.753698,558538453026.861450,1.243008,0.932256,2.000000,1.500000,1.241664,1.241664,1.242333,1.997837,1.997837,1.998914,0.425487,0.000000,1.243,1.243,1.243,1.242,1.242,1.242,0.932,1.242,1.242,1.242,1.243,1.243,
10,116,13,1251,0.0000,0.0000,0.0000,-1.0000,0.0000,3000.0000,3000.0000,0.0000,0.0000,0.4253,0.4253,0.1500,4.0000,1.0000,1.2430,2.0000,0.000000,0.000000,0.000000,0.000000,0.000000,0.000000,"LINESTRING (-122.196698 37.753604, -122.196798 37.753504)",0.000000,-1.000000,0.000000,7.500000,7.500000,7.500000,0.932256,1.500000,0.000000,nan,1.243008,0.932256,2.000000,1.500000,1.243008,1.243008,1.243008,2.000000,2.000000,2.000000,0.425256,0.000000,1.243,1.243,1.243,1.243,1.243,1.243,nan,1.243,1.243,1.243,1.243,1.243,
10,117,13,1278,55.4193,0.0000,0.0000,-1.0000,0.0000,3000.0000,3000.0000,55.4193,0.0185,0.4253,0.4253,0.1500,4.0000,1.0000,1.2430,2.0000,0.488240,0.392789,0.488240,0.392789,0.393715,0.393715,"LINESTRING (-122.196698 37.753604, -122.196798 37.753504)",55.419257,-1.000000,0.018473,7.490763,7.500000,7.509237,0.932256,1.500000,3000.000000,3840907203.183092,1.243008,0.932256,2.000000,1.500000,1.237268,1.237268,1.240085,1.990764,1.990764,1.995297,0.426258,0.000000,1.243,1.242,1.241,1.240,1.239,1.238,0.932,1.238,1.239,1.240,1.241,1.242,
10,118,13,1279,34.6710,0.0000,0.0000,-1.0000,0.0000,3000.0000,3000.0000,34.6710,0.0116,0.4253,0.4253,0.1500,4.0000,1.0000,1.2430,2.0000,0.305449,0.245734,0.305449,0.245734,0.246094,0.246094,"LINESTRING (-122.196698 37.753604, -122.196798 37.753504)",34.670988,-1.000000,0.011557,7.494222,7.500000,7.505778,0.932256,1.500000,3000.000000,25206198429.003670,1.243008,0.932256,2.000000,1.500000,1.239417,1.239417,1.241192,1.994222,1.994222,1.997077,0.425878,0.000000,1.243,1.242,1.242,1.241,1.241,1.240,0.932,1.240,1.241,1.241,1.242,1.242,
10,119,13,1313,36.0000,0.0000,0.0000,-1.0000,0.0000,3000.0000,3000.0000,36.0000,0.0120,0.4253,0.4253,0.1500,4.0000,1.0000,1.2430,2.0000,0.317158,0.255153,0.317158,0.255153,0.255541,0.255541,"LINESTRING (-122.196698 37.753604, -122.196798 37.753504)",36.000000,-1.000000,0.012000,7.494000,7.500000,7.506000,0.932256,1.500000,3000.000000,21677829197.616665,1.243008,0.932256,2.000000,1.500000,1.239279,1.239279,1.241121,1.994000,1.994000,1.996964,0.425902,0.000000,1.243,1.242,1.242,1.241,1.240,1.240,0.932,1.240,1.240,1.241,1.242,1.242,
10,120,14,1023,37.5990,0.0000,0.0000,-1.0000,0.0000,3000.0000,3000.0000,37.5990,0.0125,0.4248,0.4248,0.1500,4.0000,1.0000,1.2430,2.0000,0.330865,0.266181,0.330865,0.266181,0.266604,0.266604,"LINESTRING (-122.029126 37.973773, -122.02922600000001 37.973673)",37.598996,-1.000000,0.012533,7.493734,7.500000,7.506266,0.932256,1.500000,3000.000000,18190571534.861946,1.243008,0.932256,2.000000,1.500000,1.239113,1.239113,1.241036,1.993734,1.993734,1.996828,0.425443,0.000000,1.243,1.242,1.242,1.241,1.240,1.240,0.932,1.240,1.240,1.241,1.242,1.242,
10,121,14,1024,154.1766,0.0000,0.0000,-1.0000,0.0000,3000.0000,3000.0000,154.1766,0.0514,0.4248,0.4248,0.1500,4.0000,1.0000,1.2430,2.0000,1.356730,1.091490,1.356730,1.091490,1.098911,1.098911,"LINESTRING (-122.029126 37.973773, -122.02922600000001 37.973673)",154.176630,-1.000000,0.051392,7.474304,7.500000,7.525696,0.932254,1.499997,3000.000000,62416275.788087,1.243008,0.932256,2.000000,1.500000,1.227038,1.227037,1.234613,1.974304,1.974302,1.986492,0.427657,0.000000,1.243,1.240,1.237,1.235,1.232,1.229,0.932,1.229,1.232,1.235,1.237,1.240,
10,122,14,1025,230.2244,0.0000,0.0000,-1.0000,0.0000,3000.0000,3000.0000,230.2244,0.0767,0.4248,0.4248,0.1500,4.0000,1.0000,1.2430,2.0000,2.025938,1.629875,2.025938,1.629875,1.646878,1.646878,"LINESTRING (-122.029126 37.973773, -122.02922600000001 37.973673)",230.224374,-1.000000,0.076741,7.461629,7.500000,7.538371,0.932247,1.499985,3000.000000,12297448.664059,1.243008,0.932256,2.000000,1.500000,1.219161,1.219154,1.230169,1.961629,1.961619,1.979342,0.429202,0.000000,1.243,1.239,1.234,1.230,1.226,1.221,0.932,1.221,1.226,1.230,1.234,1.239,
10,123,14,1136,0.0000,0.0000,0.0000,-1.0000,0.0000,3000.0000,3000.0000,0.0000,0.0000,0.4248,0.4248,0.1500,4.0000,1.0000,1.2430,2.0000,0.000000,0.000000,0.000000,0.000000,0.000000,0.000000,"LINESTRING (-122.029126 37.973773, -122.02922600000001 37.973673)",0.000000,-1.000000,0.000000,7.500000,7.500000,7.500000,0.932256,1.500000,0.000000,nan,1.243008,0.932256,2.000000,1.500000,1.243008,1.243008,1.243008,2.000000,2.000000,2.000000,0.424768,0.000000,1.243,1.243,1.243,1.243,1.243,1.243,nan,1.243,1.243,1.243,1.243,1.243,
10,124,14,1137,2.6715,0.0000,0.0000,-1.0000,0.0000,3000.0000,3000.0000,2.6715,0.0009,0.4248,0.4248,0.1500,4.0000,1.0000,1.2430,2.0000,0.023509,0.018913,0.023509,0.018913,0.018915,0.018915,"LINESTRING (-122.029126 37.973773, -122.02922600000001 37.973673)",2.671505,-1.000000,0.000891,7.499555,7.500000,7.500445,0.932256,1.500000,267.150507,64118941199897.656250,1.243008,0.932256,2.000000,1.500000,1.242731,1.242731,1.242870,1.999555,1.999555,1.999777,0.424816,0.000000,1.243,1.243,1.243,1.243,1.243,1.243,0.932,1.243,1.243,1.243,1.243,1.243,
10,125,14,1138,5.3285,0.0000,0.0000,-1.0000,0.0000,3000.0000,3000.0000,5.3285,0.0018,0.4248,0.4248,0.1500,4.0000,1.0000,1.2430,2.0000,0.046890,0.037723,0.046890,0.037723,0.037731,0.037731,"LINESTRING (-122.029126 37.973773, -122.02922600000001 37.973673)",5.328495,-1.000000,0.001776,7.499112,7.500000,7.500888,0.932256,1.500000,532.849493,8075170897250.960938,1.243008,0.932256,2.000000,1.500000,1.242456,1.242456,1.242732,1.999112,1.999112,1.999555,0.424863,0.000000,1.243,1.243,1.243,1.243,1.243,1.243,0.932,1.243,1.243,1.243,1.243,1.243,
10,126,15,1026,11.0200,0.0000,0.0000,-1.0000,0.0000,3000.0000,3000.0000,11.0200,0.0037,0.4254,0.4254,0.1500,4.0000,1.0000,1.2430,2.0000,0.097109,0.078124,0.097109,0.078124,0.078160,0.078160,"LINESTRING (-122.468994 37.706304, -122.469094 37.706204)",11.019958,-1.000000,0.003673,7.498163,7.500000,7.501837,0.932256,1.500000,1101.995843,912873059918.480957,1.243008,0.932256,2.000000,1.500000,1.241867,1.241867,1.242435,1.998163,1.998163,1.999078,0.425556,0.000000,1.243,1.243,1.243,1.242,1.242,1.242,0.932,1.242,1.242,1.242,1.243,1.243,
10,127,15,1027,12.3880,0.0000,0.0000,-1.0000,0.0000,3000.0000,3000.0000,12.3880,0.0041,0.4254,0.4254,0.1500,4.0000,1.0000,1.2430,2.0000,0.109164,0.087823,0.109164,0.087823,0.087868,0.087868,"LINESTRING (-122.468994 37.706304, -122.469094 37.706204)",12.387978,-1.000000,0.004129,7.497935,7.500000,7.502065,0.932256,1.500000,1238.797841,642391345914.528198,1.243008,0.932256,2.000000,1.500000,1.241725,1.241725,1.242364,1.997935,1.997935,1.998963,0.425581,0.000000,1.243,1.243,1.243,1.242,1.242,1.242,0.932,1.242,1.242,1.242,1.243,1.243,
10,128,15,1028,9.5921,0.0000,0.0000,-1.0000,0.0000,3000.0000,3000.0000,9.5921,0.0032,0.4254,0.4254,0.1500,4.0000,1.0000,1.2430,2.0000,0.084526,0.068001,0.084526,0.068001,0.068029,0.068029,"LINESTRING (-122.468994 37.706304, -122.469094 37.706204)",9.592063,-1.000000,0.003197,7.498401,7.500000,7.501599,0.932256,1.500000,959.206316,1384745206945.709229,1.243008,0.932256,2.000000,1.500000,1.242015,1.242015,1.242510,1.998401,1.998401,1.999198,0.425531,0.000000,1.243,1.243,1.243,1.243,1.242,1.242,0.932,1.242,1.242,1.243,1.243,1.243,
10,129,15,1083,0.0000,0.0000,0.0000,-1.0000,0.0000,3000.0000,3000.0000,0.0000,0.0000,0.4254,0.4254,0.1500,4.0000,1.0000,1.2430,2.0000,0.000000,0.000000,0.000000,0.000000,0.000000,0.000000,"LINESTRING (-122.468994 37.706304, -122.469094 37.706204)",0.000000,-1.000000,0.000000,7.500000,7.500000,7.500000,0.932256,1.500000,0.000000,nan,1.243008,0.932256,2.000000,1.500000,1.243008,1.243008,1.243008,2.000000,2.000000,2.000000,0.425360,0.000000,1.243,1.243,1.243,1.243,1.243,1.243,nan,1.243,1.243,1.243,1.243,1.243,
10,130,15,1101,239.7269,0.0000,0.0000,-1.0000,0.0000,3000.0000,3000.0000,239.7269,0.0799,0.4254,0.4254,0.1500,4.0000,1.0000,1.2430,2.0000,2.112499,1.699516,2.112499,1.699516,1.718039,1.718039,"LINESTRING (-122.468994 37.706304, -122.469094 37.706204)",239.726943,-1.000000,0.079909,7.460046,7.500000,7.539954,0.932245,1.499983,3000.000000,10447664.207502,1.243008,0.932256,2.000000,1.500000,1.218176,1.218169,1.229599,1.960046,1.960034,1.978426,0.429999,0.000000,1.243,1.239,1.234,1.230,1.225,1.221,0.932,1.221,1.225,1.230,1.234,1.239,
10,131,15,1139,24.0000,0.0000,0.0000,-1.0000,0.0000,3000.0000,3000.0000,24.0000,0.0080,0.4254,0.4254,0.1500,4.0000,1.0000,1.2430,2.0000,0.211491,0.170144,0.211491,0.170144,0.170316,0.170316,"LINESTRING (-122.468994 37.706304, -122.469094 37.706204)",24.000000,-1.000000,0.008000,7.496000,7.500000,7.504000,0.932256,1.500000,2400.000000,88083973566.053253,1.243008,0.932256,2.000000,1.500000,1.240522,1.240522,1.241755,1.996000,1.996000,1.997984,0.425790,0.000000,1.243,1.243,1.242,1.242,1.241,1.241,0.932,1.241,1.241,1.242,1.242,1.243,
10,132,15,1140,5.3430,0.0000,0.0000,-1.0000,0.0000,3000.0000,3000.0000,5.3430,0.0018,0.4254,0.4254,0.1500,4.0000,1.0000,1.2430,2.0000,0.047083,0.037878,0.047083,0.037878,0.037887,0.037887,"LINESTRING (-122.468994 37.706304, -122.469094 37.706204)",5.343010,-1.000000,0.001781,7.499109,7.500000,7.500891,0.932256,1.500000,534.301015,8020671630574.869141,1.243008,0.932256,2.000000,1.500000,1.242455,1.242455,1.242731,1.999110,1.999110,1.999554,0.425455,0.000000,1.243,1.243,1.243,1.243,1.243,1.243,0.932,1.243,1.243,1.243,1.243,1.243,
10,133,15,1141,10.6570,0.0000,0.0000,-1.0000,0.0000,3000.0000,3000.0000,10.6570,0.0036,0.4254,0.4254,0.1500,4.0000,1.0000,1.2430,2.0000,0.093911,0.075551,0.093911,0.075551,0.075585,0.075585,"LINESTRING (-122.468994 37.706304, -122.469094 37.706204)",10.656990,-1.000000,0.003552,7.498224,7.500000,7.501776,0.932256,1.500000,1065.698985,1009453202736.626831,1.243008,0.932256,2.000000,1.500000,1.241904,1.241904,1.242454,1.998224,1.998224,1.999109,0.425550,0.000000,1.243,1.243,1.243,1.242,1.242,1.242,0.932,1.242,1.242,1.242,1.243,1.243,
10,134,15,1280,0.0000,0.0000,0.0000,-1.0000,0.0000,3000.0000,3000.0000,0.0000,0.0000,0.4254,0.4254,0.1500,4.0000,1.0000,1.2430,2.0000,0.000000,0.000000,0.000000,0.000000,0.000000,0.000000,"LINESTRING (-122.468994 37.706304, -122.469094 37.706204)",0.000000,-1.000000,0.000000,7.500000,7.500000,7.500000,0.932256,1.500000,0.000000,nan,1.243008,0.932256,2.000000,1.500000,1.243008,1.243008,1.243008,2.000000,2.000000,2.000000,0.425360,0.000000,1.243,1.243,1.243,1.243,1.243,1.243,nan,1.243,1.243,1.243,1.243,1.243,
10,135,15,1281,0.0000,0.0000,0.0000,-1.0000,0.0000,3000.0000,3000.0000,0.0000,0.0000,0.4254,0.4254,0.1500,4.0000,1.0000,1.2430,2.0000,0.000000,0.000000,0.000000,0.000000,0.000000,0.000000,"LINESTRING (-122.468994 37.706304, -122.469094 37.706204)",0.000000,-1.000000,0.000000,7.500000,7.500000,7.500000,0.932256,1.500000,0.000000,nan,1.243008,0.932256,2.000000,1.500000,1.243008,1.243008,1.243008,2.000000,2.000000,2.000000,0.425360,0.000000,1.243,1.243,1.243,1.243,1.243,1.243,nan,1.243,1.243,1.243,1.243,1.243,
10,136,15,1314,335.2731,0.0000,0.0000,-1.0000,0.0000,3000.0000,3000.0000,335.2731,0.1118,0.4254,0.4254,0.1500,4.0000,1.0000,1.2430,2.0000,2.954462,2.376920,2.954462,2.376920,2.414368,2.414368,"LINESTRING (-122.468994 37.706304, -122.469094 37.706204)",335.273057,-1.000000,0.111758,7.444121,7.500000,7.555879,0.932215,1.499934,3000.000000,2658261.219148,1.243008,0.932256,2.000000,1.500000,1.208279,1.208251,1.223700,1.944121,1.944076,1.968933,0.432072,0.000000,1.243,1.236,1.230,1.223,1.217,1.210,0.932,1.210,1.217,1.223,1.230,1.236,
10,137,15,1341,15.0000,0.0000,0.0000,-1.0000,0.0000,3000.0000,3000.0000,15.0000,0.0050,0.4254,0.4254,0.1500,4.0000,1.0000,1.2430,2.0000,0.132182,0.106340,0.132182,0.106340,0.106407,0.106407,"LINESTRING (-122.468994 37.706304, -122.469094 37.706204)",15.000000,-1.000000,0.005000,7.497500,7.500000,7.502500,0.932256,1.500000,1500.000000,361611307024.899963,1.243008,0.932256,2.000000,1.500000,1.241454,1.241454,1.242227,1.997500,1.997500,1.998744,0.425628,0.000000,1.243,1.243,1.242,1.242,1.242,1.242,0.932,1.242,1.242,1.242,1.242,1.243,
10,138,15,1365,14.0000,0.0000,0.0000,-1.0000,0.0000,3000.0000,3000.0000,14.0000,0.0047,0.4254,0.4254,0.1500,4.0000,1.0000,1.2430,2.0000,0.123369,0.099251,0.123369,0.099251,0.099309,0.099309,"LINESTRING (-122.468994 37.706304, -122.469094 37.706204)",14.000000,-1.000000,0.004667,7.497667,7.500000,7.502333,0.932256,1.500000,1400.000000,444877974461.700195,1.243008,0.932256,2.000000,1.500000,1.241558,1.241558,1.242280,1.997667,1.997667,1.998828,0.425610,0.000000,1.243,1.243,1.243,1.242,1.242,1.242,0.932,1.242,1.242,1.242,1.243,1.243,
10,139,16,1207,2.6715,0.0000,0.0000,-1.0000,0.0000,3000.0000,3000.0000,2.6715,0.0009,0.4250,0.4250,0.1500,4.0000,1.0000,1.2430,2.0000,0.023522,0.018923,0.023522,0.018923,0.018925,0.018925,"LINESTRING (-122.268078 37.870117, -122.268178 37.870017)",2.671505,-1.000000,0.000891,7.499555,7.500000,7.500445,0.932256,1.500000,267.150507,64153616956319.015625,1.243008,0.932256,2.000000,1.500000,1.242731,1.242731,1.242870,1.999555,1.999555,1.999777,0.425045,0.000000,1.243,1.243,1.243,1.243,1.243,1.243,0.932,1.243,1.243,1.243,1.243,1.243,
10,140,16,1208,1.4998,0.0000,0.0000,-1.0000,0.0000,3000.0000,3000.0000,1.4998,0.0005,0.4250,0.4250,0.1500,4.0000,1.0000,1.2430,2.0000,0.013205,0.010623,0.013205,0.010623,0.010624,0.010624,"LINESTRING (-122.268078 37.870117, -122.268178 37.870017)",1.499792,-1.000000,0.000500,7.499750,7.500000,7.500250,0.932256,1.500000,149.979232,362679582023443.312500,1.243008,0.932256,2.000000,1.500000,1.242853,1.242853,1.242930,1.999750,1.999750,1.999875,0.425025,0.000000,1.243,1.243,1.243,1.243,1.243,1.243,0.932,1.243,1.243,1.243,1.243,1.243,
10,141,16,1209,3.8287,0.0000,0.0000,-1.0000,0.0000,3000.0000,3000.0000,3.8287,0.0013,0.4250,0.4250,0.1500,4.0000,1.0000,1.2430,2.0000,0.033710,0.027120,0.033710,0.027120,0.027124,0.027124,"LINESTRING (-122.268078 37.870117, -122.268178 37.870017)",3.828703,-1.000000,0.001276,7.499362,7.500000,7.500638,0.932256,1.500000,382.870260,21787552398861.425781,1.243008,0.932256,2.000000,1.500000,1.242612,1.242612,1.242810,1.999362,1.999362,1.999681,0.425066,0.000000,1.243,1.243,1.243,1.243,1.243,1.243,0.932,1.243,1.243,1.243,1.243,1.243,
10,142,16,1252,30.6552,0.0000,0.0000,-1.0000,0.0000,3000.0000,3000.0000,30.6552,0.0102,0.4250,0.4250,0.1500,4.0000,1.0000,1.2430,2.0000,0.269907,0.217140,0.269907,0.217140,0.217420,0.217420,"LINESTRING (-122.268078 37.870117, -122.268178 37.870017)",30.655175,-1.000000,0.010218,7.494891,7.500000,7.505109,0.932256,1.500000,3000.000000,41260611124.635040,1.243008,0.932256,2.000000,1.500000,1.239833,1.239833,1.241404,1.994891,1.994891,1.997419,0.425547,0.000000,1.243,1.242,1.242,1.241,1.241,1.240,0.932,1.240,1.241,1.241,1.242,1.242,
10,143,16,1342,112.3448,0.0000,0.0000,-1.0000,0.0000,3000.0000,3000.0000,112.3448,0.0374,0.4250,0.4250,0.1500,4.0000,1.0000,1.2430,2.0000,0.989151,0.795772,0.989151,0.795772,0.799655,0.799655,"LINESTRING (-122.268078 37.870117, -122.268178 37.870017)",112.344825,-1.000000,0.037448,7.481276,7.500000,7.518724,0.932256,1.499999,3000.000000,223974440.009232,1.243008,0.932256,2.000000,1.500000,1.231371,1.231371,1.236972,1.981276,1.981275,1.990287,0.427072,0.000000,1.243,1.241,1.239,1.237,1.235,1.233,0.932,1.233,1.235,1.237,1.239,1.241,
10,144,16,1366,0.0000,0.0000,0.0000,-1.0000,0.0000,3000.0000,3000.0000,0.0000,0.0000,0.4250,0.4250,0.1500,4.0000,1.0000,1.2430,2.0000,0.000000,0.000000,0.000000,0.000000,0.000000,0.000000,"LINESTRING (-122.268078 37.870117, -122.268178 37.870017)",0.000000,-1.000000,0.000000,7.500000,7.500000,7.500000,0.932256,1.500000,0.000000,nan,1.243008,0.932256,2.000000,1.500000,1.243008,1.243008,1.243008,2.000000,2.000000,2.000000,0.424998,0.000000,1.243,1.243,1.243,1.243,1.243,1.243,nan,1.243,1.243,1.243,1.243,1.243,
10,145,17,1210,2.0036,0.0000,0.0000,-1.0000,0.0000,3000.0000,3000.0000,2.0036,0.0007,0.4249,0.4249,0.1500,4.0000,1.0000,1.2430,2.0000,0.017636,0.014188,0.017636,0.014188,0.014189,0.014189,"LINESTRING (-122.316868 37.925205, -122.316968 37.925104999999995)",2.003629,-1.000000,0.000668,7.499666,7.500000,7.500334,0.932256,1.500000,200.362881,152049575635204.968750,1.243008,0.932256,2.000000,1.500000,1.242801,1.242801,1.242904,1.999666,1.999666,1.999833,0.424911,0.000000,1.243,1.243,1.243,1.243,1.243,1.243,0.932,1.243,1.243,1.243,1.243,1.243,
10,146,17,1211,1.1248,0.0000,0.0000,-1.0000,0.0000,3000.0000,3000.0000,1.1248,0.0004,0.4249,0.4249,0.1500,4.0000,1.0000,1.2430,2.0000,0.009901,0.007965,0.009901,0.007965,0.007966,0.007966,"LINESTRING (-122.316868 37.925205, -122.316968 37.925104999999995)",1.124844,-1.000000,0.000375,7.499813,7.500000,7.500187,0.932256,1.500000,112.484424,859518679593599.250000,1.243008,0.932256,2.000000,1.500000,1.242892,1.242892,1.242950,1.999813,1.999813,1.999906,0.424896,0.000000,1.243,1.243,1.243,1.243,1.243,1.243,0.932,1.243,1.243,1.243,1.243,1.243,
10,147,17,1212,2.8715,0.0000,0.0000,-1.0000,0.0000,3000.0000,3000.0000,2.8715,0.0010,0.4249,0.4249,0.1500,4.0000,1.0000,1.2430,2.0000,0.025275,0.020334,0.025275,0.020334,0.020336,0.020336,"LINESTRING (-122.316868 37.925205, -122.316968 37.925104999999995)",2.871527,-1.000000,0.000957,7.499521,7.500000,7.500479,0.932256,1.500000,287.152695,51642111977835.632812,1.243008,0.932256,2.000000,1.500000,1.242711,1.242711,1.242859,1.999522,1.999522,1.999761,0.424927,0.000000,1.243,1.243,1.243,1.243,1.243,1.243,0.932,1.243,1.243,1.243,1.243,1.243,
10,148,17,1253,194.6207,0.0000,0.0000,-1.0000,0.0000,3000.0000,3000.0000,194.6207,0.0649,0.4249,0.4249,0.1500,4.0000,1.0000,1.2430,2.0000,1.713065,1.378165,1.713065,1.378165,1.390166,1.390166,"LINESTRING (-122.316868 37.925205, -122.316968 37.925104999999995)",194.620702,-1.000000,0.064874,7.467563,7.500000,7.532437,0.932251,1.499993,3000.000000,24322068.114902,1.243008,0.932256,2.000000,1.500000,1.222849,1.222845,1.232274,1.967563,1.967558,1.982729,0.428577,0.000000,1.243,1.239,1.236,1.232,1.229,1.225,0.932,1.225,1.229,1.232,1.236,1.239,
10,149,17,1343,370.3793,0.0000,0.0000,-1.0000,0.0000,3000.0000,3000.0000,370.3793,0.1235,0.4249,0.4249,0.1500,4.0000,1.0000,1.2430,1.9999,3.260105,2.622846,3.260105,2.622846,2.669041,2.669041,"LINESTRING (-122.316868 37.925205, -122.316968 37.925104999999995)",370.379298,-1.000000,0.123460,7.438270,7.500000,7.561730,0.932195,1.499902,3000.000000,1764826.907468,1.243008,0.932256,2.000000,1.500000,1.204643,1.204601,1.221452,1.938270,1.938203,1.965316,0.432374,0.000000,1.243,1.236,1.228,1.221,1.214,1.207,0.932,1.207,1.214,1.221,1.228,1.236,
10,150,17,1367,0.0000,0.0000,0.0000,-1.0000,0.0000,3000.0000,3000.0000,0.0000,0.0000,0.4249,0.4249,0.1500,4.0000,1.0000,1.2430,2.0000,0.000000,0.000000,0.000000,0.000000,0.000000,0.000000,"LINESTRING (-122.316868 37.925205, -122.316968 37.925104999999995)",0.000000,-1.000000,0.000000,7.500000,7.500000,7.500000,0.932256,1.500000,0.000000,nan,1.243008,0.932256,2.000000,1.500000,1.243008,1.243008,1.243008,2.000000,2.000000,2.000000,0.424876,0.000000,1.243,1.243,1.243,1.243,1.243,1.243,nan,1.243,1.243,1.243,1.243,1.243,
10,151,18,1084,326.0000,0.0000,0.0000,-1.0000,0.0000,3000.0000,3000.0000,326.0000,0.1087,0.4254,0.4254,0.1500,4.0000,1.0000,1.2430,2.0000,2.872815,2.311228,2.872815,2.311228,2.346522,2.346522,"LINESTRING (-121.899242 37.701692, -121.899342 37.701592)",326.000000,-1.000000,0.108667,7.445667,7.500000,7.554333,0.932220,1.499941,3000.000000,2981856.940058,1.243008,0.932256,2.000000,1.500000,1.209240,1.209214,1.224286,1.945667,1.945626,1.969877,0.431875,0.000000,1.243,1.237,1.230,1.224,1.218,1.211,0.932,1.211,1.218,1.224,1.230,1.237,
10,152,18,1102,0.0000,0.0000,0.0000,-1.0000,0.0000,3000.0000,3000.0000,0.0000,0.0000,0.4254,0.4254,0.1500,4.0000,1.0000,1.2430,2.0000,0.000000,0.000000,0.000000,0.000000,0.000000,0.000000,"LINESTRING (-121.899242 37.701692, -121.899342 37.701592)",0.000000,-1.000000,0.000000,7.500000,7.500000,7.500000,0.932256,1.500000,0.000000,nan,1.243008,0.932256,2.000000,1.500000,1.243008,1.243008,1.243008,2.000000,2.000000,2.000000,0.425371,0.000000,1.243,1.243,1.243,1.243,1.243,1.243,nan,1.243,1.243,1.243,1.243,1.243,
10,153,19,1029,27.0490,0.0000,0.0000,-1.0000,0.0000,3000.0000,3000.0000,27.0490,0.0090,0.4252,0.4252,0.1500,4.0000,1.0000,1.2430,2.0000,0.238251,0.191673,0.238251,0.191673,0.191891,0.191891,"LINESTRING (-122.39708 37.792789, -122.39718 37.792688999999996)",27.048989,-1.000000,0.009016,7.495492,7.500000,7.504508,0.932256,1.500000,2704.898887,61453648174.098473,1.243008,0.932256,2.000000,1.500000,1.240206,1.240206,1.241595,1.995492,1.995492,1.997726,0.425653,0.000000,1.243,1.243,1.242,1.242,1.241,1.241,0.932,1.241,1.241,1.242,1.242,1.243,
10,154,19,1030,15.7714,0.0000,0.0000,-1.0000,0.0000,3000.0000,3000.0000,15.7714,0.0053,0.4252,0.4252,0.1500,4.0000,1.0000,1.2430,2.0000,0.138917,0.111758,0.138917,0.111758,0.111832,0.111832,"LINESTRING (-122.39708 37.792789, -122.39718 37.792688999999996)",15.771372,-1.000000,0.005257,7.497371,7.500000,7.502629,0.932256,1.500000,1577.137231,310905052111.987305,1.243008,0.932256,2.000000,1.500000,1.241374,1.241374,1.242187,1.997372,1.997372,1.998679,0.425450,0.000000,1.243,1.243,1.242,1.242,1.242,1.242,0.932,1.242,1.242,1.242,1.242,1.243,
10,155,19,1031,27.1571,0.0000,0.0000,-1.0000,0.0000,3000.0000,3000.0000,27.1571,0.0091,0.4252,0.4252,0.1500,4.0000,1.0000,1.2430,2.0000,0.239204,0.192439,0.239204,0.192439,0.192659,0.192659,"LINESTRING (-122.39708 37.792789, -122.39718 37.792688999999996)",27.157119,-1.000000,0.009052,7.495474,7.500000,7.504526,0.932256,1.500000,2715.711857,60720849145.119606,1.243008,0.932256,2.000000,1.500000,1.240195,1.240195,1.241589,1.995474,1.995474,1.997717,0.425655,0.000000,1.243,1.243,1.242,1.242,1.241,1.241,0.932,1.241,1.241,1.242,1.242,1.243,
10,156,19,1085,1.1307,0.0000,0.0000,-1.0000,0.0000,3000.0000,3000.0000,1.1307,0.0004,0.4252,0.4252,0.1500,4.0000,1.0000,1.2430,2.0000,0.009959,0.008012,0.009959,0.008012,0.008013,0.008013,"LINESTRING (-122.39708 37.792789, -122.39718 37.792688999999996)",1.130697,-1.000000,0.000377,7.499812,7.500000,7.500188,0.932256,1.500000,113.069671,846823801902099.375000,1.243008,0.932256,2.000000,1.500000,1.242891,1.242891,1.242950,1.999812,1.999812,1.999906,0.425189,0.000000,1.243,1.243,1.243,1.243,1.243,1.243,0.932,1.243,1.243,1.243,1.243,1.243,
10,157,19,1103,37.0073,0.0000,0.0000,-1.0000,0.0000,3000.0000,3000.0000,37.0073,0.0123,0.4252,0.4252,0.1500,4.0000,1.0000,1.2430,2.0000,0.325965,0.262239,0.325965,0.262239,0.262649,0.262649,"LINESTRING (-122.39708 37.792789, -122.39718 37.792688999999996)",37.007258,-1.000000,0.012336,7.493832,7.500000,7.506168,0.932256,1.500000,3000.000000,19403435280.089634,1.243008,0.932256,2.000000,1.500000,1.239175,1.239175,1.241068,1.993832,1.993832,1.996878,0.425834,0.000000,1.243,1.242,1.242,1.241,1.240,1.240,0.932,1.240,1.240,1.241,1.242,1.242,
10,158,19,1142,13.6915,0.0000,0.0000,-1.0000,0.0000,3000.0000,3000.0000,13.6915,0.0046,0.4252,0.4252,0.1500,4.0000,1.0000,1.2430,2.0000,0.120596,0.097020,0.120596,0.097020,0.097075,0.097075,"LINESTRING (-122.39708 37.792789, -122.39718 37.792688999999996)",13.691464,-1.000000,0.004564,7.497718,7.500000,7.502282,0.932256,1.500000,1369.146350,475459828064.976685,1.243008,0.932256,2.000000,1.500000,1.241590,1.241590,1.242296,1.997718,1.997718,1.998854,0.425413,0.000000,1.243,1.243,1.243,1.242,1.242,1.242,0.932,1.242,1.242,1.242,1.243,1.243,
10,159,19,1143,36.1282,0.0000,0.0000,-1.0000,0.0000,3000.0000,3000.0000,36.1282,0.0120,0.4252,0.4252,0.1500,4.0000,1.0000,1.2430,2.0000,0.318223,0.256010,0.318223,0.256010,0.256401,0.256401,"LINESTRING (-122.39708 37.792789, -122.39718 37.792688999999996)",36.128234,-1.000000,0.012043,7.493979,7.500000,7.506021,0.932256,1.500000,3000.000000,21366639600.587570,1.243008,0.932256,2.000000,1.500000,1.239266,1.239266,1.241114,1.993979,1.993979,1.996953,0.425818,0.000000,1.243,1.242,1.242,1.241,1.240,1.240,0.932,1.240,1.240,1.241,1.242,1.242,
10,160,19,1144,43.8391,0.0000,0.0000,-1.0000,0.0000,3000.0000,3000.0000,43.8391,0.0146,0.4252,0.4252,0.1500,4.0000,1.0000,1.2430,2.0000,0.386141,0.310651,0.386141,0.310651,0.311227,0.311227,"LINESTRING (-122.39708 37.792789, -122.39718 37.792688999999996)",43.839107,-1.000000,0.014613,7.492693,7.500000,7.507307,0.932256,1.500000,3000.000000,9836147373.663971,1.243008,0.932256,2.000000,1.500000,1.238467,1.238467,1.240704,1.992694,1.992694,1.996293,0.425959,0.000000,1.243,1.242,1.241,1.241,1.240,1.239,0.932,1.239,1.240,1.241,1.241,1.242,
10,161,19,1282,0.0000,0.0000,0.0000,-1.0000,0.0000,3000.0000,3000.0000,0.0000,0.0000,0.4252,0.4252,0.1500,4.0000,1.0000,1.2430,2.0000,0.000000,0.000000,0.000000,0.000000,0.000000,0.000000,"LINESTRING (-122.39708 37.792789, -122.39718 37.792688999999996)",0.000000,-1.000000,0.000000,7.500000,7.500000,7.500000,0.932256,1.500000,0.000000,nan,1.243008,0.932256,2.000000,1.500000,1.243008,1.243008,1.243008,2.000000,2.000000,2.000000,0.425169,0.000000,1.243,1.243,1.243,1.243,1.243,1.243,nan,1.243,1.243,1.243,1.243,1.243,
10,162,19,1283,9.8918,0.0000,0.0000,-1.0000,0.0000,3000.0000,3000.0000,9.8918,0.0033,0.4252,0.4252,0.1500,4.0000,1.0000,1.2430,2.0000,0.087129,0.070095,0.087129,0.070095,0.070124,0.070124,"LINESTRING (-122.39708 37.792789, -122.39718 37.792688999999996)",9.891824,-1.000000,0.003297,7.498351,7.500000,7.501649,0.932256,1.500000,989.182353,1261969748628.760254,1.243008,0.932256,2.000000,1.500000,1.241984,1.241984,1.242494,1.998351,1.998351,1.999173,0.425345,0.000000,1.243,1.243,1.243,1.242,1.242,1.242,0.932,1.242,1.242,1.242,1.243,1.243,
10,163,19,1315,10.3339,0.0000,0.0000,-1.0000,0.0000,3000.0000,3000.0000,10.3339,0.0034,0.4252,0.4252,0.1500,4.0000,1.0000,1.2430,2.0000,0.091023,0.073228,0.091023,0.073228,0.073260,0.073260,"LINESTRING (-122.39708 37.792789, -122.39718 37.792688999999996)",10.333938,-1.000000,0.003445,7.498278,7.500000,7.501722,0.932256,1.500000,1033.393813,1106705956750.697510,1.243008,0.932256,2.000000,1.500000,1.241938,1.241938,1.242471,1.998278,1.998278,1.999136,0.425353,0.000000,1.243,1.243,1.243,1.242,1.242,1.242,0.932,1.242,1.242,1.242,1.243,1.243,
10,164,19,1344,0.0000,0.0000,0.0000,-1.0000,0.0000,3000.0000,3000.0000,0.0000,0.0000,0.4252,0.4252,0.1500,4.0000,1.0000,1.2430,2.0000,0.000000,0.000000,0.000000,0.000000,0.000000,0.000000,"LINESTRING (-122.39708 37.792789, -122.39718 37.792688999999996)",0.000000,-1.000000,0.000000,7.500000,7.500000,7.500000,0.932256,1.500000,0.000000,nan,1.243008,0.932256,2.000000,1.500000,1.243008,1.243008,1.243008,2.000000,2.000000,2.000000,0.425169,0.000000,1.243,1.243,1.243,1.243,1.243,1.243,nan,1.243,1.243,1.243,1.243,1.243,
10,165,19,1368,20.0000,0.0000,0.0000,-1.0000,0.0000,3000.0000,3000.0000,20.0000,0.0067,0.4252,0.4252,0.1500,4.0000,1.0000,1.2430,2.0000,0.176163,0.141723,0.176163,0.141723,0.141842,0.141842,"LINESTRING (-122.39708 37.792789, -122.39718 37.792688999999996)",20.000000,-1.000000,0.006667,7.496667,7.500000,7.503333,0.932256,1.500000,2000.000000,152294312586.590942,1.243008,0.932256,2.000000,1.500000,1.240936,1.240936,1.241965,1.996667,1.996667,1.998322,0.425526,0.000000,1.243,1.243,1.242,1.242,1.242,1.241,0.932,1.241,1.242,1.242,1.242,1.243,
10,166,20,1213,24.0435,0.0000,0.0000,-1.0000,0.0000,3000.0000,3000.0000,24.0435,0.0080,0.4257,0.4257,0.1500,4.0000,1.0000,1.2430,2.0000,0.212038,0.170584,0.212038,0.170584,0.170757,0.170757,"LINESTRING (-121.976605 37.557513, -121.97670500000001 37.557413)",24.043546,-1.000000,0.008015,7.495993,7.500000,7.504007,0.932256,1.500000,2404.354567,87672918502.193100,1.243008,0.932256,2.000000,1.500000,1.240518,1.240518,1.241753,1.995993,1.995993,1.997980,0.426119,0.000000,1.243,1.243,1.242,1.242,1.241,1.241,0.932,1.241,1.241,1.242,1.242,1.243,
10,167,20,1214,47.9565,0.0000,0.0000,-1.0000,0.0000,3000.0000,3000.0000,47.9565,0.0160,0.4257,0.4257,0.1500,4.0000,1.0000,1.2430,2.0000,0.422924,0.340242,0.422924,0.340242,0.340934,0.340934,"LINESTRING (-121.976605 37.557513, -121.97670500000001 37.557413)",47.956454,-1.000000,0.015985,7.492007,7.500000,7.507993,0.932256,1.500000,3000.000000,6870023966.349354,1.243008,0.932256,2.000000,1.500000,1.238041,1.238041,1.240485,1.992007,1.992007,1.995940,0.426555,0.000000,1.243,1.242,1.241,1.240,1.240,1.239,0.932,1.239,1.240,1.240,1.241,1.242,
10,168,20,1254,5.6769,0.0000,0.0000,-1.0000,0.0000,3000.0000,3000.0000,5.6769,0.0019,0.4257,0.4257,0.1500,4.0000,1.0000,1.2430,2.0000,0.050064,0.040277,0.050064,0.040277,0.040286,0.040286,"LINESTRING (-121.976605 37.557513, -121.97670500000001 37.557413)",5.676948,-1.000000,0.001892,7.499054,7.500000,7.500946,0.932256,1.500000,567.694828,6691488485092.030273,1.243008,0.932256,2.000000,1.500000,1.242420,1.242420,1.242714,1.999054,1.999054,1.999526,0.425790,0.000000,1.243,1.243,1.243,1.243,1.243,1.243,0.932,1.243,1.243,1.243,1.243,1.243,
10,169,20,1284,110.0000,0.0000,0.0000,-1.0000,0.0000,3000.0000,3000.0000,110.0000,0.0367,0.4257,0.4257,0.1500,4.0000,1.0000,1.2430,2.0000,0.970080,0.780430,0.970080,0.780430,0.784155,0.784155,"LINESTRING (-121.976605 37.557513, -121.97670500000001 37.557413)",110.000000,-1.000000,0.036667,7.481667,7.500000,7.518333,0.932256,1.499999,3000.000000,244237331.862970,1.243008,0.932256,2.000000,1.500000,1.231614,1.231614,1.237102,1.981667,1.981666,1.990497,0.427721,0.000000,1.243,1.241,1.239,1.237,1.235,1.233,0.932,1.233,1.235,1.237,1.239,1.241,
10,170,20,1316,26.3231,0.0000,0.0000,-1.0000,0.0000,3000.0000,3000.0000,26.3231,0.0088,0.4257,0.4257,0.1500,4.0000,1.0000,1.2430,2.0000,0.232141,0.186757,0.232141,0.186757,0.186964,0.186964,"LINESTRING (-121.976605 37.557513, -121.97670500000001 37.557413)",26.323052,-1.000000,0.008774,7.495613,7.500000,7.504387,0.932256,1.500000,2632.305172,66773198179.098167,1.243008,0.932256,2.000000,1.500000,1.240281,1.240281,1.241633,1.995613,1.995613,1.997787,0.426160,0.000000,1.243,1.243,1.242,1.242,1.241,1.241,0.932,1.241,1.241,1.242,1.242,1.243,
10,171,20,1317,0.0000,0.0000,0.0000,-1.0000,0.0000,3000.0000,3000.0000,0.0000,0.0000,0.4257,0.4257,0.1500,4.0000,1.0000,1.2430,2.0000,0.000000,0.000000,0.000000,0.000000,0.000000,0.000000,"LINESTRING (-121.976605 37.557513, -121.97670500000001 37.557413)",0.000000,-1.000000,0.000000,7.500000,7.500000,7.500000,0.932256,1.500000,0.000000,nan,1.243008,0.932256,2.000000,1.500000,1.243008,1.243008,1.243008,2.000000,2.000000,2.000000,0.425689,0.000000,1.243,1.243,1.243,1.243,1.243,1.243,nan,1.243,1.243,1.243,1.243,1.243,
10,172,21,1086,108.9303,0.0000,0.0000,-1.0000,0.0000,3000.0000,3000.0000,108.9303,0.0363,0.4252,0.4252,0.1500,4.0000,1.0000,1.2430,2.0000,0.959564,0.771969,0.959564,0.771969,0.775617,0.775617,"LINESTRING (-122.224067 37.774873, -122.22416700000001 37.774772999999996)",108.930326,-1.000000,0.036310,7.481845,7.500000,7.518155,0.932256,1.499999,3000.000000,253757709.218587,1.243008,0.932256,2.000000,1.500000,1.231725,1.231724,1.237162,1.981845,1.981845,1.990593,0.427218,0.000000,1.243,1.241,1.239,1.237,1.235,1.233,0.932,1.233,1.235,1.237,1.239,1.241,
10,173,21,1104,56.9964,0.0000,0.0000,-1.0000,0.0000,3000.0000,3000.0000,56.9964,0.0190,0.4252,0.4252,0.1500,4.0000,1.0000,1.2430,2.0000,0.502079,0.403923,0.502079,0.403923,0.404902,0.404902,"LINESTRING (-122.224067 37.774873, -122.22416700000001 37.774772999999996)",56.996371,-1.000000,0.018999,7.490501,7.500000,7.509499,0.932256,1.500000,3000.000000,3431345337.907092,1.243008,0.932256,2.000000,1.500000,1.237104,1.237104,1.240000,1.990501,1.990501,1.995160,0.426240,0.000000,1.243,1.242,1.241,1.240,1.239,1.238,0.932,1.238,1.239,1.240,1.241,1.242,
10,174,21,1215,28.1301,0.0000,0.0000,-1.0000,0.0000,3000.0000,3000.0000,28.1301,0.0094,0.4252,0.4252,0.1500,4.0000,1.0000,1.2430,2.0000,0.247798,0.199353,0.247798,0.199353,0.199589,0.199589,"LINESTRING (-122.224067 37.774873, -122.22416700000001 37.774772999999996)",28.130148,-1.000000,0.009377,7.495312,7.500000,7.504688,0.932256,1.500000,2813.014812,54626886350.139366,1.243008,0.932256,2.000000,1.500000,1.240094,1.240094,1.241538,1.995312,1.995312,1.997634,0.425712,0.000000,1.243,1.243,1.242,1.242,1.241,1.241,0.932,1.241,1.241,1.242,1.242,1.243,
10,175,21,1216,14.4982,0.0000,0.0000,-1.0000,0.0000,3000.0000,3000.0000,14.4982,0.0048,0.4252,0.4252,0.1500,4.0000,1.0000,1.2430,2.0000,0.127714,0.102746,0.127714,0.102746,0.102808,0.102808,"LINESTRING (-122.224067 37.774873, -122.22416700000001 37.774772999999996)",14.498209,-1.000000,0.004833,7.497584,7.500000,7.502416,0.932256,1.500000,1449.820878,400380361645.365479,1.243008,0.932256,2.000000,1.500000,1.241506,1.241506,1.242254,1.997584,1.997584,1.998786,0.425467,0.000000,1.243,1.243,1.243,1.242,1.242,1.242,0.932,1.242,1.242,1.242,1.243,1.243,
10,176,21,1217,23.0323,0.0000,0.0000,-1.0000,0.0000,3000.0000,3000.0000,23.0323,0.0077,0.4252,0.4252,0.1500,4.0000,1.0000,1.2430,2.0000,0.202890,0.163225,0.202890,0.163225,0.163383,0.163383,"LINESTRING (-122.224067 37.774873, -122.22416700000001 37.774772999999996)",23.032262,-1.000000,0.007677,7.496161,7.500000,7.503839,0.932256,1.500000,2303.226176,99648826357.837402,1.243008,0.932256,2.000000,1.500000,1.240622,1.240622,1.241806,1.996161,1.996161,1.998066,0.425620,0.000000,1.243,1.243,1.242,1.242,1.241,1.241,0.932,1.241,1.241,1.242,1.242,1.243,
10,177,21,1255,22.7595,0.0000,0.0000,-1.0000,0.0000,3000.0000,3000.0000,22.7595,0.0076,0.4252,0.4252,0.1500,4.0000,1.0000,1.2430,2.0000,0.200488,0.161292,0.200488,0.161292,0.161447,0.161447,"LINESTRING (-122.224067 37.774873, -122.22416700000001 37.774772999999996)",22.759507,-1.000000,0.007587,7.496207,7.500000,7.503793,0.932256,1.500000,2275.950725,103281677701.065674,1.243008,0.932256,2.000000,1.500000,1.240651,1.240651,1.241820,1.996207,1.996207,1.998089,0.425615,0.000000,1.243,1.243,1.242,1.242,1.241,1.241,0.932,1.241,1.241,1.242,1.242,1.243,
10,178,21,1285,128.8850,0.0000,0.0000,-1.0000,0.0000,3000.0000,3000.0000,128.8850,0.0430,0.4252,0.4252,0.1500,4.0000,1.0000,1.2430,2.0000,1.135343,0.913384,1.135343,0.913384,0.918528,0.918528,"LINESTRING (-122.224067 37.774873, -122.22416700000001 37.774772999999996)",128.884974,-1.000000,0.042962,7.478519,7.500000,7.521481,0.932255,1.499999,3000.000000,128803482.933033,1.243008,0.932256,2.000000,1.500000,1.229658,1.229657,1.236046,1.978519,1.978518,1.988798,0.427604,0.000000,1.243,1.241,1.238,1.236,1.234,1.231,0.932,1.231,1.234,1.236,1.238,1.241,
10,179,21,1286,89.5241,0.0000,0.0000,-1.0000,0.0000,3000.0000,3000.0000,89.5241,0.0298,0.4252,0.4252,0.1500,4.0000,1.0000,1.2430,2.0000,0.788615,0.634440,0.788615,0.634440,0.636887,0.636887,"LINESTRING (-122.224067 37.774873, -122.22416700000001 37.774772999999996)",89.524081,-1.000000,0.029841,7.485079,7.500000,7.514921,0.932256,1.500000,3000.000000,559051416.616857,1.243008,0.932256,2.000000,1.500000,1.233735,1.233735,1.238233,1.985079,1.985079,1.992317,0.426849,0.000000,1.243,1.241,1.240,1.238,1.237,1.235,0.932,1.235,1.237,1.238,1.240,1.241,
10,180,21,1318,36.2441,0.0000,0.0000,-1.0000,0.0000,3000.0000,3000.0000,36.2441,0.0121,0.4252,0.4252,0.1500,4.0000,1.0000,1.2430,2.0000,0.319273,0.256855,0.319273,0.256855,0.257248,0.257248,"LINESTRING (-122.224067 37.774873, -122.22416700000001 37.774772999999996)",36.244122,-1.000000,0.012081,7.493959,7.500000,7.506041,0.932256,1.500000,3000.000000,21096020485.542210,1.243008,0.932256,2.000000,1.500000,1.239254,1.239254,1.241108,1.993959,1.993959,1.996943,0.425860,0.000000,1.243,1.242,1.242,1.241,1.240,1.240,0.932,1.240,1.240,1.241,1.242,1.242,
10,181,22,1032,5.0091,0.0000,0.0000,-1.0000,0.0000,3000.0000,3000.0000,5.0091,0.0017,0.4253,0.4253,0.1500,4.0000,1.0000,1.2430,2.0000,0.044134,0.035506,0.044134,0.035506,0.035513,0.035513,"LINESTRING (-122.433557 37.733269, -122.433657 37.733169)",5.009072,-1.000000,0.001670,7.499165,7.500000,7.500835,0.932256,1.500000,500.907201,9733575436106.294922,1.243008,0.932256,2.000000,1.500000,1.242489,1.242489,1.242748,1.999165,1.999165,1.999582,0.425390,0.000000,1.243,1.243,1.243,1.243,1.243,1.243,0.932,1.243,1.243,1.243,1.243,1.243,
10,182,22,1033,2.6518,0.0000,0.0000,-1.0000,0.0000,3000.0000,3000.0000,2.6518,0.0009,0.4253,0.4253,0.1500,4.0000,1.0000,1.2430,2.0000,0.023365,0.018797,0.023365,0.018797,0.018799,0.018799,"LINESTRING (-122.433557 37.733269, -122.433657 37.733169)",2.651834,-1.000000,0.000884,7.499558,7.500000,7.500442,0.932256,1.500000,265.183414,65638930441683.687500,1.243008,0.932256,2.000000,1.500000,1.242733,1.242733,1.242871,1.999558,1.999558,1.999779,0.425348,0.000000,1.243,1.243,1.243,1.243,1.243,1.243,0.932,1.243,1.243,1.243,1.243,1.243,
10,183,22,1034,3.8385,0.0000,0.0000,-1.0000,0.0000,3000.0000,3000.0000,3.8385,0.0013,0.4253,0.4253,0.1500,4.0000,1.0000,1.2430,2.0000,0.033820,0.027208,0.033820,0.027208,0.027213,0.027213,"LINESTRING (-122.433557 37.733269, -122.433657 37.733169)",3.838471,-1.000000,0.001279,7.499360,7.500000,7.500640,0.932256,1.500000,383.847081,21636989211812.449219,1.243008,0.932256,2.000000,1.500000,1.242611,1.242611,1.242809,1.999360,1.999360,1.999680,0.425369,0.000000,1.243,1.243,1.243,1.243,1.243,1.243,0.932,1.243,1.243,1.243,1.243,1.243,
10,184,22,1087,3.5006,0.0000,0.0000,-1.0000,0.0000,3000.0000,3000.0000,3.5006,0.0012,0.4253,0.4253,0.1500,4.0000,1.0000,1.2430,2.0000,0.030844,0.024814,0.030844,0.024814,0.024817,0.024817,"LINESTRING (-122.433557 37.733269, -122.433657 37.733169)",3.500623,-1.000000,0.001167,7.499417,7.500000,7.500583,0.932256,1.500000,350.062303,28528061098262.566406,1.243008,0.932256,2.000000,1.500000,1.242646,1.242646,1.242827,1.999417,1.999417,1.999708,0.425363,0.000000,1.243,1.243,1.243,1.243,1.243,1.243,0.932,1.243,1.243,1.243,1.243,1.243,
10,185,22,1105,47.2871,0.0000,0.0000,-1.0000,0.0000,3000.0000,3000.0000,47.2871,0.0158,0.4253,0.4253,0.1500,4.0000,1.0000,1.2430,2.0000,0.416641,0.335187,0.416641,0.335187,0.335860,0.335860,"LINESTRING (-122.433557 37.733269, -122.433657 37.733169)",47.287113,-1.000000,0.015762,7.492119,7.500000,7.507881,0.932256,1.500000,3000.000000,7261953225.844447,1.243008,0.932256,2.000000,1.500000,1.238110,1.238110,1.240520,1.992119,1.992119,1.995997,0.426154,0.000000,1.243,1.242,1.241,1.241,1.240,1.239,0.932,1.239,1.240,1.241,1.241,1.242,
10,186,22,1145,15.1034,0.0000,0.0000,-1.0000,0.0000,3000.0000,3000.0000,15.1034,0.0050,0.4253,0.4253,0.1500,4.0000,1.0000,1.2430,2.0000,0.133074,0.107058,0.133074,0.107058,0.107126,0.107126,"LINESTRING (-122.433557 37.733269, -122.433657 37.733169)",15.103377,-1.000000,0.005034,7.497483,7.500000,7.502517,0.932256,1.500000,1510.337737,354177868033.836548,1.243008,0.932256,2.000000,1.500000,1.241444,1.241444,1.242222,1.997483,1.997483,1.998735,0.425570,0.000000,1.243,1.243,1.242,1.242,1.242,1.242,0.932,1.242,1.242,1.242,1.242,1.243,
10,187,22,1146,1.6697,0.0000,0.0000,-1.0000,0.0000,3000.0000,3000.0000,1.6697,0.0006,0.4253,0.4253,0.1500,4.0000,1.0000,1.2430,2.0000,0.014711,0.011835,0.014711,0.011835,0.011836,0.011836,"LINESTRING (-122.433557 37.733269, -122.433657 37.733169)",1.669691,-1.000000,0.000557,7.499722,7.500000,7.500278,0.932256,1.500000,166.969067,263026337114730.906250,1.243008,0.932256,2.000000,1.500000,1.242835,1.242835,1.242922,1.999722,1.999722,1.999861,0.425330,0.000000,1.243,1.243,1.243,1.243,1.243,1.243,0.932,1.243,1.243,1.243,1.243,1.243,
10,188,22,1147,195.3740,0.0000,0.0000,-1.0000,0.0000,3000.0000,3000.0000,195.3740,0.0651,0.4253,0.4253,0.1500,4.0000,1.0000,1.2430,2.0000,1.721415,1.384882,1.721415,1.384882,1.396992,1.396992,"LINESTRING (-122.433557 37.733269, -122.433657 37.733169)",195.373987,-1.000000,0.065125,7.467438,7.500000,7.532562,0.932251,1.499992,3000.000000,23968171.976302,1.243008,0.932256,2.000000,1.500000,1.222771,1.222767,1.232230,1.967438,1.967432,1.982658,0.429021,0.000000,1.243,1.239,1.236,1.232,1.229,1.225,0.932,1.225,1.229,1.232,1.236,1.239,
10,189,22,1287,0.0000,0.0000,0.0000,-1.0000,0.0000,3000.0000,3000.0000,0.0000,0.0000,0.4253,0.4253,0.1500,4.0000,1.0000,1.2430,2.0000,0.000000,0.000000,0.000000,0.000000,0.000000,0.000000,"LINESTRING (-122.433557 37.733269, -122.433657 37.733169)",0.000000,-1.000000,0.000000,7.500000,7.500000,7.500000,0.932256,1.500000,0.000000,nan,1.243008,0.932256,2.000000,1.500000,1.243008,1.243008,1.243008,2.000000,2.000000,2.000000,0.425301,0.000000,1.243,1.243,1.243,1.243,1.243,1.243,nan,1.243,1.243,1.243,1.243,1.243,
10,190,22,1288,0.0000,0.0000,0.0000,-1.0000,0.0000,3000.0000,3000.0000,0.0000,0.0000,0.4253,0.4253,0.1500,4.0000,1.0000,1.2430,2.0000,0.000000,0.000000,0.000000,0.000000,0.000000,0.000000,"LINESTRING (-122.433557 37.733269, -122.433657 37.733169)",0.000000,-1.000000,0.000000,7.500000,7.500000,7.500000,0.932256,1.500000,0.000000,nan,1.243008,0.932256,2.000000,1.500000,1.243008,1.243008,1.243008,2.000000,2.000000,2.000000,0.425301,0.000000,1.243,1.243,1.243,1.243,1.243,1.243,nan,1.243,1.243,1.243,1.243,1.243,
10,191,22,1319,4.4570,0.0000,0.0000,-1.0000,0.0000,3000.0000,3000.0000,4.4570,0.0015,0.4253,0.4253,0.1500,4.0000,1.0000,1.2430,2.0000,0.039270,0.031593,0.039270,0.031593,0.031598,0.031598,"LINESTRING (-122.433557 37.733269, -122.433657 37.733169)",4.456968,-1.000000,0.001486,7.499257,7.500000,7.500743,0.932256,1.500000,445.696797,13819290541894.716797,1.243008,0.932256,2.000000,1.500000,1.242546,1.242546,1.242777,1.999257,1.999257,1.999628,0.425380,0.000000,1.243,1.243,1.243,1.243,1.243,1.243,0.932,1.243,1.243,1.243,1.243,1.243,
10,192,22,1345,9.0000,0.0000,0.0000,-1.0000,0.0000,3000.0000,3000.0000,9.0000,0.0030,0.4253,0.4253,0.1500,4.0000,1.0000,1.2430,2.0000,0.079298,0.063795,0.079298,0.063795,0.063819,0.063819,"LINESTRING (-122.433557 37.733269, -122.433657 37.733169)",9.000000,-1.000000,0.003000,7.498500,7.500000,7.501500,0.932256,1.500000,900.000000,1676417245379.128418,1.243008,0.932256,2.000000,1.500000,1.242076,1.242076,1.242541,1.998500,1.998500,1.999248,0.425461,0.000000,1.243,1.243,1.243,1.243,1.242,1.242,0.932,1.242,1.242,1.243,1.243,1.243,
10,193,22,1369,73.1089,0.0000,0.0000,-1.0000,0.0000,3000.0000,3000.0000,73.1089,0.0244,0.4253,0.4253,0.1500,4.0000,1.0000,1.2430,2.0000,0.644153,0.518221,0.644153,0.518221,0.519843,0.519843,"LINESTRING (-122.433557 37.733269, -122.433657 37.733169)",73.108864,-1.000000,0.024370,7.487815,7.500000,7.512185,0.932256,1.500000,3000.000000,1262610032.311162,1.243008,0.932256,2.000000,1.500000,1.235435,1.235435,1.239129,1.987815,1.987815,1.993759,0.426632,0.000000,1.243,1.242,1.240,1.239,1.238,1.237,0.932,1.237,1.238,1.239,1.240,1.242,
10,194,23,1218,63.8619,0.0000,0.0000,-1.0000,0.0000,3000.0000,3000.0000,63.8619,0.0213,0.4254,0.4254,0.1500,4.0000,1.0000,1.2430,2.0000,0.562865,0.452825,0.562865,0.452825,0.454059,0.454059,"LINESTRING (-122.086941 37.669731, -122.087041 37.669630999999995)",63.861912,-1.000000,0.021287,7.489356,7.500000,7.510644,0.932256,1.500000,3000.000000,2174494335.766780,1.243008,0.932256,2.000000,1.500000,1.236393,1.236393,1.239630,1.989356,1.989356,1.994565,0.426600,0.000000,1.243,1.242,1.241,1.240,1.239,1.237,0.932,1.237,1.239,1.240,1.241,1.242,
10,195,23,1219,11.0610,0.0000,0.0000,-1.0000,0.0000,3000.0000,3000.0000,11.0610,0.0037,0.4254,0.4254,0.1500,4.0000,1.0000,1.2430,2.0000,0.097489,0.078430,0.097489,0.078430,0.078466,0.078466,"LINESTRING (-122.086941 37.669731, -122.087041 37.669630999999995)",11.060968,-1.000000,0.003687,7.498157,7.500000,7.501843,0.932256,1.500000,1106.096838,902919029429.256836,1.243008,0.932256,2.000000,1.500000,1.241862,1.241862,1.242433,1.998157,1.998157,1.999075,0.425638,0.000000,1.243,1.243,1.243,1.242,1.242,1.242,0.932,1.242,1.242,1.242,1.243,1.243,
10,196,23,1220,24.0771,0.0000,0.0000,-1.0000,0.0000,3000.0000,3000.0000,24.0771,0.0080,0.4254,0.4254,0.1500,4.0000,1.0000,1.2430,2.0000,0.212210,0.170723,0.212210,0.170723,0.170896,0.170896,"LINESTRING (-122.086941 37.669731, -122.087041 37.669630999999995)",24.077119,-1.000000,0.008026,7.495987,7.500000,7.504013,0.932256,1.500000,2407.711949,87255146655.459671,1.243008,0.932256,2.000000,1.500000,1.240514,1.240514,1.241751,1.995987,1.995987,1.997978,0.425872,0.000000,1.243,1.243,1.242,1.242,1.241,1.241,0.932,1.241,1.241,1.242,1.242,1.243,
10,197,23,1256,36.8899,0.0000,0.0000,-1.0000,0.0000,3000.0000,3000.0000,36.8899,0.0123,0.4254,0.4254,0.1500,4.0000,1.0000,1.2430,2.0000,0.325140,0.261575,0.325140,0.261575,0.261982,0.261982,"LINESTRING (-122.086941 37.669731, -122.087041 37.669630999999995)",36.889915,-1.000000,0.012297,7.493852,7.500000,7.506148,0.932256,1.500000,3000.000000,19664652391.432507,1.243008,0.932256,2.000000,1.500000,1.239187,1.239187,1.241074,1.993852,1.993852,1.996888,0.426104,0.000000,1.243,1.242,1.242,1.241,1.240,1.240,0.932,1.240,1.240,1.241,1.242,1.242,
10,198,23,1289,112.5397,0.0000,0.0000,-1.0000,0.0000,3000.0000,3000.0000,112.5397,0.0375,0.4254,0.4254,0.1500,4.0000,1.0000,1.2430,2.0000,0.991900,0.797984,0.991900,0.797984,0.801885,0.801885,"LINESTRING (-122.086941 37.669731, -122.087041 37.669630999999995)",112.539720,-1.000000,0.037513,7.481243,7.500000,7.518757,0.932256,1.499999,3000.000000,222647499.603076,1.243008,0.932256,2.000000,1.500000,1.231351,1.231350,1.236961,1.981243,1.981243,1.990270,0.427521,0.000000,1.243,1.241,1.239,1.237,1.235,1.233,0.932,1.233,1.235,1.237,1.239,1.241,
10,199,23,1290,38.4603,0.0000,0.0000,-1.0000,0.0000,3000.0000,3000.0000,38.4603,0.0128,0.4254,0.4254,0.1500,4.0000,1.0000,1.2430,2.0000,0.338980,0.272710,0.338980,0.272710,0.273153,0.273153,"LINESTRING (-122.086941 37.669731, -122.087041 37.669630999999995)",38.460280,-1.000000,0.012820,7.493590,7.500000,7.506410,0.932256,1.500000,3000.000000,16637724581.799614,1.243008,0.932256,2.000000,1.500000,1.239024,1.239024,1.240991,1.993590,1.993590,1.996754,0.426133,0.000000,1.243,1.242,1.242,1.241,1.240,1.240,0.932,1.240,1.240,1.241,1.242,1.242,
10,200,23,1320,33.1101,0.0000,0.0000,-1.0000,0.0000,3000.0000,3000.0000,33.1101,0.0110,0.4254,0.4254,0.1500,4.0000,1.0000,1.2430,2.0000,0.291825,0.234773,0.291825,0.234773,0.235101,0.235101,"LINESTRING (-122.086941 37.669731, -122.087041 37.669630999999995)",33.110085,-1.000000,0.011037,7.494482,7.500000,7.505518,0.932256,1.500000,3000.000000,30331381075.021320,1.243008,0.932256,2.000000,1.500000,1.239578,1.239578,1.241274,1.994482,1.994482,1.997210,0.426035,0.000000,1.243,1.242,1.242,1.241,1.241,1.240,0.932,1.240,1.241,1.241,1.242,1.242,
10,201,24,1035,27.4251,0.0000,0.0000,-1.0000,0.0000,3000.0000,3000.0000,27.4251,0.0091,0.4249,0.4249,0.1500,4.0000,1.0000,1.2430,2.0000,0.241438,0.194237,0.241438,0.194237,0.194461,0.194461,"LINESTRING (-122.124644 37.89322, -122.124744 37.893119999999996)",27.425070,-1.000000,0.009142,7.495429,7.500000,7.504571,0.932256,1.500000,2742.507028,58923573139.051964,1.243008,0.932256,2.000000,1.500000,1.240167,1.240167,1.241575,1.995429,1.995429,1.997694,0.425437,0.000000,1.243,1.243,1.242,1.242,1.241,1.241,0.932,1.241,1.241,1.242,1.242,1.243,
10,202,24,1036,95.0293,0.0000,0.0000,-1.0000,0.0000,3000.0000,3000.0000,95.0293,0.0317,0.4249,0.4249,0.1500,4.0000,1.0000,1.2430,2.0000,0.836594,0.673040,0.836594,0.673040,0.675801,0.675801,"LINESTRING (-122.124644 37.89322, -122.124744 37.893119999999996)",95.029292,-1.000000,0.031676,7.484162,7.500000,7.515838,0.932256,1.500000,3000.000000,439432601.930291,1.243008,0.932256,2.000000,1.500000,1.233165,1.233164,1.237930,1.984162,1.984162,1.991830,0.426690,0.000000,1.243,1.241,1.240,1.238,1.236,1.235,0.932,1.235,1.236,1.238,1.240,1.241,
10,203,24,1037,132.5456,0.0000,0.0000,-1.0000,0.0000,3000.0000,3000.0000,132.5456,0.0442,0.4249,0.4249,0.1500,4.0000,1.0000,1.2430,2.0000,1.166871,0.938748,1.166871,0.938748,0.944192,0.944192,"LINESTRING (-122.124644 37.89322, -122.124744 37.893119999999996)",132.545637,-1.000000,0.044182,7.477909,7.500000,7.522091,0.932255,1.499998,3000.000000,114970771.723037,1.243008,0.932256,2.000000,1.500000,1.229279,1.229278,1.235840,1.977909,1.977908,1.988467,0.427412,0.000000,1.243,1.241,1.238,1.236,1.233,1.231,0.932,1.231,1.233,1.236,1.238,1.241,
10,204,24,1148,5.6679,0.0000,0.0000,-1.0000,0.0000,3000.0000,3000.0000,5.6679,0.0019,0.4249,0.4249,0.1500,4.0000,1.0000,1.2430,2.0000,0.049897,0.040142,0.049897,0.040142,0.040152,0.040152,"LINESTRING (-122.124644 37.89322, -122.124744 37.893119999999996)",5.667876,-1.000000,0.001889,7.499055,7.500000,7.500945,0.932256,1.500000,566.787627,6711968169892.027344,1.243008,0.932256,2.000000,1.500000,1.242421,1.242421,1.242714,1.999055,1.999055,1.999527,0.425047,0.000000,1.243,1.243,1.243,1.243,1.243,1.243,0.932,1.243,1.243,1.243,1.243,1.243,
10,205,24,1149,0.6703,0.0000,0.0000,-1.0000,0.0000,3000.0000,3000.0000,0.6703,0.0002,0.4249,0.4249,0.1500,4.0000,1.0000,1.2430,2.0000,0.005901,0.004747,0.005901,0.004747,0.004747,0.004747,"LINESTRING (-122.124644 37.89322, -122.124744 37.893119999999996)",0.670293,-1.000000,0.000223,7.499888,7.500000,7.500112,0.932256,1.500000,67.029339,4063118512130971.000000,1.243008,0.932256,2.000000,1.500000,1.242939,1.242939,1.242973,1.999888,1.999888,1.999944,0.424959,0.000000,1.243,1.243,1.243,1.243,1.243,1.243,0.932,1.243,1.243,1.243,1.243,1.243,
10,206,24,1150,0.6618,0.0000,0.0000,-1.0000,0.0000,3000.0000,3000.0000,0.6618,0.0002,0.4249,0.4249,0.1500,4.0000,1.0000,1.2430,2.0000,0.005826,0.004687,0.005826,0.004687,0.004688,0.004688,"LINESTRING (-122.124644 37.89322, -122.124744 37.893119999999996)",0.661830,-1.000000,0.000221,7.499890,7.500000,7.500110,0.932256,1.500000,66.183034,4220998394255033.000000,1.243008,0.932256,2.000000,1.500000,1.242940,1.242940,1.242974,1.999890,1.999890,1.999945,0.424959,0.000000,1.243,1.243,1.243,1.243,1.243,1.243,0.932,1.243,1.243,1.243,1.243,1.243,
10,207,25,1088,57.9297,0.0000,0.0000,-1.0000,0.0000,3000.0000,3000.0000,57.9297,0.0193,0.4252,0.4252,0.1500,4.0000,1.0000,1.2430,2.0000,0.510241,0.410489,0.510241,0.410489,0.411501,0.411501,"LINESTRING (-122.265232 37.797357, -122.265332 37.797256999999995)",57.929698,-1.000000,0.019310,7.490345,7.500000,7.509655,0.932256,1.500000,3000.000000,3214353165.318371,1.243008,0.932256,2.000000,1.500000,1.237008,1.237008,1.239950,1.990345,1.990345,1.995079,0.426208,0.000000,1.243,1.242,1.241,1.240,1.239,1.238,0.932,1.238,1.239,1.240,1.241,1.242,
10,208,25,1106,26.6642,0.0000,0.0000,-1.0000,0.0000,3000.0000,3000.0000,26.6642,0.0089,0.4252,0.4252,0.1500,4.0000,1.0000,1.2430,2.0000,0.234857,0.188942,0.234857,0.188942,0.189154,0.189154,"LINESTRING (-122.265232 37.797357, -122.265332 37.797256999999995)",26.664247,-1.000000,0.008888,7.495556,7.500000,7.504444,0.932256,1.500000,2666.424746,64157096918.106979,1.243008,0.932256,2.000000,1.500000,1.240246,1.240246,1.241615,1.995556,1.995556,1.997758,0.425636,0.000000,1.243,1.243,1.242,1.242,1.241,1.241,0.932,1.241,1.241,1.242,1.242,1.243,
10,209,25,1221,6.3509,0.0000,0.0000,-1.0000,0.0000,3000.0000,3000.0000,6.3509,0.0021,0.4252,0.4252,0.1500,4.0000,1.0000,1.2430,2.0000,0.055938,0.045002,0.055938,0.045002,0.045014,0.045014,"LINESTRING (-122.265232 37.797357, -122.265332 37.797256999999995)",6.350907,-1.000000,0.002117,7.498942,7.500000,7.501058,0.932256,1.500000,635.090663,4772503683963.436523,1.243008,0.932256,2.000000,1.500000,1.242350,1.242350,1.242679,1.998942,1.998942,1.999470,0.425272,0.000000,1.243,1.243,1.243,1.243,1.243,1.242,0.932,1.242,1.243,1.243,1.243,1.243,
10,210,25,1222,3.6871,0.0000,0.0000,-1.0000,0.0000,3000.0000,3000.0000,3.6871,0.0012,0.4252,0.4252,0.1500,4.0000,1.0000,1.2430,2.0000,0.032475,0.026126,0.032475,0.026126,0.026130,0.026130,"LINESTRING (-122.265232 37.797357, -122.265332 37.797256999999995)",3.687059,-1.000000,0.001229,7.499385,7.500000,7.500615,0.932256,1.500000,368.705868,24406366918967.097656,1.243008,0.932256,2.000000,1.500000,1.242626,1.242626,1.242817,1.999386,1.999386,1.999692,0.425224,0.000000,1.243,1.243,1.243,1.243,1.243,1.243,0.932,1.243,1.243,1.243,1.243,1.243,
10,211,25,1223,6.9620,0.0000,0.0000,-1.0000,0.0000,3000.0000,3000.0000,6.9620,0.0023,0.4252,0.4252,0.1500,4.0000,1.0000,1.2430,2.0000,0.061321,0.049333,0.061321,0.049333,0.049347,0.049347,"LINESTRING (-122.265232 37.797357, -122.265332 37.797256999999995)",6.962035,-1.000000,0.002321,7.498840,7.500000,7.501160,0.932256,1.500000,696.203468,3622249597730.188477,1.243008,0.932256,2.000000,1.500000,1.242287,1.242287,1.242647,1.998840,1.998840,1.999419,0.425283,0.000000,1.243,1.243,1.243,1.243,1.243,1.242,0.932,1.242,1.243,1.243,1.243,1.243,
10,212,25,1257,7.7521,0.0000,0.0000,-1.0000,0.0000,3000.0000,3000.0000,7.7521,0.0026,0.4252,0.4252,0.1500,4.0000,1.0000,1.2430,2.0000,0.068280,0.054931,0.068280,0.054931,0.054949,0.054949,"LINESTRING (-122.265232 37.797357, -122.265332 37.797256999999995)",7.752050,-1.000000,0.002584,7.498708,7.500000,7.501292,0.932256,1.500000,775.205035,2623319138001.541016,1.243008,0.932256,2.000000,1.500000,1.242205,1.242205,1.242606,1.998708,1.998708,1.999352,0.425297,0.000000,1.243,1.243,1.243,1.243,1.242,1.242,0.932,1.242,1.242,1.243,1.243,1.243,
10,213,25,1291,72.3151,0.0000,0.0000,-1.0000,0.0000,3000.0000,3000.0000,72.3151,0.0241,0.4252,0.4252,0.1500,4.0000,1.0000,1.2430,2.0000,0.636947,0.512424,0.636947,0.512424,0.514010,0.514010,"LINESTRING (-122.265232 37.797357, -122.265332 37.797256999999995)",72.315136,-1.000000,0.024105,7.487947,7.500000,7.512053,0.932256,1.500000,3000.000000,1318793068.436607,1.243008,0.932256,2.000000,1.500000,1.235517,1.235517,1.239173,1.987948,1.987947,1.993829,0.426475,0.000000,1.243,1.242,1.240,1.239,1.238,1.237,0.932,1.237,1.238,1.239,1.240,1.242,
10,214,25,1292,49.7552,0.0000,0.0000,-1.0000,0.0000,3000.0000,3000.0000,49.7552,0.0166,0.4252,0.4252,0.1500,4.0000,1.0000,1.2430,2.0000,0.438240,0.352564,0.438240,0.352564,0.353309,0.353309,"LINESTRING (-122.265232 37.797357, -122.265332 37.797256999999995)",49.755166,-1.000000,0.016585,7.491707,7.500000,7.508293,0.932256,1.500000,3000.000000,5919073715.179658,1.243008,0.932256,2.000000,1.500000,1.237854,1.237854,1.240388,1.991708,1.991708,1.995785,0.426057,0.000000,1.243,1.242,1.241,1.240,1.240,1.239,0.932,1.239,1.240,1.240,1.241,1.242,
10,215,25,1321,27.5837,0.0000,0.0000,-1.0000,0.0000,3000.0000,3000.0000,27.5837,0.0092,0.4252,0.4252,0.1500,4.0000,1.0000,1.2430,2.0000,0.242955,0.195458,0.242955,0.195458,0.195685,0.195685,"LINESTRING (-122.265232 37.797357, -122.265332 37.797256999999995)",27.583702,-1.000000,0.009195,7.495403,7.500000,7.504597,0.932256,1.500000,2758.370219,57939409515.163353,1.243008,0.932256,2.000000,1.500000,1.240151,1.240151,1.241566,1.995403,1.995403,1.997680,0.425653,0.000000,1.243,1.243,1.242,1.242,1.241,1.241,0.932,1.241,1.241,1.242,1.242,1.243,
10,216,26,1038,95.3663,0.0000,0.0000,-1.0000,0.0000,3000.0000,3000.0000,95.3663,0.0318,0.4251,0.4251,0.1500,4.0000,1.0000,1.2430,2.0000,0.839843,0.675654,0.839843,0.675654,0.678435,0.678435,"LINESTRING (-122.267163 37.828814, -122.267263 37.828714)",95.366331,-1.000000,0.031789,7.484106,7.500000,7.515894,0.932256,1.500000,3000.000000,433360777.031427,1.243008,0.932256,2.000000,1.500000,1.233130,1.233130,1.237912,1.984106,1.984105,1.991800,0.426839,0.000000,1.243,1.241,1.240,1.238,1.236,1.235,0.932,1.235,1.236,1.238,1.240,1.241,
10,217,26,1039,82.5538,0.0000,0.0000,-1.0000,0.0000,3000.0000,3000.0000,82.5538,0.0275,0.4251,0.4251,0.1500,4.0000,1.0000,1.2430,2.0000,0.727010,0.584879,0.727010,0.584879,0.586954,0.586954,"LINESTRING (-122.267163 37.828814, -122.267263 37.828714)",82.553837,-1.000000,0.027518,7.486241,7.500000,7.513759,0.932256,1.500000,3000.000000,774327960.887911,1.243008,0.932256,2.000000,1.500000,1.234457,1.234457,1.238615,1.986241,1.986241,1.992931,0.426597,0.000000,1.243,1.242,1.240,1.239,1.237,1.236,0.932,1.236,1.237,1.239,1.240,1.242,
10,218,26,1040,104.7441,0.0000,0.0000,-1.0000,0.0000,3000.0000,3000.0000,104.7441,0.0349,0.4251,0.4251,0.1500,4.0000,1.0000,1.2430,2.0000,0.922428,0.742094,0.922428,0.742094,0.745460,0.745460,"LINESTRING (-122.267163 37.828814, -122.267263 37.828714)",104.744080,-1.000000,0.034915,7.482543,7.500000,7.517457,0.932256,1.499999,3000.000000,297063992.284579,1.243008,0.932256,2.000000,1.500000,1.232158,1.232158,1.237394,1.982543,1.982542,1.990967,0.427018,0.000000,1.243,1.241,1.239,1.237,1.236,1.234,0.932,1.234,1.236,1.237,1.239,1.241,
10,219,26,1151,12.0036,0.0000,0.0000,-1.0000,0.0000,3000.0000,3000.0000,12.0036,0.0040,0.4251,0.4251,0.1500,4.0000,1.0000,1.2430,2.0000,0.105710,0.085044,0.105710,0.085044,0.085086,0.085086,"LINESTRING (-122.267163 37.828814, -122.267263 37.828714)",12.003629,-1.000000,0.004001,7.497999,7.500000,7.502001,0.932256,1.500000,1200.362881,705713762282.537354,1.243008,0.932256,2.000000,1.500000,1.241765,1.241765,1.242384,1.997999,1.997999,1.998996,0.425303,0.000000,1.243,1.243,1.243,1.242,1.242,1.242,0.932,1.242,1.242,1.242,1.243,1.243,
10,220,26,1152,3.3336,0.0000,0.0000,-1.0000,0.0000,3000.0000,3000.0000,3.3336,0.0011,0.4251,0.4251,0.1500,4.0000,1.0000,1.2430,2.0000,0.029357,0.023618,0.029357,0.023618,0.023621,0.023621,"LINESTRING (-122.267163 37.828814, -122.267263 37.828714)",3.333612,-1.000000,0.001111,7.499444,7.500000,7.500556,0.932256,1.500000,333.361202,33019116711380.746094,1.243008,0.932256,2.000000,1.500000,1.242663,1.242663,1.242835,1.999444,1.999444,1.999722,0.425149,0.000000,1.243,1.243,1.243,1.243,1.243,1.243,0.932,1.243,1.243,1.243,1.243,1.243,
10,221,26,1153,3.6628,0.0000,0.0000,-1.0000,0.0000,3000.0000,3000.0000,3.6628,0.0012,0.4251,0.4251,0.1500,4.0000,1.0000,1.2430,2.0000,0.032256,0.025950,0.032256,0.025950,0.025954,0.025954,"LINESTRING (-122.267163 37.828814, -122.267263 37.828714)",3.662759,-1.000000,0.001221,7.499390,7.500000,7.500610,0.932256,1.500000,366.275918,24891422969028.140625,1.243008,0.932256,2.000000,1.500000,1.242629,1.242629,1.242818,1.999390,1.999390,1.999694,0.425154,0.000000,1.243,1.243,1.243,1.243,1.243,1.243,0.932,1.243,1.243,1.243,1.243,1.243,
10,222,26,1224,7.6806,0.0000,0.0000,-1.0000,0.0000,3000.0000,3000.0000,7.6806,0.0026,0.4251,0.4251,0.1500,4.0000,1.0000,1.2430,2.0000,0.067639,0.054416,0.067639,0.054416,0.054433,0.054433,"LINESTRING (-122.267163 37.828814, -122.267263 37.828714)",7.680577,-1.000000,0.002560,7.498720,7.500000,7.501280,0.932256,1.500000,768.057709,2696845094792.833008,1.243008,0.932256,2.000000,1.500000,1.242213,1.242213,1.242609,1.998720,1.998720,1.999358,0.425226,0.000000,1.243,1.243,1.243,1.243,1.242,1.242,0.932,1.242,1.242,1.243,1.243,1.243,
10,223,26,1225,10.0643,0.0000,0.0000,-1.0000,0.0000,3000.0000,3000.0000,10.0643,0.0034,0.4251,0.4251,0.1500,4.0000,1.0000,1.2430,2.0000,0.088631,0.071304,0.088631,0.071304,0.071334,0.071334,"LINESTRING (-122.267163 37.828814, -122.267263 37.828714)",10.064291,-1.000000,0.003355,7.498323,7.500000,7.501677,0.932256,1.500000,1006.429122,1197921074963.535400,1.243008,0.932256,2.000000,1.500000,1.241966,1.241966,1.242485,1.998323,1.998323,1.999159,0.425268,0.000000,1.243,1.243,1.243,1.242,1.242,1.242,0.932,1.242,1.242,1.242,1.243,1.243,
10,224,26,1226,5.2551,0.0000,0.0000,-1.0000,0.0000,3000.0000,3000.0000,5.2551,0.0018,0.4251,0.4251,0.1500,4.0000,1.0000,1.2430,2.0000,0.046279,0.037232,0.046279,0.037232,0.037240,0.037240,"LINESTRING (-122.267163 37.828814, -122.267263 37.828714)",5.255132,-1.000000,0.001752,7.499124,7.500000,7.500876,0.932256,1.500000,525.513169,8424629261286.622070,1.243008,0.932256,2.000000,1.500000,1.242464,1.242464,1.242735,1.999124,1.999124,1.999561,0.425183,0.000000,1.243,1.243,1.243,1.243,1.243,1.243,0.932,1.243,1.243,1.243,1.243,1.243,
10,225,26,1258,40.0000,0.0000,0.0000,-1.0000,0.0000,3000.0000,3000.0000,40.0000,0.0133,0.4251,0.4251,0.1500,4.0000,1.0000,1.2430,2.0000,0.352260,0.283393,0.352260,0.283393,0.283872,0.283872,"LINESTRING (-122.267163 37.828814, -122.267263 37.828714)",40.000000,-1.000000,0.013333,7.493333,7.500000,7.506667,0.932256,1.500000,3000.000000,14202821579.063709,1.243008,0.932256,2.000000,1.500000,1.238865,1.238865,1.240909,1.993333,1.993333,1.996622,0.425809,0.000000,1.243,1.242,1.242,1.241,1.240,1.240,0.932,1.240,1.240,1.241,1.242,1.242,
10,226,26,1346,3.3358,0.0000,0.0000,-1.0000,0.0000,3000.0000,3000.0000,3.3358,0.0011,0.4251,0.4251,0.1500,4.0000,1.0000,1.2430,2.0000,0.029376,0.023633,0.029376,0.023633,0.023637,0.023637,"LINESTRING (-122.267163 37.828814, -122.267263 37.828714)",3.335753,-1.000000,0.001112,7.499444,7.500000,7.500556,0.932256,1.500000,333.575254,32955575641623.156250,1.243008,0.932256,2.000000,1.500000,1.242663,1.242663,1.242835,1.999444,1.999444,1.999722,0.425149,0.000000,1.243,1.243,1.243,1.243,1.243,1.243,0.932,1.243,1.243,1.243,1.243,1.243,
10,227,26,1370,0.0000,0.0000,0.0000,-1.0000,0.0000,3000.0000,3000.0000,0.0000,0.0000,0.4251,0.4251,0.1500,4.0000,1.0000,1.2430,2.0000,0.000000,0.000000,0.000000,0.000000,0.000000,0.000000,"LINESTRING (-122.267163 37.828814, -122.267263 37.828714)",0.000000,-1.000000,0.000000,7.500000,7.500000,7.500000,0.932256,1.500000,0.000000,nan,1.243008,0.932256,2.000000,1.500000,1.243008,1.243008,1.243008,2.000000,2.000000,2.000000,0.425089,0.000000,1.243,1.243,1.243,1.243,1.243,1.243,nan,1.243,1.243,1.243,1.243,1.243,
10,228,27,1347,0.0000,0.0000,0.0000,-1.0000,0.0000,3000.0000,3000.0000,0.0000,0.0000,0.4256,0.4256,0.1500,4.0000,1.0000,1.2430,2.0000,0.000000,0.000000,0.000000,0.000000,0.000000,0.000000,"LINESTRING (-122.38684 37.600199, -122.38694000000001 37.600099)",0.000000,-1.000000,0.000000,7.500000,7.500000,7.500000,0.932256,1.500000,0.000000,nan,1.243008,0.932256,2.000000,1.500000,1.243008,1.243008,1.243008,2.000000,2.000000,2.000000,0.425595,0.000000,1.243,1.243,1.243,1.243,1.243,1.243,nan,1.243,1.243,1.243,1.243,1.243,
10,229,27,1371,127.0000,0.0000,0.0000,-1.0000,0.0000,3000.0000,3000.0000,127.0000,0.0423,0.4256,0.4256,0.1500,4.0000,1.0000,1.2430,2.0000,1.119754,0.900842,1.119754,0.900842,0.905838,0.905838,"LINESTRING (-122.38684 37.600199, -122.38694000000001 37.600099)",127.000000,-1.000000,0.042333,7.478833,7.500000,7.521167,0.932255,1.499999,3000.000000,136814376.408584,1.243008,0.932256,2.000000,1.500000,1.229853,1.229852,1.236152,1.978833,1.978832,1.988969,0.427955,0.000000,1.243,1.241,1.238,1.236,1.234,1.232,0.932,1.232,1.234,1.236,1.238,1.241,
10,230,28,1227,34.2820,0.0000,0.0000,-1.0000,0.0000,3000.0000,3000.0000,34.2820,0.0114,0.4260,0.4260,0.1500,4.0000,1.0000,1.2430,2.0000,0.302561,0.243410,0.302561,0.243410,0.243763,0.243763,"LINESTRING (-121.890803 37.409836, -121.89090300000001 37.409735999999995)",34.282025,-1.000000,0.011427,7.494286,7.500000,7.505714,0.932256,1.500000,3000.000000,26419389662.767178,1.243008,0.932256,2.000000,1.500000,1.239457,1.239457,1.241212,1.994286,1.994286,1.997111,0.426630,0.000000,1.243,1.242,1.242,1.241,1.241,1.240,0.932,1.240,1.241,1.241,1.242,1.242,
10,231,28,1259,0.0000,0.0000,0.0000,-1.0000,0.0000,3000.0000,3000.0000,0.0000,0.0000,0.4260,0.4260,0.1500,4.0000,1.0000,1.2430,2.0000,0.000000,0.000000,0.000000,0.000000,0.000000,0.000000,"LINESTRING (-121.890803 37.409836, -121.89090300000001 37.409735999999995)",0.000000,-1.000000,0.000000,7.500000,7.500000,7.500000,0.932256,1.500000,0.000000,nan,1.243008,0.932256,2.000000,1.500000,1.243008,1.243008,1.243008,2.000000,2.000000,2.000000,0.426014,0.000000,1.243,1.243,1.243,1.243,1.243,1.243,nan,1.243,1.243,1.243,1.243,1.243,
10,232,28,1293,44.7180,0.0000,0.0000,-1.0000,0.0000,3000.0000,3000.0000,44.7180,0.0149,0.4260,0.4260,0.1500,4.0000,1.0000,1.2430,2.0000,0.394665,0.317508,0.394665,0.317508,0.318110,0.318110,"LINESTRING (-121.890803 37.409836, -121.89090300000001 37.409735999999995)",44.717975,-1.000000,0.014906,7.492547,7.500000,7.507453,0.932256,1.500000,3000.000000,9101399913.144363,1.243008,0.932256,2.000000,1.500000,1.238376,1.238376,1.240658,1.992547,1.992547,1.996218,0.426821,0.000000,1.243,1.242,1.241,1.241,1.240,1.239,0.932,1.239,1.240,1.241,1.241,1.242,
10,233,28,1322,2.0000,0.0000,0.0000,-1.0000,0.0000,3000.0000,3000.0000,2.0000,0.0007,0.4260,0.4260,0.1500,4.0000,1.0000,1.2430,2.0000,0.017651,0.014200,0.017651,0.014200,0.014202,0.014202,"LINESTRING (-121.890803 37.409836, -121.89090300000001 37.409735999999995)",2.000000,-1.000000,0.000667,7.499667,7.500000,7.500333,0.932256,1.500000,200.000000,153288332187406.843750,1.243008,0.932256,2.000000,1.500000,1.242801,1.242801,1.242904,1.999667,1.999667,1.999833,0.426049,0.000000,1.243,1.243,1.243,1.243,1.243,1.243,0.932,1.243,1.243,1.243,1.243,1.243,
10,234,28,1323,0.0000,0.0000,0.0000,-1.0000,0.0000,3000.0000,3000.0000,0.0000,0.0000,0.4260,0.4260,0.1500,4.0000,1.0000,1.2430,2.0000,0.000000,0.000000,0.000000,0.000000,0.000000,0.000000,"LINESTRING (-121.890803 37.409836, -121.89090300000001 37.409735999999995)",0.000000,-1.000000,0.000000,7.500000,7.500000,7.500000,0.932256,1.500000,0.000000,nan,1.243008,0.932256,2.000000,1.500000,1.243008,1.243008,1.243008,2.000000,2.000000,2.000000,0.426014,0.000000,1.243,1.243,1.243,1.243,1.243,1.243,nan,1.243,1.243,1.243,1.243,1.243,
10,235,29,1041,8.6824,0.0000,0.0000,-1.0000,0.0000,3000.0000,3000.0000,8.6824,0.0029,0.4252,0.4252,0.1500,4.0000,1.0000,1.2430,2.0000,0.076477,0.061526,0.076477,0.061526,0.061548,0.061548,"LINESTRING (-122.401642 37.789213, -122.401742 37.78911299999999)",8.682391,-1.000000,0.002894,7.498553,7.500000,7.501447,0.932256,1.500000,868.239149,1866808773502.047119,1.243008,0.932256,2.000000,1.500000,1.242109,1.242109,1.242557,1.998553,1.998553,1.999274,0.425331,0.000000,1.243,1.243,1.243,1.243,1.242,1.242,0.932,1.242,1.242,1.243,1.243,1.243,
10,236,29,1042,4.8743,0.0000,0.0000,-1.0000,0.0000,3000.0000,3000.0000,4.8743,0.0016,0.4252,0.4252,0.1500,4.0000,1.0000,1.2430,2.0000,0.042935,0.034541,0.042935,0.034541,0.034548,0.034548,"LINESTRING (-122.401642 37.789213, -122.401742 37.78911299999999)",4.874325,-1.000000,0.001625,7.499188,7.500000,7.500812,0.932256,1.500000,487.432505,10560612112947.353516,1.243008,0.932256,2.000000,1.500000,1.242503,1.242503,1.242755,1.999188,1.999188,1.999593,0.425264,0.000000,1.243,1.243,1.243,1.243,1.243,1.243,0.932,1.243,1.243,1.243,1.243,1.243,
10,237,29,1043,9.6163,0.0000,0.0000,-1.0000,0.0000,3000.0000,3000.0000,9.6163,0.0032,0.4252,0.4252,0.1500,4.0000,1.0000,1.2430,2.0000,0.084703,0.068144,0.084703,0.068144,0.068171,0.068171,"LINESTRING (-122.401642 37.789213, -122.401742 37.78911299999999)",9.616289,-1.000000,0.003205,7.498397,7.500000,7.501603,0.932256,1.500000,961.628895,1373705471793.726074,1.243008,0.932256,2.000000,1.500000,1.242012,1.242012,1.242508,1.998397,1.998397,1.999196,0.425348,0.000000,1.243,1.243,1.243,1.243,1.242,1.242,0.932,1.242,1.242,1.243,1.243,1.243,
10,238,29,1089,6.5521,0.0000,0.0000,-1.0000,0.0000,3000.0000,3000.0000,6.5521,0.0022,0.4252,0.4252,0.1500,4.0000,1.0000,1.2430,2.0000,0.057712,0.046430,0.057712,0.046430,0.046442,0.046442,"LINESTRING (-122.401642 37.789213, -122.401742 37.78911299999999)",6.552050,-1.000000,0.002184,7.498908,7.500000,7.501092,0.932256,1.500000,655.205020,4346286108601.316895,1.243008,0.932256,2.000000,1.500000,1.242329,1.242329,1.242668,1.998908,1.998908,1.999453,0.425293,0.000000,1.243,1.243,1.243,1.243,1.243,1.242,0.932,1.242,1.243,1.243,1.243,1.243,
10,239,29,1107,8.9946,0.0000,0.0000,-1.0000,0.0000,3000.0000,3000.0000,8.9946,0.0030,0.4252,0.4252,0.1500,4.0000,1.0000,1.2430,2.0000,0.079227,0.063738,0.079227,0.063738,0.063762,0.063762,"LINESTRING (-122.401642 37.789213, -122.401742 37.78911299999999)",8.994557,-1.000000,0.002998,7.498501,7.500000,7.501499,0.932256,1.500000,899.455679,1678976445580.865234,1.243008,0.932256,2.000000,1.500000,1.242076,1.242076,1.242541,1.998501,1.998501,1.999248,0.425337,0.000000,1.243,1.243,1.243,1.243,1.242,1.242,0.932,1.242,1.242,1.243,1.243,1.243,
10,240,29,1154,37.6689,0.0000,0.0000,-1.0000,0.0000,3000.0000,3000.0000,37.6689,0.0126,0.4252,0.4252,0.1500,4.0000,1.0000,1.2430,2.0000,0.331799,0.266932,0.331799,0.266932,0.267357,0.267357,"LINESTRING (-122.401642 37.789213, -122.401742 37.78911299999999)",37.668860,-1.000000,0.012556,7.493722,7.500000,7.506278,0.932256,1.500000,3000.000000,18073049962.822392,1.243008,0.932256,2.000000,1.500000,1.239106,1.239106,1.241033,1.993722,1.993722,1.996822,0.425854,0.000000,1.243,1.242,1.242,1.241,1.240,1.240,0.932,1.240,1.240,1.241,1.242,1.242,
10,241,29,1155,16.5682,0.0000,0.0000,-1.0000,0.0000,3000.0000,3000.0000,16.5682,0.0055,0.4252,0.4252,0.1500,4.0000,1.0000,1.2430,2.0000,0.145937,0.117407,0.145937,0.117407,0.117488,0.117488,"LINESTRING (-122.401642 37.789213, -122.401742 37.78911299999999)",16.568161,-1.000000,0.005523,7.497239,7.500000,7.502761,0.932256,1.500000,1656.816109,268123135956.510925,1.243008,0.932256,2.000000,1.500000,1.241292,1.241292,1.242145,1.997239,1.997239,1.998612,0.425472,0.000000,1.243,1.243,1.242,1.242,1.242,1.242,0.932,1.242,1.242,1.242,1.242,1.243,
10,242,29,1156,14.7621,0.0000,0.0000,-1.0000,0.0000,3000.0000,3000.0000,14.7621,0.0049,0.4252,0.4252,0.1500,4.0000,1.0000,1.2430,2.0000,0.130030,0.104609,0.130030,0.104609,0.104673,0.104673,"LINESTRING (-122.401642 37.789213, -122.401742 37.78911299999999)",14.762148,-1.000000,0.004921,7.497540,7.500000,7.502460,0.932256,1.500000,1476.214824,379232807573.394043,1.243008,0.932256,2.000000,1.500000,1.241479,1.241479,1.242240,1.997540,1.997540,1.998764,0.425440,0.000000,1.243,1.243,1.242,1.242,1.242,1.242,0.932,1.242,1.242,1.242,1.242,1.243,
10,243,29,1294,0.0000,0.0000,0.0000,-1.0000,0.0000,3000.0000,3000.0000,0.0000,0.0000,0.4252,0.4252,0.1500,4.0000,1.0000,1.2430,2.0000,0.000000,0.000000,0.000000,0.000000,0.000000,0.000000,"LINESTRING (-122.401642 37.789213, -122.401742 37.78911299999999)",0.000000,-1.000000,0.000000,7.500000,7.500000,7.500000,0.932256,1.500000,0.000000,nan,1.243008,0.932256,2.000000,1.500000,1.243008,1.243008,1.243008,2.000000,2.000000,2.000000,0.425177,0.000000,1.243,1.243,1.243,1.243,1.243,1.243,nan,1.243,1.243,1.243,1.243,1.243,
10,244,29,1295,0.2749,0.0000,0.0000,-1.0000,0.0000,3000.0000,3000.0000,0.2749,0.0001,0.4252,0.4252,0.1500,4.0000,1.0000,1.2430,2.0000,0.002422,0.001948,0.002422,0.001948,0.001948,0.001948,"LINESTRING (-122.401642 37.789213, -122.401742 37.78911299999999)",0.274944,-1.000000,0.000092,7.499954,7.500000,7.500046,0.932256,1.500000,27.494431,58911254755193296.000000,1.243008,0.932256,2.000000,1.500000,1.242980,1.242980,1.242994,1.999954,1.999954,1.999977,0.425182,0.000000,1.243,1.243,1.243,1.243,1.243,1.243,0.932,1.243,1.243,1.243,1.243,1.243,
10,245,29,1324,18.0063,0.0000,0.0000,-1.0000,0.0000,3000.0000,3000.0000,18.0063,0.0060,0.4252,0.4252,0.1500,4.0000,1.0000,1.2430,2.0000,0.158605,0.127598,0.158605,0.127598,0.127694,0.127694,"LINESTRING (-122.401642 37.789213, -122.401742 37.78911299999999)",18.006274,-1.000000,0.006002,7.496999,7.500000,7.503001,0.932256,1.500000,1800.627392,208798986139.974579,1.243008,0.932256,2.000000,1.500000,1.241143,1.241143,1.242070,1.996999,1.996999,1.998491,0.425498,0.000000,1.243,1.243,1.242,1.242,1.242,1.241,0.932,1.241,1.242,1.242,1.242,1.243,
10,246,29,1348,0.0000,0.0000,0.0000,-1.0000,0.0000,3000.0000,3000.0000,0.0000,0.0000,0.4252,0.4252,0.1500,4.0000,1.0000,1.2430,2.0000,0.000000,0.000000,0.000000,0.000000,0.000000,0.000000,"LINESTRING (-122.401642 37.789213, -122.401742 37.78911299999999)",0.000000,-1.000000,0.000000,7.500000,7.500000,7.500000,0.932256,1.500000,0.000000,nan,1.243008,0.932256,2.000000,1.500000,1.243008,1.243008,1.243008,2.000000,2.000000,2.000000,0.425177,0.000000,1.243,1.243,1.243,1.243,1.243,1.243,nan,1.243,1.243,1.243,1.243,1.243,
10,247,29,1372,18.0000,0.0000,0.0000,-1.0000,0.0000,3000.0000,3000.0000,18.0000,0.0060,0.4252,0.4252,0.1500,4.0000,1.0000,1.2430,2.0000,0.158550,0.127553,0.158550,0.127553,0.127649,0.127649,"LINESTRING (-122.401642 37.789213, -122.401742 37.78911299999999)",18.000000,-1.000000,0.006000,7.497000,7.500000,7.503000,0.932256,1.500000,1800.000000,209017723890.366699,1.243008,0.932256,2.000000,1.500000,1.241144,1.241144,1.242070,1.997000,1.997000,1.998491,0.425498,0.000000,1.243,1.243,1.242,1.242,1.242,1.241,0.932,1.241,1.242,1.242,1.242,1.243,
10,248,30,1228,2.3376,0.0000,0.0000,-1.0000,0.0000,3000.0000,3000.0000,2.3376,0.0008,0.4250,0.4250,0.1500,4.0000,1.0000,1.2430,2.0000,0.020581,0.016557,0.020581,0.016557,0.016559,0.016559,"LINESTRING (-122.283508 37.874032, -122.283608 37.873931999999996)",2.337567,-1.000000,0.000779,7.499610,7.500000,7.500390,0.932256,1.500000,233.756694,95768883113958.640625,1.243008,0.932256,2.000000,1.500000,1.242766,1.242766,1.242887,1.999610,1.999610,1.999805,0.425031,0.000000,1.243,1.243,1.243,1.243,1.243,1.243,0.932,1.243,1.243,1.243,1.243,1.243,
10,249,30,1229,1.3123,0.0000,0.0000,-1.0000,0.0000,3000.0000,3000.0000,1.3123,0.0004,0.4250,0.4250,0.1500,4.0000,1.0000,1.2430,2.0000,0.011554,0.009295,0.011554,0.009295,0.009296,0.009296,"LINESTRING (-122.283508 37.874032, -122.283608 37.873931999999996)",1.312318,-1.000000,0.000437,7.499781,7.500000,7.500219,0.932256,1.500000,131.231828,541390280013312.375000,1.243008,0.932256,2.000000,1.500000,1.242872,1.242872,1.242940,1.999781,1.999781,1.999891,0.425013,0.000000,1.243,1.243,1.243,1.243,1.243,1.243,0.932,1.243,1.243,1.243,1.243,1.243,
10,250,30,1230,3.3501,0.0000,0.0000,-1.0000,0.0000,3000.0000,3000.0000,3.3501,0.0011,0.4250,0.4250,0.1500,4.0000,1.0000,1.2430,2.0000,0.029496,0.023729,0.029496,0.023729,0.023733,0.023733,"LINESTRING (-122.283508 37.874032, -122.283608 37.873931999999996)",3.350115,-1.000000,0.001117,7.499442,7.500000,7.500558,0.932256,1.500000,335.011478,32525760926764.593750,1.243008,0.932256,2.000000,1.500000,1.242661,1.242661,1.242834,1.999442,1.999442,1.999721,0.425049,0.000000,1.243,1.243,1.243,1.243,1.243,1.243,0.932,1.243,1.243,1.243,1.243,1.243,
10,251,30,1260,33.6552,0.0000,0.0000,-1.0000,0.0000,3000.0000,3000.0000,33.6552,0.0112,0.4250,0.4250,0.1500,4.0000,1.0000,1.2430,2.0000,0.296314,0.238385,0.296314,0.238385,0.238723,0.238723,"LINESTRING (-122.283508 37.874032, -122.283608 37.873931999999996)",33.655175,-1.000000,0.011218,7.494391,7.500000,7.505609,0.932256,1.500000,3000.000000,28379481252.073627,1.243008,0.932256,2.000000,1.500000,1.239522,1.239522,1.241246,1.994391,1.994391,1.997164,0.425593,0.000000,1.243,1.242,1.242,1.241,1.241,1.240,0.932,1.240,1.241,1.241,1.242,1.242,
10,252,30,1349,154.3448,0.0000,0.0000,-1.0000,0.0000,3000.0000,3000.0000,154.3448,0.0514,0.4250,0.4250,0.1500,4.0000,1.0000,1.2430,2.0000,1.358917,1.093250,1.358917,1.093250,1.100691,1.100691,"LINESTRING (-122.283508 37.874032, -122.283608 37.873931999999996)",154.344825,-1.000000,0.051448,7.474276,7.500000,7.525724,0.932254,1.499997,3000.000000,62174202.448478,1.243008,0.932256,2.000000,1.500000,1.227020,1.227019,1.234603,1.974276,1.974274,1.986476,0.427883,0.000000,1.243,1.240,1.237,1.235,1.232,1.229,0.932,1.229,1.232,1.235,1.237,1.240,
10,253,30,1373,0.0000,0.0000,0.0000,-1.0000,0.0000,3000.0000,3000.0000,0.0000,0.0000,0.4250,0.4250,0.1500,4.0000,1.0000,1.2430,2.0000,0.000000,0.000000,0.000000,0.000000,0.000000,0.000000,"LINESTRING (-122.283508 37.874032, -122.283608 37.873931999999996)",0.000000,-1.000000,0.000000,7.500000,7.500000,7.500000,0.932256,1.500000,0.000000,nan,1.243008,0.932256,2.000000,1.500000,1.243008,1.243008,1.243008,2.000000,2.000000,2.000000,0.424989,0.000000,1.243,1.243,1.243,1.243,1.243,1.243,nan,1.243,1.243,1.243,1.243,1.243,
10,254,31,1044,58.0016,0.0000,0.0000,-1.0000,0.0000,3000.0000,3000.0000,58.0016,0.0193,0.4247,0.4247,0.1500,4.0000,1.0000,1.2430,2.0000,0.510326,0.410557,0.510326,0.410557,0.411571,0.411571,"LINESTRING (-122.024561 38.003407, -122.02466100000001 38.003307)",58.001622,-1.000000,0.019334,7.490333,7.500000,7.509667,0.932256,1.500000,3000.000000,3194946207.529302,1.243008,0.932256,2.000000,1.500000,1.237000,1.237000,1.239946,1.990333,1.990333,1.995073,0.425751,0.000000,1.243,1.242,1.241,1.240,1.239,1.238,0.932,1.238,1.239,1.240,1.241,1.242,
10,255,31,1045,87.9984,0.0000,0.0000,-1.0000,0.0000,3000.0000,3000.0000,87.9984,0.0293,0.4247,0.4247,0.1500,4.0000,1.0000,1.2430,2.0000,0.774252,0.622886,0.774252,0.622886,0.625245,0.625245,"LINESTRING (-122.024561 38.003407, -122.02466100000001 38.003307)",87.998378,-1.000000,0.029333,7.485334,7.500000,7.514666,0.932256,1.500000,3000.000000,598366349.265010,1.243008,0.932256,2.000000,1.500000,1.233893,1.233893,1.238317,1.985334,1.985333,1.992452,0.426312,0.000000,1.243,1.241,1.240,1.238,1.237,1.235,0.932,1.235,1.237,1.238,1.240,1.241,
10,256,31,1157,2.3145,0.0000,0.0000,-1.0000,0.0000,3000.0000,3000.0000,2.3145,0.0008,0.4247,0.4247,0.1500,4.0000,1.0000,1.2430,2.0000,0.020365,0.016383,0.020365,0.016383,0.016385,0.016385,"LINESTRING (-122.024561 38.003407, -122.02466100000001 38.003307)",2.314548,-1.000000,0.000772,7.499614,7.500000,7.500386,0.932256,1.500000,231.454804,98588744731890.000000,1.243008,0.932256,2.000000,1.500000,1.242768,1.242768,1.242888,1.999614,1.999614,1.999807,0.424744,0.000000,1.243,1.243,1.243,1.243,1.243,1.243,0.932,1.243,1.243,1.243,1.243,1.243,
10,257,31,1158,0.0000,0.0000,0.0000,-1.0000,0.0000,3000.0000,3000.0000,0.0000,0.0000,0.4247,0.4247,0.1500,4.0000,1.0000,1.2430,2.0000,0.000000,0.000000,0.000000,0.000000,0.000000,0.000000,"LINESTRING (-122.024561 38.003407, -122.02466100000001 38.003307)",0.000000,-1.000000,0.000000,7.500000,7.500000,7.500000,0.932256,1.500000,0.000000,nan,1.243008,0.932256,2.000000,1.500000,1.243008,1.243008,1.243008,2.000000,2.000000,2.000000,0.424703,0.000000,1.243,1.243,1.243,1.243,1.243,1.243,nan,1.243,1.243,1.243,1.243,1.243,
10,258,31,1159,0.6855,0.0000,0.0000,-1.0000,0.0000,3000.0000,3000.0000,0.6855,0.0002,0.4247,0.4247,0.1500,4.0000,1.0000,1.2430,2.0000,0.006031,0.004852,0.006031,0.004852,0.004852,0.004852,"LINESTRING (-122.024561 38.003407, -122.02466100000001 38.003307)",0.685452,-1.000000,0.000228,7.499886,7.500000,7.500114,0.932256,1.500000,68.545196,3797273295449784.500000,1.243008,0.932256,2.000000,1.500000,1.242937,1.242937,1.242973,1.999886,1.999886,1.999943,0.424715,0.000000,1.243,1.243,1.243,1.243,1.243,1.243,0.932,1.243,1.243,1.243,1.243,1.243,
10,259,32,1113,0.0000,0.0000,0.0000,-1.0000,0.0000,3000.0000,3000.0000,0.0000,0.0000,0.4253,0.4253,0.1500,4.0000,1.0000,1.2430,2.0000,0.000000,0.000000,0.000000,0.000000,0.000000,0.000000,"LINESTRING (-122.212237 37.713256, -122.212337 37.713156)",0.000000,-1.000000,0.000000,7.500000,7.500000,7.500000,0.932256,1.500000,0.000000,nan,1.243008,0.932256,2.000000,1.500000,1.243008,1.243008,1.243008,2.000000,2.000000,2.000000,0.425345,0.000000,1.243,1.243,1.243,1.243,1.243,1.243,nan,1.243,1.243,1.243,1.243,1.243,
10,260,32,1190,0.0000,0.0000,0.0000,-1.0000,0.0000,3000.0000,3000.0000,0.0000,0.0000,0.4253,0.4253,0.1500,4.0000,1.0000,1.2430,2.0000,0.000000,0.000000,0.000000,0.000000,0.000000,0.000000,"LINESTRING (-122.212237 37.713256, -122.212337 37.713156)",0.000000,-1.000000,0.000000,7.500000,7.500000,7.500000,0.932256,1.500000,0.000000,nan,1.243008,0.932256,2.000000,1.500000,1.243008,1.243008,1.243008,2.000000,2.000000,2.000000,0.425345,0.000000,1.243,1.243,1.243,1.243,1.243,1.243,nan,1.243,1.243,1.243,1.243,1.243,
10,261,33,1046,98.5062,0.0000,0.0000,-1.0000,0.0000,3000.0000,3000.0000,98.5062,0.0328,0.4250,0.4250,0.1500,4.0000,1.0000,1.2430,2.0000,0.867269,0.697718,0.867269,0.697718,0.700689,0.700689,"LINESTRING (-122.183717 37.878503, -122.183817 37.878403)",98.506163,-1.000000,0.032835,7.483582,7.500000,7.516418,0.932256,1.500000,3000.000000,380284637.152035,1.243008,0.932256,2.000000,1.500000,1.232804,1.232804,1.237739,1.983582,1.983582,1.991522,0.426789,0.000000,1.243,1.241,1.239,1.238,1.236,1.234,0.932,1.234,1.236,1.238,1.239,1.241,
10,262,33,1047,0.0000,0.0000,0.0000,-1.0000,0.0000,3000.0000,3000.0000,0.0000,0.0000,0.4250,0.4250,0.1500,4.0000,1.0000,1.2430,2.0000,0.000000,0.000000,0.000000,0.000000,0.000000,0.000000,"LINESTRING (-122.183717 37.878503, -122.183817 37.878403)",0.000000,-1.000000,0.000000,7.500000,7.500000,7.500000,0.932256,1.500000,0.000000,nan,1.243008,0.932256,2.000000,1.500000,1.243008,1.243008,1.243008,2.000000,2.000000,2.000000,0.424979,0.000000,1.243,1.243,1.243,1.243,1.243,1.243,nan,1.243,1.243,1.243,1.243,1.243,
10,263,33,1048,107.4938,0.0000,0.0000,-1.0000,0.0000,3000.0000,3000.0000,107.4938,0.0358,0.4250,0.4250,0.1500,4.0000,1.0000,1.2430,2.0000,0.946399,0.761378,0.946399,0.761378,0.764927,0.764927,"LINESTRING (-122.183717 37.878503, -122.183817 37.878403)",107.493837,-1.000000,0.035831,7.482084,7.500000,7.517916,0.932256,1.499999,3000.000000,267552566.660928,1.243008,0.932256,2.000000,1.500000,1.231873,1.231873,1.237241,1.982084,1.982084,1.990721,0.426960,0.000000,1.243,1.241,1.239,1.237,1.235,1.233,0.932,1.233,1.235,1.237,1.239,1.241,
10,264,33,1160,5.0018,0.0000,0.0000,-1.0000,0.0000,3000.0000,3000.0000,5.0018,0.0017,0.4250,0.4250,0.1500,4.0000,1.0000,1.2430,2.0000,0.044037,0.035428,0.044037,0.035428,0.035435,0.035435,"LINESTRING (-122.183717 37.878503, -122.183817 37.878403)",5.001814,-1.000000,0.001667,7.499166,7.500000,7.500834,0.932256,1.500000,500.181440,9768638642907.058594,1.243008,0.932256,2.000000,1.500000,1.242490,1.242490,1.242749,1.999166,1.999166,1.999583,0.425068,0.000000,1.243,1.243,1.243,1.243,1.243,1.243,0.932,1.243,1.243,1.243,1.243,1.243,
10,265,33,1161,0.9779,0.0000,0.0000,-1.0000,0.0000,3000.0000,3000.0000,0.9779,0.0003,0.4250,0.4250,0.1500,4.0000,1.0000,1.2430,2.0000,0.008610,0.006927,0.008610,0.006927,0.006927,0.006927,"LINESTRING (-122.183717 37.878503, -122.183817 37.878403)",0.977946,-1.000000,0.000326,7.499837,7.500000,7.500163,0.932256,1.500000,97.794565,1308308118330300.500000,1.243008,0.932256,2.000000,1.500000,1.242907,1.242907,1.242957,1.999837,1.999837,1.999919,0.424997,0.000000,1.243,1.243,1.243,1.243,1.243,1.243,0.932,1.243,1.243,1.243,1.243,1.243,
10,266,33,1162,1.0202,0.0000,0.0000,-1.0000,0.0000,3000.0000,3000.0000,1.0202,0.0003,0.4250,0.4250,0.1500,4.0000,1.0000,1.2430,2.0000,0.008982,0.007226,0.008982,0.007226,0.007227,0.007227,"LINESTRING (-122.183717 37.878503, -122.183817 37.878403)",1.020240,-1.000000,0.000340,7.499830,7.500000,7.500170,0.932256,1.500000,102.023995,1152239149697901.750000,1.243008,0.932256,2.000000,1.500000,1.242902,1.242902,1.242955,1.999830,1.999830,1.999915,0.424998,0.000000,1.243,1.243,1.243,1.243,1.243,1.243,0.932,1.243,1.243,1.243,1.243,1.243,
10,267,34,1049,99.0000,0.0000,0.0000,-1.0000,0.0000,3000.0000,3000.0000,99.0000,0.0330,0.4247,0.4247,0.1500,4.0000,1.0000,1.2430,2.0000,0.870988,0.700710,0.870988,0.700710,0.703708,0.703708,"LINESTRING (-121.889011 38.016873, -121.889111 38.01677299999999)",99.000000,-1.000000,0.033000,7.483500,7.500000,7.516500,0.932256,1.500000,3000.000000,372436413.144909,1.243008,0.932256,2.000000,1.500000,1.232753,1.232753,1.237712,1.983500,1.983500,1.991478,0.426490,0.000000,1.243,1.241,1.239,1.238,1.236,1.234,0.932,1.234,1.236,1.238,1.239,1.241,
10,268,34,1163,0.4229,0.0000,0.0000,-1.0000,0.0000,3000.0000,3000.0000,0.4229,0.0001,0.4247,0.4247,0.1500,4.0000,1.0000,1.2430,2.0000,0.003720,0.002993,0.003720,0.002993,0.002993,0.002993,"LINESTRING (-121.889011 38.016873, -121.889111 38.01677299999999)",0.422866,-1.000000,0.000141,7.499930,7.500000,7.500070,0.932256,1.500000,42.286636,16173033311093638.000000,1.243008,0.932256,2.000000,1.500000,1.242964,1.242964,1.242986,1.999930,1.999930,1.999965,0.424680,0.000000,1.243,1.243,1.243,1.243,1.243,1.243,0.932,1.243,1.243,1.243,1.243,1.243,
10,269,34,1164,0.5771,0.0000,0.0000,-1.0000,0.0000,3000.0000,3000.0000,0.5771,0.0002,0.4247,0.4247,0.1500,4.0000,1.0000,1.2430,2.0000,0.005078,0.004085,0.005078,0.004085,0.004085,0.004085,"LINESTRING (-121.889011 38.016873, -121.889111 38.01677299999999)",0.577134,-1.000000,0.000192,7.499904,7.500000,7.500096,0.932256,1.500000,57.713364,6361432981733505.000000,1.243008,0.932256,2.000000,1.500000,1.242948,1.242948,1.242978,1.999904,1.999904,1.999952,0.424683,0.000000,1.243,1.243,1.243,1.243,1.243,1.243,0.932,1.243,1.243,1.243,1.243,1.243,
10,270,35,1050,64.4961,0.0000,0.0000,-1.0000,0.0000,3000.0000,3000.0000,64.4961,0.0215,0.4249,0.4249,0.1500,4.0000,1.0000,1.2430,2.0000,0.567690,0.456706,0.567690,0.456706,0.457964,0.457964,"LINESTRING (-122.056015 37.928463, -122.056115 37.928363)",64.496109,-1.000000,0.021499,7.489251,7.500000,7.510749,0.932256,1.500000,3000.000000,2087067339.934232,1.243008,0.932256,2.000000,1.500000,1.236327,1.236327,1.239596,1.989251,1.989251,1.994510,0.426038,0.000000,1.243,1.242,1.241,1.240,1.238,1.237,0.932,1.237,1.238,1.240,1.241,1.242,
10,271,35,1051,142.0061,0.0000,0.0000,-1.0000,0.0000,3000.0000,3000.0000,142.0061,0.0473,0.4249,0.4249,0.1500,4.0000,1.0000,1.2430,2.0000,1.249927,1.005567,1.249927,1.005567,1.011837,1.011837,"LINESTRING (-122.056015 37.928463, -122.056115 37.928363)",142.006142,-1.000000,0.047335,7.476332,7.500000,7.523668,0.932255,1.499998,3000.000000,87026718.033289,1.243008,0.932256,2.000000,1.500000,1.228299,1.228298,1.235305,1.976332,1.976331,1.987606,0.427518,0.000000,1.243,1.240,1.238,1.235,1.233,1.230,0.932,1.230,1.233,1.235,1.238,1.240,
10,272,35,1052,231.4977,0.0000,0.0000,-1.0000,0.0000,3000.0000,3000.0000,231.4977,0.0772,0.4249,0.4249,0.1500,4.0000,1.0000,1.2430,2.0000,2.037625,1.639278,2.037625,1.639278,1.656481,1.656481,"LINESTRING (-122.056015 37.928463, -122.056115 37.928363)",231.497749,-1.000000,0.077166,7.461417,7.500000,7.538583,0.932247,1.499985,3000.000000,12027725.765576,1.243008,0.932256,2.000000,1.500000,1.219029,1.219022,1.230093,1.961417,1.961407,1.979219,0.429330,0.000000,1.243,1.239,1.234,1.230,1.226,1.221,0.932,1.221,1.226,1.230,1.234,1.239,
10,273,35,1165,7.0000,0.0000,0.0000,-1.0000,0.0000,3000.0000,3000.0000,7.0000,0.0023,0.4249,0.4249,0.1500,4.0000,1.0000,1.2430,2.0000,0.061613,0.049568,0.061613,0.049568,0.049583,0.049583,"LINESTRING (-122.056015 37.928463, -122.056115 37.928363)",7.000000,-1.000000,0.002333,7.498833,7.500000,7.501167,0.932256,1.500000,700.000000,3561164361049.067383,1.243008,0.932256,2.000000,1.500000,1.242283,1.242283,1.242645,1.998833,1.998833,1.999415,0.424993,0.000000,1.243,1.243,1.243,1.243,1.243,1.242,0.932,1.242,1.243,1.243,1.243,1.243,
10,274,35,1166,4.4740,0.0000,0.0000,-1.0000,0.0000,3000.0000,3000.0000,4.4740,0.0015,0.4249,0.4249,0.1500,4.0000,1.0000,1.2430,2.0000,0.039380,0.031681,0.039380,0.031681,0.031687,0.031687,"LINESTRING (-122.056015 37.928463, -122.056115 37.928363)",4.474032,-1.000000,0.001491,7.499254,7.500000,7.500746,0.932256,1.500000,447.403177,13647837958886.835938,1.243008,0.932256,2.000000,1.500000,1.242545,1.242545,1.242776,1.999254,1.999254,1.999627,0.424948,0.000000,1.243,1.243,1.243,1.243,1.243,1.243,0.932,1.243,1.243,1.243,1.243,1.243,
10,275,35,1167,3.5260,0.0000,0.0000,-1.0000,0.0000,3000.0000,3000.0000,3.5260,0.0012,0.4249,0.4249,0.1500,4.0000,1.0000,1.2430,2.0000,0.031035,0.024968,0.031035,0.024968,0.024972,0.024972,"LINESTRING (-122.056015 37.928463, -122.056115 37.928363)",3.525968,-1.000000,0.001175,7.499412,7.500000,7.500588,0.932256,1.500000,352.596823,27888744998149.156250,1.243008,0.932256,2.000000,1.500000,1.242643,1.242643,1.242825,1.999412,1.999412,1.999706,0.424931,0.000000,1.243,1.243,1.243,1.243,1.243,1.243,0.932,1.243,1.243,1.243,1.243,1.243,
10,276,36,1053,161.3784,0.0000,0.0000,-1.0000,0.0000,3000.0000,3000.0000,161.3784,0.0538,0.4247,0.4247,0.1500,4.0000,1.0000,1.2430,2.0000,1.419770,1.142206,1.419770,1.142206,1.150356,1.150356,"LINESTRING (-121.944248 38.01895, -121.944348 38.01884999999999)",161.378447,-1.000000,0.053793,7.473104,7.500000,7.526896,0.932254,1.499997,3000.000000,51886195.725327,1.243008,0.932256,2.000000,1.500000,1.226292,1.226290,1.234200,1.973104,1.973101,1.985828,0.427699,0.000000,1.243,1.240,1.237,1.234,1.231,1.228,0.932,1.228,1.231,1.234,1.237,1.240,
10,277,36,1054,293.6216,0.0000,0.0000,-1.0000,0.0000,3000.0000,3000.0000,293.6216,0.0979,0.4247,0.4247,0.1500,4.0000,1.0000,1.2430,2.0000,2.583213,2.078224,2.583213,2.078224,2.106491,2.106491,"LINESTRING (-121.944248 38.01895, -121.944348 38.01884999999999)",293.621553,-1.000000,0.097874,7.451063,7.500000,7.548937,0.932232,1.499961,3000.000000,4565475.869852,1.243008,0.932256,2.000000,1.500000,1.212594,1.212577,1.226311,1.951063,1.951036,1.973134,0.430450,0.000000,1.243,1.237,1.232,1.226,1.221,1.215,0.932,1.215,1.221,1.226,1.232,1.237,
10,278,36,1168,0.0000,0.0000,0.0000,-1.0000,0.0000,3000.0000,3000.0000,0.0000,0.0000,0.4247,0.4247,0.1500,4.0000,1.0000,1.2430,2.0000,0.000000,0.000000,0.000000,0.000000,0.000000,0.000000,"LINESTRING (-121.944248 38.01895, -121.944348 38.01884999999999)",0.000000,-1.000000,0.000000,7.500000,7.500000,7.500000,0.932256,1.500000,0.000000,nan,1.243008,0.932256,2.000000,1.500000,1.243008,1.243008,1.243008,2.000000,2.000000,2.000000,0.424668,0.000000,1.243,1.243,1.243,1.243,1.243,1.243,nan,1.243,1.243,1.243,1.243,1.243,
10,279,36,1169,0.7890,0.0000,0.0000,-1.0000,0.0000,3000.0000,3000.0000,0.7890,0.0003,0.4247,0.4247,0.1500,4.0000,1.0000,1.2430,2.0000,0.006941,0.005584,0.006941,0.005584,0.005584,0.005584,"LINESTRING (-121.944248 38.01895, -121.944348 38.01884999999999)",0.788970,-1.000000,0.000263,7.499869,7.500000,7.500131,0.932256,1.500000,78.897002,2489859900839210.500000,1.243008,0.932256,2.000000,1.500000,1.242926,1.242926,1.242967,1.999869,1.999869,1.999934,0.424682,0.000000,1.243,1.243,1.243,1.243,1.243,1.243,0.932,1.243,1.243,1.243,1.243,1.243,
10,280,36,1170,1.2110,0.0000,0.0000,-1.0000,0.0000,3000.0000,3000.0000,1.2110,0.0004,0.4247,0.4247,0.1500,4.0000,1.0000,1.2430,2.0000,0.010654,0.008571,0.010654,0.008571,0.008572,0.008572,"LINESTRING (-121.944248 38.01895, -121.944348 38.01884999999999)",1.211030,-1.000000,0.000404,7.499798,7.500000,7.500202,0.932256,1.500000,121.102998,688407957652970.625000,1.243008,0.932256,2.000000,1.500000,1.242883,1.242883,1.242945,1.999798,1.999798,1.999899,0.424689,0.000000,1.243,1.243,1.243,1.243,1.243,1.243,0.932,1.243,1.243,1.243,1.243,1.243,
10,281,37,1231,0.0000,0.0000,0.0000,-1.0000,0.0000,3000.0000,3000.0000,0.0000,0.0000,0.4249,0.4249,0.1500,4.0000,1.0000,1.2430,2.0000,0.000000,0.000000,0.000000,0.000000,0.000000,0.000000,"LINESTRING (-122.298895 37.902633, -122.298995 37.902533)",0.000000,-1.000000,0.000000,7.500000,7.500000,7.500000,0.932256,1.500000,0.000000,nan,1.243008,0.932256,2.000000,1.500000,1.243008,1.243008,1.243008,2.000000,2.000000,2.000000,0.424926,0.000000,1.243,1.243,1.243,1.243,1.243,1.243,nan,1.243,1.243,1.243,1.243,1.243,
10,282,37,1232,0.0000,0.0000,0.0000,-1.0000,0.0000,3000.0000,3000.0000,0.0000,0.0000,0.4249,0.4249,0.1500,4.0000,1.0000,1.2430,2.0000,0.000000,0.000000,0.000000,0.000000,0.000000,0.000000,"LINESTRING (-122.298895 37.902633, -122.298995 37.902533)",0.000000,-1.000000,0.000000,7.500000,7.500000,7.500000,0.932256,1.500000,0.000000,nan,1.243008,0.932256,2.000000,1.500000,1.243008,1.243008,1.243008,2.000000,2.000000,2.000000,0.424926,0.000000,1.243,1.243,1.243,1.243,1.243,1.243,nan,1.243,1.243,1.243,1.243,1.243,
10,283,37,1233,0.0000,0.0000,0.0000,-1.0000,0.0000,3000.0000,3000.0000,0.0000,0.0000,0.4249,0.4249,0.1500,4.0000,1.0000,1.2430,2.0000,0.000000,0.000000,0.000000,0.000000,0.000000,0.000000,"LINESTRING (-122.298895 37.902633, -122.298995 37.902533)",0.000000,-1.000000,0.000000,7.500000,7.500000,7.500000,0.932256,1.500000,0.000000,nan,1.243008,0.932256,2.000000,1.500000,1.243008,1.243008,1.243008,2.000000,2.000000,2.000000,0.424926,0.000000,1.243,1.243,1.243,1.243,1.243,1.243,nan,1.243,1.243,1.243,1.243,1.243,
10,284,37,1261,80.9855,0.0000,0.0000,-1.0000,0.0000,3000.0000,3000.0000,80.9855,0.0270,0.4249,0.4249,0.1500,4.0000,1.0000,1.2430,2.0000,0.712924,0.573547,0.712924,0.573547,0.575542,0.575542,"LINESTRING (-122.298895 37.902633, -122.298995 37.902533)",80.985485,-1.000000,0.026995,7.486502,7.500000,7.513498,0.932256,1.500000,3000.000000,836092715.503806,1.243008,0.932256,2.000000,1.500000,1.234619,1.234619,1.238701,1.986503,1.986502,1.993069,0.426404,0.000000,1.243,1.242,1.240,1.239,1.237,1.236,0.932,1.236,1.237,1.239,1.240,1.242,
10,285,37,1350,158.0145,0.0000,0.0000,-1.0000,0.0000,3000.0000,3000.0000,158.0145,0.0527,0.4249,0.4249,0.1500,4.0000,1.0000,1.2430,2.0000,1.391019,1.119076,1.391019,1.119076,1.126885,1.126885,"LINESTRING (-122.298895 37.902633, -122.298995 37.902533)",158.014515,-1.000000,0.052672,7.473664,7.500000,7.526336,0.932254,1.499997,3000.000000,56532778.331893,1.243008,0.932256,2.000000,1.500000,1.226640,1.226639,1.234393,1.973664,1.973662,1.986139,0.427892,0.000000,1.243,1.240,1.237,1.234,1.231,1.229,0.932,1.229,1.231,1.234,1.237,1.240,
10,286,37,1374,7.0000,0.0000,0.0000,-1.0000,0.0000,3000.0000,3000.0000,7.0000,0.0023,0.4249,0.4249,0.1500,4.0000,1.0000,1.2430,2.0000,0.061622,0.049575,0.061622,0.049575,0.049589,0.049589,"LINESTRING (-122.298895 37.902633, -122.298995 37.902533)",7.000000,-1.000000,0.002333,7.498833,7.500000,7.501167,0.932256,1.500000,700.000000,3561644116707.828613,1.243008,0.932256,2.000000,1.500000,1.242283,1.242283,1.242645,1.998833,1.998833,1.999415,0.425050,0.000000,1.243,1.243,1.243,1.243,1.243,1.242,0.932,1.242,1.243,1.243,1.243,1.243,
10,287,38,1055,35.7314,0.0000,0.0000,-1.0000,0.0000,3000.0000,3000.0000,35.7314,0.0119,0.4252,0.4252,0.1500,4.0000,1.0000,1.2430,2.0000,0.314741,0.253209,0.314741,0.253209,0.253591,0.253591,"LINESTRING (-122.407387 37.784645, -122.407487 37.784544999999994)",35.731380,-1.000000,0.011910,7.494045,7.500000,7.505955,0.932256,1.500000,3000.000000,22335008148.099506,1.243008,0.932256,2.000000,1.500000,1.239307,1.239307,1.241135,1.994045,1.994045,1.996987,0.425829,0.000000,1.243,1.242,1.242,1.241,1.241,1.240,0.932,1.240,1.241,1.241,1.242,1.242,
10,288,38,1056,24.2710,0.0000,0.0000,-1.0000,0.0000,3000.0000,3000.0000,24.2710,0.0081,0.4252,0.4252,0.1500,4.0000,1.0000,1.2430,2.0000,0.213791,0.171995,0.213791,0.171995,0.172171,0.172171,"LINESTRING (-122.407387 37.784645, -122.407487 37.784544999999994)",24.270964,-1.000000,0.008090,7.495955,7.500000,7.504045,0.932256,1.500000,2427.096368,85126149320.919907,1.243008,0.932256,2.000000,1.500000,1.240494,1.240494,1.241741,1.995955,1.995955,1.997961,0.425621,0.000000,1.243,1.243,1.242,1.242,1.241,1.241,0.932,1.241,1.241,1.242,1.242,1.243,
10,289,38,1057,29.4904,0.0000,0.0000,-1.0000,0.0000,3000.0000,3000.0000,29.4904,0.0098,0.4252,0.4252,0.1500,4.0000,1.0000,1.2430,2.0000,0.259767,0.208982,0.259767,0.208982,0.209242,0.209242,"LINESTRING (-122.407387 37.784645, -122.407487 37.784544999999994)",29.490387,-1.000000,0.009830,7.495085,7.500000,7.504915,0.932256,1.500000,2949.038724,47392489943.226006,1.243008,0.932256,2.000000,1.500000,1.239953,1.239953,1.241466,1.995085,1.995085,1.997518,0.425715,0.000000,1.243,1.242,1.242,1.241,1.241,1.240,0.932,1.240,1.241,1.241,1.242,1.242,
10,290,38,1090,20.5073,0.0000,0.0000,-1.0000,0.0000,3000.0000,3000.0000,20.5073,0.0068,0.4252,0.4252,0.1500,4.0000,1.0000,1.2430,2.0000,0.180639,0.145324,0.180639,0.145324,0.145449,0.145449,"LINESTRING (-122.407387 37.784645, -122.407487 37.784544999999994)",20.507269,-1.000000,0.006836,7.496582,7.500000,7.503418,0.932256,1.500000,2050.726872,141258002822.626251,1.243008,0.932256,2.000000,1.500000,1.240884,1.240884,1.241939,1.996582,1.996582,1.998279,0.425553,0.000000,1.243,1.243,1.242,1.242,1.242,1.241,0.932,1.241,1.242,1.242,1.242,1.243,
10,291,38,1108,13.3267,0.0000,0.0000,-1.0000,0.0000,3000.0000,3000.0000,13.3267,0.0044,0.4252,0.4252,0.1500,4.0000,1.0000,1.2430,2.0000,0.117388,0.094439,0.117388,0.094439,0.094492,0.094492,"LINESTRING (-122.407387 37.784645, -122.407487 37.784544999999994)",13.326681,-1.000000,0.004442,7.497779,7.500000,7.502221,0.932256,1.500000,1332.668052,515650827308.153564,1.243008,0.932256,2.000000,1.500000,1.241628,1.241628,1.242315,1.997779,1.997779,1.998885,0.425424,0.000000,1.243,1.243,1.243,1.242,1.242,1.242,0.932,1.242,1.242,1.242,1.243,1.243,
10,292,38,1171,38.0411,0.0000,0.0000,-1.0000,0.0000,3000.0000,3000.0000,38.0411,0.0127,0.4252,0.4252,0.1500,4.0000,1.0000,1.2430,2.0000,0.335086,0.269576,0.335086,0.269576,0.270010,0.270010,"LINESTRING (-122.407387 37.784645, -122.407487 37.784544999999994)",38.041101,-1.000000,0.012680,7.493660,7.500000,7.506340,0.932256,1.500000,3000.000000,17374740309.982574,1.243008,0.932256,2.000000,1.500000,1.239068,1.239068,1.241013,1.993660,1.993660,1.996790,0.425871,0.000000,1.243,1.242,1.242,1.241,1.240,1.240,0.932,1.240,1.240,1.241,1.242,1.242,
10,293,38,1172,9.8800,0.0000,0.0000,-1.0000,0.0000,3000.0000,3000.0000,9.8800,0.0033,0.4252,0.4252,0.1500,4.0000,1.0000,1.2430,2.0000,0.087028,0.070014,0.087028,0.070014,0.070043,0.070043,"LINESTRING (-122.407387 37.784645, -122.407487 37.784544999999994)",9.880031,-1.000000,0.003293,7.498353,7.500000,7.501647,0.932256,1.500000,988.003063,1266551453201.284668,1.243008,0.932256,2.000000,1.500000,1.241985,1.241985,1.242495,1.998353,1.998353,1.999174,0.425363,0.000000,1.243,1.243,1.243,1.242,1.242,1.242,0.932,1.242,1.242,1.242,1.243,1.243,
10,294,38,1173,4.1127,0.0000,0.0000,-1.0000,0.0000,3000.0000,3000.0000,4.1127,0.0014,0.4252,0.4252,0.1500,4.0000,1.0000,1.2430,2.0000,0.036227,0.029145,0.036227,0.029145,0.029150,0.029150,"LINESTRING (-122.407387 37.784645, -122.407487 37.784544999999994)",4.112712,-1.000000,0.001371,7.499315,7.500000,7.500685,0.932256,1.500000,411.271176,17584940400861.101562,1.243008,0.932256,2.000000,1.500000,1.242582,1.242582,1.242795,1.999315,1.999315,1.999657,0.425260,0.000000,1.243,1.243,1.243,1.243,1.243,1.243,0.932,1.243,1.243,1.243,1.243,1.243,
10,295,38,1296,0.0000,0.0000,0.0000,-1.0000,0.0000,3000.0000,3000.0000,0.0000,0.0000,0.4252,0.4252,0.1500,4.0000,1.0000,1.2430,2.0000,0.000000,0.000000,0.000000,0.000000,0.000000,0.000000,"LINESTRING (-122.407387 37.784645, -122.407487 37.784544999999994)",0.000000,-1.000000,0.000000,7.500000,7.500000,7.500000,0.932256,1.500000,0.000000,nan,1.243008,0.932256,2.000000,1.500000,1.243008,1.243008,1.243008,2.000000,2.000000,2.000000,0.425187,0.000000,1.243,1.243,1.243,1.243,1.243,1.243,nan,1.243,1.243,1.243,1.243,1.243,
10,296,38,1297,0.0000,0.0000,0.0000,-1.0000,0.0000,3000.0000,3000.0000,0.0000,0.0000,0.4252,0.4252,0.1500,4.0000,1.0000,1.2430,2.0000,0.000000,0.000000,0.000000,0.000000,0.000000,0.000000,"LINESTRING (-122.407387 37.784645, -122.407487 37.784544999999994)",0.000000,-1.000000,0.000000,7.500000,7.500000,7.500000,0.932256,1.500000,0.000000,nan,1.243008,0.932256,2.000000,1.500000,1.243008,1.243008,1.243008,2.000000,2.000000,2.000000,0.425187,0.000000,1.243,1.243,1.243,1.243,1.243,1.243,nan,1.243,1.243,1.243,1.243,1.243,
10,297,38,1325,33.2856,0.0000,0.0000,-1.0000,0.0000,3000.0000,3000.0000,33.2856,0.0111,0.4252,0.4252,0.1500,4.0000,1.0000,1.2430,2.0000,0.293197,0.235877,0.293197,0.235877,0.236208,0.236208,"LINESTRING (-122.407387 37.784645, -122.407487 37.784544999999994)",33.285580,-1.000000,0.011095,7.494452,7.500000,7.505548,0.932256,1.500000,3000.000000,29677696622.923256,1.243008,0.932256,2.000000,1.500000,1.239560,1.239560,1.241265,1.994452,1.994452,1.997196,0.425784,0.000000,1.243,1.242,1.242,1.241,1.241,1.240,0.932,1.240,1.241,1.241,1.242,1.242,
10,298,38,1351,3.0000,0.0000,0.0000,-1.0000,0.0000,3000.0000,3000.0000,3.0000,0.0010,0.4252,0.4252,0.1500,4.0000,1.0000,1.2430,2.0000,0.026426,0.021259,0.026426,0.021259,0.021262,0.021262,"LINESTRING (-122.407387 37.784645, -122.407487 37.784544999999994)",3.000000,-1.000000,0.001000,7.499500,7.500000,7.500500,0.932256,1.500000,300.000000,45319274160250.828125,1.243008,0.932256,2.000000,1.500000,1.242697,1.242697,1.242853,1.999500,1.999500,1.999750,0.425240,0.000000,1.243,1.243,1.243,1.243,1.243,1.243,0.932,1.243,1.243,1.243,1.243,1.243,
10,299,38,1375,62.3539,0.0000,0.0000,-1.0000,0.0000,3000.0000,3000.0000,62.3539,0.0208,0.4252,0.4252,0.1500,4.0000,1.0000,1.2430,2.0000,0.549245,0.441868,0.549245,0.441868,0.443043,0.443043,"LINESTRING (-122.407387 37.784645, -122.407487 37.784544999999994)",62.353897,-1.000000,0.020785,7.489608,7.500000,7.510392,0.932256,1.500000,3000.000000,2392105643.148547,1.243008,0.932256,2.000000,1.500000,1.236549,1.236549,1.239712,1.989608,1.989608,1.994696,0.426318,0.000000,1.243,1.242,1.241,1.240,1.239,1.238,0.932,1.238,1.239,1.240,1.241,1.242,
10,300,39,1234,0.0000,0.0000,0.0000,-1.0000,0.0000,3000.0000,3000.0000,0.0000,0.0000,0.4249,0.4249,0.1500,4.0000,1.0000,1.2430,2.0000,0.000000,0.000000,0.000000,0.000000,0.000000,0.000000,"LINESTRING (-122.353004 37.936795, -122.353104 37.93669499999999)",0.000000,-1.000000,0.000000,7.500000,7.500000,7.500000,0.932256,1.500000,0.000000,nan,1.243008,0.932256,2.000000,1.500000,1.243008,1.243008,1.243008,2.000000,2.000000,2.000000,0.424850,0.000000,1.243,1.243,1.243,1.243,1.243,1.243,nan,1.243,1.243,1.243,1.243,1.243,
10,301,39,1235,0.0000,0.0000,0.0000,-1.0000,0.0000,3000.0000,3000.0000,0.0000,0.0000,0.4249,0.4249,0.1500,4.0000,1.0000,1.2430,2.0000,0.000000,0.000000,0.000000,0.000000,0.000000,0.000000,"LINESTRING (-122.353004 37.936795, -122.353104 37.93669499999999)",0.000000,-1.000000,0.000000,7.500000,7.500000,7.500000,0.932256,1.500000,0.000000,nan,1.243008,0.932256,2.000000,1.500000,1.243008,1.243008,1.243008,2.000000,2.000000,2.000000,0.424850,0.000000,1.243,1.243,1.243,1.243,1.243,1.243,nan,1.243,1.243,1.243,1.243,1.243,
10,302,39,1236,0.0000,0.0000,0.0000,-1.0000,0.0000,3000.0000,3000.0000,0.0000,0.0000,0.4249,0.4249,0.1500,4.0000,1.0000,1.2430,2.0000,0.000000,0.000000,0.000000,0.000000,0.000000,0.000000,"LINESTRING (-122.353004 37.936795, -122.353104 37.93669499999999)",0.000000,-1.000000,0.000000,7.500000,7.500000,7.500000,0.932256,1.500000,0.000000,nan,1.243008,0.932256,2.000000,1.500000,1.243008,1.243008,1.243008,2.000000,2.000000,2.000000,0.424850,0.000000,1.243,1.243,1.243,1.243,1.243,1.243,nan,1.243,1.243,1.243,1.243,1.243,
10,303,39,1262,135.6497,0.0000,0.0000,-1.0000,0.0000,3000.0000,3000.0000,135.6497,0.0452,0.4249,0.4249,0.1500,4.0000,1.0000,1.2430,2.0000,1.193926,0.960514,1.193926,0.960514,0.966222,0.966222,"LINESTRING (-122.353004 37.936795, -122.353104 37.93669499999999)",135.649732,-1.000000,0.045217,7.477392,7.500000,7.522608,0.932255,1.499998,3000.000000,104693121.475700,1.243008,0.932256,2.000000,1.500000,1.228957,1.228956,1.235665,1.977392,1.977391,1.988185,0.427375,0.000000,1.243,1.241,1.238,1.236,1.233,1.231,0.932,1.231,1.233,1.236,1.238,1.241,
10,304,39,1352,233.3503,0.0000,0.0000,-1.0000,0.0000,3000.0000,3000.0000,233.3503,0.0778,0.4249,0.4249,0.1500,4.0000,1.0000,1.2430,2.0000,2.053841,1.652324,2.053841,1.652324,1.669814,1.669814,"LINESTRING (-122.353004 37.936795, -122.353104 37.93669499999999)",233.350268,-1.000000,0.077783,7.461108,7.500000,7.538892,0.932247,1.499985,3000.000000,11643854.973498,1.243008,0.932256,2.000000,1.500000,1.218837,1.218830,1.229982,1.961108,1.961098,1.979041,0.429350,0.000000,1.243,1.239,1.234,1.230,1.226,1.221,0.932,1.221,1.226,1.230,1.234,1.239,
10,305,39,1376,0.0000,0.0000,0.0000,-1.0000,0.0000,3000.0000,3000.0000,0.0000,0.0000,0.4249,0.4249,0.1500,4.0000,1.0000,1.2430,2.0000,0.000000,0.000000,0.000000,0.000000,0.000000,0.000000,"LINESTRING (-122.353004 37.936795, -122.353104 37.93669499999999)",0.000000,-1.000000,0.000000,7.500000,7.500000,7.500000,0.932256,1.500000,0.000000,nan,1.243008,0.932256,2.000000,1.500000,1.243008,1.243008,1.243008,2.000000,2.000000,2.000000,0.424850,0.000000,1.243,1.243,1.243,1.243,1.243,1.243,nan,1.243,1.243,1.243,1.243,1.243,
10,306,40,1058,90.1294,0.0000,0.0000,-1.0000,0.0000,3000.0000,3000.0000,90.1294,0.0300,0.4251,0.4251,0.1500,4.0000,1.0000,1.2430,2.0000,0.793658,0.638498,0.793658,0.638498,0.640977,0.640977,"LINESTRING (-122.251271 37.844795, -122.251371 37.844694999999994)",90.129390,-1.000000,0.030043,7.484978,7.500000,7.515022,0.932256,1.500000,3000.000000,543900197.780661,1.243008,0.932256,2.000000,1.500000,1.233672,1.233672,1.238200,1.984979,1.984978,1.992264,0.426705,0.000000,1.243,1.241,1.240,1.238,1.237,1.235,0.932,1.235,1.237,1.238,1.240,1.241,
10,307,40,1059,71.4061,0.0000,0.0000,-1.0000,0.0000,3000.0000,3000.0000,71.4061,0.0238,0.4251,0.4251,0.1500,4.0000,1.0000,1.2430,2.0000,0.628785,0.505857,0.628785,0.505857,0.507403,0.507403,"LINESTRING (-122.251271 37.844795, -122.251371 37.844694999999994)",71.406056,-1.000000,0.023802,7.488099,7.500000,7.511901,0.932256,1.500000,3000.000000,1387227834.652720,1.243008,0.932256,2.000000,1.500000,1.235612,1.235612,1.239222,1.988099,1.988099,1.993908,0.426353,0.000000,1.243,1.242,1.240,1.239,1.238,1.237,0.932,1.237,1.238,1.239,1.240,1.242,
10,308,40,1060,85.4646,0.0000,0.0000,-1.0000,0.0000,3000.0000,3000.0000,85.4646,0.0285,0.4251,0.4251,0.1500,4.0000,1.0000,1.2430,2.0000,0.752580,0.605451,0.752580,0.605451,0.607677,0.607677,"LINESTRING (-122.251271 37.844795, -122.251371 37.844694999999994)",85.464554,-1.000000,0.028488,7.485756,7.500000,7.514244,0.932256,1.500000,3000.000000,673544578.415765,1.243008,0.932256,2.000000,1.500000,1.234155,1.234155,1.238456,1.985756,1.985756,1.992675,0.426617,0.000000,1.243,1.241,1.240,1.238,1.237,1.235,0.932,1.235,1.237,1.238,1.240,1.241,
10,309,40,1174,9.6679,0.0000,0.0000,-1.0000,0.0000,3000.0000,3000.0000,9.6679,0.0032,0.4251,0.4251,0.1500,4.0000,1.0000,1.2430,2.0000,0.085133,0.068490,0.085133,0.068490,0.068517,0.068517,"LINESTRING (-122.251271 37.844795, -122.251371 37.844694999999994)",9.667876,-1.000000,0.003223,7.498389,7.500000,7.501611,0.932256,1.500000,966.787627,1351423965842.550537,1.243008,0.932256,2.000000,1.500000,1.242007,1.242007,1.242506,1.998389,1.998389,1.999192,0.425226,0.000000,1.243,1.243,1.243,1.243,1.242,1.242,0.932,1.242,1.242,1.243,1.243,1.243,
10,310,40,1175,1.1396,0.0000,0.0000,-1.0000,0.0000,3000.0000,3000.0000,1.1396,0.0004,0.4251,0.4251,0.1500,4.0000,1.0000,1.2430,2.0000,0.010035,0.008073,0.010035,0.008073,0.008073,0.008073,"LINESTRING (-122.251271 37.844795, -122.251371 37.844694999999994)",1.139585,-1.000000,0.000380,7.499810,7.500000,7.500190,0.932256,1.500000,113.958535,826936817509486.250000,1.243008,0.932256,2.000000,1.500000,1.242890,1.242890,1.242949,1.999810,1.999810,1.999905,0.425074,0.000000,1.243,1.243,1.243,1.243,1.243,1.243,0.932,1.243,1.243,1.243,1.243,1.243,
10,311,40,1176,1.1925,0.0000,0.0000,-1.0000,0.0000,3000.0000,3000.0000,1.1925,0.0004,0.4251,0.4251,0.1500,4.0000,1.0000,1.2430,2.0000,0.010501,0.008448,0.010501,0.008448,0.008449,0.008449,"LINESTRING (-122.251271 37.844795, -122.251371 37.844694999999994)",1.192538,-1.000000,0.000398,7.499801,7.500000,7.500199,0.932256,1.500000,119.253838,721589256063447.125000,1.243008,0.932256,2.000000,1.500000,1.242885,1.242885,1.242946,1.999801,1.999801,1.999901,0.425075,0.000000,1.243,1.243,1.243,1.243,1.243,1.243,0.932,1.243,1.243,1.243,1.243,1.243,
10,312,41,1091,81.3542,0.0000,0.0000,-1.0000,0.0000,3000.0000,3000.0000,81.3542,0.0271,0.4253,0.4253,0.1500,4.0000,1.0000,1.2430,2.0000,0.716844,0.576701,0.716844,0.576701,0.578716,0.578716,"LINESTRING (-122.160713 37.721806, -122.160813 37.721706)",81.354179,-1.000000,0.027118,7.486441,7.500000,7.513559,0.932256,1.500000,3000.000000,821733585.139355,1.243008,0.932256,2.000000,1.500000,1.234581,1.234581,1.238680,1.986441,1.986441,1.993037,0.426812,0.000000,1.243,1.242,1.240,1.239,1.237,1.236,0.932,1.236,1.237,1.239,1.240,1.242,
10,313,41,1109,24.0000,0.0000,0.0000,-1.0000,0.0000,3000.0000,3000.0000,24.0000,0.0080,0.4253,0.4253,0.1500,4.0000,1.0000,1.2430,2.0000,0.211474,0.170130,0.211474,0.170130,0.170302,0.170302,"LINESTRING (-122.160713 37.721806, -122.160813 37.721706)",24.000000,-1.000000,0.008000,7.496000,7.500000,7.504000,0.932256,1.500000,2400.000000,88076880271.435852,1.243008,0.932256,2.000000,1.500000,1.240522,1.240522,1.241755,1.996000,1.996000,1.997984,0.425755,0.000000,1.243,1.243,1.242,1.242,1.241,1.241,0.932,1.241,1.241,1.242,1.242,1.243,
10,314,41,1237,34.1455,0.0000,0.0000,-1.0000,0.0000,3000.0000,3000.0000,34.1455,0.0114,0.4253,0.4253,0.1500,4.0000,1.0000,1.2430,2.0000,0.300870,0.242050,0.300870,0.242050,0.242399,0.242399,"LINESTRING (-122.160713 37.721806, -122.160813 37.721706)",34.145542,-1.000000,0.011382,7.494309,7.500000,7.505691,0.932256,1.500000,3000.000000,26801917764.249458,1.243008,0.932256,2.000000,1.500000,1.239471,1.239471,1.241220,1.994309,1.994309,1.997122,0.425939,0.000000,1.243,1.242,1.242,1.241,1.241,1.240,0.932,1.240,1.241,1.241,1.242,1.242,
10,315,41,1238,15.9353,0.0000,0.0000,-1.0000,0.0000,3000.0000,3000.0000,15.9353,0.0053,0.4253,0.4253,0.1500,4.0000,1.0000,1.2430,2.0000,0.140412,0.112962,0.140412,0.112962,0.113037,0.113037,"LINESTRING (-122.160713 37.721806, -122.160813 37.721706)",15.935293,-1.000000,0.005312,7.497344,7.500000,7.502656,0.932256,1.500000,1593.529342,301507697298.676697,1.243008,0.932256,2.000000,1.500000,1.241357,1.241357,1.242178,1.997344,1.997344,1.998665,0.425610,0.000000,1.243,1.243,1.242,1.242,1.242,1.242,0.932,1.242,1.242,1.242,1.242,1.243,
10,316,41,1239,26.9046,0.0000,0.0000,-1.0000,0.0000,3000.0000,3000.0000,26.9046,0.0090,0.4253,0.4253,0.1500,4.0000,1.0000,1.2430,2.0000,0.237068,0.190721,0.237068,0.190721,0.190937,0.190937,"LINESTRING (-122.160713 37.721806, -122.160813 37.721706)",26.904650,-1.000000,0.008968,7.495516,7.500000,7.504484,0.932256,1.500000,2690.464983,62473361498.056274,1.243008,0.932256,2.000000,1.500000,1.240221,1.240221,1.241602,1.995516,1.995516,1.997738,0.425808,0.000000,1.243,1.243,1.242,1.242,1.241,1.241,0.932,1.241,1.241,1.242,1.242,1.243,
10,317,41,1263,36.8163,0.0000,0.0000,-1.0000,0.0000,3000.0000,3000.0000,36.8163,0.0123,0.4253,0.4253,0.1500,4.0000,1.0000,1.2430,2.0000,0.324403,0.260982,0.324403,0.260982,0.261388,0.261388,"LINESTRING (-122.160713 37.721806, -122.160813 37.721706)",36.816264,-1.000000,0.012272,7.493864,7.500000,7.506136,0.932256,1.500000,3000.000000,19817492910.844074,1.243008,0.932256,2.000000,1.500000,1.239195,1.239195,1.241078,1.993864,1.993864,1.996894,0.425988,0.000000,1.243,1.242,1.242,1.241,1.240,1.240,0.932,1.240,1.240,1.241,1.242,1.242,
10,318,41,1298,139.1672,0.0000,0.0000,-1.0000,0.0000,3000.0000,3000.0000,139.1672,0.0464,0.4253,0.4253,0.1500,4.0000,1.0000,1.2430,2.0000,1.226257,0.986525,1.226257,0.986525,0.992546,0.992546,"LINESTRING (-122.160713 37.721806, -122.160813 37.721706)",139.167204,-1.000000,0.046389,7.476805,7.500000,7.523195,0.932255,1.499998,3000.000000,94520886.499393,1.243008,0.932256,2.000000,1.500000,1.228593,1.228592,1.235466,1.976806,1.976804,1.987865,0.427923,0.000000,1.243,1.240,1.238,1.235,1.233,1.230,0.932,1.230,1.233,1.235,1.238,1.240,
10,319,41,1299,68.4931,0.0000,0.0000,-1.0000,0.0000,3000.0000,3000.0000,68.4931,0.0228,0.4253,0.4253,0.1500,4.0000,1.0000,1.2430,2.0000,0.603520,0.485532,0.603520,0.485532,0.486953,0.486953,"LINESTRING (-122.160713 37.721806, -122.160813 37.721706)",68.493131,-1.000000,0.022831,7.488584,7.500000,7.511416,0.932256,1.500000,3000.000000,1640980534.651110,1.243008,0.932256,2.000000,1.500000,1.235913,1.235913,1.239380,1.988585,1.988584,1.994162,0.426571,0.000000,1.243,1.242,1.241,1.239,1.238,1.237,0.932,1.237,1.238,1.239,1.241,1.242,
10,320,41,1326,38.1837,0.0000,0.0000,-1.0000,0.0000,3000.0000,3000.0000,38.1837,0.0127,0.4253,0.4253,0.1500,4.0000,1.0000,1.2430,2.0000,0.336452,0.270676,0.336452,0.270676,0.271112,0.271112,"LINESTRING (-122.160713 37.721806, -122.160813 37.721706)",38.183736,-1.000000,0.012728,7.493636,7.500000,7.506364,0.932256,1.500000,3000.000000,17121550588.695435,1.243008,0.932256,2.000000,1.500000,1.239053,1.239053,1.241005,1.993636,1.993636,1.996778,0.426013,0.000000,1.243,1.242,1.242,1.241,1.240,1.240,0.932,1.240,1.240,1.241,1.242,1.242,
10,321,42,1061,1.6697,0.0000,0.0000,-1.0000,0.0000,3000.0000,3000.0000,1.6697,0.0006,0.4255,0.4255,0.1500,4.0000,1.0000,1.2430,2.0000,0.014719,0.011841,0.014719,0.011841,0.011842,0.011842,"LINESTRING (-122.416384 37.63772, -122.416484 37.63762)",1.669691,-1.000000,0.000557,7.499722,7.500000,7.500278,0.932256,1.500000,166.969067,263156855662075.843750,1.243008,0.932256,2.000000,1.500000,1.242835,1.242835,1.242922,1.999722,1.999722,1.999861,0.425541,0.000000,1.243,1.243,1.243,1.243,1.243,1.243,0.932,1.243,1.243,1.243,1.243,1.243,
10,322,42,1062,1.8942,0.0000,0.0000,-1.0000,0.0000,3000.0000,3000.0000,1.8942,0.0006,0.4255,0.4255,0.1500,4.0000,1.0000,1.2430,2.0000,0.016698,0.013433,0.016698,0.013433,0.013434,0.013434,"LINESTRING (-122.416384 37.63772, -122.416484 37.63762)",1.894167,-1.000000,0.000631,7.499684,7.500000,7.500316,0.932256,1.500000,189.416724,180236769633641.281250,1.243008,0.932256,2.000000,1.500000,1.242812,1.242812,1.242910,1.999684,1.999684,1.999842,0.425545,0.000000,1.243,1.243,1.243,1.243,1.243,1.243,0.932,1.243,1.243,1.243,1.243,1.243,
10,323,42,1063,1.4361,0.0000,0.0000,-1.0000,0.0000,3000.0000,3000.0000,1.4361,0.0005,0.4255,0.4255,0.1500,4.0000,1.0000,1.2430,2.0000,0.012660,0.010185,0.012660,0.010185,0.010186,0.010186,"LINESTRING (-122.416384 37.63772, -122.416484 37.63762)",1.436142,-1.000000,0.000479,7.499761,7.500000,7.500239,0.932256,1.500000,143.614209,413576541025029.625000,1.243008,0.932256,2.000000,1.500000,1.242859,1.242859,1.242934,1.999761,1.999761,1.999880,0.425537,0.000000,1.243,1.243,1.243,1.243,1.243,1.243,0.932,1.243,1.243,1.243,1.243,1.243,
10,324,42,1177,15.8907,0.0000,0.0000,-1.0000,0.0000,3000.0000,3000.0000,15.8907,0.0053,0.4255,0.4255,0.1500,4.0000,1.0000,1.2430,2.0000,0.140080,0.112694,0.140080,0.112694,0.112769,0.112769,"LINESTRING (-122.416384 37.63772, -122.416484 37.63762)",15.890655,-1.000000,0.005297,7.497352,7.500000,7.502648,0.932256,1.500000,1589.065467,304191931189.588867,1.243008,0.932256,2.000000,1.500000,1.241362,1.241362,1.242181,1.997352,1.997352,1.998669,0.425795,0.000000,1.243,1.243,1.242,1.242,1.242,1.242,0.932,1.242,1.242,1.242,1.242,1.243,
10,325,42,1178,116.4469,0.0000,0.0000,-1.0000,0.0000,3000.0000,3000.0000,116.4469,0.0388,0.4255,0.4255,0.1500,4.0000,1.0000,1.2430,2.0000,1.026508,0.825826,1.026508,0.825826,0.830009,0.830009,"LINESTRING (-122.416384 37.63772, -122.416484 37.63762)",116.446912,-1.000000,0.038816,7.480592,7.500000,7.519408,0.932256,1.499999,3000.000000,194069022.777554,1.243008,0.932256,2.000000,1.500000,1.230946,1.230946,1.236743,1.980592,1.980592,1.989919,0.427667,0.000000,1.243,1.241,1.239,1.237,1.235,1.233,0.932,1.233,1.235,1.237,1.239,1.241,
10,326,42,1353,0.0000,0.0000,0.0000,-1.0000,0.0000,3000.0000,3000.0000,0.0000,0.0000,0.4255,0.4255,0.1500,4.0000,1.0000,1.2430,2.0000,0.000000,0.000000,0.000000,0.000000,0.000000,0.000000,"LINESTRING (-122.416384 37.63772, -122.416484 37.63762)",0.000000,-1.000000,0.000000,7.500000,7.500000,7.500000,0.932256,1.500000,0.000000,nan,1.243008,0.932256,2.000000,1.500000,1.243008,1.243008,1.243008,2.000000,2.000000,2.000000,0.425512,0.000000,1.243,1.243,1.243,1.243,1.243,1.243,nan,1.243,1.243,1.243,1.243,1.243,
10,327,42,1377,7.6624,0.0000,0.0000,-1.0000,0.0000,3000.0000,3000.0000,7.6624,0.0026,0.4255,0.4255,0.1500,4.0000,1.0000,1.2430,2.0000,0.067546,0.054341,0.067546,0.054341,0.054358,0.054358,"LINESTRING (-122.416384 37.63772, -122.416484 37.63762)",7.662433,-1.000000,0.002554,7.498723,7.500000,7.501277,0.932256,1.500000,766.243306,2718759233117.862305,1.243008,0.932256,2.000000,1.500000,1.242214,1.242214,1.242610,1.998723,1.998723,1.999360,0.425648,0.000000,1.243,1.243,1.243,1.243,1.242,1.242,0.932,1.242,1.242,1.243,1.243,1.243,
10,328,43,1064,0.0000,0.0000,0.0000,-1.0000,0.0000,3000.0000,3000.0000,0.0000,0.0000,0.4256,0.4256,0.1500,4.0000,1.0000,1.2430,2.0000,0.000000,0.000000,0.000000,0.000000,0.000000,0.000000,"LINESTRING (-122.391895 37.616023, -122.39199500000001 37.615922999999995)",0.000000,-1.000000,0.000000,7.500000,7.500000,7.500000,0.932256,1.500000,0.000000,nan,1.243008,0.932256,2.000000,1.500000,1.243008,1.243008,1.243008,2.000000,2.000000,2.000000,0.425560,0.000000,1.243,1.243,1.243,1.243,1.243,1.243,nan,1.243,1.243,1.243,1.243,1.243,
10,329,43,1065,0.0000,0.0000,0.0000,-1.0000,0.0000,3000.0000,3000.0000,0.0000,0.0000,0.4256,0.4256,0.1500,4.0000,1.0000,1.2430,2.0000,0.000000,0.000000,0.000000,0.000000,0.000000,0.000000,"LINESTRING (-122.391895 37.616023, -122.39199500000001 37.615922999999995)",0.000000,-1.000000,0.000000,7.500000,7.500000,7.500000,0.932256,1.500000,0.000000,nan,1.243008,0.932256,2.000000,1.500000,1.243008,1.243008,1.243008,2.000000,2.000000,2.000000,0.425560,0.000000,1.243,1.243,1.243,1.243,1.243,1.243,nan,1.243,1.243,1.243,1.243,1.243,
10,330,43,1066,0.0000,0.0000,0.0000,-1.0000,0.0000,3000.0000,3000.0000,0.0000,0.0000,0.4256,0.4256,0.1500,4.0000,1.0000,1.2430,2.0000,0.000000,0.000000,0.000000,0.000000,0.000000,0.000000,"LINESTRING (-122.391895 37.616023, -122.39199500000001 37.615922999999995)",0.000000,-1.000000,0.000000,7.500000,7.500000,7.500000,0.932256,1.500000,0.000000,nan,1.243008,0.932256,2.000000,1.500000,1.243008,1.243008,1.243008,2.000000,2.000000,2.000000,0.425560,0.000000,1.243,1.243,1.243,1.243,1.243,1.243,nan,1.243,1.243,1.243,1.243,1.243,
10,331,43,1179,45.5709,0.0000,0.0000,-1.0000,0.0000,3000.0000,3000.0000,45.5709,0.0152,0.4256,0.4256,0.1500,4.0000,1.0000,1.2430,2.0000,0.401764,0.323219,0.401764,0.323219,0.323843,0.323843,"LINESTRING (-122.391895 37.616023, -122.39199500000001 37.615922999999995)",45.570926,-1.000000,0.015190,7.492405,7.500000,7.507595,0.932256,1.500000,3000.000000,8428058882.930229,1.243008,0.932256,2.000000,1.500000,1.238288,1.238288,1.240612,1.992405,1.992405,1.996145,0.426382,0.000000,1.243,1.242,1.241,1.241,1.240,1.239,0.932,1.239,1.240,1.241,1.241,1.242,
10,332,43,1180,7.4291,0.0000,0.0000,-1.0000,0.0000,3000.0000,3000.0000,7.4291,0.0025,0.4256,0.4256,0.1500,4.0000,1.0000,1.2430,2.0000,0.065496,0.052692,0.065496,0.052692,0.052708,0.052708,"LINESTRING (-122.391895 37.616023, -122.39199500000001 37.615922999999995)",7.429074,-1.000000,0.002476,7.498762,7.500000,7.501238,0.932256,1.500000,742.907420,2983602937191.885254,1.243008,0.932256,2.000000,1.500000,1.242239,1.242239,1.242622,1.998762,1.998762,1.999379,0.425692,0.000000,1.243,1.243,1.243,1.243,1.242,1.242,0.932,1.242,1.242,1.243,1.243,1.243,
10,333,43,1354,4.0000,0.0000,0.0000,-1.0000,0.0000,3000.0000,3000.0000,4.0000,0.0013,0.4256,0.4256,0.1500,4.0000,1.0000,1.2430,2.0000,0.035265,0.028371,0.035265,0.028371,0.028375,0.028375,"LINESTRING (-122.391895 37.616023, -122.39199500000001 37.615922999999995)",4.000000,-1.000000,0.001333,7.499333,7.500000,7.500667,0.932256,1.500000,400.000000,19131029248131.187500,1.243008,0.932256,2.000000,1.500000,1.242594,1.242594,1.242801,1.999333,1.999333,1.999666,0.425631,0.000000,1.243,1.243,1.243,1.243,1.243,1.243,0.932,1.243,1.243,1.243,1.243,1.243,
10,334,43,1378,6.0000,0.0000,0.0000,-1.0000,0.0000,3000.0000,3000.0000,6.0000,0.0020,0.4256,0.4256,0.1500,4.0000,1.0000,1.2430,2.0000,0.052897,0.042556,0.052897,0.042556,0.042567,0.042567,"LINESTRING (-122.391895 37.616023, -122.39199500000001 37.615922999999995)",6.000000,-1.000000,0.002000,7.499000,7.500000,7.501000,0.932256,1.500000,600.000000,5665613680354.842773,1.243008,0.932256,2.000000,1.500000,1.242387,1.242387,1.242697,1.999000,1.999000,1.999499,0.425666,0.000000,1.243,1.243,1.243,1.243,1.243,1.242,0.932,1.242,1.243,1.243,1.243,1.243,
10,335,44,1240,51.5112,0.0000,0.0000,-1.0000,0.0000,3000.0000,3000.0000,51.5112,0.0172,0.4255,0.4255,0.1500,4.0000,1.0000,1.2430,2.0000,0.454092,0.365317,0.454092,0.365317,0.366116,0.366116,"LINESTRING (-122.057158 37.634363, -122.057258 37.634263)",51.511203,-1.000000,0.017170,7.491415,7.500000,7.508585,0.932256,1.500000,3000.000000,5154335266.947018,1.243008,0.932256,2.000000,1.500000,1.237672,1.237672,1.240294,1.991415,1.991415,1.995634,0.426450,0.000000,1.243,1.242,1.241,1.240,1.239,1.238,0.932,1.238,1.239,1.240,1.241,1.242,
10,336,44,1241,0.0000,0.0000,0.0000,-1.0000,0.0000,3000.0000,3000.0000,0.0000,0.0000,0.4255,0.4255,0.1500,4.0000,1.0000,1.2430,2.0000,0.000000,0.000000,0.000000,0.000000,0.000000,0.000000,"LINESTRING (-122.057158 37.634363, -122.057258 37.634263)",0.000000,-1.000000,0.000000,7.500000,7.500000,7.500000,0.932256,1.500000,0.000000,nan,1.243008,0.932256,2.000000,1.500000,1.243008,1.243008,1.243008,2.000000,2.000000,2.000000,0.425519,0.000000,1.243,1.243,1.243,1.243,1.243,1.243,nan,1.243,1.243,1.243,1.243,1.243,
10,337,44,1242,24.4888,0.0000,0.0000,-1.0000,0.0000,3000.0000,3000.0000,24.4888,0.0082,0.4255,0.4255,0.1500,4.0000,1.0000,1.2430,2.0000,0.215878,0.173674,0.215878,0.173674,0.173853,0.173853,"LINESTRING (-122.057158 37.634363, -122.057258 37.634263)",24.488797,-1.000000,0.008163,7.495919,7.500000,7.504081,0.932256,1.500000,2448.879651,82934810181.819794,1.243008,0.932256,2.000000,1.500000,1.240471,1.240471,1.241729,1.995919,1.995919,1.997943,0.425957,0.000000,1.243,1.243,1.242,1.242,1.241,1.241,0.932,1.241,1.241,1.242,1.242,1.243,
10,338,44,1264,25.6114,0.0000,0.0000,-1.0000,0.0000,3000.0000,3000.0000,25.6114,0.0085,0.4255,0.4255,0.1500,4.0000,1.0000,1.2430,2.0000,0.225774,0.181636,0.225774,0.181636,0.181831,0.181831,"LINESTRING (-122.057158 37.634363, -122.057258 37.634263)",25.611379,-1.000000,0.008537,7.495731,7.500000,7.504269,0.932256,1.500000,2561.137945,72479819788.614166,1.243008,0.932256,2.000000,1.500000,1.240355,1.240355,1.241670,1.995732,1.995732,1.997848,0.425978,0.000000,1.243,1.243,1.242,1.242,1.241,1.241,0.932,1.241,1.241,1.242,1.242,1.243,
10,339,44,1300,87.7945,0.0000,0.0000,-1.0000,0.0000,3000.0000,3000.0000,87.7945,0.0293,0.4255,0.4255,0.1500,4.0000,1.0000,1.2430,2.0000,0.773944,0.622638,0.773944,0.622638,0.624991,0.624991,"LINESTRING (-122.057158 37.634363, -122.057258 37.634263)",87.794547,-1.000000,0.029265,7.485368,7.500000,7.514632,0.932256,1.500000,3000.000000,605135935.282424,1.243008,0.932256,2.000000,1.500000,1.233914,1.233914,1.238328,1.985368,1.985367,1.992470,0.427127,0.000000,1.243,1.241,1.240,1.238,1.237,1.235,0.932,1.235,1.237,1.238,1.240,1.241,
10,340,44,1301,30.2055,0.0000,0.0000,-1.0000,0.0000,3000.0000,3000.0000,30.2055,0.0101,0.4255,0.4255,0.1500,4.0000,1.0000,1.2430,2.0000,0.266273,0.214217,0.266273,0.214217,0.214489,0.214489,"LINESTRING (-122.057158 37.634363, -122.057258 37.634263)",30.205453,-1.000000,0.010068,7.494966,7.500000,7.505034,0.932256,1.500000,3000.000000,43831990649.178253,1.243008,0.932256,2.000000,1.500000,1.239879,1.239879,1.241428,1.994966,1.994966,1.997458,0.426061,0.000000,1.243,1.242,1.242,1.241,1.241,1.240,0.932,1.240,1.241,1.241,1.242,1.242,
10,341,44,1327,29.3886,0.0000,0.0000,-1.0000,0.0000,3000.0000,3000.0000,29.3886,0.0098,0.4255,0.4255,0.1500,4.0000,1.0000,1.2430,2.0000,0.259072,0.208424,0.259072,0.208424,0.208682,0.208682,"LINESTRING (-122.057158 37.634363, -122.057258 37.634263)",29.388621,-1.000000,0.009796,7.495102,7.500000,7.504898,0.932256,1.500000,2938.862055,47925158778.510368,1.243008,0.932256,2.000000,1.500000,1.239964,1.239964,1.241471,1.995102,1.995102,1.997527,0.426046,0.000000,1.243,1.242,1.242,1.241,1.241,1.240,0.932,1.240,1.241,1.241,1.242,1.242,
10,342,45,1067,2.0036,0.0000,0.0000,-1.0000,0.0000,3000.0000,3000.0000,2.0036,0.0007,0.4255,0.4255,0.1500,4.0000,1.0000,1.2430,2.0000,0.017660,0.014207,0.017660,0.014207,0.014209,0.014209,"LINESTRING (-122.444254 37.664437, -122.444354 37.664336999999996)",2.003629,-1.000000,0.000668,7.499666,7.500000,7.500334,0.932256,1.500000,200.362881,152256016329261.000000,1.243008,0.932256,2.000000,1.500000,1.242801,1.242801,1.242904,1.999666,1.999666,1.999833,0.425488,0.000000,1.243,1.243,1.243,1.243,1.243,1.243,0.932,1.243,1.243,1.243,1.243,1.243,
10,343,45,1068,2.2730,0.0000,0.0000,-1.0000,0.0000,3000.0000,3000.0000,2.2730,0.0008,0.4255,0.4255,0.1500,4.0000,1.0000,1.2430,2.0000,0.020034,0.016118,0.020034,0.016118,0.016119,0.016119,"LINESTRING (-122.444254 37.664437, -122.444354 37.664336999999996)",2.273001,-1.000000,0.000758,7.499621,7.500000,7.500379,0.932256,1.500000,227.300069,104279343069930.609375,1.243008,0.932256,2.000000,1.500000,1.242773,1.242773,1.242890,1.999621,1.999621,1.999811,0.425493,0.000000,1.243,1.243,1.243,1.243,1.243,1.243,0.932,1.243,1.243,1.243,1.243,1.243,
10,344,45,1069,1.7234,0.0000,0.0000,-1.0000,0.0000,3000.0000,3000.0000,1.7234,0.0006,0.4255,0.4255,0.1500,4.0000,1.0000,1.2430,2.0000,0.015190,0.012220,0.015190,0.012220,0.012221,0.012221,"LINESTRING (-122.444254 37.664437, -122.444354 37.664336999999996)",1.723371,-1.000000,0.000574,7.499713,7.500000,7.500287,0.932256,1.500000,172.337050,239287906064001.437500,1.243008,0.932256,2.000000,1.500000,1.242830,1.242830,1.242919,1.999713,1.999713,1.999856,0.425483,0.000000,1.243,1.243,1.243,1.243,1.243,1.243,0.932,1.243,1.243,1.243,1.243,1.243,
10,345,45,1181,13.3949,0.0000,0.0000,-1.0000,0.0000,3000.0000,3000.0000,13.3949,0.0045,0.4255,0.4255,0.1500,4.0000,1.0000,1.2430,2.0000,0.118063,0.094982,0.118063,0.094982,0.095035,0.095035,"LINESTRING (-122.444254 37.664437, -122.444354 37.664336999999996)",13.394907,-1.000000,0.004465,7.497768,7.500000,7.502232,0.932256,1.500000,1339.490651,508120164537.265564,1.243008,0.932256,2.000000,1.500000,1.241621,1.241621,1.242311,1.997768,1.997768,1.998879,0.425691,0.000000,1.243,1.243,1.243,1.242,1.242,1.242,0.932,1.242,1.242,1.242,1.243,1.243,
10,346,45,1182,175.2802,0.0000,0.0000,-1.0000,0.0000,3000.0000,3000.0000,175.2802,0.0584,0.4255,0.4255,0.1500,4.0000,1.0000,1.2430,2.0000,1.544924,1.242893,1.544924,1.242893,1.252574,1.252574,"LINESTRING (-122.444254 37.664437, -122.444354 37.664336999999996)",175.280227,-1.000000,0.058427,7.470787,7.500000,7.529213,0.932253,1.499995,3000.000000,37212076.100725,1.243008,0.932256,2.000000,1.500000,1.224852,1.224850,1.233399,1.970787,1.970783,1.984540,0.428767,0.000000,1.243,1.240,1.237,1.233,1.230,1.227,0.932,1.227,1.230,1.233,1.237,1.240,
10,347,45,1355,2.0000,0.0000,0.0000,-1.0000,0.0000,3000.0000,3000.0000,2.0000,0.0007,0.4255,0.4255,0.1500,4.0000,1.0000,1.2430,2.0000,0.017628,0.014182,0.017628,0.014182,0.014183,0.014183,"LINESTRING (-122.444254 37.664437, -122.444354 37.664336999999996)",2.000000,-1.000000,0.000667,7.499667,7.500000,7.500333,0.932256,1.500000,200.000000,153086421157212.906250,1.243008,0.932256,2.000000,1.500000,1.242801,1.242801,1.242904,1.999667,1.999667,1.999833,0.425488,0.000000,1.243,1.243,1.243,1.243,1.243,1.243,0.932,1.243,1.243,1.243,1.243,1.243,
10,348,45,1379,13.3249,0.0000,0.0000,-1.0000,0.0000,3000.0000,3000.0000,13.3249,0.0044,0.4255,0.4255,0.1500,4.0000,1.0000,1.2430,2.0000,0.117446,0.094485,0.117446,0.094485,0.094538,0.094538,"LINESTRING (-122.444254 37.664437, -122.444354 37.664336999999996)",13.324866,-1.000000,0.004442,7.497779,7.500000,7.502221,0.932256,1.500000,1332.486612,516184043062.542297,1.243008,0.932256,2.000000,1.500000,1.241628,1.241628,1.242315,1.997779,1.997779,1.998885,0.425690,0.000000,1.243,1.243,1.243,1.242,1.242,1.242,0.932,1.242,1.242,1.242,1.243,1.243,
10,349,46,1243,24.7114,0.0000,0.0000,-1.0000,0.0000,3000.0000,3000.0000,24.7114,0.0082,0.4256,0.4256,0.1500,4.0000,1.0000,1.2430,2.0000,0.217890,0.175293,0.217890,0.175293,0.175475,0.175475,"LINESTRING (-122.01723 37.590765, -122.01733 37.590664999999994)",24.711422,-1.000000,0.008237,7.495881,7.500000,7.504119,0.932256,1.500000,2471.142194,80727168769.717773,1.243008,0.932256,2.000000,1.500000,1.240448,1.240448,1.241718,1.995882,1.995882,1.997924,0.426058,0.000000,1.243,1.243,1.242,1.242,1.241,1.241,0.932,1.241,1.241,1.242,1.242,1.243,
10,350,46,1244,49.2886,0.0000,0.0000,-1.0000,0.0000,3000.0000,3000.0000,49.2886,0.0164,0.4256,0.4256,0.1500,4.0000,1.0000,1.2430,2.0000,0.434597,0.349633,0.434597,0.349633,0.350364,0.350364,"LINESTRING (-122.01723 37.590765, -122.01733 37.590664999999994)",49.288578,-1.000000,0.016430,7.491785,7.500000,7.508215,0.932256,1.500000,3000.000000,6153737011.206863,1.243008,0.932256,2.000000,1.500000,1.237903,1.237903,1.240413,1.991785,1.991785,1.995825,0.426506,0.000000,1.243,1.242,1.241,1.240,1.240,1.239,0.932,1.239,1.240,1.240,1.241,1.242,
10,351,46,1265,4.3412,0.0000,0.0000,-1.0000,0.0000,3000.0000,3000.0000,4.3412,0.0014,0.4256,0.4256,0.1500,4.0000,1.0000,1.2430,2.0000,0.038278,0.030795,0.038278,0.030795,0.030800,0.030800,"LINESTRING (-122.01723 37.590765, -122.01733 37.590664999999994)",4.341196,-1.000000,0.001447,7.499276,7.500000,7.500724,0.932256,1.500000,434.119575,14966145279538.035156,1.243008,0.932256,2.000000,1.500000,1.242558,1.242558,1.242783,1.999277,1.999277,1.999638,0.425693,0.000000,1.243,1.243,1.243,1.243,1.243,1.243,0.932,1.243,1.243,1.243,1.243,1.243,
10,352,46,1302,126.0000,0.0000,0.0000,-1.0000,0.0000,3000.0000,3000.0000,126.0000,0.0420,0.4256,0.4256,0.1500,4.0000,1.0000,1.2430,2.0000,1.110991,0.893793,1.110991,0.893793,0.898709,0.898709,"LINESTRING (-122.01723 37.590765, -122.01733 37.590664999999994)",126.000000,-1.000000,0.042000,7.479000,7.500000,7.521000,0.932255,1.499999,3000.000000,141253814.291517,1.243008,0.932256,2.000000,1.500000,1.229957,1.229956,1.236208,1.979000,1.978999,1.989059,0.427957,0.000000,1.243,1.241,1.238,1.236,1.234,1.232,0.932,1.232,1.234,1.236,1.238,1.241,
10,353,46,1328,18.6588,0.0000,0.0000,-1.0000,0.0000,3000.0000,3000.0000,18.6588,0.0062,0.4256,0.4256,0.1500,4.0000,1.0000,1.2430,2.0000,0.164522,0.132358,0.164522,0.132358,0.132462,0.132462,"LINESTRING (-122.01723 37.590765, -122.01733 37.590664999999994)",18.658804,-1.000000,0.006220,7.496890,7.500000,7.503110,0.932256,1.500000,1865.880425,187812563407.168518,1.243008,0.932256,2.000000,1.500000,1.241075,1.241075,1.242036,1.996890,1.996890,1.998436,0.425949,0.000000,1.243,1.243,1.242,1.242,1.242,1.241,0.932,1.241,1.242,1.242,1.242,1.243,
10,354,46,1329,0.0000,0.0000,0.0000,-1.0000,0.0000,3000.0000,3000.0000,0.0000,0.0000,0.4256,0.4256,0.1500,4.0000,1.0000,1.2430,2.0000,0.000000,0.000000,0.000000,0.000000,0.000000,0.000000,"LINESTRING (-122.01723 37.590765, -122.01733 37.590664999999994)",0.000000,-1.000000,0.000000,7.500000,7.500000,7.500000,0.932256,1.500000,0.000000,nan,1.243008,0.932256,2.000000,1.500000,1.243008,1.243008,1.243008,2.000000,2.000000,2.000000,0.425615,0.000000,1.243,1.243,1.243,1.243,1.243,1.243,nan,1.243,1.243,1.243,1.243,1.243,
10,355,47,1245,65.3358,0.0000,0.0000,-1.0000,0.0000,3000.0000,3000.0000,65.3358,0.0218,0.4258,0.4258,0.1500,4.0000,1.0000,1.2430,2.0000,0.576355,0.463677,0.576355,0.463677,0.464971,0.464971,"LINESTRING (-121.939358 37.502307, -121.939458 37.502207)",65.335753,-1.000000,0.021779,7.489111,7.500000,7.510889,0.932256,1.500000,3000.000000,1985796458.691079,1.243008,0.932256,2.000000,1.500000,1.236240,1.236240,1.239551,1.989111,1.989111,1.994437,0.426998,0.000000,1.243,1.242,1.241,1.240,1.238,1.237,0.932,1.237,1.238,1.240,1.241,1.242,
10,356,47,1266,1.6697,0.0000,0.0000,-1.0000,0.0000,3000.0000,3000.0000,1.6697,0.0006,0.4258,0.4258,0.1500,4.0000,1.0000,1.2430,2.0000,0.014729,0.011850,0.014729,0.011850,0.011850,0.011850,"LINESTRING (-121.939358 37.502307, -121.939458 37.502207)",1.669691,-1.000000,0.000557,7.499722,7.500000,7.500278,0.932256,1.500000,166.969067,263341521024497.187500,1.243008,0.932256,2.000000,1.500000,1.242835,1.242835,1.242922,1.999722,1.999722,1.999861,0.425840,0.000000,1.243,1.243,1.243,1.243,1.243,1.243,0.932,1.243,1.243,1.243,1.243,1.243,
10,357,47,1303,41.6642,0.0000,0.0000,-1.0000,0.0000,3000.0000,3000.0000,41.6642,0.0139,0.4258,0.4258,0.1500,4.0000,1.0000,1.2430,2.0000,0.367538,0.295684,0.367538,0.295684,0.296206,0.296206,"LINESTRING (-121.939358 37.502307, -121.939458 37.502207)",41.664247,-1.000000,0.013888,7.493056,7.500000,7.506944,0.932256,1.500000,3000.000000,12081269291.586832,1.243008,0.932256,2.000000,1.500000,1.238692,1.238692,1.240820,1.993056,1.993056,1.996480,0.426561,0.000000,1.243,1.242,1.242,1.241,1.240,1.239,0.932,1.239,1.240,1.241,1.242,1.242,
10,358,47,1330,12.3303,0.0000,0.0000,-1.0000,0.0000,3000.0000,3000.0000,12.3303,0.0041,0.4258,0.4258,0.1500,4.0000,1.0000,1.2430,2.0000,0.108771,0.087506,0.108771,0.087506,0.087551,0.087551,"LINESTRING (-121.939358 37.502307, -121.939458 37.502207)",12.330309,-1.000000,0.004110,7.497945,7.500000,7.502055,0.932256,1.500000,1233.030933,652145705557.677734,1.243008,0.932256,2.000000,1.500000,1.241731,1.241731,1.242367,1.997945,1.997945,1.998968,0.426030,0.000000,1.243,1.243,1.243,1.242,1.242,1.242,0.932,1.242,1.242,1.242,1.243,1.243,
10,359,47,1331,0.0000,0.0000,0.0000,-1.0000,0.0000,3000.0000,3000.0000,0.0000,0.0000,0.4258,0.4258,0.1500,4.0000,1.0000,1.2430,2.0000,0.000000,0.000000,0.000000,0.000000,0.000000,0.000000,"LINESTRING (-121.939358 37.502307, -121.939458 37.502207)",0.000000,-1.000000,0.000000,7.500000,7.500000,7.500000,0.932256,1.500000,0.000000,nan,1.243008,0.932256,2.000000,1.500000,1.243008,1.243008,1.243008,2.000000,2.000000,2.000000,0.425810,0.000000,1.243,1.243,1.243,1.243,1.243,1.243,nan,1.243,1.243,1.243,1.243,1.243,
10,360,48,1070,47.5902,0.0000,0.0000,-1.0000,0.0000,3000.0000,3000.0000,47.5902,0.0159,0.4249,0.4249,0.1500,4.0000,1.0000,1.2430,2.0000,0.418935,0.337033,0.418935,0.337033,0.337713,0.337713,"LINESTRING (-122.067379 37.905812, -122.067479 37.905711999999994)",47.590203,-1.000000,0.015863,7.492068,7.500000,7.507932,0.932256,1.500000,3000.000000,7071812912.128574,1.243008,0.932256,2.000000,1.500000,1.238079,1.238079,1.240504,1.992068,1.992068,1.995971,0.425777,0.000000,1.243,1.242,1.241,1.241,1.240,1.239,0.932,1.239,1.240,1.241,1.241,1.242,
10,361,48,1071,108.6335,0.0000,0.0000,-1.0000,0.0000,3000.0000,3000.0000,108.6335,0.0362,0.4249,0.4249,0.1500,4.0000,1.0000,1.2430,2.0000,0.956297,0.769341,0.956297,0.769341,0.772966,0.772966,"LINESTRING (-122.067379 37.905812, -122.067479 37.905711999999994)",108.633533,-1.000000,0.036211,7.481894,7.500000,7.518106,0.932256,1.499999,3000.000000,256387255.401573,1.243008,0.932256,2.000000,1.500000,1.231755,1.231755,1.237178,1.981895,1.981894,1.990619,0.426921,0.000000,1.243,1.241,1.239,1.237,1.235,1.233,0.932,1.233,1.235,1.237,1.239,1.241,
10,362,48,1072,167.7763,0.0000,0.0000,-1.0000,0.0000,3000.0000,3000.0000,167.7763,0.0559,0.4249,0.4249,0.1500,4.0000,1.0000,1.2430,2.0000,1.476928,1.188190,1.476928,1.188190,1.197025,1.197025,"LINESTRING (-122.067379 37.905812, -122.067479 37.905711999999994)",167.776263,-1.000000,0.055925,7.472037,7.500000,7.527963,0.932254,1.499996,3000.000000,44363308.067257,1.243008,0.932256,2.000000,1.500000,1.225629,1.225627,1.233833,1.972037,1.972034,1.985237,0.428079,0.000000,1.243,1.240,1.237,1.234,1.231,1.228,0.932,1.228,1.231,1.234,1.237,1.240,
10,363,48,1183,2.0036,0.0000,0.0000,-1.0000,0.0000,3000.0000,3000.0000,2.0036,0.0007,0.4249,0.4249,0.1500,4.0000,1.0000,1.2430,2.0000,0.017638,0.014190,0.017638,0.014190,0.014191,0.014191,"LINESTRING (-122.067379 37.905812, -122.067479 37.905711999999994)",2.003629,-1.000000,0.000668,7.499666,7.500000,7.500334,0.932256,1.500000,200.362881,152064954570687.843750,1.243008,0.932256,2.000000,1.500000,1.242801,1.242801,1.242904,1.999666,1.999666,1.999833,0.424954,0.000000,1.243,1.243,1.243,1.243,1.243,1.243,0.932,1.243,1.243,1.243,1.243,1.243,
10,364,48,1184,5.3291,0.0000,0.0000,-1.0000,0.0000,3000.0000,3000.0000,5.3291,0.0018,0.4249,0.4249,0.1500,4.0000,1.0000,1.2430,2.0000,0.046912,0.037740,0.046912,0.037740,0.037749,0.037749,"LINESTRING (-122.067379 37.905812, -122.067479 37.905711999999994)",5.329062,-1.000000,0.001776,7.499112,7.500000,7.500888,0.932256,1.500000,532.906192,8075455557043.062500,1.243008,0.932256,2.000000,1.500000,1.242456,1.242456,1.242732,1.999112,1.999112,1.999555,0.425013,0.000000,1.243,1.243,1.243,1.243,1.243,1.243,0.932,1.243,1.243,1.243,1.243,1.243,
10,365,48,1185,4.6673,0.0000,0.0000,-1.0000,0.0000,3000.0000,3000.0000,4.6673,0.0016,0.4249,0.4249,0.1500,4.0000,1.0000,1.2430,2.0000,0.041086,0.033054,0.041086,0.033054,0.033060,0.033060,"LINESTRING (-122.067379 37.905812, -122.067479 37.905711999999994)",4.667309,-1.000000,0.001556,7.499222,7.500000,7.500778,0.932256,1.500000,466.730928,12022411496509.396484,1.243008,0.932256,2.000000,1.500000,1.242525,1.242525,1.242766,1.999222,1.999222,1.999611,0.425002,0.000000,1.243,1.243,1.243,1.243,1.243,1.243,0.932,1.243,1.243,1.243,1.243,1.243,
10,366,49,1092,118.0000,0.0000,0.0000,-1.0000,0.0000,3000.0000,3000.0000,118.0000,0.0393,0.4254,0.4254,0.1500,4.0000,1.0000,1.2430,2.0000,1.039864,0.836571,1.039864,0.836571,0.840867,0.840867,"LINESTRING (-121.928301 37.69976, -121.92840100000001 37.699659999999994)",118.000000,-1.000000,0.039333,7.480333,7.500000,7.519667,0.932255,1.499999,3000.000000,183917519.840476,1.243008,0.932256,2.000000,1.500000,1.230785,1.230785,1.236656,1.980333,1.980333,1.989780,0.427560,0.000000,1.243,1.241,1.239,1.237,1.235,1.232,0.932,1.232,1.235,1.237,1.239,1.241,
10,367,49,1110,0.0000,0.0000,0.0000,-1.0000,0.0000,3000.0000,3000.0000,0.0000,0.0000,0.4254,0.4254,0.1500,4.0000,1.0000,1.2430,2.0000,0.000000,0.000000,0.000000,0.000000,0.000000,0.000000,"LINESTRING (-121.928301 37.69976, -121.92840100000001 37.699659999999994)",0.000000,-1.000000,0.000000,7.500000,7.500000,7.500000,0.932256,1.500000,0.000000,nan,1.243008,0.932256,2.000000,1.500000,1.243008,1.243008,1.243008,2.000000,2.000000,2.000000,0.425375,0.000000,1.243,1.243,1.243,1.243,1.243,1.243,nan,1.243,1.243,1.243,1.243,1.243,
10,368,50,1073,179.3248,0.0000,0.0000,-1.0000,0.0000,3000.0000,3000.0000,179.3248,0.0598,0.4251,0.4251,0.1500,4.0000,1.0000,1.2430,2.0000,1.579419,1.270645,1.579419,1.270645,1.280785,1.280785,"LINESTRING (-122.295144 37.804923, -122.295244 37.804823)",179.324778,-1.000000,0.059775,7.470113,7.500000,7.529887,0.932253,1.499995,3000.000000,33905033.949555,1.243008,0.932256,2.000000,1.500000,1.224433,1.224431,1.233165,1.970113,1.970109,1.984163,0.428536,0.000000,1.243,1.240,1.236,1.233,1.230,1.227,0.932,1.227,1.230,1.233,1.236,1.240,
10,369,50,1074,136.1749,0.0000,0.0000,-1.0000,0.0000,3000.0000,3000.0000,136.1749,0.0454,0.4251,0.4251,0.1500,4.0000,1.0000,1.2430,2.0000,1.199372,0.964896,1.199372,0.964896,0.970652,0.970652,"LINESTRING (-122.295144 37.804923, -122.295244 37.804823)",136.174859,-1.000000,0.045392,7.477304,7.500000,7.522696,0.932255,1.499998,3000.000000,103144060.628986,1.243008,0.932256,2.000000,1.500000,1.228903,1.228902,1.235635,1.977304,1.977303,1.988137,0.427679,0.000000,1.243,1.241,1.238,1.236,1.233,1.231,0.932,1.231,1.233,1.236,1.238,1.241,
10,370,50,1075,146.5151,0.0000,0.0000,-1.0000,0.0000,3000.0000,3000.0000,146.5151,0.0488,0.4251,0.4251,0.1500,4.0000,1.0000,1.2430,2.0000,1.290445,1.038164,1.290445,1.038164,1.044853,1.044853,"LINESTRING (-122.295144 37.804923, -122.295244 37.804823)",146.515145,-1.000000,0.048838,7.475581,7.500000,7.524419,0.932255,1.499998,3000.000000,76755657.178017,1.243008,0.932256,2.000000,1.500000,1.227832,1.227830,1.235049,1.975581,1.975579,1.987194,0.427882,0.000000,1.243,1.240,1.238,1.235,1.232,1.230,0.932,1.230,1.232,1.235,1.238,1.240,
10,371,50,1093,13.8633,0.0000,0.0000,-1.0000,0.0000,3000.0000,3000.0000,13.8633,0.0046,0.4251,0.4251,0.1500,4.0000,1.0000,1.2430,2.0000,0.122102,0.098231,0.122102,0.098231,0.098288,0.098288,"LINESTRING (-122.295144 37.804923, -122.295244 37.804823)",13.863325,-1.000000,0.004621,7.497689,7.500000,7.502311,0.932256,1.500000,1386.332487,457946831590.215515,1.243008,0.932256,2.000000,1.500000,1.241572,1.241572,1.242287,1.997690,1.997690,1.998839,0.425389,0.000000,1.243,1.243,1.243,1.242,1.242,1.242,0.932,1.242,1.242,1.242,1.243,1.243,
10,372,50,1111,15.6661,0.0000,0.0000,-1.0000,0.0000,3000.0000,3000.0000,15.6661,0.0052,0.4251,0.4251,0.1500,4.0000,1.0000,1.2430,2.0000,0.137980,0.111005,0.137980,0.111005,0.111078,0.111078,"LINESTRING (-122.295144 37.804923, -122.295244 37.804823)",15.666062,-1.000000,0.005222,7.497389,7.500000,7.502611,0.932256,1.500000,1566.606187,317205572631.001709,1.243008,0.932256,2.000000,1.500000,1.241385,1.241385,1.242193,1.997389,1.997389,1.998688,0.425421,0.000000,1.243,1.243,1.242,1.242,1.242,1.242,0.932,1.242,1.242,1.242,1.242,1.243,
10,373,50,1186,1.6697,0.0000,0.0000,-1.0000,0.0000,3000.0000,3000.0000,1.6697,0.0006,0.4251,0.4251,0.1500,4.0000,1.0000,1.2430,2.0000,0.014706,0.011831,0.014706,0.011831,0.011832,0.011832,"LINESTRING (-122.295144 37.804923, -122.295244 37.804823)",1.669691,-1.000000,0.000557,7.499722,7.500000,7.500278,0.932256,1.500000,166.969067,262928342073076.625000,1.243008,0.932256,2.000000,1.500000,1.242835,1.242835,1.242922,1.999722,1.999722,1.999861,0.425172,0.000000,1.243,1.243,1.243,1.243,1.243,1.243,0.932,1.243,1.243,1.243,1.243,1.243,
10,374,50,1187,7.7157,0.0000,0.0000,-1.0000,0.0000,3000.0000,3000.0000,7.7157,0.0026,0.4251,0.4251,0.1500,4.0000,1.0000,1.2430,2.0000,0.067957,0.054671,0.067957,0.054671,0.054689,0.054689,"LINESTRING (-122.295144 37.804923, -122.295244 37.804823)",7.715728,-1.000000,0.002572,7.498714,7.500000,7.501286,0.932256,1.500000,771.572847,2660461214420.728027,1.243008,0.932256,2.000000,1.500000,1.242209,1.242209,1.242607,1.998714,1.998714,1.999355,0.425279,0.000000,1.243,1.243,1.243,1.243,1.242,1.242,0.932,1.242,1.242,1.243,1.243,1.243,
10,375,50,1188,8.6146,0.0000,0.0000,-1.0000,0.0000,3000.0000,3000.0000,8.6146,0.0029,0.4251,0.4251,0.1500,4.0000,1.0000,1.2430,2.0000,0.075874,0.061040,0.075874,0.061040,0.061062,0.061062,"LINESTRING (-122.295144 37.804923, -122.295244 37.804823)",8.614581,-1.000000,0.002872,7.498564,7.500000,7.501436,0.932256,1.500000,861.458086,1911117367341.343994,1.243008,0.932256,2.000000,1.500000,1.242116,1.242116,1.242561,1.998564,1.998564,1.999280,0.425295,0.000000,1.243,1.243,1.243,1.243,1.242,1.242,0.932,1.242,1.242,1.243,1.243,1.243,
10,376,50,1304,14.9002,0.0000,0.0000,-1.0000,0.0000,3000.0000,3000.0000,14.9002,0.0050,0.4251,0.4251,0.1500,4.0000,1.0000,1.2430,2.0000,0.131235,0.105578,0.131235,0.105578,0.105644,0.105644,"LINESTRING (-122.295144 37.804923, -122.295244 37.804823)",14.900208,-1.000000,0.004967,7.497517,7.500000,7.502483,0.932256,1.500000,1490.020752,368745774997.203125,1.243008,0.932256,2.000000,1.500000,1.241465,1.241465,1.242233,1.997517,1.997517,1.998752,0.425408,0.000000,1.243,1.243,1.242,1.242,1.242,1.242,0.932,1.242,1.242,1.242,1.242,1.243,
10,377,50,1305,46.2217,0.0000,0.0000,-1.0000,0.0000,3000.0000,3000.0000,46.2217,0.0154,0.4251,0.4251,0.1500,4.0000,1.0000,1.2430,2.0000,0.407102,0.327513,0.407102,0.327513,0.328155,0.328155,"LINESTRING (-122.295144 37.804923, -122.295244 37.804823)",46.221685,-1.000000,0.015407,7.492296,7.500000,7.507704,0.932256,1.500000,3000.000000,7954221439.318296,1.243008,0.932256,2.000000,1.500000,1.238220,1.238220,1.240577,1.992296,1.992296,1.996089,0.425975,0.000000,1.243,1.242,1.241,1.241,1.240,1.239,0.932,1.239,1.240,1.241,1.241,1.242,
10,378,50,1332,7.3339,0.0000,0.0000,-1.0000,0.0000,3000.0000,3000.0000,7.3339,0.0024,0.4251,0.4251,0.1500,4.0000,1.0000,1.2430,2.0000,0.064594,0.051966,0.064594,0.051966,0.051982,0.051982,"LINESTRING (-122.295144 37.804923, -122.295244 37.804823)",7.333938,-1.000000,0.002445,7.498778,7.500000,7.501222,0.932256,1.500000,733.393813,3098258110625.973633,1.243008,0.932256,2.000000,1.500000,1.242248,1.242248,1.242627,1.998778,1.998778,1.999387,0.425273,0.000000,1.243,1.243,1.243,1.243,1.243,1.242,0.932,1.242,1.243,1.243,1.243,1.243,
10,379,50,1356,2.0000,0.0000,0.0000,-1.0000,0.0000,3000.0000,3000.0000,2.0000,0.0007,0.4251,0.4251,0.1500,4.0000,1.0000,1.2430,2.0000,0.017615,0.014171,0.017615,0.014171,0.014173,0.014173,"LINESTRING (-122.295144 37.804923, -122.295244 37.804823)",2.000000,-1.000000,0.000667,7.499667,7.500000,7.500333,0.932256,1.500000,200.000000,152974692126221.218750,1.243008,0.932256,2.000000,1.500000,1.242801,1.242801,1.242904,1.999667,1.999667,1.999833,0.425178,0.000000,1.243,1.243,1.243,1.243,1.243,1.243,0.932,1.243,1.243,1.243,1.243,1.243,
10,380,50,1380,8.0000,0.0000,0.0000,-1.0000,0.0000,3000.0000,3000.0000,8.0000,0.0027,0.4251,0.4251,0.1500,4.0000,1.0000,1.2430,2.0000,0.070461,0.056686,0.070461,0.056686,0.056705,0.056705,"LINESTRING (-122.295144 37.804923, -122.295244 37.804823)",8.000000,-1.000000,0.002667,7.498667,7.500000,7.501333,0.932256,1.500000,800.000000,2386639435017.170410,1.243008,0.932256,2.000000,1.500000,1.242179,1.242179,1.242593,1.998667,1.998667,1.999332,0.425284,0.000000,1.243,1.243,1.243,1.243,1.242,1.242,0.932,1.242,1.242,1.243,1.243,1.243,
10,381,1001,1,68.2972,0.0000,0.0000,-1.0000,0.0000,3000.0000,3000.0000,68.2972,0.0228,0.4251,0.4251,0.1500,4.0000,1.0000,1.2430,2.0000,0.601538,0.483937,0.601538,0.483937,0.485350,0.485350,"LINESTRING (-122.27168900000001 37.803371, -122.271589 37.803471)",68.297200,-1.000000,0.022766,7.488617,7.500000,7.511383,0.932256,1.500000,3000.000000,1659271302.221863,1.243008,0.932256,2.000000,1.500000,1.235934,1.235934,1.239390,1.988617,1.988617,1.994179,0.426387,0.000000,1.243,1.242,1.241,1.239,1.238,1.237,0.932,1.237,1.238,1.239,1.241,1.242,
10,382,1001,1073,1012.2201,0.0000,0.0000,-1.0000,0.0000,1134.0000,1134.0000,1012.2201,0.8926,5.0010,5.4772,0.1500,4.0000,1.0000,14.1322,22.7387,1305.848904,92.402309,1305.848904,92.402309,115.804776,115.804776,"LINESTRING (-122.27168900000001 37.803371, -122.295244 37.804823)",1012.220092,-1.000000,0.892610,7.053695,7.500000,7.946305,9.849828,15.848373,1134.000000,2707.546556,15.477913,11.608435,24.903962,18.677971,12.023977,10.978571,11.276296,19.346579,17.664521,18.143560,6.864403,0.000000,15.478,11.980,11.527,10.892,10.335,9.973,9.850,9.973,10.335,10.892,11.527,11.980,
10,383,1002,1,35.6935,0.0000,0.0000,-1.0000,0.0000,3000.0000,3000.0000,35.6935,0.0119,0.4251,0.4251,0.1500,4.0000,1.0000,1.2430,2.0000,0.314376,0.252915,0.314376,0.252915,0.253297,0.253297,"LINESTRING (-122.27168900000001 37.803371, -122.271589 37.803471)",35.693494,-1.000000,0.011898,7.494051,7.500000,7.505949,0.932256,1.500000,3000.000000,22428006182.125523,1.243008,0.932256,2.000000,1.500000,1.239311,1.239311,1.241138,1.994051,1.994051,1.996990,0.425786,0.000000,1.243,1.242,1.242,1.241,1.241,1.240,0.932,1.240,1.241,1.241,1.242,1.242,
10,384,1002,1074,1046.5582,0.0000,0.0000,-1.0000,0.0000,1134.0000,1134.0000,1046.5582,0.9229,5.0010,5.5452,0.1500,4.0000,1.0000,13.9590,22.4600,1350.147972,96.722706,1350.147972,96.722706,123.120248,123.120248,"LINESTRING (-122.27168900000001 37.803371, -122.295244 37.804823)",1046.558220,-1.000000,0.922891,7.038555,7.500000,7.961445,9.641317,15.512880,1134.000000,2547.064947,15.477913,11.608435,24.903962,18.677971,11.906807,10.738308,10.966092,19.158052,17.277937,17.644442,7.058580,0.000000,15.478,11.812,11.300,10.657,10.110,9.760,9.641,9.760,10.110,10.657,11.300,11.812,
10,385,1003,1,46.0093,0.0000,0.0000,-1.0000,0.0000,3000.0000,3000.0000,46.0093,0.0153,0.4251,0.4251,0.1500,4.0000,1.0000,1.2430,2.0000,0.405234,0.326011,0.405234,0.326011,0.326647,0.326647,"LINESTRING (-122.27168900000001 37.803371, -122.271589 37.803471)",46.009306,-1.000000,0.015336,7.492332,7.500000,7.507668,0.932256,1.500000,3000.000000,8102608198.531773,1.243008,0.932256,2.000000,1.500000,1.238242,1.238242,1.240589,1.992332,1.992332,1.996107,0.425975,0.000000,1.243,1.242,1.241,1.241,1.240,1.239,0.932,1.239,1.240,1.241,1.241,1.242,
10,386,1003,1075,1051.2217,0.0000,0.0000,-1.0000,0.0000,1134.0000,1134.0000,1051.2217,0.9270,5.0010,5.5550,0.1500,4.0000,1.0000,13.9344,22.4205,1356.164237,97.324783,1356.164237,97.324783,124.161478,124.161478,"LINESTRING (-122.27168900000001 37.803371, -122.295244 37.804823)",1051.221688,-1.000000,0.927003,7.036498,7.500000,7.963502,9.612091,15.465854,1134.000000,2527.903486,15.477913,11.608435,24.903962,18.677971,11.890894,10.705105,10.922585,19.132448,17.224515,17.574439,7.086696,0.000000,15.478,11.788,11.268,10.624,10.079,9.731,9.612,9.731,10.079,10.624,11.268,11.788,
10,387,1004,2,63.9033,0.0000,0.0000,-1.0000,0.0000,3000.0000,3000.0000,63.9033,0.0213,0.4252,0.4252,0.1500,4.0000,1.0000,1.2430,2.0000,0.562951,0.452894,0.562951,0.452894,0.454129,0.454129,"LINESTRING (-122.419855 37.76507599999999, -122.419755 37.765176)",63.903320,-1.000000,0.021301,7.489349,7.500000,7.510651,0.932256,1.500000,3000.000000,2167765537.814969,1.243008,0.932256,2.000000,1.500000,1.236389,1.236389,1.239628,1.989350,1.989349,1.994561,0.426390,0.000000,1.243,1.242,1.241,1.240,1.238,1.237,0.932,1.237,1.238,1.240,1.241,1.242,
10,388,1004,1010,253.2568,0.0000,0.0000,-1.0000,0.0000,1134.0000,1134.0000,253.2568,0.2233,2.0010,2.0017,0.1500,4.0000,1.0000,26.4966,42.6331,223.876999,8.449266,223.876999,8.449266,8.745468,8.745468,"LINESTRING (-122.419855 37.76507599999999, -122.41861800000001 37.752322)",253.256797,-1.000000,0.223331,7.388335,7.500000,7.611665,19.865982,31.964364,1134.000000,267693.423845,26.506508,19.879881,42.648971,31.986728,25.026580,25.017245,25.599203,40.267767,40.252747,41.189117,2.071921,0.000000,26.507,26.189,25.871,25.554,25.236,23.812,19.866,23.812,25.236,25.554,25.871,26.189,
10,389,1005,2,58.8649,0.0000,0.0000,-1.0000,0.0000,3000.0000,3000.0000,58.8649,0.0196,0.4252,0.4252,0.1500,4.0000,1.0000,1.2430,2.0000,0.518565,0.417186,0.518565,0.417186,0.418231,0.418231,"LINESTRING (-122.419855 37.76507599999999, -122.419755 37.765176)",58.864894,-1.000000,0.019622,7.490189,7.500000,7.509811,0.932256,1.500000,3000.000000,3014684229.686232,1.243008,0.932256,2.000000,1.500000,1.236911,1.236911,1.239900,1.990189,1.990189,1.994998,0.426296,0.000000,1.243,1.242,1.241,1.240,1.239,1.238,0.932,1.238,1.239,1.240,1.241,1.242,
10,390,1005,1011,213.7814,0.0000,0.0000,-1.0000,0.0000,1134.0000,1134.0000,213.7814,0.1885,2.0010,2.0014,0.1500,4.0000,1.0000,26.5015,42.6409,188.981082,7.130961,188.981082,7.130961,7.335303,7.335303,"LINESTRING (-122.419855 37.76507599999999, -122.41861800000001 37.752322)",213.781424,-1.000000,0.188520,7.405740,7.500000,7.594260,19.872821,31.975369,1134.000000,544889.296698,26.506508,19.879881,42.648971,31.986728,25.257258,25.252473,25.763227,40.638928,40.631230,41.453032,2.058730,0.000000,26.507,26.250,25.993,25.737,25.480,24.935,19.873,24.935,25.480,25.737,25.993,26.250,
10,391,1006,2,52.9044,0.0000,0.0000,-1.0000,0.0000,3000.0000,3000.0000,52.9044,0.0176,0.4252,0.4252,0.1500,4.0000,1.0000,1.2430,2.0000,0.466057,0.374943,0.466057,0.374943,0.375786,0.375786,"LINESTRING (-122.419855 37.76507599999999, -122.419755 37.765176)",52.904444,-1.000000,0.017635,7.491183,7.500000,7.508817,0.932256,1.500000,3000.000000,4627657163.958280,1.243008,0.932256,2.000000,1.500000,1.237528,1.237528,1.240220,1.991183,1.991183,1.995514,0.426186,0.000000,1.243,1.242,1.241,1.240,1.239,1.238,0.932,1.238,1.239,1.240,1.241,1.242,
10,392,1006,1012,218.4070,0.0000,0.0000,-1.0000,0.0000,1134.0000,1134.0000,218.4070,0.1926,2.0010,2.0014,0.1500,4.0000,1.0000,26.5010,42.6402,193.070065,7.285377,193.070065,7.285377,7.499480,7.499480,"LINESTRING (-122.419855 37.76507599999999, -122.41861800000001 37.752322)",218.407011,-1.000000,0.192599,7.403701,7.500000,7.596299,19.872190,31.974354,1134.000000,498271.592922,26.506508,19.879881,42.648971,31.986728,25.230228,25.225021,25.744460,40.595436,40.587059,41.422836,2.060231,0.000000,26.507,26.243,25.980,25.716,25.453,24.808,19.872,24.808,25.453,25.716,25.980,26.243,
10,393,1007,3,67.6317,0.0000,0.0000,-1.0000,0.0000,3000.0000,3000.0000,67.6317,0.0225,0.4251,0.4251,0.1500,4.0000,1.0000,1.2430,2.0000,0.595663,0.479210,0.595663,0.479210,0.480595,0.480595,"LINESTRING (-122.268822 37.807959999999994, -122.268722 37.80806)",67.631703,-1.000000,0.022544,7.488728,7.500000,7.511272,0.932256,1.500000,3000.000000,1725804802.699833,1.243008,0.932256,2.000000,1.500000,1.236003,1.236003,1.239426,1.988728,1.988728,1.994237,0.426364,0.000000,1.243,1.242,1.241,1.239,1.238,1.237,0.932,1.237,1.238,1.239,1.241,1.242,
10,394,1007,1001,985.8918,0.0000,0.0000,-1.0000,0.0000,1134.0000,1134.0000,985.8918,0.8694,1.0010,1.0868,0.1500,4.0000,1.0000,19.5257,31.4168,348.679496,17.857473,348.679496,17.857473,22.133119,22.133119,"LINESTRING (-122.268822 37.807959999999994, -122.27168900000001 37.803371)",985.891849,-1.000000,0.869393,7.065303,7.500000,7.934697,13.698206,22.040413,1134.000000,571.946345,21.198948,15.899211,34.109107,25.581830,16.591393,15.281816,15.753744,26.695551,24.588441,25.347775,1.346991,0.000000,21.199,16.568,16.017,15.158,14.381,13.873,13.698,13.873,14.381,15.158,16.017,16.568,
10,395,1008,3,55.8596,0.0000,0.0000,-1.0000,0.0000,3000.0000,3000.0000,55.8596,0.0186,0.4251,0.4251,0.1500,4.0000,1.0000,1.2430,2.0000,0.491980,0.395798,0.491980,0.395798,0.396739,0.396739,"LINESTRING (-122.268822 37.807959999999994, -122.268722 37.80806)",55.859604,-1.000000,0.018620,7.490690,7.500000,7.509310,0.932256,1.500000,3000.000000,3719745556.672486,1.243008,0.932256,2.000000,1.500000,1.237222,1.237222,1.240061,1.990690,1.990690,1.995258,0.426146,0.000000,1.243,1.242,1.241,1.240,1.239,1.238,0.932,1.238,1.239,1.240,1.241,1.242,
10,396,1008,1002,990.1195,0.0000,0.0000,-1.0000,0.0000,1134.0000,1134.0000,990.1195,0.8731,1.0010,1.0883,0.1500,4.0000,1.0000,19.4991,31.3741,350.174676,17.958485,350.174676,17.958485,22.297024,22.297024,"LINESTRING (-122.268822 37.807959999999994, -122.27168900000001 37.803371)",990.119473,-1.000000,0.873121,7.063439,7.500000,7.936561,13.665547,21.987866,1134.000000,566.771871,21.198948,15.899211,34.109107,25.581830,16.571635,15.242847,15.704996,26.663761,24.525742,25.269339,1.351172,0.000000,21.199,16.544,15.981,15.119,14.345,13.839,13.666,13.839,14.345,15.119,15.981,16.544,
10,397,1009,3,70.1729,0.0000,0.0000,-1.0000,0.0000,3000.0000,3000.0000,70.1729,0.0234,0.4251,0.4251,0.1500,4.0000,1.0000,1.2430,2.0000,0.618044,0.497217,0.618044,0.497217,0.498709,0.498709,"LINESTRING (-122.268822 37.807959999999994, -122.268722 37.80806)",70.172941,-1.000000,0.023391,7.488305,7.500000,7.511695,0.932256,1.500000,3000.000000,1488093607.939403,1.243008,0.932256,2.000000,1.500000,1.235739,1.235739,1.239289,1.988305,1.988305,1.994016,0.426411,0.000000,1.243,1.242,1.241,1.239,1.238,1.237,0.932,1.237,1.238,1.239,1.241,1.242,
10,398,1009,1003,1000.9887,0.0000,0.0000,-1.0000,0.0000,1134.0000,1134.0000,1000.9887,0.8827,1.0010,1.0922,0.1500,4.0000,1.0000,19.4296,31.2622,354.018778,18.220612,354.018778,18.220612,22.725531,22.725531,"LINESTRING (-122.268822 37.807959999999994, -122.27168900000001 37.803371)",1000.988678,-1.000000,0.882706,7.058647,7.500000,7.941353,13.580381,21.850833,1134.000000,554.110708,21.198948,15.899211,34.109107,25.581830,16.520838,15.141925,15.578020,26.582028,24.363358,25.065035,1.362185,0.000000,21.199,16.479,15.886,15.021,14.252,13.752,13.580,13.752,14.252,15.021,15.886,16.479,
10,399,1010,4,59.0036,0.0000,0.0000,-1.0000,0.0000,3000.0000,3000.0000,59.0036,0.0197,0.4253,0.4253,0.1500,4.0000,1.0000,1.2430,2.0000,0.519822,0.418197,0.519822,0.418197,0.419247,0.419247,"LINESTRING (-122.41861800000001 37.752322, -122.418518 37.752422)",59.003629,-1.000000,0.019668,7.490166,7.500000,7.509834,0.932256,1.500000,3000.000000,2986522372.003526,1.243008,0.932256,2.000000,1.500000,1.236896,1.236896,1.239892,1.990166,1.990166,1.994986,0.426327,0.000000,1.243,1.242,1.241,1.240,1.239,1.238,0.932,1.238,1.239,1.240,1.241,1.242,
10,400,1010,1032,208.6125,0.0000,0.0000,-1.0000,0.0000,1134.0000,1134.0000,208.6125,0.1840,3.0010,3.0015,0.1500,4.0000,1.0000,31.1447,50.1119,325.023307,10.435895,325.023307,10.435895,10.726459,10.726459,"LINESTRING (-122.41861800000001 37.752322, -122.433657 37.733169)",208.612508,-1.000000,0.183962,7.408019,7.500000,7.591981,23.355050,37.578275,1134.000000,905083.976373,31.150097,23.362573,50.120506,37.590379,29.717491,29.712387,30.301083,47.815443,47.807230,48.754442,3.085086,0.000000,31.150,30.858,30.565,30.272,29.980,29.460,23.355,29.460,29.980,30.272,30.565,30.858,
10,401,1011,4,58.6324,0.0000,0.0000,-1.0000,0.0000,3000.0000,3000.0000,58.6324,0.0195,0.4253,0.4253,0.1500,4.0000,1.0000,1.2430,2.0000,0.516551,0.415565,0.516551,0.415565,0.416603,0.416603,"LINESTRING (-122.41861800000001 37.752322, -122.418518 37.752422)",58.632378,-1.000000,0.019544,7.490228,7.500000,7.509772,0.932256,1.500000,3000.000000,3063175806.211927,1.243008,0.932256,2.000000,1.500000,1.236935,1.236935,1.239912,1.990228,1.990228,1.995019,0.426320,0.000000,1.243,1.242,1.241,1.240,1.239,1.238,0.932,1.238,1.239,1.240,1.241,1.242,
10,402,1011,1033,161.6503,0.0000,0.0000,-1.0000,0.0000,1134.0000,1134.0000,161.6503,0.1425,3.0010,3.0012,0.1500,4.0000,1.0000,31.1482,50.1174,251.855044,8.085710,251.855044,8.085710,8.253305,8.253305,"LINESTRING (-122.41861800000001 37.752322, -122.433657 37.733169)",161.650292,-1.000000,0.142549,7.428726,7.500000,7.571274,23.359860,37.586015,1134.000000,2606925.346986,31.150097,23.362573,50.120506,37.590379,30.039995,30.038135,30.515659,48.334352,48.331358,49.099695,3.063393,0.000000,31.150,30.934,30.719,30.503,30.287,30.071,23.360,30.071,30.287,30.503,30.719,30.934,
10,403,1012,4,53.0502,0.0000,0.0000,-1.0000,0.0000,3000.0000,3000.0000,53.0502,0.0177,0.4253,0.4253,0.1500,4.0000,1.0000,1.2430,2.0000,0.467372,0.376001,0.467372,0.376001,0.376849,0.376849,"LINESTRING (-122.41861800000001 37.752322, -122.418518 37.752422)",53.050214,-1.000000,0.017683,7.491158,7.500000,7.508842,0.932256,1.500000,3000.000000,4577136435.875975,1.243008,0.932256,2.000000,1.500000,1.237513,1.237513,1.240212,1.991158,1.991158,1.995501,0.426217,0.000000,1.243,1.242,1.241,1.240,1.239,1.238,0.932,1.238,1.239,1.240,1.241,1.242,
10,404,1012,1034,175.6816,0.0000,0.0000,-1.0000,0.0000,1134.0000,1134.0000,175.6816,0.1549,3.0010,3.0013,0.1500,4.0000,1.0000,31.1474,50.1162,273.716173,8.787768,273.716173,8.787768,8.988148,8.988148,"LINESTRING (-122.41861800000001 37.752322, -122.433657 37.733169)",175.681609,-1.000000,0.154922,7.422539,7.500000,7.577461,23.358788,37.584290,1134.000000,1848013.689784,31.150097,23.362573,50.120506,37.590379,29.943638,29.941051,30.453013,48.179313,48.175150,48.998898,3.069694,0.000000,31.150,30.912,30.674,30.436,30.198,29.960,23.359,29.960,30.198,30.436,30.674,30.912,
10,405,1013,5,0.0000,0.0000,0.0000,-1.0000,0.0000,3000.0000,3000.0000,0.0000,0.0000,0.4247,0.4247,0.1500,4.0000,1.0000,1.2430,2.0000,0.000000,0.000000,0.000000,0.000000,0.000000,0.000000,"LINESTRING (-121.78045300000001 37.995315, -121.780353 37.995415)",0.000000,-1.000000,0.000000,7.500000,7.500000,7.500000,0.932256,1.500000,0.000000,nan,1.243008,0.932256,2.000000,1.500000,1.243008,1.243008,1.243008,2.000000,2.000000,2.000000,0.424720,0.000000,1.243,1.243,1.243,1.243,1.243,1.243,nan,1.243,1.243,1.243,1.243,1.243,
10,406,1013,1049,391.0000,0.0000,0.0000,-1.0000,0.0000,1134.0000,1134.0000,391.0000,0.3448,7.0010,7.0158,0.1500,4.0000,1.0000,52.1660,83.9350,2385.022710,45.719908,2385.022710,45.719908,48.464506,48.464506,"LINESTRING (-121.78045300000001 37.995315, -121.889111 38.01677299999999)",391.000000,-1.000000,0.344797,7.327601,7.500000,7.672399,39.052177,62.834952,1134.000000,146377.979979,52.276550,39.207413,84.112969,63.084727,47.770349,47.669287,49.211741,76.862491,76.699883,79.181691,7.437009,0.000000,52.277,51.130,49.984,48.838,47.725,42.233,39.052,42.233,47.725,48.838,49.984,51.130,
10,407,1014,7,42.2675,0.0000,0.0000,-1.0000,0.0000,3000.0000,3000.0000,42.2675,0.0141,0.4253,0.4253,0.1500,4.0000,1.0000,1.2430,2.0000,0.372436,0.299625,0.372436,0.299625,0.300161,0.300161,"LINESTRING (-122.44761 37.721658, -122.44751 37.721758)",42.267518,-1.000000,0.014089,7.492955,7.500000,7.507045,0.932256,1.500000,3000.000000,11391448944.322845,1.243008,0.932256,2.000000,1.500000,1.238630,1.238630,1.240788,1.992956,1.992955,1.996428,0.426087,0.000000,1.243,1.242,1.242,1.241,1.240,1.239,0.932,1.239,1.240,1.241,1.242,1.242,
10,408,1014,1026,144.0686,0.0000,0.0000,-1.0000,0.0000,1134.0000,1134.0000,144.0686,0.1270,4.0010,4.0012,0.1500,4.0000,1.0000,23.8055,38.3030,228.707291,9.607348,228.707291,9.607348,9.782101,9.782101,"LINESTRING (-122.44761 37.721658, -122.469094 37.706204)",144.068578,-1.000000,0.127045,7.436478,7.500000,7.563522,17.853481,28.726250,1134.000000,5584893.577300,23.806385,17.854789,38.304474,28.728355,23.050267,23.049366,23.380181,37.087879,37.086430,37.618711,4.073935,0.000000,23.806,23.662,23.518,23.373,23.229,23.085,17.853,23.085,23.229,23.373,23.518,23.662,
10,409,1015,7,23.8665,0.0000,0.0000,-1.0000,0.0000,3000.0000,3000.0000,23.8665,0.0080,0.4253,0.4253,0.1500,4.0000,1.0000,1.2430,2.0000,0.210297,0.169184,0.210297,0.169184,0.169354,0.169354,"LINESTRING (-122.44761 37.721658, -122.44751 37.721758)",23.866490,-1.000000,0.007955,7.496022,7.500000,7.503978,0.932256,1.500000,2386.649033,89566318065.441849,1.243008,0.932256,2.000000,1.500000,1.240536,1.240536,1.241762,1.996022,1.996022,1.997995,0.425753,0.000000,1.243,1.243,1.242,1.242,1.241,1.241,0.932,1.241,1.241,1.242,1.242,1.243,
10,410,1015,1027,126.1903,0.0000,0.0000,-1.0000,0.0000,1134.0000,1134.0000,126.1903,0.1113,4.0010,4.0011,0.1500,4.0000,1.0000,23.8058,38.3036,200.325776,8.414985,200.325776,8.414985,8.546929,8.546929,"LINESTRING (-122.44761 37.721658, -122.469094 37.706204)",126.190335,-1.000000,0.111279,7.444361,7.500000,7.555639,17.854019,28.727116,1134.000000,9619168.104729,23.806385,17.854789,38.304474,28.728355,23.144098,23.143565,23.438333,37.238853,37.237997,37.712277,4.063828,0.000000,23.806,23.682,23.558,23.434,23.310,23.185,17.854,23.185,23.310,23.434,23.558,23.682,
10,411,1016,7,29.1841,0.0000,0.0000,-1.0000,0.0000,3000.0000,3000.0000,29.1841,0.0097,0.4253,0.4253,0.1500,4.0000,1.0000,1.2430,2.0000,0.257152,0.206879,0.257152,0.206879,0.207133,0.207133,"LINESTRING (-122.44761 37.721658, -122.44751 37.721758)",29.184064,-1.000000,0.009728,7.495136,7.500000,7.504864,0.932256,1.500000,2918.406408,48920321311.162277,1.243008,0.932256,2.000000,1.500000,1.239985,1.239985,1.241482,1.995136,1.995136,1.997544,0.425849,0.000000,1.243,1.242,1.242,1.241,1.241,1.240,0.932,1.240,1.241,1.241,1.242,1.242,
10,412,1016,1028,130.2668,0.0000,0.0000,-1.0000,0.0000,1134.0000,1134.0000,130.2668,0.1149,4.0010,4.0011,0.1500,4.0000,1.0000,23.8058,38.3035,206.797113,8.686851,206.797113,8.686851,8.827974,8.827974,"LINESTRING (-122.44761 37.721658, -122.469094 37.706204)",130.266796,-1.000000,0.114874,7.442563,7.500000,7.557437,17.853914,28.726948,1134.000000,8444224.842248,23.806385,17.854789,38.304474,28.728355,23.122703,23.122099,23.425206,37.204429,37.203457,37.691157,4.066105,0.000000,23.806,23.678,23.549,23.420,23.291,23.163,17.854,23.163,23.291,23.420,23.549,23.678,
10,413,1017,11,200.1853,0.0000,0.0000,-1.0000,0.0000,3000.0000,3000.0000,200.1853,0.0667,0.4252,0.4252,0.1500,4.0000,1.0000,1.2430,2.0000,1.763383,1.418646,1.763383,1.418646,1.431378,1.431378,"LINESTRING (-122.413979 37.779349999999994, -122.413879 37.77945)",200.185258,-1.000000,0.066728,7.466636,7.500000,7.533364,0.932251,1.499992,3000.000000,21712086.442932,1.243008,0.932256,2.000000,1.500000,1.222272,1.222269,1.231948,1.966636,1.966630,1.982204,0.429016,0.000000,1.243,1.239,1.236,1.232,1.228,1.224,0.932,1.224,1.228,1.232,1.236,1.239,
10,414,1017,1004,296.7899,0.0000,0.0000,-1.0000,0.0000,1134.0000,1134.0000,296.7899,0.2617,2.0010,2.0024,0.1500,4.0000,1.0000,31.0833,50.0131,307.877661,9.904909,307.877661,9.904909,10.325944,10.325944,"LINESTRING (-122.413979 37.779349999999994, -122.419855 37.76507599999999)",296.789890,-1.000000,0.261719,7.369140,7.500000,7.630860,23.298169,37.486754,1134.000000,136749.298345,31.105217,23.328913,50.048294,37.536221,29.070007,29.049562,29.815934,46.773641,46.740746,47.973838,2.087526,0.000000,31.105,30.646,30.186,29.727,29.267,26.730,23.298,26.730,29.267,29.727,30.186,30.646,
10,415,1018,11,194.6245,0.0000,0.0000,-1.0000,0.0000,3000.0000,3000.0000,194.6245,0.0649,0.4252,0.4252,0.1500,4.0000,1.0000,1.2430,2.0000,1.714400,1.379238,1.714400,1.379238,1.391249,1.391249,"LINESTRING (-122.413979 37.779349999999994, -122.413879 37.77945)",194.624489,-1.000000,0.064875,7.467563,7.500000,7.532437,0.932251,1.499993,3000.000000,24338621.392935,1.243008,0.932256,2.000000,1.500000,1.222848,1.222845,1.232274,1.967563,1.967557,1.982729,0.428902,0.000000,1.243,1.239,1.236,1.232,1.229,1.225,0.932,1.225,1.229,1.232,1.236,1.239,
10,416,1018,1005,263.8232,0.0000,0.0000,-1.0000,0.0000,1134.0000,1134.0000,263.8232,0.2326,2.0010,2.0019,0.1500,4.0000,1.0000,31.0916,50.0263,273.679338,8.802369,273.679338,8.802369,9.126537,9.126537,"LINESTRING (-122.413979 37.779349999999994, -122.419855 37.76507599999999)",263.823171,-1.000000,0.232648,7.383676,7.500000,7.616324,23.309707,37.505319,1134.000000,225288.806317,31.105217,23.328913,50.048294,37.536221,29.296073,29.283205,29.987204,47.137382,47.116677,48.249412,2.075603,0.000000,31.105,30.712,30.319,29.926,29.533,27.616,23.310,27.616,29.533,29.926,30.319,30.712,
10,417,1019,11,182.2445,0.0000,0.0000,-1.0000,0.0000,3000.0000,3000.0000,182.2445,0.0607,0.4252,0.4252,0.1500,4.0000,1.0000,1.2430,2.0000,1.605348,1.291505,1.605348,1.291505,1.301990,1.301990,"LINESTRING (-122.413979 37.779349999999994, -122.413879 37.77945)",182.244548,-1.000000,0.060748,7.469626,7.500000,7.530374,0.932253,1.499994,3000.000000,31763087.859014,1.243008,0.932256,2.000000,1.500000,1.224131,1.224128,1.232996,1.969626,1.969622,1.983890,0.428651,0.000000,1.243,1.240,1.236,1.233,1.230,1.226,0.932,1.226,1.230,1.233,1.236,1.240,
10,418,1019,1006,256.1328,0.0000,0.0000,-1.0000,0.0000,1134.0000,1134.0000,256.1328,0.2259,2.0010,2.0018,0.1500,4.0000,1.0000,31.0931,50.0288,265.701649,8.545363,265.701649,8.545363,8.849032,8.849032,"LINESTRING (-122.413979 37.779349999999994, -122.419855 37.76507599999999)",256.132787,-1.000000,0.225867,7.387067,7.500000,7.612933,23.311849,37.508765,1134.000000,255249.403968,31.105217,23.328913,50.048294,37.536221,29.348809,29.337356,30.026069,47.222234,47.203806,48.311945,2.072917,0.000000,31.105,30.727,30.349,29.971,29.593,27.852,23.312,27.852,29.593,29.971,30.349,30.727,
10,419,1020,12,15.3938,0.0000,0.0000,-1.0000,0.0000,3000.0000,3000.0000,15.3938,0.0051,0.4254,0.4254,0.1500,4.0000,1.0000,1.2430,2.0000,0.135667,0.109144,0.135667,0.109144,0.109215,0.109215,"LINESTRING (-122.466267 37.68454199999999, -122.466167 37.684642)",15.393825,-1.000000,0.005131,7.497434,7.500000,7.502566,0.932256,1.500000,1539.382496,334566127922.320251,1.243008,0.932256,2.000000,1.500000,1.241414,1.241414,1.242207,1.997434,1.997434,1.998711,0.425683,0.000000,1.243,1.243,1.242,1.242,1.242,1.242,0.932,1.242,1.242,1.242,1.242,1.243,
10,420,1020,1067,112.8004,0.0000,0.0000,-1.0000,0.0000,1134.0000,1134.0000,112.8004,0.0995,3.0010,3.0010,0.1500,4.0000,1.0000,36.7916,59.1977,207.577550,5.641980,207.577550,5.641980,5.720103,5.720103,"LINESTRING (-122.466267 37.68454199999999, -122.444354 37.664336999999996)",112.800355,-1.000000,0.099471,7.450264,7.500000,7.549736,27.593355,44.397707,1134.000000,11415179.646029,36.792152,27.594114,59.198573,44.398930,35.877212,35.876686,36.289125,57.726435,57.725587,58.389202,3.042599,0.000000,36.792,36.623,36.453,36.284,36.115,35.945,27.593,35.945,36.115,36.284,36.453,36.623,
10,421,1021,12,13.2085,0.0000,0.0000,-1.0000,0.0000,3000.0000,3000.0000,13.2085,0.0044,0.4254,0.4254,0.1500,4.0000,1.0000,1.2430,2.0000,0.116408,0.093650,0.116408,0.093650,0.093702,0.093702,"LINESTRING (-122.466267 37.68454199999999, -122.466167 37.684642)",13.208503,-1.000000,0.004403,7.497799,7.500000,7.502201,0.932256,1.500000,1320.850313,529906786161.484985,1.243008,0.932256,2.000000,1.500000,1.241640,1.241640,1.242321,1.997799,1.997799,1.998895,0.425643,0.000000,1.243,1.243,1.243,1.242,1.242,1.242,0.932,1.242,1.242,1.242,1.243,1.243,
10,422,1021,1068,114.0881,0.0000,0.0000,-1.0000,0.0000,1134.0000,1134.0000,114.0881,0.1006,3.0010,3.0010,0.1500,4.0000,1.0000,36.7916,59.1977,209.947337,5.706395,209.947337,5.706395,5.786406,5.786406,"LINESTRING (-122.466267 37.68454199999999, -122.444354 37.664336999999996)",114.088128,-1.000000,0.100607,7.449697,7.500000,7.550303,27.593319,44.397651,1134.000000,10897922.295028,36.792152,27.594114,59.198573,44.398930,35.866767,35.866216,36.282854,57.709628,57.708741,58.379113,3.043125,0.000000,36.792,36.621,36.449,36.278,36.106,35.935,27.593,35.935,36.106,36.278,36.449,36.621,
10,423,1022,12,12.3977,0.0000,0.0000,-1.0000,0.0000,3000.0000,3000.0000,12.3977,0.0041,0.4254,0.4254,0.1500,4.0000,1.0000,1.2430,2.0000,0.109262,0.087901,0.109262,0.087901,0.087947,0.087947,"LINESTRING (-122.466267 37.68454199999999, -122.466167 37.684642)",12.397672,-1.000000,0.004133,7.497934,7.500000,7.502066,0.932256,1.500000,1239.767191,640956242195.270264,1.243008,0.932256,2.000000,1.500000,1.241724,1.241724,1.242363,1.997934,1.997934,1.998963,0.425629,0.000000,1.243,1.243,1.243,1.242,1.242,1.242,0.932,1.242,1.242,1.242,1.243,1.243,
10,424,1022,1069,109.1115,0.0000,0.0000,-1.0000,0.0000,1134.0000,1134.0000,109.1115,0.0962,3.0010,3.0010,0.1500,4.0000,1.0000,36.7917,59.1978,200.789276,5.457464,200.789276,5.457464,5.530315,5.530315,"LINESTRING (-122.466267 37.68454199999999, -122.444354 37.664336999999996)",109.111518,-1.000000,0.096218,7.451891,7.500000,7.548109,27.593449,44.397860,1134.000000,13074935.864405,36.792152,27.594114,59.198573,44.398930,35.907133,35.906671,36.307021,57.774577,57.773834,58.417996,3.041099,0.000000,36.792,36.629,36.466,36.303,36.139,35.976,27.593,35.976,36.139,36.303,36.466,36.629,
10,425,1023,14,43.0127,0.0000,0.0000,-1.0000,0.0000,3000.0000,3000.0000,43.0127,0.0143,0.4248,0.4248,0.1500,4.0000,1.0000,1.2430,2.0000,0.378505,0.304507,0.378505,0.304507,0.305062,0.305062,"LINESTRING (-122.02922600000001 37.973673, -122.029126 37.973773)",43.012701,-1.000000,0.014338,7.492831,7.500000,7.507169,0.932256,1.500000,3000.000000,10606367572.575401,1.243008,0.932256,2.000000,1.500000,1.238553,1.238553,1.240748,1.992831,1.992831,1.996364,0.425542,0.000000,1.243,1.242,1.242,1.241,1.240,1.239,0.932,1.239,1.240,1.241,1.242,1.242,
10,426,1023,1050,680.9627,0.0000,0.0000,-1.0000,0.0000,1134.0000,1134.0000,680.9627,0.6005,5.0010,5.0985,0.1500,4.0000,1.0000,40.6843,65.4610,2354.207176,57.865278,2354.207176,57.865278,65.231868,65.231868,"LINESTRING (-122.02922600000001 37.973673, -122.056115 37.928363)",680.962734,-1.000000,0.600496,7.199752,7.500000,7.800248,30.010833,48.287431,1134.000000,9558.017384,41.477802,31.108352,66.737784,50.053338,35.250986,34.576591,36.089833,56.718837,55.633735,58.068541,5.747616,0.000000,41.478,38.880,36.282,34.681,32.532,30.687,30.011,30.687,32.532,34.681,36.282,38.880,
10,427,1024,14,13.9873,0.0000,0.0000,-1.0000,0.0000,3000.0000,3000.0000,13.9873,0.0047,0.4248,0.4248,0.1500,4.0000,1.0000,1.2430,2.0000,0.123086,0.099023,0.123086,0.099023,0.099081,0.099081,"LINESTRING (-122.02922600000001 37.973673, -122.029126 37.973773)",13.987299,-1.000000,0.004662,7.497669,7.500000,7.502331,0.932256,1.500000,1398.729918,445471459275.844971,1.243008,0.932256,2.000000,1.500000,1.241559,1.241559,1.242280,1.997669,1.997669,1.998829,0.425017,0.000000,1.243,1.243,1.243,1.242,1.242,1.242,0.932,1.242,1.242,1.242,1.243,1.243,
10,428,1024,1051,517.8129,0.0000,0.0000,-1.0000,0.0000,1134.0000,1134.0000,517.8129,0.4566,5.0010,5.0336,0.1500,4.0000,1.0000,41.2091,66.3054,1790.169657,43.441159,1790.169657,43.441159,47.208400,47.208400,"LINESTRING (-122.02922600000001 37.973673, -122.056115 37.928363)",517.812891,-1.000000,0.456625,7.271687,7.500000,7.728313,30.732574,49.448712,1134.000000,30718.343977,41.477802,31.108352,66.737784,50.053338,36.742851,36.504794,37.920575,59.119247,58.736213,61.014205,5.470130,0.000000,41.478,40.025,38.573,37.121,35.239,32.036,30.733,32.036,35.239,37.121,38.573,40.025,
10,429,1025,14,0.0000,0.0000,0.0000,-1.0000,0.0000,3000.0000,3000.0000,0.0000,0.0000,0.4248,0.4248,0.1500,4.0000,1.0000,1.2430,2.0000,0.000000,0.000000,0.000000,0.000000,0.000000,0.000000,"LINESTRING (-122.02922600000001 37.973673, -122.029126 37.973773)",0.000000,-1.000000,0.000000,7.500000,7.500000,7.500000,0.932256,1.500000,0.000000,nan,1.243008,0.932256,2.000000,1.500000,1.243008,1.243008,1.243008,2.000000,2.000000,2.000000,0.424768,0.000000,1.243,1.243,1.243,1.243,1.243,1.243,nan,1.243,1.243,1.243,1.243,1.243,
10,430,1025,1052,230.2244,0.0000,0.0000,-1.0000,0.0000,1134.0000,1134.0000,230.2244,0.2030,5.0010,5.0023,0.1500,4.0000,1.0000,41.4672,66.7208,795.925895,19.194091,795.925895,19.194091,19.794491,19.794491,"LINESTRING (-122.02922600000001 37.973673, -122.056115 37.928363)",230.224374,-1.000000,0.203020,7.398490,7.500000,7.601510,31.093495,50.029434,1134.000000,998805.860743,41.477802,31.108352,66.737784,50.053338,39.372599,39.362569,40.209465,63.350512,63.334373,64.697030,5.158748,0.000000,41.478,41.038,40.597,40.157,39.717,38.289,31.093,38.289,39.717,40.157,40.597,41.038,
10,431,1026,15,34.2410,0.0000,0.0000,-1.0000,0.0000,3000.0000,3000.0000,34.2410,0.0114,0.4254,0.4254,0.1500,4.0000,1.0000,1.2430,2.0000,0.301735,0.242746,0.301735,0.242746,0.243097,0.243097,"LINESTRING (-122.469094 37.706204, -122.468994 37.706304)",34.240996,-1.000000,0.011414,7.494293,7.500000,7.505707,0.932256,1.500000,3000.000000,26505793382.590424,1.243008,0.932256,2.000000,1.500000,1.239461,1.239461,1.241214,1.994293,1.994293,1.997114,0.425975,0.000000,1.243,1.242,1.242,1.241,1.241,1.240,0.932,1.240,1.241,1.241,1.242,1.242,
10,432,1026,1020,120.8475,0.0000,0.0000,-1.0000,0.0000,1134.0000,1134.0000,120.8475,0.1066,5.0010,5.0011,0.1500,4.0000,1.0000,18.0558,29.0518,181.873166,10.072837,181.873166,10.072837,10.223361,10.223361,"LINESTRING (-122.469094 37.706204, -122.466267 37.68454199999999)",120.847541,-1.000000,0.106567,7.446716,7.500000,7.553284,13.541623,21.788471,1134.000000,14352781.071859,18.056152,13.542114,29.052349,21.789262,17.575103,17.574763,17.789959,28.278340,28.277793,28.624044,5.075830,0.000000,18.056,17.966,17.877,17.787,17.697,17.607,13.542,17.607,17.697,17.787,17.877,17.966,
10,433,1027,15,19.5271,0.0000,0.0000,-1.0000,0.0000,3000.0000,3000.0000,19.5271,0.0065,0.4254,0.4254,0.1500,4.0000,1.0000,1.2430,2.0000,0.172075,0.138434,0.172075,0.138434,0.138548,0.138548,"LINESTRING (-122.469094 37.706204, -122.468994 37.706304)",19.527090,-1.000000,0.006509,7.496745,7.500000,7.503255,0.932256,1.500000,1952.709032,163722397014.388367,1.243008,0.932256,2.000000,1.500000,1.240985,1.240985,1.241990,1.996746,1.996746,1.998362,0.425709,0.000000,1.243,1.243,1.242,1.242,1.242,1.241,0.932,1.241,1.242,1.242,1.242,1.243,
10,434,1027,1021,119.0512,0.0000,0.0000,-1.0000,0.0000,1134.0000,1134.0000,119.0512,0.1050,5.0010,5.0011,0.1500,4.0000,1.0000,18.0558,29.0518,179.169743,9.923100,179.169743,9.923100,10.068944,10.068944,"LINESTRING (-122.469094 37.706204, -122.466267 37.68454199999999)",119.051223,-1.000000,0.104983,7.447508,7.500000,7.552492,13.541652,21.788517,1134.000000,15259505.570965,18.056152,13.542114,29.052349,21.789262,17.582253,17.581933,17.794293,28.289845,28.289330,28.631018,5.074594,0.000000,18.056,17.968,17.880,17.791,17.703,17.615,13.542,17.615,17.703,17.791,17.880,17.968,
10,435,1028,15,24.7576,0.0000,0.0000,-1.0000,0.0000,3000.0000,3000.0000,24.7576,0.0083,0.4254,0.4254,0.1500,4.0000,1.0000,1.2430,2.0000,0.218167,0.175515,0.218167,0.175515,0.175698,0.175698,"LINESTRING (-122.469094 37.706204, -122.468994 37.706304)",24.757623,-1.000000,0.008253,7.495874,7.500000,7.504126,0.932256,1.500000,2475.762312,80227023619.985092,1.243008,0.932256,2.000000,1.500000,1.240444,1.240444,1.241715,1.995874,1.995874,1.997920,0.425803,0.000000,1.243,1.243,1.242,1.242,1.241,1.241,0.932,1.241,1.241,1.242,1.242,1.243,
10,436,1028,1022,115.1012,0.0000,0.0000,-1.0000,0.0000,1134.0000,1134.0000,115.1012,0.1015,5.0010,5.0011,0.1500,4.0000,1.0000,18.0559,29.0519,173.225091,9.593841,173.225091,9.593841,9.729679,9.729679,"LINESTRING (-122.469094 37.706204, -122.466267 37.68454199999999)",115.101236,-1.000000,0.101500,7.449250,7.500000,7.550750,13.541710,21.788611,1134.000000,17516460.067623,18.056152,13.542114,29.052349,21.789262,17.597977,17.597696,17.803784,28.315144,28.314693,28.646288,5.071889,0.000000,18.056,17.971,17.886,17.801,17.716,17.631,13.542,17.631,17.716,17.801,17.886,17.971,
10,437,1029,19,354.1613,0.0000,0.0000,-1.0000,0.0000,3000.0000,3000.0000,354.1613,0.1181,0.4252,0.4252,0.1500,4.0000,1.0000,1.2430,1.9999,3.119504,2.509714,3.119504,2.509714,2.551750,2.551750,"LINESTRING (-122.39718 37.792688999999996, -122.39708 37.792789)",354.161299,-1.000000,0.118054,7.440973,7.500000,7.559027,0.932205,1.499918,3000.000000,2122404.115533,1.243008,0.932256,2.000000,1.500000,1.206323,1.206288,1.222496,1.940973,1.940917,1.966996,0.432303,0.000000,1.243,1.236,1.229,1.222,1.215,1.208,0.932,1.208,1.215,1.222,1.229,1.236,
10,438,1029,1041,857.1361,0.0000,0.0000,-1.0000,0.0000,1134.0000,1134.0000,857.1361,0.7559,1.0010,1.0500,0.1500,4.0000,1.0000,20.0525,32.2645,300.787761,15.000006,300.787761,15.000006,17.752988,17.752988,"LINESTRING (-122.39718 37.792688999999996, -122.401742 37.78911299999999)",857.136122,-1.000000,0.755852,7.122074,7.500000,7.877926,14.449271,23.248878,1134.000000,826.291214,21.034273,15.775705,33.844145,25.383109,17.059574,16.263327,16.942937,27.448855,26.167694,27.261185,1.242719,0.000000,21.034,18.321,16.909,16.137,15.270,14.662,14.449,14.662,15.270,16.137,16.909,18.321,
10,439,1030,19,354.8639,0.0000,0.0000,-1.0000,0.0000,3000.0000,3000.0000,354.8639,0.1183,0.4252,0.4252,0.1500,4.0000,1.0000,1.2430,1.9999,3.125693,2.514694,3.125693,2.514694,2.556907,2.556907,"LINESTRING (-122.39718 37.792688999999996, -122.39708 37.792789)",354.863894,-1.000000,0.118288,7.440856,7.500000,7.559144,0.932205,1.499917,3000.000000,2105217.374680,1.243008,0.932256,2.000000,1.500000,1.206250,1.206214,1.222451,1.940856,1.940799,1.966923,0.432319,0.000000,1.243,1.236,1.229,1.222,1.215,1.208,0.932,1.208,1.215,1.222,1.229,1.236,
10,440,1030,1042,839.3250,0.0000,0.0000,-1.0000,0.0000,1134.0000,1134.0000,839.3250,0.7401,1.0010,1.0461,0.1500,4.0000,1.0000,20.1282,32.3863,294.537434,14.633076,294.537434,14.633076,17.223081,17.223081,"LINESTRING (-122.39718 37.792688999999996, -122.401742 37.78911299999999)",839.324955,-1.000000,0.740145,7.129927,7.500000,7.870073,14.547817,23.407438,1134.000000,882.876931,21.034273,15.775705,33.844145,25.383109,17.142168,16.403749,17.101321,27.581748,26.393632,27.516026,1.231209,0.000000,21.034,18.538,17.034,16.284,15.397,14.769,14.548,14.769,15.397,16.284,17.034,18.538,
10,441,1031,19,407.8451,0.0000,0.0000,-1.0000,0.0000,3000.0000,3000.0000,407.8451,0.1359,0.4252,0.4252,0.1500,4.0000,1.0000,1.2429,1.9999,3.592359,2.890201,3.592359,2.890201,2.946960,2.946960,"LINESTRING (-122.39718 37.792688999999996, -122.39708 37.792789)",407.845132,-1.000000,0.135948,7.432026,7.500000,7.567974,0.932167,1.499856,3000.000000,1188058.052315,1.243008,0.932256,2.000000,1.500000,1.200762,1.200700,1.219005,1.932026,1.931927,1.961379,0.433541,0.000000,1.243,1.235,1.227,1.219,1.210,1.202,0.932,1.202,1.210,1.219,1.227,1.235,
10,442,1031,1043,811.6609,0.0000,0.0000,-1.0000,0.0000,1134.0000,1134.0000,811.6609,0.7158,1.0010,1.0404,0.1500,4.0000,1.0000,20.2376,32.5623,284.829500,14.074293,284.829500,14.074293,16.428824,16.428824,"LINESTRING (-122.39718 37.792688999999996, -122.401742 37.78911299999999)",811.660860,-1.000000,0.715750,7.142125,7.500000,7.857875,14.691283,23.638274,1134.000000,986.446512,21.034273,15.775705,33.844145,25.383109,17.270451,16.616309,17.337181,27.788156,26.735642,27.895525,1.214460,0.000000,21.034,18.827,17.217,16.511,15.592,14.926,14.691,14.926,15.592,16.511,17.217,18.827,
10,443,1032,22,34.6321,0.0000,0.0000,-1.0000,0.0000,3000.0000,3000.0000,34.6321,0.0115,0.4253,0.4253,0.1500,4.0000,1.0000,1.2430,2.0000,0.305139,0.245484,0.305139,0.245484,0.245843,0.245843,"LINESTRING (-122.433657 37.733169, -122.433557 37.733269)",34.632123,-1.000000,0.011544,7.494228,7.500000,7.505772,0.932256,1.500000,3000.000000,25322462934.996445,1.243008,0.932256,2.000000,1.500000,1.239421,1.239421,1.241194,1.994228,1.994228,1.997081,0.425922,0.000000,1.243,1.242,1.242,1.241,1.241,1.240,0.932,1.240,1.241,1.241,1.242,1.242,
10,444,1032,1014,178.9895,0.0000,0.0000,-1.0000,0.0000,1134.0000,1134.0000,178.9895,0.1578,2.0010,2.0012,0.1500,4.0000,1.0000,33.0415,53.1638,197.253095,5.969854,197.253095,5.969854,6.108938,6.108938,"LINESTRING (-122.433657 37.733169, -122.44761 37.721658)",178.989457,-1.000000,0.157839,7.421080,7.500000,7.578920,24.779126,39.869613,1134.000000,1140605.153592,33.044601,24.783451,53.168764,39.876573,31.740670,31.737715,32.289263,51.070737,51.065983,51.953425,2.047809,0.000000,33.045,32.787,32.528,32.270,32.012,31.754,24.779,31.754,32.012,32.270,32.528,32.787,
10,445,1033,22,20.6855,0.0000,0.0000,-1.0000,0.0000,3000.0000,3000.0000,20.6855,0.0069,0.4253,0.4253,0.1500,4.0000,1.0000,1.2430,2.0000,0.182257,0.146626,0.182257,0.146626,0.146753,0.146753,"LINESTRING (-122.433657 37.733169, -122.433557 37.733269)",20.685469,-1.000000,0.006895,7.496552,7.500000,7.503448,0.932256,1.500000,2068.546886,137669241243.929413,1.243008,0.932256,2.000000,1.500000,1.240865,1.240865,1.241929,1.996553,1.996553,1.998264,0.425670,0.000000,1.243,1.243,1.242,1.242,1.242,1.241,0.932,1.241,1.242,1.242,1.242,1.243,
10,446,1033,1015,143.6167,0.0000,0.0000,-1.0000,0.0000,1134.0000,1134.0000,143.6167,0.1266,2.0010,2.0011,0.1500,4.0000,1.0000,33.0433,53.1667,158.270942,4.789801,158.270942,4.789801,4.876616,4.876616,"LINESTRING (-122.433657 37.733169, -122.44761 37.721658)",143.616657,-1.000000,0.126646,7.436677,7.500000,7.563323,24.781658,39.873688,1134.000000,2829456.484570,33.044601,24.783451,53.168764,39.876573,31.998359,31.997124,32.455073,51.485360,51.483373,52.220212,2.037347,0.000000,33.045,32.845,32.645,32.446,32.246,32.046,24.782,32.046,32.246,32.446,32.645,32.845,
10,447,1034,22,26.0945,0.0000,0.0000,-1.0000,0.0000,3000.0000,3000.0000,26.0945,0.0087,0.4253,0.4253,0.1500,4.0000,1.0000,1.2430,2.0000,0.229915,0.184967,0.229915,0.184967,0.185170,0.185170,"LINESTRING (-122.433657 37.733169, -122.433557 37.733269)",26.094522,-1.000000,0.008698,7.495651,7.500000,7.504349,0.932256,1.500000,2609.452236,68484441822.126457,1.243008,0.932256,2.000000,1.500000,1.240305,1.240305,1.241645,1.995651,1.995651,1.997807,0.425768,0.000000,1.243,1.243,1.242,1.242,1.241,1.241,0.932,1.241,1.241,1.242,1.242,1.243,
10,448,1034,1016,153.4256,0.0000,0.0000,-1.0000,0.0000,1134.0000,1134.0000,153.4256,0.1353,2.0010,2.0011,0.1500,4.0000,1.0000,33.0429,53.1661,169.080718,5.117000,169.080718,5.117000,5.216943,5.216943,"LINESTRING (-122.433657 37.733169, -122.44761 37.721658)",153.425557,-1.000000,0.135296,7.432352,7.500000,7.567648,24.781116,39.872815,1134.000000,2155872.909506,33.044601,24.783451,53.168764,39.876573,31.926902,31.925297,32.409924,51.370385,51.367803,52.147568,2.040185,0.000000,33.045,32.829,32.614,32.398,32.183,31.967,24.781,31.967,32.183,32.398,32.614,32.829,
10,449,1035,24,19.5605,0.0000,0.0000,-1.0000,0.0000,3000.0000,3000.0000,19.5605,0.0065,0.4249,0.4249,0.1500,4.0000,1.0000,1.2430,2.0000,0.172201,0.138536,0.172201,0.138536,0.138650,0.138650,"LINESTRING (-122.124744 37.893119999999996, -122.124644 37.89322)",19.560458,-1.000000,0.006520,7.496740,7.500000,7.503260,0.932256,1.500000,1956.045818,162726231499.276825,1.243008,0.932256,2.000000,1.500000,1.240982,1.240982,1.241988,1.996740,1.996740,1.998359,0.425296,0.000000,1.243,1.243,1.242,1.242,1.242,1.241,0.932,1.241,1.242,1.242,1.242,1.243,
10,450,1035,1046,737.1859,0.0000,0.0000,-1.0000,0.0000,1134.0000,1134.0000,737.1859,0.6501,5.0010,5.1350,0.1500,4.0000,1.0000,39.4788,63.5215,2490.738135,63.090448,2490.738135,63.090448,72.142292,72.142292,"LINESTRING (-122.124744 37.893119999999996, -122.183817 37.878403)",737.185907,-1.000000,0.650076,7.174962,7.500000,7.825038,28.948294,46.577805,1134.000000,6986.047674,40.536423,30.402317,65.223104,48.917328,33.948486,33.062786,34.525354,54.623114,53.198023,55.551294,5.871704,0.000000,40.536,37.399,34.261,32.998,31.036,29.501,28.948,29.501,31.036,32.998,34.261,37.399,
10,451,1036,24,1.4522,0.0000,0.0000,-1.0000,0.0000,3000.0000,3000.0000,1.4522,0.0005,0.4249,0.4249,0.1500,4.0000,1.0000,1.2430,2.0000,0.012785,0.010285,0.012785,0.010285,0.010286,0.010286,"LINESTRING (-122.124744 37.893119999999996, -122.124644 37.89322)",1.452243,-1.000000,0.000484,7.499758,7.500000,7.500242,0.932256,1.500000,145.224264,399440235350092.437500,1.243008,0.932256,2.000000,1.500000,1.242858,1.242858,1.242933,1.999758,1.999758,1.999879,0.424973,0.000000,1.243,1.243,1.243,1.243,1.243,1.243,0.932,1.243,1.243,1.243,1.243,1.243,
10,452,1036,1047,845.4017,0.0000,0.0000,-1.0000,0.0000,1134.0000,1134.0000,845.4017,0.7455,4.0010,4.1864,0.1500,4.0000,1.0000,48.4243,77.9148,2856.367881,58.986191,2856.367881,58.986191,69.556506,69.556506,"LINESTRING (-122.124744 37.893119999999996, -122.183817 37.878403)",845.401658,-1.000000,0.745504,7.127248,7.500000,7.872752,34.963555,56.256361,1134.000000,3448.454379,50.667999,38.000999,81.524811,61.143608,41.224699,39.399211,41.065431,66.330540,63.393331,66.074278,4.936577,0.000000,50.668,44.484,40.931,39.105,36.985,35.489,34.964,35.489,36.985,39.105,40.931,44.484,
10,453,1037,24,13.9873,0.0000,0.0000,-1.0000,0.0000,3000.0000,3000.0000,13.9873,0.0047,0.4249,0.4249,0.1500,4.0000,1.0000,1.2430,2.0000,0.123138,0.099064,0.123138,0.099064,0.099122,0.099122,"LINESTRING (-122.124744 37.893119999999996, -122.124644 37.89322)",13.987299,-1.000000,0.004662,7.497669,7.500000,7.502331,0.932256,1.500000,1398.729918,445658707254.357605,1.243008,0.932256,2.000000,1.500000,1.241559,1.241559,1.242280,1.997669,1.997669,1.998829,0.425196,0.000000,1.243,1.243,1.243,1.242,1.242,1.242,0.932,1.242,1.242,1.242,1.243,1.243,
10,454,1037,1048,723.4124,0.0000,0.0000,-1.0000,0.0000,1134.0000,1134.0000,723.4124,0.6379,5.0010,5.1252,0.1500,4.0000,1.0000,39.5538,63.6421,2444.201553,61.794301,2444.201553,61.794301,70.407480,70.407480,"LINESTRING (-122.124744 37.893119999999996, -122.183817 37.878403)",723.412435,-1.000000,0.637930,7.181035,7.500000,7.818965,29.049251,46.740244,1134.000000,7513.287077,40.536423,30.402317,65.223104,48.917328,34.071574,33.245692,34.715084,54.821163,53.492318,55.856569,5.839613,0.000000,40.536,37.561,34.585,33.217,31.219,29.625,29.049,29.625,31.219,33.217,34.585,37.561,
10,455,1038,26,47.9362,0.0000,0.0000,-1.0000,0.0000,3000.0000,3000.0000,47.9362,0.0160,0.4251,0.4251,0.1500,4.0000,1.0000,1.2430,2.0000,0.422150,0.339620,0.422150,0.339620,0.340310,0.340310,"LINESTRING (-122.267263 37.828714, -122.267163 37.828814)",47.936198,-1.000000,0.015979,7.492011,7.500000,7.507989,0.932256,1.500000,3000.000000,6871991178.609442,1.243008,0.932256,2.000000,1.500000,1.238043,1.238043,1.240486,1.992011,1.992011,1.995942,0.425954,0.000000,1.243,1.242,1.241,1.240,1.240,1.239,0.932,1.239,1.240,1.240,1.241,1.242,
10,456,1038,1007,956.9138,0.0000,0.0000,-1.0000,0.0000,1134.0000,1134.0000,956.9138,0.8438,4.0010,4.3053,0.1500,4.0000,1.0000,20.0236,32.2180,1374.886468,68.663309,1374.886468,68.663309,84.132181,84.132181,"LINESTRING (-122.267263 37.828714, -122.268822 37.807959999999994)",956.913780,-1.000000,0.843839,7.078080,7.500000,7.921920,14.143025,22.756127,1134.000000,2444.537432,21.546501,16.159876,34.668320,26.001240,17.001055,15.799423,16.341981,27.354697,25.421272,26.294247,5.275220,0.000000,21.547,16.999,16.529,15.668,14.862,14.327,14.143,14.327,14.862,15.668,16.529,16.999,
10,457,1039,26,30.6250,0.0000,0.0000,-1.0000,0.0000,3000.0000,3000.0000,30.6250,0.0102,0.4251,0.4251,0.1500,4.0000,1.0000,1.2430,2.0000,0.269699,0.216973,0.269699,0.216973,0.217253,0.217253,"LINESTRING (-122.267263 37.828714, -122.267163 37.828814)",30.625022,-1.000000,0.010208,7.494896,7.500000,7.505104,0.932256,1.500000,3000.000000,41432580964.863121,1.243008,0.932256,2.000000,1.500000,1.239836,1.239836,1.241406,1.994896,1.994896,1.997422,0.425638,0.000000,1.243,1.242,1.242,1.241,1.241,1.240,0.932,1.240,1.241,1.241,1.242,1.242,
10,458,1039,1008,952.1473,0.0000,0.0000,-1.0000,0.0000,1134.0000,1134.0000,952.1473,0.8396,4.0010,4.2993,0.1500,4.0000,1.0000,20.0516,32.2631,1368.037974,68.225790,1368.037974,68.225790,83.444120,83.444120,"LINESTRING (-122.267263 37.828714, -122.268822 37.807959999999994)",952.147265,-1.000000,0.839636,7.080182,7.500000,7.919818,14.178019,22.812432,1134.000000,2473.654767,21.546501,16.159876,34.668320,26.001240,17.023696,15.842609,16.394660,27.391128,25.490757,26.379008,5.258270,0.000000,21.547,17.023,16.569,15.710,14.901,14.363,14.178,14.363,14.901,15.710,16.569,17.023,
10,459,1040,26,30.4388,0.0000,0.0000,-1.0000,0.0000,3000.0000,3000.0000,30.4388,0.0101,0.4251,0.4251,0.1500,4.0000,1.0000,1.2430,2.0000,0.268059,0.215653,0.268059,0.215653,0.215930,0.215930,"LINESTRING (-122.267263 37.828714, -122.267163 37.828814)",30.438780,-1.000000,0.010146,7.494927,7.500000,7.505073,0.932256,1.500000,3000.000000,42457959225.698540,1.243008,0.932256,2.000000,1.500000,1.239855,1.239855,1.241416,1.994927,1.994927,1.997438,0.425635,0.000000,1.243,1.242,1.242,1.241,1.241,1.240,0.932,1.240,1.241,1.241,1.242,1.242,
10,460,1040,1009,972.6032,0.0000,0.0000,-1.0000,0.0000,1134.0000,1134.0000,972.6032,0.8577,4.0010,4.3258,0.1500,4.0000,1.0000,19.9289,32.0656,1397.428911,70.120648,1397.428911,70.120648,86.445589,86.445589,"LINESTRING (-122.267263 37.828714, -122.268822 37.807959999999994)",972.603203,-1.000000,0.857675,7.071163,7.500000,7.928837,14.025370,22.566820,1134.000000,2354.972161,21.546501,16.159876,34.668320,26.001240,16.926528,15.655788,16.165416,27.234784,25.190163,26.010154,5.332838,0.000000,21.547,16.916,16.395,15.527,14.730,14.206,14.025,14.206,14.730,15.527,16.395,16.916,
10,461,1041,29,270.8409,0.0000,0.0000,-1.0000,0.0000,3000.0000,3000.0000,270.8409,0.0903,0.4252,0.4252,0.1500,4.0000,1.0000,1.2430,2.0000,2.385650,1.919275,2.385650,1.919275,1.943166,1.943166,"LINESTRING (-122.401742 37.78911299999999, -122.401642 37.789213)",270.840910,-1.000000,0.090280,7.454860,7.500000,7.545140,0.932239,1.499972,3000.000000,6354528.790771,1.243008,0.932256,2.000000,1.500000,1.214953,1.214941,1.227713,1.954860,1.954840,1.975391,0.430474,0.000000,1.243,1.238,1.233,1.228,1.222,1.217,0.932,1.217,1.222,1.228,1.233,1.238,
10,462,1041,1055,594.9776,0.0000,0.0000,-1.0000,0.0000,1134.0000,1134.0000,594.9776,0.5247,2.0010,2.0237,0.1500,4.0000,1.0000,13.1961,21.2326,264.820439,20.068052,264.820439,20.068052,22.173303,22.173303,"LINESTRING (-122.401742 37.78911299999999, -122.407487 37.784544999999994)",594.977604,-1.000000,0.524672,7.237664,7.500000,7.762336,9.800708,15.769340,1134.000000,6732.376645,13.346120,10.009590,21.473907,16.105430,11.595537,11.465214,11.943211,18.657220,18.447529,19.216626,2.236048,0.000000,13.346,12.732,12.118,11.578,10.886,10.100,9.801,10.100,10.886,11.578,12.118,12.732,
10,463,1042,29,283.2050,0.0000,0.0000,-1.0000,0.0000,3000.0000,3000.0000,283.2050,0.0944,0.4252,0.4252,0.1500,4.0000,1.0000,1.2430,2.0000,2.494557,2.006895,2.494557,2.006895,2.033129,2.033129,"LINESTRING (-122.401742 37.78911299999999, -122.401642 37.789213)",283.204960,-1.000000,0.094402,7.452799,7.500000,7.547201,0.932235,1.499967,3000.000000,5297000.503530,1.243008,0.932256,2.000000,1.500000,1.213673,1.213658,1.226954,1.952799,1.952776,1.974170,0.430740,0.000000,1.243,1.238,1.232,1.227,1.221,1.216,0.932,1.216,1.221,1.227,1.232,1.238,
10,464,1042,1056,560.9943,0.0000,0.0000,-1.0000,0.0000,1134.0000,1134.0000,560.9943,0.4947,2.0010,2.0190,0.1500,4.0000,1.0000,13.2273,21.2827,249.694712,18.877246,249.694712,18.877246,20.702607,20.702607,"LINESTRING (-122.401742 37.78911299999999, -122.407487 37.784544999999994)",560.994320,-1.000000,0.494704,7.252648,7.500000,7.747352,9.843770,15.838627,1134.000000,8674.901478,13.346120,10.009590,21.473907,16.105430,11.695525,11.591387,12.061027,18.818100,18.650542,19.406193,2.214205,0.000000,13.346,12.802,12.257,11.713,11.074,10.189,9.844,10.189,11.074,11.713,12.257,12.802,
10,465,1043,29,314.3744,0.0000,0.0000,-1.0000,0.0000,3000.0000,3000.0000,314.3744,0.1048,0.4252,0.4252,0.1500,4.0000,1.0000,1.2430,2.0000,2.769107,2.227787,2.769107,2.227787,2.260463,2.260463,"LINESTRING (-122.401742 37.78911299999999, -122.401642 37.789213)",314.374435,-1.000000,0.104791,7.447604,7.500000,7.552396,0.932224,1.499949,3000.000000,3457898.589965,1.243008,0.932256,2.000000,1.500000,1.210444,1.210422,1.225018,1.947604,1.947569,1.971053,0.431421,0.000000,1.243,1.237,1.231,1.225,1.219,1.213,0.932,1.213,1.219,1.225,1.231,1.237,
10,466,1043,1057,506.9027,0.0000,0.0000,-1.0000,0.0000,1134.0000,1134.0000,506.9027,0.4470,2.0010,2.0130,0.1500,4.0000,1.0000,13.2667,21.3461,225.618911,17.006448,225.618911,17.006448,18.439679,18.439679,"LINESTRING (-122.401742 37.78911299999999, -122.407487 37.784544999999994)",506.902714,-1.000000,0.447004,7.276498,7.500000,7.723502,9.898441,15.926591,1134.000000,13488.461924,13.346120,10.009590,21.473907,16.105430,11.854677,11.784105,12.235512,19.074175,18.960625,19.686939,2.182629,0.000000,13.346,12.897,12.447,11.998,11.410,10.340,9.898,10.340,11.410,11.998,12.447,12.897,
10,467,1044,31,13.0036,0.0000,0.0000,-1.0000,0.0000,3000.0000,3000.0000,13.0036,0.0043,0.4247,0.4247,0.1500,4.0000,1.0000,1.2430,2.0000,0.114412,0.092045,0.114412,0.092045,0.092095,0.092095,"LINESTRING (-122.02466100000001 38.003307, -122.024561 38.003407)",13.003629,-1.000000,0.004335,7.497833,7.500000,7.502167,0.932256,1.500000,1300.362881,554457134516.254761,1.243008,0.932256,2.000000,1.500000,1.241661,1.241661,1.242332,1.997833,1.997833,1.998912,0.424934,0.000000,1.243,1.243,1.243,1.242,1.242,1.242,0.932,1.242,1.242,1.242,1.243,1.243,
10,468,1044,1023,686.3764,0.0000,0.0000,-1.0000,0.0000,1134.0000,1134.0000,686.3764,0.6053,3.0010,3.0614,0.1500,4.0000,1.0000,40.4320,65.0551,1415.986108,35.021399,1415.986108,35.021399,39.532326,39.532326,"LINESTRING (-122.02466100000001 38.003307, -122.02922600000001 37.973673)",686.376440,-1.000000,0.605270,7.197365,7.500000,7.802635,29.809275,47.963123,1134.000000,5554.437442,41.246006,30.934505,66.364824,49.773618,35.004761,34.313950,35.818436,56.322661,55.211146,57.631864,3.455742,0.000000,41.246,38.611,35.976,34.400,32.274,30.469,29.809,30.469,32.274,34.400,35.976,38.611,
10,469,1045,31,3.9964,0.0000,0.0000,-1.0000,0.0000,3000.0000,3000.0000,3.9964,0.0013,0.4247,0.4247,0.1500,4.0000,1.0000,1.2430,2.0000,0.035162,0.028288,0.035162,0.028288,0.028293,0.028293,"LINESTRING (-122.02466100000001 38.003307, -122.024561 38.003407)",3.996371,-1.000000,0.001332,7.499334,7.500000,7.500666,0.932256,1.500000,399.637119,19144570747588.027344,1.243008,0.932256,2.000000,1.500000,1.242594,1.242594,1.242801,1.999334,1.999334,1.999667,0.424773,0.000000,1.243,1.243,1.243,1.243,1.243,1.243,0.932,1.243,1.243,1.243,1.243,1.243,
10,470,1045,1024,377.6236,0.0000,0.0000,-1.0000,0.0000,1134.0000,1134.0000,377.6236,0.3330,3.0010,3.0065,0.1500,4.0000,1.0000,41.1701,66.2426,779.032735,18.922309,779.032735,18.922309,20.008941,20.008941,"LINESTRING (-122.02466100000001 38.003307, -122.02922600000001 37.973673)",377.623560,-1.000000,0.333001,7.333499,7.500000,7.666501,30.827889,49.602073,1134.000000,72955.243807,41.246006,30.934505,66.364824,49.773618,37.812262,37.742646,38.934231,60.839929,60.727917,62.645178,3.179188,0.000000,41.246,40.388,39.530,38.672,37.814,33.543,30.828,33.543,37.814,38.672,39.530,40.388,
10,471,1046,33,1.4570,0.0000,0.0000,-1.0000,0.0000,3000.0000,3000.0000,1.4570,0.0005,0.4250,0.4250,0.1500,4.0000,1.0000,1.2430,2.0000,0.012827,0.010320,0.012827,0.010320,0.010320,0.010320,"LINESTRING (-122.183817 37.878403, -122.183717 37.878503)",1.456968,-1.000000,0.000486,7.499757,7.500000,7.500243,0.932256,1.500000,145.696797,395596228442087.812500,1.243008,0.932256,2.000000,1.500000,1.242857,1.242857,1.242933,1.999757,1.999757,1.999879,0.425005,0.000000,1.243,1.243,1.243,1.243,1.243,1.243,0.932,1.243,1.243,1.243,1.243,1.243,
10,472,1046,1058,834.2351,0.0000,0.0000,-1.0000,0.0000,1134.0000,1134.0000,834.2351,0.7357,5.0010,5.2207,0.1500,4.0000,1.0000,50.1107,80.6281,3637.452621,72.588324,3637.452621,72.588324,85.303747,85.303747,"LINESTRING (-122.183817 37.878403, -122.251371 37.844694999999994)",834.235103,-1.000000,0.735657,7.132171,7.500000,7.867829,36.248238,58.323415,1134.000000,4498.468019,52.312237,39.234178,84.170389,63.127792,42.691270,40.894638,42.641182,68.690254,65.799472,68.609662,6.135231,0.000000,52.312,46.246,42.450,40.602,38.383,36.804,36.248,36.804,38.383,40.602,42.450,46.246,
10,473,1047,33,5.8188,0.0000,0.0000,-1.0000,0.0000,3000.0000,3000.0000,5.8188,0.0019,0.4250,0.4250,0.1500,4.0000,1.0000,1.2430,2.0000,0.051230,0.041215,0.051230,0.041215,0.041225,0.041225,"LINESTRING (-122.183817 37.878403, -122.183717 37.878503)",5.818800,-1.000000,0.001940,7.499030,7.500000,7.500970,0.932256,1.500000,581.879988,6203368725450.593750,1.243008,0.932256,2.000000,1.500000,1.242405,1.242405,1.242706,1.999030,1.999030,1.999514,0.425083,0.000000,1.243,1.243,1.243,1.243,1.243,1.243,0.932,1.243,1.243,1.243,1.243,1.243,
10,474,1047,1059,839.5829,0.0000,0.0000,-1.0000,0.0000,1134.0000,1134.0000,839.5829,0.7404,6.0010,6.2715,0.1500,4.0000,1.0000,41.7149,67.1192,3660.770034,87.756960,3660.770034,87.756960,103.297806,103.297806,"LINESTRING (-122.183817 37.878403, -122.251371 37.844694999999994)",839.582858,-1.000000,0.740373,7.129814,7.500000,7.870186,30.148469,48.508886,1134.000000,5287.625769,43.594982,32.696237,70.144326,52.608245,35.525846,33.993729,35.438991,57.161087,54.695910,57.021337,7.382081,0.000000,43.595,38.415,35.300,33.745,31.908,30.606,30.148,30.606,31.908,33.745,35.300,38.415,
10,475,1048,33,2.7242,0.0000,0.0000,-1.0000,0.0000,3000.0000,3000.0000,2.7242,0.0009,0.4250,0.4250,0.1500,4.0000,1.0000,1.2430,2.0000,0.023985,0.019296,0.023985,0.019296,0.019298,0.019298,"LINESTRING (-122.183817 37.878403, -122.183717 37.878503)",2.724232,-1.000000,0.000908,7.499546,7.500000,7.500454,0.932256,1.500000,272.423215,60496758625567.765625,1.243008,0.932256,2.000000,1.500000,1.242726,1.242726,1.242867,1.999546,1.999546,1.999773,0.425028,0.000000,1.243,1.243,1.243,1.243,1.243,1.243,0.932,1.243,1.243,1.243,1.243,1.243,
10,476,1048,1060,828.1820,0.0000,0.0000,-1.0000,0.0000,1134.0000,1134.0000,828.1820,0.7303,5.0010,5.2144,0.1500,4.0000,1.0000,50.1713,80.7257,3611.059904,71.974571,3611.059904,71.974571,84.427989,84.427989,"LINESTRING (-122.183817 37.878403, -122.251371 37.844694999999994)",828.182040,-1.000000,0.730319,7.134840,7.500000,7.865160,36.327610,58.451125,1134.000000,4606.918855,52.312237,39.234178,84.170389,63.127792,42.761078,41.011057,42.770886,68.802575,65.986791,68.818356,6.116625,0.000000,52.312,46.409,42.552,40.725,38.489,36.891,36.328,36.891,38.489,40.725,42.552,46.409,
10,477,1049,34,10.0000,0.0000,0.0000,-1.0000,0.0000,3000.0000,3000.0000,10.0000,0.0033,0.4247,0.4247,0.1500,4.0000,1.0000,1.2430,2.0000,0.087979,0.070779,0.087979,0.070779,0.070808,0.070808,"LINESTRING (-121.889111 38.01677299999999, -121.889011 38.016873)",10.000000,-1.000000,0.003333,7.498333,7.500000,7.501667,0.932256,1.500000,1000.000000,1219997094844.362061,1.243008,0.932256,2.000000,1.500000,1.241972,1.241972,1.242488,1.998333,1.998333,1.999164,0.424850,0.000000,1.243,1.243,1.243,1.242,1.242,1.242,0.932,1.242,1.242,1.242,1.243,1.243,
10,478,1049,1053,480.0000,0.0000,0.0000,-1.0000,0.0000,1134.0000,1134.0000,480.0000,0.4233,10.0010,10.0492,0.1500,4.0000,1.0000,17.9763,28.9239,1445.176791,80.393250,1445.176791,80.393250,86.693793,86.693793,"LINESTRING (-121.889111 38.01677299999999, -121.944348 38.01884999999999)",480.000000,-1.000000,0.423280,7.288360,7.500000,7.711640,13.425963,21.602375,1134.000000,85556.230288,18.062902,13.547177,29.063210,21.797408,16.151484,16.074086,16.669899,25.987738,25.863205,26.821868,10.836724,0.000000,18.063,17.511,16.958,16.406,15.692,14.107,13.426,14.107,15.692,16.406,16.958,17.511,
10,479,1050,35,22.2115,0.0000,0.0000,-1.0000,0.0000,3000.0000,3000.0000,22.2115,0.0074,0.4249,0.4249,0.1500,4.0000,1.0000,1.2430,2.0000,0.195504,0.157283,0.195504,0.157283,0.157429,0.157429,"LINESTRING (-122.056115 37.928363, -122.056015 37.928463)",22.211477,-1.000000,0.007404,7.496298,7.500000,7.503702,0.932256,1.500000,2221.147663,111043252148.770233,1.243008,0.932256,2.000000,1.500000,1.240707,1.240707,1.241849,1.996298,1.996298,1.998135,0.425265,0.000000,1.243,1.243,1.242,1.242,1.241,1.241,0.932,1.241,1.241,1.242,1.242,1.243,
10,480,1050,1070,723.2474,0.0000,0.0000,-1.0000,0.0000,1134.0000,1134.0000,723.2474,0.6378,3.0010,3.0755,0.1500,4.0000,1.0000,32.8440,52.8459,1217.599145,37.072239,1217.599145,37.072239,42.237744,42.237744,"LINESTRING (-122.056115 37.928363, -122.067479 37.905711999999994)",723.247367,-1.000000,0.637784,7.181108,7.500000,7.818892,24.121810,38.811992,1134.000000,4512.577144,33.659119,25.244339,54.157522,40.618141,28.292305,27.607120,28.827277,45.522318,44.419856,46.383088,3.504008,0.000000,33.659,31.190,28.720,27.584,25.924,24.600,24.122,24.600,25.924,27.584,28.720,31.190,
10,481,1051,35,6.1261,0.0000,0.0000,-1.0000,0.0000,3000.0000,3000.0000,6.1261,0.0020,0.4249,0.4249,0.1500,4.0000,1.0000,1.2430,2.0000,0.053921,0.043380,0.053921,0.043380,0.043391,0.043391,"LINESTRING (-122.056115 37.928363, -122.056015 37.928463)",6.126090,-1.000000,0.002042,7.498979,7.500000,7.501021,0.932256,1.500000,612.609031,5314116829481.970703,1.243008,0.932256,2.000000,1.500000,1.242374,1.242374,1.242690,1.998979,1.998979,1.999489,0.424977,0.000000,1.243,1.243,1.243,1.243,1.243,1.242,0.932,1.242,1.243,1.243,1.243,1.243,
10,482,1051,1071,653.6929,0.0000,0.0000,-1.0000,0.0000,1134.0000,1134.0000,653.6929,0.5764,3.0010,3.0507,0.1500,4.0000,1.0000,33.1107,53.2751,1100.503100,33.237071,1100.503100,33.237071,37.223026,37.223026,"LINESTRING (-122.056115 37.928363, -122.067479 37.905711999999994)",653.692943,-1.000000,0.576449,7.211776,7.500000,7.788224,24.483982,39.394727,1134.000000,6784.166291,33.659119,25.244339,54.157522,40.618141,28.808429,28.339054,29.565116,46.352762,45.597539,47.570272,3.416561,0.000000,33.659,31.750,29.842,28.500,26.718,25.087,24.484,25.087,26.718,28.500,29.842,31.750,
10,483,1052,35,4.6624,0.0000,0.0000,-1.0000,0.0000,3000.0000,3000.0000,4.6624,0.0016,0.4249,0.4249,0.1500,4.0000,1.0000,1.2430,2.0000,0.041038,0.033015,0.041038,0.033015,0.033022,0.033022,"LINESTRING (-122.056115 37.928363, -122.056015 37.928463)",4.662433,-1.000000,0.001554,7.499223,7.500000,7.500777,0.932256,1.500000,466.243306,12058762057367.720703,1.243008,0.932256,2.000000,1.500000,1.242525,1.242525,1.242766,1.999223,1.999223,1.999611,0.424951,0.000000,1.243,1.243,1.243,1.243,1.243,1.243,0.932,1.243,1.243,1.243,1.243,1.243,
10,484,1052,1072,457.0597,0.0000,0.0000,-1.0000,0.0000,1134.0000,1134.0000,457.0597,0.4031,3.0010,3.0129,0.1500,4.0000,1.0000,33.5264,53.9440,769.467700,22.951095,769.467700,22.951095,24.637366,24.637366,"LINESTRING (-122.056115 37.928363, -122.067479 37.905711999999994)",457.059690,-1.000000,0.403051,7.298475,7.500000,7.701525,25.058351,40.318887,1134.000000,31798.829387,33.659119,25.244339,54.157522,40.618141,30.267534,30.148193,31.231735,48.700463,48.508442,50.251862,3.234243,0.000000,33.659,32.712,31.765,30.818,29.652,26.484,25.058,26.484,29.652,30.818,31.765,32.712,
10,485,1053,36,0.0000,0.0000,0.0000,-1.0000,0.0000,3000.0000,3000.0000,0.0000,0.0000,0.4247,0.4247,0.1500,4.0000,1.0000,1.2430,2.0000,0.000000,0.000000,0.000000,0.000000,0.000000,0.000000,"LINESTRING (-121.944348 38.01884999999999, -121.944248 38.01895)",0.000000,-1.000000,0.000000,7.500000,7.500000,7.500000,0.932256,1.500000,0.000000,nan,1.243008,0.932256,2.000000,1.500000,1.243008,1.243008,1.243008,2.000000,2.000000,2.000000,0.424668,0.000000,1.243,1.243,1.243,1.243,1.243,1.243,nan,1.243,1.243,1.243,1.243,1.243,
10,486,1053,1044,641.3784,0.0000,0.0000,-1.0000,0.0000,1134.0000,1134.0000,641.3784,0.5656,6.0010,6.0931,0.1500,4.0000,1.0000,44.3419,71.3462,2888.132215,65.133187,2888.132215,65.133187,72.732944,72.732944,"LINESTRING (-121.944348 38.01884999999999, -122.02466100000001 38.003307)",641.378447,-1.000000,0.565589,7.217205,7.500000,7.782795,32.822291,52.811066,1134.000000,14685.245180,45.022575,33.766932,72.441324,54.330993,38.656502,38.072111,39.708721,62.198311,61.258027,63.891332,6.804059,0.000000,45.023,42.580,40.138,38.331,35.936,33.666,32.822,33.666,35.936,38.331,40.138,42.580,
10,487,1054,36,0.0000,0.0000,0.0000,-1.0000,0.0000,3000.0000,3000.0000,0.0000,0.0000,0.4247,0.4247,0.1500,4.0000,1.0000,1.2430,2.0000,0.000000,0.000000,0.000000,0.000000,0.000000,0.000000,"LINESTRING (-121.944348 38.01884999999999, -121.944248 38.01895)",0.000000,-1.000000,0.000000,7.500000,7.500000,7.500000,0.932256,1.500000,0.000000,nan,1.243008,0.932256,2.000000,1.500000,1.243008,1.243008,1.243008,2.000000,2.000000,2.000000,0.424668,0.000000,1.243,1.243,1.243,1.243,1.243,1.243,nan,1.243,1.243,1.243,1.243,1.243,
10,488,1054,1045,293.6216,0.0000,0.0000,-1.0000,0.0000,1134.0000,1134.0000,293.6216,0.2589,6.0010,6.0050,0.1500,4.0000,1.0000,44.9922,72.3925,1322.180173,29.386848,1322.180173,29.386848,30.619674,30.619674,"LINESTRING (-121.944348 38.01884999999999, -122.02466100000001 38.003307)",293.621553,-1.000000,0.258926,7.370537,7.500000,7.629463,33.724300,54.262398,1134.000000,429272.234655,45.022575,33.766932,72.441324,54.330993,42.108202,42.079831,43.180740,67.752097,67.706449,69.477811,6.256967,0.000000,45.023,44.367,43.712,43.056,42.401,38.800,33.724,38.800,42.401,43.056,43.712,44.367,
10,489,1055,38,167.4616,0.0000,0.0000,-1.0000,0.0000,3000.0000,3000.0000,167.4616,0.0558,0.4252,0.4252,0.1500,4.0000,1.0000,1.2430,2.0000,1.475088,1.186710,1.475088,1.186710,1.195516,1.195516,"LINESTRING (-122.407487 37.784544999999994, -122.407387 37.784645)",167.461588,-1.000000,0.055821,7.472090,7.500000,7.527910,0.932254,1.499996,3000.000000,44729691.548800,1.243008,0.932256,2.000000,1.500000,1.225662,1.225660,1.233851,1.972090,1.972087,1.985266,0.428343,0.000000,1.243,1.240,1.237,1.234,1.231,1.228,0.932,1.228,1.231,1.234,1.237,1.240,
10,490,1055,1017,463.2474,0.0000,0.0000,-1.0000,0.0000,1134.0000,1134.0000,463.2474,0.4085,2.0010,2.0094,0.1500,4.0000,1.0000,15.0677,24.2439,233.757128,15.513836,233.757128,15.513836,16.673988,16.673988,"LINESTRING (-122.407487 37.784544999999994, -122.413979 37.779349999999994)",463.247397,-1.000000,0.408507,7.295746,7.500000,7.704254,11.259757,18.116949,1134.000000,19993.094826,15.130596,11.347947,24.345129,18.258847,13.585356,13.528843,14.019269,21.858838,21.767908,22.557004,2.159622,0.000000,15.131,14.695,14.260,13.824,13.279,11.880,11.260,11.880,13.279,13.824,14.260,14.695,
10,491,1056,38,152.0674,0.0000,0.0000,-1.0000,0.0000,3000.0000,3000.0000,152.0674,0.0507,0.4252,0.4252,0.1500,4.0000,1.0000,1.2430,2.0000,1.339488,1.077619,1.339488,1.077619,1.084840,1.084840,"LINESTRING (-122.407487 37.784544999999994, -122.407387 37.784645)",152.067362,-1.000000,0.050689,7.474655,7.500000,7.525345,0.932254,1.499997,3000.000000,66054182.886276,1.243008,0.932256,2.000000,1.500000,1.227256,1.227255,1.234733,1.974656,1.974654,1.986685,0.428037,0.000000,1.243,1.240,1.237,1.235,1.232,1.229,0.932,1.229,1.232,1.235,1.237,1.240,
10,492,1056,1018,433.1979,0.0000,0.0000,-1.0000,0.0000,1134.0000,1134.0000,433.1979,0.3820,2.0010,2.0074,0.1500,4.0000,1.0000,15.0824,24.2676,218.594001,14.493300,218.594001,14.493300,15.486158,15.486158,"LINESTRING (-122.407487 37.784544999999994, -122.413979 37.779349999999994)",433.197921,-1.000000,0.382009,7.308996,7.500000,7.691004,11.280384,18.150138,1134.000000,26792.713654,15.130596,11.347947,24.345129,18.258847,13.685591,13.642014,14.115444,22.020116,21.950000,22.711750,2.144908,0.000000,15.131,14.741,14.351,13.961,13.521,12.007,11.280,12.007,13.521,13.961,14.351,14.741,
10,493,1057,38,123.0312,0.0000,0.0000,-1.0000,0.0000,3000.0000,3000.0000,123.0312,0.0410,0.4252,0.4252,0.1500,4.0000,1.0000,1.2430,2.0000,1.083723,0.871855,1.083723,0.871855,0.876533,0.876533,"LINESTRING (-122.407487 37.784544999999994, -122.407387 37.784645)",123.031215,-1.000000,0.041010,7.479495,7.500000,7.520505,0.932255,1.499999,3000.000000,155354408.832024,1.243008,0.932256,2.000000,1.500000,1.230264,1.230264,1.236375,1.979495,1.979494,1.989327,0.427468,0.000000,1.243,1.241,1.239,1.236,1.234,1.232,0.932,1.232,1.234,1.236,1.239,1.241,
10,494,1057,1019,413.3619,0.0000,0.0000,-1.0000,0.0000,1134.0000,1134.0000,413.3619,0.3645,2.0010,2.0063,0.1500,4.0000,1.0000,15.0906,24.2808,208.584631,13.822127,208.584631,13.822127,14.713271,14.713271,"LINESTRING (-122.407487 37.784544999999994, -122.413979 37.779349999999994)",413.361886,-1.000000,0.364517,7.317742,7.500000,7.682258,11.291877,18.168631,1134.000000,32859.805503,15.130596,11.347947,24.345129,18.258847,13.751758,13.715436,14.176632,22.126578,22.068136,22.810201,2.135650,0.000000,15.131,14.769,14.407,14.046,13.672,12.102,11.292,12.102,13.672,14.046,14.407,14.769,
10,495,1058,40,14.8808,0.0000,0.0000,-1.0000,0.0000,3000.0000,3000.0000,14.8808,0.0050,0.4251,0.4251,0.1500,4.0000,1.0000,1.2430,2.0000,0.131037,0.105419,0.131037,0.105419,0.105485,0.105485,"LINESTRING (-122.251371 37.844694999999994, -122.251271 37.844795)",14.880846,-1.000000,0.004960,7.497520,7.500000,7.502480,0.932256,1.500000,1488.084611,370111937098.956421,1.243008,0.932256,2.000000,1.500000,1.241467,1.241467,1.242234,1.997520,1.997520,1.998754,0.425319,0.000000,1.243,1.243,1.242,1.242,1.242,1.242,0.932,1.242,1.242,1.242,1.242,1.243,
10,496,1058,1038,909.4836,0.0000,0.0000,-1.0000,0.0000,1134.0000,1134.0000,909.4836,0.8020,3.0010,3.1872,0.1500,4.0000,1.0000,26.4360,42.5356,1277.189840,48.312455,1277.189840,48.312455,58.179710,58.179710,"LINESTRING (-122.251371 37.844694999999994, -122.267263 37.828714)",909.483647,-1.000000,0.802014,7.098993,7.500000,7.901007,18.862581,30.349892,1134.000000,2085.485309,28.076683,21.057512,45.175383,33.881537,22.447211,21.135520,21.952496,36.117563,34.007052,35.321566,3.838203,0.000000,28.077,23.338,22.047,20.959,19.864,19.121,18.863,19.121,19.864,20.959,22.047,23.338,
10,497,1059,40,10.7705,0.0000,0.0000,-1.0000,0.0000,3000.0000,3000.0000,10.7705,0.0036,0.4251,0.4251,0.1500,4.0000,1.0000,1.2430,2.0000,0.094842,0.076300,0.094842,0.076300,0.076335,0.076335,"LINESTRING (-122.251371 37.844694999999994, -122.251271 37.844795)",10.770463,-1.000000,0.003590,7.498205,7.500000,7.501795,0.932256,1.500000,1077.046336,977150548863.463867,1.243008,0.932256,2.000000,1.500000,1.241892,1.241892,1.242448,1.998205,1.998205,1.999099,0.425246,0.000000,1.243,1.243,1.243,1.242,1.242,1.242,0.932,1.242,1.242,1.242,1.243,1.243,
10,498,1059,1039,900.2185,0.0000,0.0000,-1.0000,0.0000,1134.0000,1134.0000,900.2185,0.7938,3.0010,3.1798,0.1500,4.0000,1.0000,26.4982,42.6356,1264.178704,47.708141,1264.178704,47.708141,57.268667,57.268667,"LINESTRING (-122.251371 37.844694999999994, -122.267263 37.828714)",900.218450,-1.000000,0.793843,7.103078,7.500000,7.896922,18.941815,30.477380,1134.000000,2144.898996,28.076683,21.057512,45.175383,33.881537,22.504560,21.239325,22.074526,36.209838,34.174074,35.517913,3.816985,0.000000,28.077,23.572,22.143,21.063,19.958,19.204,18.942,19.204,19.958,21.063,22.143,23.572,
10,499,1060,40,15.3487,0.0000,0.0000,-1.0000,0.0000,3000.0000,3000.0000,15.3487,0.0051,0.4251,0.4251,0.1500,4.0000,1.0000,1.2430,2.0000,0.135157,0.108734,0.135157,0.108734,0.108804,0.108804,"LINESTRING (-122.251371 37.844694999999994, -122.251271 37.844795)",15.348691,-1.000000,0.005116,7.497442,7.500000,7.502558,0.932256,1.500000,1534.869052,337249149647.864624,1.243008,0.932256,2.000000,1.500000,1.241418,1.241418,1.242209,1.997442,1.997442,1.998714,0.425327,0.000000,1.243,1.243,1.242,1.242,1.242,1.242,0.932,1.242,1.242,1.242,1.242,1.243,
10,500,1060,1040,898.2979,0.0000,0.0000,-1.0000,0.0000,1134.0000,1134.0000,898.2979,0.7921,3.0010,3.1783,0.1500,4.0000,1.0000,26.5109,42.6560,1261.481676,47.583592,1261.481676,47.583592,57.081743,57.081743,"LINESTRING (-122.251371 37.844694999999994, -122.267263 37.828714)",898.297903,-1.000000,0.792150,7.103925,7.500000,7.896075,18.958018,30.503450,1134.000000,2157.694483,28.076683,21.057512,45.175383,33.881537,22.516448,21.260712,22.099565,36.228965,34.208486,35.558200,3.812660,0.000000,28.077,23.618,22.162,21.084,19.977,19.221,18.958,19.221,19.977,21.084,22.162,23.618,
10,501,1061,42,17.3700,0.0000,0.0000,-1.0000,0.0000,3000.0000,3000.0000,17.3700,0.0058,0.4255,0.4255,0.1500,4.0000,1.0000,1.2430,2.0000,0.153121,0.123186,0.153121,0.123186,0.123275,0.123275,"LINESTRING (-122.416484 37.63762, -122.416384 37.63772)",17.370013,-1.000000,0.005790,7.497105,7.500000,7.502895,0.932256,1.500000,1737.001343,232814946700.203644,1.243008,0.932256,2.000000,1.500000,1.241209,1.241209,1.242103,1.997105,1.997105,1.998544,0.425822,0.000000,1.243,1.243,1.242,1.242,1.242,1.242,0.932,1.242,1.242,1.242,1.242,1.243,
10,502,1061,1064,80.5480,0.0000,0.0000,-1.0000,0.0000,1134.0000,1134.0000,80.5480,0.0710,5.0010,5.0010,0.1500,4.0000,1.0000,24.1295,38.8244,161.998171,6.713698,161.998171,6.713698,6.778130,6.778130,"LINESTRING (-122.416484 37.63762, -122.39199500000001 37.615922999999995)",80.547960,-1.000000,0.071030,7.464485,7.500000,7.535515,18.097064,29.118175,1134.000000,74921687.976139,24.129591,18.097193,38.824512,29.118384,23.701110,23.701020,23.900127,38.135086,38.134941,38.455304,5.049014,0.000000,24.130,24.053,23.976,23.899,23.822,23.745,18.097,23.745,23.822,23.899,23.976,24.053,
10,503,1062,42,19.2339,0.0000,0.0000,-1.0000,0.0000,3000.0000,3000.0000,19.2339,0.0064,0.4255,0.4255,0.1500,4.0000,1.0000,1.2430,2.0000,0.169551,0.136404,0.169551,0.136404,0.136514,0.136514,"LINESTRING (-122.416484 37.63762, -122.416384 37.63772)",19.233882,-1.000000,0.006411,7.496794,7.500000,7.503206,0.932256,1.500000,1923.388197,171398320163.437012,1.243008,0.932256,2.000000,1.500000,1.241016,1.241016,1.242006,1.996794,1.996794,1.998387,0.425855,0.000000,1.243,1.243,1.242,1.242,1.242,1.241,0.932,1.241,1.242,1.242,1.242,1.243,
10,504,1062,1065,81.7621,0.0000,0.0000,-1.0000,0.0000,1134.0000,1134.0000,81.7621,0.0721,5.0010,5.0010,0.1500,4.0000,1.0000,24.1295,38.8244,164.439980,6.814896,164.439980,6.814896,6.881360,6.881360,"LINESTRING (-122.416484 37.63762, -122.39199500000001 37.615922999999995)",81.762064,-1.000000,0.072101,7.463950,7.500000,7.536050,18.097056,29.118163,1134.000000,70507727.138652,24.129591,18.097193,38.824512,29.118384,23.694652,23.694556,23.896435,38.124694,38.124540,38.449363,5.049795,0.000000,24.130,24.051,23.973,23.895,23.817,23.739,18.097,23.739,23.817,23.895,23.973,24.051,
10,505,1063,42,17.3961,0.0000,0.0000,-1.0000,0.0000,3000.0000,3000.0000,17.3961,0.0058,0.4255,0.4255,0.1500,4.0000,1.0000,1.2430,2.0000,0.153351,0.123371,0.153351,0.123371,0.123461,0.123461,"LINESTRING (-122.416484 37.63762, -122.416384 37.63772)",17.396105,-1.000000,0.005799,7.497101,7.500000,7.502899,0.932256,1.500000,1739.610460,231767446772.983002,1.243008,0.932256,2.000000,1.500000,1.241206,1.241206,1.242102,1.997101,1.997101,1.998542,0.425822,0.000000,1.243,1.243,1.242,1.242,1.242,1.241,0.932,1.241,1.242,1.242,1.242,1.243,
10,506,1063,1066,81.6900,0.0000,0.0000,-1.0000,0.0000,1134.0000,1134.0000,81.6900,0.0720,5.0010,5.0010,0.1500,4.0000,1.0000,24.1295,38.8244,164.294995,6.808887,164.294995,6.808887,6.875230,6.875230,"LINESTRING (-122.416484 37.63762, -122.39199500000001 37.615922999999995)",81.689976,-1.000000,0.072037,7.463981,7.500000,7.536019,18.097056,29.118163,1134.000000,70760633.079661,24.129591,18.097193,38.824512,29.118384,23.695035,23.694939,23.896654,38.125311,38.125157,38.449716,5.049748,0.000000,24.130,24.052,23.973,23.895,23.817,23.739,18.097,23.739,23.817,23.895,23.973,24.052,
10,507,1064,43,80.5480,0.0000,0.0000,-1.0000,0.0000,3000.0000,3000.0000,80.5480,0.0268,0.4256,0.4256,0.1500,4.0000,1.0000,1.2430,2.0000,0.710130,0.571299,0.710130,0.571299,0.573275,0.573275,"LINESTRING (-122.39199500000001 37.615922999999995, -122.391895 37.616023)",80.547960,-1.000000,0.026849,7.486575,7.500000,7.513425,0.932256,1.500000,3000.000000,855778447.257653,1.243008,0.932256,2.000000,1.500000,1.234665,1.234665,1.238724,1.986575,1.986575,1.993108,0.427031,0.000000,1.243,1.242,1.240,1.239,1.237,1.236,0.932,1.236,1.237,1.239,1.240,1.242,
10,508,1065,43,81.7621,0.0000,0.0000,-1.0000,0.0000,3000.0000,3000.0000,81.7621,0.0273,0.4256,0.4256,0.1500,4.0000,1.0000,1.2430,2.0000,0.720834,0.579911,0.720834,0.579911,0.581947,0.581947,"LINESTRING (-122.39199500000001 37.615922999999995, -122.391895 37.616023)",81.762064,-1.000000,0.027254,7.486373,7.500000,7.513627,0.932256,1.500000,3000.000000,805815736.851958,1.243008,0.932256,2.000000,1.500000,1.234539,1.234539,1.238658,1.986373,1.986373,1.993001,0.427054,0.000000,1.243,1.242,1.240,1.239,1.237,1.236,0.932,1.236,1.237,1.239,1.240,1.242,
10,509,1066,43,81.6900,0.0000,0.0000,-1.0000,0.0000,3000.0000,3000.0000,81.6900,0.0272,0.4256,0.4256,0.1500,4.0000,1.0000,1.2430,2.0000,0.720198,0.579399,0.720198,0.579399,0.581432,0.581432,"LINESTRING (-122.39199500000001 37.615922999999995, -122.391895 37.616023)",81.689976,-1.000000,0.027230,7.486385,7.500000,7.513615,0.932256,1.500000,3000.000000,808679000.638080,1.243008,0.932256,2.000000,1.500000,1.234546,1.234546,1.238662,1.986385,1.986385,1.993007,0.427053,0.000000,1.243,1.242,1.240,1.239,1.237,1.236,0.932,1.236,1.237,1.239,1.240,1.242,
10,510,1067,45,18.5557,0.0000,0.0000,-1.0000,0.0000,3000.0000,3000.0000,18.5557,0.0062,0.4255,0.4255,0.1500,4.0000,1.0000,1.2430,2.0000,0.163550,0.131576,0.163550,0.131576,0.131679,0.131679,"LINESTRING (-122.444354 37.664336999999996, -122.444254 37.664437)",18.555701,-1.000000,0.006185,7.496907,7.500000,7.503093,0.932256,1.500000,1855.570072,190892706945.189178,1.243008,0.932256,2.000000,1.500000,1.241086,1.241086,1.242041,1.996907,1.996907,1.998444,0.425784,0.000000,1.243,1.243,1.242,1.242,1.242,1.241,0.932,1.241,1.242,1.242,1.242,1.243,
10,511,1067,1061,96.2483,0.0000,0.0000,-1.0000,0.0000,1134.0000,1134.0000,96.2483,0.0849,3.0010,3.0010,0.1500,4.0000,1.0000,47.8772,77.0345,230.483651,4.814055,230.483651,4.814055,4.870075,4.870075,"LINESTRING (-122.444354 37.664336999999996, -122.416484 37.63762)",96.248283,-1.000000,0.084875,7.457562,7.500000,7.542438,35.907680,57.775457,1134.000000,21801613.378657,47.877605,35.908204,77.035067,57.776300,46.861702,46.861337,47.326510,75.400479,75.399892,76.148355,3.035945,0.000000,47.878,47.693,47.508,47.323,47.138,46.953,35.908,46.953,47.138,47.323,47.508,47.693,
10,512,1068,45,17.2593,0.0000,0.0000,-1.0000,0.0000,3000.0000,3000.0000,17.2593,0.0058,0.4255,0.4255,0.1500,4.0000,1.0000,1.2430,2.0000,0.152124,0.122384,0.152124,0.122384,0.122473,0.122473,"LINESTRING (-122.444354 37.664336999999996, -122.444254 37.664437)",17.259349,-1.000000,0.005753,7.497123,7.500000,7.502877,0.932256,1.500000,1725.934946,237295746273.240997,1.243008,0.932256,2.000000,1.500000,1.241220,1.241220,1.242109,1.997124,1.997124,1.998554,0.425761,0.000000,1.243,1.243,1.242,1.242,1.242,1.242,0.932,1.242,1.242,1.242,1.242,1.243,
10,513,1068,1062,99.1018,0.0000,0.0000,-1.0000,0.0000,1134.0000,1134.0000,99.1018,0.0874,3.0010,3.0010,0.1500,4.0000,1.0000,47.8772,77.0344,237.316856,4.956784,237.316856,4.956784,5.016331,5.016331,"LINESTRING (-122.444354 37.664336999999996, -122.416484 37.63762)",99.101779,-1.000000,0.087391,7.456304,7.500000,7.543696,35.907615,57.775353,1134.000000,19356267.345745,47.877605,35.908204,77.035067,57.776300,46.831583,46.831174,47.308852,75.352018,75.351358,76.119943,3.037078,0.000000,47.878,47.687,47.496,47.305,47.113,46.922,35.908,46.922,47.113,47.305,47.496,47.687,
10,514,1069,45,13.1849,0.0000,0.0000,-1.0000,0.0000,3000.0000,3000.0000,13.1849,0.0044,0.4255,0.4255,0.1500,4.0000,1.0000,1.2430,2.0000,0.116212,0.093493,0.116212,0.093493,0.093545,0.093545,"LINESTRING (-122.444354 37.664336999999996, -122.444254 37.664437)",13.184950,-1.000000,0.004395,7.497803,7.500000,7.502197,0.932256,1.500000,1318.494982,532810738548.904297,1.243008,0.932256,2.000000,1.500000,1.241642,1.241642,1.242322,1.997803,1.997803,1.998897,0.425688,0.000000,1.243,1.243,1.243,1.242,1.242,1.242,0.932,1.242,1.242,1.242,1.243,1.243,
10,515,1069,1063,97.6499,0.0000,0.0000,-1.0000,0.0000,1134.0000,1134.0000,97.6499,0.0861,3.0010,3.0010,0.1500,4.0000,1.0000,47.8772,77.0344,233.840165,4.884164,233.840165,4.884164,4.941902,4.941902,"LINESTRING (-122.444354 37.664336999999996, -122.416484 37.63762)",97.649938,-1.000000,0.086111,7.456944,7.500000,7.543056,35.907649,57.775407,1134.000000,20555331.740714,47.877605,35.908204,77.035067,57.776300,46.846908,46.846521,47.317846,75.376674,75.376053,76.134414,3.036501,0.000000,47.878,47.690,47.502,47.314,47.126,46.938,35.908,46.938,47.126,47.314,47.502,47.690,
10,516,1070,48,41.5163,0.0000,0.0000,-1.0000,0.0000,3000.0000,3000.0000,41.5163,0.0138,0.4249,0.4249,0.1500,4.0000,1.0000,1.2430,2.0000,0.365466,0.294018,0.365466,0.294018,0.294534,0.294534,"LINESTRING (-122.067479 37.905711999999994, -122.067379 37.905812)",41.516275,-1.000000,0.013839,7.493081,7.500000,7.506919,0.932256,1.500000,3000.000000,12229237623.615610,1.243008,0.932256,2.000000,1.500000,1.238708,1.238708,1.240828,1.993081,1.993081,1.996493,0.425665,0.000000,1.243,1.242,1.242,1.241,1.240,1.239,0.932,1.239,1.240,1.241,1.242,1.242,
10,517,1070,1035,729.3213,0.0000,0.0000,-1.0000,0.0000,1134.0000,1134.0000,729.3213,0.6431,5.0010,5.1293,0.1500,4.0000,1.0000,37.9205,61.0141,2364.303647,62.348983,2364.303647,62.348983,71.148184,71.148184,"LINESTRING (-122.067479 37.905711999999994, -122.124744 37.893119999999996)",729.321295,-1.000000,0.643140,7.178430,7.500000,7.821570,27.831041,44.780145,1134.000000,7280.073790,38.893654,29.170240,62.579889,46.934917,32.640133,31.823435,33.230696,52.517974,51.203907,53.468189,5.853238,0.000000,38.894,35.973,33.052,31.781,29.878,28.374,27.831,28.374,29.878,31.781,33.052,35.973,
10,518,1071,48,10.5019,0.0000,0.0000,-1.0000,0.0000,3000.0000,3000.0000,10.5019,0.0035,0.4249,0.4249,0.1500,4.0000,1.0000,1.2430,2.0000,0.092448,0.074374,0.092448,0.074374,0.074407,0.074407,"LINESTRING (-122.067479 37.905711999999994, -122.067379 37.905812)",10.501869,-1.000000,0.003501,7.498250,7.500000,7.501750,0.932256,1.500000,1050.186910,1053794773079.474365,1.243008,0.932256,2.000000,1.500000,1.241920,1.241920,1.242462,1.998250,1.998250,1.999122,0.425106,0.000000,1.243,1.243,1.243,1.242,1.242,1.242,0.932,1.242,1.242,1.242,1.243,1.243,
10,519,1071,1036,751.8246,0.0000,0.0000,-1.0000,0.0000,1134.0000,1134.0000,751.8246,0.6630,5.0010,5.1459,0.1500,4.0000,1.0000,37.7982,60.8174,2437.254573,64.480630,2437.254573,64.480630,74.018611,74.018611,"LINESTRING (-122.067479 37.905711999999994, -122.124744 37.893119999999996)",751.824608,-1.000000,0.662985,7.168508,7.500000,7.831492,27.666868,44.515991,1134.000000,6484.592572,38.893654,29.170240,62.579889,46.934917,32.447180,31.533330,32.927591,52.207512,50.737127,52.980495,5.907118,0.000000,38.894,35.706,32.518,31.437,29.592,28.175,27.667,28.175,29.592,31.437,32.518,35.706,
10,520,1072,48,19.9819,0.0000,0.0000,-1.0000,0.0000,3000.0000,3000.0000,19.9819,0.0067,0.4249,0.4249,0.1500,4.0000,1.0000,1.2430,2.0000,0.175900,0.141511,0.175900,0.141511,0.141630,0.141630,"LINESTRING (-122.067479 37.905711999999994, -122.067379 37.905812)",19.981856,-1.000000,0.006661,7.496670,7.500000,7.503330,0.932256,1.500000,1998.185597,152620376615.193970,1.243008,0.932256,2.000000,1.500000,1.240938,1.240938,1.241966,1.996670,1.996670,1.998324,0.425275,0.000000,1.243,1.243,1.242,1.242,1.242,1.241,0.932,1.241,1.242,1.242,1.242,1.243,
10,521,1072,1037,604.8541,0.0000,0.0000,-1.0000,0.0000,1134.0000,1134.0000,604.8541,0.5334,5.0010,5.0617,0.1500,4.0000,1.0000,38.4271,61.8292,1960.807612,51.026655,1960.807612,51.026655,56.504620,56.504620,"LINESTRING (-122.067479 37.905711999999994, -122.124744 37.893119999999996)",604.854097,-1.000000,0.533381,7.233309,7.500000,7.766691,28.520997,45.890284,1134.000000,15681.992268,38.893654,29.170240,62.579889,46.934917,33.707370,33.303049,34.701722,54.235158,53.584606,55.835071,5.605116,0.000000,38.894,37.041,35.189,33.617,31.575,29.360,28.521,29.360,31.575,33.617,35.189,37.041,
10,522,1073,50,7.2964,0.0000,0.0000,-1.0000,0.0000,3000.0000,3000.0000,7.2964,0.0024,0.4251,0.4251,0.1500,4.0000,1.0000,1.2430,2.0000,0.064264,0.051700,0.064264,0.051700,0.051716,0.051716,"LINESTRING (-122.295244 37.804823, -122.295144 37.804923)",7.296438,-1.000000,0.002432,7.498784,7.500000,7.501216,0.932256,1.500000,729.643806,3146304163503.009766,1.243008,0.932256,2.000000,1.500000,1.242252,1.242252,1.242629,1.998784,1.998784,1.999391,0.425272,0.000000,1.243,1.243,1.243,1.243,1.243,1.242,0.932,1.242,1.243,1.243,1.243,1.243,
10,523,1073,1029,1184.2484,0.0000,0.0000,-1.0000,0.0000,1134.0000,1134.0000,1184.2484,1.0443,7.0010,8.2500,0.1500,4.0000,1.0000,40.9397,65.8720,6666.406726,162.834617,6666.406726,162.834617,217.112823,217.112823,"LINESTRING (-122.295244 37.804823, -122.39718 37.792688999999996)",1184.248432,-1.000000,1.044311,6.977845,7.500000,8.022155,27.113086,43.624956,1134.000000,3175.653720,48.243649,36.182736,77.624030,58.218023,36.182736,30.704804,30.704804,58.218023,49.404030,49.404030,11.000031,0.000000,36.099,34.653,32.381,30.184,28.494,27.459,27.113,27.459,28.494,30.184,32.381,34.653,
10,524,1074,50,4.3156,0.0000,0.0000,-1.0000,0.0000,3000.0000,3000.0000,4.3156,0.0014,0.4251,0.4251,0.1500,4.0000,1.0000,1.2430,2.0000,0.038010,0.030579,0.038010,0.030579,0.030585,0.030585,"LINESTRING (-122.295244 37.804823, -122.295144 37.804923)",4.315603,-1.000000,0.001439,7.499281,7.500000,7.500719,0.932256,1.500000,431.560327,15217148855729.792969,1.243008,0.932256,2.000000,1.500000,1.242561,1.242561,1.242784,1.999281,1.999281,1.999640,0.425219,0.000000,1.243,1.243,1.243,1.243,1.243,1.243,0.932,1.243,1.243,1.243,1.243,1.243,
10,525,1074,1030,1178.4175,0.0000,0.0000,-1.0000,0.0000,1134.0000,1134.0000,1178.4175,1.0392,7.0010,8.2256,0.1500,4.0000,1.0000,41.0613,66.0676,6633.582932,161.553272,6633.582932,161.553272,215.404363,215.404363,"LINESTRING (-122.295244 37.804823, -122.39718 37.792688999999996)",1178.417476,-1.000000,1.039169,6.980416,7.500000,8.019584,27.246607,43.839791,1134.000000,3175.653720,48.243649,36.182736,77.624030,58.218023,36.182736,30.795954,30.795954,58.218023,49.550691,49.550691,10.967473,0.000000,36.118,34.732,32.493,30.312,28.627,27.593,27.247,27.593,28.627,30.312,32.493,34.732,
10,526,1075,50,5.3880,0.0000,0.0000,-1.0000,0.0000,3000.0000,3000.0000,5.3880,0.0018,0.4251,0.4251,0.1500,4.0000,1.0000,1.2430,2.0000,0.047455,0.038177,0.047455,0.038177,0.038186,0.038186,"LINESTRING (-122.295244 37.804823, -122.295144 37.804923)",5.387959,-1.000000,0.001796,7.499102,7.500000,7.500898,0.932256,1.500000,538.795867,7817509165740.103516,1.243008,0.932256,2.000000,1.500000,1.242450,1.242450,1.242729,1.999102,1.999102,1.999550,0.425238,0.000000,1.243,1.243,1.243,1.243,1.243,1.243,0.932,1.243,1.243,1.243,1.243,1.243,
10,527,1075,1031,1192.3489,0.0000,0.0000,-1.0000,0.0000,1134.0000,1134.0000,1192.3489,1.0515,7.0010,8.2845,0.1500,4.0000,1.0000,40.7691,65.5975,6712.005975,164.634554,6712.005975,164.634554,219.512738,219.512738,"LINESTRING (-122.295244 37.804823, -122.39718 37.792688999999996)",1192.348874,-1.000000,1.051454,6.974273,7.500000,8.025727,26.926513,43.324760,1134.000000,3175.653720,48.243649,36.182736,77.624030,58.218023,36.182736,30.576840,30.576840,58.218023,49.198136,49.198136,11.046066,0.000000,36.070,34.541,32.222,30.006,28.309,27.273,26.927,27.273,28.309,30.006,32.222,34.541,
10,528,1076,2,27.4574,0.0000,0.0000,-1.0000,0.0000,3000.0000,3000.0000,27.4574,0.0092,0.4252,0.4252,0.1500,4.0000,1.0000,1.2430,2.0000,0.241883,0.194595,0.241883,0.194595,0.194820,0.194820,"LINESTRING (-122.419855 37.76507599999999, -122.419755 37.765176)",27.457374,-1.000000,0.009152,7.495424,7.500000,7.504576,0.932256,1.500000,2745.737351,58754526402.177101,1.243008,0.932256,2.000000,1.500000,1.240164,1.240164,1.241573,1.995424,1.995424,1.997691,0.425722,0.000000,1.243,1.243,1.242,1.242,1.241,1.241,0.932,1.241,1.241,1.242,1.242,1.243,
10,529,1076,1077,61.7440,0.0000,0.0000,-1.0000,0.0000,756.0000,756.0000,61.7440,0.0817,2.0010,2.0010,0.1500,4.0000,1.0000,26.5063,42.6487,54.581224,2.059177,54.581224,2.059177,2.082157,2.082157,"LINESTRING (-122.419855 37.76507599999999, -122.41861800000001 37.752322)",61.744020,-1.000000,0.081672,7.459164,7.500000,7.540836,19.879632,31.986328,756.000000,11333503.196713,26.506508,19.879881,42.648971,31.986728,25.965298,25.965125,26.213788,41.778165,41.777886,42.177985,2.023345,0.000000,26.507,26.408,26.310,26.212,26.114,26.015,19.880,26.015,26.114,26.212,26.310,26.408,
10,530,1077,4,11.5432,0.0000,0.0000,-1.0000,0.0000,3000.0000,3000.0000,11.5432,0.0038,0.4253,0.4253,0.1500,4.0000,1.0000,1.2430,2.0000,0.101695,0.081814,0.101695,0.081814,0.081853,0.081853,"LINESTRING (-122.41861800000001 37.752322, -122.418518 37.752422)",11.543163,-1.000000,0.003848,7.498076,7.500000,7.501924,0.932256,1.500000,1154.316313,793989220119.461426,1.243008,0.932256,2.000000,1.500000,1.241812,1.241812,1.242408,1.998076,1.998076,1.999034,0.425464,0.000000,1.243,1.243,1.243,1.242,1.242,1.242,0.932,1.242,1.242,1.242,1.243,1.243,
10,531,1077,1087,61.4190,0.0000,0.0000,-1.0000,0.0000,756.0000,756.0000,61.4190,0.0812,3.0010,3.0010,0.1500,4.0000,1.0000,31.1499,50.1202,95.692284,3.071994,95.692284,3.071994,3.106081,3.106081,"LINESTRING (-122.41861800000001 37.752322, -122.433657 37.733169)",61.419003,-1.000000,0.081242,7.459379,7.500000,7.540621,23.362286,37.589919,756.000000,17366278.488569,31.150097,23.362573,50.120506,37.590379,30.517422,30.517223,30.808044,49.102533,49.102212,49.570142,3.034319,0.000000,31.150,31.035,30.921,30.806,30.691,30.576,23.362,30.576,30.691,30.806,30.921,31.035,
10,532,1078,7,24.1476,0.0000,0.0000,-1.0000,0.0000,3000.0000,3000.0000,24.1476,0.0080,0.4253,0.4253,0.1500,4.0000,1.0000,1.2430,2.0000,0.212774,0.171177,0.212774,0.171177,0.171350,0.171350,"LINESTRING (-122.44761 37.721658, -122.44751 37.721758)",24.147578,-1.000000,0.008049,7.495975,7.500000,7.504025,0.932256,1.500000,2414.757764,86468685852.152557,1.243008,0.932256,2.000000,1.500000,1.240507,1.240507,1.241747,1.995975,1.995975,1.997972,0.425758,0.000000,1.243,1.243,1.242,1.242,1.241,1.241,0.932,1.241,1.241,1.242,1.242,1.243,
10,533,1078,1083,23.7759,0.0000,0.0000,-1.0000,0.0000,756.0000,756.0000,23.7759,0.0314,4.0010,4.0010,0.1500,4.0000,1.0000,23.8064,38.3045,37.744041,1.585459,37.744041,1.585459,1.591914,1.591914,"LINESTRING (-122.44761 37.721658, -122.469094 37.706204)",23.775938,-1.000000,0.031450,7.484275,7.500000,7.515725,17.854784,28.728347,756.000000,1073211054.963097,23.806385,17.854789,38.304474,28.728355,23.619209,23.619206,23.709854,38.003308,38.003302,38.149155,4.017289,0.000000,23.806,23.774,23.742,23.710,23.678,23.645,17.855,23.645,23.678,23.710,23.742,23.774,
10,534,1079,8,3.0000,0.0000,0.0000,-1.0000,0.0000,3000.0000,3000.0000,3.0000,0.0010,0.4254,0.4254,0.1500,4.0000,1.0000,1.2430,2.0000,0.026438,0.021269,0.026438,0.021269,0.021272,0.021272,"LINESTRING (-122.126531 37.696838, -122.126431 37.696938)",3.000000,-1.000000,0.001000,7.499500,7.500000,7.500500,0.932256,1.500000,300.000000,45339938559890.562500,1.243008,0.932256,2.000000,1.500000,1.242697,1.242697,1.242853,1.999500,1.999500,1.999750,0.425434,0.000000,1.243,1.243,1.243,1.243,1.243,1.243,0.932,1.243,1.243,1.243,1.243,1.243,
10,535,1079,1091,593.5544,0.0000,0.0000,-1.0000,0.0000,756.0000,756.0000,593.5544,0.7851,4.0010,4.2290,0.1500,4.0000,1.0000,36.0782,58.0498,1509.371750,41.836107,1509.371750,41.836107,50.052057,50.052057,"LINESTRING (-122.126531 37.696838, -122.160813 37.721706)",593.554382,-1.000000,0.785125,7.107438,7.500000,7.892562,25.839485,41.575731,756.000000,1966.604700,38.134529,28.600897,61.358457,46.018843,30.649438,28.996733,30.156038,49.314945,46.655743,48.521066,5.059559,0.000000,38.135,32.329,30.212,28.758,27.242,26.202,25.839,26.202,27.242,28.758,30.212,32.329,
10,536,1080,10,7.0000,0.0000,0.0000,-1.0000,0.0000,3000.0000,3000.0000,7.0000,0.0023,0.4254,0.4254,0.1500,4.0000,1.0000,1.2430,2.0000,0.061690,0.049629,0.061690,0.049629,0.049644,0.049644,"LINESTRING (-122.075715 37.690675999999996, -122.075615 37.690776)",7.000000,-1.000000,0.002333,7.498833,7.500000,7.501167,0.932256,1.500000,700.000000,3565572465385.797363,1.243008,0.932256,2.000000,1.500000,1.242283,1.242283,1.242645,1.998833,1.998833,1.999415,0.425519,0.000000,1.243,1.243,1.243,1.243,1.243,1.242,0.932,1.242,1.243,1.243,1.243,1.243,
10,537,1080,1079,591.0000,0.0000,0.0000,-1.0000,0.0000,756.0000,756.0000,591.0000,0.7817,4.0010,4.2251,0.1500,4.0000,1.0000,39.9223,64.2350,1661.472514,41.617641,1661.472514,41.617641,49.726966,49.726966,"LINESTRING (-122.075715 37.690675999999996, -122.126531 37.696838)",591.000000,-1.000000,0.781746,7.109127,7.500000,7.890873,28.613543,46.039190,756.000000,1991.056650,42.158817,31.619113,67.833537,50.875153,33.919445,32.120036,33.411902,54.576387,51.681137,53.759750,5.048423,0.000000,42.159,35.867,33.458,31.857,30.174,29.017,28.614,29.017,30.174,31.857,33.458,35.867,
10,538,1081,11,209.3535,0.0000,0.0000,-1.0000,0.0000,3000.0000,3000.0000,209.3535,0.0698,0.4252,0.4252,0.1500,4.0000,1.0000,1.2430,2.0000,1.844144,1.483619,1.844144,1.483619,1.497590,1.497590,"LINESTRING (-122.413979 37.779349999999994, -122.413879 37.77945)",209.353537,-1.000000,0.069785,7.465108,7.500000,7.534892,0.932250,1.499990,3000.000000,18106055.612734,1.243008,0.932256,2.000000,1.500000,1.221322,1.221318,1.231408,1.965108,1.965101,1.981336,0.429204,0.000000,1.243,1.239,1.235,1.231,1.227,1.224,0.932,1.224,1.227,1.231,1.235,1.239,
10,539,1081,1076,72.5734,0.0000,0.0000,-1.0000,0.0000,756.0000,756.0000,72.5734,0.0960,3.0010,3.0010,0.1500,4.0000,1.0000,20.7400,33.3707,75.284704,3.629927,75.284704,3.629927,3.678260,3.678260,"LINESTRING (-122.413979 37.779349999999994, -122.419855 37.76507599999999)",72.573434,-1.000000,0.095997,7.452002,7.500000,7.547998,15.554829,25.027719,756.000000,8799062.492256,20.740267,15.555200,33.371089,25.028317,20.242518,20.242260,20.467477,32.570211,32.569797,32.932170,3.040997,0.000000,20.740,20.648,20.557,20.465,20.373,20.281,15.555,20.281,20.373,20.465,20.557,20.648,
10,540,1082,13,14.3376,0.0000,0.0000,-1.0000,0.0000,3000.0000,3000.0000,14.3376,0.0048,0.4253,0.4253,0.1500,4.0000,1.0000,1.2430,2.0000,0.126313,0.101619,0.126313,0.101619,0.101680,0.101680,"LINESTRING (-122.196798 37.753504, -122.196698 37.753604)",14.337567,-1.000000,0.004779,7.497610,7.500000,7.502390,0.932256,1.500000,1433.756694,414052126601.598511,1.243008,0.932256,2.000000,1.500000,1.241523,1.241523,1.242262,1.997610,1.997610,1.998800,0.425511,0.000000,1.243,1.243,1.243,1.242,1.242,1.242,0.932,1.242,1.242,1.242,1.243,1.243,
10,541,1082,1086,686.1559,0.0000,0.0000,-1.0000,0.0000,756.0000,756.0000,686.1559,0.9076,4.0010,4.4083,0.1500,4.0000,1.0000,28.5381,45.9178,1438.676132,50.412472,1438.676132,50.412472,63.658950,63.658950,"LINESTRING (-122.196798 37.753504, -122.22416700000001 37.774772999999996)",686.155883,-1.000000,0.907614,7.046193,7.500000,7.953807,19.802794,31.862695,756.000000,1399.297182,31.442926,23.582195,50.591669,37.943751,24.308419,22.062708,22.599746,39.112247,35.498896,36.362992,5.566573,0.000000,31.443,24.173,23.190,21.892,20.771,20.049,19.803,20.049,20.771,21.892,23.190,24.173,
10,542,1083,15,23.7759,0.0000,0.0000,-1.0000,0.0000,3000.0000,3000.0000,23.7759,0.0079,0.4254,0.4254,0.1500,4.0000,1.0000,1.2430,2.0000,0.209516,0.168556,0.209516,0.168556,0.168724,0.168724,"LINESTRING (-122.469094 37.706204, -122.468994 37.706304)",23.775938,-1.000000,0.007925,7.496037,7.500000,7.503963,0.932256,1.500000,2377.593792,90602925254.210037,1.243008,0.932256,2.000000,1.500000,1.240545,1.240545,1.241767,1.996037,1.996037,1.998003,0.425786,0.000000,1.243,1.243,1.242,1.242,1.241,1.241,0.932,1.241,1.241,1.242,1.242,1.243,
10,543,1084,18,0.0000,0.0000,0.0000,-1.0000,0.0000,3000.0000,3000.0000,0.0000,0.0000,0.4254,0.4254,0.1500,4.0000,1.0000,1.2430,2.0000,0.000000,0.000000,0.000000,0.000000,0.000000,0.000000,"LINESTRING (-121.899342 37.701592, -121.899242 37.701692)",0.000000,-1.000000,0.000000,7.500000,7.500000,7.500000,0.932256,1.500000,0.000000,nan,1.243008,0.932256,2.000000,1.500000,1.243008,1.243008,1.243008,2.000000,2.000000,2.000000,0.425371,0.000000,1.243,1.243,1.243,1.243,1.243,1.243,nan,1.243,1.243,1.243,1.243,1.243,
10,544,1084,1092,326.0000,0.0000,0.0000,-1.0000,0.0000,756.0000,756.0000,326.0000,0.4312,3.0010,3.0166,0.1500,4.0000,1.0000,31.7155,51.0302,519.817138,16.390000,519.817138,16.390000,17.706566,17.706566,"LINESTRING (-121.899342 37.701592, -121.92840100000001 37.699659999999994)",326.000000,-1.000000,0.431217,7.284392,7.500000,7.715608,23.679720,38.100670,756.000000,15780.500237,31.879997,23.909998,51.294916,38.471187,28.443199,28.296439,29.357310,45.765107,45.528971,47.235912,3.258877,0.000000,31.880,30.873,29.866,28.859,27.546,24.829,23.680,24.829,27.546,28.859,29.866,30.873,
10,545,1085,19,326.9244,0.0000,0.0000,-1.0000,0.0000,3000.0000,3000.0000,326.9244,0.1090,0.4252,0.4252,0.1500,4.0000,1.0000,1.2430,2.0000,2.879597,2.316685,2.879597,2.316685,2.352174,2.352174,"LINESTRING (-122.39718 37.792688999999996, -122.39708 37.792789)",326.924368,-1.000000,0.108975,7.445513,7.500000,7.554487,0.932219,1.499941,3000.000000,2946099.931306,1.243008,0.932256,2.000000,1.500000,1.209144,1.209118,1.224228,1.945513,1.945472,1.969783,0.431691,0.000000,1.243,1.237,1.230,1.224,1.218,1.211,0.932,1.211,1.218,1.224,1.230,1.237,
10,546,1085,1089,496.6283,0.0000,0.0000,-1.0000,0.0000,756.0000,756.0000,496.6283,0.6569,2.0010,2.0569,0.1500,4.0000,1.0000,10.2365,16.4704,174.277712,17.025210,174.277712,17.025210,19.507770,19.507770,"LINESTRING (-122.39718 37.792688999999996, -122.401742 37.78911299999999)",496.628327,-1.000000,0.656916,7.171542,7.500000,7.828458,7.499027,12.065934,756.000000,1790.737371,10.522393,7.891795,16.930531,12.697898,8.794312,8.555329,8.933759,14.150048,13.765524,14.374418,2.356825,0.000000,10.522,9.683,8.843,8.533,8.030,7.639,7.499,7.639,8.030,8.533,8.843,9.683,
10,547,1086,21,10.0091,0.0000,0.0000,-1.0000,0.0000,3000.0000,3000.0000,10.0091,0.0033,0.4252,0.4252,0.1500,4.0000,1.0000,1.2430,2.0000,0.088170,0.070932,0.088170,0.070932,0.070962,0.070962,"LINESTRING (-122.22416700000001 37.774772999999996, -122.224067 37.774873)",10.009072,-1.000000,0.003336,7.498332,7.500000,7.501668,0.932256,1.500000,1000.907201,1218215932220.344971,1.243008,0.932256,2.000000,1.500000,1.241971,1.241971,1.242488,1.998332,1.998332,1.999163,0.425387,0.000000,1.243,1.243,1.243,1.242,1.242,1.242,0.932,1.242,1.242,1.242,1.243,1.243,
10,548,1086,1088,785.0771,0.0000,0.0000,-1.0000,0.0000,756.0000,756.0000,785.0771,1.0385,4.0010,4.6989,0.1500,4.0000,1.0000,34.8969,56.1491,2145.598175,61.483920,2145.598175,61.483920,81.978560,81.978560,"LINESTRING (-122.22416700000001 37.774772999999996, -122.265332 37.797256999999995)",785.077137,-1.000000,1.038462,6.980769,7.500000,8.019231,23.162357,37.268233,756.000000,1209.902396,40.984417,30.738313,65.943927,49.457945,30.738313,26.172674,26.172674,49.457945,42.111833,42.111833,6.265262,0.000000,30.685,29.515,27.617,25.765,24.335,23.456,23.162,23.456,24.335,25.765,27.617,29.515,
10,549,1087,22,19.1840,0.0000,0.0000,-1.0000,0.0000,3000.0000,3000.0000,19.1840,0.0064,0.4253,0.4253,0.1500,4.0000,1.0000,1.2430,2.0000,0.169028,0.135983,0.169028,0.135983,0.136092,0.136092,"LINESTRING (-122.433657 37.733169, -122.433557 37.733269)",19.184000,-1.000000,0.006395,7.496803,7.500000,7.503197,0.932256,1.500000,1918.399971,172655306863.123627,1.243008,0.932256,2.000000,1.500000,1.241021,1.241021,1.242008,1.996803,1.996803,1.998391,0.425643,0.000000,1.243,1.243,1.242,1.242,1.242,1.241,0.932,1.241,1.242,1.242,1.242,1.243,
10,550,1087,1078,45.7356,0.0000,0.0000,-1.0000,0.0000,756.0000,756.0000,45.7356,0.0605,2.0010,2.0010,0.1500,4.0000,1.0000,33.0445,53.1687,50.402375,1.525286,50.402375,1.525286,1.537614,1.537614,"LINESTRING (-122.433657 37.733169, -122.44761 37.721658)",45.735626,-1.000000,0.060497,7.469752,7.500000,7.530248,24.783358,39.876423,756.000000,38306164.845977,33.044601,24.783451,53.168764,39.876573,32.544828,32.544762,32.779593,52.364628,52.364523,52.742366,2.017177,0.000000,33.045,32.956,32.867,32.779,32.690,32.601,24.783,32.601,32.690,32.779,32.867,32.956,
10,551,1088,25,23.6824,0.0000,0.0000,-1.0000,0.0000,3000.0000,3000.0000,23.6824,0.0079,0.4252,0.4252,0.1500,4.0000,1.0000,1.2430,2.0000,0.208593,0.167813,0.208593,0.167813,0.167980,0.167980,"LINESTRING (-122.265332 37.797256999999995, -122.265232 37.797357)",23.682391,-1.000000,0.007894,7.496053,7.500000,7.503947,0.932256,1.500000,2368.239149,91639604287.193588,1.243008,0.932256,2.000000,1.500000,1.240555,1.240555,1.241772,1.996053,1.996053,1.998011,0.425582,0.000000,1.243,1.243,1.242,1.242,1.241,1.241,0.932,1.241,1.241,1.242,1.242,1.243,
10,552,1088,1093,819.3244,0.0000,0.0000,-1.0000,0.0000,756.0000,756.0000,819.3244,1.0838,5.0010,6.0359,0.1500,4.0000,1.0000,17.0481,27.4305,1405.145778,82.422224,1405.145778,82.422224,109.896298,109.896298,"LINESTRING (-122.265332 37.797256999999995, -122.295244 37.804823)",819.324444,-1.000000,1.083762,6.958119,7.500000,8.041881,11.118147,17.889099,756.000000,1512.302393,20.575949,15.431962,33.106701,24.830026,15.431962,12.786107,12.786107,24.830026,20.572845,20.572845,8.047823,0.000000,15.301,14.492,13.420,12.441,11.708,11.265,11.118,11.265,11.708,12.441,13.420,14.492,
10,553,1089,29,167.8846,0.0000,0.0000,-1.0000,0.0000,3000.0000,3000.0000,167.8846,0.0560,0.4252,0.4252,0.1500,4.0000,1.0000,1.2430,2.0000,1.478780,1.189680,1.478780,1.189680,1.198531,1.198531,"LINESTRING (-122.401742 37.78911299999999, -122.401642 37.789213)",167.884619,-1.000000,0.055962,7.472019,7.500000,7.527981,0.932254,1.499996,3000.000000,44274479.946777,1.243008,0.932256,2.000000,1.500000,1.225618,1.225616,1.233826,1.972019,1.972016,1.985227,0.428341,0.000000,1.243,1.240,1.237,1.234,1.231,1.228,0.932,1.228,1.231,1.234,1.237,1.240,
10,554,1089,1090,335.2958,0.0000,0.0000,-1.0000,0.0000,756.0000,756.0000,335.2958,0.4435,2.0010,2.0126,0.1500,4.0000,1.0000,13.2691,21.3500,149.237835,11.247013,149.237835,11.247013,12.184968,12.184968,"LINESTRING (-122.401742 37.78911299999999, -122.407487 37.784544999999994)",335.295758,-1.000000,0.443513,7.278244,7.500000,7.721756,9.901836,15.932054,756.000000,9305.621658,13.346120,10.009590,21.473907,16.105430,11.866326,11.797853,12.247700,19.092918,18.982745,19.706550,2.180457,0.000000,13.346,12.903,12.460,12.017,11.437,10.352,9.902,10.352,11.437,12.017,12.460,12.903,
10,555,1090,38,73.8761,0.0000,0.0000,-1.0000,0.0000,3000.0000,3000.0000,73.8761,0.0246,0.4252,0.4252,0.1500,4.0000,1.0000,1.2430,2.0000,0.650739,0.523519,0.650739,0.523519,0.525176,0.525176,"LINESTRING (-122.407487 37.784544999999994, -122.407387 37.784645)",73.876056,-1.000000,0.024625,7.487687,7.500000,7.512313,0.932256,1.500000,3000.000000,1210410417.443757,1.243008,0.932256,2.000000,1.500000,1.235356,1.235356,1.239088,1.987687,1.987687,1.993692,0.426532,0.000000,1.243,1.242,1.240,1.239,1.238,1.236,0.932,1.236,1.238,1.239,1.240,1.242,
10,556,1090,1081,281.9270,0.0000,0.0000,-1.0000,0.0000,756.0000,756.0000,281.9270,0.3729,1.0010,1.0039,0.1500,4.0000,1.0000,30.1586,48.5252,142.261866,4.717127,142.261866,4.717127,5.030336,5.030336,"LINESTRING (-122.407487 37.784544999999994, -122.413979 37.779349999999994)",281.926971,-1.000000,0.372919,7.313540,7.500000,7.686460,22.561833,36.301989,756.000000,9923.925300,30.246075,22.684556,48.665934,36.499451,27.426239,27.346905,28.280786,44.128818,44.001170,45.503785,1.070562,0.000000,30.246,29.497,28.747,27.998,27.189,24.099,22.562,24.099,27.189,27.998,28.747,29.497,
10,557,1091,41,13.0000,0.0000,0.0000,-1.0000,0.0000,3000.0000,3000.0000,13.0000,0.0043,0.4253,0.4253,0.1500,4.0000,1.0000,1.2430,2.0000,0.114548,0.092154,0.114548,0.092154,0.092204,0.092204,"LINESTRING (-122.160813 37.721706, -122.160713 37.721806)",13.000000,-1.000000,0.004333,7.497833,7.500000,7.502167,0.932256,1.500000,1300.000000,555736814575.322388,1.243008,0.932256,2.000000,1.500000,1.241662,1.241662,1.242332,1.997833,1.997833,1.998912,0.425558,0.000000,1.243,1.243,1.243,1.242,1.242,1.242,0.932,1.242,1.242,1.242,1.243,1.243,
10,558,1091,1082,661.9086,0.0000,0.0000,-1.0000,0.0000,756.0000,756.0000,661.9086,0.8755,4.0010,4.3537,0.1500,4.0000,1.0000,40.6420,65.3929,1951.985318,48.028824,1951.985318,48.028824,59.699780,59.699780,"LINESTRING (-122.160813 37.721706, -122.196798 37.753504)",661.908561,-1.000000,0.875540,7.062230,7.500000,7.937770,28.463969,45.798526,756.000000,1501.515126,44.224327,33.168245,71.156942,53.367707,34.544281,31.746037,32.696692,55.581747,51.079373,52.608978,5.411604,0.000000,44.224,34.479,33.289,31.490,29.878,28.825,28.464,28.825,29.878,31.490,33.289,34.479,
10,559,1092,49,0.0000,0.0000,0.0000,-1.0000,0.0000,3000.0000,3000.0000,0.0000,0.0000,0.4254,0.4254,0.1500,4.0000,1.0000,1.2430,2.0000,0.000000,0.000000,0.000000,0.000000,0.000000,0.000000,"LINESTRING (-121.92840100000001 37.699659999999994, -121.928301 37.69976)",0.000000,-1.000000,0.000000,7.500000,7.500000,7.500000,0.932256,1.500000,0.000000,nan,1.243008,0.932256,2.000000,1.500000,1.243008,1.243008,1.243008,2.000000,2.000000,2.000000,0.425375,0.000000,1.243,1.243,1.243,1.243,1.243,1.243,nan,1.243,1.243,1.243,1.243,1.243,
10,560,1092,1080,444.0000,0.0000,0.0000,-1.0000,0.0000,756.0000,756.0000,444.0000,0.5873,10.0010,10.1795,0.1500,4.0000,1.0000,47.6225,76.6246,3587.314429,75.328122,3587.314429,75.328122,84.610184,84.610184,"LINESTRING (-121.92840100000001 37.699659999999994, -122.075715 37.690675999999996)",444.000000,-1.000000,0.587302,7.206349,7.500000,7.793651,35.177220,56.600147,756.000000,13954.370856,48.472374,36.354280,77.992050,58.494037,41.355398,40.630318,42.398140,66.540836,65.374182,68.218607,11.433809,0.000000,48.472,45.598,42.724,40.813,38.267,36.009,35.177,36.009,38.267,40.813,42.724,45.598,
10,561,1093,50,10.7658,0.0000,0.0000,-1.0000,0.0000,3000.0000,3000.0000,10.7658,0.0036,0.4251,0.4251,0.1500,4.0000,1.0000,1.2430,2.0000,0.094820,0.076283,0.094820,0.076283,0.076317,0.076317,"LINESTRING (-122.295244 37.804823, -122.295144 37.804923)",10.765770,-1.000000,0.003589,7.498206,7.500000,7.501794,0.932256,1.500000,1076.577029,978633275955.037231,1.243008,0.932256,2.000000,1.500000,1.241893,1.241893,1.242449,1.998206,1.998206,1.999100,0.425334,0.000000,1.243,1.243,1.243,1.242,1.242,1.242,0.932,1.242,1.242,1.242,1.243,1.243,
10,562,1093,1085,822.4220,0.0000,0.0000,-1.0000,0.0000,756.0000,756.0000,822.4220,1.0879,7.0010,8.4718,0.1500,4.0000,1.0000,39.8682,64.1479,4629.602533,116.122757,4629.602533,116.122757,154.830343,154.830343,"LINESTRING (-122.295244 37.804823, -122.39718 37.792688999999996)",822.421998,-1.000000,1.087860,6.956070,7.500000,8.043930,25.957944,41.766331,756.000000,2117.102480,48.243649,36.182736,77.624030,58.218023,36.182736,29.901132,29.901132,58.218023,48.110921,48.110921,11.295686,0.000000,35.844,33.903,31.365,29.061,27.341,26.303,25.958,26.303,27.341,29.061,31.365,33.903,
10,563,1094,2,47.2927,0.0000,0.0000,-1.0000,0.0000,3000.0000,3000.0000,47.2927,0.0158,0.4252,0.4252,0.1500,4.0000,1.0000,1.2430,2.0000,0.416621,0.335171,0.416621,0.335171,0.335843,0.335843,"LINESTRING (-122.419855 37.76507599999999, -122.419755 37.765176)",47.292666,-1.000000,0.015764,7.492118,7.500000,7.507882,0.932256,1.500000,3000.000000,7257329201.881863,1.243008,0.932256,2.000000,1.500000,1.238109,1.238109,1.240520,1.992118,1.992118,1.995997,0.426083,0.000000,1.243,1.242,1.241,1.241,1.240,1.239,0.932,1.239,1.240,1.241,1.241,1.242,
10,564,1094,1099,284.9036,0.0000,0.0000,-1.0000,0.0000,756.0000,756.0000,284.9036,0.3769,3.0010,3.0101,0.1500,4.0000,1.0000,20.6777,33.2704,295.547329,14.293042,295.547329,14.293042,15.255076,15.255076,"LINESTRING (-122.419855 37.76507599999999, -122.413979 37.779349999999994)",284.903618,-1.000000,0.376857,7.311572,7.500000,7.688428,15.467456,24.887137,756.000000,28421.457333,20.740267,15.555200,33.371089,25.028317,18.786240,18.729574,19.373704,30.227060,30.135884,31.172290,3.212681,0.000000,20.740,20.218,19.695,19.172,18.597,16.496,15.467,16.496,18.597,19.172,19.695,20.218,
10,565,1095,4,23.8824,0.0000,0.0000,-1.0000,0.0000,3000.0000,3000.0000,23.8824,0.0080,0.4253,0.4253,0.1500,4.0000,1.0000,1.2430,2.0000,0.210404,0.169270,0.210404,0.169270,0.169440,0.169440,"LINESTRING (-122.41861800000001 37.752322, -122.418518 37.752422)",23.882413,-1.000000,0.007961,7.496020,7.500000,7.503980,0.932256,1.500000,2388.241337,89372685014.807724,1.243008,0.932256,2.000000,1.500000,1.240534,1.240534,1.241761,1.996020,1.996020,1.997994,0.425685,0.000000,1.243,1.243,1.242,1.242,1.241,1.241,0.932,1.241,1.241,1.242,1.242,1.243,
10,566,1095,1094,325.1332,0.0000,0.0000,-1.0000,0.0000,756.0000,756.0000,325.1332,0.4301,2.0010,2.0113,0.1500,4.0000,1.0000,26.3712,42.4312,287.415203,10.898836,287.415203,10.898836,11.771219,11.771219,"LINESTRING (-122.41861800000001 37.752322, -122.419855 37.76507599999999)",325.133239,-1.000000,0.430070,7.284965,7.500000,7.715035,19.690426,31.681895,756.000000,10645.238708,26.506508,19.879881,42.648971,31.986728,23.656592,23.535816,24.416775,38.063456,37.869128,39.286592,2.172258,0.000000,26.507,25.673,24.840,24.006,22.921,20.652,19.690,20.652,22.921,24.006,24.840,25.673,
10,567,1096,7,10.0297,0.0000,0.0000,-1.0000,0.0000,3000.0000,3000.0000,10.0297,0.0033,0.4253,0.4253,0.1500,4.0000,1.0000,1.2430,2.0000,0.088376,0.071098,0.088376,0.071098,0.071128,0.071128,"LINESTRING (-122.44761 37.721658, -122.44751 37.721758)",10.029708,-1.000000,0.003343,7.498328,7.500000,7.501672,0.932256,1.500000,1002.970817,1211040007866.801514,1.243008,0.932256,2.000000,1.500000,1.241969,1.241969,1.242487,1.998328,1.998328,1.999161,0.425505,0.000000,1.243,1.243,1.243,1.242,1.242,1.242,0.932,1.242,1.242,1.242,1.243,1.243,
10,568,1096,1105,294.7637,0.0000,0.0000,-1.0000,0.0000,756.0000,756.0000,294.7637,0.3899,3.0010,3.0114,0.1500,4.0000,1.0000,21.9573,35.3293,324.840642,14.794205,324.840642,14.794205,15.835012,15.835012,"LINESTRING (-122.44761 37.721658, -122.433657 37.733169)",294.763690,-1.000000,0.389899,7.305050,7.500000,7.694950,16.418338,26.417105,756.000000,24502.984218,22.033405,16.525054,35.451749,26.588812,19.885704,19.817007,20.514077,31.996098,31.885565,33.007149,3.223262,0.000000,22.033,21.447,20.860,20.273,19.586,17.427,16.418,17.427,19.586,20.273,20.860,21.447,
10,569,1097,8,9.3249,0.0000,0.0000,-1.0000,0.0000,3000.0000,3000.0000,9.3249,0.0031,0.4254,0.4254,0.1500,4.0000,1.0000,1.2430,2.0000,0.082176,0.066110,0.082176,0.066110,0.066136,0.066136,"LINESTRING (-122.126531 37.696838, -122.126431 37.696938)",9.324866,-1.000000,0.003108,7.498446,7.500000,7.501554,0.932256,1.500000,932.486612,1507399596673.085205,1.243008,0.932256,2.000000,1.500000,1.242042,1.242042,1.242524,1.998446,1.998446,1.999221,0.425547,0.000000,1.243,1.243,1.243,1.243,1.242,1.242,0.932,1.242,1.242,1.243,1.243,1.243,
10,570,1097,1098,115.0000,0.0000,0.0000,-1.0000,0.0000,756.0000,756.0000,115.0000,0.1521,5.0010,5.0014,0.1500,4.0000,1.0000,33.7260,54.2652,323.298374,9.586020,323.298374,9.586020,9.800055,9.800055,"LINESTRING (-122.126531 37.696838, -122.075715 37.690675999999996)",115.000000,-1.000000,0.152116,7.423942,7.500000,7.576058,25.292744,40.696025,756.000000,2214384.018334,33.728737,25.296553,54.269538,40.702153,32.446063,32.443458,32.989446,52.205716,52.201523,53.080018,5.113072,0.000000,33.729,33.477,33.224,32.972,32.720,32.468,25.293,32.468,32.720,32.972,33.224,33.477,
10,571,1098,10,18.0000,0.0000,0.0000,-1.0000,0.0000,3000.0000,3000.0000,18.0000,0.0060,0.4254,0.4254,0.1500,4.0000,1.0000,1.2430,2.0000,0.158631,0.127618,0.158631,0.127618,0.127715,0.127715,"LINESTRING (-122.075715 37.690675999999996, -122.075615 37.690776)",18.000000,-1.000000,0.006000,7.497000,7.500000,7.503000,0.932256,1.500000,1800.000000,209124691534.423065,1.243008,0.932256,2.000000,1.500000,1.241144,1.241144,1.242070,1.997000,1.997000,1.998491,0.425716,0.000000,1.243,1.243,1.242,1.242,1.242,1.241,0.932,1.241,1.242,1.242,1.242,1.243,
10,572,1098,1110,110.0000,0.0000,0.0000,-1.0000,0.0000,756.0000,756.0000,110.0000,0.1455,9.0010,9.0016,0.1500,4.0000,1.0000,53.8540,86.6510,888.749070,16.502943,888.749070,16.502943,16.853114,16.853114,"LINESTRING (-122.075715 37.690675999999996, -121.92840100000001 37.699659999999994)",110.000000,-1.000000,0.145503,7.427249,7.500000,7.572751,40.388104,64.984459,756.000000,4789457.596136,53.857594,40.393195,86.656868,64.992651,51.898488,51.894999,52.735006,83.504667,83.499053,84.850624,9.192608,0.000000,53.858,53.475,53.093,52.711,52.329,51.947,40.388,51.947,52.329,52.711,53.093,53.475,
10,573,1099,11,20.0363,0.0000,0.0000,-1.0000,0.0000,3000.0000,3000.0000,20.0363,0.0067,0.4252,0.4252,0.1500,4.0000,1.0000,1.2430,2.0000,0.176495,0.141990,0.176495,0.141990,0.142109,0.142109,"LINESTRING (-122.413979 37.779349999999994, -122.413879 37.77945)",20.036288,-1.000000,0.006679,7.496661,7.500000,7.503339,0.932256,1.500000,2003.628806,151477467381.731140,1.243008,0.932256,2.000000,1.500000,1.240933,1.240933,1.241963,1.996661,1.996661,1.998319,0.425556,0.000000,1.243,1.243,1.242,1.242,1.242,1.241,0.932,1.241,1.242,1.242,1.242,1.243,
10,574,1099,1108,287.7407,0.0000,0.0000,-1.0000,0.0000,756.0000,756.0000,287.7407,0.3806,1.0010,1.0042,0.1500,4.0000,1.0000,30.1512,48.5132,145.195490,4.815585,145.195490,4.815585,5.143906,5.143906,"LINESTRING (-122.413979 37.779349999999994, -122.407487 37.784544999999994)",287.740671,-1.000000,0.380609,7.309695,7.500000,7.690305,22.551454,36.285289,756.000000,9079.472412,30.246075,22.684556,48.665934,36.499451,27.368090,27.282211,28.226702,44.035257,43.897077,45.416763,1.072613,0.000000,30.246,29.472,28.697,27.923,27.054,24.017,22.551,24.017,27.054,27.923,28.697,29.472,
10,575,1100,13,59.0782,0.0000,0.0000,-1.0000,0.0000,3000.0000,3000.0000,59.0782,0.0197,0.4253,0.4253,0.1500,4.0000,1.0000,1.2430,2.0000,0.520476,0.418723,0.520476,0.418723,0.419776,0.419776,"LINESTRING (-122.196798 37.753504, -122.196698 37.753604)",59.078238,-1.000000,0.019693,7.490154,7.500000,7.509846,0.932256,1.500000,3000.000000,2971389206.241611,1.243008,0.932256,2.000000,1.500000,1.236889,1.236889,1.239888,1.990154,1.990154,1.994980,0.426326,0.000000,1.243,1.242,1.241,1.240,1.239,1.238,0.932,1.238,1.239,1.240,1.241,1.242,
10,576,1100,1109,135.3825,0.0000,0.0000,-1.0000,0.0000,756.0000,756.0000,135.3825,0.1791,4.0010,4.0016,0.1500,4.0000,1.0000,44.2175,71.1460,399.246370,9.029147,399.246370,9.029147,9.272737,9.272737,"LINESTRING (-122.196798 37.753504, -122.160813 37.721706)",135.382468,-1.000000,0.179077,7.410461,7.500000,7.589539,33.158655,53.352275,756.000000,899940.011556,44.224327,33.168245,71.156942,53.367707,42.244433,42.237918,43.055936,67.971293,67.960810,69.277002,4.109574,0.000000,44.224,43.822,43.420,43.018,42.616,42.038,33.159,42.038,42.616,43.018,43.420,43.822,
10,577,1101,15,0.0000,0.0000,0.0000,-1.0000,0.0000,3000.0000,3000.0000,0.0000,0.0000,0.4254,0.4254,0.1500,4.0000,1.0000,1.2430,2.0000,0.000000,0.000000,0.000000,0.000000,0.000000,0.000000,"LINESTRING (-122.469094 37.706204, -122.468994 37.706304)",0.000000,-1.000000,0.000000,7.500000,7.500000,7.500000,0.932256,1.500000,0.000000,nan,1.243008,0.932256,2.000000,1.500000,1.243008,1.243008,1.243008,2.000000,2.000000,2.000000,0.425360,0.000000,1.243,1.243,1.243,1.243,1.243,1.243,nan,1.243,1.243,1.243,1.243,1.243,
10,578,1101,1096,239.7269,0.0000,0.0000,-1.0000,0.0000,756.0000,756.0000,239.7269,0.3171,3.0010,3.0056,0.1500,4.0000,1.0000,31.6911,50.9910,380.563898,12.008527,380.563898,12.008527,12.656699,12.656699,"LINESTRING (-122.469094 37.706204, -122.44761 37.721658)",239.726943,-1.000000,0.317099,7.341450,7.500000,7.658550,23.736902,38.192675,756.000000,60083.105145,31.739201,23.804400,51.068374,38.301280,29.223082,29.178830,30.068180,47.019940,46.948737,48.379701,3.167779,0.000000,31.739,31.125,30.511,29.897,29.283,26.067,23.737,26.067,29.283,29.897,30.511,31.125,
10,579,1102,18,80.0000,0.0000,0.0000,-1.0000,0.0000,3000.0000,3000.0000,80.0000,0.0267,0.4254,0.4254,0.1500,4.0000,1.0000,1.2430,2.0000,0.704985,0.567161,0.704985,0.567161,0.569108,0.569108,"LINESTRING (-121.899342 37.701592, -121.899242 37.701692)",80.000000,-1.000000,0.026667,7.486667,7.500000,7.513333,0.932256,1.500000,3000.000000,879200729.358046,1.243008,0.932256,2.000000,1.500000,1.234721,1.234721,1.238754,1.986667,1.986667,1.993156,0.426831,0.000000,1.243,1.242,1.240,1.239,1.237,1.236,0.932,1.236,1.237,1.239,1.240,1.242,
10,580,1103,19,0.0000,0.0000,0.0000,-1.0000,0.0000,3000.0000,3000.0000,0.0000,0.0000,0.4252,0.4252,0.1500,4.0000,1.0000,1.2430,2.0000,0.000000,0.000000,0.000000,0.000000,0.000000,0.000000,"LINESTRING (-122.39718 37.792688999999996, -122.39708 37.792789)",0.000000,-1.000000,0.000000,7.500000,7.500000,7.500000,0.932256,1.500000,0.000000,nan,1.243008,0.932256,2.000000,1.500000,1.243008,1.243008,1.243008,2.000000,2.000000,2.000000,0.425169,0.000000,1.243,1.243,1.243,1.243,1.243,1.243,nan,1.243,1.243,1.243,1.243,1.243,
10,581,1103,1111,109.5577,0.0000,0.0000,-1.0000,0.0000,756.0000,756.0000,109.5577,0.1449,7.0010,7.0015,0.1500,4.0000,1.0000,48.2405,77.6189,616.725240,12.784399,616.725240,12.784399,13.054420,13.054420,"LINESTRING (-122.39718 37.792688999999996, -122.295244 37.804823)",109.557657,-1.000000,0.144918,7.427541,7.500000,7.572459,36.178249,58.210802,756.000000,3787762.420102,48.243649,36.182736,77.624030,58.218023,46.495811,46.492735,47.242638,74.811760,74.806811,76.013404,7.149342,0.000000,48.244,47.903,47.562,47.222,46.881,46.540,36.178,46.540,46.881,47.222,47.562,47.903,
10,582,1104,21,16.6642,0.0000,0.0000,-1.0000,0.0000,3000.0000,3000.0000,16.6642,0.0056,0.4252,0.4252,0.1500,4.0000,1.0000,1.2430,2.0000,0.146795,0.118096,0.146795,0.118096,0.118179,0.118179,"LINESTRING (-122.22416700000001 37.774772999999996, -122.224067 37.774873)",16.664247,-1.000000,0.005555,7.497223,7.500000,7.502777,0.932256,1.500000,1666.424746,263525100466.270691,1.243008,0.932256,2.000000,1.500000,1.241282,1.241282,1.242140,1.997223,1.997223,1.998604,0.425506,0.000000,1.243,1.243,1.242,1.242,1.242,1.242,0.932,1.242,1.242,1.242,1.242,1.243,
10,583,1104,1100,177.4607,0.0000,0.0000,-1.0000,0.0000,756.0000,756.0000,177.4607,0.2347,3.0010,3.0024,0.1500,4.0000,1.0000,41.9013,67.4192,372.085249,8.880036,372.085249,8.880036,9.210618,9.210618,"LINESTRING (-122.22416700000001 37.774772999999996, -122.196798 37.753504)",177.460706,-1.000000,0.234736,7.382632,7.500000,7.617368,31.413480,50.544290,756.000000,216905.292734,41.920406,31.440305,67.449934,50.587450,39.460345,39.442382,40.397426,63.491695,63.462793,64.999459,3.114138,0.000000,41.920,41.385,40.849,40.313,39.777,37.122,31.413,37.122,39.777,40.313,40.849,41.385,
10,584,1105,22,0.0000,0.0000,0.0000,-1.0000,0.0000,3000.0000,3000.0000,0.0000,0.0000,0.4253,0.4253,0.1500,4.0000,1.0000,1.2430,2.0000,0.000000,0.000000,0.000000,0.000000,0.000000,0.000000,"LINESTRING (-122.433657 37.733169, -122.433557 37.733269)",0.000000,-1.000000,0.000000,7.500000,7.500000,7.500000,0.932256,1.500000,0.000000,nan,1.243008,0.932256,2.000000,1.500000,1.243008,1.243008,1.243008,2.000000,2.000000,2.000000,0.425301,0.000000,1.243,1.243,1.243,1.243,1.243,1.243,nan,1.243,1.243,1.243,1.243,1.243,
10,585,1105,1095,342.0508,0.0000,0.0000,-1.0000,0.0000,756.0000,756.0000,342.0508,0.4524,2.0010,2.0136,0.1500,4.0000,1.0000,46.4255,74.6987,532.923381,11.479100,532.923381,11.479100,12.462348,12.462348,"LINESTRING (-122.433657 37.733169, -122.41861800000001 37.752322)",342.050803,-1.000000,0.452448,7.273776,7.500000,7.726224,34.629872,55.719464,756.000000,8529.341690,46.717361,35.038021,75.168235,56.376176,41.433065,41.174249,42.762677,66.665802,66.249366,68.805148,2.186052,0.000000,46.717,45.109,43.500,41.892,39.799,36.131,34.630,36.131,39.799,41.892,43.500,45.109,
10,586,1106,25,10.4182,0.0000,0.0000,-1.0000,0.0000,3000.0000,3000.0000,10.4182,0.0035,0.4252,0.4252,0.1500,4.0000,1.0000,1.2430,2.0000,0.091763,0.073823,0.091763,0.073823,0.073855,0.073855,"LINESTRING (-122.265332 37.797256999999995, -122.265232 37.797357)",10.418188,-1.000000,0.003473,7.498264,7.500000,7.501736,0.932256,1.500000,1041.818779,1080024895285.816040,1.243008,0.932256,2.000000,1.500000,1.241929,1.241929,1.242467,1.998264,1.998264,1.999129,0.425344,0.000000,1.243,1.243,1.243,1.242,1.242,1.242,0.932,1.242,1.242,1.242,1.243,1.243,
10,587,1106,1104,137.1286,0.0000,0.0000,-1.0000,0.0000,756.0000,756.0000,137.1286,0.1814,4.0010,4.0016,0.1500,4.0000,1.0000,40.9778,65.9332,374.769334,9.145676,374.769334,9.145676,9.396140,9.396140,"LINESTRING (-122.265332 37.797256999999995, -122.22416700000001 37.774772999999996)",137.128582,-1.000000,0.181387,7.409306,7.500000,7.590694,30.728957,49.442892,756.000000,853144.050132,40.984417,30.738313,65.943927,49.457945,39.125907,39.119555,39.885455,62.953584,62.943364,64.175697,4.111239,0.000000,40.984,40.606,40.228,39.849,39.471,38.868,30.729,38.868,39.471,39.849,40.228,40.606,
10,588,1107,29,109.5553,0.0000,0.0000,-1.0000,0.0000,3000.0000,3000.0000,109.5553,0.0365,0.4252,0.4252,0.1500,4.0000,1.0000,1.2430,2.0000,0.964997,0.776340,0.964997,0.776340,0.780031,0.780031,"LINESTRING (-122.401742 37.78911299999999, -122.401642 37.789213)",109.555274,-1.000000,0.036518,7.481741,7.500000,7.518259,0.932256,1.499999,3000.000000,247957853.286424,1.243008,0.932256,2.000000,1.500000,1.231660,1.231660,1.237127,1.981741,1.981740,1.990537,0.427198,0.000000,1.243,1.241,1.239,1.237,1.235,1.233,0.932,1.233,1.235,1.237,1.239,1.241,
10,589,1107,1103,72.5504,0.0000,0.0000,-1.0000,0.0000,756.0000,756.0000,72.5504,0.0960,2.0010,2.0010,0.1500,4.0000,1.0000,10.5223,16.9303,25.459517,2.419587,25.459517,2.419587,2.451792,2.451792,"LINESTRING (-122.401742 37.78911299999999, -122.39718 37.792688999999996)",72.550399,-1.000000,0.095966,7.452017,7.500000,7.547983,7.891607,12.697595,756.000000,5874625.151647,10.522393,7.891795,16.930531,12.697898,10.269945,10.269814,10.384043,16.524341,16.524131,16.707926,2.027660,0.000000,10.522,10.476,10.429,10.383,10.336,10.290,7.892,10.290,10.336,10.383,10.429,10.476,
10,590,1108,38,127.9562,0.0000,0.0000,-1.0000,0.0000,3000.0000,3000.0000,127.9562,0.0427,0.4252,0.4252,0.1500,4.0000,1.0000,1.2430,2.0000,1.127105,0.906756,1.127105,0.906756,0.911825,0.911825,"LINESTRING (-122.407487 37.784544999999994, -122.407387 37.784645)",127.956236,-1.000000,0.042652,7.478674,7.500000,7.521326,0.932255,1.499999,3000.000000,132609701.338628,1.243008,0.932256,2.000000,1.500000,1.229754,1.229753,1.236098,1.978674,1.978673,1.988882,0.427564,0.000000,1.243,1.241,1.238,1.236,1.234,1.231,0.932,1.231,1.234,1.236,1.238,1.241,
10,591,1108,1107,173.1111,0.0000,0.0000,-1.0000,0.0000,756.0000,756.0000,173.1111,0.2290,2.0010,2.0018,0.1500,4.0000,1.0000,13.3406,21.4651,77.050567,5.775637,77.050567,5.775637,5.984298,5.984298,"LINESTRING (-122.407487 37.784544999999994, -122.401742 37.78911299999999)",173.111116,-1.000000,0.228983,7.385509,7.500000,7.614491,10.001856,16.092987,756.000000,160608.500053,13.346120,10.009590,21.473907,16.105430,12.582111,12.576925,12.875456,20.244617,20.236272,20.716608,2.074147,0.000000,13.346,13.181,13.016,12.851,12.686,11.903,10.002,11.903,12.686,12.851,13.016,13.181,
10,592,1109,41,48.0576,0.0000,0.0000,-1.0000,0.0000,3000.0000,3000.0000,48.0576,0.0160,0.4253,0.4253,0.1500,4.0000,1.0000,1.2430,2.0000,0.423455,0.340669,0.423455,0.340669,0.341364,0.341364,"LINESTRING (-122.160813 37.721706, -122.160713 37.721806)",48.057602,-1.000000,0.016019,7.491990,7.500000,7.508010,0.932256,1.500000,3000.000000,6806389494.881031,1.243008,0.932256,2.000000,1.500000,1.238030,1.238030,1.240479,1.991990,1.991990,1.995931,0.426193,0.000000,1.243,1.242,1.241,1.240,1.240,1.239,0.932,1.239,1.240,1.240,1.241,1.242,
10,593,1109,1097,111.3249,0.0000,0.0000,-1.0000,0.0000,756.0000,756.0000,111.3249,0.1473,4.0010,4.0013,0.1500,4.0000,1.0000,38.1318,61.3541,283.092187,7.424037,283.092187,7.424037,7.583738,7.583738,"LINESTRING (-122.160813 37.721706, -122.126531 37.696838)",111.324866,-1.000000,0.147255,7.426372,7.500000,7.573628,28.597115,46.012758,756.000000,2026210.457975,38.134529,28.600897,61.358457,46.018843,36.730653,36.728063,37.328846,59.099621,59.095453,60.062113,4.087355,0.000000,38.135,37.860,37.586,37.311,37.037,36.763,28.597,36.763,37.037,37.311,37.586,37.860,
10,594,1110,49,30.0000,0.0000,0.0000,-1.0000,0.0000,3000.0000,3000.0000,30.0000,0.0100,0.4254,0.4254,0.1500,4.0000,1.0000,1.2430,2.0000,0.264372,0.212687,0.264372,0.212687,0.212956,0.212956,"LINESTRING (-121.92840100000001 37.699659999999994, -121.928301 37.69976)",30.000000,-1.000000,0.010000,7.495000,7.500000,7.505000,0.932256,1.500000,3000.000000,45032160356.895073,1.243008,0.932256,2.000000,1.500000,1.239901,1.239901,1.241439,1.995000,1.995000,1.997475,0.425913,0.000000,1.243,1.242,1.242,1.241,1.241,1.240,0.932,1.240,1.241,1.241,1.242,1.242,
10,595,1110,1102,80.0000,0.0000,0.0000,-1.0000,0.0000,756.0000,756.0000,80.0000,0.1058,3.0010,3.0011,0.1500,4.0000,1.0000,31.8794,51.2940,127.562488,4.001408,127.562488,4.001408,4.060738,4.060738,"LINESTRING (-121.92840100000001 37.699659999999994, -121.899342 37.701592)",80.000000,-1.000000,0.105820,7.447090,7.500000,7.552910,23.909155,38.469830,756.000000,5909599.454393,31.879997,23.909998,51.294916,38.471187,31.036611,31.036027,31.413619,49.937907,49.936968,50.544513,3.045554,0.000000,31.880,31.723,31.566,31.408,31.251,31.094,23.909,31.094,31.251,31.408,31.566,31.723,
10,596,1111,50,4.3412,0.0000,0.0000,-1.0000,0.0000,3000.0000,3000.0000,4.3412,0.0014,0.4251,0.4251,0.1500,4.0000,1.0000,1.2430,2.0000,0.038235,0.030760,0.038235,0.030760,0.030766,0.030766,"LINESTRING (-122.295244 37.804823, -122.295144 37.804923)",4.341196,-1.000000,0.001447,7.499276,7.500000,7.500724,0.932256,1.500000,434.119575,14949509393463.687500,1.243008,0.932256,2.000000,1.500000,1.242558,1.242558,1.242783,1.999277,1.999277,1.999638,0.425219,0.000000,1.243,1.243,1.243,1.243,1.243,1.243,0.932,1.243,1.243,1.243,1.243,1.243,
10,597,1111,1106,120.8825,0.0000,0.0000,-1.0000,0.0000,756.0000,756.0000,120.8825,0.1599,6.0010,6.0016,0.1500,4.0000,1.0000,17.1455,27.5871,207.314169,12.091452,207.314169,12.091452,12.377399,12.377399,"LINESTRING (-122.295244 37.804823, -122.265332 37.797256999999995)",120.882523,-1.000000,0.159898,7.420051,7.500000,7.579949,12.858033,20.688575,756.000000,2161226.379614,17.147196,12.860397,27.589838,20.692379,16.461747,16.460133,16.749413,26.486951,26.484355,26.949805,6.143518,0.000000,17.147,17.011,16.875,16.739,16.603,16.467,12.858,16.467,16.603,16.739,16.875,17.011,
10,598,1112,13,0.0000,0.0000,0.0000,-1.0000,0.0000,3000.0000,3000.0000,0.0000,0.0000,0.4253,0.4253,0.1500,4.0000,1.0000,1.2430,2.0000,0.000000,0.000000,0.000000,0.000000,0.000000,0.000000,"LINESTRING (-122.196798 37.753504, -122.196698 37.753604)",0.000000,-1.000000,0.000000,7.500000,7.500000,7.500000,0.932256,1.500000,0.000000,nan,1.243008,0.932256,2.000000,1.500000,1.243008,1.243008,1.243008,2.000000,2.000000,2.000000,0.425256,0.000000,1.243,1.243,1.243,1.243,1.243,1.243,nan,1.243,1.243,1.243,1.243,1.243,
10,599,1113,32,0.0000,0.0000,0.0000,-1.0000,0.0000,3000.0000,3000.0000,0.0000,0.0000,0.4253,0.4253,0.1500,4.0000,1.0000,1.2430,2.0000,0.000000,0.000000,0.000000,0.000000,0.000000,0.000000,"LINESTRING (-122.212337 37.713156, -122.212237 37.713256)",0.000000,-1.000000,0.000000,7.500000,7.500000,7.500000,0.932256,1.500000,0.000000,nan,1.243008,0.932256,2.000000,1.500000,1.243008,1.243008,1.243008,2.000000,2.000000,2.000000,0.425345,0.000000,1.243,1.243,1.243,1.243,1.243,1.243,nan,1.243,1.243,1.243,1.243,1.243,
10,600,1113,1112,0.0000,0.0000,0.0000,-1.0000,0.0000,756.0000,756.0000,0.0000,0.0000,8.0010,8.0010,0.1500,4.0000,1.0000,21.8586,35.1705,0.000000,0.000000,0.000000,0.000000,0.000000,0.000000,"LINESTRING (-122.212337 37.713156, -122.196798 37.753504)",0.000000,-1.000000,0.000000,7.500000,7.500000,7.500000,16.393952,26.377869,0.000000,nan,21.858603,16.393952,35.170491,26.377869,21.858603,21.858603,21.858603,35.170491,35.170491,35.170491,8.001000,0.000000,21.859,21.859,21.859,21.859,21.859,21.859,nan,21.859,21.859,21.859,21.859,21.859,
10,601,1114,1,110.4042,0.0000,0.0000,-1.0000,0.0000,3000.0000,3000.0000,110.4042,0.0368,0.4251,0.4251,0.1500,4.0000,1.0000,1.2430,2.0000,0.972403,0.782298,0.972403,0.782298,0.786047,0.786047,"LINESTRING (-122.27168900000001 37.803371, -122.271589 37.803471)",110.404241,-1.000000,0.036801,7.481599,7.500000,7.518401,0.932256,1.499999,3000.000000,240347295.810341,1.243008,0.932256,2.000000,1.500000,1.231572,1.231572,1.237080,1.981599,1.981599,1.990461,0.427183,0.000000,1.243,1.241,1.239,1.237,1.235,1.233,0.932,1.233,1.235,1.237,1.239,1.241,
10,602,1114,1120,65.3486,0.0000,0.0000,-1.0000,0.0000,1134.0000,1134.0000,65.3486,0.0576,2.0010,2.0010,0.1500,4.0000,1.0000,10.6048,17.0630,23.111784,2.179380,23.111784,2.179380,2.196107,2.196107,"LINESTRING (-122.27168900000001 37.803371, -122.268822 37.807959999999994)",65.348606,-1.000000,0.057627,7.471187,7.500000,7.528813,7.953553,12.797267,1134.000000,69952848.130770,10.604771,7.953578,17.063076,12.797307,10.451991,10.451974,10.523978,16.817254,16.817226,16.933080,2.016362,0.000000,10.605,10.578,10.551,10.524,10.497,10.470,7.954,10.470,10.497,10.524,10.551,10.578,
10,603,1115,1,12.8492,0.0000,0.0000,-1.0000,0.0000,3000.0000,3000.0000,12.8492,0.0043,0.4251,0.4251,0.1500,4.0000,1.0000,1.2430,2.0000,0.113171,0.091046,0.113171,0.091046,0.091095,0.091095,"LINESTRING (-122.27168900000001 37.803371, -122.271589 37.803471)",12.849219,-1.000000,0.004283,7.497858,7.500000,7.502142,0.932256,1.500000,1284.921917,575308845775.164429,1.243008,0.932256,2.000000,1.500000,1.241677,1.241677,1.242340,1.997859,1.997859,1.998925,0.425374,0.000000,1.243,1.243,1.243,1.242,1.242,1.242,0.932,1.242,1.242,1.242,1.243,1.243,
10,604,1115,1121,123.4464,0.0000,0.0000,-1.0000,0.0000,1134.0000,1134.0000,123.4464,0.1089,1.0010,1.0010,0.1500,4.0000,1.0000,21.1985,34.1084,43.659171,2.059540,43.659171,2.059540,2.091053,2.091053,"LINESTRING (-122.27168900000001 37.803371, -122.268822 37.807959999999994)",123.446379,-1.000000,0.108859,7.445570,7.500000,7.554430,15.898583,25.580820,1134.000000,2633283.698615,21.198948,15.899211,34.109107,25.581830,20.622023,20.621588,20.879036,33.180834,33.180135,33.594369,1.016337,0.000000,21.199,21.091,20.983,20.875,20.767,20.659,15.899,20.659,20.767,20.875,20.983,21.091,
10,605,1116,1,20.3818,0.0000,0.0000,-1.0000,0.0000,3000.0000,3000.0000,20.3818,0.0068,0.4251,0.4251,0.1500,4.0000,1.0000,1.2430,2.0000,0.179515,0.144420,0.179515,0.144420,0.144544,0.144544,"LINESTRING (-122.27168900000001 37.803371, -122.271589 37.803471)",20.381757,-1.000000,0.006794,7.496603,7.500000,7.503397,0.932256,1.500000,2038.175695,143874185327.259308,1.243008,0.932256,2.000000,1.500000,1.240897,1.240897,1.241945,1.996603,1.996603,1.998290,0.425509,0.000000,1.243,1.243,1.242,1.242,1.242,1.241,0.932,1.241,1.242,1.242,1.242,1.243,
10,606,1116,1122,110.6353,0.0000,0.0000,-1.0000,0.0000,1134.0000,1134.0000,110.6353,0.0976,1.0010,1.0010,0.1500,4.0000,1.0000,21.1987,34.1086,39.128301,1.845791,39.128301,1.845791,1.870809,1.870809,"LINESTRING (-122.27168900000001 37.803371, -122.268822 37.807959999999994)",110.635335,-1.000000,0.097562,7.451219,7.500000,7.548781,15.898806,25.581179,1134.000000,4121170.562849,21.198948,15.899211,34.109107,25.581830,20.681895,20.681614,20.915172,33.277169,33.276717,33.652511,1.014582,0.000000,21.199,21.103,21.008,20.912,20.817,20.721,15.899,20.721,20.817,20.912,21.008,21.103,
10,607,1117,2,21.5503,0.0000,0.0000,-1.0000,0.0000,3000.0000,3000.0000,21.5503,0.0072,0.4252,0.4252,0.1500,4.0000,1.0000,1.2430,2.0000,0.189845,0.152731,0.189845,0.152731,0.152869,0.152869,"LINESTRING (-122.419855 37.76507599999999, -122.419755 37.765176)",21.550290,-1.000000,0.007183,7.496408,7.500000,7.503592,0.932256,1.500000,2155.028964,121704581369.934906,1.243008,0.932256,2.000000,1.500000,1.240776,1.240776,1.241884,1.996408,1.996408,1.998191,0.425615,0.000000,1.243,1.243,1.242,1.242,1.242,1.241,0.932,1.241,1.242,1.242,1.242,1.243,
10,608,1117,1131,408.2421,0.0000,0.0000,-1.0000,0.0000,1134.0000,1134.0000,408.2421,0.3600,3.0010,3.0086,0.1500,4.0000,1.0000,20.6881,33.2872,423.493641,20.470355,423.493641,20.470355,21.769111,21.769111,"LINESTRING (-122.419855 37.76507599999999, -122.413979 37.779349999999994)",408.242128,-1.000000,0.360002,7.319999,7.500000,7.680001,15.482063,24.910639,1134.000000,52025.896197,20.740267,15.555200,33.371089,25.028317,18.873633,18.826201,19.453878,30.367676,30.291357,31.301290,3.199441,0.000000,20.740,20.254,19.768,19.282,18.790,16.625,15.482,16.625,18.790,19.282,19.768,20.254,
10,609,1118,2,22.3234,0.0000,0.0000,-1.0000,0.0000,3000.0000,3000.0000,22.3234,0.0074,0.4252,0.4252,0.1500,4.0000,1.0000,1.2430,2.0000,0.196656,0.158210,0.196656,0.158210,0.158358,0.158358,"LINESTRING (-122.419855 37.76507599999999, -122.419755 37.765176)",22.323386,-1.000000,0.007441,7.496279,7.500000,7.503721,0.932256,1.500000,2232.338642,109471563200.107834,1.243008,0.932256,2.000000,1.500000,1.240696,1.240696,1.241843,1.996280,1.996280,1.998126,0.425629,0.000000,1.243,1.243,1.242,1.242,1.241,1.241,0.932,1.241,1.241,1.242,1.242,1.243,
10,610,1118,1132,334.0465,0.0000,0.0000,-1.0000,0.0000,1134.0000,1134.0000,334.0465,0.2946,3.0010,3.0044,0.1500,4.0000,1.0000,20.7169,33.3334,346.526104,16.726761,346.526104,16.726761,17.549867,17.549867,"LINESTRING (-122.419855 37.76507599999999, -122.413979 37.779349999999994)",334.046465,-1.000000,0.294574,7.352713,7.500000,7.647287,15.522328,24.975426,1134.000000,123734.001532,20.740267,15.555200,33.371089,25.028317,19.212883,19.191208,19.745226,30.913529,30.878653,31.770069,3.152232,0.000000,20.740,20.379,20.019,19.658,19.297,17.310,15.522,17.310,19.297,19.658,20.019,20.379,
10,611,1119,2,36.7507,0.0000,0.0000,-1.0000,0.0000,3000.0000,3000.0000,36.7507,0.0123,0.4252,0.4252,0.1500,4.0000,1.0000,1.2430,2.0000,0.323752,0.260458,0.323752,0.260458,0.260862,0.260862,"LINESTRING (-122.419855 37.76507599999999, -122.419755 37.765176)",36.750655,-1.000000,0.012250,7.493875,7.500000,7.506125,0.932256,1.500000,3000.000000,19955223515.345322,1.243008,0.932256,2.000000,1.500000,1.239201,1.239201,1.241081,1.993875,1.993875,1.996900,0.425890,0.000000,1.243,1.242,1.242,1.241,1.240,1.240,0.932,1.240,1.240,1.241,1.242,1.242,
10,612,1119,1133,342.2629,0.0000,0.0000,-1.0000,0.0000,1134.0000,1134.0000,342.2629,0.3018,3.0010,3.0047,0.1500,4.0000,1.0000,20.7145,33.3296,355.049518,17.140159,355.049518,17.140159,18.009627,18.009627,"LINESTRING (-122.419855 37.76507599999999, -122.413979 37.779349999999994)",342.262921,-1.000000,0.301819,7.349090,7.500000,7.650910,15.518981,24.970040,1134.000000,111474.380158,20.740267,15.555200,33.371089,25.028317,19.175314,19.151476,19.714429,30.853081,30.814724,31.720517,3.157157,0.000000,20.740,20.367,19.993,19.620,19.246,17.216,15.519,17.216,19.246,19.620,19.993,20.367,
10,613,1120,3,3.7436,0.0000,0.0000,-1.0000,0.0000,3000.0000,3000.0000,3.7436,0.0012,0.4251,0.4251,0.1500,4.0000,1.0000,1.2430,2.0000,0.032972,0.026526,0.032972,0.026526,0.026530,0.026530,"LINESTRING (-122.268822 37.807959999999994, -122.268722 37.80806)",3.743622,-1.000000,0.001248,7.499376,7.500000,7.500624,0.932256,1.500000,374.362224,23315078917983.449219,1.243008,0.932256,2.000000,1.500000,1.242620,1.242620,1.242814,1.999376,1.999376,1.999688,0.425202,0.000000,1.243,1.243,1.243,1.243,1.243,1.243,0.932,1.243,1.243,1.243,1.243,1.243,
10,614,1120,1151,71.9444,0.0000,0.0000,-1.0000,0.0000,1134.0000,1134.0000,71.9444,0.0634,4.0010,4.0010,0.1500,4.0000,1.0000,21.5464,34.6682,103.369119,4.797501,103.369119,4.797501,4.838294,4.838294,"LINESTRING (-122.268822 37.807959999999994, -122.267263 37.828714)",71.944365,-1.000000,0.063443,7.468278,7.500000,7.531722,16.159802,26.001122,1134.000000,94763282.495399,21.546501,16.159876,34.668320,26.001240,21.204757,21.204706,21.364785,34.118455,34.118372,34.375940,4.035030,0.000000,21.547,21.486,21.425,21.364,21.303,21.242,16.160,21.242,21.303,21.364,21.425,21.486,
10,615,1121,3,51.9920,0.0000,0.0000,-1.0000,0.0000,3000.0000,3000.0000,51.9920,0.0173,0.4251,0.4251,0.1500,4.0000,1.0000,1.2430,2.0000,0.457916,0.368394,0.457916,0.368394,0.369207,0.369207,"LINESTRING (-122.268822 37.807959999999994, -122.268722 37.80806)",51.991974,-1.000000,0.017331,7.491335,7.500000,7.508665,0.932256,1.500000,3000.000000,4961225286.448744,1.243008,0.932256,2.000000,1.500000,1.237623,1.237623,1.240269,1.991335,1.991335,1.995592,0.426074,0.000000,1.243,1.242,1.241,1.240,1.239,1.238,0.932,1.238,1.239,1.240,1.241,1.242,
10,616,1121,1152,72.9542,0.0000,0.0000,-1.0000,0.0000,1134.0000,1134.0000,72.9542,0.0643,4.0010,4.0010,0.1500,4.0000,1.0000,21.5464,34.6682,104.820075,4.864843,104.820075,4.864843,4.906829,4.906829,"LINESTRING (-122.268822 37.807959999999994, -122.267263 37.828714)",72.954223,-1.000000,0.064334,7.467833,7.500000,7.532167,16.159798,26.001115,1134.000000,89559381.806396,21.546501,16.159876,34.668320,26.001240,21.199961,21.199906,21.362080,34.110737,34.110649,34.371587,4.035541,0.000000,21.547,21.485,21.423,21.361,21.300,21.238,16.160,21.238,21.300,21.361,21.423,21.485,
10,617,1122,3,43.8371,0.0000,0.0000,-1.0000,0.0000,3000.0000,3000.0000,43.8371,0.0146,0.4251,0.4251,0.1500,4.0000,1.0000,1.2430,2.0000,0.386093,0.310612,0.386093,0.310612,0.311189,0.311189,"LINESTRING (-122.268822 37.807959999999994, -122.268722 37.80806)",43.837144,-1.000000,0.014612,7.492694,7.500000,7.507306,0.932256,1.500000,3000.000000,9837132257.570374,1.243008,0.932256,2.000000,1.500000,1.238467,1.238467,1.240705,1.992694,1.992694,1.996294,0.425925,0.000000,1.243,1.242,1.241,1.241,1.240,1.239,0.932,1.239,1.240,1.241,1.241,1.242,
10,618,1122,1153,71.3966,0.0000,0.0000,-1.0000,0.0000,1134.0000,1134.0000,71.3966,0.0630,4.0010,4.0010,0.1500,4.0000,1.0000,21.5465,34.6682,102.582050,4.760972,102.582050,4.760972,4.801125,4.801125,"LINESTRING (-122.268822 37.807959999999994, -122.267263 37.828714)",71.396569,-1.000000,0.062960,7.468520,7.500000,7.531480,16.159804,26.001125,1134.000000,97743585.591065,21.546501,16.159876,34.668320,26.001240,21.207360,21.207310,21.366251,34.122642,34.122561,34.378298,4.034753,0.000000,21.547,21.486,21.426,21.366,21.305,21.245,16.160,21.245,21.305,21.366,21.426,21.486,
10,619,1123,4,7.3267,0.0000,0.0000,-1.0000,0.0000,3000.0000,3000.0000,7.3267,0.0024,0.4253,0.4253,0.1500,4.0000,1.0000,1.2430,2.0000,0.064548,0.051929,0.064548,0.051929,0.051945,0.051945,"LINESTRING (-122.41861800000001 37.752322, -122.418518 37.752422)",7.326681,-1.000000,0.002442,7.498779,7.500000,7.501221,0.932256,1.500000,732.668052,3108328754764.656738,1.243008,0.932256,2.000000,1.500000,1.242249,1.242249,1.242628,1.998779,1.998779,1.999388,0.425389,0.000000,1.243,1.243,1.243,1.243,1.243,1.242,0.932,1.242,1.243,1.243,1.243,1.243,
10,620,1123,1117,382.1220,0.0000,0.0000,-1.0000,0.0000,1134.0000,1134.0000,382.1220,0.3370,2.0010,2.0049,0.1500,4.0000,1.0000,26.4553,42.5666,337.792859,12.768417,337.792859,12.768417,13.512785,13.512785,"LINESTRING (-122.41861800000001 37.752322, -122.419855 37.76507599999999)",382.122049,-1.000000,0.336968,7.331516,7.500000,7.668484,19.808053,31.871158,1134.000000,46214.627936,26.506508,19.879881,42.648971,31.986728,24.273545,24.226691,24.998019,39.056133,38.980746,40.221813,2.121749,0.000000,26.507,25.945,25.384,24.823,24.271,21.507,19.808,21.507,24.271,24.823,25.384,25.945,
10,621,1124,4,11.6733,0.0000,0.0000,-1.0000,0.0000,3000.0000,3000.0000,11.6733,0.0039,0.4253,0.4253,0.1500,4.0000,1.0000,1.2430,2.0000,0.102842,0.082736,0.102842,0.082736,0.082777,0.082777,"LINESTRING (-122.41861800000001 37.752322, -122.418518 37.752422)",11.673319,-1.000000,0.003891,7.498054,7.500000,7.501946,0.932256,1.500000,1167.331948,767700442705.500610,1.243008,0.932256,2.000000,1.500000,1.241799,1.241799,1.242401,1.998055,1.998055,1.999024,0.425466,0.000000,1.243,1.243,1.243,1.242,1.242,1.242,0.932,1.242,1.242,1.242,1.243,1.243,
10,622,1124,1118,350.9473,0.0000,0.0000,-1.0000,0.0000,1134.0000,1134.0000,350.9473,0.3095,2.0010,2.0038,0.1500,4.0000,1.0000,26.4701,42.5904,310.234619,11.720197,310.234619,11.720197,12.333717,12.333717,"LINESTRING (-122.41861800000001 37.752322, -122.419855 37.76507599999999)",350.947289,-1.000000,0.309477,7.345261,7.500000,7.654739,19.828724,31.904417,1134.000000,66734.391468,26.506508,19.879881,42.648971,31.986728,24.455717,24.422113,25.153376,39.349249,39.295180,40.471782,2.108644,0.000000,26.507,26.012,25.517,25.022,24.527,21.882,19.829,21.882,24.527,25.022,25.517,26.012,
10,623,1125,4,15.3194,0.0000,0.0000,-1.0000,0.0000,3000.0000,3000.0000,15.3194,0.0051,0.4253,0.4253,0.1500,4.0000,1.0000,1.2430,2.0000,0.134964,0.108579,0.134964,0.108579,0.108648,0.108648,"LINESTRING (-122.41861800000001 37.752322, -122.418518 37.752422)",15.319423,-1.000000,0.005106,7.497447,7.500000,7.502553,0.932256,1.500000,1531.942291,339351350291.123108,1.243008,0.932256,2.000000,1.500000,1.241421,1.241421,1.242211,1.997447,1.997447,1.998717,0.425531,0.000000,1.243,1.243,1.242,1.242,1.242,1.242,0.932,1.242,1.242,1.242,1.242,1.243,
10,624,1125,1119,356.1616,0.0000,0.0000,-1.0000,0.0000,1134.0000,1134.0000,356.1616,0.3141,2.0010,2.0039,0.1500,4.0000,1.0000,26.4679,42.5868,314.844043,11.895327,314.844043,11.895327,12.529680,12.529680,"LINESTRING (-122.41861800000001 37.752322, -122.419855 37.76507599999999)",356.161617,-1.000000,0.314075,7.342962,7.500000,7.657038,19.825624,31.899429,1134.000000,62626.991705,26.506508,19.879881,42.648971,31.986728,24.425247,24.389648,25.127860,39.300222,39.242944,40.430727,2.110786,0.000000,26.507,26.001,25.495,24.989,24.484,21.813,19.826,21.813,24.484,24.989,25.495,26.001,
10,625,1126,5,4.4888,0.0000,0.0000,-1.0000,0.0000,3000.0000,3000.0000,4.4888,0.0015,0.4247,0.4247,0.1500,4.0000,1.0000,1.2430,2.0000,0.039496,0.031775,0.039496,0.031775,0.031781,0.031781,"LINESTRING (-121.78045300000001 37.995315, -121.780353 37.995415)",4.488773,-1.000000,0.001496,7.499252,7.500000,7.500748,0.932256,1.500000,448.877288,13509048817576.083984,1.243008,0.932256,2.000000,1.500000,1.242543,1.242543,1.242775,1.999252,1.999252,1.999625,0.424800,0.000000,1.243,1.243,1.243,1.243,1.243,1.243,0.932,1.243,1.243,1.243,1.243,1.243,
10,626,1127,5,4.5112,0.0000,0.0000,-1.0000,0.0000,3000.0000,3000.0000,4.5112,0.0015,0.4247,0.4247,0.1500,4.0000,1.0000,1.2430,2.0000,0.039694,0.031933,0.039694,0.031933,0.031940,0.031940,"LINESTRING (-121.78045300000001 37.995315, -121.780353 37.995415)",4.511227,-1.000000,0.001504,7.499248,7.500000,7.500752,0.932256,1.500000,451.122712,13308256051728.878906,1.243008,0.932256,2.000000,1.500000,1.242541,1.242541,1.242774,1.999248,1.999248,1.999624,0.424800,0.000000,1.243,1.243,1.243,1.243,1.243,1.243,0.932,1.243,1.243,1.243,1.243,1.243,
10,627,1128,7,7.0000,0.0000,0.0000,-1.0000,0.0000,3000.0000,3000.0000,7.0000,0.0023,0.4253,0.4253,0.1500,4.0000,1.0000,1.2430,2.0000,0.061680,0.049621,0.061680,0.049621,0.049636,0.049636,"LINESTRING (-122.44761 37.721658, -122.44751 37.721758)",7.000000,-1.000000,0.002333,7.498833,7.500000,7.501167,0.932256,1.500000,700.000000,3564998720574.557129,1.243008,0.932256,2.000000,1.500000,1.242283,1.242283,1.242645,1.998833,1.998833,1.999415,0.425451,0.000000,1.243,1.243,1.243,1.243,1.243,1.242,0.932,1.242,1.243,1.243,1.243,1.243,
10,628,1128,1145,318.5222,0.0000,0.0000,-1.0000,0.0000,1134.0000,1134.0000,318.5222,0.2809,2.0010,2.0029,0.1500,4.0000,1.0000,33.0138,53.1192,351.023462,10.632636,351.023462,10.632636,11.125781,11.125781,"LINESTRING (-122.44761 37.721658, -122.433657 37.733169)",318.522246,-1.000000,0.280884,7.359558,7.500000,7.640442,24.740140,39.806885,1134.000000,101156.660968,33.044601,24.783451,53.168764,39.876573,30.724178,30.695518,31.550455,49.435202,49.389089,50.764682,2.095762,0.000000,33.045,32.507,31.969,31.431,30.893,27.892,24.740,27.892,30.893,31.431,31.969,32.507,
10,629,1129,7,7.0000,0.0000,0.0000,-1.0000,0.0000,3000.0000,3000.0000,7.0000,0.0023,0.4253,0.4253,0.1500,4.0000,1.0000,1.2430,2.0000,0.061680,0.049621,0.061680,0.049621,0.049636,0.049636,"LINESTRING (-122.44761 37.721658, -122.44751 37.721758)",7.000000,-1.000000,0.002333,7.498833,7.500000,7.501167,0.932256,1.500000,700.000000,3564998720574.557129,1.243008,0.932256,2.000000,1.500000,1.242283,1.242283,1.242645,1.998833,1.998833,1.999415,0.425451,0.000000,1.243,1.243,1.243,1.243,1.243,1.242,0.932,1.242,1.243,1.243,1.243,1.243,
10,630,1129,1146,355.2836,0.0000,0.0000,-1.0000,0.0000,1134.0000,1134.0000,355.2836,0.3133,3.0010,3.0053,0.1500,4.0000,1.0000,22.0016,35.4006,391.535842,17.795783,391.535842,17.795783,18.741849,18.741849,"LINESTRING (-122.44761 37.721658, -122.433657 37.733169)",355.283591,-1.000000,0.313301,7.343349,7.500000,7.656651,16.480395,26.516956,1134.000000,94929.126140,22.033405,16.525054,35.451749,26.588812,20.307632,20.278325,20.890993,32.674980,32.627825,33.613608,3.165108,0.000000,22.033,21.615,21.196,20.777,20.358,18.142,16.480,18.142,20.358,20.777,21.196,21.615,
10,631,1130,7,0.0000,0.0000,0.0000,-1.0000,0.0000,3000.0000,3000.0000,0.0000,0.0000,0.4253,0.4253,0.1500,4.0000,1.0000,1.2430,2.0000,0.000000,0.000000,0.000000,0.000000,0.000000,0.000000,"LINESTRING (-122.44761 37.721658, -122.44751 37.721758)",0.000000,-1.000000,0.000000,7.500000,7.500000,7.500000,0.932256,1.500000,0.000000,nan,1.243008,0.932256,2.000000,1.500000,1.243008,1.243008,1.243008,2.000000,2.000000,2.000000,0.425326,0.000000,1.243,1.243,1.243,1.243,1.243,1.243,nan,1.243,1.243,1.243,1.243,1.243,
10,632,1130,1147,127.5544,0.0000,0.0000,-1.0000,0.0000,1134.0000,1134.0000,127.5544,0.1125,3.0010,3.0011,0.1500,4.0000,1.0000,22.0329,35.4509,140.569732,6.379999,140.569732,6.379999,6.481241,6.481241,"LINESTRING (-122.44761 37.721658, -122.433657 37.733169)",127.554400,-1.000000,0.112482,7.443759,7.500000,7.556241,16.524310,26.587615,1134.000000,6904105.514690,22.033405,16.525054,35.451749,26.588812,21.413816,21.413302,21.688706,34.454830,34.454002,34.897129,3.048695,0.000000,22.033,21.917,21.801,21.684,21.568,21.452,16.524,21.452,21.568,21.684,21.801,21.917,
10,633,1131,11,26.6425,0.0000,0.0000,-1.0000,0.0000,3000.0000,3000.0000,26.6425,0.0089,0.4252,0.4252,0.1500,4.0000,1.0000,1.2430,2.0000,0.234687,0.188806,0.234687,0.188806,0.189017,0.189017,"LINESTRING (-122.413979 37.779349999999994, -122.413879 37.77945)",26.642475,-1.000000,0.008881,7.495560,7.500000,7.504440,0.932256,1.500000,2664.247463,64320863263.536293,1.243008,0.932256,2.000000,1.500000,1.240248,1.240248,1.241616,1.995560,1.995560,1.997760,0.425675,0.000000,1.243,1.243,1.242,1.242,1.241,1.241,0.932,1.241,1.241,1.242,1.242,1.243,
10,634,1131,1171,422.2675,0.0000,0.0000,-1.0000,0.0000,1134.0000,1134.0000,422.2675,0.3724,1.0010,1.0039,0.1500,4.0000,1.0000,30.1591,48.5260,213.078467,7.065147,213.078467,7.065147,7.533368,7.533368,"LINESTRING (-122.413979 37.779349999999994, -122.407487 37.784544999999994)",422.267530,-1.000000,0.372370,7.313815,7.500000,7.686185,22.562551,36.303144,1134.000000,14981.752301,30.246075,22.684556,48.665934,36.499451,27.430392,27.351512,28.284623,44.135501,44.008582,45.509958,1.070416,0.000000,30.246,29.498,28.751,28.003,27.199,24.105,22.563,24.105,27.199,28.003,28.751,29.498,
10,635,1132,11,82.3575,0.0000,0.0000,-1.0000,0.0000,3000.0000,3000.0000,82.3575,0.0275,0.4252,0.4252,0.1500,4.0000,1.0000,1.2430,2.0000,0.725467,0.583639,0.725467,0.583639,0.585704,0.585704,"LINESTRING (-122.413979 37.779349999999994, -122.413879 37.77945)",82.357525,-1.000000,0.027453,7.486274,7.500000,7.513726,0.932256,1.500000,3000.000000,781977874.306098,1.243008,0.932256,2.000000,1.500000,1.234477,1.234477,1.238626,1.986274,1.986274,1.992949,0.426703,0.000000,1.243,1.242,1.240,1.239,1.237,1.236,0.932,1.236,1.237,1.239,1.240,1.242,
10,636,1132,1172,273.5909,0.0000,0.0000,-1.0000,0.0000,1134.0000,1134.0000,273.5909,0.2413,1.0010,1.0015,0.1500,4.0000,1.0000,30.2307,48.6412,138.055416,4.566727,138.055416,4.566727,4.742482,4.742482,"LINESTRING (-122.413979 37.779349999999994, -122.407487 37.784544999999994)",273.590853,-1.000000,0.241262,7.379369,7.500000,7.620631,22.662961,36.464703,1134.000000,96639.735805,30.246075,22.684556,48.665934,36.499451,28.421769,28.407332,29.110371,45.730627,45.707398,46.838587,1.040053,0.000000,30.246,29.845,29.445,29.044,28.643,26.576,22.663,26.576,28.643,29.044,29.445,29.845,
10,637,1133,11,39.9637,0.0000,0.0000,-1.0000,0.0000,3000.0000,3000.0000,39.9637,0.0133,0.4252,0.4252,0.1500,4.0000,1.0000,1.2430,2.0000,0.352031,0.283209,0.352031,0.283209,0.283687,0.283687,"LINESTRING (-122.413979 37.779349999999994, -122.413879 37.77945)",39.963712,-1.000000,0.013321,7.493339,7.500000,7.506661,0.932256,1.500000,3000.000000,14258271827.267725,1.243008,0.932256,2.000000,1.500000,1.238869,1.238869,1.240911,1.993339,1.993339,1.996625,0.425917,0.000000,1.243,1.242,1.242,1.241,1.240,1.240,0.932,1.240,1.240,1.241,1.242,1.242,
10,638,1133,1173,313.0380,0.0000,0.0000,-1.0000,0.0000,1134.0000,1134.0000,313.0380,0.2760,1.0010,1.0019,0.1500,4.0000,1.0000,30.2198,48.6236,157.960636,5.227066,157.960636,5.227066,5.464341,5.464341,"LINESTRING (-122.413979 37.779349999999994, -122.407487 37.784544999999994)",313.037956,-1.000000,0.276048,7.361976,7.500000,7.638024,22.647569,36.439938,1134.000000,54502.689820,30.246075,22.684556,48.665934,36.499451,28.158736,28.134230,28.907538,45.307406,45.267977,46.512229,1.047350,0.000000,30.246,29.766,29.285,28.804,28.324,25.639,22.648,25.639,28.324,28.804,29.285,29.766,
10,639,1134,12,3.0000,0.0000,0.0000,-1.0000,0.0000,3000.0000,3000.0000,3.0000,0.0010,0.4254,0.4254,0.1500,4.0000,1.0000,1.2430,2.0000,0.026439,0.021270,0.026439,0.021270,0.021273,0.021273,"LINESTRING (-122.466267 37.68454199999999, -122.466167 37.684642)",3.000000,-1.000000,0.001000,7.499500,7.500000,7.500500,0.932256,1.500000,300.000000,45342833520843.953125,1.243008,0.932256,2.000000,1.500000,1.242697,1.242697,1.242853,1.999500,1.999500,1.999750,0.425461,0.000000,1.243,1.243,1.243,1.243,1.243,1.243,0.932,1.243,1.243,1.243,1.243,1.243,
10,640,1134,1139,215.6426,0.0000,0.0000,-1.0000,0.0000,1134.0000,1134.0000,215.6426,0.1902,3.0010,3.0016,0.1500,4.0000,1.0000,30.0837,48.4046,324.537907,10.787841,324.537907,10.787841,11.100146,11.100146,"LINESTRING (-122.466267 37.68454199999999, -122.469094 37.706204)",215.642631,-1.000000,0.190161,7.404919,7.500000,7.595081,22.558885,36.297245,1134.000000,788139.421265,30.089575,22.567181,48.414126,36.310594,28.659109,28.653488,29.237263,46.112506,46.103463,47.042757,3.088484,0.000000,30.090,29.795,29.501,29.206,28.912,28.249,22.559,28.249,28.912,29.206,29.501,29.795,
10,641,1135,12,1.3358,0.0000,0.0000,-1.0000,0.0000,3000.0000,3000.0000,1.3358,0.0004,0.4254,0.4254,0.1500,4.0000,1.0000,1.2430,2.0000,0.011772,0.009471,0.011772,0.009471,0.009471,0.009471,"LINESTRING (-122.466267 37.68454199999999, -122.466167 37.684642)",1.335753,-1.000000,0.000445,7.499777,7.500000,7.500223,0.932256,1.500000,133.575254,513896019604740.187500,1.243008,0.932256,2.000000,1.500000,1.242870,1.242870,1.242939,1.999777,1.999777,1.999889,0.425432,0.000000,1.243,1.243,1.243,1.243,1.243,1.243,0.932,1.243,1.243,1.243,1.243,1.243,
10,642,1135,1140,362.2836,0.0000,0.0000,-1.0000,0.0000,1134.0000,1134.0000,362.2836,0.3195,3.0010,3.0057,0.1500,4.0000,1.0000,30.0426,48.3386,545.229660,18.148532,545.229660,18.148532,19.137386,19.137386,"LINESTRING (-122.466267 37.68454199999999, -122.469094 37.706204)",362.283591,-1.000000,0.319474,7.340263,7.500000,7.659737,22.501257,36.204523,1134.000000,87270.297569,30.089575,22.567181,48.414126,36.310594,27.686365,27.643171,28.490289,44.547361,44.477863,45.840875,3.169459,0.000000,30.090,29.501,28.912,28.324,27.735,24.674,22.501,24.674,27.735,28.324,28.912,29.501,
10,643,1136,14,47.0911,0.0000,0.0000,-1.0000,0.0000,3000.0000,3000.0000,47.0911,0.0157,0.4248,0.4248,0.1500,4.0000,1.0000,1.2430,2.0000,0.414394,0.333380,0.414394,0.333380,0.334046,0.334046,"LINESTRING (-122.02922600000001 37.973673, -122.029126 37.973773)",47.091092,-1.000000,0.015697,7.492151,7.500000,7.507849,0.932256,1.500000,3000.000000,7374748984.282861,1.243008,0.932256,2.000000,1.500000,1.238130,1.238130,1.240531,1.992152,1.992152,1.996014,0.425617,0.000000,1.243,1.242,1.241,1.241,1.240,1.239,0.932,1.239,1.240,1.241,1.241,1.242,
10,644,1136,1157,3.6733,0.0000,0.0000,-1.0000,0.0000,1134.0000,1134.0000,3.6733,0.0032,4.0010,4.0010,0.1500,4.0000,1.0000,30.9371,49.7778,7.578013,0.244949,7.578013,0.244949,0.245049,0.245049,"LINESTRING (-122.02922600000001 37.973673, -122.02466100000001 38.003307)",3.673319,-1.000000,0.003239,7.498380,7.500000,7.501620,23.202810,37.333322,367.331948,4734726497045.041016,30.937080,23.202810,49.777762,37.333322,30.912027,30.912027,30.924513,49.737452,49.737452,49.757542,4.002626,0.000000,30.937,30.933,30.929,30.925,30.920,30.916,23.203,30.916,30.920,30.925,30.929,30.933,
10,645,1137,14,3.6485,0.0000,0.0000,-1.0000,0.0000,3000.0000,3000.0000,3.6485,0.0012,0.4248,0.4248,0.1500,4.0000,1.0000,1.2430,2.0000,0.032106,0.025830,0.032106,0.025830,0.025834,0.025834,"LINESTRING (-122.02922600000001 37.973673, -122.029126 37.973773)",3.648524,-1.000000,0.001216,7.499392,7.500000,7.500608,0.932256,1.500000,364.852383,25164978960619.921875,1.243008,0.932256,2.000000,1.500000,1.242630,1.242630,1.242819,1.999392,1.999392,1.999696,0.424833,0.000000,1.243,1.243,1.243,1.243,1.243,1.243,0.932,1.243,1.243,1.243,1.243,1.243,
10,646,1137,1158,17.8638,0.0000,0.0000,-1.0000,0.0000,1134.0000,1134.0000,17.8638,0.0158,3.0010,3.0010,0.1500,4.0000,1.0000,41.2460,66.3648,36.852813,0.893488,36.852813,0.893488,0.895279,0.895279,"LINESTRING (-122.02922600000001 37.973673, -122.02466100000001 38.003307)",17.863807,-1.000000,0.015753,7.492124,7.500000,7.507876,30.934504,49.773617,1134.000000,19416034767.656834,41.246006,30.934505,66.364824,49.773618,41.083570,41.083569,41.163508,66.103464,66.103463,66.232085,3.007014,0.000000,41.246,41.219,41.191,41.163,41.136,41.108,30.935,41.108,41.136,41.163,41.191,41.219,
10,647,1138,14,6.2604,0.0000,0.0000,-1.0000,0.0000,3000.0000,3000.0000,6.2604,0.0021,0.4248,0.4248,0.1500,4.0000,1.0000,1.2430,2.0000,0.055090,0.044320,0.055090,0.044320,0.044332,0.044332,"LINESTRING (-122.02922600000001 37.973673, -122.029126 37.973773)",6.260384,-1.000000,0.002087,7.498957,7.500000,7.501043,0.932256,1.500000,626.038426,4978069960445.978516,1.243008,0.932256,2.000000,1.500000,1.242360,1.242360,1.242683,1.998957,1.998957,1.999477,0.424879,0.000000,1.243,1.243,1.243,1.243,1.243,1.242,0.932,1.242,1.243,1.243,1.243,1.243,
10,648,1138,1159,17.4629,0.0000,0.0000,-1.0000,0.0000,1134.0000,1134.0000,17.4629,0.0154,3.0010,3.0010,0.1500,4.0000,1.0000,41.2460,66.3648,36.025692,0.873435,36.025692,0.873435,0.875145,0.875145,"LINESTRING (-122.02922600000001 37.973673, -122.02466100000001 38.003307)",17.462874,-1.000000,0.015399,7.492300,7.500000,7.507700,30.934504,49.773617,1134.000000,21267243948.653282,41.246006,30.934505,66.364824,49.773618,41.087215,41.087215,41.165388,66.109330,66.109329,66.235109,3.006877,0.000000,41.246,41.219,41.192,41.165,41.138,41.112,30.935,41.112,41.138,41.165,41.192,41.219,
10,649,1139,15,13.2493,0.0000,0.0000,-1.0000,0.0000,3000.0000,3000.0000,13.2493,0.0044,0.4254,0.4254,0.1500,4.0000,1.0000,1.2430,2.0000,0.116754,0.093929,0.116754,0.093929,0.093981,0.093981,"LINESTRING (-122.469094 37.706204, -122.468994 37.706304)",13.249273,-1.000000,0.004416,7.497792,7.500000,7.502208,0.932256,1.500000,1324.927313,524965577041.016479,1.243008,0.932256,2.000000,1.500000,1.241636,1.241636,1.242319,1.997792,1.997792,1.998891,0.425596,0.000000,1.243,1.243,1.243,1.242,1.242,1.242,0.932,1.242,1.242,1.242,1.243,1.243,
10,650,1139,1128,226.3934,0.0000,0.0000,-1.0000,0.0000,1134.0000,1134.0000,226.3934,0.1996,4.0010,4.0020,0.1500,4.0000,1.0000,23.8007,38.2953,359.396977,15.100260,359.396977,15.100260,15.563289,15.563289,"LINESTRING (-122.469094 37.706204, -122.44761 37.721658)",226.393358,-1.000000,0.199641,7.400179,7.500000,7.599821,17.846815,28.715526,1134.000000,857288.394527,23.806385,17.854789,38.304474,28.728355,22.618200,22.612812,23.092611,36.392684,36.384014,37.156012,4.124667,0.000000,23.806,23.559,23.312,23.064,22.817,22.076,17.847,22.076,22.817,23.064,23.312,23.559,
10,651,1140,15,5.6769,0.0000,0.0000,-1.0000,0.0000,3000.0000,3000.0000,5.6769,0.0019,0.4254,0.4254,0.1500,4.0000,1.0000,1.2430,2.0000,0.050026,0.040246,0.050026,0.040246,0.040255,0.040255,"LINESTRING (-122.469094 37.706204, -122.468994 37.706304)",5.676948,-1.000000,0.001892,7.499054,7.500000,7.500946,0.932256,1.500000,567.694828,6686326504198.590820,1.243008,0.932256,2.000000,1.500000,1.242420,1.242420,1.242714,1.999054,1.999054,1.999526,0.425461,0.000000,1.243,1.243,1.243,1.243,1.243,1.243,0.932,1.243,1.243,1.243,1.243,1.243,
10,652,1140,1129,361.9497,0.0000,0.0000,-1.0000,0.0000,1134.0000,1134.0000,361.9497,0.3192,4.0010,4.0072,0.1500,4.0000,1.0000,23.7694,38.2449,574.591112,24.173583,574.591112,24.173583,25.489190,25.489190,"LINESTRING (-122.469094 37.706204, -122.44761 37.721658)",361.949653,-1.000000,0.319180,7.340410,7.500000,7.659590,17.802822,28.644741,1134.000000,116814.512529,23.806385,17.854789,38.304474,28.728355,21.906757,21.872706,22.542541,35.247972,35.193183,36.270949,4.225315,0.000000,23.806,23.341,22.876,22.411,21.946,19.526,17.803,19.526,21.946,22.411,22.876,23.341,
10,653,1141,15,0.0000,0.0000,0.0000,-1.0000,0.0000,3000.0000,3000.0000,0.0000,0.0000,0.4254,0.4254,0.1500,4.0000,1.0000,1.2430,2.0000,0.000000,0.000000,0.000000,0.000000,0.000000,0.000000,"LINESTRING (-122.469094 37.706204, -122.468994 37.706304)",0.000000,-1.000000,0.000000,7.500000,7.500000,7.500000,0.932256,1.500000,0.000000,nan,1.243008,0.932256,2.000000,1.500000,1.243008,1.243008,1.243008,2.000000,2.000000,2.000000,0.425360,0.000000,1.243,1.243,1.243,1.243,1.243,1.243,nan,1.243,1.243,1.243,1.243,1.243,
10,654,1141,1130,10.6570,0.0000,0.0000,-1.0000,0.0000,1134.0000,1134.0000,10.6570,0.0094,4.0010,4.0010,0.1500,4.0000,1.0000,23.8064,38.3045,16.917855,0.710644,16.917855,0.710644,0.711487,0.711487,"LINESTRING (-122.469094 37.706204, -122.44761 37.721658)",10.656990,-1.000000,0.009398,7.495301,7.500000,7.504699,17.854789,28.728355,1065.698985,192994728244.650024,23.806385,17.854789,38.304474,28.728355,23.750454,23.750454,23.778157,38.214480,38.214480,38.259054,4.005750,0.000000,23.806,23.797,23.788,23.778,23.769,23.759,17.855,23.759,23.769,23.778,23.788,23.797,
10,655,1142,19,220.9578,0.0000,0.0000,-1.0000,0.0000,3000.0000,3000.0000,220.9578,0.0737,0.4252,0.4252,0.1500,4.0000,1.0000,1.2430,2.0000,1.946229,1.565748,1.946229,1.565748,1.581373,1.581373,"LINESTRING (-122.39718 37.792688999999996, -122.39708 37.792789)",220.957825,-1.000000,0.073653,7.463174,7.500000,7.536826,0.932248,1.499988,3000.000000,14544484.320181,1.243008,0.932256,2.000000,1.500000,1.220120,1.220115,1.230721,1.963174,1.963165,1.980230,0.429414,0.000000,1.243,1.239,1.235,1.231,1.227,1.222,0.932,1.222,1.227,1.231,1.235,1.239,
10,656,1142,1186,207.1823,0.0000,0.0000,-1.0000,0.0000,1134.0000,1134.0000,207.1823,0.1827,7.0010,7.0022,0.1500,4.0000,1.0000,48.2356,77.6111,1166.276819,24.178763,1166.276819,24.178763,24.846552,24.846552,"LINESTRING (-122.39718 37.792688999999996, -122.295244 37.804823)",207.182303,-1.000000,0.182700,7.408650,7.500000,7.591350,36.171402,58.199785,1134.000000,2172913.315766,48.243649,36.182736,77.624030,58.218023,46.040115,46.032421,46.939183,74.078544,74.066166,75.525145,7.195562,0.000000,48.244,47.794,47.345,46.896,46.446,45.689,36.171,45.689,46.446,46.896,47.345,47.794,
10,657,1143,19,30.3702,0.0000,0.0000,-1.0000,0.0000,3000.0000,3000.0000,30.3702,0.0101,0.4252,0.4252,0.1500,4.0000,1.0000,1.2430,2.0000,0.267505,0.215208,0.267505,0.215208,0.215483,0.215483,"LINESTRING (-122.39718 37.792688999999996, -122.39708 37.792789)",30.370183,-1.000000,0.010123,7.494938,7.500000,7.505062,0.932256,1.500000,3000.000000,42851642025.064644,1.243008,0.932256,2.000000,1.500000,1.239862,1.239862,1.241419,1.994938,1.994938,1.997444,0.425713,0.000000,1.243,1.242,1.242,1.241,1.241,1.240,0.932,1.240,1.241,1.241,1.242,1.242,
10,658,1143,1187,116.6169,0.0000,0.0000,-1.0000,0.0000,1134.0000,1134.0000,116.6169,0.1028,7.0010,7.0011,0.1500,4.0000,1.0000,48.2428,77.6227,656.463214,13.607475,656.463214,13.607475,13.802947,13.802947,"LINESTRING (-122.39718 37.792688999999996, -122.295244 37.804823)",116.616877,-1.000000,0.102837,7.448582,7.500000,7.551418,36.181598,58.216192,1134.000000,23244992.704735,48.243649,36.182736,77.624030,58.218023,47.003343,47.002555,47.559640,75.628380,75.627111,76.523461,7.101689,0.000000,48.244,48.013,47.783,47.552,47.322,47.092,36.182,47.092,47.322,47.552,47.783,48.013,
10,659,1144,19,36.8513,0.0000,0.0000,-1.0000,0.0000,3000.0000,3000.0000,36.8513,0.0123,0.4252,0.4252,0.1500,4.0000,1.0000,1.2430,2.0000,0.324591,0.261134,0.324591,0.261134,0.261540,0.261540,"LINESTRING (-122.39718 37.792688999999996, -122.39708 37.792789)",36.851263,-1.000000,0.012284,7.493858,7.500000,7.506142,0.932256,1.500000,3000.000000,19734855605.216339,1.243008,0.932256,2.000000,1.500000,1.239191,1.239191,1.241076,1.993858,1.993858,1.996891,0.425831,0.000000,1.243,1.242,1.242,1.241,1.240,1.240,0.932,1.240,1.240,1.241,1.242,1.242,
10,660,1144,1188,113.9441,0.0000,0.0000,-1.0000,0.0000,1134.0000,1134.0000,113.9441,0.1005,7.0010,7.0011,0.1500,4.0000,1.0000,48.2429,77.6228,641.417554,13.295581,641.417554,13.295581,13.481743,13.481743,"LINESTRING (-122.39718 37.792688999999996, -122.295244 37.804823)",113.944103,-1.000000,0.100480,7.449760,7.500000,7.550240,36.181699,58.216354,1134.000000,25555191.025722,48.243649,36.182736,77.624030,58.218023,47.031770,47.031051,47.576753,75.674119,75.672962,76.550995,7.099135,0.000000,48.244,48.019,47.795,47.570,47.345,47.121,36.182,47.121,47.345,47.570,47.795,48.019,
10,661,1145,22,15.6642,0.0000,0.0000,-1.0000,0.0000,3000.0000,3000.0000,15.6642,0.0052,0.4253,0.4253,0.1500,4.0000,1.0000,1.2430,2.0000,0.138016,0.111034,0.138016,0.111034,0.111107,0.111107,"LINESTRING (-122.433657 37.733169, -122.433557 37.733269)",15.664247,-1.000000,0.005221,7.497389,7.500000,7.502611,0.932256,1.500000,1566.424746,317434222478.750244,1.243008,0.932256,2.000000,1.500000,1.241386,1.241386,1.242193,1.997389,1.997389,1.998688,0.425580,0.000000,1.243,1.243,1.242,1.242,1.242,1.242,0.932,1.242,1.242,1.242,1.242,1.243,
10,662,1145,1123,317.9614,0.0000,0.0000,-1.0000,0.0000,1134.0000,1134.0000,317.9614,0.2804,3.0010,3.0038,0.1500,4.0000,1.0000,31.1212,50.0741,495.391474,15.918113,495.391474,15.918113,16.654790,16.654790,"LINESTRING (-122.433657 37.733169, -122.41861800000001 37.752322)",317.961376,-1.000000,0.280389,7.359805,7.500000,7.640195,23.322031,37.525148,1134.000000,152857.347042,31.150097,23.362573,50.120506,37.590379,28.966559,28.939728,29.744685,46.607194,46.564023,47.859198,3.142795,0.000000,31.150,30.644,30.139,29.633,29.127,26.304,23.322,26.304,29.127,29.633,30.139,30.644,
10,663,1146,22,1.3358,0.0000,0.0000,-1.0000,0.0000,3000.0000,3000.0000,1.3358,0.0004,0.4253,0.4253,0.1500,4.0000,1.0000,1.2430,2.0000,0.011769,0.009468,0.011769,0.009468,0.009469,0.009469,"LINESTRING (-122.433657 37.733169, -122.433557 37.733269)",1.335753,-1.000000,0.000445,7.499777,7.500000,7.500223,0.932256,1.500000,133.575254,513766231288810.500000,1.243008,0.932256,2.000000,1.500000,1.242870,1.242870,1.242939,1.999777,1.999777,1.999889,0.425324,0.000000,1.243,1.243,1.243,1.243,1.243,1.243,0.932,1.243,1.243,1.243,1.243,1.243,
10,664,1146,1124,355.6175,0.0000,0.0000,-1.0000,0.0000,1134.0000,1134.0000,355.6175,0.3136,2.0010,2.0039,0.1500,4.0000,1.0000,46.6497,75.0593,554.060666,11.877050,554.060666,11.877050,12.509209,12.509209,"LINESTRING (-122.433657 37.733169, -122.41861800000001 37.752322)",355.617529,-1.000000,0.313596,7.343202,7.500000,7.656798,34.942975,56.223247,1134.000000,63040.925998,46.717361,35.038021,75.168235,56.376176,43.054770,42.992402,44.292221,69.275126,69.174775,71.266184,2.110561,0.000000,46.717,45.828,44.939,44.049,43.160,38.458,34.943,38.458,43.160,44.049,44.939,45.828,
10,665,1147,22,0.0000,0.0000,0.0000,-1.0000,0.0000,3000.0000,3000.0000,0.0000,0.0000,0.4253,0.4253,0.1500,4.0000,1.0000,1.2430,2.0000,0.000000,0.000000,0.000000,0.000000,0.000000,0.000000,"LINESTRING (-122.433657 37.733169, -122.433557 37.733269)",0.000000,-1.000000,0.000000,7.500000,7.500000,7.500000,0.932256,1.500000,0.000000,nan,1.243008,0.932256,2.000000,1.500000,1.243008,1.243008,1.243008,2.000000,2.000000,2.000000,0.425301,0.000000,1.243,1.243,1.243,1.243,1.243,1.243,nan,1.243,1.243,1.243,1.243,1.243,
10,666,1147,1125,322.9284,0.0000,0.0000,-1.0000,0.0000,1134.0000,1134.0000,322.9284,0.2848,2.0010,2.0030,0.1500,4.0000,1.0000,46.6713,75.0942,503.130195,10.780286,503.130195,10.780286,11.288877,11.288877,"LINESTRING (-122.433657 37.733169, -122.41861800000001 37.752322)",322.928386,-1.000000,0.284769,7.357615,7.500000,7.642385,34.973336,56.272098,1134.000000,95382.307346,46.717361,35.038021,75.168235,56.376176,43.391444,43.348684,44.568666,69.816833,69.748032,71.710984,2.097470,0.000000,46.717,45.942,45.167,44.392,43.617,39.302,34.973,39.302,43.617,44.392,45.167,45.942,
10,667,1148,24,0.6679,0.0000,0.0000,-1.0000,0.0000,3000.0000,3000.0000,0.6679,0.0002,0.4249,0.4249,0.1500,4.0000,1.0000,1.2430,2.0000,0.005880,0.004730,0.005880,0.004730,0.004730,0.004730,"LINESTRING (-122.124744 37.893119999999996, -122.124644 37.89322)",0.667876,-1.000000,0.000223,7.499889,7.500000,7.500111,0.932256,1.500000,66.787627,4107395475737928.000000,1.243008,0.932256,2.000000,1.500000,1.242939,1.242939,1.242974,1.999889,1.999889,1.999944,0.424959,0.000000,1.243,1.243,1.243,1.243,1.243,1.243,0.932,1.243,1.243,1.243,1.243,1.243,
10,668,1148,1183,99.6983,0.0000,0.0000,-1.0000,0.0000,1134.0000,1134.0000,99.6983,0.0879,4.0010,4.0010,0.1500,4.0000,1.0000,48.6142,78.2203,323.200583,6.648275,323.200583,6.648275,6.728667,6.728667,"LINESTRING (-122.124744 37.893119999999996, -122.067479 37.905711999999994)",99.698306,-1.000000,0.087917,7.456041,7.500000,7.543959,36.460367,58.664730,1134.000000,25183009.135631,48.614639,36.460979,78.220955,58.665716,47.546121,47.545695,48.033372,76.501709,76.501024,77.285696,4.049417,0.000000,48.615,48.419,48.224,48.029,47.834,47.638,36.460,47.638,47.834,48.029,48.224,48.419,
10,669,1149,24,8.9485,0.0000,0.0000,-1.0000,0.0000,3000.0000,3000.0000,8.9485,0.0030,0.4249,0.4249,0.1500,4.0000,1.0000,1.2430,2.0000,0.078779,0.063377,0.078779,0.063377,0.063401,0.063401,"LINESTRING (-122.124744 37.893119999999996, -122.124644 37.89322)",8.948522,-1.000000,0.002983,7.498509,7.500000,7.501491,0.932256,1.500000,894.852229,1704118220312.578857,1.243008,0.932256,2.000000,1.500000,1.242081,1.242081,1.242543,1.998509,1.998509,1.999252,0.425106,0.000000,1.243,1.243,1.243,1.243,1.242,1.242,0.932,1.242,1.242,1.243,1.243,1.243,
10,670,1149,1184,29.0925,0.0000,0.0000,-1.0000,0.0000,1134.0000,1134.0000,29.0925,0.0257,5.0010,5.0010,0.1500,4.0000,1.0000,38.8937,62.5799,94.311717,2.424861,94.311717,2.424861,2.432863,2.432863,"LINESTRING (-122.124744 37.893119999999996, -122.067479 37.905711999999994)",29.092517,-1.000000,0.025655,7.487173,7.500000,7.512827,29.170237,46.934911,1134.000000,4564696523.001032,38.893654,29.170240,62.579889,46.934917,38.644202,38.644199,38.765728,62.178521,62.178517,62.374056,5.017503,0.000000,38.894,38.851,38.808,38.766,38.723,38.680,29.170,38.680,38.723,38.766,38.808,38.851,
10,671,1150,24,7.3836,0.0000,0.0000,-1.0000,0.0000,3000.0000,3000.0000,7.3836,0.0025,0.4249,0.4249,0.1500,4.0000,1.0000,1.2430,2.0000,0.065002,0.052294,0.065002,0.052294,0.052310,0.052310,"LINESTRING (-122.124744 37.893119999999996, -122.124644 37.89322)",7.383601,-1.000000,0.002461,7.498769,7.500000,7.501231,0.932256,1.500000,738.360145,3034725697589.158691,1.243008,0.932256,2.000000,1.500000,1.242243,1.242243,1.242625,1.998769,1.998769,1.999383,0.425078,0.000000,1.243,1.243,1.243,1.243,1.242,1.242,0.932,1.242,1.242,1.243,1.243,1.243,
10,672,1150,1185,32.2092,0.0000,0.0000,-1.0000,0.0000,1134.0000,1134.0000,32.2092,0.0284,5.0010,5.0010,0.1500,4.0000,1.0000,38.8937,62.5799,104.415264,2.684635,104.415264,2.684635,2.694473,2.694473,"LINESTRING (-122.124744 37.893119999999996, -122.067479 37.905711999999994)",32.209177,-1.000000,0.028403,7.485798,7.500000,7.514202,29.170235,46.934908,1134.000000,3031742580.107368,38.893654,29.170240,62.579889,46.934917,38.617478,38.617474,38.751644,62.135523,62.135516,62.351395,5.019327,0.000000,38.894,38.846,38.799,38.752,38.704,38.657,29.170,38.657,38.704,38.752,38.799,38.846,
10,673,1151,26,1.4178,0.0000,0.0000,-1.0000,0.0000,3000.0000,3000.0000,1.4178,0.0005,0.4251,0.4251,0.1500,4.0000,1.0000,1.2430,2.0000,0.012486,0.010045,0.012486,0.010045,0.010045,0.010045,"LINESTRING (-122.267263 37.828714, -122.267163 37.828814)",1.417772,-1.000000,0.000473,7.499764,7.500000,7.500236,0.932256,1.500000,141.777243,429436787473422.875000,1.243008,0.932256,2.000000,1.500000,1.242861,1.242861,1.242935,1.999764,1.999764,1.999882,0.425115,0.000000,1.243,1.243,1.243,1.243,1.243,1.243,0.932,1.243,1.243,1.243,1.243,1.243,
10,674,1151,1174,82.5302,0.0000,0.0000,-1.0000,0.0000,1134.0000,1134.0000,82.5302,0.0728,3.0010,3.0010,0.1500,4.0000,1.0000,28.0766,45.1752,115.897368,4.127904,115.897368,4.127904,4.168570,4.168570,"LINESTRING (-122.267263 37.828714, -122.251371 37.844694999999994)",82.530222,-1.000000,0.072778,7.463611,7.500000,7.536389,21.057346,33.881270,1134.000000,40734228.356826,28.076683,21.057512,45.175383,33.881537,27.565842,27.565726,27.802665,44.353440,44.353253,44.734488,3.030577,0.000000,28.077,27.985,27.893,27.801,27.709,27.618,21.057,27.618,27.709,27.801,27.893,27.985,
10,675,1152,26,22.4346,0.0000,0.0000,-1.0000,0.0000,3000.0000,3000.0000,22.4346,0.0075,0.4251,0.4251,0.1500,4.0000,1.0000,1.2430,2.0000,0.197570,0.158945,0.197570,0.158945,0.159095,0.159095,"LINESTRING (-122.267263 37.828714, -122.267163 37.828814)",22.434569,-1.000000,0.007478,7.496261,7.500000,7.503739,0.932256,1.500000,2243.456933,107813302004.035599,1.243008,0.932256,2.000000,1.500000,1.240684,1.240684,1.241838,1.996261,1.996261,1.998117,0.425490,0.000000,1.243,1.243,1.242,1.242,1.241,1.241,0.932,1.241,1.241,1.242,1.242,1.243,
10,676,1152,1175,53.8533,0.0000,0.0000,-1.0000,0.0000,1134.0000,1134.0000,53.8533,0.0475,3.0010,3.0010,0.1500,4.0000,1.0000,28.0767,45.1753,75.626257,2.693563,75.626257,2.693563,2.710415,2.710415,"LINESTRING (-122.267263 37.828714, -122.251371 37.844694999999994)",53.853266,-1.000000,0.047490,7.476255,7.500000,7.523745,21.057482,33.881489,1134.000000,229324168.963668,28.076683,21.057512,45.175383,33.881537,27.743345,27.743324,27.902098,44.639042,44.639008,44.894476,3.019778,0.000000,28.077,28.018,27.960,27.902,27.843,27.785,21.057,27.785,27.843,27.902,27.960,28.018,
10,677,1153,26,22.4428,0.0000,0.0000,-1.0000,0.0000,3000.0000,3000.0000,22.4428,0.0075,0.4251,0.4251,0.1500,4.0000,1.0000,1.2430,2.0000,0.197643,0.159003,0.197643,0.159003,0.159153,0.159153,"LINESTRING (-122.267263 37.828714, -122.267163 37.828814)",22.442816,-1.000000,0.007481,7.496260,7.500000,7.503740,0.932256,1.500000,2244.281619,107694270025.280319,1.243008,0.932256,2.000000,1.500000,1.240683,1.240683,1.241837,1.996260,1.996260,1.998116,0.425490,0.000000,1.243,1.243,1.242,1.242,1.241,1.241,0.932,1.241,1.241,1.242,1.242,1.243,
10,678,1153,1176,52.6165,0.0000,0.0000,-1.0000,0.0000,1134.0000,1134.0000,52.6165,0.0464,3.0010,3.0010,0.1500,4.0000,1.0000,28.0767,45.1754,73.889481,2.631704,73.889481,2.631704,2.647772,2.647772,"LINESTRING (-122.267263 37.828714, -122.251371 37.844694999999994)",52.616512,-1.000000,0.046399,7.476800,7.500000,7.523200,21.057485,33.881493,1134.000000,251875952.341380,28.076683,21.057512,45.175383,33.881537,27.751000,27.750981,27.906285,44.651359,44.651328,44.901213,3.019324,0.000000,28.077,28.020,27.963,27.906,27.849,27.792,21.057,27.792,27.849,27.906,27.963,28.020,
10,679,1154,29,27.6800,0.0000,0.0000,-1.0000,0.0000,3000.0000,3000.0000,27.6800,0.0092,0.4252,0.4252,0.1500,4.0000,1.0000,1.2430,2.0000,0.243814,0.196148,0.243814,0.196148,0.196377,0.196377,"LINESTRING (-122.401742 37.78911299999999, -122.401642 37.789213)",27.680012,-1.000000,0.009227,7.495387,7.500000,7.504613,0.932256,1.500000,2768.001182,57337762430.447235,1.243008,0.932256,2.000000,1.500000,1.240141,1.240141,1.241561,1.995387,1.995387,1.997672,0.425673,0.000000,1.243,1.243,1.242,1.242,1.241,1.241,0.932,1.241,1.241,1.242,1.242,1.243,
10,680,1154,1142,414.4487,0.0000,0.0000,-1.0000,0.0000,1134.0000,1134.0000,414.4487,0.3655,1.0010,1.0037,0.1500,4.0000,1.0000,20.9781,33.7538,145.439076,6.932890,145.439076,6.932890,7.381385,7.381385,"LINESTRING (-122.401742 37.78911299999999, -122.39718 37.792688999999996)",414.448664,-1.000000,0.365475,7.317262,7.500000,7.682738,15.696939,25.256375,1134.000000,16251.428709,21.034273,15.775705,33.844145,25.383109,19.112398,19.061385,19.703493,30.751848,30.669769,31.702920,1.068608,0.000000,21.034,20.529,20.025,19.520,18.996,16.817,15.697,16.817,18.996,19.520,20.025,20.529,
10,681,1155,29,117.3830,0.0000,0.0000,-1.0000,0.0000,3000.0000,3000.0000,117.3830,0.0391,0.4252,0.4252,0.1500,4.0000,1.0000,1.2430,2.0000,1.033946,0.831810,1.033946,0.831810,0.836059,0.836059,"LINESTRING (-122.401742 37.78911299999999, -122.401642 37.789213)",117.383033,-1.000000,0.039128,7.480436,7.500000,7.519564,0.932255,1.499999,3000.000000,187757921.148677,1.243008,0.932256,2.000000,1.500000,1.230849,1.230849,1.236691,1.980436,1.980436,1.989835,0.427349,0.000000,1.243,1.241,1.239,1.237,1.235,1.232,0.932,1.232,1.235,1.237,1.239,1.241,
10,682,1155,1143,110.8588,0.0000,0.0000,-1.0000,0.0000,1134.0000,1134.0000,110.8588,0.0978,2.0010,2.0010,0.1500,4.0000,1.0000,10.5222,16.9303,38.902780,3.697192,38.902780,3.697192,3.747416,3.747416,"LINESTRING (-122.401742 37.78911299999999, -122.39718 37.792688999999996)",110.858826,-1.000000,0.097759,7.451120,7.500000,7.548880,7.891592,12.697572,1134.000000,8170627.363824,10.522393,7.891795,16.930531,12.697898,10.265228,10.265088,10.381227,16.516752,16.516526,16.703394,2.028210,0.000000,10.522,10.475,10.427,10.380,10.332,10.285,7.892,10.285,10.332,10.380,10.427,10.475,
10,683,1156,29,121.7332,0.0000,0.0000,-1.0000,0.0000,3000.0000,3000.0000,121.7332,0.0406,0.4252,0.4252,0.1500,4.0000,1.0000,1.2430,2.0000,1.072264,0.862636,1.072264,0.862636,0.867213,0.867213,"LINESTRING (-122.401742 37.78911299999999, -122.401642 37.789213)",121.733195,-1.000000,0.040578,7.479711,7.500000,7.520289,0.932255,1.499999,3000.000000,162138749.857047,1.243008,0.932256,2.000000,1.500000,1.230399,1.230398,1.236447,1.979711,1.979710,1.989444,0.427433,0.000000,1.243,1.241,1.239,1.236,1.234,1.232,0.932,1.232,1.234,1.236,1.239,1.241,
10,684,1156,1144,106.9563,0.0000,0.0000,-1.0000,0.0000,1134.0000,1134.0000,106.9563,0.0943,2.0010,2.0010,0.1500,4.0000,1.0000,10.5223,16.9303,37.533284,3.567034,37.533284,3.567034,3.613617,3.613617,"LINESTRING (-122.401742 37.78911299999999, -122.39718 37.792688999999996)",106.956258,-1.000000,0.094318,7.452841,7.500000,7.547159,7.891619,12.697615,1134.000000,9457485.111891,10.522393,7.891795,16.930531,12.697898,10.274281,10.274159,10.386625,16.531319,16.531122,16.712080,2.027156,0.000000,10.522,10.477,10.431,10.385,10.340,10.294,7.892,10.294,10.340,10.385,10.431,10.477,
10,685,1157,31,1.0018,0.0000,0.0000,-1.0000,0.0000,3000.0000,3000.0000,1.0018,0.0003,0.4247,0.4247,0.1500,4.0000,1.0000,1.2430,2.0000,0.008814,0.007091,0.008814,0.007091,0.007092,0.007092,"LINESTRING (-122.02466100000001 38.003307, -122.024561 38.003407)",1.001814,-1.000000,0.000334,7.499833,7.500000,7.500167,0.932256,1.500000,100.181440,1216204898984237.500000,1.243008,0.932256,2.000000,1.500000,1.242904,1.242904,1.242956,1.999833,1.999833,1.999917,0.424720,0.000000,1.243,1.243,1.243,1.243,1.243,1.243,0.932,1.243,1.243,1.243,1.243,1.243,
10,686,1157,1168,4.9861,0.0000,0.0000,-1.0000,0.0000,1134.0000,1134.0000,4.9861,0.0044,6.0010,6.0010,0.1500,4.0000,1.0000,45.0226,72.4413,22.452237,0.498688,22.452237,0.498688,0.498964,0.498964,"LINESTRING (-122.02466100000001 38.003307, -121.944348 38.01884999999999)",4.986053,-1.000000,0.004397,7.497802,7.500000,7.502198,33.766932,54.330993,498.605311,2837112194403.379883,45.022575,33.766932,72.441324,54.330993,44.973086,44.973086,44.997722,72.361695,72.361695,72.401334,6.004315,0.000000,45.023,45.014,45.006,44.998,44.989,44.981,33.767,44.981,44.989,44.998,45.006,45.014,
10,687,1158,31,3.8274,0.0000,0.0000,-1.0000,0.0000,3000.0000,3000.0000,3.8274,0.0013,0.4247,0.4247,0.1500,4.0000,1.0000,1.2430,2.0000,0.033675,0.027092,0.033675,0.027092,0.027096,0.027096,"LINESTRING (-122.02466100000001 38.003307, -122.024561 38.003407)",3.827411,-1.000000,0.001276,7.499362,7.500000,7.500638,0.932256,1.500000,382.741112,21794460666351.156250,1.243008,0.932256,2.000000,1.500000,1.242612,1.242612,1.242810,1.999362,1.999362,1.999681,0.424770,0.000000,1.243,1.243,1.243,1.243,1.243,1.243,0.932,1.243,1.243,1.243,1.243,1.243,
10,688,1158,1169,14.0364,0.0000,0.0000,-1.0000,0.0000,1134.0000,1134.0000,14.0364,0.0124,6.0010,6.0010,0.1500,4.0000,1.0000,45.0226,72.4413,63.206001,1.403874,63.206001,1.403874,1.406076,1.406076,"LINESTRING (-122.02466100000001 38.003307, -121.944348 38.01884999999999)",14.036396,-1.000000,0.012378,7.493811,7.500000,7.506189,33.766931,54.330992,1134.000000,102119994976.684540,45.022575,33.766932,72.441324,54.330993,44.883256,44.883255,44.952053,72.217158,72.217158,72.327854,6.010415,0.000000,45.023,44.999,44.976,44.952,44.929,44.905,33.767,44.905,44.929,44.952,44.976,44.999,
10,689,1159,31,4.1708,0.0000,0.0000,-1.0000,0.0000,3000.0000,3000.0000,4.1708,0.0014,0.4247,0.4247,0.1500,4.0000,1.0000,1.2430,2.0000,0.036696,0.029522,0.036696,0.029522,0.029527,0.029527,"LINESTRING (-122.02466100000001 38.003307, -122.024561 38.003407)",4.170774,-1.000000,0.001390,7.499305,7.500000,7.500695,0.932256,1.500000,417.077448,16841237558981.039062,1.243008,0.932256,2.000000,1.500000,1.242576,1.242576,1.242792,1.999305,1.999305,1.999652,0.424776,0.000000,1.243,1.243,1.243,1.243,1.243,1.243,0.932,1.243,1.243,1.243,1.243,1.243,
10,690,1159,1170,13.9776,0.0000,0.0000,-1.0000,0.0000,1134.0000,1134.0000,13.9776,0.0123,6.0010,6.0010,0.1500,4.0000,1.0000,45.0226,72.4413,62.941023,1.397988,62.941023,1.397988,1.400172,1.400172,"LINESTRING (-122.02466100000001 38.003307, -121.944348 38.01884999999999)",13.977551,-1.000000,0.012326,7.493837,7.500000,7.506163,33.766931,54.330992,1134.000000,103854672100.148697,45.022575,33.766932,72.441324,54.330993,44.883840,44.883839,44.952352,72.218098,72.218098,72.328335,6.010375,0.000000,45.023,44.999,44.976,44.952,44.929,44.906,33.767,44.906,44.929,44.952,44.976,44.999,
10,691,1160,33,1.8337,0.0000,0.0000,-1.0000,0.0000,3000.0000,3000.0000,1.8337,0.0006,0.4250,0.4250,0.1500,4.0000,1.0000,1.2430,2.0000,0.016145,0.012988,0.016145,0.012988,0.012989,0.012989,"LINESTRING (-122.183817 37.878403, -122.183717 37.878503)",1.833730,-1.000000,0.000611,7.499694,7.500000,7.500306,0.932256,1.500000,183.373046,198405966860258.593750,1.243008,0.932256,2.000000,1.500000,1.242818,1.242818,1.242913,1.999694,1.999694,1.999847,0.425012,0.000000,1.243,1.243,1.243,1.243,1.243,1.243,0.932,1.243,1.243,1.243,1.243,1.243,
10,692,1160,1148,94.6983,0.0000,0.0000,-1.0000,0.0000,1134.0000,1134.0000,94.6983,0.0835,5.0010,5.0010,0.1500,4.0000,1.0000,40.5361,65.2226,319.958207,7.893162,319.958207,7.893162,7.983403,7.983403,"LINESTRING (-122.183817 37.878403, -122.124744 37.893119999999996)",94.698306,-1.000000,0.083508,7.458246,7.500000,7.541754,30.401901,48.916659,1134.000000,38813027.102711,40.536423,30.402317,65.223104,48.917328,39.690142,39.689852,40.077922,63.861438,63.860972,64.485377,5.058213,0.000000,40.536,40.383,40.229,40.075,39.921,39.767,30.402,39.767,39.921,40.075,40.229,40.383,
10,693,1161,33,6.6868,0.0000,0.0000,-1.0000,0.0000,3000.0000,3000.0000,6.6868,0.0022,0.4250,0.4250,0.1500,4.0000,1.0000,1.2430,2.0000,0.058872,0.047363,0.058872,0.047363,0.047376,0.047376,"LINESTRING (-122.183817 37.878403, -122.183717 37.878503)",6.686815,-1.000000,0.002229,7.498886,7.500000,7.501114,0.932256,1.500000,668.681451,4086726196625.784180,1.243008,0.932256,2.000000,1.500000,1.242315,1.242315,1.242661,1.998886,1.998886,1.999442,0.425098,0.000000,1.243,1.243,1.243,1.243,1.243,1.242,0.932,1.242,1.243,1.243,1.243,1.243,
10,694,1161,1149,37.3707,0.0000,0.0000,-1.0000,0.0000,1134.0000,1134.0000,37.3707,0.0330,5.0010,5.0010,0.1500,4.0000,1.0000,40.5364,65.2231,126.264950,3.114852,126.264950,3.114852,3.128162,3.128162,"LINESTRING (-122.183817 37.878403, -122.124744 37.893119999999996)",37.370746,-1.000000,0.032955,7.483523,7.500000,7.516477,30.402307,48.917312,1134.000000,1667027519.161055,40.536423,30.402317,65.223104,48.917328,40.202455,40.202448,40.363936,64.685751,64.685739,64.945573,5.022371,0.000000,40.536,40.479,40.421,40.364,40.306,40.249,30.402,40.249,40.306,40.364,40.421,40.479,
10,695,1162,33,5.4795,0.0000,0.0000,-1.0000,0.0000,3000.0000,3000.0000,5.4795,0.0018,0.4250,0.4250,0.1500,4.0000,1.0000,1.2430,2.0000,0.048242,0.038811,0.048242,0.038811,0.038820,0.038820,"LINESTRING (-122.183817 37.878403, -122.183717 37.878503)",5.479455,-1.000000,0.001826,7.499087,7.500000,7.500913,0.932256,1.500000,547.945503,7429381981593.077148,1.243008,0.932256,2.000000,1.500000,1.242441,1.242441,1.242724,1.999087,1.999087,1.999543,0.425077,0.000000,1.243,1.243,1.243,1.243,1.243,1.243,0.932,1.243,1.243,1.243,1.243,1.243,
10,696,1162,1150,38.9309,0.0000,0.0000,-1.0000,0.0000,1134.0000,1134.0000,38.9309,0.0343,5.0010,5.0010,0.1500,4.0000,1.0000,40.5364,65.2231,131.536424,3.244895,131.536424,3.244895,3.259362,3.259362,"LINESTRING (-122.183817 37.878403, -122.124744 37.893119999999996)",38.930949,-1.000000,0.034331,7.482835,7.500000,7.517165,30.402305,48.917309,1134.000000,1413911780.312664,40.536423,30.402317,65.223104,48.917328,40.188512,40.188504,40.356495,64.663316,64.663303,64.933601,5.023297,0.000000,40.536,40.476,40.416,40.356,40.296,40.236,30.402,40.236,40.296,40.356,40.416,40.476,
10,697,1163,34,1.5887,0.0000,0.0000,-1.0000,0.0000,3000.0000,3000.0000,1.5887,0.0005,0.4247,0.4247,0.1500,4.0000,1.0000,1.2430,2.0000,0.013977,0.011245,0.013977,0.011245,0.011246,0.011246,"LINESTRING (-121.889111 38.01677299999999, -121.889011 38.016873)",1.588738,-1.000000,0.000530,7.499735,7.500000,7.500265,0.932256,1.500000,158.873758,304872141632801.500000,1.243008,0.932256,2.000000,1.500000,1.242844,1.242844,1.242926,1.999735,1.999735,1.999868,0.424701,0.000000,1.243,1.243,1.243,1.243,1.243,1.243,0.932,1.243,1.243,1.243,1.243,1.243,
10,698,1163,1126,4.4888,0.0000,0.0000,-1.0000,0.0000,1134.0000,1134.0000,4.4888,0.0040,8.0010,8.0010,0.1500,4.0000,1.0000,45.7428,73.6002,27.380627,0.598578,27.380627,0.598578,0.598875,0.598875,"LINESTRING (-121.889111 38.01677299999999, -121.78045300000001 37.995315)",4.488773,-1.000000,0.003958,7.498021,7.500000,7.501979,34.307101,55.200126,448.877288,5185952385648.449219,45.742802,34.307101,73.600168,55.200126,45.697535,45.697535,45.720079,73.527334,73.527334,73.563607,8.004976,0.000000,45.743,45.735,45.728,45.720,45.713,45.705,34.307,45.705,45.713,45.720,45.728,45.735,
10,699,1164,34,1.4113,0.0000,0.0000,-1.0000,0.0000,3000.0000,3000.0000,1.4113,0.0005,0.4247,0.4247,0.1500,4.0000,1.0000,1.2430,2.0000,0.012416,0.009989,0.012416,0.009989,0.009989,0.009989,"LINESTRING (-121.889111 38.01677299999999, -121.889011 38.016873)",1.411262,-1.000000,0.000470,7.499765,7.500000,7.500235,0.932256,1.500000,141.126242,434980911332745.687500,1.243008,0.932256,2.000000,1.500000,1.242862,1.242862,1.242935,1.999765,1.999765,1.999882,0.424698,0.000000,1.243,1.243,1.243,1.243,1.243,1.243,0.932,1.243,1.243,1.243,1.243,1.243,
10,700,1164,1127,4.5112,0.0000,0.0000,-1.0000,0.0000,1134.0000,1134.0000,4.5112,0.0040,8.0010,8.0010,0.1500,4.0000,1.0000,45.7428,73.6002,27.517594,0.601572,27.517594,0.601572,0.601873,0.601873,"LINESTRING (-121.889111 38.01677299999999, -121.78045300000001 37.995315)",4.511227,-1.000000,0.003978,7.498011,7.500000,7.501989,34.307101,55.200126,451.122712,5108823076191.619141,45.742802,34.307101,73.600168,55.200126,45.697309,45.697309,45.719965,73.526970,73.526970,73.563423,8.004996,0.000000,45.743,45.735,45.728,45.720,45.712,45.705,34.307,45.705,45.712,45.720,45.728,45.735,
10,701,1165,35,9.5143,0.0000,0.0000,-1.0000,0.0000,3000.0000,3000.0000,9.5143,0.0032,0.4249,0.4249,0.1500,4.0000,1.0000,1.2430,2.0000,0.083744,0.067372,0.083744,0.067372,0.067399,0.067399,"LINESTRING (-122.056115 37.928363, -122.056015 37.928463)",9.514308,-1.000000,0.003171,7.498414,7.500000,7.501586,0.932256,1.500000,951.430754,1417361566701.235107,1.243008,0.932256,2.000000,1.500000,1.242023,1.242023,1.242514,1.998414,1.998414,1.999205,0.425038,0.000000,1.243,1.243,1.243,1.243,1.242,1.242,0.932,1.242,1.242,1.243,1.243,1.243,
10,702,1165,1136,50.7644,0.0000,0.0000,-1.0000,0.0000,1134.0000,1134.0000,50.7644,0.0448,5.0010,5.0010,0.1500,4.0000,1.0000,41.4778,66.7377,175.501442,4.231216,175.501442,4.231216,4.256096,4.256096,"LINESTRING (-122.056115 37.928363, -122.02922600000001 37.973673)",50.764411,-1.000000,0.044766,7.477617,7.500000,7.522383,31.108317,50.053281,1134.000000,485055967.137812,41.477802,31.108352,66.737784,50.053338,41.013606,41.013581,41.235313,65.990891,65.990852,66.347618,5.030409,0.000000,41.478,41.397,41.316,41.235,41.154,41.073,31.108,41.073,41.154,41.235,41.316,41.397,
10,703,1166,35,17.2523,0.0000,0.0000,-1.0000,0.0000,3000.0000,3000.0000,17.2523,0.0058,0.4249,0.4249,0.1500,4.0000,1.0000,1.2430,2.0000,0.151853,0.122166,0.151853,0.122166,0.122254,0.122254,"LINESTRING (-122.056115 37.928363, -122.056015 37.928463)",17.252278,-1.000000,0.005751,7.497125,7.500000,7.502875,0.932256,1.500000,1725.227832,237261895428.876770,1.243008,0.932256,2.000000,1.500000,1.241221,1.241221,1.242109,1.997125,1.997125,1.998554,0.425176,0.000000,1.243,1.243,1.242,1.242,1.242,1.242,0.932,1.242,1.242,1.242,1.242,1.243,
10,704,1166,1137,18.8408,0.0000,0.0000,-1.0000,0.0000,1134.0000,1134.0000,18.8408,0.0166,6.0010,6.0010,0.1500,4.0000,1.0000,34.5660,55.6167,65.136027,1.884397,65.136027,1.884397,1.888384,1.888384,"LINESTRING (-122.056115 37.928363, -122.02922600000001 37.973673)",18.840826,-1.000000,0.016614,7.491693,7.500000,7.508307,25.924489,41.712503,1134.000000,31356539841.917458,34.565987,25.924490,55.616672,41.712504,34.422413,34.422412,34.493007,55.385662,55.385661,55.499248,6.013697,0.000000,34.566,34.542,34.517,34.493,34.469,34.444,25.924,34.444,34.469,34.493,34.517,34.542,
10,705,1167,35,16.2334,0.0000,0.0000,-1.0000,0.0000,3000.0000,3000.0000,16.2334,0.0054,0.4249,0.4249,0.1500,4.0000,1.0000,1.2430,2.0000,0.142885,0.114951,0.142885,0.114951,0.115029,0.115029,"LINESTRING (-122.056115 37.928363, -122.056015 37.928463)",16.233414,-1.000000,0.005411,7.497294,7.500000,7.502706,0.932256,1.500000,1623.341414,284871600462.904602,1.243008,0.932256,2.000000,1.500000,1.241327,1.241327,1.242163,1.997295,1.997295,1.998640,0.425158,0.000000,1.243,1.243,1.242,1.242,1.242,1.242,0.932,1.242,1.242,1.242,1.242,1.243,
10,706,1167,1138,18.3948,0.0000,0.0000,-1.0000,0.0000,1134.0000,1134.0000,18.3948,0.0162,6.0010,6.0010,0.1500,4.0000,1.0000,34.5660,55.6167,63.593910,1.839783,63.593910,1.839783,1.843582,1.843582,"LINESTRING (-122.056115 37.928363, -122.02922600000001 37.973673)",18.394763,-1.000000,0.016221,7.491889,7.500000,7.508111,25.924489,41.712504,1134.000000,34520882078.196281,34.565987,25.924490,55.616672,41.712504,34.425812,34.425811,34.494762,55.391131,55.391131,55.502073,6.013391,0.000000,34.566,34.542,34.518,34.495,34.471,34.447,25.924,34.447,34.471,34.495,34.518,34.542,
10,707,1168,36,4.9861,0.0000,0.0000,-1.0000,0.0000,3000.0000,3000.0000,4.9861,0.0017,0.4247,0.4247,0.1500,4.0000,1.0000,1.2430,2.0000,0.043866,0.035290,0.043866,0.035290,0.035298,0.035298,"LINESTRING (-121.944348 38.01884999999999, -121.944248 38.01895)",4.986053,-1.000000,0.001662,7.499169,7.500000,7.500831,0.932256,1.500000,498.605311,9854383688372.257812,1.243008,0.932256,2.000000,1.500000,1.242492,1.242492,1.242749,1.999169,1.999169,1.999584,0.424756,0.000000,1.243,1.243,1.243,1.243,1.243,1.243,0.932,1.243,1.243,1.243,1.243,1.243,
10,708,1169,36,9.1707,0.0000,0.0000,-1.0000,0.0000,3000.0000,3000.0000,9.1707,0.0031,0.4247,0.4247,0.1500,4.0000,1.0000,1.2430,2.0000,0.080682,0.064909,0.080682,0.064909,0.064933,0.064933,"LINESTRING (-121.944348 38.01884999999999, -121.944248 38.01895)",9.170722,-1.000000,0.003057,7.498472,7.500000,7.501528,0.932256,1.500000,917.072178,1582099988460.520996,1.243008,0.932256,2.000000,1.500000,1.242058,1.242058,1.242532,1.998472,1.998472,1.999234,0.424831,0.000000,1.243,1.243,1.243,1.243,1.242,1.242,0.932,1.242,1.242,1.243,1.243,1.243,
10,709,1169,1163,5.6546,0.0000,0.0000,-1.0000,0.0000,1134.0000,1134.0000,5.6546,0.0050,14.0010,14.0010,0.1500,4.0000,1.0000,12.9024,20.7600,17.024918,1.319511,17.024918,1.319511,1.320338,1.320338,"LINESTRING (-121.944348 38.01884999999999, -121.889111 38.01677299999999)",5.654644,-1.000000,0.004986,7.497507,7.500000,7.502493,9.676832,15.570023,565.464411,4536006095790.332031,12.902443,9.676832,20.760031,15.570023,12.886359,12.886359,12.894361,20.734151,20.734151,20.747026,14.009776,0.000000,12.902,12.900,12.897,12.894,12.892,12.889,9.677,12.889,12.892,12.894,12.897,12.900,
10,710,1170,36,9.8432,0.0000,0.0000,-1.0000,0.0000,3000.0000,3000.0000,9.8432,0.0033,0.4247,0.4247,0.1500,4.0000,1.0000,1.2430,2.0000,0.086598,0.069668,0.086598,0.069668,0.069697,0.069697,"LINESTRING (-121.944348 38.01884999999999, -121.944248 38.01895)",9.843225,-1.000000,0.003281,7.498359,7.500000,7.501641,0.932256,1.500000,984.322511,1279260303591.093994,1.243008,0.932256,2.000000,1.500000,1.241989,1.241989,1.242497,1.998360,1.998360,1.999177,0.424843,0.000000,1.243,1.243,1.243,1.242,1.242,1.242,0.932,1.242,1.242,1.242,1.243,1.243,
10,711,1170,1164,5.3454,0.0000,0.0000,-1.0000,0.0000,1134.0000,1134.0000,5.3454,0.0047,14.0010,14.0010,0.1500,4.0000,1.0000,12.9024,20.7600,16.093717,1.247339,16.093717,1.247339,1.248078,1.248078,"LINESTRING (-121.944348 38.01884999999999, -121.889111 38.01677299999999)",5.345356,-1.000000,0.004714,7.497643,7.500000,7.502357,9.676832,15.570023,534.535589,5370923417301.004883,12.902443,9.676832,20.760031,15.570023,12.887238,12.887238,12.894805,20.735566,20.735566,20.747741,14.009293,0.000000,12.902,12.900,12.897,12.895,12.892,12.890,9.677,12.890,12.892,12.895,12.897,12.900,
10,712,1171,38,55.8488,0.0000,0.0000,-1.0000,0.0000,3000.0000,3000.0000,55.8488,0.0186,0.4252,0.4252,0.1500,4.0000,1.0000,1.2430,2.0000,0.491945,0.395770,0.491945,0.395770,0.396710,0.396710,"LINESTRING (-122.407487 37.784544999999994, -122.407387 37.784645)",55.848814,-1.000000,0.018616,7.490692,7.500000,7.509308,0.932256,1.500000,3000.000000,3723084863.520798,1.243008,0.932256,2.000000,1.500000,1.237223,1.237223,1.240062,1.990692,1.990692,1.995259,0.426197,0.000000,1.243,1.242,1.241,1.240,1.239,1.238,0.932,1.238,1.239,1.240,1.241,1.242,
10,713,1171,1154,404.4598,0.0000,0.0000,-1.0000,0.0000,1134.0000,1134.0000,404.4598,0.3567,2.0010,2.0059,0.1500,4.0000,1.0000,13.3138,21.4219,180.022282,13.521478,180.022282,13.521478,14.369153,14.369153,"LINESTRING (-122.407487 37.784544999999994, -122.401742 37.78911299999999)",404.459816,-1.000000,0.356667,7.321667,7.500000,7.678333,9.964239,16.032461,1134.000000,36121.669895,13.346120,10.009590,21.473907,16.105430,12.156091,12.126655,12.528385,19.559151,19.511788,20.158172,2.131607,0.000000,13.346,13.038,12.730,12.421,12.113,10.716,9.964,10.716,12.113,12.421,12.730,13.038,
10,714,1172,38,71.7972,0.0000,0.0000,-1.0000,0.0000,3000.0000,3000.0000,71.7972,0.0239,0.4252,0.4252,0.1500,4.0000,1.0000,1.2430,2.0000,0.632427,0.508787,0.632427,0.508787,0.510351,0.510351,"LINESTRING (-122.407487 37.784544999999994, -122.407387 37.784645)",71.797186,-1.000000,0.023932,7.488034,7.500000,7.511966,0.932256,1.500000,3000.000000,1357533326.087283,1.243008,0.932256,2.000000,1.500000,1.235571,1.235571,1.239201,1.988034,1.988034,1.993874,0.426494,0.000000,1.243,1.242,1.240,1.239,1.238,1.237,0.932,1.237,1.238,1.239,1.240,1.242,
10,715,1172,1155,211.6737,0.0000,0.0000,-1.0000,0.0000,1134.0000,1134.0000,211.6737,0.1867,2.0010,2.0014,0.1500,4.0000,1.0000,13.3437,21.4700,94.214507,7.060604,94.214507,7.060604,7.260584,7.260584,"LINESTRING (-122.407487 37.784544999999994, -122.401742 37.78911299999999)",211.673698,-1.000000,0.186661,7.406669,7.500000,7.593331,10.006173,16.099933,1134.000000,567901.562200,13.346120,10.009590,21.473907,16.105430,12.723319,12.721003,12.976161,20.471821,20.468094,20.878643,2.058050,0.000000,13.346,13.218,13.091,12.963,12.836,12.583,10.006,12.583,12.836,12.963,13.091,13.218,
10,716,1173,38,103.2234,0.0000,0.0000,-1.0000,0.0000,3000.0000,3000.0000,103.2234,0.0344,0.4252,0.4252,0.1500,4.0000,1.0000,1.2430,2.0000,0.909245,0.731488,0.909245,0.731488,0.734756,0.734756,"LINESTRING (-122.407487 37.784544999999994, -122.407387 37.784645)",103.223363,-1.000000,0.034408,7.482796,7.500000,7.517204,0.932256,1.499999,3000.000000,315157946.316446,1.243008,0.932256,2.000000,1.500000,1.232316,1.232316,1.237478,1.982796,1.982796,1.991102,0.427087,0.000000,1.243,1.241,1.239,1.237,1.236,1.234,0.932,1.234,1.236,1.237,1.239,1.241,
10,717,1173,1156,213.9273,0.0000,0.0000,-1.0000,0.0000,1134.0000,1134.0000,213.9273,0.1886,2.0010,2.0014,0.1500,4.0000,1.0000,13.3436,21.4698,95.217572,7.135831,95.217572,7.135831,7.340477,7.340477,"LINESTRING (-122.407487 37.784544999999994, -122.401742 37.78911299999999)",213.927305,-1.000000,0.188648,7.405676,7.500000,7.594324,10.006026,16.099695,1134.000000,543339.326103,13.346120,10.009590,21.473907,16.105430,12.716689,12.714273,12.971578,20.461152,20.457266,20.871269,2.058777,0.000000,13.346,13.217,13.088,12.958,12.829,12.553,10.006,12.553,12.829,12.958,13.088,13.217,
10,718,1174,40,0.6679,0.0000,0.0000,-1.0000,0.0000,3000.0000,3000.0000,0.6679,0.0002,0.4251,0.4251,0.1500,4.0000,1.0000,1.2430,2.0000,0.005881,0.004731,0.005881,0.004731,0.004732,0.004732,"LINESTRING (-122.251371 37.844694999999994, -122.251271 37.844795)",0.667876,-1.000000,0.000223,7.499889,7.500000,7.500111,0.932256,1.500000,66.787627,4108431991442189.000000,1.243008,0.932256,2.000000,1.500000,1.242939,1.242939,1.242974,1.999889,1.999889,1.999944,0.425066,0.000000,1.243,1.243,1.243,1.243,1.243,1.243,0.932,1.243,1.243,1.243,1.243,1.243,
10,719,1174,1160,91.5302,0.0000,0.0000,-1.0000,0.0000,1134.0000,1134.0000,91.5302,0.0807,5.0010,5.0010,0.1500,4.0000,1.0000,52.3119,84.1699,399.092347,7.629092,399.092347,7.629092,7.713149,7.713149,"LINESTRING (-122.251371 37.844694999999994, -122.183817 37.878403)",91.530222,-1.000000,0.080714,7.459643,7.500000,7.540357,39.233709,63.127038,1134.000000,44575593.760090,52.312237,39.234178,84.170389,63.127792,51.256648,51.256322,51.741815,82.471947,82.471422,83.252581,5.056133,0.000000,52.312,52.121,51.929,51.738,51.547,51.355,39.234,51.355,51.547,51.738,51.929,52.121,
10,720,1175,40,11.9132,0.0000,0.0000,-1.0000,0.0000,3000.0000,3000.0000,11.9132,0.0040,0.4251,0.4251,0.1500,4.0000,1.0000,1.2430,2.0000,0.104905,0.084396,0.104905,0.084396,0.084438,0.084438,"LINESTRING (-122.251371 37.844694999999994, -122.251271 37.844795)",11.913237,-1.000000,0.003971,7.498014,7.500000,7.501986,0.932256,1.500000,1191.323662,721856175921.475708,1.243008,0.932256,2.000000,1.500000,1.241774,1.241774,1.242389,1.998015,1.998015,1.999003,0.425266,0.000000,1.243,1.243,1.243,1.242,1.242,1.242,0.932,1.242,1.242,1.242,1.243,1.243,
10,721,1175,1161,43.0796,0.0000,0.0000,-1.0000,0.0000,1134.0000,1134.0000,43.0796,0.0380,5.0010,5.0010,0.1500,4.0000,1.0000,52.3122,84.1704,187.836806,3.590687,187.836806,3.590687,3.608472,3.608472,"LINESTRING (-122.251371 37.844694999999994, -122.183817 37.878403)",43.079615,-1.000000,0.037989,7.481005,7.500000,7.518995,39.234155,63.127755,1134.000000,940302791.304632,52.312237,39.234178,84.170389,63.127792,51.815413,51.815397,52.054388,83.371000,83.370974,83.755510,5.025772,0.000000,52.312,52.226,52.140,52.054,51.968,51.882,39.234,51.882,51.968,52.054,52.140,52.226,
10,722,1176,40,10.4189,0.0000,0.0000,-1.0000,0.0000,3000.0000,3000.0000,10.4189,0.0035,0.4251,0.4251,0.1500,4.0000,1.0000,1.2430,2.0000,0.091746,0.073810,0.091746,0.073810,0.073842,0.073842,"LINESTRING (-122.251371 37.844694999999994, -122.251271 37.844795)",10.418887,-1.000000,0.003473,7.498264,7.500000,7.501736,0.932256,1.500000,1041.888711,1079540617909.230835,1.243008,0.932256,2.000000,1.500000,1.241929,1.241929,1.242467,1.998264,1.998264,1.999129,0.425239,0.000000,1.243,1.243,1.243,1.242,1.242,1.242,0.932,1.242,1.242,1.242,1.243,1.243,
10,723,1176,1162,43.3902,0.0000,0.0000,-1.0000,0.0000,1134.0000,1134.0000,43.3902,0.0383,5.0010,5.0010,0.1500,4.0000,1.0000,52.3122,84.1704,189.190869,3.616571,189.190869,3.616571,3.634619,3.634619,"LINESTRING (-122.251371 37.844694999999994, -122.183817 37.878403)",43.390164,-1.000000,0.038263,7.480869,7.500000,7.519131,39.234154,63.127754,1134.000000,913474043.472512,52.312237,39.234178,84.170389,63.127792,51.811832,51.811815,52.052460,83.365238,83.365211,83.752409,5.025958,0.000000,52.312,52.226,52.139,52.052,51.965,51.879,39.234,51.879,51.965,52.052,52.139,52.226,
10,724,1177,42,3.0000,0.0000,0.0000,-1.0000,0.0000,3000.0000,3000.0000,3.0000,0.0010,0.4255,0.4255,0.1500,4.0000,1.0000,1.2430,2.0000,0.026446,0.021276,0.026446,0.021276,0.021278,0.021278,"LINESTRING (-122.416484 37.63762, -122.416384 37.63772)",3.000000,-1.000000,0.001000,7.499500,7.500000,7.500500,0.932256,1.500000,300.000000,45353876118752.257812,1.243008,0.932256,2.000000,1.500000,1.242697,1.242697,1.242853,1.999500,1.999500,1.999750,0.425565,0.000000,1.243,1.243,1.243,1.243,1.243,1.243,0.932,1.243,1.243,1.243,1.243,1.243,
10,725,1177,1181,58.4616,0.0000,0.0000,-1.0000,0.0000,1134.0000,1134.0000,58.4616,0.0516,3.0010,3.0010,0.1500,4.0000,1.0000,47.8776,77.0350,139.996664,2.924056,139.996664,2.924056,2.944003,2.944003,"LINESTRING (-122.416484 37.63762, -122.444354 37.664336999999996)",58.461580,-1.000000,0.051553,7.474223,7.500000,7.525777,35.908133,57.776186,1134.000000,164591229.050502,47.877605,35.908204,77.035067,57.776300,47.260542,47.260492,47.553165,76.042212,76.042131,76.513043,3.021475,0.000000,47.878,47.769,47.661,47.552,47.444,47.335,35.908,47.335,47.444,47.552,47.661,47.769,
10,726,1178,42,0.0000,0.0000,0.0000,-1.0000,0.0000,3000.0000,3000.0000,0.0000,0.0000,0.4255,0.4255,0.1500,4.0000,1.0000,1.2430,2.0000,0.000000,0.000000,0.000000,0.000000,0.000000,0.000000,"LINESTRING (-122.416484 37.63762, -122.416384 37.63772)",0.000000,-1.000000,0.000000,7.500000,7.500000,7.500000,0.932256,1.500000,0.000000,nan,1.243008,0.932256,2.000000,1.500000,1.243008,1.243008,1.243008,2.000000,2.000000,2.000000,0.425512,0.000000,1.243,1.243,1.243,1.243,1.243,1.243,nan,1.243,1.243,1.243,1.243,1.243,
10,727,1178,1182,123.8760,0.0000,0.0000,-1.0000,0.0000,1134.0000,1134.0000,123.8760,0.1092,3.0010,3.0011,0.1500,4.0000,1.0000,47.8766,77.0334,296.643107,6.195996,296.643107,6.195996,6.291166,6.291166,"LINESTRING (-122.416484 37.63762, -122.444354 37.664336999999996)",123.875986,-1.000000,0.109238,7.445381,7.500000,7.554619,35.906766,57.773987,1134.000000,7783109.528246,47.877605,35.908204,77.035067,57.776300,46.570091,46.569096,47.152324,74.931276,74.929676,75.868090,3.047160,0.000000,47.878,47.633,47.388,47.144,46.899,46.654,35.907,46.654,46.899,47.144,47.388,47.633,
10,728,1179,43,0.0000,0.0000,0.0000,-1.0000,0.0000,3000.0000,3000.0000,0.0000,0.0000,0.4256,0.4256,0.1500,4.0000,1.0000,1.2430,2.0000,0.000000,0.000000,0.000000,0.000000,0.000000,0.000000,"LINESTRING (-122.39199500000001 37.615922999999995, -122.391895 37.616023)",0.000000,-1.000000,0.000000,7.500000,7.500000,7.500000,0.932256,1.500000,0.000000,nan,1.243008,0.932256,2.000000,1.500000,1.243008,1.243008,1.243008,2.000000,2.000000,2.000000,0.425560,0.000000,1.243,1.243,1.243,1.243,1.243,1.243,nan,1.243,1.243,1.243,1.243,1.243,
10,729,1179,1177,45.5709,0.0000,0.0000,-1.0000,0.0000,1134.0000,1134.0000,45.5709,0.0402,3.0010,3.0010,0.1500,4.0000,1.0000,40.2106,64.6989,91.652311,2.279306,91.652311,2.279306,2.291278,2.291278,"LINESTRING (-122.39199500000001 37.615922999999995, -122.416484 37.63762)",45.570926,-1.000000,0.040186,7.479907,7.500000,7.520093,30.157949,48.524140,1134.000000,449842920.369196,40.210629,30.157971,64.698901,48.524176,39.806652,39.806637,40.000523,64.048904,64.048879,64.360841,3.016763,0.000000,40.211,40.140,40.070,40.000,39.930,39.860,30.158,39.860,39.930,40.000,40.070,40.140,
10,730,1180,43,0.0000,0.0000,0.0000,-1.0000,0.0000,3000.0000,3000.0000,0.0000,0.0000,0.4256,0.4256,0.1500,4.0000,1.0000,1.2430,2.0000,0.000000,0.000000,0.000000,0.000000,0.000000,0.000000,"LINESTRING (-122.39199500000001 37.615922999999995, -122.391895 37.616023)",0.000000,-1.000000,0.000000,7.500000,7.500000,7.500000,0.932256,1.500000,0.000000,nan,1.243008,0.932256,2.000000,1.500000,1.243008,1.243008,1.243008,2.000000,2.000000,2.000000,0.425560,0.000000,1.243,1.243,1.243,1.243,1.243,1.243,nan,1.243,1.243,1.243,1.243,1.243,
10,731,1180,1178,7.4291,0.0000,0.0000,-1.0000,0.0000,1134.0000,1134.0000,7.4291,0.0066,4.0010,4.0010,0.1500,4.0000,1.0000,30.1605,48.5282,14.941365,0.495395,14.941365,0.495395,0.495804,0.495804,"LINESTRING (-122.39199500000001 37.615922999999995, -122.416484 37.63762)",7.429074,-1.000000,0.006551,7.496724,7.500000,7.503276,22.620360,36.396160,742.907420,570928229552.637329,30.160480,22.620360,48.528213,36.396160,30.111084,30.111084,30.135620,48.448733,48.448733,48.488213,4.004301,0.000000,30.160,30.152,30.144,30.136,30.127,30.119,22.620,30.119,30.127,30.136,30.144,30.152,
10,732,1181,45,1.0000,0.0000,0.0000,-1.0000,0.0000,3000.0000,3000.0000,1.0000,0.0003,0.4255,0.4255,0.1500,4.0000,1.0000,1.2430,2.0000,0.008814,0.007091,0.008814,0.007091,0.007091,0.007091,"LINESTRING (-122.444354 37.664336999999996, -122.444254 37.664437)",1.000000,-1.000000,0.000333,7.499833,7.500000,7.500167,0.932256,1.500000,100.000000,1224997771884711.500000,1.243008,0.932256,2.000000,1.500000,1.242905,1.242905,1.242956,1.999833,1.999833,1.999917,0.425471,0.000000,1.243,1.243,1.243,1.243,1.243,1.243,0.932,1.243,1.243,1.243,1.243,1.243,
10,733,1181,1134,70.8565,0.0000,0.0000,-1.0000,0.0000,1134.0000,1134.0000,70.8565,0.0625,4.0010,4.0010,0.1500,4.0000,1.0000,27.5963,44.4025,130.391576,4.724958,130.391576,4.724958,4.764486,4.764486,"LINESTRING (-122.444354 37.664336999999996, -122.466267 37.68454199999999)",70.856487,-1.000000,0.062484,7.468758,7.500000,7.531242,20.697219,33.301826,1134.000000,100796888.234171,27.596411,20.697308,44.402625,33.301969,27.165329,27.165267,27.367398,43.709015,43.708915,44.034144,4.034481,0.000000,27.596,27.520,27.443,27.367,27.290,27.213,20.697,27.213,27.290,27.367,27.443,27.520,
10,734,1182,45,0.0000,0.0000,0.0000,-1.0000,0.0000,3000.0000,3000.0000,0.0000,0.0000,0.4255,0.4255,0.1500,4.0000,1.0000,1.2430,2.0000,0.000000,0.000000,0.000000,0.000000,0.000000,0.000000,"LINESTRING (-122.444354 37.664336999999996, -122.444254 37.664437)",0.000000,-1.000000,0.000000,7.500000,7.500000,7.500000,0.932256,1.500000,0.000000,nan,1.243008,0.932256,2.000000,1.500000,1.243008,1.243008,1.243008,2.000000,2.000000,2.000000,0.425453,0.000000,1.243,1.243,1.243,1.243,1.243,1.243,nan,1.243,1.243,1.243,1.243,1.243,
10,735,1182,1135,299.1562,0.0000,0.0000,-1.0000,0.0000,1134.0000,1134.0000,299.1562,0.2638,3.0010,3.0032,0.1500,4.0000,1.0000,36.7654,59.1556,550.513464,14.973666,550.513464,14.973666,15.616403,15.616403,"LINESTRING (-122.444354 37.664336999999996, -122.466267 37.68454199999999)",299.156214,-1.000000,0.263806,7.368097,7.500000,7.631903,27.556577,44.338533,1134.000000,198271.973250,36.792152,27.594114,59.198573,44.398930,34.365653,34.340705,35.252258,55.294336,55.254194,56.720884,3.132090,0.000000,36.792,36.243,35.693,35.144,34.595,31.551,27.557,31.551,34.595,35.144,35.693,36.243,
10,736,1183,48,48.4232,0.0000,0.0000,-1.0000,0.0000,3000.0000,3000.0000,48.4232,0.0161,0.4249,0.4249,0.1500,4.0000,1.0000,1.2430,2.0000,0.426268,0.342932,0.426268,0.342932,0.343637,0.343637,"LINESTRING (-122.067479 37.905711999999994, -122.067379 37.905812)",48.423216,-1.000000,0.016141,7.491929,7.500000,7.508071,0.932256,1.500000,3000.000000,6596206199.664879,1.243008,0.932256,2.000000,1.500000,1.237992,1.237992,1.240460,1.991930,1.991930,1.995900,0.425792,0.000000,1.243,1.242,1.241,1.240,1.240,1.239,0.932,1.239,1.240,1.240,1.241,1.242,
10,737,1183,1165,53.2787,0.0000,0.0000,-1.0000,0.0000,1134.0000,1134.0000,53.2787,0.0470,3.0010,3.0010,0.1500,4.0000,1.0000,33.6591,54.1575,89.695622,2.664826,89.695622,2.664826,2.681311,2.681311,"LINESTRING (-122.067479 37.905711999999994, -122.056115 37.928363)",53.278719,-1.000000,0.046983,7.476509,7.500000,7.523491,25.244304,40.618086,1134.000000,239473828.221348,33.659119,25.244339,54.157522,40.618141,33.263767,33.263743,33.452154,53.521401,53.521362,53.824516,3.019567,0.000000,33.659,33.590,33.521,33.452,33.383,33.313,25.244,33.313,33.383,33.452,33.521,33.590,
10,738,1184,48,2.8025,0.0000,0.0000,-1.0000,0.0000,3000.0000,3000.0000,2.8025,0.0009,0.4249,0.4249,0.1500,4.0000,1.0000,1.2430,2.0000,0.024670,0.019847,0.024670,0.019847,0.019850,0.019850,"LINESTRING (-122.067479 37.905711999999994, -122.067379 37.905812)",2.802506,-1.000000,0.000934,7.499533,7.500000,7.500467,0.932256,1.500000,280.250642,55558980283721.218750,1.243008,0.932256,2.000000,1.500000,1.242718,1.242718,1.242863,1.999533,1.999533,1.999766,0.424969,0.000000,1.243,1.243,1.243,1.243,1.243,1.243,0.932,1.243,1.243,1.243,1.243,1.243,
10,739,1184,1166,31.6191,0.0000,0.0000,-1.0000,0.0000,1134.0000,1134.0000,31.6191,0.0279,2.0010,2.0010,0.1500,4.0000,1.0000,50.4803,81.2227,53.231242,1.054496,53.231242,1.054496,1.058287,1.058287,"LINESTRING (-122.067479 37.905711999999994, -122.056115 37.928363)",31.619072,-1.000000,0.027883,7.486059,7.500000,7.513941,37.860193,60.917051,1134.000000,1306712979.706504,50.480267,37.860200,81.222749,60.917062,50.128384,50.128379,50.299419,80.656570,80.656563,80.931766,2.008194,0.000000,50.480,50.420,50.360,50.299,50.239,50.179,37.860,50.179,50.239,50.299,50.360,50.420,
10,740,1185,48,5.7743,0.0000,0.0000,-1.0000,0.0000,3000.0000,3000.0000,5.7743,0.0019,0.4249,0.4249,0.1500,4.0000,1.0000,1.2430,2.0000,0.050831,0.040893,0.050831,0.040893,0.040903,0.040903,"LINESTRING (-122.067479 37.905711999999994, -122.067379 37.905812)",5.774278,-1.000000,0.001925,7.499038,7.500000,7.500962,0.932256,1.500000,577.427795,6347136304338.961914,1.243008,0.932256,2.000000,1.500000,1.242410,1.242410,1.242708,1.999038,1.999038,1.999518,0.425021,0.000000,1.243,1.243,1.243,1.243,1.243,1.243,0.932,1.243,1.243,1.243,1.243,1.243,
10,741,1185,1167,31.1022,0.0000,0.0000,-1.0000,0.0000,1134.0000,1134.0000,31.1022,0.0274,2.0010,2.0010,0.1500,4.0000,1.0000,50.4803,81.2227,52.361093,1.037259,52.361093,1.037259,1.040925,1.040925,"LINESTRING (-122.067479 37.905711999999994, -122.056115 37.928363)",31.102209,-1.000000,0.027427,7.486287,7.500000,7.513713,37.860194,60.917052,1134.000000,1396257422.289982,50.480267,37.860200,81.222749,60.917062,50.134136,50.134132,50.302455,80.665825,80.665818,80.936649,2.008073,0.000000,50.480,50.421,50.362,50.302,50.243,50.184,37.860,50.184,50.243,50.302,50.362,50.421,
10,742,1186,50,35.4367,0.0000,0.0000,-1.0000,0.0000,3000.0000,3000.0000,35.4367,0.0118,0.4251,0.4251,0.1500,4.0000,1.0000,1.2430,2.0000,0.312112,0.251094,0.312112,0.251094,0.251470,0.251470,"LINESTRING (-122.295244 37.804823, -122.295144 37.804923)",35.436713,-1.000000,0.011812,7.494094,7.500000,7.505906,0.932256,1.500000,3000.000000,23086506699.479656,1.243008,0.932256,2.000000,1.500000,1.239337,1.239337,1.241151,1.994094,1.994094,1.997012,0.425778,0.000000,1.243,1.242,1.242,1.241,1.241,1.240,0.932,1.240,1.241,1.241,1.242,1.242,
10,743,1186,1114,173.4153,0.0000,0.0000,-1.0000,0.0000,1134.0000,1134.0000,173.4153,0.1529,4.0010,4.0013,0.1500,4.0000,1.0000,19.3448,31.1258,223.720271,11.564857,223.720271,11.564857,11.824650,11.824650,"LINESTRING (-122.295244 37.804823, -122.27168900000001 37.803371)",173.415280,-1.000000,0.152924,7.423538,7.500000,7.576462,14.507587,23.342707,1134.000000,2599841.529393,19.346424,14.509818,31.128396,23.346297,18.606793,18.605267,18.919822,29.938330,29.935875,30.441993,4.091214,0.000000,19.346,19.201,19.055,18.910,18.764,18.619,14.508,18.619,18.764,18.910,19.055,19.201,
10,744,1187,50,3.4275,0.0000,0.0000,-1.0000,0.0000,3000.0000,3000.0000,3.4275,0.0011,0.4251,0.4251,0.1500,4.0000,1.0000,1.2430,2.0000,0.030188,0.024286,0.030188,0.024286,0.024289,0.024289,"LINESTRING (-122.295244 37.804823, -122.295144 37.804923)",3.427454,-1.000000,0.001142,7.499429,7.500000,7.500571,0.932256,1.500000,342.745450,30383606453073.691406,1.243008,0.932256,2.000000,1.500000,1.242653,1.242653,1.242830,1.999429,1.999429,1.999714,0.425203,0.000000,1.243,1.243,1.243,1.243,1.243,1.243,0.932,1.243,1.243,1.243,1.243,1.243,
10,745,1187,1115,120.9052,0.0000,0.0000,-1.0000,0.0000,1134.0000,1134.0000,120.9052,0.1066,4.0010,4.0011,0.1500,4.0000,1.0000,19.3460,31.1278,155.977796,8.062514,155.977796,8.062514,8.183060,8.183060,"LINESTRING (-122.295244 37.804823, -122.27168900000001 37.803371)",120.905151,-1.000000,0.106618,7.446691,7.500000,7.553309,14.509291,23.345449,1134.000000,11460429.429870,19.346424,14.509818,31.128396,23.346297,18.830753,18.830388,19.061060,30.298682,30.298095,30.669245,4.060899,0.000000,19.346,19.250,19.154,19.058,18.962,18.865,14.509,18.865,18.962,19.058,19.154,19.250,
10,746,1188,50,7.8136,0.0000,0.0000,-1.0000,0.0000,3000.0000,3000.0000,7.8136,0.0026,0.4251,0.4251,0.1500,4.0000,1.0000,1.2430,2.0000,0.068819,0.055365,0.068819,0.055365,0.055383,0.055383,"LINESTRING (-122.295244 37.804823, -122.295144 37.804923)",7.813577,-1.000000,0.002605,7.498698,7.500000,7.501302,0.932256,1.500000,781.357733,2561694507013.868652,1.243008,0.932256,2.000000,1.500000,1.242199,1.242199,1.242602,1.998698,1.998698,1.999347,0.425281,0.000000,1.243,1.243,1.243,1.243,1.242,1.242,0.932,1.242,1.242,1.243,1.243,1.243,
10,747,1188,1116,114.7451,0.0000,0.0000,-1.0000,0.0000,1134.0000,1134.0000,114.7451,0.1012,4.0010,4.0011,0.1500,4.0000,1.0000,19.3461,31.1279,148.030821,7.651706,148.030821,7.651706,7.759675,7.759675,"LINESTRING (-122.295244 37.804823, -122.27168900000001 37.803371)",114.745106,-1.000000,0.101186,7.449407,7.500000,7.550593,14.509390,23.345609,1134.000000,14192449.474321,19.346424,14.509818,31.128396,23.346297,18.857027,18.856730,19.076935,30.340956,30.340479,30.694789,4.057520,0.000000,19.346,19.256,19.165,19.074,18.983,18.893,14.509,18.893,18.983,19.074,19.165,19.256,
10,748,1189,13,0.0000,0.0000,0.0000,-1.0000,0.0000,3000.0000,3000.0000,0.0000,0.0000,0.4253,0.4253,0.1500,4.0000,1.0000,1.2430,2.0000,0.000000,0.000000,0.000000,0.000000,0.000000,0.000000,"LINESTRING (-122.196798 37.753504, -122.196698 37.753604)",0.000000,-1.000000,0.000000,7.500000,7.500000,7.500000,0.932256,1.500000,0.000000,nan,1.243008,0.932256,2.000000,1.500000,1.243008,1.243008,1.243008,2.000000,2.000000,2.000000,0.425256,0.000000,1.243,1.243,1.243,1.243,1.243,1.243,nan,1.243,1.243,1.243,1.243,1.243,
10,749,1189,1190,0.0000,0.0000,0.0000,-1.0000,0.0000,756.0000,756.0000,0.0000,0.0000,8.0010,8.0010,0.1500,4.0000,1.0000,21.8586,35.1705,0.000000,0.000000,0.000000,0.000000,0.000000,0.000000,"LINESTRING (-122.196798 37.753504, -122.212337 37.713156)",0.000000,-1.000000,0.000000,7.500000,7.500000,7.500000,16.393952,26.377869,0.000000,nan,21.858603,16.393952,35.170491,26.377869,21.858603,21.858603,21.858603,35.170491,35.170491,35.170491,8.001000,0.000000,21.859,21.859,21.859,21.859,21.859,21.859,nan,21.859,21.859,21.859,21.859,21.859,
10,750,1190,32,0.0000,0.0000,0.0000,-1.0000,0.0000,3000.0000,3000.0000,0.0000,0.0000,0.4253,0.4253,0.1500,4.0000,1.0000,1.2430,2.0000,0.000000,0.000000,0.000000,0.000000,0.000000,0.000000,"LINESTRING (-122.212337 37.713156, -122.212237 37.713256)",0.000000,-1.000000,0.000000,7.500000,7.500000,7.500000,0.932256,1.500000,0.000000,nan,1.243008,0.932256,2.000000,1.500000,1.243008,1.243008,1.243008,2.000000,2.000000,2.000000,0.425345,0.000000,1.243,1.243,1.243,1.243,1.243,1.243,nan,1.243,1.243,1.243,1.243,1.243,
10,751,1191,1,47.0836,0.0000,0.0000,-1.0000,0.0000,3000.0000,3000.0000,47.0836,0.0157,0.4251,0.4251,0.1500,4.0000,1.0000,1.2430,2.0000,0.414696,0.333623,0.414696,0.333623,0.334289,0.334289,"LINESTRING (-122.27168900000001 37.803371, -122.271589 37.803471)",47.083576,-1.000000,0.015695,7.492153,7.500000,7.507847,0.932256,1.500000,3000.000000,7386026942.062808,1.243008,0.932256,2.000000,1.500000,1.238131,1.238131,1.240531,1.992153,1.992153,1.996015,0.425994,0.000000,1.243,1.242,1.241,1.241,1.240,1.239,0.932,1.239,1.240,1.241,1.241,1.242,
10,752,1191,1194,117.9471,0.0000,0.0000,-1.0000,0.0000,756.0000,756.0000,117.9471,0.1560,1.0010,1.0011,0.1500,4.0000,1.0000,21.1971,34.1061,41.714263,1.967926,41.714263,1.967926,2.013164,2.013164,"LINESTRING (-122.27168900000001 37.803371, -122.268822 37.807959999999994)",117.947146,-1.000000,0.156015,7.421993,7.500000,7.578007,15.896562,25.577568,756.000000,399156.663720,21.198948,15.899211,34.109107,25.581830,20.372111,20.370300,20.720748,32.778726,32.775813,33.339683,1.024101,0.000000,21.199,21.036,20.872,20.709,20.546,20.383,15.897,20.383,20.546,20.709,20.872,21.036,
10,753,1192,1,38.9304,0.0000,0.0000,-1.0000,0.0000,3000.0000,3000.0000,38.9304,0.0130,0.4251,0.4251,0.1500,4.0000,1.0000,1.2430,2.0000,0.342886,0.275852,0.342886,0.275852,0.276306,0.276306,"LINESTRING (-122.27168900000001 37.803371, -122.271589 37.803471)",38.930419,-1.000000,0.012977,7.493512,7.500000,7.506488,0.932256,1.500000,3000.000000,15835568470.573395,1.243008,0.932256,2.000000,1.500000,1.238976,1.238976,1.240966,1.993512,1.993512,1.996714,0.425845,0.000000,1.243,1.242,1.242,1.241,1.240,1.240,0.932,1.240,1.240,1.241,1.242,1.242,
10,754,1192,1195,122.1977,0.0000,0.0000,-1.0000,0.0000,756.0000,756.0000,122.1977,0.1616,1.0010,1.0011,0.1500,4.0000,1.0000,21.1968,34.1056,43.217551,2.038874,43.217551,2.038874,2.087697,2.087697,"LINESTRING (-122.27168900000001 37.803371, -122.268822 37.807959999999994)",122.197696,-1.000000,0.161637,7.419181,7.500000,7.580819,15.896159,25.576920,756.000000,344687.866316,21.198948,15.899211,34.109107,25.581830,20.342313,20.340231,20.701062,32.730782,32.727431,33.308009,1.025075,0.000000,21.199,21.029,20.858,20.688,20.518,20.347,15.896,20.347,20.518,20.688,20.858,21.029,
10,755,1193,1,45.9860,0.0000,0.0000,-1.0000,0.0000,3000.0000,3000.0000,45.9860,0.0153,0.4251,0.4251,0.1500,4.0000,1.0000,1.2430,2.0000,0.405029,0.325846,0.405029,0.325846,0.326481,0.326481,"LINESTRING (-122.27168900000001 37.803371, -122.271589 37.803471)",45.986006,-1.000000,0.015329,7.492336,7.500000,7.507664,0.932256,1.500000,3000.000000,8119090924.220750,1.243008,0.932256,2.000000,1.500000,1.238245,1.238245,1.240590,1.992336,1.992336,1.996109,0.425974,0.000000,1.243,1.242,1.241,1.241,1.240,1.239,0.932,1.239,1.240,1.241,1.241,1.242,
10,756,1193,1196,125.8552,0.0000,0.0000,-1.0000,0.0000,756.0000,756.0000,125.8552,0.1665,1.0010,1.0011,0.1500,4.0000,1.0000,21.1965,34.1052,44.511082,2.099925,44.511082,2.099925,2.151959,2.151959,"LINESTRING (-122.27168900000001 37.803371, -122.268822 37.807959999999994)",125.855157,-1.000000,0.166475,7.416762,7.500000,7.583238,15.895777,25.576305,756.000000,304984.664605,21.198948,15.899211,34.109107,25.581830,20.316674,20.314333,20.683983,32.689528,32.685762,33.280528,1.025922,0.000000,21.199,21.023,20.846,20.670,20.493,20.317,15.896,20.317,20.493,20.670,20.846,21.023,
10,757,1194,3,34.3203,0.0000,0.0000,-1.0000,0.0000,3000.0000,3000.0000,34.3203,0.0114,0.4251,0.4251,0.1500,4.0000,1.0000,1.2430,2.0000,0.302274,0.243179,0.302274,0.243179,0.243532,0.243532,"LINESTRING (-122.268822 37.807959999999994, -122.268722 37.80806)",34.320278,-1.000000,0.011440,7.494280,7.500000,7.505720,0.932256,1.500000,3000.000000,26247301877.771152,1.243008,0.932256,2.000000,1.500000,1.239453,1.239453,1.241210,1.994280,1.994280,1.997107,0.425751,0.000000,1.243,1.242,1.242,1.241,1.241,1.240,0.932,1.240,1.241,1.241,1.242,1.242,
10,758,1194,1224,92.3093,0.0000,0.0000,-1.0000,0.0000,756.0000,756.0000,92.3093,0.1221,4.0010,4.0011,0.1500,4.0000,1.0000,21.5458,34.6672,132.629245,6.155694,132.629245,6.155694,6.262772,6.262772,"LINESTRING (-122.268822 37.807959999999994, -122.267263 37.828714)",92.309260,-1.000000,0.122102,7.438949,7.500000,7.561051,16.158866,25.999615,756.000000,4382595.608516,21.546501,16.159876,34.668320,26.001240,20.888782,20.888086,21.177402,33.610051,33.608930,34.074440,4.070733,0.000000,21.547,21.422,21.297,21.172,21.047,20.922,16.159,20.922,21.047,21.172,21.297,21.422,
10,759,1195,3,52.9151,0.0000,0.0000,-1.0000,0.0000,3000.0000,3000.0000,52.9151,0.0176,0.4251,0.4251,0.1500,4.0000,1.0000,1.2430,2.0000,0.466047,0.374934,0.466047,0.374934,0.375778,0.375778,"LINESTRING (-122.268822 37.807959999999994, -122.268722 37.80806)",52.915073,-1.000000,0.017638,7.491181,7.500000,7.508819,0.932256,1.500000,3000.000000,4622896078.894903,1.243008,0.932256,2.000000,1.500000,1.237527,1.237527,1.240219,1.991181,1.991181,1.995513,0.426091,0.000000,1.243,1.242,1.241,1.240,1.239,1.238,0.932,1.238,1.239,1.240,1.241,1.242,
10,760,1195,1225,81.2221,0.0000,0.0000,-1.0000,0.0000,756.0000,756.0000,81.2221,0.1074,4.0010,4.0011,0.1500,4.0000,1.0000,21.5461,34.6676,116.699255,5.416266,116.699255,5.416266,5.497937,5.497937,"LINESTRING (-122.268822 37.807959999999994, -122.267263 37.828714)",81.222071,-1.000000,0.107437,7.446282,7.500000,7.553718,16.159270,26.000266,756.000000,7404966.159454,21.546501,16.159876,34.668320,26.001240,20.967780,20.967361,21.226008,33.737159,33.736485,34.152647,4.061411,0.000000,21.547,21.438,21.330,21.222,21.114,21.006,16.159,21.006,21.114,21.222,21.330,21.438,
10,761,1196,3,43.7646,0.0000,0.0000,-1.0000,0.0000,3000.0000,3000.0000,43.7646,0.0146,0.4251,0.4251,0.1500,4.0000,1.0000,1.2430,2.0000,0.385455,0.310098,0.385455,0.310098,0.310673,0.310673,"LINESTRING (-122.268822 37.807959999999994, -122.268722 37.80806)",43.764649,-1.000000,0.014588,7.492706,7.500000,7.507294,0.932256,1.500000,3000.000000,9902656722.438301,1.243008,0.932256,2.000000,1.500000,1.238475,1.238475,1.240708,1.992706,1.992706,1.996300,0.425923,0.000000,1.243,1.242,1.241,1.241,1.240,1.239,0.932,1.239,1.240,1.241,1.241,1.242,
10,762,1196,1226,88.0311,0.0000,0.0000,-1.0000,0.0000,756.0000,756.0000,88.0311,0.1164,4.0010,4.0011,0.1500,4.0000,1.0000,21.5459,34.6674,126.482405,5.870368,126.482405,5.870368,5.967193,5.967193,"LINESTRING (-122.268822 37.807959999999994, -122.267263 37.828714)",88.031092,-1.000000,0.116443,7.441778,7.500000,7.558222,16.159040,25.999896,756.000000,5324809.766183,21.546501,16.159876,34.668320,26.001240,20.919265,20.918688,21.196297,33.659097,33.658169,34.104842,4.067104,0.000000,21.547,21.428,21.310,21.192,21.073,20.955,16.159,20.955,21.073,21.192,21.310,21.428,
10,763,1197,6,5.8979,0.0000,0.0000,-1.0000,0.0000,3000.0000,3000.0000,5.8979,0.0020,0.4250,0.4250,0.1500,4.0000,1.0000,1.2430,2.0000,0.051933,0.041780,0.051933,0.041780,0.041790,0.041790,"LINESTRING (-122.26985 37.852968999999995, -122.26975 37.853069)",5.897871,-1.000000,0.001966,7.499017,7.500000,7.500983,0.932256,1.500000,589.787089,5957869976403.451172,1.243008,0.932256,2.000000,1.500000,1.242397,1.242397,1.242702,1.999017,1.999017,1.999508,0.425140,0.000000,1.243,1.243,1.243,1.243,1.243,1.242,0.932,1.242,1.243,1.243,1.243,1.243,
10,764,1197,1207,84.2189,0.0000,0.0000,-1.0000,0.0000,756.0000,756.0000,84.2189,0.1114,2.0010,2.0010,0.1500,4.0000,1.0000,35.4319,57.0099,99.519891,2.808765,99.519891,2.808765,2.852859,2.852859,"LINESTRING (-122.26985 37.852968999999995, -122.268178 37.870017)",84.218889,-1.000000,0.111401,7.444300,7.500000,7.555700,26.573392,42.756588,756.000000,3192865.447275,35.432724,26.574543,57.011253,42.758440,34.445917,34.445121,34.884266,55.423480,55.422200,56.128785,2.032460,0.000000,35.433,35.248,35.063,34.877,34.692,34.507,26.573,34.507,34.692,34.877,35.063,35.248,
10,765,1198,6,6.9876,0.0000,0.0000,-1.0000,0.0000,3000.0000,3000.0000,6.9876,0.0023,0.4250,0.4250,0.1500,4.0000,1.0000,1.2430,2.0000,0.061528,0.049499,0.061528,0.049499,0.049514,0.049514,"LINESTRING (-122.26985 37.852968999999995, -122.26975 37.853069)",6.987569,-1.000000,0.002329,7.498835,7.500000,7.501165,0.932256,1.500000,698.756930,3581622336308.971191,1.243008,0.932256,2.000000,1.500000,1.242284,1.242284,1.242645,1.998835,1.998835,1.999416,0.425160,0.000000,1.243,1.243,1.243,1.243,1.243,1.242,0.932,1.242,1.243,1.243,1.243,1.243,
10,766,1198,1208,78.8063,0.0000,0.0000,-1.0000,0.0000,756.0000,756.0000,78.8063,0.1042,2.0010,2.0010,0.1500,4.0000,1.0000,35.4321,57.0102,93.123984,2.628238,93.123984,2.628238,2.666564,2.666564,"LINESTRING (-122.26985 37.852968999999995, -122.268178 37.870017)",78.806340,-1.000000,0.104241,7.447879,7.500000,7.552121,26.573661,42.757020,756.000000,4190256.860178,35.432724,26.574543,57.011253,42.758440,34.509337,34.508725,34.922839,55.525523,55.524539,56.190848,2.030215,0.000000,35.433,35.261,35.089,34.917,34.745,34.574,26.574,34.574,34.745,34.917,35.089,35.261,
10,767,1199,6,6.1146,0.0000,0.0000,-1.0000,0.0000,3000.0000,3000.0000,6.1146,0.0020,0.4250,0.4250,0.1500,4.0000,1.0000,1.2430,2.0000,0.053841,0.043315,0.053841,0.043315,0.043326,0.043326,"LINESTRING (-122.26985 37.852968999999995, -122.26975 37.853069)",6.114560,-1.000000,0.002038,7.498981,7.500000,7.501019,0.932256,1.500000,611.455981,5346352970140.195312,1.243008,0.932256,2.000000,1.500000,1.242375,1.242375,1.242691,1.998981,1.998981,1.999490,0.425144,0.000000,1.243,1.243,1.243,1.243,1.243,1.242,0.932,1.242,1.243,1.243,1.243,1.243,
10,768,1199,1209,75.9748,0.0000,0.0000,-1.0000,0.0000,756.0000,756.0000,75.9748,0.1005,2.0010,2.0010,0.1500,4.0000,1.0000,35.4322,57.0104,89.777971,2.533797,89.777971,2.533797,2.569281,2.569281,"LINESTRING (-122.26985 37.852968999999995, -122.268178 37.870017)",75.974771,-1.000000,0.100496,7.449752,7.500000,7.550248,26.573781,42.757213,756.000000,4866242.693479,35.432724,26.574543,57.011253,42.758440,34.542515,34.541986,34.942835,55.578906,55.578056,56.223022,2.029054,0.000000,35.433,35.268,35.103,34.938,34.773,34.608,26.574,34.608,34.773,34.938,35.103,35.268,
10,769,1200,8,10.0297,0.0000,0.0000,-1.0000,0.0000,3000.0000,3000.0000,10.0297,0.0033,0.4254,0.4254,0.1500,4.0000,1.0000,1.2430,2.0000,0.088387,0.071107,0.088387,0.071107,0.071137,0.071137,"LINESTRING (-122.126531 37.696838, -122.126431 37.696938)",10.029708,-1.000000,0.003343,7.498328,7.500000,7.501672,0.932256,1.500000,1002.970817,1211196153311.971191,1.243008,0.932256,2.000000,1.500000,1.241969,1.241969,1.242487,1.998328,1.998328,1.999161,0.425559,0.000000,1.243,1.243,1.243,1.242,1.242,1.242,0.932,1.242,1.242,1.242,1.243,1.243,
10,770,1200,1237,142.7394,0.0000,0.0000,-1.0000,0.0000,756.0000,756.0000,142.7394,0.1888,3.0010,3.0016,0.1500,4.0000,1.0000,50.8321,81.7889,362.977380,7.140710,362.977380,7.140710,7.345700,7.345700,"LINESTRING (-122.126531 37.696838, -122.160813 37.721706)",142.739398,-1.000000,0.188809,7.405596,7.500000,7.594404,38.117729,61.331426,756.000000,541325.147692,50.841805,38.131353,81.804463,61.353348,48.441960,48.432728,49.413584,77.943114,77.928259,79.506456,3.087739,0.000000,50.842,50.349,49.856,49.363,48.870,47.811,38.118,47.811,48.870,49.363,49.856,50.349,
10,771,1201,8,4.0018,0.0000,0.0000,-1.0000,0.0000,3000.0000,3000.0000,4.0018,0.0013,0.4254,0.4254,0.1500,4.0000,1.0000,1.2430,2.0000,0.035266,0.028372,0.035266,0.028372,0.028376,0.028376,"LINESTRING (-122.126531 37.696838, -122.126431 37.696938)",4.001814,-1.000000,0.001334,7.499333,7.500000,7.500667,0.932256,1.500000,400.181440,19096990547734.628906,1.243008,0.932256,2.000000,1.500000,1.242594,1.242594,1.242801,1.999333,1.999333,1.999666,0.425452,0.000000,1.243,1.243,1.243,1.243,1.243,1.243,0.932,1.243,1.243,1.243,1.243,1.243,
10,772,1201,1238,166.0693,0.0000,0.0000,-1.0000,0.0000,756.0000,756.0000,166.0693,0.2197,3.0010,3.0020,0.1500,4.0000,1.0000,50.8241,81.7759,422.303747,8.309132,422.303747,8.309132,8.594692,8.594692,"LINESTRING (-122.126531 37.696838, -122.160813 37.721706)",166.069253,-1.000000,0.219668,7.390166,7.500000,7.609834,38.106398,61.313195,756.000000,286952.813517,50.841805,38.131353,81.804463,61.353348,48.049721,48.032945,49.135411,77.312001,77.285008,79.058877,3.105220,0.000000,50.842,50.245,49.649,49.053,48.456,45.893,38.106,45.893,48.456,49.053,49.649,50.245,
10,773,1202,8,4.9685,0.0000,0.0000,-1.0000,0.0000,3000.0000,3000.0000,4.9685,0.0017,0.4254,0.4254,0.1500,4.0000,1.0000,1.2430,2.0000,0.043785,0.035225,0.043785,0.035225,0.035232,0.035232,"LINESTRING (-122.126531 37.696838, -122.126431 37.696938)",4.968477,-1.000000,0.001656,7.499172,7.500000,7.500828,0.932256,1.500000,496.847742,9976096679632.181641,1.243008,0.932256,2.000000,1.500000,1.242493,1.242493,1.242750,1.999172,1.999172,1.999585,0.425469,0.000000,1.243,1.243,1.243,1.243,1.243,1.243,0.932,1.243,1.243,1.243,1.243,1.243,
10,774,1202,1239,146.1913,0.0000,0.0000,-1.0000,0.0000,756.0000,756.0000,146.1913,0.1934,3.0010,3.0016,0.1500,4.0000,1.0000,50.8311,81.7873,371.755477,7.313538,371.755477,7.313538,7.529491,7.529491,"LINESTRING (-122.126531 37.696838, -122.160813 37.721706)",146.191349,-1.000000,0.193375,7.403313,7.500000,7.596687,38.116363,61.329229,756.000000,489883.344797,50.841805,38.131353,81.804463,61.353348,48.383924,48.373777,49.373256,77.849733,77.833408,79.441569,3.090261,0.000000,50.842,50.334,49.826,49.318,48.810,47.537,38.116,47.537,48.810,49.318,49.826,50.334,
10,775,1203,9,0.0000,0.0000,0.0000,-1.0000,0.0000,3000.0000,3000.0000,0.0000,0.0000,0.4261,0.4261,0.1500,4.0000,1.0000,1.2430,2.0000,0.000000,0.000000,0.000000,0.000000,0.000000,0.000000,"LINESTRING (-121.874761 37.368395, -121.874661 37.368495)",0.000000,-1.000000,0.000000,7.500000,7.500000,7.500000,0.932256,1.500000,0.000000,nan,1.243008,0.932256,2.000000,1.500000,1.243008,1.243008,1.243008,2.000000,2.000000,2.000000,0.426105,0.000000,1.243,1.243,1.243,1.243,1.243,1.243,nan,1.243,1.243,1.243,1.243,1.243,
10,776,1203,1227,62.2394,0.0000,0.0000,-1.0000,0.0000,756.0000,756.0000,62.2394,0.0823,4.0010,4.0010,0.1500,4.0000,1.0000,44.8583,72.1771,186.178353,4.150362,186.178353,4.150362,4.197083,4.197083,"LINESTRING (-121.874761 37.368395, -121.89090300000001 37.409735999999995)",62.239437,-1.000000,0.082327,7.458836,7.500000,7.541164,33.643556,54.132481,756.000000,21936431.142439,44.858654,33.643991,72.177574,54.133181,43.935381,43.935078,44.358987,70.692028,70.691541,71.373611,4.046068,0.000000,44.859,44.691,44.523,44.356,44.188,44.020,33.644,44.020,44.188,44.356,44.523,44.691,
10,777,1204,13,18.1078,0.0000,0.0000,-1.0000,0.0000,3000.0000,3000.0000,18.1078,0.0060,0.4253,0.4253,0.1500,4.0000,1.0000,1.2430,2.0000,0.159529,0.128341,0.159529,0.128341,0.128438,0.128438,"LINESTRING (-122.196798 37.753504, -122.196698 37.753604)",18.107790,-1.000000,0.006036,7.496982,7.500000,7.503018,0.932256,1.500000,1810.779003,205339696741.733734,1.243008,0.932256,2.000000,1.500000,1.241132,1.241132,1.242065,1.996982,1.996982,1.998482,0.425579,0.000000,1.243,1.243,1.242,1.242,1.242,1.241,0.932,1.241,1.242,1.242,1.242,1.243,
10,778,1204,1215,161.3223,0.0000,0.0000,-1.0000,0.0000,756.0000,756.0000,161.3223,0.2134,4.0010,4.0022,0.1500,4.0000,1.0000,31.4332,50.5759,338.247482,10.760852,338.247482,10.760852,11.118046,11.118046,"LINESTRING (-122.196798 37.753504, -122.22416700000001 37.774772999999996)",161.322270,-1.000000,0.213389,7.393305,7.500000,7.606695,23.568451,37.921637,756.000000,432209.526198,31.442926,23.582195,50.591669,37.943751,29.765531,29.756276,30.423285,47.892739,47.877848,48.951065,4.135094,0.000000,31.443,31.088,30.732,30.377,30.021,28.621,23.568,28.621,30.021,30.377,30.732,31.088,
10,779,1205,13,14.3178,0.0000,0.0000,-1.0000,0.0000,3000.0000,3000.0000,14.3178,0.0048,0.4253,0.4253,0.1500,4.0000,1.0000,1.2430,2.0000,0.126139,0.101479,0.126139,0.101479,0.101539,0.101539,"LINESTRING (-122.196798 37.753504, -122.196698 37.753604)",14.317761,-1.000000,0.004773,7.497614,7.500000,7.502386,0.932256,1.500000,1431.776149,415774823536.979858,1.243008,0.932256,2.000000,1.500000,1.241525,1.241525,1.242263,1.997614,1.997614,1.998801,0.425511,0.000000,1.243,1.243,1.243,1.242,1.242,1.242,0.932,1.242,1.242,1.242,1.243,1.243,
10,780,1205,1216,161.6999,0.0000,0.0000,-1.0000,0.0000,756.0000,756.0000,161.6999,0.2139,4.0010,4.0023,0.1500,4.0000,1.0000,31.4331,50.5758,339.039269,10.786073,339.039269,10.786073,11.145107,11.145107,"LINESTRING (-122.196798 37.753504, -122.22416700000001 37.774772999999996)",161.699901,-1.000000,0.213889,7.393056,7.500000,7.606944,23.568322,37.921430,756.000000,427982.565536,31.442926,23.582195,50.591669,37.943751,29.761604,29.752264,30.420460,47.886421,47.871393,48.946519,4.135478,0.000000,31.443,31.086,30.730,30.374,30.017,28.602,23.568,28.602,30.017,30.374,30.730,31.086,
10,781,1206,13,13.2369,0.0000,0.0000,-1.0000,0.0000,3000.0000,3000.0000,13.2369,0.0044,0.4253,0.4253,0.1500,4.0000,1.0000,1.2430,2.0000,0.116616,0.093818,0.116616,0.093818,0.093870,0.093870,"LINESTRING (-122.196798 37.753504, -122.196698 37.753604)",13.236882,-1.000000,0.004412,7.497794,7.500000,7.502206,0.932256,1.500000,1323.688154,526313540683.982971,1.243008,0.932256,2.000000,1.500000,1.241637,1.241637,1.242320,1.997794,1.997794,1.998892,0.425492,0.000000,1.243,1.243,1.243,1.242,1.242,1.242,0.932,1.242,1.242,1.242,1.243,1.243,
10,782,1206,1217,161.6257,0.0000,0.0000,-1.0000,0.0000,756.0000,756.0000,161.6257,0.2138,4.0010,4.0023,0.1500,4.0000,1.0000,31.4331,50.5758,338.883786,10.781121,338.883786,10.781121,11.139792,11.139792,"LINESTRING (-122.196798 37.753504, -122.22416700000001 37.774772999999996)",161.625746,-1.000000,0.213791,7.393105,7.500000,7.606895,23.568347,37.921471,756.000000,428808.602808,31.442926,23.582195,50.591669,37.943751,29.762375,29.753052,30.421015,47.887662,47.872660,48.947412,4.135403,0.000000,31.443,31.087,30.730,30.374,30.018,28.606,23.568,28.606,30.018,30.374,30.730,31.087,
10,783,1207,16,39.3380,0.0000,0.0000,-1.0000,0.0000,3000.0000,3000.0000,39.3380,0.0131,0.4250,0.4250,0.1500,4.0000,1.0000,1.2430,2.0000,0.346356,0.278643,0.346356,0.278643,0.279106,0.279106,"LINESTRING (-122.268178 37.870017, -122.268078 37.870117)",39.338021,-1.000000,0.013113,7.493444,7.500000,7.506556,0.932256,1.500000,3000.000000,15182532154.966127,1.243008,0.932256,2.000000,1.500000,1.238933,1.238933,1.240944,1.993444,1.993444,1.996679,0.425705,0.000000,1.243,1.242,1.242,1.241,1.240,1.240,0.932,1.240,1.240,1.241,1.242,1.242,
10,784,1207,1228,47.5524,0.0000,0.0000,-1.0000,0.0000,756.0000,756.0000,47.5524,0.0629,2.0010,2.0010,0.1500,4.0000,1.0000,26.5116,42.6572,42.044091,1.585875,42.044091,1.585875,1.599237,1.599237,"LINESTRING (-122.268178 37.870017, -122.283608 37.873931999999996)",47.552373,-1.000000,0.062900,7.468550,7.500000,7.531450,19.883657,31.992804,756.000000,32715406.433684,26.511660,19.883745,42.657260,31.992945,26.094764,26.094703,26.290097,41.986475,41.986377,42.300765,2.017864,0.000000,26.512,26.438,26.363,26.289,26.215,26.141,19.884,26.141,26.215,26.289,26.363,26.438,
10,785,1208,16,35.4690,0.0000,0.0000,-1.0000,0.0000,3000.0000,3000.0000,35.4690,0.0118,0.4250,0.4250,0.1500,4.0000,1.0000,1.2430,2.0000,0.312290,0.251237,0.312290,0.251237,0.251614,0.251614,"LINESTRING (-122.268178 37.870017, -122.268078 37.870117)",35.468968,-1.000000,0.011823,7.494089,7.500000,7.505911,0.932256,1.500000,3000.000000,22994645526.223095,1.243008,0.932256,2.000000,1.500000,1.239334,1.239334,1.241149,1.994089,1.994089,1.997009,0.425634,0.000000,1.243,1.242,1.242,1.241,1.241,1.240,0.932,1.240,1.241,1.241,1.242,1.242,
10,786,1208,1229,44.8372,0.0000,0.0000,-1.0000,0.0000,756.0000,756.0000,44.8372,0.0593,2.0010,2.0010,0.1500,4.0000,1.0000,26.5116,42.6572,39.643401,1.495322,39.643401,1.495322,1.507156,1.507156,"LINESTRING (-122.268178 37.870017, -122.283608 37.873931999999996)",44.837164,-1.000000,0.059308,7.470346,7.500000,7.529654,19.883676,31.992834,756.000000,41509944.054561,26.511660,19.883745,42.657260,31.992945,26.118568,26.118520,26.303454,42.024777,42.024699,42.322258,2.016839,0.000000,26.512,26.442,26.372,26.303,26.233,26.163,19.884,26.163,26.233,26.303,26.372,26.442,
10,787,1209,16,38.1930,0.0000,0.0000,-1.0000,0.0000,3000.0000,3000.0000,38.1930,0.0127,0.4250,0.4250,0.1500,4.0000,1.0000,1.2430,2.0000,0.336274,0.270533,0.336274,0.270533,0.270969,0.270969,"LINESTRING (-122.268178 37.870017, -122.268078 37.870117)",38.193011,-1.000000,0.012731,7.493634,7.500000,7.506366,0.932256,1.500000,3000.000000,17091690719.168352,1.243008,0.932256,2.000000,1.500000,1.239052,1.239052,1.241005,1.993635,1.993635,1.996777,0.425684,0.000000,1.243,1.242,1.242,1.241,1.240,1.240,0.932,1.240,1.240,1.241,1.242,1.242,
10,788,1209,1230,41.6105,0.0000,0.0000,-1.0000,0.0000,756.0000,756.0000,41.6105,0.0550,2.0010,2.0010,0.1500,4.0000,1.0000,26.5116,42.6572,36.790469,1.387711,36.790469,1.387711,1.397856,1.397856,"LINESTRING (-122.268178 37.870017, -122.283608 37.873931999999996)",41.610463,-1.000000,0.055040,7.472480,7.500000,7.527520,19.883693,31.992863,756.000000,56155039.450367,26.511660,19.883745,42.657260,31.992945,26.146857,26.146821,26.319217,42.070293,42.070235,42.347620,2.015631,0.000000,26.512,26.447,26.383,26.319,26.254,26.190,19.884,26.190,26.254,26.319,26.383,26.447,
10,789,1210,17,21.5721,0.0000,0.0000,-1.0000,0.0000,3000.0000,3000.0000,21.5721,0.0072,0.4249,0.4249,0.1500,4.0000,1.0000,1.2430,2.0000,0.189879,0.152758,0.189879,0.152758,0.152896,0.152896,"LINESTRING (-122.316968 37.925104999999995, -122.316868 37.925205)",21.572124,-1.000000,0.007191,7.496405,7.500000,7.503595,0.932256,1.500000,2157.212382,121233652490.386673,1.243008,0.932256,2.000000,1.500000,1.240774,1.240774,1.241883,1.996405,1.996405,1.998189,0.425261,0.000000,1.243,1.243,1.242,1.242,1.242,1.241,0.932,1.241,1.242,1.242,1.242,1.243,
10,790,1210,1234,13.3685,0.0000,0.0000,-1.0000,0.0000,756.0000,756.0000,13.3685,0.0177,5.0010,5.0010,0.1500,4.0000,1.0000,25.5113,41.0477,28.426296,1.114263,28.426296,1.114263,1.116775,1.116775,"LINESTRING (-122.316968 37.925104999999995, -122.353104 37.93669499999999)",13.368485,-1.000000,0.017683,7.491158,7.500000,7.508842,19.133470,30.785752,756.000000,13565019304.268745,25.511293,19.133470,41.047671,30.785753,25.398513,25.398513,25.453906,40.866208,40.866207,40.955335,5.012275,0.000000,25.511,25.492,25.473,25.454,25.435,25.416,19.133,25.416,25.435,25.454,25.473,25.492,
10,791,1211,17,20.3846,0.0000,0.0000,-1.0000,0.0000,3000.0000,3000.0000,20.3846,0.0068,0.4249,0.4249,0.1500,4.0000,1.0000,1.2430,2.0000,0.179427,0.144349,0.179427,0.144349,0.144473,0.144473,"LINESTRING (-122.316968 37.925104999999995, -122.316868 37.925205)",20.384642,-1.000000,0.006795,7.496603,7.500000,7.503397,0.932256,1.500000,2038.464226,143721812218.421509,1.243008,0.932256,2.000000,1.500000,1.240897,1.240897,1.241945,1.996603,1.996603,1.998290,0.425240,0.000000,1.243,1.243,1.242,1.242,1.242,1.241,0.932,1.241,1.242,1.242,1.242,1.243,
10,792,1211,1235,13.0057,0.0000,0.0000,-1.0000,0.0000,756.0000,756.0000,13.0057,0.0172,5.0010,5.0010,0.1500,4.0000,1.0000,25.5113,41.0477,27.654863,1.084024,27.654863,1.084024,1.086401,1.086401,"LINESTRING (-122.316968 37.925104999999995, -122.353104 37.93669499999999)",13.005690,-1.000000,0.017203,7.491398,7.500000,7.508602,19.133470,30.785753,756.000000,15148697094.284235,25.511293,19.133470,41.047671,30.785753,25.401574,25.401574,25.455490,40.871132,40.871132,40.957883,5.011963,0.000000,25.511,25.493,25.474,25.455,25.437,25.418,19.133,25.418,25.437,25.455,25.474,25.493,
10,793,1212,17,20.0432,0.0000,0.0000,-1.0000,0.0000,3000.0000,3000.0000,20.0432,0.0067,0.4249,0.4249,0.1500,4.0000,1.0000,1.2430,2.0000,0.176422,0.141931,0.176422,0.141931,0.142051,0.142051,"LINESTRING (-122.316968 37.925104999999995, -122.316868 37.925205)",20.043234,-1.000000,0.006681,7.496659,7.500000,7.503341,0.932256,1.500000,2004.323391,151204934648.606720,1.243008,0.932256,2.000000,1.500000,1.240932,1.240932,1.241963,1.996660,1.996660,1.998319,0.425233,0.000000,1.243,1.243,1.242,1.242,1.242,1.241,0.932,1.241,1.242,1.242,1.242,1.243,
10,794,1212,1236,12.6258,0.0000,0.0000,-1.0000,0.0000,756.0000,756.0000,12.6258,0.0167,5.0010,5.0010,0.1500,4.0000,1.0000,25.5113,41.0477,26.847130,1.052363,26.847130,1.052363,1.054601,1.054601,"LINESTRING (-122.316968 37.925104999999995, -122.353104 37.93669499999999)",12.625825,-1.000000,0.016701,7.491650,7.500000,7.508350,19.133470,30.785753,756.000000,17062277670.672764,25.511293,19.133470,41.047671,30.785753,25.404778,25.404778,25.457147,40.876289,40.876288,40.960549,5.011637,0.000000,25.511,25.493,25.475,25.457,25.439,25.421,19.133,25.421,25.439,25.457,25.475,25.493,
10,795,1213,20,7.2435,0.0000,0.0000,-1.0000,0.0000,3000.0000,3000.0000,7.2435,0.0024,0.4257,0.4257,0.1500,4.0000,1.0000,1.2430,2.0000,0.063879,0.051391,0.063879,0.051391,0.051407,0.051407,"LINESTRING (-121.97670500000001 37.557413, -121.976605 37.557513)",7.243465,-1.000000,0.002414,7.498793,7.500000,7.501207,0.932256,1.500000,724.346469,3220015514055.217773,1.243008,0.932256,2.000000,1.500000,1.242258,1.242258,1.242632,1.998793,1.998793,1.999395,0.425818,0.000000,1.243,1.243,1.243,1.243,1.243,1.242,0.932,1.242,1.243,1.243,1.243,1.243,
10,796,1213,1243,168.0435,0.0000,0.0000,-1.0000,0.0000,756.0000,756.0000,168.0435,0.2223,5.0010,5.0028,0.1500,4.0000,1.0000,38.3632,61.7264,537.528728,14.011558,537.528728,14.011558,14.499977,14.499977,"LINESTRING (-121.97670500000001 37.557413, -122.01733 37.590664999999994)",168.043546,-1.000000,0.222280,7.388860,7.500000,7.611140,28.763215,46.280014,756.000000,454972.861648,38.377285,28.782964,61.749052,46.311789,36.244661,36.231394,37.071004,58.317660,58.296313,59.647246,5.177221,0.000000,38.377,37.920,37.463,37.006,36.549,34.524,28.763,34.524,36.549,37.006,37.463,37.920,
10,797,1214,20,0.0000,0.0000,0.0000,-1.0000,0.0000,3000.0000,3000.0000,0.0000,0.0000,0.4257,0.4257,0.1500,4.0000,1.0000,1.2430,2.0000,0.000000,0.000000,0.000000,0.000000,0.000000,0.000000,"LINESTRING (-121.97670500000001 37.557413, -121.976605 37.557513)",0.000000,-1.000000,0.000000,7.500000,7.500000,7.500000,0.932256,1.500000,0.000000,nan,1.243008,0.932256,2.000000,1.500000,1.243008,1.243008,1.243008,2.000000,2.000000,2.000000,0.425689,0.000000,1.243,1.243,1.243,1.243,1.243,1.243,nan,1.243,1.243,1.243,1.243,1.243,
10,798,1214,1244,47.9565,0.0000,0.0000,-1.0000,0.0000,756.0000,756.0000,47.9565,0.0634,5.0010,5.0010,0.1500,4.0000,1.0000,38.3772,61.7489,153.400547,3.997180,153.400547,3.997180,4.031163,4.031163,"LINESTRING (-121.97670500000001 37.557413, -122.01733 37.590664999999994)",47.956454,-1.000000,0.063434,7.468283,7.500000,7.531717,28.782833,46.311578,756.000000,79008536.955961,38.377285,28.782964,61.749052,46.311789,37.768674,37.768583,38.053670,60.769797,60.769649,61.228356,5.043529,0.000000,38.377,38.269,38.161,38.052,37.944,37.836,28.783,37.836,37.944,38.052,38.161,38.269,
10,799,1215,21,23.9108,0.0000,0.0000,-1.0000,0.0000,3000.0000,3000.0000,23.9108,0.0080,0.4252,0.4252,0.1500,4.0000,1.0000,1.2430,2.0000,0.210629,0.169451,0.210629,0.169451,0.169622,0.169622,"LINESTRING (-122.22416700000001 37.774772999999996, -122.224067 37.774873)",23.910772,-1.000000,0.007970,7.496015,7.500000,7.503985,0.932256,1.500000,2391.077189,89044036427.426437,1.243008,0.932256,2.000000,1.500000,1.240531,1.240531,1.241760,1.996015,1.996015,1.997992,0.425636,0.000000,1.243,1.243,1.242,1.242,1.241,1.241,0.932,1.241,1.241,1.242,1.242,1.243,
10,800,1215,1221,165.5416,0.0000,0.0000,-1.0000,0.0000,756.0000,756.0000,165.5416,0.2190,4.0010,4.0024,0.1500,4.0000,1.0000,40.9703,65.9212,452.421600,11.042676,452.421600,11.042676,11.420734,11.420734,"LINESTRING (-122.22416700000001 37.774772999999996, -122.265332 37.797256999999995)",165.541646,-1.000000,0.218970,7.390515,7.500000,7.609485,30.718450,49.425986,756.000000,387731.092522,40.984417,30.738313,65.943927,49.457945,38.740823,38.727468,39.614055,62.333984,62.312496,63.739015,4.139406,0.000000,40.984,40.506,40.027,39.548,39.069,37.029,30.718,37.029,39.069,39.548,40.027,40.506,
10,801,1216,21,14.9190,0.0000,0.0000,-1.0000,0.0000,3000.0000,3000.0000,14.9190,0.0050,0.4252,0.4252,0.1500,4.0000,1.0000,1.2430,2.0000,0.131421,0.105728,0.131421,0.105728,0.105794,0.105794,"LINESTRING (-122.22416700000001 37.774772999999996, -122.224067 37.774873)",14.918964,-1.000000,0.004973,7.497514,7.500000,7.502486,0.932256,1.500000,1491.896380,367412452236.962585,1.243008,0.932256,2.000000,1.500000,1.241463,1.241463,1.242232,1.997514,1.997514,1.998751,0.425475,0.000000,1.243,1.243,1.242,1.242,1.242,1.242,0.932,1.242,1.242,1.242,1.242,1.243,
10,802,1216,1222,161.2791,0.0000,0.0000,-1.0000,0.0000,756.0000,756.0000,161.2791,0.2133,4.0010,4.0022,0.1500,4.0000,1.0000,40.9717,65.9234,440.772283,10.757972,440.772283,10.757972,11.114957,11.114957,"LINESTRING (-122.22416700000001 37.774772999999996, -122.265332 37.797256999999995)",161.279146,-1.000000,0.213332,7.393334,7.500000,7.606666,30.720417,49.429151,756.000000,432695.484827,40.984417,30.738313,65.943927,49.457945,38.798593,38.786543,39.655781,62.426936,62.407547,63.806151,4.135050,0.000000,40.984,40.521,40.058,39.595,39.132,37.309,30.720,37.309,39.132,39.595,40.058,40.521,
10,803,1217,21,15.1612,0.0000,0.0000,-1.0000,0.0000,3000.0000,3000.0000,15.1612,0.0051,0.4252,0.4252,0.1500,4.0000,1.0000,1.2430,2.0000,0.133554,0.107445,0.133554,0.107445,0.107513,0.107513,"LINESTRING (-122.22416700000001 37.774772999999996, -122.224067 37.774873)",15.161192,-1.000000,0.005054,7.497473,7.500000,7.502527,0.932256,1.500000,1516.119230,350060668668.384033,1.243008,0.932256,2.000000,1.500000,1.241438,1.241438,1.242219,1.997473,1.997473,1.998730,0.425479,0.000000,1.243,1.243,1.242,1.242,1.242,1.242,0.932,1.242,1.242,1.242,1.242,1.243,
10,804,1217,1223,169.4968,0.0000,0.0000,-1.0000,0.0000,756.0000,756.0000,169.4968,0.2242,4.0010,4.0025,0.1500,4.0000,1.0000,40.9689,65.9189,463.230988,11.306896,463.230988,11.306896,11.705138,11.705138,"LINESTRING (-122.22416700000001 37.774772999999996, -122.265332 37.797256999999995)",169.496816,-1.000000,0.224202,7.387899,7.500000,7.612101,30.716484,49.422823,756.000000,351025.086179,40.984417,30.738313,65.943927,49.457945,38.687218,38.672561,39.575013,62.247735,62.224151,63.676196,4.143490,0.000000,40.984,40.491,39.997,39.504,39.010,36.777,30.716,36.777,39.010,39.504,39.997,40.491,
10,805,1218,23,2.3145,0.0000,0.0000,-1.0000,0.0000,3000.0000,3000.0000,2.3145,0.0008,0.4254,0.4254,0.1500,4.0000,1.0000,1.2430,2.0000,0.020400,0.016412,0.020400,0.016412,0.016413,0.016413,"LINESTRING (-122.087041 37.669630999999995, -122.086941 37.669731)",2.314548,-1.000000,0.000772,7.499614,7.500000,7.500386,0.932256,1.500000,231.454804,98760196165587.875000,1.243008,0.932256,2.000000,1.500000,1.242768,1.242768,1.242888,1.999614,1.999614,1.999807,0.425482,0.000000,1.243,1.243,1.243,1.243,1.243,1.243,0.932,1.243,1.243,1.243,1.243,1.243,
10,806,1218,1200,113.0586,0.0000,0.0000,-1.0000,0.0000,756.0000,756.0000,113.0586,0.1495,4.0010,4.0013,0.1500,4.0000,1.0000,42.9394,69.0896,323.749994,7.539688,323.749994,7.539688,7.704774,7.704774,"LINESTRING (-122.087041 37.669630999999995, -122.126531 37.696838)",113.058568,-1.000000,0.149548,7.425226,7.500000,7.574774,32.202469,51.813772,756.000000,1900839.882367,42.942665,32.206999,69.094748,51.821061,41.337164,41.334063,42.019401,66.511496,66.506507,67.609216,4.088911,0.000000,42.943,42.628,42.313,41.999,41.684,41.369,32.202,41.369,41.684,41.999,42.313,42.628,
10,807,1219,23,15.3412,0.0000,0.0000,-1.0000,0.0000,3000.0000,3000.0000,15.3412,0.0051,0.4254,0.4254,0.1500,4.0000,1.0000,1.2430,2.0000,0.135214,0.108780,0.135214,0.108780,0.108850,0.108850,"LINESTRING (-122.087041 37.669630999999995, -122.086941 37.669731)",15.341196,-1.000000,0.005114,7.497443,7.500000,7.502557,0.932256,1.500000,1534.119575,338051865171.175659,1.243008,0.932256,2.000000,1.500000,1.241419,1.241419,1.242210,1.997443,1.997443,1.998715,0.425715,0.000000,1.243,1.243,1.242,1.242,1.242,1.242,0.932,1.242,1.242,1.242,1.242,1.243,
10,808,1219,1201,157.1354,0.0000,0.0000,-1.0000,0.0000,756.0000,756.0000,157.1354,0.2079,4.0010,4.0021,0.1500,4.0000,1.0000,42.9306,69.0754,449.966531,10.481243,449.966531,10.481243,10.818405,10.818405,"LINESTRING (-122.087041 37.669630999999995, -122.126531 37.696838)",157.135359,-1.000000,0.207851,7.396074,7.500000,7.603926,32.190101,51.793873,756.000000,482681.619377,42.942665,32.206999,69.094748,51.821061,40.711246,40.699852,41.592686,65.504395,65.486061,66.922632,4.130861,0.000000,42.943,42.473,42.004,41.534,41.065,39.382,32.190,39.382,41.065,41.534,42.004,42.473,
10,809,1220,23,9.3443,0.0000,0.0000,-1.0000,0.0000,3000.0000,3000.0000,9.3443,0.0031,0.4254,0.4254,0.1500,4.0000,1.0000,1.2430,2.0000,0.082358,0.066257,0.082358,0.066257,0.066283,0.066283,"LINESTRING (-122.087041 37.669630999999995, -122.086941 37.669731)",9.344256,-1.000000,0.003115,7.498443,7.500000,7.501557,0.932256,1.500000,934.425621,1498239451867.973389,1.243008,0.932256,2.000000,1.500000,1.242040,1.242040,1.242523,1.998443,1.998443,1.999219,0.425607,0.000000,1.243,1.243,1.243,1.243,1.242,1.242,0.932,1.242,1.242,1.243,1.243,1.243,
10,810,1220,1202,129.8061,0.0000,0.0000,-1.0000,0.0000,756.0000,756.0000,129.8061,0.1717,4.0010,4.0015,0.1500,4.0000,1.0000,42.9371,69.0857,371.707482,8.657030,371.707482,8.657030,8.879389,8.879389,"LINESTRING (-122.087041 37.669630999999995, -122.126531 37.696838)",129.806074,-1.000000,0.171701,7.414149,7.500000,7.585851,32.199128,51.808397,756.000000,1072103.086405,42.942665,32.206999,69.094748,51.821061,41.099339,41.093981,41.861831,66.128836,66.120216,67.355687,4.104302,0.000000,42.943,42.572,42.201,41.830,41.459,41.061,32.199,41.061,41.459,41.830,42.201,42.572,
10,811,1221,25,19.8854,0.0000,0.0000,-1.0000,0.0000,3000.0000,3000.0000,19.8854,0.0066,0.4252,0.4252,0.1500,4.0000,1.0000,1.2430,2.0000,0.175149,0.140908,0.175149,0.140908,0.141025,0.141025,"LINESTRING (-122.265332 37.797256999999995, -122.265232 37.797357)",19.885418,-1.000000,0.006628,7.496686,7.500000,7.503314,0.932256,1.500000,1988.541818,154942910326.823761,1.243008,0.932256,2.000000,1.500000,1.240948,1.240948,1.241971,1.996686,1.996686,1.998332,0.425514,0.000000,1.243,1.243,1.242,1.242,1.242,1.241,0.932,1.241,1.242,1.242,1.242,1.243,
10,812,1221,1191,152.0071,0.0000,0.0000,-1.0000,0.0000,756.0000,756.0000,152.0071,0.2011,3.0010,3.0017,0.1500,4.0000,1.0000,10.9304,17.5870,83.122737,7.604754,83.122737,7.604754,7.839921,7.839921,"LINESTRING (-122.265332 37.797256999999995, -122.27168900000001 37.803371)",152.007135,-1.000000,0.201068,7.399466,7.500000,7.600534,8.196016,13.187389,756.000000,416086.135963,10.933044,8.199783,17.591268,13.193451,10.383474,10.380929,10.602497,16.707010,16.702915,17.059418,3.094560,0.000000,10.933,10.818,10.704,10.589,10.474,10.119,8.196,10.119,10.474,10.589,10.704,10.818,
10,813,1222,25,15.8365,0.0000,0.0000,-1.0000,0.0000,3000.0000,3000.0000,15.8365,0.0053,0.4252,0.4252,0.1500,4.0000,1.0000,1.2430,2.0000,0.139487,0.112217,0.139487,0.112217,0.112292,0.112292,"LINESTRING (-122.265332 37.797256999999995, -122.265232 37.797357)",15.836529,-1.000000,0.005279,7.497361,7.500000,7.502639,0.932256,1.500000,1583.652855,307071014855.230774,1.243008,0.932256,2.000000,1.500000,1.241368,1.241368,1.242184,1.997361,1.997361,1.998673,0.425441,0.000000,1.243,1.243,1.242,1.242,1.242,1.242,0.932,1.242,1.242,1.242,1.242,1.243,
10,814,1222,1192,149.1297,0.0000,0.0000,-1.0000,0.0000,756.0000,756.0000,149.1297,0.1973,3.0010,3.0017,0.1500,4.0000,1.0000,10.9306,17.5873,81.549244,7.460663,81.549244,7.460663,7.686207,7.686207,"LINESTRING (-122.265332 37.797256999999995, -122.27168900000001 37.803371)",149.129676,-1.000000,0.197261,7.401369,7.500000,7.598631,8.196293,13.187835,756.000000,450753.411276,10.933044,8.199783,17.591268,13.193451,10.393877,10.391517,10.609817,16.723749,16.719951,17.071195,3.092425,0.000000,10.933,10.821,10.709,10.597,10.485,10.171,8.196,10.171,10.485,10.597,10.709,10.821,
10,815,1223,25,18.5957,0.0000,0.0000,-1.0000,0.0000,3000.0000,3000.0000,18.5957,0.0062,0.4252,0.4252,0.1500,4.0000,1.0000,1.2430,2.0000,0.163789,0.131769,0.163789,0.131769,0.131871,0.131871,"LINESTRING (-122.265332 37.797256999999995, -122.265232 37.797357)",18.595662,-1.000000,0.006199,7.496901,7.500000,7.503099,0.932256,1.500000,1859.566178,189531824035.275116,1.243008,0.932256,2.000000,1.500000,1.241082,1.241082,1.242039,1.996901,1.996901,1.998441,0.425491,0.000000,1.243,1.243,1.242,1.242,1.242,1.241,0.932,1.241,1.242,1.242,1.242,1.243,
10,816,1223,1193,157.8632,0.0000,0.0000,-1.0000,0.0000,756.0000,756.0000,157.8632,0.2088,3.0010,3.0019,0.1500,4.0000,1.0000,10.9299,17.5863,86.325029,7.898042,86.325029,7.898042,8.153511,8.153511,"LINESTRING (-122.265332 37.797256999999995, -122.27168900000001 37.803371)",157.863189,-1.000000,0.208814,7.395593,7.500000,7.604407,8.195401,13.186400,756.000000,355086.308134,10.933044,8.199783,17.591268,13.193451,10.362302,10.359348,10.587467,16.672944,16.668190,17.035234,3.098953,0.000000,10.933,10.813,10.693,10.572,10.452,10.014,8.195,10.014,10.452,10.572,10.693,10.813,
10,817,1224,26,17.2197,0.0000,0.0000,-1.0000,0.0000,3000.0000,3000.0000,17.2197,0.0057,0.4251,0.4251,0.1500,4.0000,1.0000,1.2430,2.0000,0.151645,0.121999,0.151645,0.121999,0.122087,0.122087,"LINESTRING (-122.267263 37.828714, -122.267163 37.828814)",17.219716,-1.000000,0.005740,7.497130,7.500000,7.502870,0.932256,1.500000,1721.971642,238736310633.878265,1.243008,0.932256,2.000000,1.500000,1.241224,1.241224,1.242111,1.997130,1.997130,1.998557,0.425396,0.000000,1.243,1.243,1.242,1.242,1.242,1.242,0.932,1.242,1.242,1.242,1.242,1.243,
10,818,1224,1197,82.7701,0.0000,0.0000,-1.0000,0.0000,756.0000,756.0000,82.7701,0.1095,4.0010,4.0011,0.1500,4.0000,1.0000,25.2254,40.5877,139.231965,5.519507,139.231965,5.519507,5.604499,5.604499,"LINESTRING (-122.267263 37.828714, -122.26985 37.852968999999995)",82.770121,-1.000000,0.109484,7.445258,7.500000,7.554742,18.918721,30.440222,756.000000,6854278.101373,25.225981,18.919486,40.588603,30.441452,24.535519,24.534990,24.842894,39.477649,39.476799,39.972217,4.062697,0.000000,25.226,25.097,24.968,24.838,24.709,24.580,18.919,24.580,24.709,24.838,24.968,25.097,
10,819,1225,26,14.8992,0.0000,0.0000,-1.0000,0.0000,3000.0000,3000.0000,14.8992,0.0050,0.4251,0.4251,0.1500,4.0000,1.0000,1.2430,2.0000,0.131210,0.105558,0.131210,0.105558,0.105624,0.105624,"LINESTRING (-122.267263 37.828714, -122.267163 37.828814)",14.899210,-1.000000,0.004966,7.497517,7.500000,7.502483,0.932256,1.500000,1489.921027,368774052666.499695,1.243008,0.932256,2.000000,1.500000,1.241465,1.241465,1.242233,1.997517,1.997517,1.998752,0.425355,0.000000,1.243,1.243,1.242,1.242,1.242,1.242,0.932,1.242,1.242,1.242,1.242,1.243,
10,820,1225,1198,76.3872,0.0000,0.0000,-1.0000,0.0000,756.0000,756.0000,76.3872,0.1010,4.0010,4.0011,0.1500,4.0000,1.0000,25.2256,40.5880,128.494837,5.093830,128.494837,5.093830,5.165592,5.165592,"LINESTRING (-122.267263 37.828714, -122.26985 37.852968999999995)",76.387152,-1.000000,0.101041,7.449479,7.500000,7.550521,18.918931,30.440560,756.000000,9517219.469418,25.225981,18.919486,40.588603,30.441452,24.588765,24.588380,24.875141,39.563323,39.562704,40.024103,4.057430,0.000000,25.226,25.108,24.990,24.872,24.753,24.635,18.919,24.635,24.753,24.872,24.990,25.108,
10,821,1226,26,16.4435,0.0000,0.0000,-1.0000,0.0000,3000.0000,3000.0000,16.4435,0.0055,0.4251,0.4251,0.1500,4.0000,1.0000,1.2430,2.0000,0.144810,0.116499,0.144810,0.116499,0.116580,0.116580,"LINESTRING (-122.267263 37.828714, -122.267163 37.828814)",16.443495,-1.000000,0.005481,7.497259,7.500000,7.502741,0.932256,1.500000,1644.349544,274219862179.266937,1.243008,0.932256,2.000000,1.500000,1.241305,1.241305,1.242152,1.997260,1.997260,1.998622,0.425382,0.000000,1.243,1.243,1.242,1.242,1.242,1.242,0.932,1.242,1.242,1.242,1.242,1.243,
10,822,1226,1199,76.8427,0.0000,0.0000,-1.0000,0.0000,756.0000,756.0000,76.8427,0.1016,4.0010,4.0011,0.1500,4.0000,1.0000,25.2256,40.5880,129.261186,5.124211,129.261186,5.124211,5.196878,5.196878,"LINESTRING (-122.267263 37.828714, -122.26985 37.852968999999995)",76.842728,-1.000000,0.101644,7.449178,7.500000,7.550822,18.918918,30.440538,756.000000,9288755.064849,25.225981,18.919486,40.588603,30.441452,24.584964,24.584571,24.872855,39.557208,39.556575,40.020424,4.057803,0.000000,25.226,25.107,24.988,24.869,24.750,24.631,18.919,24.631,24.750,24.869,24.988,25.107,
10,823,1227,28,0.5840,0.0000,0.0000,-1.0000,0.0000,3000.0000,3000.0000,0.5840,0.0002,0.4260,0.4260,0.1500,4.0000,1.0000,1.2430,2.0000,0.005155,0.004147,0.005155,0.004147,0.004147,0.004147,"LINESTRING (-121.89090300000001 37.409735999999995, -121.890803 37.409836)",0.584042,-1.000000,0.000195,7.499903,7.500000,7.500097,0.932256,1.500000,58.404197,6157731186099254.000000,1.243008,0.932256,2.000000,1.500000,1.242948,1.242948,1.242978,1.999903,1.999903,1.999951,0.426024,0.000000,1.243,1.243,1.243,1.243,1.243,1.243,0.932,1.243,1.243,1.243,1.243,1.243,
10,824,1227,1245,95.9374,0.0000,0.0000,-1.0000,0.0000,756.0000,756.0000,95.9374,0.1269,8.0010,8.0013,0.1500,4.0000,1.0000,51.9171,83.5347,664.214885,12.793753,664.214885,12.793753,13.026168,13.026168,"LINESTRING (-121.89090300000001 37.409735999999995, -121.939458 37.502207)",95.937420,-1.000000,0.126901,7.436549,7.500000,7.563451,38.936521,62.648862,756.000000,7480210.364280,51.919147,38.939361,83.537908,62.653431,50.271995,50.270039,50.990810,80.887640,80.884494,82.044214,8.146666,0.000000,51.919,51.605,51.290,50.976,50.661,50.347,38.937,50.347,50.661,50.976,51.290,51.605,
10,825,1228,30,10.0397,0.0000,0.0000,-1.0000,0.0000,3000.0000,3000.0000,10.0397,0.0033,0.4250,0.4250,0.1500,4.0000,1.0000,1.2430,2.0000,0.088393,0.071113,0.088393,0.071113,0.071142,0.071142,"LINESTRING (-122.283608 37.873931999999996, -122.283508 37.874032)",10.039665,-1.000000,0.003347,7.498327,7.500000,7.501673,0.932256,1.500000,1003.966516,1206481035204.697021,1.243008,0.932256,2.000000,1.500000,1.241968,1.241968,1.242486,1.998327,1.998327,1.999161,0.425168,0.000000,1.243,1.243,1.243,1.242,1.242,1.242,0.932,1.242,1.242,1.242,1.243,1.243,
10,826,1228,1231,39.8503,0.0000,0.0000,-1.0000,0.0000,756.0000,756.0000,39.8503,0.0527,3.0010,3.0010,0.1500,4.0000,1.0000,42.9325,69.0784,85.572203,1.993180,85.572203,1.993180,2.007100,2.007100,"LINESTRING (-122.283608 37.873931999999996, -122.298995 37.902533)",39.850274,-1.000000,0.052712,7.473644,7.500000,7.526356,32.199341,51.808740,756.000000,100300777.326959,42.932549,32.199411,69.078471,51.808853,42.366783,42.366734,42.634752,68.168154,68.168075,68.599316,3.021961,0.000000,42.933,42.833,42.733,42.634,42.534,42.435,32.199,42.435,42.534,42.634,42.733,42.833,
10,827,1229,30,7.6583,0.0000,0.0000,-1.0000,0.0000,3000.0000,3000.0000,7.6583,0.0026,0.4250,0.4250,0.1500,4.0000,1.0000,1.2430,2.0000,0.067427,0.054245,0.067427,0.054245,0.054262,0.054262,"LINESTRING (-122.283608 37.873931999999996, -122.283508 37.874032)",7.658323,-1.000000,0.002553,7.498724,7.500000,7.501276,0.932256,1.500000,765.832315,2719797873477.030273,1.243008,0.932256,2.000000,1.500000,1.242215,1.242215,1.242610,1.998724,1.998724,1.999360,0.425125,0.000000,1.243,1.243,1.243,1.243,1.242,1.242,0.932,1.242,1.242,1.243,1.243,1.243,
10,828,1229,1232,38.4912,0.0000,0.0000,-1.0000,0.0000,756.0000,756.0000,38.4912,0.0509,3.0010,3.0010,0.1500,4.0000,1.0000,42.9325,69.0784,82.653716,1.925201,82.653716,1.925201,1.938163,1.938163,"LINESTRING (-122.283608 37.873931999999996, -122.298995 37.902533)",38.491159,-1.000000,0.050914,7.474543,7.500000,7.525457,32.199351,51.808755,756.000000,115401317.083154,42.932549,32.199411,69.078471,51.808853,42.386079,42.386036,42.645400,68.199201,68.199133,68.616449,3.021207,0.000000,42.933,42.837,42.741,42.645,42.549,42.453,32.199,42.453,42.549,42.645,42.741,42.837,
10,829,1230,30,8.3020,0.0000,0.0000,-1.0000,0.0000,3000.0000,3000.0000,8.3020,0.0028,0.4250,0.4250,0.1500,4.0000,1.0000,1.2430,2.0000,0.073094,0.058804,0.073094,0.058804,0.058825,0.058825,"LINESTRING (-122.283608 37.873931999999996, -122.283508 37.874032)",8.302012,-1.000000,0.002767,7.498616,7.500000,7.501384,0.932256,1.500000,830.201169,2134605135754.543945,1.243008,0.932256,2.000000,1.500000,1.242148,1.242148,1.242577,1.998616,1.998616,1.999306,0.425137,0.000000,1.243,1.243,1.243,1.243,1.242,1.242,0.932,1.242,1.242,1.243,1.243,1.243,
10,830,1230,1233,36.6586,0.0000,0.0000,-1.0000,0.0000,756.0000,756.0000,36.6586,0.0485,3.0010,3.0010,0.1500,4.0000,1.0000,42.9325,69.0784,78.718512,1.833541,78.718512,1.833541,1.845266,1.845266,"LINESTRING (-122.283608 37.873931999999996, -122.298995 37.902533)",36.658566,-1.000000,0.048490,7.475755,7.500000,7.524245,32.199361,51.808772,756.000000,140537920.226488,42.932549,32.199411,69.078471,51.808853,42.412097,42.412062,42.659703,68.241064,68.241007,68.639462,3.020194,0.000000,42.933,42.841,42.750,42.659,42.568,42.477,32.199,42.477,42.568,42.659,42.750,42.841,
10,831,1231,37,6.9133,0.0000,0.0000,-1.0000,0.0000,3000.0000,3000.0000,6.9133,0.0023,0.4249,0.4249,0.1500,4.0000,1.0000,1.2430,2.0000,0.060858,0.048961,0.060858,0.048961,0.048975,0.048975,"LINESTRING (-122.298995 37.902533, -122.298895 37.902633)",6.913295,-1.000000,0.002304,7.498848,7.500000,7.501152,0.932256,1.500000,691.329485,3697420499383.592773,1.243008,0.932256,2.000000,1.500000,1.242292,1.242292,1.242649,1.998848,1.998848,1.999423,0.425049,0.000000,1.243,1.243,1.243,1.243,1.243,1.242,0.932,1.242,1.243,1.243,1.243,1.243,
10,832,1231,1210,32.9370,0.0000,0.0000,-1.0000,0.0000,756.0000,756.0000,32.9370,0.0436,3.0010,3.0010,0.1500,4.0000,1.0000,36.8309,59.2610,60.675232,1.647399,60.675232,1.647399,1.656814,1.656814,"LINESTRING (-122.298995 37.902533, -122.316968 37.925104999999995)",32.936980,-1.000000,0.043567,7.478216,7.500000,7.521784,27.623186,44.445706,756.000000,216500922.788442,36.830952,27.623214,59.261001,44.445751,36.429794,36.429774,36.621633,58.615539,58.615507,58.924208,3.018153,0.000000,36.831,36.761,36.691,36.621,36.551,36.481,27.623,36.481,36.551,36.621,36.691,36.761,
10,833,1232,37,6.2257,0.0000,0.0000,-1.0000,0.0000,3000.0000,3000.0000,6.2257,0.0021,0.4249,0.4249,0.1500,4.0000,1.0000,1.2430,2.0000,0.054805,0.044091,0.054805,0.044091,0.044102,0.044102,"LINESTRING (-122.298995 37.902533, -122.298895 37.902633)",6.225671,-1.000000,0.002075,7.498962,7.500000,7.501038,0.932256,1.500000,622.567088,5063729191421.907227,1.243008,0.932256,2.000000,1.500000,1.242363,1.242363,1.242685,1.998962,1.998962,1.999480,0.425036,0.000000,1.243,1.243,1.243,1.243,1.243,1.242,0.932,1.242,1.243,1.243,1.243,1.243,
10,834,1232,1211,32.2655,0.0000,0.0000,-1.0000,0.0000,756.0000,756.0000,32.2655,0.0427,3.0010,3.0010,0.1500,4.0000,1.0000,36.8309,59.2610,59.438237,1.613813,59.438237,1.613813,1.622839,1.622839,"LINESTRING (-122.298995 37.902533, -122.316968 37.925104999999995)",32.265488,-1.000000,0.042679,7.478660,7.500000,7.521340,27.623188,44.445709,756.000000,235259606.567710,36.830952,27.623214,59.261001,44.445751,36.437973,36.437955,36.626075,58.628698,58.628669,58.931355,3.017787,0.000000,36.831,36.763,36.694,36.626,36.557,36.489,27.623,36.489,36.557,36.626,36.694,36.763,
10,835,1233,37,6.8610,0.0000,0.0000,-1.0000,0.0000,3000.0000,3000.0000,6.8610,0.0023,0.4249,0.4249,0.1500,4.0000,1.0000,1.2430,2.0000,0.060398,0.048591,0.060398,0.048591,0.048604,0.048604,"LINESTRING (-122.298995 37.902533, -122.298895 37.902633)",6.861034,-1.000000,0.002287,7.498856,7.500000,7.501144,0.932256,1.500000,686.103427,3782605136023.047363,1.243008,0.932256,2.000000,1.500000,1.242297,1.242297,1.242652,1.998857,1.998857,1.999427,0.425048,0.000000,1.243,1.243,1.243,1.243,1.243,1.242,0.932,1.242,1.243,1.243,1.243,1.243,
10,836,1233,1212,29.7975,0.0000,0.0000,-1.0000,0.0000,756.0000,756.0000,29.7975,0.0394,3.0010,3.0010,0.1500,4.0000,1.0000,36.8309,59.2610,54.891864,1.490374,54.891864,1.490374,1.498045,1.498045,"LINESTRING (-122.298995 37.902533, -122.316968 37.925104999999995)",29.797532,-1.000000,0.039415,7.480293,7.500000,7.519707,27.623195,44.445721,756.000000,324264203.483070,36.830952,27.623214,59.261001,44.445751,36.468031,36.468018,36.642339,58.677062,58.677041,58.957523,3.016447,0.000000,36.831,36.768,36.705,36.642,36.579,36.516,27.623,36.516,36.579,36.642,36.705,36.768,
10,837,1234,39,13.3685,0.0000,0.0000,-1.0000,0.0000,3000.0000,3000.0000,13.3685,0.0045,0.4249,0.4249,0.1500,4.0000,1.0000,1.2430,2.0000,0.117663,0.094660,0.117663,0.094660,0.094713,0.094713,"LINESTRING (-122.353104 37.93669499999999, -122.353004 37.936795)",13.368485,-1.000000,0.004456,7.497772,7.500000,7.502228,0.932256,1.500000,1336.848455,510418410672.206909,1.243008,0.932256,2.000000,1.500000,1.241623,1.241623,1.242313,1.997772,1.997772,1.998881,0.425088,0.000000,1.243,1.243,1.243,1.242,1.242,1.242,0.932,1.242,1.242,1.242,1.243,1.243,
10,838,1235,39,13.0057,0.0000,0.0000,-1.0000,0.0000,3000.0000,3000.0000,13.0057,0.0043,0.4249,0.4249,0.1500,4.0000,1.0000,1.2430,2.0000,0.114470,0.092091,0.114470,0.092091,0.092141,0.092141,"LINESTRING (-122.353104 37.93669499999999, -122.353004 37.936795)",13.005690,-1.000000,0.004335,7.497832,7.500000,7.502168,0.932256,1.500000,1300.569024,554386001480.123779,1.243008,0.932256,2.000000,1.500000,1.241661,1.241661,1.242332,1.997832,1.997832,1.998912,0.425082,0.000000,1.243,1.243,1.243,1.242,1.242,1.242,0.932,1.242,1.242,1.242,1.243,1.243,
10,839,1236,39,12.6258,0.0000,0.0000,-1.0000,0.0000,3000.0000,3000.0000,12.6258,0.0042,0.4249,0.4249,0.1500,4.0000,1.0000,1.2430,2.0000,0.111127,0.089401,0.111127,0.089401,0.089449,0.089449,"LINESTRING (-122.353104 37.93669499999999, -122.353004 37.936795)",12.625825,-1.000000,0.004209,7.497896,7.500000,7.502104,0.932256,1.500000,1262.582521,606002785422.712280,1.243008,0.932256,2.000000,1.500000,1.241700,1.241700,1.242351,1.997896,1.997896,1.998944,0.425075,0.000000,1.243,1.243,1.243,1.242,1.242,1.242,0.932,1.242,1.242,1.242,1.243,1.243,
10,840,1237,41,13.1158,0.0000,0.0000,-1.0000,0.0000,3000.0000,3000.0000,13.1158,0.0044,0.4253,0.4253,0.1500,4.0000,1.0000,1.2430,2.0000,0.115568,0.092975,0.115568,0.092975,0.093026,0.093026,"LINESTRING (-122.160813 37.721706, -122.160713 37.721806)",13.115772,-1.000000,0.004372,7.497814,7.500000,7.502186,0.932256,1.500000,1311.577223,541134206738.375610,1.243008,0.932256,2.000000,1.500000,1.241650,1.241650,1.242326,1.997814,1.997814,1.998902,0.425560,0.000000,1.243,1.243,1.243,1.242,1.242,1.242,0.932,1.242,1.242,1.242,1.243,1.243,
10,841,1237,1204,163.7692,0.0000,0.0000,-1.0000,0.0000,756.0000,756.0000,163.7692,0.2166,4.0010,4.0023,0.1500,4.0000,1.0000,44.2097,71.1334,482.959472,10.924282,482.959472,10.924282,11.293492,11.293492,"LINESTRING (-122.160813 37.721706, -122.196798 37.753504)",163.769167,-1.000000,0.216626,7.391687,7.500000,7.608313,33.147715,53.334674,756.000000,405698.585626,44.224327,33.168245,71.156942,53.367707,41.829294,41.815481,42.764405,67.303333,67.281109,68.807928,4.137589,0.000000,44.224,43.715,43.205,42.696,42.186,40.081,33.148,40.081,42.186,42.696,43.205,43.715,
10,842,1238,41,13.6733,0.0000,0.0000,-1.0000,0.0000,3000.0000,3000.0000,13.6733,0.0046,0.4253,0.4253,0.1500,4.0000,1.0000,1.2430,2.0000,0.120481,0.096927,0.120481,0.096927,0.096982,0.096982,"LINESTRING (-122.160813 37.721706, -122.160713 37.721806)",13.673319,-1.000000,0.004558,7.497721,7.500000,7.502279,0.932256,1.500000,1367.331948,477533482642.370789,1.243008,0.932256,2.000000,1.500000,1.241592,1.241592,1.242297,1.997721,1.997721,1.998855,0.425570,0.000000,1.243,1.243,1.243,1.242,1.242,1.242,0.932,1.242,1.242,1.242,1.243,1.243,
10,843,1238,1205,168.3312,0.0000,0.0000,-1.0000,0.0000,756.0000,756.0000,168.3312,0.2227,4.0010,4.0025,0.1500,4.0000,1.0000,44.2080,71.1307,496.413105,11.229026,496.413105,11.229026,11.621257,11.621257,"LINESTRING (-122.160813 37.721706, -122.196798 37.753504)",168.331227,-1.000000,0.222660,7.388670,7.500000,7.611330,33.145332,53.330839,756.000000,361382.796986,44.224327,33.168245,71.156942,53.367707,41.762576,41.747184,42.715957,67.195985,67.171219,68.729975,4.142282,0.000000,44.224,43.697,43.169,42.641,42.113,39.764,33.145,39.764,42.113,42.641,43.169,43.697,
10,844,1239,41,11.2109,0.0000,0.0000,-1.0000,0.0000,3000.0000,3000.0000,11.2109,0.0037,0.4253,0.4253,0.1500,4.0000,1.0000,1.2430,2.0000,0.098784,0.079472,0.098784,0.079472,0.079509,0.079509,"LINESTRING (-122.160813 37.721706, -122.160713 37.721806)",11.210908,-1.000000,0.003737,7.498132,7.500000,7.501868,0.932256,1.500000,1121.090830,866906094528.840210,1.243008,0.932256,2.000000,1.500000,1.241847,1.241847,1.242425,1.998132,1.998132,1.999062,0.425526,0.000000,1.243,1.243,1.243,1.242,1.242,1.242,0.932,1.242,1.242,1.242,1.243,1.243,
10,845,1239,1206,161.8851,0.0000,0.0000,-1.0000,0.0000,756.0000,756.0000,161.8851,0.2141,4.0010,4.0023,0.1500,4.0000,1.0000,44.2104,71.1345,477.403283,10.798442,477.403283,10.798442,11.158380,11.158380,"LINESTRING (-122.160813 37.721706, -122.196798 37.753504)",161.885091,-1.000000,0.214134,7.392933,7.500000,7.607067,33.148643,53.336167,756.000000,425928.204270,44.224327,33.168245,71.156942,53.367707,41.856847,41.843651,42.784283,67.347667,67.326434,68.839911,4.135667,0.000000,44.224,43.722,43.220,42.718,42.216,40.215,33.149,40.215,42.216,42.718,43.220,43.722,
10,846,1240,44,0.0000,0.0000,0.0000,-1.0000,0.0000,3000.0000,3000.0000,0.0000,0.0000,0.4255,0.4255,0.1500,4.0000,1.0000,1.2430,2.0000,0.000000,0.000000,0.000000,0.000000,0.000000,0.000000,"LINESTRING (-122.057258 37.634263, -122.057158 37.634363)",0.000000,-1.000000,0.000000,7.500000,7.500000,7.500000,0.932256,1.500000,0.000000,nan,1.243008,0.932256,2.000000,1.500000,1.243008,1.243008,1.243008,2.000000,2.000000,2.000000,0.425519,0.000000,1.243,1.243,1.243,1.243,1.243,1.243,nan,1.243,1.243,1.243,1.243,1.243,
10,847,1240,1218,51.5112,0.0000,0.0000,-1.0000,0.0000,756.0000,756.0000,51.5112,0.0681,4.0010,4.0010,0.1500,4.0000,1.0000,44.0535,70.8821,151.321511,3.434950,151.321511,3.434950,3.466475,3.466475,"LINESTRING (-122.057258 37.634263, -122.087041 37.669630999999995)",51.511203,-1.000000,0.068137,7.465932,7.500000,7.534068,33.040020,53.161392,756.000000,47304578.440279,44.053627,33.040220,70.882286,53.161714,43.303212,43.303072,43.652845,69.674868,69.674643,70.237427,4.037734,0.000000,44.054,43.919,43.785,43.651,43.517,43.383,33.040,43.383,43.517,43.651,43.785,43.919,
10,848,1241,44,12.3376,0.0000,0.0000,-1.0000,0.0000,3000.0000,3000.0000,12.3376,0.0041,0.4255,0.4255,0.1500,4.0000,1.0000,1.2430,2.0000,0.108761,0.087498,0.108761,0.087498,0.087543,0.087543,"LINESTRING (-122.057258 37.634263, -122.057158 37.634363)",12.337567,-1.000000,0.004113,7.497944,7.500000,7.502056,0.932256,1.500000,1233.756694,650549140321.316040,1.243008,0.932256,2.000000,1.500000,1.241730,1.241730,1.242367,1.997944,1.997944,1.998968,0.425739,0.000000,1.243,1.243,1.243,1.242,1.242,1.242,0.932,1.242,1.242,1.242,1.243,1.243,
10,849,1241,1219,161.4156,0.0000,0.0000,-1.0000,0.0000,756.0000,756.0000,161.4156,0.2135,4.0010,4.0022,0.1500,4.0000,1.0000,44.0399,70.8602,474.181320,10.767085,474.181320,10.767085,11.124733,11.124733,"LINESTRING (-122.057258 37.634263, -122.087041 37.669630999999995)",161.415586,-1.000000,0.213513,7.393244,7.500000,7.606756,33.020919,53.130659,756.000000,431160.283098,44.053627,33.040220,70.882286,53.161714,41.702125,41.689129,42.624063,67.098719,67.077809,68.582118,4.135189,0.000000,44.054,43.555,43.057,42.559,42.060,40.093,33.021,40.093,42.060,42.559,43.057,43.555,
10,850,1242,44,4.6624,0.0000,0.0000,-1.0000,0.0000,3000.0000,3000.0000,4.6624,0.0016,0.4255,0.4255,0.1500,4.0000,1.0000,1.2430,2.0000,0.041101,0.033066,0.041101,0.033066,0.033072,0.033072,"LINESTRING (-122.057258 37.634263, -122.057158 37.634363)",4.662433,-1.000000,0.001554,7.499223,7.500000,7.500777,0.932256,1.500000,466.243306,12077224026768.357422,1.243008,0.932256,2.000000,1.500000,1.242525,1.242525,1.242766,1.999223,1.999223,1.999611,0.425602,0.000000,1.243,1.243,1.243,1.243,1.243,1.243,0.932,1.243,1.243,1.243,1.243,1.243,
10,851,1242,1220,115.0732,0.0000,0.0000,-1.0000,0.0000,756.0000,756.0000,115.0732,0.1522,4.0010,4.0013,0.1500,4.0000,1.0000,44.0501,70.8766,338.043977,7.674083,338.043977,7.674083,7.845554,7.845554,"LINESTRING (-122.057258 37.634263, -122.087041 37.669630999999995)",115.073210,-1.000000,0.152213,7.423893,7.500000,7.576107,33.035233,53.153690,756.000000,1766937.513942,44.053627,33.040220,70.882286,53.161714,42.377241,42.373829,43.087330,68.184980,68.179490,69.327515,4.090728,0.000000,44.054,43.724,43.395,43.065,42.735,42.406,33.035,42.406,42.735,43.065,43.395,43.724,
10,852,1243,46,19.0018,0.0000,0.0000,-1.0000,0.0000,3000.0000,3000.0000,19.0018,0.0063,0.4256,0.4256,0.1500,4.0000,1.0000,1.2430,2.0000,0.167546,0.134791,0.167546,0.134791,0.134899,0.134899,"LINESTRING (-122.01733 37.590664999999994, -122.01723 37.590765)",19.001814,-1.000000,0.006334,7.496833,7.500000,7.503167,0.932256,1.500000,1900.181440,177808826066.001587,1.243008,0.932256,2.000000,1.500000,1.241040,1.241040,1.242018,1.996833,1.996833,1.998407,0.425955,0.000000,1.243,1.243,1.242,1.242,1.242,1.241,0.932,1.241,1.242,1.242,1.242,1.243,
10,853,1243,1241,173.7532,0.0000,0.0000,-1.0000,0.0000,756.0000,756.0000,173.7532,0.2298,5.0010,5.0031,0.1500,4.0000,1.0000,44.6406,71.8267,646.770245,14.488388,646.770245,14.488388,15.014166,15.014166,"LINESTRING (-122.01733 37.590664999999994, -122.057258 37.634263)",173.753153,-1.000000,0.229832,7.385084,7.500000,7.614916,33.468195,53.850325,756.000000,395177.671701,44.659279,33.494459,71.856780,53.892585,42.093244,42.075633,43.077335,67.728029,67.699694,69.311432,5.184654,0.000000,44.659,44.104,43.549,42.993,42.438,39.788,33.468,39.788,42.438,42.993,43.549,44.104,
10,854,1244,46,1.9982,0.0000,0.0000,-1.0000,0.0000,3000.0000,3000.0000,1.9982,0.0007,0.4256,0.4256,0.1500,4.0000,1.0000,1.2430,2.0000,0.017619,0.014174,0.017619,0.014174,0.014175,0.014175,"LINESTRING (-122.01733 37.590664999999994, -122.01723 37.590765)",1.998186,-1.000000,0.000666,7.499667,7.500000,7.500333,0.932256,1.500000,199.818560,153562550062805.875000,1.243008,0.932256,2.000000,1.500000,1.242801,1.242801,1.242905,1.999667,1.999667,1.999833,0.425651,0.000000,1.243,1.243,1.243,1.243,1.243,1.243,0.932,1.243,1.243,1.243,1.243,1.243,
10,855,1244,1242,95.2468,0.0000,0.0000,-1.0000,0.0000,756.0000,756.0000,95.2468,0.1260,5.0010,5.0012,0.1500,4.0000,1.0000,44.6576,71.8541,354.542207,7.939125,354.542207,7.939125,8.082181,8.082181,"LINESTRING (-122.01733 37.590664999999994, -122.057258 37.634263)",95.246847,-1.000000,0.125988,7.437006,7.500000,7.562994,33.492086,53.888766,756.000000,4816413.348336,44.659279,33.494459,71.856780,53.892585,43.252647,43.251012,43.867148,69.593509,69.590879,70.582240,5.091306,0.000000,44.659,44.391,44.123,43.855,43.586,43.318,33.492,43.318,43.586,43.855,44.123,44.391,
10,856,1245,47,10.0297,0.0000,0.0000,-1.0000,0.0000,3000.0000,3000.0000,10.0297,0.0033,0.4258,0.4258,0.1500,4.0000,1.0000,1.2430,2.0000,0.088476,0.071179,0.088476,0.071179,0.071209,0.071209,"LINESTRING (-121.939458 37.502207, -121.939358 37.502307)",10.029708,-1.000000,0.003343,7.498328,7.500000,7.501672,0.932256,1.500000,1002.970817,1212418671997.002197,1.243008,0.932256,2.000000,1.500000,1.241969,1.241969,1.242487,1.998328,1.998328,1.999161,0.425989,0.000000,1.243,1.243,1.243,1.242,1.242,1.242,0.932,1.242,1.242,1.242,1.243,1.243,
10,857,1245,1213,151.2435,0.0000,0.0000,-1.0000,0.0000,756.0000,756.0000,151.2435,0.2001,6.0010,6.0024,0.1500,4.0000,1.0000,43.2521,69.5926,654.425441,15.130503,654.425441,15.130503,15.595605,15.595605,"LINESTRING (-121.939458 37.502207, -121.97670500000001 37.557413)",151.243465,-1.000000,0.200057,7.399971,7.500000,7.600029,32.432230,52.183458,756.000000,849774.695277,43.262455,32.446841,69.609290,52.206968,41.098710,41.088838,41.962171,66.127825,66.111940,67.517133,6.186954,0.000000,43.262,42.812,42.361,41.910,41.459,40.096,32.432,40.096,41.459,41.910,42.361,42.812,
10,858,1246,1,65.9401,0.0000,0.0000,-1.0000,0.0000,3000.0000,3000.0000,65.9401,0.0220,0.4251,0.4251,0.1500,4.0000,1.0000,1.2430,2.0000,0.580778,0.467236,0.580778,0.467236,0.468551,0.468551,"LINESTRING (-122.27168900000001 37.803371, -122.271589 37.803471)",65.940125,-1.000000,0.021980,7.489010,7.500000,7.510990,0.932256,1.500000,3000.000000,1910702885.059731,1.243008,0.932256,2.000000,1.500000,1.236178,1.236178,1.239518,1.989010,1.989010,1.994384,0.426343,0.000000,1.243,1.242,1.241,1.240,1.238,1.237,0.932,1.237,1.238,1.240,1.241,1.242,
10,859,1246,1257,236.0000,0.0000,0.0000,-1.0000,0.0000,756.0000,756.0000,236.0000,0.3122,3.0010,3.0053,0.1500,4.0000,1.0000,10.9175,17.5662,129.052929,11.820748,129.052929,11.820748,12.446309,12.446309,"LINESTRING (-122.27168900000001 37.803371, -122.265332 37.797256999999995)",236.000000,-1.000000,0.312169,7.343915,7.500000,7.656085,8.177941,13.158307,756.000000,64280.609368,10.933044,8.199783,17.591268,13.193451,10.079804,10.065466,10.368771,16.218405,16.195335,16.683352,3.164316,0.000000,10.933,10.726,10.520,10.313,10.106,9.009,8.178,9.009,10.106,10.313,10.520,10.726,
10,860,1247,3,49.9546,0.0000,0.0000,-1.0000,0.0000,3000.0000,3000.0000,49.9546,0.0167,0.4251,0.4251,0.1500,4.0000,1.0000,1.2430,2.0000,0.439973,0.353958,0.439973,0.353958,0.354709,0.354709,"LINESTRING (-122.268822 37.807959999999994, -122.268722 37.80806)",49.954640,-1.000000,0.016652,7.491674,7.500000,7.508326,0.932256,1.500000,3000.000000,5824475390.181522,1.243008,0.932256,2.000000,1.500000,1.237834,1.237834,1.240378,1.991674,1.991674,1.995768,0.426037,0.000000,1.243,1.242,1.241,1.240,1.240,1.239,0.932,1.239,1.240,1.240,1.241,1.242,
10,861,1247,1246,270.9401,0.0000,0.0000,-1.0000,0.0000,756.0000,756.0000,270.9401,0.3584,2.0010,2.0060,0.1500,4.0000,1.0000,10.5786,17.0210,95.823154,9.058213,95.823154,9.058213,9.629603,9.629603,"LINESTRING (-122.268822 37.807959999999994, -122.27168900000001 37.803371)",270.940125,-1.000000,0.358386,7.320807,7.500000,7.679193,7.916845,12.738204,756.000000,23582.980963,10.604771,7.953578,17.063076,12.797307,9.654619,9.630787,9.950893,15.534282,15.495937,16.010987,2.132487,0.000000,10.605,10.358,10.111,9.864,9.616,8.508,7.917,8.508,9.616,9.864,10.111,10.358,
10,862,1248,6,41.6661,0.0000,0.0000,-1.0000,0.0000,3000.0000,3000.0000,41.6661,0.0139,0.4250,0.4250,0.1500,4.0000,1.0000,1.2430,2.0000,0.366886,0.295159,0.366886,0.295159,0.295680,0.295680,"LINESTRING (-122.26985 37.852968999999995, -122.26975 37.853069)",41.666062,-1.000000,0.013889,7.493056,7.500000,7.506944,0.932256,1.500000,3000.000000,12057184649.633282,1.243008,0.932256,2.000000,1.500000,1.238692,1.238692,1.240820,1.993056,1.993056,1.996480,0.425785,0.000000,1.243,1.242,1.242,1.241,1.240,1.239,0.932,1.239,1.240,1.241,1.242,1.242,
10,863,1248,1258,291.8948,0.0000,0.0000,-1.0000,0.0000,756.0000,756.0000,291.8948,0.3861,3.0010,3.0110,0.1500,4.0000,1.0000,33.5201,53.9338,491.011506,14.648272,491.011506,14.648272,15.665761,15.665761,"LINESTRING (-122.26985 37.852968999999995, -122.267263 37.828714)",291.894765,-1.000000,0.386104,7.306948,7.500000,7.693052,25.067199,40.333123,756.000000,25571.089879,33.631840,25.223880,54.113630,40.585223,30.385491,30.284536,31.342972,48.890255,48.727818,50.430842,3.220153,0.000000,33.632,32.750,31.869,30.988,29.973,26.643,25.067,26.643,29.973,30.988,31.869,32.750,
10,864,1249,8,12.0000,0.0000,0.0000,-1.0000,0.0000,3000.0000,3000.0000,12.0000,0.0040,0.4254,0.4254,0.1500,4.0000,1.0000,1.2430,2.0000,0.105750,0.085076,0.105750,0.085076,0.085119,0.085119,"LINESTRING (-122.126531 37.696838, -122.126431 37.696938)",12.000000,-1.000000,0.004000,7.498000,7.500000,7.502000,0.932256,1.500000,1200.000000,706839365233.920166,1.243008,0.932256,2.000000,1.500000,1.241765,1.241765,1.242384,1.998000,1.998000,1.998996,0.425595,0.000000,1.243,1.243,1.243,1.242,1.242,1.242,0.932,1.242,1.242,1.242,1.243,1.243,
10,865,1249,1256,204.7208,0.0000,0.0000,-1.0000,0.0000,756.0000,756.0000,204.7208,0.2708,4.0010,4.0042,0.1500,4.0000,1.0000,42.9081,69.0391,586.230186,13.662474,586.230186,13.662474,14.268117,14.268117,"LINESTRING (-122.126531 37.696838, -122.087041 37.669630999999995)",204.720761,-1.000000,0.270795,7.364603,7.500000,7.635397,32.158364,51.742808,756.000000,157643.841183,42.942665,32.206999,69.094748,51.821061,40.035504,40.003238,41.086725,64.417126,64.365210,66.108541,4.181730,0.000000,42.943,42.278,41.614,40.949,40.285,36.578,32.158,36.578,40.285,40.949,41.614,42.278,
10,866,1250,9,13.3929,0.0000,0.0000,-1.0000,0.0000,3000.0000,3000.0000,13.3929,0.0045,0.4261,0.4261,0.1500,4.0000,1.0000,1.2430,2.0000,0.118227,0.095113,0.118227,0.095113,0.095167,0.095167,"LINESTRING (-121.874761 37.368395, -121.874661 37.368495)",13.392939,-1.000000,0.004464,7.497768,7.500000,7.502232,0.932256,1.500000,1339.293913,509123480458.937256,1.243008,0.932256,2.000000,1.500000,1.241621,1.241621,1.242311,1.997768,1.997768,1.998879,0.426344,0.000000,1.243,1.243,1.243,1.242,1.242,1.242,0.932,1.242,1.242,1.242,1.243,1.243,
10,867,1251,13,51.0000,0.0000,0.0000,-1.0000,0.0000,3000.0000,3000.0000,51.0000,0.0170,0.4253,0.4253,0.1500,4.0000,1.0000,1.2430,2.0000,0.449307,0.361467,0.449307,0.361467,0.362250,0.362250,"LINESTRING (-122.196798 37.753504, -122.196698 37.753604)",51.000000,-1.000000,0.017000,7.491500,7.500000,7.508500,0.932256,1.500000,3000.000000,5361502790.579716,1.243008,0.932256,2.000000,1.500000,1.237725,1.237725,1.240322,1.991500,1.991500,1.995678,0.426177,0.000000,1.243,1.242,1.241,1.240,1.239,1.239,0.932,1.239,1.239,1.240,1.241,1.242,
10,868,1251,1263,169.5116,0.0000,0.0000,-1.0000,0.0000,756.0000,756.0000,169.5116,0.2242,5.0010,5.0029,0.1500,4.0000,1.0000,35.3678,56.9068,499.893930,14.134144,499.893930,14.134144,14.632017,14.632017,"LINESTRING (-122.196798 37.753504, -122.160813 37.721706)",169.511558,-1.000000,0.224222,7.387889,7.500000,7.612111,26.517074,42.665972,756.000000,438598.589633,35.381233,26.535925,56.928404,42.696303,33.397924,33.385266,34.164390,53.737259,53.716893,54.970503,5.179122,0.000000,35.381,34.955,34.529,34.103,33.677,31.748,26.517,31.748,33.677,34.103,34.529,34.955,
10,869,1252,16,131.0000,0.0000,0.0000,-1.0000,0.0000,3000.0000,3000.0000,131.0000,0.0437,0.4250,0.4250,0.1500,4.0000,1.0000,1.2430,2.0000,1.153403,0.927913,1.153403,0.927913,0.933229,0.933229,"LINESTRING (-122.268178 37.870017, -122.268078 37.870117)",131.000000,-1.000000,0.043667,7.478167,7.500000,7.521833,0.932255,1.499999,3000.000000,120557349.832443,1.243008,0.932256,2.000000,1.500000,1.229439,1.229438,1.235927,1.978167,1.978166,1.988607,0.427433,0.000000,1.243,1.241,1.238,1.236,1.234,1.231,0.932,1.231,1.234,1.236,1.238,1.241,
10,870,1252,1248,312.5663,0.0000,0.0000,-1.0000,0.0000,756.0000,756.0000,312.5663,0.4134,2.0010,2.0098,0.1500,4.0000,1.0000,35.2781,56.7625,369.353737,10.469774,369.353737,10.469774,11.265214,11.265214,"LINESTRING (-122.268178 37.870017, -122.26985 37.852968999999995)",312.566270,-1.000000,0.413447,7.293276,7.500000,7.706724,26.357930,42.409909,756.000000,12646.719852,35.432724,26.574543,57.011253,42.758440,31.770332,31.631690,32.787103,51.118464,50.895389,52.754449,2.162463,0.000000,35.433,34.392,33.351,32.311,30.991,27.771,26.358,27.771,30.991,32.311,33.351,34.392,
10,871,1253,17,9.0000,0.0000,0.0000,-1.0000,0.0000,3000.0000,3000.0000,9.0000,0.0030,0.4249,0.4249,0.1500,4.0000,1.0000,1.2430,2.0000,0.079219,0.063731,0.079219,0.063731,0.063755,0.063755,"LINESTRING (-122.316968 37.925104999999995, -122.316868 37.925205)",9.000000,-1.000000,0.003000,7.498500,7.500000,7.501500,0.932256,1.500000,900.000000,1674742794377.769043,1.243008,0.932256,2.000000,1.500000,1.242076,1.242076,1.242541,1.998500,1.998500,1.999248,0.425036,0.000000,1.243,1.243,1.243,1.243,1.242,1.242,0.932,1.242,1.242,1.243,1.243,1.243,
10,872,1253,1261,321.2704,0.0000,0.0000,-1.0000,0.0000,756.0000,756.0000,321.2704,0.4250,3.0010,3.0157,0.1500,4.0000,1.0000,36.6517,58.9725,591.831993,16.147485,591.831993,16.147485,17.419649,17.419649,"LINESTRING (-122.316968 37.925104999999995, -122.298995 37.902533)",321.270434,-1.000000,0.424961,7.287520,7.500000,7.712480,27.372142,44.041777,756.000000,16821.378415,36.830952,27.623214,59.261001,44.445751,32.918023,32.757772,33.974966,52.965099,52.707255,54.665720,3.253268,0.000000,36.831,35.697,34.563,33.429,31.960,28.747,27.372,28.747,31.960,33.429,34.563,35.697,
10,873,1254,20,56.1835,0.0000,0.0000,-1.0000,0.0000,3000.0000,3000.0000,56.1835,0.0187,0.4257,0.4257,0.1500,4.0000,1.0000,1.2430,2.0000,0.495477,0.398611,0.495477,0.398611,0.399564,0.399564,"LINESTRING (-121.97670500000001 37.557413, -121.976605 37.557513)",56.183513,-1.000000,0.018728,7.490636,7.500000,7.509364,0.932256,1.500000,3000.000000,3639133603.621952,1.243008,0.932256,2.000000,1.500000,1.237188,1.237188,1.240044,1.990636,1.990636,1.995230,0.426706,0.000000,1.243,1.242,1.241,1.240,1.239,1.238,0.932,1.238,1.239,1.240,1.241,1.242,
10,874,1254,1266,95.3102,0.0000,0.0000,-1.0000,0.0000,756.0000,756.0000,95.3102,0.1261,6.0010,6.0012,0.1500,4.0000,1.0000,43.2608,69.6067,412.404095,9.532971,412.404095,9.532971,9.704875,9.704875,"LINESTRING (-121.97670500000001 37.557413, -121.939458 37.502207)",95.310207,-1.000000,0.126072,7.436964,7.500000,7.563036,32.444536,52.203259,756.000000,5763727.209844,43.262455,32.446841,69.609290,52.206968,41.898912,41.897325,42.494531,67.415350,67.412795,68.373701,6.109445,0.000000,43.262,43.002,42.742,42.482,42.222,41.962,32.445,41.962,42.222,42.482,42.742,43.002,
10,875,1255,21,31.0000,0.0000,0.0000,-1.0000,0.0000,3000.0000,3000.0000,31.0000,0.0103,0.4252,0.4252,0.1500,4.0000,1.0000,1.2430,2.0000,0.273078,0.219691,0.273078,0.219691,0.219978,0.219978,"LINESTRING (-122.22416700000001 37.774772999999996, -122.224067 37.774873)",31.000000,-1.000000,0.010333,7.494833,7.500000,7.505167,0.932256,1.500000,3000.000000,39471307821.917763,1.243008,0.932256,2.000000,1.500000,1.239797,1.239797,1.241386,1.994833,1.994833,1.997390,0.425764,0.000000,1.243,1.242,1.242,1.241,1.241,1.240,0.932,1.240,1.241,1.241,1.242,1.242,
10,876,1255,1251,220.5116,0.0000,0.0000,-1.0000,0.0000,756.0000,756.0000,220.5116,0.2917,3.0010,3.0043,0.1500,4.0000,1.0000,41.8749,67.3768,462.350790,11.041229,462.350790,11.041229,11.577911,11.577911,"LINESTRING (-122.22416700000001 37.774772999999996, -122.196798 37.753504)",220.511558,-1.000000,0.291682,7.354159,7.500000,7.645841,31.376429,50.484675,756.000000,86054.307341,41.920406,31.440305,67.449934,50.587450,38.863550,38.821400,39.933869,62.531452,62.463632,64.253595,3.150287,0.000000,41.920,41.201,40.482,39.763,39.043,35.068,31.376,35.068,39.043,39.763,40.482,41.201,
10,877,1256,23,42.6729,0.0000,0.0000,-1.0000,0.0000,3000.0000,3000.0000,42.6729,0.0142,0.4254,0.4254,0.1500,4.0000,1.0000,1.2430,2.0000,0.376110,0.302580,0.376110,0.302580,0.303127,0.303127,"LINESTRING (-122.087041 37.669630999999995, -122.086941 37.669731)",42.672940,-1.000000,0.014224,7.492888,7.500000,7.507112,0.932256,1.500000,3000.000000,10966504256.196173,1.243008,0.932256,2.000000,1.500000,1.238588,1.238588,1.240767,1.992888,1.992888,1.996393,0.426210,0.000000,1.243,1.242,1.242,1.241,1.240,1.239,0.932,1.239,1.240,1.241,1.242,1.242,
10,878,1256,1264,198.9377,0.0000,0.0000,-1.0000,0.0000,756.0000,756.0000,198.9377,0.2631,4.0010,4.0039,0.1500,4.0000,1.0000,44.0220,70.8313,584.407989,13.275373,584.407989,13.275373,13.843457,13.843457,"LINESTRING (-122.087041 37.669630999999995, -122.057258 37.634263)",198.937736,-1.000000,0.263145,7.368427,7.500000,7.631573,32.995723,53.090119,756.000000,178119.755279,44.053627,33.040220,70.882286,53.161714,41.155502,41.125923,42.215467,66.219203,66.171610,67.924687,4.175213,0.000000,44.054,43.398,42.743,42.087,41.432,37.803,32.996,37.803,41.432,42.087,42.743,43.398,
10,879,1257,25,15.0000,0.0000,0.0000,-1.0000,0.0000,3000.0000,3000.0000,15.0000,0.0050,0.4252,0.4252,0.1500,4.0000,1.0000,1.2430,2.0000,0.132119,0.106290,0.132119,0.106290,0.106357,0.106357,"LINESTRING (-122.265332 37.797256999999995, -122.265232 37.797357)",15.000000,-1.000000,0.005000,7.497500,7.500000,7.502500,0.932256,1.500000,1500.000000,361440174243.655212,1.243008,0.932256,2.000000,1.500000,1.241454,1.241454,1.242227,1.997500,1.997500,1.998744,0.425426,0.000000,1.243,1.243,1.242,1.242,1.242,1.242,0.932,1.242,1.242,1.242,1.242,1.243,
10,880,1257,1255,228.7521,0.0000,0.0000,-1.0000,0.0000,756.0000,756.0000,228.7521,0.3026,4.0010,4.0060,0.1500,4.0000,1.0000,40.9329,65.8611,625.174213,15.273129,625.174213,15.273129,16.050343,16.050343,"LINESTRING (-122.265332 37.797256999999995, -122.22416700000001 37.774772999999996)",228.752050,-1.000000,0.302582,7.348709,7.500000,7.651291,30.666015,49.341619,756.000000,98010.840917,40.984417,30.738313,65.943927,49.457945,37.884129,37.836555,38.950832,60.955564,60.879017,62.671889,4.209888,0.000000,40.984,40.244,39.503,38.762,38.021,34.001,30.666,34.001,38.021,38.762,39.503,40.244,
10,881,1258,26,54.0000,0.0000,0.0000,-1.0000,0.0000,3000.0000,3000.0000,54.0000,0.0180,0.4251,0.4251,0.1500,4.0000,1.0000,1.2430,2.0000,0.475551,0.382581,0.475551,0.382581,0.383459,0.383459,"LINESTRING (-122.267263 37.828714, -122.267163 37.828814)",54.000000,-1.000000,0.018000,7.491000,7.500000,7.509000,0.932256,1.500000,3000.000000,4260781804.134745,1.243008,0.932256,2.000000,1.500000,1.237415,1.237415,1.240161,1.991000,1.991000,1.995419,0.426065,0.000000,1.243,1.242,1.241,1.240,1.239,1.238,0.932,1.238,1.239,1.240,1.241,1.242,
10,882,1258,1247,277.8948,0.0000,0.0000,-1.0000,0.0000,756.0000,756.0000,277.8948,0.3676,6.0010,6.0174,0.1500,4.0000,1.0000,14.3263,23.0510,399.277092,27.870224,399.277092,27.870224,29.686623,29.686623,"LINESTRING (-122.267263 37.828714, -122.268822 37.807959999999994)",277.894765,-1.000000,0.367586,7.316207,7.500000,7.683793,10.719107,17.247043,756.000000,63344.420601,14.365530,10.774148,23.114138,17.335603,13.045389,13.009761,13.449731,20.990031,20.932705,21.640617,6.409611,0.000000,14.366,14.018,13.670,13.322,12.957,11.474,10.719,11.474,12.957,13.322,13.670,14.018,
10,883,1259,28,44.7897,0.0000,0.0000,-1.0000,0.0000,3000.0000,3000.0000,44.7897,0.0149,0.4260,0.4260,0.1500,4.0000,1.0000,1.2430,2.0000,0.395298,0.318018,0.395298,0.318018,0.318621,0.318621,"LINESTRING (-121.89090300000001 37.409735999999995, -121.890803 37.409836)",44.789735,-1.000000,0.014930,7.492535,7.500000,7.507465,0.932256,1.500000,3000.000000,9043046749.574636,1.243008,0.932256,2.000000,1.500000,1.238369,1.238369,1.240654,1.992535,1.992535,1.996212,0.426822,0.000000,1.243,1.242,1.241,1.241,1.240,1.239,0.932,1.239,1.240,1.241,1.241,1.242,
10,884,1259,1250,13.3929,0.0000,0.0000,-1.0000,0.0000,756.0000,756.0000,13.3929,0.0177,5.0010,5.0010,0.1500,4.0000,1.0000,35.8887,57.7449,40.062627,1.116301,40.062627,1.116301,1.118823,1.118823,"LINESTRING (-121.89090300000001 37.409735999999995, -121.874761 37.368395)",13.392939,-1.000000,0.017716,7.491142,7.500000,7.508858,26.916537,43.308709,756.000000,13465880116.650042,35.888718,26.916538,57.744947,43.308710,35.729771,35.729770,35.807836,57.489201,57.489200,57.614809,5.012296,0.000000,35.889,35.862,35.835,35.808,35.781,35.754,26.917,35.754,35.781,35.808,35.835,35.862,
10,885,1260,30,8.0000,0.0000,0.0000,-1.0000,0.0000,3000.0000,3000.0000,8.0000,0.0027,0.4250,0.4250,0.1500,4.0000,1.0000,1.2430,2.0000,0.070435,0.056665,0.070435,0.056665,0.056684,0.056684,"LINESTRING (-122.283608 37.873931999999996, -122.283508 37.874032)",8.000000,-1.000000,0.002667,7.498667,7.500000,7.501333,0.932256,1.500000,800.000000,2385780657753.963867,1.243008,0.932256,2.000000,1.500000,1.242179,1.242179,1.242593,1.998667,1.998667,1.999332,0.425131,0.000000,1.243,1.243,1.243,1.243,1.242,1.242,0.932,1.242,1.242,1.243,1.243,1.243,
10,886,1260,1252,412.9111,0.0000,0.0000,-1.0000,0.0000,756.0000,756.0000,412.9111,0.5462,3.0010,3.0411,0.1500,4.0000,1.0000,17.4445,28.0682,365.081079,20.928114,365.081079,20.928114,23.251316,23.251316,"LINESTRING (-122.283608 37.873931999999996, -122.268178 37.870017)",412.911094,-1.000000,0.546179,7.226911,7.500000,7.773089,12.934315,20.811313,756.000000,5671.825883,17.677385,13.258039,28.442913,21.332185,15.263633,15.062571,15.701523,24.559185,24.235676,25.263751,3.378643,0.000000,17.677,16.791,15.904,15.192,14.253,13.295,12.934,13.295,14.253,15.192,15.904,16.791,
10,887,1261,37,15.0000,0.0000,0.0000,-1.0000,0.0000,3000.0000,3000.0000,15.0000,0.0050,0.4249,0.4249,0.1500,4.0000,1.0000,1.2430,2.0000,0.132047,0.106231,0.132047,0.106231,0.106298,0.106298,"LINESTRING (-122.298995 37.902533, -122.298895 37.902633)",15.000000,-1.000000,0.005000,7.497500,7.500000,7.502500,0.932256,1.500000,1500.000000,361242034241.152466,1.243008,0.932256,2.000000,1.500000,1.241454,1.241454,1.242227,1.997500,1.997500,1.998744,0.425193,0.000000,1.243,1.243,1.242,1.242,1.242,1.242,0.932,1.242,1.242,1.242,1.242,1.243,
10,888,1261,1260,387.2559,0.0000,0.0000,-1.0000,0.0000,756.0000,756.0000,387.2559,0.5122,3.0010,3.0320,0.1500,4.0000,1.0000,42.4937,68.3724,831.571239,19.569286,831.571239,19.569286,21.554802,21.554802,"LINESTRING (-122.298995 37.902533, -122.283608 37.873931999999996)",387.255919,-1.000000,0.512243,7.243878,7.500000,7.756122,31.587743,50.824678,756.000000,7461.514416,42.932549,32.199411,69.078471,51.808853,37.434571,37.051917,38.579397,60.232225,59.616534,62.074249,3.339621,0.000000,42.933,41.054,39.175,37.419,35.265,32.609,31.588,32.609,35.265,37.419,39.175,41.054,
10,889,1262,39,0.0000,0.0000,0.0000,-1.0000,0.0000,3000.0000,3000.0000,0.0000,0.0000,0.4249,0.4249,0.1500,4.0000,1.0000,1.2430,2.0000,0.000000,0.000000,0.000000,0.000000,0.000000,0.000000,"LINESTRING (-122.353104 37.93669499999999, -122.353004 37.936795)",0.000000,-1.000000,0.000000,7.500000,7.500000,7.500000,0.932256,1.500000,0.000000,nan,1.243008,0.932256,2.000000,1.500000,1.243008,1.243008,1.243008,2.000000,2.000000,2.000000,0.424850,0.000000,1.243,1.243,1.243,1.243,1.243,1.243,nan,1.243,1.243,1.243,1.243,1.243,
10,890,1262,1253,135.6497,0.0000,0.0000,-1.0000,0.0000,756.0000,756.0000,135.6497,0.1794,4.0010,4.0016,0.1500,4.0000,1.0000,31.8826,51.2990,288.441032,9.046983,288.441032,9.046983,9.291618,9.291618,"LINESTRING (-122.353104 37.93669499999999, -122.316968 37.925104999999995)",135.649732,-1.000000,0.179431,7.410285,7.500000,7.589715,23.908673,38.469054,756.000000,892576.479743,31.887524,23.915643,51.307026,38.480269,30.457122,30.452387,31.043144,49.005510,48.997891,49.948419,4.109828,0.000000,31.888,31.597,31.306,31.016,30.725,30.301,23.909,30.301,30.725,31.016,31.306,31.597,
10,891,1263,41,30.0000,0.0000,0.0000,-1.0000,0.0000,3000.0000,3000.0000,30.0000,0.0100,0.4253,0.4253,0.1500,4.0000,1.0000,1.2430,2.0000,0.264342,0.212663,0.264342,0.212663,0.212932,0.212932,"LINESTRING (-122.160813 37.721706, -122.160713 37.721806)",30.000000,-1.000000,0.010000,7.495000,7.500000,7.505000,0.932256,1.500000,3000.000000,45027003549.531181,1.243008,0.932256,2.000000,1.500000,1.239901,1.239901,1.241439,1.995000,1.995000,1.997475,0.425864,0.000000,1.243,1.242,1.242,1.241,1.241,1.240,0.932,1.240,1.241,1.241,1.242,1.242,
10,892,1263,1249,176.3278,0.0000,0.0000,-1.0000,0.0000,756.0000,756.0000,176.3278,0.2332,4.0010,4.0028,0.1500,4.0000,1.0000,38.1176,61.3312,448.390646,11.763347,448.390646,11.763347,12.197888,12.197888,"LINESTRING (-122.160813 37.721706, -122.126531 37.696838)",176.327822,-1.000000,0.233238,7.383381,7.500000,7.616619,28.577112,45.980573,756.000000,297116.123715,38.134529,28.600897,61.358457,46.018843,35.910925,35.894991,36.759696,57.780679,57.755041,59.146352,4.150640,0.000000,38.135,37.651,37.168,36.685,36.201,33.832,28.577,33.832,36.201,36.685,37.168,37.651,
10,893,1264,44,30.7823,0.0000,0.0000,-1.0000,0.0000,3000.0000,3000.0000,30.7823,0.0103,0.4255,0.4255,0.1500,4.0000,1.0000,1.2430,2.0000,0.271358,0.218307,0.271358,0.218307,0.218591,0.218591,"LINESTRING (-122.057258 37.634263, -122.057158 37.634363)",30.782275,-1.000000,0.010261,7.494870,7.500000,7.505130,0.932256,1.500000,3000.000000,40631825718.288216,1.243008,0.932256,2.000000,1.500000,1.239820,1.239820,1.241398,1.994870,1.994870,1.997409,0.426071,0.000000,1.243,1.242,1.242,1.241,1.241,1.240,0.932,1.240,1.241,1.241,1.242,1.242,
10,894,1264,1265,193.7668,0.0000,0.0000,-1.0000,0.0000,756.0000,756.0000,193.7668,0.2563,5.0010,5.0042,0.1500,4.0000,1.0000,44.6304,71.8103,721.268217,16.160922,721.268217,16.160922,16.830502,16.830502,"LINESTRING (-122.057258 37.634263, -122.01733 37.590664999999994)",193.766841,-1.000000,0.256305,7.371847,7.500000,7.628153,33.453855,53.827253,756.000000,249031.978608,44.659279,33.494459,71.856780,53.892585,41.797676,41.770637,42.854825,67.252461,67.208955,68.953413,5.211573,0.000000,44.659,44.018,43.377,42.735,42.094,38.591,33.454,38.591,42.094,42.735,43.377,44.018,
10,895,1265,46,52.2913,0.0000,0.0000,-1.0000,0.0000,3000.0000,3000.0000,52.2913,0.0174,0.4256,0.4256,0.1500,4.0000,1.0000,1.2430,2.0000,0.461072,0.370933,0.461072,0.370933,0.371757,0.371757,"LINESTRING (-122.01733 37.590664999999994, -122.01723 37.590765)",52.291265,-1.000000,0.017430,7.491285,7.500000,7.508715,0.932256,1.500000,3000.000000,4853717306.297044,1.243008,0.932256,2.000000,1.500000,1.237592,1.237592,1.240253,1.991285,1.991285,1.995567,0.426561,0.000000,1.243,1.242,1.241,1.240,1.239,1.238,0.932,1.238,1.239,1.240,1.241,1.242,
10,896,1265,1254,145.8168,0.0000,0.0000,-1.0000,0.0000,756.0000,756.0000,145.8168,0.1929,5.0010,5.0020,0.1500,4.0000,1.0000,38.3693,61.7362,466.430909,12.156351,466.430909,12.156351,12.514216,12.514216,"LINESTRING (-122.01733 37.590664999999994, -121.97670500000001 37.557413)",145.816772,-1.000000,0.192879,7.403560,7.500000,7.596440,28.771764,46.293769,756.000000,825167.034971,38.377285,28.782964,61.749052,46.311789,36.526739,36.519157,37.272084,58.771523,58.759324,59.970782,5.149291,0.000000,38.377,37.995,37.613,37.231,36.849,35.906,28.772,35.906,36.849,37.231,37.613,37.995,
10,897,1266,47,38.7972,0.0000,0.0000,-1.0000,0.0000,3000.0000,3000.0000,38.7972,0.0129,0.4258,0.4258,0.1500,4.0000,1.0000,1.2430,2.0000,0.342247,0.275338,0.342247,0.275338,0.275789,0.275789,"LINESTRING (-121.939458 37.502207, -121.939358 37.502307)",38.797223,-1.000000,0.012932,7.493534,7.500000,7.506466,0.932256,1.500000,3000.000000,16079803533.715603,1.243008,0.932256,2.000000,1.500000,1.238989,1.238989,1.240973,1.993534,1.993534,1.996725,0.426509,0.000000,1.243,1.242,1.242,1.241,1.240,1.240,0.932,1.240,1.240,1.241,1.242,1.242,
10,898,1266,1259,58.1827,0.0000,0.0000,-1.0000,0.0000,756.0000,756.0000,58.1827,0.0770,9.0010,9.0010,0.1500,4.0000,1.0000,46.1508,74.2566,402.822989,8.728417,402.822989,8.728417,8.819752,8.819752,"LINESTRING (-121.939458 37.502207, -121.89090300000001 37.409735999999995)",58.182674,-1.000000,0.076961,7.461519,7.500000,7.538481,34.612903,55.692162,756.000000,64909466.796710,46.150993,34.613245,74.256948,55.692711,45.263034,45.262796,45.672826,72.828222,72.827839,73.487577,9.095235,0.000000,46.151,45.991,45.830,45.670,45.510,45.349,34.613,45.349,45.510,45.670,45.830,45.991,
10,899,1267,2,62.4237,0.0000,0.0000,-1.0000,0.0000,3000.0000,3000.0000,62.4237,0.0208,0.4252,0.4252,0.1500,4.0000,1.0000,1.2430,2.0000,0.549916,0.442407,0.549916,0.442407,0.443585,0.443585,"LINESTRING (-122.419855 37.76507599999999, -122.419755 37.765176)",62.423653,-1.000000,0.020808,7.489596,7.500000,7.510404,0.932256,1.500000,3000.000000,2381629616.680236,1.243008,0.932256,2.000000,1.500000,1.236542,1.236542,1.239708,1.989596,1.989596,1.994690,0.426362,0.000000,1.243,1.242,1.241,1.240,1.239,1.238,0.932,1.238,1.239,1.240,1.241,1.242,
10,900,1267,1269,110.7256,0.0000,0.0000,-1.0000,0.0000,756.0000,756.0000,110.7256,0.1465,2.0010,2.0011,0.1500,4.0000,1.0000,26.5047,42.6460,97.880593,3.692955,97.880593,3.692955,3.771907,3.771907,"LINESTRING (-122.419855 37.76507599999999, -122.41861800000001 37.752322)",110.725646,-1.000000,0.146462,7.426769,7.500000,7.573231,19.877308,31.982589,756.000000,1036208.967586,26.506508,19.879881,42.648971,31.986728,25.535956,25.534193,25.949899,41.087352,41.084517,41.753387,2.043920,0.000000,26.507,26.317,26.127,25.938,25.748,25.559,19.877,25.559,25.748,25.938,26.127,26.317,
10,901,1268,2,47.4463,0.0000,0.0000,-1.0000,0.0000,3000.0000,3000.0000,47.4463,0.0158,0.4252,0.4252,0.1500,4.0000,1.0000,1.2430,2.0000,0.417974,0.336260,0.417974,0.336260,0.336937,0.336937,"LINESTRING (-122.419855 37.76507599999999, -122.419755 37.765176)",47.446316,-1.000000,0.015815,7.492092,7.500000,7.507908,0.932256,1.500000,3000.000000,7163495663.560884,1.243008,0.932256,2.000000,1.500000,1.238093,1.238093,1.240512,1.992092,1.992092,1.995984,0.426086,0.000000,1.243,1.242,1.241,1.241,1.240,1.239,0.932,1.239,1.240,1.241,1.241,1.242,
10,902,1268,1270,95.0851,0.0000,0.0000,-1.0000,0.0000,756.0000,756.0000,95.0851,0.1258,2.0010,2.0011,0.1500,4.0000,1.0000,26.5055,42.6474,84.054476,3.171207,84.054476,3.171207,3.228240,3.228240,"LINESTRING (-122.419855 37.76507599999999, -122.41861800000001 37.752322)",95.085102,-1.000000,0.125774,7.437113,7.500000,7.562887,19.878482,31.984477,756.000000,1940652.838702,26.506508,19.879881,42.648971,31.986728,25.673051,25.672087,26.037245,41.307939,41.306388,41.893927,2.037064,0.000000,26.507,26.348,26.189,26.030,25.871,25.712,19.878,25.712,25.871,26.030,26.189,26.348,
10,903,1269,4,45.9814,0.0000,0.0000,-1.0000,0.0000,3000.0000,3000.0000,45.9814,0.0153,0.4253,0.4253,0.1500,4.0000,1.0000,1.2430,2.0000,0.405096,0.325900,0.405096,0.325900,0.326535,0.326535,"LINESTRING (-122.41861800000001 37.752322, -122.418518 37.752422)",45.981440,-1.000000,0.015327,7.492336,7.500000,7.507664,0.932256,1.500000,3000.000000,8124482625.576158,1.243008,0.932256,2.000000,1.500000,1.238245,1.238245,1.240590,1.992337,1.992337,1.996110,0.426087,0.000000,1.243,1.242,1.241,1.241,1.240,1.239,0.932,1.239,1.240,1.241,1.241,1.242,
10,904,1269,1287,64.7442,0.0000,0.0000,-1.0000,0.0000,756.0000,756.0000,64.7442,0.0856,3.0010,3.0010,0.1500,4.0000,1.0000,31.1498,50.1201,100.873032,3.238316,100.873032,3.238316,3.276369,3.276369,"LINESTRING (-122.41861800000001 37.752322, -122.433657 37.733169)",64.744207,-1.000000,0.085640,7.457180,7.500000,7.542820,23.362219,37.589811,756.000000,14012744.370493,31.150097,23.362573,50.120506,37.590379,30.483170,30.482924,30.788054,49.047420,49.047024,49.537979,3.036289,0.000000,31.150,31.029,30.907,30.785,30.664,30.542,23.362,30.542,30.664,30.785,30.907,31.029,
10,905,1270,4,36.7892,0.0000,0.0000,-1.0000,0.0000,3000.0000,3000.0000,36.7892,0.0123,0.4253,0.4253,0.1500,4.0000,1.0000,1.2430,2.0000,0.324112,0.260748,0.324112,0.260748,0.261154,0.261154,"LINESTRING (-122.41861800000001 37.752322, -122.418518 37.752422)",36.789177,-1.000000,0.012263,7.493868,7.500000,7.506132,0.932256,1.500000,3000.000000,19872897312.917706,1.243008,0.932256,2.000000,1.500000,1.239197,1.239197,1.241079,1.993869,1.993869,1.996897,0.425919,0.000000,1.243,1.242,1.242,1.241,1.240,1.240,0.932,1.240,1.240,1.241,1.242,1.242,
10,906,1270,1288,58.8924,0.0000,0.0000,-1.0000,0.0000,756.0000,756.0000,58.8924,0.0779,3.0010,3.0010,0.1500,4.0000,1.0000,31.1499,50.1202,91.755748,2.945617,91.755748,2.945617,2.976847,2.976847,"LINESTRING (-122.41861800000001 37.752322, -122.433657 37.733169)",58.892382,-1.000000,0.077900,7.461050,7.500000,7.538950,23.362331,37.589990,756.000000,20600817.751474,31.150097,23.362573,50.120506,37.590379,30.543449,30.543280,30.823131,49.144409,49.144138,49.594418,3.032834,0.000000,31.150,31.040,30.931,30.821,30.711,30.602,23.362,30.602,30.711,30.821,30.931,31.040,
10,907,1271,7,23.4311,0.0000,0.0000,-1.0000,0.0000,3000.0000,3000.0000,23.4311,0.0078,0.4253,0.4253,0.1500,4.0000,1.0000,1.2430,2.0000,0.206461,0.166098,0.206461,0.166098,0.166261,0.166261,"LINESTRING (-122.44761 37.721658, -122.44751 37.721758)",23.431084,-1.000000,0.007810,7.496095,7.500000,7.503905,0.932256,1.500000,2343.108445,94663154636.566483,1.243008,0.932256,2.000000,1.500000,1.240581,1.240581,1.241785,1.996095,1.996095,1.998032,0.425745,0.000000,1.243,1.243,1.242,1.242,1.241,1.241,0.932,1.241,1.241,1.242,1.242,1.243,
10,908,1271,1280,28.1702,0.0000,0.0000,-1.0000,0.0000,756.0000,756.0000,28.1702,0.0373,4.0010,4.0010,0.1500,4.0000,1.0000,23.8064,38.3045,44.719808,1.878480,44.719808,1.878480,1.887599,1.887599,"LINESTRING (-122.44761 37.721658, -122.469094 37.706204)",28.170152,-1.000000,0.037262,7.481369,7.500000,7.518631,17.854779,28.728340,756.000000,542128068.619976,23.806385,17.854789,38.304474,28.728355,23.584616,23.584609,23.691368,37.947647,37.947636,38.119412,4.020424,0.000000,23.806,23.768,23.730,23.691,23.653,23.614,17.855,23.614,23.653,23.691,23.730,23.768,
10,909,1272,7,22.1033,0.0000,0.0000,-1.0000,0.0000,3000.0000,3000.0000,22.1033,0.0074,0.4253,0.4253,0.1500,4.0000,1.0000,1.2430,2.0000,0.194761,0.156685,0.194761,0.156685,0.156830,0.156830,"LINESTRING (-122.44761 37.721658, -122.44751 37.721758)",22.103266,-1.000000,0.007368,7.496316,7.500000,7.503684,0.932256,1.500000,2210.326565,112806559941.661407,1.243008,0.932256,2.000000,1.500000,1.240719,1.240719,1.241855,1.996316,1.996316,1.998145,0.425721,0.000000,1.243,1.243,1.242,1.242,1.241,1.241,0.932,1.241,1.241,1.242,1.242,1.243,
10,910,1272,1281,25.5282,0.0000,0.0000,-1.0000,0.0000,756.0000,756.0000,25.5282,0.0338,4.0010,4.0010,0.1500,4.0000,1.0000,23.8064,38.3045,40.525739,1.702306,40.525739,1.702306,1.709766,1.709766,"LINESTRING (-122.44761 37.721658, -122.469094 37.706204)",25.528201,-1.000000,0.033767,7.483116,7.500000,7.516884,17.854782,28.728345,756.000000,806061694.917043,23.806385,17.854789,38.304474,28.728355,23.605415,23.605410,23.702507,37.981112,37.981105,38.137333,4.018535,0.000000,23.806,23.772,23.737,23.702,23.668,23.633,17.855,23.633,23.668,23.702,23.737,23.772,
10,911,1273,8,0.0000,0.0000,0.0000,-1.0000,0.0000,3000.0000,3000.0000,0.0000,0.0000,0.4254,0.4254,0.1500,4.0000,1.0000,1.2430,2.0000,0.000000,0.000000,0.000000,0.000000,0.000000,0.000000,"LINESTRING (-122.126531 37.696838, -122.126431 37.696938)",0.000000,-1.000000,0.000000,7.500000,7.500000,7.500000,0.932256,1.500000,0.000000,nan,1.243008,0.932256,2.000000,1.500000,1.243008,1.243008,1.243008,2.000000,2.000000,2.000000,0.425381,0.000000,1.243,1.243,1.243,1.243,1.243,1.243,nan,1.243,1.243,1.243,1.243,1.243,
10,912,1273,1298,386.0484,0.0000,0.0000,-1.0000,0.0000,756.0000,756.0000,386.0484,0.5106,3.0010,3.0316,0.1500,4.0000,1.0000,50.3285,80.9785,981.697041,19.505792,981.697041,19.505792,21.476313,21.476313,"LINESTRING (-122.126531 37.696838, -122.160813 37.721706)",386.048421,-1.000000,0.510646,7.244677,7.500000,7.755323,37.415823,60.202060,756.000000,7562.583912,50.841805,38.131353,81.804463,61.353348,44.351263,43.903477,45.710689,71.361182,70.640695,73.548498,3.337868,0.000000,50.842,48.631,46.421,44.337,41.799,38.634,37.416,38.634,41.799,44.337,46.421,48.631,
10,913,1274,8,0.0000,0.0000,0.0000,-1.0000,0.0000,3000.0000,3000.0000,0.0000,0.0000,0.4254,0.4254,0.1500,4.0000,1.0000,1.2430,2.0000,0.000000,0.000000,0.000000,0.000000,0.000000,0.000000,"LINESTRING (-122.126531 37.696838, -122.126431 37.696938)",0.000000,-1.000000,0.000000,7.500000,7.500000,7.500000,0.932256,1.500000,0.000000,nan,1.243008,0.932256,2.000000,1.500000,1.243008,1.243008,1.243008,2.000000,2.000000,2.000000,0.425381,0.000000,1.243,1.243,1.243,1.243,1.243,1.243,nan,1.243,1.243,1.243,1.243,1.243,
10,914,1274,1299,505.3972,0.0000,0.0000,-1.0000,0.0000,756.0000,756.0000,505.3972,0.6685,3.0010,3.0909,0.1500,4.0000,1.0000,49.3629,79.4249,1285.193532,26.035609,1285.193532,26.035609,29.937243,29.937243,"LINESTRING (-122.126531 37.696838, -122.160813 37.721706)",505.397198,-1.000000,0.668515,7.165743,7.500000,7.834257,36.103281,58.090180,756.000000,2514.951971,50.841805,38.131353,81.804463,61.353348,42.344680,41.112954,42.929588,68.132590,66.150743,69.073707,3.554105,0.000000,50.842,46.570,42.344,40.970,38.579,36.756,36.103,36.756,38.579,40.970,42.344,46.570,
10,915,1275,9,0.0000,0.0000,0.0000,-1.0000,0.0000,3000.0000,3000.0000,0.0000,0.0000,0.4261,0.4261,0.1500,4.0000,1.0000,1.2430,2.0000,0.000000,0.000000,0.000000,0.000000,0.000000,0.000000,"LINESTRING (-121.874761 37.368395, -121.874661 37.368495)",0.000000,-1.000000,0.000000,7.500000,7.500000,7.500000,0.932256,1.500000,0.000000,nan,1.243008,0.932256,2.000000,1.500000,1.243008,1.243008,1.243008,2.000000,2.000000,2.000000,0.426105,0.000000,1.243,1.243,1.243,1.243,1.243,1.243,nan,1.243,1.243,1.243,1.243,1.243,
10,916,1275,1293,62.7606,0.0000,0.0000,-1.0000,0.0000,756.0000,756.0000,62.7606,0.0830,4.0010,4.0010,0.1500,4.0000,1.0000,44.8583,72.1771,187.737210,4.185113,187.737210,4.185113,4.232655,4.232655,"LINESTRING (-121.874761 37.368395, -121.89090300000001 37.409735999999995)",62.760563,-1.000000,0.083017,7.458492,7.500000,7.541508,33.643541,54.132458,756.000000,21204701.937657,44.858654,33.643991,72.177574,54.133181,43.927651,43.927338,44.354482,70.679590,70.679086,71.366361,4.046479,0.000000,44.859,44.689,44.520,44.351,44.182,44.013,33.644,44.013,44.182,44.351,44.520,44.689,
10,917,1276,11,90.2828,0.0000,0.0000,-1.0000,0.0000,3000.0000,3000.0000,90.2828,0.0301,0.4252,0.4252,0.1500,4.0000,1.0000,1.2430,2.0000,0.795279,0.639802,0.795279,0.639802,0.642291,0.642291,"LINESTRING (-122.413979 37.779349999999994, -122.413879 37.77945)",90.282801,-1.000000,0.030094,7.484953,7.500000,7.515047,0.932256,1.500000,3000.000000,540375006.821463,1.243008,0.932256,2.000000,1.500000,1.233656,1.233656,1.238191,1.984953,1.984953,1.992250,0.426853,0.000000,1.243,1.241,1.240,1.238,1.237,1.235,0.932,1.235,1.237,1.238,1.240,1.241,
10,918,1276,1267,173.1493,0.0000,0.0000,-1.0000,0.0000,756.0000,756.0000,173.1493,0.2290,2.0010,2.0018,0.1500,4.0000,1.0000,31.0924,50.0276,179.617982,5.776913,179.617982,5.776913,5.985676,5.985676,"LINESTRING (-122.413979 37.779349999999994, -122.419855 37.76507599999999)",173.149300,-1.000000,0.229033,7.385483,7.500000,7.614517,23.310872,37.507194,756.000000,160459.069719,31.105217,23.328913,50.048294,37.536221,29.324183,29.312085,30.007971,47.182611,47.163144,48.282825,2.074167,0.000000,31.105,30.720,30.335,29.950,29.565,27.740,23.311,27.740,29.565,29.950,30.335,30.720,
10,919,1277,11,122.3094,0.0000,0.0000,-1.0000,0.0000,3000.0000,3000.0000,122.3094,0.0408,0.4252,0.4252,0.1500,4.0000,1.0000,1.2430,2.0000,1.077393,0.866763,1.077393,0.866763,0.871385,0.871385,"LINESTRING (-122.413979 37.779349999999994, -122.413879 37.77945)",122.309367,-1.000000,0.040770,7.479615,7.500000,7.520385,0.932255,1.499999,3000.000000,159089028.815371,1.243008,0.932256,2.000000,1.500000,1.230339,1.230338,1.236415,1.979615,1.979614,1.989392,0.427466,0.000000,1.243,1.241,1.239,1.236,1.234,1.232,0.932,1.232,1.234,1.236,1.239,1.241,
10,920,1277,1268,142.5314,0.0000,0.0000,-1.0000,0.0000,756.0000,756.0000,142.5314,0.1885,2.0010,2.0014,0.1500,4.0000,1.0000,31.0993,50.0388,147.856248,4.754324,147.856248,4.754324,4.890573,4.890573,"LINESTRING (-122.413979 37.779349999999994, -122.419855 37.76507599999999)",142.531418,-1.000000,0.188534,7.405733,7.500000,7.594267,23.320626,37.522887,756.000000,363148.114444,31.105217,23.328913,50.048294,37.536221,29.639122,29.633506,30.232907,47.689348,47.680311,48.644747,2.058735,0.000000,31.105,30.804,30.503,30.202,29.901,29.261,23.321,29.261,29.901,30.202,30.503,30.804,
10,921,1278,13,0.0000,0.0000,0.0000,-1.0000,0.0000,3000.0000,3000.0000,0.0000,0.0000,0.4253,0.4253,0.1500,4.0000,1.0000,1.2430,2.0000,0.000000,0.000000,0.000000,0.000000,0.000000,0.000000,"LINESTRING (-122.196798 37.753504, -122.196698 37.753604)",0.000000,-1.000000,0.000000,7.500000,7.500000,7.500000,0.932256,1.500000,0.000000,nan,1.243008,0.932256,2.000000,1.500000,1.243008,1.243008,1.243008,2.000000,2.000000,2.000000,0.425256,0.000000,1.243,1.243,1.243,1.243,1.243,1.243,nan,1.243,1.243,1.243,1.243,1.243,
10,922,1278,1285,580.6349,0.0000,0.0000,-1.0000,0.0000,756.0000,756.0000,580.6349,0.7680,4.0010,4.2098,0.1500,4.0000,1.0000,29.8832,48.0821,1217.428236,40.739532,1217.428236,40.739532,48.429943,48.429943,"LINESTRING (-122.196798 37.753504, -122.22416700000001 37.774772999999996)",580.634882,-1.000000,0.768036,7.115982,7.500000,7.884018,21.480092,34.561468,756.000000,2097.236784,31.442926,23.582195,50.591669,37.943751,25.405605,24.145373,25.137924,40.877618,38.849905,40.446920,5.004516,0.000000,31.443,27.105,25.126,23.952,22.676,21.790,21.480,21.790,22.676,23.952,25.126,27.105,
10,923,1279,13,0.0000,0.0000,0.0000,-1.0000,0.0000,3000.0000,3000.0000,0.0000,0.0000,0.4253,0.4253,0.1500,4.0000,1.0000,1.2430,2.0000,0.000000,0.000000,0.000000,0.000000,0.000000,0.000000,"LINESTRING (-122.196798 37.753504, -122.196698 37.753604)",0.000000,-1.000000,0.000000,7.500000,7.500000,7.500000,0.932256,1.500000,0.000000,nan,1.243008,0.932256,2.000000,1.500000,1.243008,1.243008,1.243008,2.000000,2.000000,2.000000,0.425256,0.000000,1.243,1.243,1.243,1.243,1.243,1.243,nan,1.243,1.243,1.243,1.243,1.243,
10,924,1279,1286,608.5613,0.0000,0.0000,-1.0000,0.0000,756.0000,756.0000,608.5613,0.8050,4.0010,4.2530,0.1500,4.0000,1.0000,29.5799,47.5941,1275.982126,43.136791,1275.982126,43.136791,52.007932,52.007932,"LINESTRING (-122.196798 37.753504, -122.22416700000001 37.774772999999996)",608.561317,-1.000000,0.804975,7.097512,7.500000,7.902488,21.091450,33.936144,756.000000,1835.280982,31.442926,23.582195,50.591669,37.943751,25.115232,23.627131,24.534376,40.410408,38.016053,39.475810,5.127628,0.000000,31.443,26.035,24.651,23.429,22.207,21.379,21.091,21.379,22.207,23.429,24.651,26.035,
10,925,1280,15,28.1702,0.0000,0.0000,-1.0000,0.0000,3000.0000,3000.0000,28.1702,0.0094,0.4254,0.4254,0.1500,4.0000,1.0000,1.2430,2.0000,0.248238,0.199708,0.248238,0.199708,0.199945,0.199945,"LINESTRING (-122.469094 37.706204, -122.468994 37.706304)",28.170152,-1.000000,0.009390,7.495305,7.500000,7.504695,0.932256,1.500000,2817.015211,54413331097.449974,1.243008,0.932256,2.000000,1.500000,1.240090,1.240090,1.241535,1.995305,1.995305,1.997631,0.425865,0.000000,1.243,1.243,1.242,1.242,1.241,1.241,0.932,1.241,1.241,1.242,1.242,1.243,
10,926,1281,15,25.5282,0.0000,0.0000,-1.0000,0.0000,3000.0000,3000.0000,25.5282,0.0085,0.4254,0.4254,0.1500,4.0000,1.0000,1.2430,2.0000,0.224957,0.180978,0.224957,0.180978,0.181172,0.181172,"LINESTRING (-122.469094 37.706204, -122.468994 37.706304)",25.528201,-1.000000,0.008509,7.495745,7.500000,7.504255,0.932256,1.500000,2552.820079,73164827527.740372,1.243008,0.932256,2.000000,1.500000,1.240364,1.240364,1.241675,1.995745,1.995745,1.997855,0.425817,0.000000,1.243,1.243,1.242,1.242,1.241,1.241,0.932,1.241,1.241,1.242,1.242,1.243,
10,927,1282,19,162.3071,0.0000,0.0000,-1.0000,0.0000,3000.0000,3000.0000,162.3071,0.0541,0.4252,0.4252,0.1500,4.0000,1.0000,1.2430,2.0000,1.429624,1.150134,1.429624,1.150134,1.158390,1.158390,"LINESTRING (-122.39718 37.792688999999996, -122.39708 37.792789)",162.307064,-1.000000,0.054102,7.472949,7.500000,7.527051,0.932254,1.499996,3000.000000,50756127.977542,1.243008,0.932256,2.000000,1.500000,1.226196,1.226194,1.234147,1.972949,1.972946,1.985743,0.428222,0.000000,1.243,1.240,1.237,1.234,1.231,1.228,0.932,1.228,1.231,1.234,1.237,1.240,
10,928,1282,1294,626.2206,0.0000,0.0000,-1.0000,0.0000,756.0000,756.0000,626.2206,0.8283,1.0010,1.0717,0.1500,4.0000,1.0000,19.6469,31.6118,219.754451,11.185221,219.754451,11.185221,13.614637,13.614637,"LINESTRING (-122.39718 37.792688999999996, -122.401742 37.78911299999999)",626.220553,-1.000000,0.828334,7.085833,7.500000,7.914167,13.931112,22.415160,756.000000,426.438956,21.034273,15.775705,33.844145,25.383109,16.678422,15.578318,16.141044,26.835581,25.065513,25.970939,1.304458,0.000000,21.034,16.805,16.280,15.448,14.649,14.116,13.931,14.116,14.649,15.448,16.280,16.805,
10,929,1283,19,243.8982,0.0000,0.0000,-1.0000,0.0000,3000.0000,3000.0000,243.8982,0.0813,0.4252,0.4252,0.1500,4.0000,1.0000,1.2430,2.0000,2.148291,1.728311,2.148291,1.728311,1.747504,1.747504,"LINESTRING (-122.39718 37.792688999999996, -122.39708 37.792789)",243.898243,-1.000000,0.081299,7.459350,7.500000,7.540650,0.932245,1.499982,3000.000000,9735437.268127,1.243008,0.932256,2.000000,1.500000,1.217744,1.217736,1.229349,1.959350,1.959338,1.978022,0.429893,0.000000,1.243,1.238,1.234,1.229,1.225,1.220,0.932,1.220,1.225,1.229,1.234,1.238,
10,930,1283,1295,553.0292,0.0000,0.0000,-1.0000,0.0000,756.0000,756.0000,553.0292,0.7315,1.0010,1.0440,0.1500,4.0000,1.0000,20.1680,32.4503,194.070003,9.622674,194.070003,9.622674,11.292264,11.292264,"LINESTRING (-122.39718 37.792688999999996, -122.401742 37.78911299999999)",553.029182,-1.000000,0.731520,7.134240,7.500000,7.865760,14.599869,23.491190,756.000000,611.436328,21.034273,15.775705,33.844145,25.383109,17.187525,16.479669,17.186101,27.654727,26.515788,27.652437,1.225136,0.000000,21.034,18.646,17.100,16.364,15.466,14.826,14.600,14.826,15.466,16.364,17.100,18.646,
10,931,1284,20,10.7565,0.0000,0.0000,-1.0000,0.0000,3000.0000,3000.0000,10.7565,0.0036,0.4257,0.4257,0.1500,4.0000,1.0000,1.2430,2.0000,0.094861,0.076316,0.094861,0.076316,0.076350,0.076350,"LINESTRING (-121.97670500000001 37.557413, -121.976605 37.557513)",10.756535,-1.000000,0.003586,7.498207,7.500000,7.501793,0.932256,1.500000,1075.653531,982419387230.005859,1.243008,0.932256,2.000000,1.500000,1.241894,1.241894,1.242449,1.998207,1.998207,1.999101,0.425880,0.000000,1.243,1.243,1.243,1.242,1.242,1.242,0.932,1.242,1.242,1.242,1.243,1.243,
10,932,1284,1302,245.0000,0.0000,0.0000,-1.0000,0.0000,756.0000,756.0000,245.0000,0.3241,5.0010,5.0093,0.1500,4.0000,1.0000,38.3139,61.6471,783.692928,20.454536,783.692928,20.454536,21.589364,21.589364,"LINESTRING (-121.97670500000001 37.557413, -122.01733 37.590664999999994)",245.000000,-1.000000,0.324074,7.337963,7.500000,7.662037,28.693949,46.168565,756.000000,91152.189310,38.377285,28.782964,61.749052,46.311789,35.268014,35.209759,36.299954,56.746235,56.652503,58.406626,5.287191,0.000000,38.377,37.611,36.844,36.077,35.311,31.379,28.694,31.379,35.311,36.077,36.844,37.611,
10,933,1285,21,0.0000,0.0000,0.0000,-1.0000,0.0000,3000.0000,3000.0000,0.0000,0.0000,0.4252,0.4252,0.1500,4.0000,1.0000,1.2430,2.0000,0.000000,0.000000,0.000000,0.000000,0.000000,0.000000,"LINESTRING (-122.22416700000001 37.774772999999996, -122.224067 37.774873)",0.000000,-1.000000,0.000000,7.500000,7.500000,7.500000,0.932256,1.500000,0.000000,nan,1.243008,0.932256,2.000000,1.500000,1.243008,1.243008,1.243008,2.000000,2.000000,2.000000,0.425209,0.000000,1.243,1.243,1.243,1.243,1.243,1.243,nan,1.243,1.243,1.243,1.243,1.243,
10,934,1285,1291,709.5199,0.0000,0.0000,-1.0000,0.0000,756.0000,756.0000,709.5199,0.9385,4.0010,4.4666,0.1500,4.0000,1.0000,36.7120,59.0697,1939.101821,52.819249,1939.101821,52.819249,67.812731,67.812731,"LINESTRING (-122.22416700000001 37.774772999999996, -122.265332 37.797256999999995)",709.519855,-1.000000,0.938518,7.030741,7.500000,7.969259,25.232475,40.599052,756.000000,1321.255104,40.984417,30.738313,65.943927,49.457945,31.368260,28.098301,28.594952,50.471531,45.210166,46.009278,5.734531,0.000000,40.984,31.030,29.602,27.890,26.456,25.543,25.232,25.543,26.456,27.890,29.602,31.030,
10,935,1286,21,0.0000,0.0000,0.0000,-1.0000,0.0000,3000.0000,3000.0000,0.0000,0.0000,0.4252,0.4252,0.1500,4.0000,1.0000,1.2430,2.0000,0.000000,0.000000,0.000000,0.000000,0.000000,0.000000,"LINESTRING (-122.22416700000001 37.774772999999996, -122.224067 37.774873)",0.000000,-1.000000,0.000000,7.500000,7.500000,7.500000,0.932256,1.500000,0.000000,nan,1.243008,0.932256,2.000000,1.500000,1.243008,1.243008,1.243008,2.000000,2.000000,2.000000,0.425209,0.000000,1.243,1.243,1.243,1.243,1.243,1.243,nan,1.243,1.243,1.243,1.243,1.243,
10,936,1286,1292,698.0854,0.0000,0.0000,-1.0000,0.0000,756.0000,756.0000,698.0854,0.9234,4.0010,4.4373,0.1500,4.0000,1.0000,36.9544,59.4597,1907.851708,51.627158,1907.851708,51.627158,65.734939,65.734939,"LINESTRING (-122.22416700000001 37.774772999999996, -122.265332 37.797256999999995)",698.085399,-1.000000,0.923393,7.038303,7.500000,7.961697,25.520098,41.061838,756.000000,1357.237107,40.984417,30.738313,65.943927,49.457945,31.523232,28.423553,29.023404,50.720880,45.733498,46.698657,5.649877,0.000000,40.984,31.270,29.911,28.208,26.762,25.835,25.520,25.835,26.762,28.208,29.911,31.270,
10,937,1287,22,13.1430,0.0000,0.0000,-1.0000,0.0000,3000.0000,3000.0000,13.1430,0.0044,0.4253,0.4253,0.1500,4.0000,1.0000,1.2430,2.0000,0.115801,0.093162,0.115801,0.093162,0.093213,0.093213,"LINESTRING (-122.433657 37.733169, -122.433557 37.733269)",13.142970,-1.000000,0.004381,7.497810,7.500000,7.502190,0.932256,1.500000,1314.296998,537746014532.017761,1.243008,0.932256,2.000000,1.500000,1.241647,1.241647,1.242324,1.997810,1.997810,1.998900,0.425535,0.000000,1.243,1.243,1.243,1.242,1.242,1.242,0.932,1.242,1.242,1.242,1.243,1.243,
10,938,1287,1271,51.6012,0.0000,0.0000,-1.0000,0.0000,756.0000,756.0000,51.6012,0.0683,2.0010,2.0010,0.1500,4.0000,1.0000,33.0445,53.1686,56.866498,1.720907,56.866498,1.720907,1.736731,1.736731,"LINESTRING (-122.433657 37.733169, -122.44761 37.721658)",51.601237,-1.000000,0.068256,7.465872,7.500000,7.534128,24.783300,39.876329,756.000000,23491232.797567,33.044601,24.783451,53.168764,39.876573,32.480732,32.480626,32.743416,52.261497,52.261327,52.684156,2.019406,0.000000,33.045,32.944,32.843,32.742,32.641,32.540,24.783,32.540,32.641,32.742,32.843,32.944,
10,939,1288,22,11.2609,0.0000,0.0000,-1.0000,0.0000,3000.0000,3000.0000,11.2609,0.0038,0.4253,0.4253,0.1500,4.0000,1.0000,1.2430,2.0000,0.099218,0.079821,0.099218,0.079821,0.079859,0.079859,"LINESTRING (-122.433657 37.733169, -122.433557 37.733269)",11.260916,-1.000000,0.003754,7.498123,7.500000,7.501877,0.932256,1.500000,1126.091571,855346356271.547363,1.243008,0.932256,2.000000,1.500000,1.241842,1.241842,1.242423,1.998123,1.998123,1.999058,0.425501,0.000000,1.243,1.243,1.243,1.242,1.242,1.242,0.932,1.242,1.242,1.242,1.243,1.243,
10,940,1288,1272,47.6315,0.0000,0.0000,-1.0000,0.0000,756.0000,756.0000,47.6315,0.0630,2.0010,2.0010,0.1500,4.0000,1.0000,33.0445,53.1686,52.491662,1.588513,52.491662,1.588513,1.601921,1.601921,"LINESTRING (-122.433657 37.733169, -122.44761 37.721658)",47.631466,-1.000000,0.063005,7.468498,7.500000,7.531502,24.783341,39.876396,756.000000,32495885.771092,33.044601,24.783451,53.168764,39.876573,32.524111,32.524034,32.767955,52.331295,52.331171,52.723639,2.017894,0.000000,33.045,32.952,32.859,32.767,32.674,32.582,24.783,32.582,32.674,32.767,32.859,32.952,
10,941,1289,23,0.0000,0.0000,0.0000,-1.0000,0.0000,3000.0000,3000.0000,0.0000,0.0000,0.4254,0.4254,0.1500,4.0000,1.0000,1.2430,2.0000,0.000000,0.000000,0.000000,0.000000,0.000000,0.000000,"LINESTRING (-122.087041 37.669630999999995, -122.086941 37.669731)",0.000000,-1.000000,0.000000,7.500000,7.500000,7.500000,0.932256,1.500000,0.000000,nan,1.243008,0.932256,2.000000,1.500000,1.243008,1.243008,1.243008,2.000000,2.000000,2.000000,0.425441,0.000000,1.243,1.243,1.243,1.243,1.243,1.243,nan,1.243,1.243,1.243,1.243,1.243,
10,942,1289,1273,200.3343,0.0000,0.0000,-1.0000,0.0000,756.0000,756.0000,200.3343,0.2650,4.0010,4.0040,0.1500,4.0000,1.0000,42.9109,69.0437,573.669197,13.368837,573.669197,13.368837,13.945862,13.945862,"LINESTRING (-122.087041 37.669630999999995, -122.126531 37.696838)",200.334267,-1.000000,0.264992,7.367504,7.500000,7.632496,32.162395,51.749293,756.000000,172891.739801,42.942665,32.206999,69.094748,51.821061,40.097795,40.068159,41.135442,64.517352,64.469667,66.186926,4.176778,0.000000,42.943,42.298,41.652,41.007,40.362,36.782,32.162,36.782,40.362,41.007,41.652,42.298,
10,943,1290,23,0.0000,0.0000,0.0000,-1.0000,0.0000,3000.0000,3000.0000,0.0000,0.0000,0.4254,0.4254,0.1500,4.0000,1.0000,1.2430,2.0000,0.000000,0.000000,0.000000,0.000000,0.000000,0.000000,"LINESTRING (-122.087041 37.669630999999995, -122.086941 37.669731)",0.000000,-1.000000,0.000000,7.500000,7.500000,7.500000,0.932256,1.500000,0.000000,nan,1.243008,0.932256,2.000000,1.500000,1.243008,1.243008,1.243008,2.000000,2.000000,2.000000,0.425441,0.000000,1.243,1.243,1.243,1.243,1.243,1.243,nan,1.243,1.243,1.243,1.243,1.243,
10,944,1290,1274,439.6657,0.0000,0.0000,-1.0000,0.0000,756.0000,756.0000,439.6657,0.5816,4.0010,4.0697,0.1500,4.0000,1.0000,42.2182,67.9291,1259.009215,29.821453,1259.009215,29.821453,33.443964,33.443964,"LINESTRING (-122.087041 37.669630999999995, -122.126531 37.696838)",439.665733,-1.000000,0.581568,7.209216,7.500000,7.790784,31.203092,50.205775,756.000000,5813.019901,42.942665,32.206999,69.094748,51.821061,36.699141,36.080039,37.645335,59.048917,58.052783,60.571344,4.564008,0.000000,42.943,40.456,37.969,36.265,33.999,31.957,31.203,31.957,33.999,36.265,37.969,40.456,
10,945,1291,25,0.0000,0.0000,0.0000,-1.0000,0.0000,3000.0000,3000.0000,0.0000,0.0000,0.4252,0.4252,0.1500,4.0000,1.0000,1.2430,2.0000,0.000000,0.000000,0.000000,0.000000,0.000000,0.000000,"LINESTRING (-122.265332 37.797256999999995, -122.265232 37.797357)",0.000000,-1.000000,0.000000,7.500000,7.500000,7.500000,0.932256,1.500000,0.000000,nan,1.243008,0.932256,2.000000,1.500000,1.243008,1.243008,1.243008,2.000000,2.000000,2.000000,0.425159,0.000000,1.243,1.243,1.243,1.243,1.243,1.243,nan,1.243,1.243,1.243,1.243,1.243,
10,946,1291,1304,781.8350,0.0000,0.0000,-1.0000,0.0000,756.0000,756.0000,781.8350,1.0342,6.0010,7.0306,0.1500,4.0000,1.0000,14.6360,23.5493,1340.851169,91.613421,1340.851169,91.613421,122.151227,122.151227,"LINESTRING (-122.265332 37.797256999999995, -122.295244 37.804823)",781.834992,-1.000000,1.034173,6.982913,7.500000,8.017087,9.730113,15.655752,756.000000,1814.702347,17.147196,12.860397,27.589838,20.692379,12.860397,10.976977,10.976977,20.692379,17.661955,17.661955,9.374195,0.000000,12.843,12.371,11.587,10.817,10.220,9.853,9.730,9.853,10.220,10.817,11.587,12.371,
10,947,1292,25,0.0000,0.0000,0.0000,-1.0000,0.0000,3000.0000,3000.0000,0.0000,0.0000,0.4252,0.4252,0.1500,4.0000,1.0000,1.2430,2.0000,0.000000,0.000000,0.000000,0.000000,0.000000,0.000000,"LINESTRING (-122.265332 37.797256999999995, -122.265232 37.797357)",0.000000,-1.000000,0.000000,7.500000,7.500000,7.500000,0.932256,1.500000,0.000000,nan,1.243008,0.932256,2.000000,1.500000,1.243008,1.243008,1.243008,2.000000,2.000000,2.000000,0.425159,0.000000,1.243,1.243,1.243,1.243,1.243,1.243,nan,1.243,1.243,1.243,1.243,1.243,
10,948,1292,1305,747.8406,0.0000,0.0000,-1.0000,0.0000,756.0000,756.0000,747.8406,0.9892,6.0010,6.8629,0.1500,4.0000,1.0000,14.9937,24.1248,1282.550545,85.539418,1282.550545,85.539418,113.238559,113.238559,"LINESTRING (-122.265332 37.797256999999995, -122.295244 37.804823)",747.840564,-1.000000,0.989207,7.005396,7.500000,7.994604,10.131856,16.302157,756.000000,1838.858147,17.147196,12.860397,27.589838,20.692379,12.906664,11.285715,11.326094,20.766822,18.158716,18.223685,9.085243,0.000000,17.147,12.615,11.933,11.206,10.621,10.255,10.132,10.255,10.621,11.206,11.933,12.615,
10,949,1293,28,0.4160,0.0000,0.0000,-1.0000,0.0000,3000.0000,3000.0000,0.4160,0.0001,0.4260,0.4260,0.1500,4.0000,1.0000,1.2430,2.0000,0.003671,0.002953,0.003671,0.002953,0.002953,0.002953,"LINESTRING (-121.89090300000001 37.409735999999995, -121.890803 37.409836)",0.415958,-1.000000,0.000139,7.499931,7.500000,7.500069,0.932256,1.500000,41.595803,17046005705182332.000000,1.243008,0.932256,2.000000,1.500000,1.242965,1.242965,1.242987,1.999931,1.999931,1.999965,0.426021,0.000000,1.243,1.243,1.243,1.243,1.243,1.243,0.932,1.243,1.243,1.243,1.243,1.243,
10,950,1293,1303,107.0626,0.0000,0.0000,-1.0000,0.0000,756.0000,756.0000,107.0626,0.1416,8.0010,8.0015,0.1500,4.0000,1.0000,51.9160,83.5329,741.239016,14.277656,741.239016,14.277656,14.571389,14.571389,"LINESTRING (-121.89090300000001 37.409735999999995, -121.939458 37.502207)",107.062580,-1.000000,0.141617,7.429191,7.500000,7.570809,38.934956,62.646344,756.000000,4760651.300278,51.919147,38.939361,83.537908,62.653431,50.080987,50.077965,50.869482,80.580308,80.575446,81.848996,8.166096,0.000000,51.919,51.562,51.205,50.848,50.492,50.135,38.935,50.135,50.492,50.848,51.205,51.562,
10,951,1294,29,230.8665,0.0000,0.0000,-1.0000,0.0000,3000.0000,3000.0000,230.8665,0.0770,0.4252,0.4252,0.1500,4.0000,1.0000,1.2430,2.0000,2.033543,1.635994,2.033543,1.635994,1.653112,1.653112,"LINESTRING (-122.401742 37.78911299999999, -122.401642 37.789213)",230.866459,-1.000000,0.076955,7.461522,7.500000,7.538478,0.932247,1.499985,3000.000000,12170763.063438,1.243008,0.932256,2.000000,1.500000,1.219094,1.219088,1.230130,1.961522,1.961512,1.979280,0.429628,0.000000,1.243,1.239,1.234,1.230,1.226,1.221,0.932,1.221,1.226,1.230,1.234,1.239,
10,952,1294,1296,395.3541,0.0000,0.0000,-1.0000,0.0000,756.0000,756.0000,395.3541,0.5230,2.0010,2.0234,0.1500,4.0000,1.0000,13.1981,21.2357,175.969388,13.332981,175.969388,13.332981,14.725296,14.725296,"LINESTRING (-122.401742 37.78911299999999, -122.407487 37.784544999999994)",395.354094,-1.000000,0.522955,7.238522,7.500000,7.761478,9.803372,15.773626,756.000000,4551.742352,13.346120,10.009590,21.473907,16.105430,11.601264,11.472555,11.950142,18.666434,18.459341,19.227779,2.234751,0.000000,13.346,12.737,12.127,11.586,10.897,10.105,9.803,10.105,10.897,11.586,12.127,12.737,
10,953,1295,29,205.8286,0.0000,0.0000,-1.0000,0.0000,3000.0000,3000.0000,205.8286,0.0686,0.4252,0.4252,0.1500,4.0000,1.0000,1.2430,2.0000,1.813002,1.458565,1.813002,1.458565,1.472051,1.472051,"LINESTRING (-122.401742 37.78911299999999, -122.401642 37.789213)",205.828617,-1.000000,0.068610,7.465695,7.500000,7.534305,0.932250,1.499991,3000.000000,19396240.907348,1.243008,0.932256,2.000000,1.500000,1.221688,1.221684,1.231616,1.965695,1.965689,1.981670,0.429110,0.000000,1.243,1.239,1.235,1.232,1.228,1.224,0.932,1.224,1.228,1.232,1.235,1.239,
10,954,1295,1297,347.4755,0.0000,0.0000,-1.0000,0.0000,756.0000,756.0000,347.4755,0.4596,2.0010,2.0144,0.1500,4.0000,1.0000,13.2574,21.3311,154.658959,11.665884,154.658959,11.665884,12.686515,12.686515,"LINESTRING (-122.401742 37.78911299999999, -122.407487 37.784544999999994)",347.475510,-1.000000,0.459624,7.270188,7.500000,7.729812,9.885510,15.905786,756.000000,7963.336858,13.346120,10.009590,21.473907,16.105430,11.812572,11.734021,12.190815,19.006428,18.880040,19.615021,2.190632,0.000000,13.346,12.873,12.400,11.927,11.317,10.298,9.886,10.298,11.317,11.927,12.400,12.873,
10,955,1296,38,131.9220,0.0000,0.0000,-1.0000,0.0000,3000.0000,3000.0000,131.9220,0.0440,0.4252,0.4252,0.1500,4.0000,1.0000,1.2430,2.0000,1.162037,0.934859,1.162037,0.934859,0.940255,0.940255,"LINESTRING (-122.407487 37.784544999999994, -122.407387 37.784645)",131.921993,-1.000000,0.043974,7.478013,7.500000,7.521987,0.932255,1.499998,3000.000000,117245861.050071,1.243008,0.932256,2.000000,1.500000,1.229343,1.229342,1.235875,1.978013,1.978012,1.988523,0.427641,0.000000,1.243,1.241,1.238,1.236,1.233,1.231,0.932,1.231,1.233,1.236,1.238,1.241,
10,956,1296,1276,263.4321,0.0000,0.0000,-1.0000,0.0000,756.0000,756.0000,263.4321,0.3485,2.0010,2.0054,0.1500,4.0000,1.0000,15.0972,24.2914,132.929255,8.804889,132.929255,8.804889,9.340634,9.340634,"LINESTRING (-122.407487 37.784544999999994, -122.413979 37.779349999999994)",263.432101,-1.000000,0.348455,7.325772,7.500000,7.674228,11.301087,18.183450,756.000000,26643.629399,15.130596,11.347947,24.345129,18.258847,13.812513,13.782034,14.231288,22.224333,22.175293,22.898142,2.127448,0.000000,15.131,14.793,14.456,14.119,13.790,12.200,11.301,12.200,13.790,14.119,14.456,14.793,
10,957,1297,38,99.6418,0.0000,0.0000,-1.0000,0.0000,3000.0000,3000.0000,99.6418,0.0332,0.4252,0.4252,0.1500,4.0000,1.0000,1.2430,2.0000,0.877697,0.706107,0.877697,0.706107,0.709149,0.709149,"LINESTRING (-122.407487 37.784544999999994, -122.407387 37.784645)",99.641786,-1.000000,0.033214,7.483393,7.500000,7.516607,0.932256,1.500000,3000.000000,363312286.490662,1.243008,0.932256,2.000000,1.500000,1.232687,1.232687,1.237676,1.983393,1.983393,1.991421,0.427019,0.000000,1.243,1.241,1.239,1.238,1.236,1.234,0.932,1.234,1.236,1.238,1.239,1.241,
10,958,1297,1277,247.8337,0.0000,0.0000,-1.0000,0.0000,756.0000,756.0000,247.8337,0.3278,2.0010,2.0045,0.1500,4.0000,1.0000,15.1044,24.3030,125.058230,8.279573,125.058230,8.279573,8.745669,8.745669,"LINESTRING (-122.407487 37.784544999999994, -122.413979 37.779349999999994)",247.833724,-1.000000,0.327822,7.336089,7.500000,7.663911,11.311206,18.199730,756.000000,34704.152246,15.130596,11.347947,24.345129,18.258847,13.890559,13.866537,14.299447,22.349910,22.311258,23.007810,2.117307,0.000000,15.131,14.823,14.516,14.208,13.901,12.343,11.311,12.343,13.901,14.208,14.516,14.823,
10,959,1298,41,0.0000,0.0000,0.0000,-1.0000,0.0000,3000.0000,3000.0000,0.0000,0.0000,0.4253,0.4253,0.1500,4.0000,1.0000,1.2430,2.0000,0.000000,0.000000,0.000000,0.000000,0.000000,0.000000,"LINESTRING (-122.160813 37.721706, -122.160713 37.721806)",0.000000,-1.000000,0.000000,7.500000,7.500000,7.500000,0.932256,1.500000,0.000000,nan,1.243008,0.932256,2.000000,1.500000,1.243008,1.243008,1.243008,2.000000,2.000000,2.000000,0.425326,0.000000,1.243,1.243,1.243,1.243,1.243,1.243,nan,1.243,1.243,1.243,1.243,1.243,
10,960,1298,1278,525.2156,0.0000,0.0000,-1.0000,0.0000,756.0000,756.0000,525.2156,0.6947,4.0010,4.1408,0.1500,4.0000,1.0000,42.7312,68.7545,1548.874345,36.246927,1548.874345,36.246927,42.022099,42.022099,"LINESTRING (-122.160813 37.721706, -122.196798 37.753504)",525.215625,-1.000000,0.694730,7.152635,7.500000,7.847365,31.128773,50.086195,756.000000,2915.482351,44.224327,33.168245,71.156942,53.367707,36.543339,35.309534,36.858567,58.798233,56.813040,59.305434,4.800554,0.000000,44.224,40.031,36.504,35.124,33.129,31.653,31.129,31.653,33.129,35.124,36.504,40.031,
10,961,1299,41,0.0000,0.0000,0.0000,-1.0000,0.0000,3000.0000,3000.0000,0.0000,0.0000,0.4253,0.4253,0.1500,4.0000,1.0000,1.2430,2.0000,0.000000,0.000000,0.000000,0.000000,0.000000,0.000000,"LINESTRING (-122.160813 37.721706, -122.160713 37.721806)",0.000000,-1.000000,0.000000,7.500000,7.500000,7.500000,0.932256,1.500000,0.000000,nan,1.243008,0.932256,2.000000,1.500000,1.243008,1.243008,1.243008,2.000000,2.000000,2.000000,0.425326,0.000000,1.243,1.243,1.243,1.243,1.243,1.243,nan,1.243,1.243,1.243,1.243,1.243,
10,962,1299,1279,573.8903,0.0000,0.0000,-1.0000,0.0000,756.0000,756.0000,573.8903,0.7591,4.0010,4.2003,0.1500,4.0000,1.0000,42.1260,67.7808,1692.417295,40.175110,1692.417295,40.175110,47.604282,47.604282,"LINESTRING (-122.160813 37.721706, -122.196798 37.753504)",573.890329,-1.000000,0.759114,7.120443,7.500000,7.879557,30.335115,48.809199,756.000000,2172.792855,44.224327,33.168245,71.156942,53.367707,35.831499,34.131401,35.551787,57.652881,54.917424,57.202825,4.977008,0.000000,44.224,38.417,35.495,33.865,32.048,30.779,30.335,30.779,32.048,33.865,35.495,38.417,
10,963,1300,44,0.0000,0.0000,0.0000,-1.0000,0.0000,3000.0000,3000.0000,0.0000,0.0000,0.4255,0.4255,0.1500,4.0000,1.0000,1.2430,2.0000,0.000000,0.000000,0.000000,0.000000,0.000000,0.000000,"LINESTRING (-122.057258 37.634263, -122.057158 37.634363)",0.000000,-1.000000,0.000000,7.500000,7.500000,7.500000,0.932256,1.500000,0.000000,nan,1.243008,0.932256,2.000000,1.500000,1.243008,1.243008,1.243008,2.000000,2.000000,2.000000,0.425519,0.000000,1.243,1.243,1.243,1.243,1.243,1.243,nan,1.243,1.243,1.243,1.243,1.243,
10,964,1300,1289,87.7945,0.0000,0.0000,-1.0000,0.0000,756.0000,756.0000,87.7945,0.1161,4.0010,4.0011,0.1500,4.0000,1.0000,44.0524,70.8804,257.909010,5.854593,257.909010,5.854593,5.950868,5.950868,"LINESTRING (-122.057258 37.634263, -122.087041 37.669630999999995)",87.794547,-1.000000,0.116130,7.441935,7.500000,7.558065,33.038530,53.158995,756.000000,5383887.904580,44.053627,33.040220,70.882286,53.161714,42.774636,42.773469,43.339731,68.824390,68.822512,69.733628,4.066905,0.000000,44.054,43.812,43.571,43.330,43.089,42.848,33.039,42.848,43.089,43.330,43.571,43.812,
10,965,1301,44,0.0000,0.0000,0.0000,-1.0000,0.0000,3000.0000,3000.0000,0.0000,0.0000,0.4255,0.4255,0.1500,4.0000,1.0000,1.2430,2.0000,0.000000,0.000000,0.000000,0.000000,0.000000,0.000000,"LINESTRING (-122.057258 37.634263, -122.057158 37.634363)",0.000000,-1.000000,0.000000,7.500000,7.500000,7.500000,0.932256,1.500000,0.000000,nan,1.243008,0.932256,2.000000,1.500000,1.243008,1.243008,1.243008,2.000000,2.000000,2.000000,0.425519,0.000000,1.243,1.243,1.243,1.243,1.243,1.243,nan,1.243,1.243,1.243,1.243,1.243,
10,966,1301,1290,401.2055,0.0000,0.0000,-1.0000,0.0000,756.0000,756.0000,401.2055,0.5307,4.0010,4.0486,0.1500,4.0000,1.0000,43.5356,70.0488,1178.598273,27.072031,1178.598273,27.072031,29.957813,29.957813,"LINESTRING (-122.057258 37.634263, -122.087041 37.669630999999995)",401.205453,-1.000000,0.530695,7.234652,7.500000,7.765348,32.319223,52.001630,756.000000,8546.426452,44.053627,33.040220,70.882286,53.161714,38.208867,37.759606,39.341933,61.478066,60.755205,63.301171,4.480170,0.000000,44.054,41.978,39.902,38.121,35.816,33.281,32.319,33.281,35.816,38.121,39.902,41.978,
10,967,1302,46,0.0000,0.0000,0.0000,-1.0000,0.0000,3000.0000,3000.0000,0.0000,0.0000,0.4256,0.4256,0.1500,4.0000,1.0000,1.2430,2.0000,0.000000,0.000000,0.000000,0.000000,0.000000,0.000000,"LINESTRING (-122.01733 37.590664999999994, -122.01723 37.590765)",0.000000,-1.000000,0.000000,7.500000,7.500000,7.500000,0.932256,1.500000,0.000000,nan,1.243008,0.932256,2.000000,1.500000,1.243008,1.243008,1.243008,2.000000,2.000000,2.000000,0.425615,0.000000,1.243,1.243,1.243,1.243,1.243,1.243,nan,1.243,1.243,1.243,1.243,1.243,
10,968,1302,1301,371.0000,0.0000,0.0000,-1.0000,0.0000,756.0000,756.0000,371.0000,0.4907,5.0010,5.0445,0.1500,4.0000,1.0000,44.2741,71.2370,1380.992267,31.191869,1380.992267,31.191869,34.174904,34.174904,"LINESTRING (-122.01733 37.590664999999994, -122.057258 37.634263)",371.000000,-1.000000,0.490741,7.254630,7.500000,7.745370,32.956874,53.027611,756.000000,14966.604132,44.659279,33.494459,71.856780,53.892585,39.180247,38.842334,40.409543,63.041017,62.497315,65.018955,5.526939,0.000000,44.659,42.866,41.073,39.280,37.145,34.136,32.957,34.136,37.145,39.280,41.073,42.866,
10,969,1303,47,2.9703,0.0000,0.0000,-1.0000,0.0000,3000.0000,3000.0000,2.9703,0.0010,0.4258,0.4258,0.1500,4.0000,1.0000,1.2430,2.0000,0.026202,0.021080,0.026202,0.021080,0.021082,0.021082,"LINESTRING (-121.939458 37.502207, -121.939358 37.502307)",2.970292,-1.000000,0.000990,7.499505,7.500000,7.500495,0.932256,1.500000,297.029183,46761528019053.179688,1.243008,0.932256,2.000000,1.500000,1.242700,1.242700,1.242854,1.999505,1.999505,1.999752,0.425863,0.000000,1.243,1.243,1.243,1.243,1.243,1.243,0.932,1.243,1.243,1.243,1.243,1.243,
10,970,1303,1284,145.7565,0.0000,0.0000,-1.0000,0.0000,756.0000,756.0000,145.7565,0.1928,6.0010,6.0022,0.1500,4.0000,1.0000,43.2535,69.5949,630.683680,14.581105,630.683680,14.581105,15.010142,15.010142,"LINESTRING (-121.939458 37.502207, -121.97670500000001 37.557413)",145.756535,-1.000000,0.192800,7.403600,7.500000,7.596400,32.434237,52.186687,756.000000,991879.338879,43.262455,32.446841,69.609290,52.206968,41.177208,41.168676,42.017169,66.254128,66.240399,67.605625,6.178855,0.000000,43.262,42.832,42.401,41.971,41.540,40.480,32.434,40.480,41.540,41.971,42.401,42.832,
10,971,1304,50,8.2076,0.0000,0.0000,-1.0000,0.0000,3000.0000,3000.0000,8.2076,0.0027,0.4251,0.4251,0.1500,4.0000,1.0000,1.2430,2.0000,0.072289,0.058157,0.072289,0.058157,0.058176,0.058176,"LINESTRING (-122.295244 37.804823, -122.295144 37.804923)",8.207582,-1.000000,0.002736,7.498632,7.500000,7.501368,0.932256,1.500000,820.758201,2209980629716.183594,1.243008,0.932256,2.000000,1.500000,1.242158,1.242158,1.242582,1.998632,1.998632,1.999314,0.425288,0.000000,1.243,1.243,1.243,1.243,1.242,1.242,0.932,1.242,1.242,1.243,1.243,1.243,
10,972,1304,1282,788.5276,0.0000,0.0000,-1.0000,0.0000,756.0000,756.0000,788.5276,1.0430,7.0010,8.2439,0.1500,4.0000,1.0000,40.9702,65.9211,4438.803269,108.342219,4438.803269,108.342219,144.456292,144.456292,"LINESTRING (-122.295244 37.804823, -122.39718 37.792688999999996)",788.527617,-1.000000,1.043026,6.978487,7.500000,8.021513,27.146512,43.678737,756.000000,2117.102480,48.243649,36.182736,77.624030,58.218023,36.182736,30.727656,30.727656,58.218023,49.440799,49.440799,10.991850,0.000000,36.104,34.673,32.409,30.216,28.527,27.493,27.147,27.493,28.527,30.216,32.409,34.673,
10,973,1305,50,7.0266,0.0000,0.0000,-1.0000,0.0000,3000.0000,3000.0000,7.0266,0.0023,0.4251,0.4251,0.1500,4.0000,1.0000,1.2430,2.0000,0.061888,0.049789,0.061888,0.049789,0.049803,0.049803,"LINESTRING (-122.295244 37.804823, -122.295144 37.804923)",7.026648,-1.000000,0.002342,7.498829,7.500000,7.501171,0.932256,1.500000,702.664771,3523045448308.340820,1.243008,0.932256,2.000000,1.500000,1.242280,1.242280,1.242643,1.998829,1.998829,1.999413,0.425267,0.000000,1.243,1.243,1.243,1.243,1.243,1.242,0.932,1.242,1.243,1.243,1.243,1.243,
10,974,1305,1283,787.0356,0.0000,0.0000,-1.0000,0.0000,756.0000,756.0000,787.0356,1.0411,7.0010,8.2345,0.1500,4.0000,1.0000,41.0169,65.9962,4430.404371,108.014175,4430.404371,108.014175,144.018901,144.018901,"LINESTRING (-122.295244 37.804823, -122.39718 37.792688999999996)",787.035602,-1.000000,1.041052,6.979474,7.500000,8.020526,27.197775,43.761219,756.000000,2117.102480,48.243649,36.182736,77.624030,58.218023,36.182736,30.762659,30.762659,58.218023,49.497119,49.497119,10.979343,0.000000,36.111,34.703,32.452,30.265,28.578,27.544,27.198,27.544,28.578,30.265,32.452,34.703,
10,975,1306,2,7.0830,0.0000,0.0000,-1.0000,0.0000,3000.0000,3000.0000,7.0830,0.0024,0.4252,0.4252,0.1500,4.0000,1.0000,1.2430,2.0000,0.062397,0.050198,0.062397,0.050198,0.050213,0.050213,"LINESTRING (-122.419855 37.76507599999999, -122.419755 37.765176)",7.083004,-1.000000,0.002361,7.498819,7.500000,7.501181,0.932256,1.500000,708.300358,3440282150665.068848,1.243008,0.932256,2.000000,1.500000,1.242274,1.242274,1.242640,1.998820,1.998820,1.999408,0.425356,0.000000,1.243,1.243,1.243,1.243,1.243,1.242,0.932,1.242,1.243,1.243,1.243,1.243,
10,976,1306,1312,490.6398,0.0000,0.0000,-1.0000,0.0000,756.0000,756.0000,490.6398,0.6490,2.0010,2.0542,0.1500,4.0000,1.0000,30.2989,48.7510,508.969569,16.798261,508.969569,16.798261,19.202200,19.202200,"LINESTRING (-122.419855 37.76507599999999, -122.413979 37.779349999999994)",490.639764,-1.000000,0.648994,7.175503,7.500000,7.824497,22.220236,35.752360,756.000000,1875.417480,31.105217,23.328913,50.048294,37.536221,26.058439,25.382982,26.505795,41.928029,40.841218,42.647824,2.348224,0.000000,31.105,28.709,26.313,25.335,23.828,22.646,22.220,22.646,23.828,25.335,26.313,28.709,
10,977,1307,4,4.7982,0.0000,0.0000,-1.0000,0.0000,3000.0000,3000.0000,4.7982,0.0016,0.4253,0.4253,0.1500,4.0000,1.0000,1.2430,2.0000,0.042272,0.034008,0.042272,0.034008,0.034014,0.034014,"LINESTRING (-122.41861800000001 37.752322, -122.418518 37.752422)",4.798164,-1.000000,0.001599,7.499200,7.500000,7.500800,0.932256,1.500000,479.816372,11073852841046.271484,1.243008,0.932256,2.000000,1.500000,1.242511,1.242511,1.242759,1.999200,1.999200,1.999600,0.425344,0.000000,1.243,1.243,1.243,1.243,1.243,1.243,0.932,1.243,1.243,1.243,1.243,1.243,
10,978,1307,1306,471.7749,0.0000,0.0000,-1.0000,0.0000,756.0000,756.0000,471.7749,0.6240,2.0010,2.0465,0.1500,4.0000,1.0000,25.9169,41.7004,417.045291,16.091605,417.045291,16.091605,18.260978,18.260978,"LINESTRING (-122.41861800000001 37.752322, -122.419855 37.76507599999999)",471.774926,-1.000000,0.624041,7.187980,7.500000,7.812020,19.066641,30.678225,756.000000,2184.994915,26.506508,19.879881,42.648971,31.986728,22.371222,21.873640,22.838059,35.995296,35.194686,36.746438,2.322418,0.000000,26.507,24.673,22.840,21.885,20.552,19.462,19.067,19.462,20.552,21.885,22.840,24.673,
10,979,1308,7,2.9703,0.0000,0.0000,-1.0000,0.0000,3000.0000,3000.0000,2.9703,0.0010,0.4253,0.4253,0.1500,4.0000,1.0000,1.2430,2.0000,0.026172,0.021056,0.026172,0.021056,0.021058,0.021058,"LINESTRING (-122.44761 37.721658, -122.44751 37.721758)",2.970292,-1.000000,0.000990,7.499505,7.500000,7.500495,0.932256,1.500000,297.029183,46708354603926.664062,1.243008,0.932256,2.000000,1.500000,1.242700,1.242700,1.242854,1.999505,1.999505,1.999752,0.425379,0.000000,1.243,1.243,1.243,1.243,1.243,1.243,0.932,1.243,1.243,1.243,1.243,1.243,
10,980,1308,1319,417.0547,0.0000,0.0000,-1.0000,0.0000,756.0000,756.0000,417.0547,0.5517,2.0010,2.0288,0.1500,4.0000,1.0000,32.5918,52.4402,459.609964,14.102002,459.609964,14.102002,15.689802,15.689802,"LINESTRING (-122.44761 37.721658, -122.433657 37.733169)",417.054738,-1.000000,0.551660,7.224170,7.500000,7.775830,24.154276,38.864230,756.000000,3625.394637,33.044601,24.783451,53.168764,39.876573,28.487258,28.096925,29.293547,45.835998,45.207952,47.133317,2.257229,0.000000,33.045,31.350,29.656,28.325,26.566,24.812,24.154,24.812,26.566,28.325,29.656,31.350,
10,981,1309,8,24.6751,0.0000,0.0000,-1.0000,0.0000,3000.0000,3000.0000,24.6751,0.0082,0.4254,0.4254,0.1500,4.0000,1.0000,1.2430,2.0000,0.217450,0.174939,0.217450,0.174939,0.175120,0.175120,"LINESTRING (-122.126531 37.696838, -122.126431 37.696938)",24.675134,-1.000000,0.008225,7.495887,7.500000,7.504113,0.932256,1.500000,2467.513388,81039946306.271591,1.243008,0.932256,2.000000,1.500000,1.240452,1.240452,1.241720,1.995888,1.995888,1.997927,0.425822,0.000000,1.243,1.243,1.242,1.242,1.241,1.241,0.932,1.241,1.241,1.242,1.242,1.243,
10,982,1309,1320,196.2792,0.0000,0.0000,-1.0000,0.0000,756.0000,756.0000,196.2792,0.2596,5.0010,5.0044,0.1500,4.0000,1.0000,34.3325,55.2409,562.057382,16.371024,562.057382,16.371024,17.060103,17.060103,"LINESTRING (-122.126531 37.696838, -122.087041 37.669630999999995)",196.279239,-1.000000,0.259629,7.370186,7.500000,7.629814,25.734002,41.406009,756.000000,235757.507521,34.355850,25.766888,55.278563,41.458922,32.125910,32.104029,32.945721,51.690589,51.655383,53.009665,5.215051,0.000000,34.356,33.854,33.352,32.850,32.348,29.586,25.734,29.586,32.348,32.850,33.352,33.854,
10,983,1310,9,36.0000,0.0000,0.0000,-1.0000,0.0000,3000.0000,3000.0000,36.0000,0.0120,0.4261,0.4261,0.1500,4.0000,1.0000,1.2430,2.0000,0.317791,0.255663,0.317791,0.255663,0.256052,0.256052,"LINESTRING (-121.874761 37.368395, -121.874661 37.368495)",36.000000,-1.000000,0.012000,7.494000,7.500000,7.506000,0.932256,1.500000,3000.000000,21721111726.412746,1.243008,0.932256,2.000000,1.500000,1.239279,1.239279,1.241121,1.994000,1.994000,1.996964,0.426753,0.000000,1.243,1.242,1.242,1.241,1.240,1.240,0.932,1.240,1.240,1.241,1.242,1.242,
10,984,1311,9,43.6071,0.0000,0.0000,-1.0000,0.0000,3000.0000,3000.0000,43.6071,0.0145,0.4261,0.4261,0.1500,4.0000,1.0000,1.2430,2.0000,0.384943,0.309686,0.384943,0.309686,0.310258,0.310258,"LINESTRING (-121.874761 37.368395, -121.874661 37.368495)",43.607061,-1.000000,0.014536,7.492732,7.500000,7.507268,0.932256,1.500000,3000.000000,10069895924.001085,1.243008,0.932256,2.000000,1.500000,1.238491,1.238491,1.240717,1.992732,1.992732,1.996313,0.426892,0.000000,1.243,1.242,1.241,1.241,1.240,1.239,0.932,1.239,1.240,1.241,1.241,1.242,
10,985,1312,11,238.3783,0.0000,0.0000,-1.0000,0.0000,3000.0000,3000.0000,238.3783,0.0795,0.4252,0.4252,0.1500,4.0000,1.0000,1.2430,2.0000,2.099816,1.689312,2.099816,1.689312,1.707611,1.707611,"LINESTRING (-122.413979 37.779349999999994, -122.413879 37.77945)",238.378271,-1.000000,0.079459,7.460270,7.500000,7.539730,0.932246,1.499983,3000.000000,10686037.057637,1.243008,0.932256,2.000000,1.500000,1.218316,1.218309,1.229680,1.960270,1.960259,1.978556,0.429807,0.000000,1.243,1.239,1.234,1.230,1.225,1.221,0.932,1.221,1.225,1.230,1.234,1.239,
10,986,1312,1325,268.3900,0.0000,0.0000,-1.0000,0.0000,756.0000,756.0000,268.3900,0.3550,2.0010,2.0058,0.1500,4.0000,1.0000,15.0946,24.2873,135.431020,8.972132,135.431020,8.972132,9.531258,9.531258,"LINESTRING (-122.413979 37.779349999999994, -122.407487 37.784544999999994)",268.389966,-1.000000,0.355013,7.322493,7.500000,7.677507,11.297475,18.177637,756.000000,24572.081637,15.130596,11.347947,24.345129,18.258847,13.787706,13.754932,14.209144,22.184419,22.131686,22.862513,2.130763,0.000000,15.131,14.784,14.437,14.090,13.745,12.159,11.297,12.159,13.745,14.090,14.437,14.784,
10,987,1313,13,14.9218,0.0000,0.0000,-1.0000,0.0000,3000.0000,3000.0000,14.9218,0.0050,0.4253,0.4253,0.1500,4.0000,1.0000,1.2430,2.0000,0.131460,0.105759,0.131460,0.105759,0.105826,0.105826,"LINESTRING (-122.196798 37.753504, -122.196698 37.753604)",14.921762,-1.000000,0.004974,7.497513,7.500000,7.502487,0.932256,1.500000,1492.176189,367246158331.331116,1.243008,0.932256,2.000000,1.500000,1.241462,1.241462,1.242231,1.997513,1.997513,1.998750,0.425522,0.000000,1.243,1.243,1.242,1.242,1.242,1.242,0.932,1.242,1.242,1.242,1.242,1.243,
10,988,1313,1326,187.1060,0.0000,0.0000,-1.0000,0.0000,756.0000,756.0000,187.1060,0.2475,4.0010,4.0033,0.1500,4.0000,1.0000,44.1995,71.1169,551.780316,12.483872,551.780316,12.483872,12.979469,12.979469,"LINESTRING (-122.196798 37.753504, -122.160813 37.721706)",187.105974,-1.000000,0.247495,7.376253,7.500000,7.623747,33.133281,53.311450,756.000000,231133.022404,44.224327,33.168245,71.156942,53.367707,41.488006,41.464669,42.511778,66.754201,66.716653,68.401451,4.162177,0.000000,44.224,43.618,43.012,42.406,41.800,38.582,33.133,38.582,41.800,42.406,43.012,43.618,
10,989,1314,15,0.0000,0.0000,0.0000,-1.0000,0.0000,3000.0000,3000.0000,0.0000,0.0000,0.4254,0.4254,0.1500,4.0000,1.0000,1.2430,2.0000,0.000000,0.000000,0.000000,0.000000,0.000000,0.000000,"LINESTRING (-122.469094 37.706204, -122.468994 37.706304)",0.000000,-1.000000,0.000000,7.500000,7.500000,7.500000,0.932256,1.500000,0.000000,nan,1.243008,0.932256,2.000000,1.500000,1.243008,1.243008,1.243008,2.000000,2.000000,2.000000,0.425360,0.000000,1.243,1.243,1.243,1.243,1.243,1.243,nan,1.243,1.243,1.243,1.243,1.243,
10,990,1314,1308,335.2731,0.0000,0.0000,-1.0000,0.0000,756.0000,756.0000,335.2731,0.4435,3.0010,3.0184,0.1500,4.0000,1.0000,31.5561,50.7738,532.242308,16.866541,532.242308,16.866541,18.273014,18.273014,"LINESTRING (-122.469094 37.706204, -122.44761 37.721658)",335.273057,-1.000000,0.443483,7.278259,7.500000,7.721741,23.548213,37.889075,756.000000,13960.235361,31.739201,23.804400,51.068374,38.301280,28.220253,28.057455,29.127232,45.406386,45.144446,46.865717,3.270113,0.000000,31.739,30.685,29.631,28.578,27.199,24.618,23.548,24.618,27.199,28.578,29.631,30.685,
10,991,1315,19,118.6520,0.0000,0.0000,-1.0000,0.0000,3000.0000,3000.0000,118.6520,0.0396,0.4252,0.4252,0.1500,4.0000,1.0000,1.2430,2.0000,1.045104,0.840786,1.045104,0.840786,0.845130,0.845130,"LINESTRING (-122.39718 37.792688999999996, -122.39708 37.792789)",118.651990,-1.000000,0.039551,7.480225,7.500000,7.519775,0.932255,1.499999,3000.000000,179790443.669398,1.243008,0.932256,2.000000,1.500000,1.230718,1.230717,1.236620,1.980225,1.980224,1.989721,0.427366,0.000000,1.243,1.241,1.239,1.237,1.234,1.232,0.932,1.232,1.234,1.237,1.239,1.241,
10,992,1315,1332,140.7446,0.0000,0.0000,-1.0000,0.0000,756.0000,756.0000,140.7446,0.1862,7.0010,7.0023,0.1500,4.0000,1.0000,48.2350,77.6100,792.283942,16.425514,792.283942,16.425514,16.889301,16.889301,"LINESTRING (-122.39718 37.792688999999996, -122.295244 37.804823)",140.744640,-1.000000,0.186170,7.406915,7.500000,7.593085,36.170516,58.198360,756.000000,1339270.920616,48.243649,36.182736,77.624030,58.218023,45.998267,45.989980,46.910403,74.011211,73.997877,75.478839,7.199976,0.000000,48.244,47.784,47.324,46.864,46.404,45.511,36.171,45.511,46.404,46.864,47.324,47.784,
10,993,1316,20,3.3303,0.0000,0.0000,-1.0000,0.0000,3000.0000,3000.0000,3.3303,0.0011,0.4257,0.4257,0.1500,4.0000,1.0000,1.2430,2.0000,0.029370,0.023628,0.029370,0.023628,0.023631,0.023631,"LINESTRING (-121.97670500000001 37.557413, -121.976605 37.557513)",3.330309,-1.000000,0.001110,7.499445,7.500000,7.500555,0.932256,1.500000,333.030933,33164166628726.929688,1.243008,0.932256,2.000000,1.500000,1.242663,1.242663,1.242835,1.999445,1.999445,1.999722,0.425748,0.000000,1.243,1.243,1.243,1.243,1.243,1.243,0.932,1.243,1.243,1.243,1.243,1.243,
10,994,1316,1330,41.6515,0.0000,0.0000,-1.0000,0.0000,756.0000,756.0000,41.6515,0.0551,6.0010,6.0010,0.1500,4.0000,1.0000,43.2624,69.6092,180.224857,4.165855,180.224857,4.165855,4.196341,4.196341,"LINESTRING (-121.97670500000001 37.557413, -121.939458 37.502207)",41.651547,-1.000000,0.055095,7.472453,7.500000,7.527547,32.446757,52.206832,756.000000,167738199.240593,43.262455,32.446841,69.609290,52.206968,42.666573,42.666514,42.948096,68.650515,68.650421,69.103486,6.044925,0.000000,43.262,43.157,43.052,42.947,42.842,42.737,32.447,42.737,42.842,42.947,43.052,43.157,
10,995,1317,20,33.4862,0.0000,0.0000,-1.0000,0.0000,3000.0000,3000.0000,33.4862,0.0112,0.4257,0.4257,0.1500,4.0000,1.0000,1.2430,2.0000,0.295312,0.237578,0.295312,0.237578,0.237914,0.237914,"LINESTRING (-121.97670500000001 37.557413, -121.976605 37.557513)",33.486178,-1.000000,0.011162,7.494419,7.500000,7.505581,0.932256,1.500000,3000.000000,29005631046.269508,1.243008,0.932256,2.000000,1.500000,1.239540,1.239540,1.241254,1.994419,1.994419,1.997178,0.426290,0.000000,1.243,1.242,1.242,1.241,1.241,1.240,0.932,1.240,1.241,1.241,1.242,1.242,
10,996,1317,1331,114.0382,0.0000,0.0000,-1.0000,0.0000,756.0000,756.0000,114.0382,0.1508,6.0010,6.0015,0.1500,4.0000,1.0000,43.2591,69.6039,493.439699,11.406612,493.439699,11.406612,11.658852,11.658852,"LINESTRING (-121.97670500000001 37.557413, -121.939458 37.502207)",114.038246,-1.000000,0.150844,7.424578,7.500000,7.575422,32.442117,52.199367,756.000000,2751100.159508,43.262455,32.446841,69.609290,52.206968,41.630982,41.627749,42.323182,66.984250,66.979048,68.097999,6.134180,0.000000,43.262,42.942,42.622,42.302,41.982,41.661,32.442,41.661,41.982,42.302,42.622,42.942,
10,997,1318,21,23.3358,0.0000,0.0000,-1.0000,0.0000,3000.0000,3000.0000,23.3358,0.0078,0.4252,0.4252,0.1500,4.0000,1.0000,1.2430,2.0000,0.205564,0.165376,0.205564,0.165376,0.165538,0.165538,"LINESTRING (-122.22416700000001 37.774772999999996, -122.224067 37.774873)",23.335753,-1.000000,0.007779,7.496111,7.500000,7.503889,0.932256,1.500000,2333.575254,95803912826.945358,1.243008,0.932256,2.000000,1.500000,1.240591,1.240591,1.241790,1.996111,1.996111,1.998040,0.425626,0.000000,1.243,1.243,1.242,1.242,1.241,1.241,0.932,1.241,1.241,1.242,1.242,1.243,
10,998,1318,1313,166.0277,0.0000,0.0000,-1.0000,0.0000,756.0000,756.0000,166.0277,0.2196,4.0010,4.0024,0.1500,4.0000,1.0000,31.4320,50.5740,348.113523,11.075146,348.113523,11.075146,11.455652,11.455652,"LINESTRING (-122.22416700000001 37.774772999999996, -122.196798 37.753504)",166.027736,-1.000000,0.219613,7.390193,7.500000,7.609807,23.566777,37.918944,756.000000,382974.784345,31.442926,23.582195,50.591669,37.943751,29.716604,29.706239,30.387927,47.814016,47.797339,48.894175,4.139905,0.000000,31.443,31.074,30.706,30.337,29.968,28.385,23.567,28.385,29.968,30.337,30.706,31.074,
10,999,1319,22,7.0000,0.0000,0.0000,-1.0000,0.0000,3000.0000,3000.0000,7.0000,0.0023,0.4253,0.4253,0.1500,4.0000,1.0000,1.2430,2.0000,0.061676,0.049618,0.061676,0.049618,0.049633,0.049633,"LINESTRING (-122.433657 37.733169, -122.433557 37.733269)",7.000000,-1.000000,0.002333,7.498833,7.500000,7.501167,0.932256,1.500000,700.000000,3564785487767.480957,1.243008,0.932256,2.000000,1.500000,1.242283,1.242283,1.242645,1.998833,1.998833,1.999415,0.425425,0.000000,1.243,1.243,1.243,1.243,1.243,1.242,0.932,1.242,1.243,1.243,1.243,1.243,
10,1000,1319,1307,414.5117,0.0000,0.0000,-1.0000,0.0000,756.0000,756.0000,414.5117,0.5483,3.0010,3.0417,0.1500,4.0000,1.0000,30.7335,49.4501,645.819211,21.013557,645.819211,21.013557,23.359081,23.359081,"LINESTRING (-122.433657 37.733169, -122.41861800000001 37.752322)",414.511706,-1.000000,0.548296,7.225852,7.500000,7.774148,22.783448,36.658568,756.000000,5579.640999,31.150097,23.362573,50.120506,37.590379,26.880229,26.520698,27.647458,43.250289,42.671804,44.484760,3.381195,0.000000,31.150,29.575,27.999,26.744,25.087,23.412,22.783,23.412,25.087,26.744,27.999,29.575,
10,1001,1320,23,38.3271,0.0000,0.0000,-1.0000,0.0000,3000.0000,3000.0000,38.3271,0.0128,0.4254,0.4254,0.1500,4.0000,1.0000,1.2430,2.0000,0.337806,0.271765,0.337806,0.271765,0.272205,0.272205,"LINESTRING (-122.087041 37.669630999999995, -122.086941 37.669731)",38.327060,-1.000000,0.012776,7.493612,7.500000,7.506388,0.932256,1.500000,3000.000000,16870827088.000172,1.243008,0.932256,2.000000,1.500000,1.239038,1.239038,1.240998,1.993612,1.993612,1.996765,0.426130,0.000000,1.243,1.242,1.242,1.241,1.240,1.240,0.932,1.240,1.240,1.241,1.242,1.242,
10,1002,1320,1327,191.0623,0.0000,0.0000,-1.0000,0.0000,756.0000,756.0000,191.0623,0.2527,4.0010,4.0034,0.1500,4.0000,1.0000,44.0267,70.8389,561.272666,12.748465,561.272666,12.748465,13.267656,13.267656,"LINESTRING (-122.087041 37.669630999999995, -122.057258 37.634263)",191.062264,-1.000000,0.252728,7.373636,7.500000,7.626364,33.002354,53.100788,756.000000,211495.180252,44.053627,33.040220,70.882286,53.161714,41.270232,41.244993,42.303830,66.403804,66.363194,68.066863,4.166492,0.000000,44.054,43.433,42.812,42.191,41.570,38.213,33.002,38.213,41.570,42.191,42.812,43.433,
10,1003,1321,25,16.5818,0.0000,0.0000,-1.0000,0.0000,3000.0000,3000.0000,16.5818,0.0055,0.4252,0.4252,0.1500,4.0000,1.0000,1.2430,2.0000,0.146052,0.117498,0.146052,0.117498,0.117580,0.117580,"LINESTRING (-122.265332 37.797256999999995, -122.265232 37.797357)",16.581812,-1.000000,0.005527,7.497236,7.500000,7.502764,0.932256,1.500000,1658.181221,267449224682.177216,1.243008,0.932256,2.000000,1.500000,1.241291,1.241291,1.242145,1.997236,1.997236,1.998611,0.425455,0.000000,1.243,1.243,1.242,1.242,1.242,1.242,0.932,1.242,1.242,1.242,1.242,1.243,
10,1004,1321,1318,153.1194,0.0000,0.0000,-1.0000,0.0000,756.0000,756.0000,153.1194,0.2025,4.0010,4.0020,0.1500,4.0000,1.0000,40.9741,65.9273,418.471790,10.213087,418.471790,10.213087,10.531658,10.531658,"LINESTRING (-122.265332 37.797256999999995, -122.22416700000001 37.774772999999996)",153.119367,-1.000000,0.202539,7.398731,7.500000,7.601269,30.723772,49.434548,756.000000,538044.728620,40.984417,30.738313,65.943927,49.457945,38.909183,38.899364,39.734653,62.604875,62.589076,63.933057,4.126842,0.000000,40.984,40.551,40.117,39.683,39.250,37.858,30.724,37.858,39.250,39.683,40.117,40.551,
10,1005,1322,28,11.9891,0.0000,0.0000,-1.0000,0.0000,3000.0000,3000.0000,11.9891,0.0040,0.4260,0.4260,0.1500,4.0000,1.0000,1.2430,2.0000,0.105812,0.085125,0.105812,0.085125,0.085168,0.085168,"LINESTRING (-121.89090300000001 37.409735999999995, -121.890803 37.409836)",11.989114,-1.000000,0.003996,7.498002,7.500000,7.501998,0.932256,1.500000,1198.911358,709823115325.892456,1.243008,0.932256,2.000000,1.500000,1.241766,1.241766,1.242385,1.998002,1.998002,1.998997,0.426228,0.000000,1.243,1.243,1.243,1.242,1.242,1.242,0.932,1.242,1.242,1.242,1.243,1.243,
10,1006,1322,1310,36.0000,0.0000,0.0000,-1.0000,0.0000,756.0000,756.0000,36.0000,0.0476,4.0010,4.0010,0.1500,4.0000,1.0000,44.8586,72.1775,107.687682,2.400602,107.687682,2.400602,2.415664,2.415664,"LINESTRING (-121.89090300000001 37.409735999999995, -121.874761 37.368395)",36.000000,-1.000000,0.047619,7.476190,7.500000,7.523810,33.643942,54.133102,756.000000,201599515.979341,44.858654,33.643991,72.177574,54.133181,44.324622,44.324588,44.578922,71.318317,71.318262,71.727485,4.026106,0.000000,44.859,44.765,44.672,44.578,44.485,44.391,33.644,44.391,44.485,44.578,44.672,44.765,
10,1007,1323,28,34.2212,0.0000,0.0000,-1.0000,0.0000,3000.0000,3000.0000,34.2212,0.0114,0.4260,0.4260,0.1500,4.0000,1.0000,1.2430,2.0000,0.302024,0.242978,0.302024,0.242978,0.243329,0.243329,"LINESTRING (-121.89090300000001 37.409735999999995, -121.890803 37.409836)",34.221151,-1.000000,0.011407,7.494296,7.500000,7.505704,0.932256,1.500000,3000.000000,26608287058.948711,1.243008,0.932256,2.000000,1.500000,1.239463,1.239463,1.241216,1.994297,1.994297,1.997116,0.426629,0.000000,1.243,1.242,1.242,1.241,1.241,1.240,0.932,1.240,1.241,1.241,1.242,1.242,
10,1008,1323,1311,43.6071,0.0000,0.0000,-1.0000,0.0000,756.0000,756.0000,43.6071,0.0577,4.0010,4.0010,0.1500,4.0000,1.0000,44.8586,72.1775,130.442870,2.907869,130.442870,2.907869,2.930210,2.930210,"LINESTRING (-121.89090300000001 37.409735999999995, -121.874761 37.368395)",43.607061,-1.000000,0.057681,7.471159,7.500000,7.528841,33.643886,54.133012,756.000000,92890104.460119,44.858654,33.643991,72.177574,54.133181,44.211778,44.211704,44.516555,71.136750,71.136632,71.627137,4.031747,0.000000,44.859,44.744,44.630,44.515,44.401,44.287,33.644,44.287,44.401,44.515,44.630,44.744,
10,1009,1324,29,32.4447,0.0000,0.0000,-1.0000,0.0000,3000.0000,3000.0000,32.4447,0.0108,0.4252,0.4252,0.1500,4.0000,1.0000,1.2430,2.0000,0.285783,0.229913,0.285783,0.229913,0.230227,0.230227,"LINESTRING (-122.401742 37.78911299999999, -122.401642 37.789213)",32.444726,-1.000000,0.010815,7.494593,7.500000,7.505407,0.932256,1.500000,3000.000000,32882171702.354633,1.243008,0.932256,2.000000,1.500000,1.239647,1.239647,1.241310,1.994593,1.994593,1.997267,0.425759,0.000000,1.243,1.242,1.242,1.241,1.241,1.240,0.932,1.240,1.241,1.241,1.242,1.242,
10,1010,1324,1315,249.0627,0.0000,0.0000,-1.0000,0.0000,756.0000,756.0000,249.0627,0.3294,1.0010,1.0028,0.1500,4.0000,1.0000,20.9972,33.7844,87.401531,4.162538,87.401531,4.162538,4.398342,4.398342,"LINESTRING (-122.401742 37.78911299999999, -122.39718 37.792688999999996)",249.062692,-1.000000,0.329448,7.335276,7.500000,7.664724,15.723610,25.299289,756.000000,16993.492981,21.034273,15.775705,33.844145,25.383109,19.301848,19.267802,19.871472,31.056674,31.001893,31.973199,1.059575,0.000000,21.034,20.604,20.173,19.742,19.312,17.142,15.724,17.142,19.312,19.742,20.173,20.604,
10,1011,1325,38,38.1744,0.0000,0.0000,-1.0000,0.0000,3000.0000,3000.0000,38.1744,0.0127,0.4252,0.4252,0.1500,4.0000,1.0000,1.2430,2.0000,0.336260,0.270521,0.336260,0.270521,0.270958,0.270958,"LINESTRING (-122.407487 37.784544999999994, -122.407387 37.784645)",38.174401,-1.000000,0.012725,7.493638,7.500000,7.506362,0.932256,1.500000,3000.000000,17132745511.760895,1.243008,0.932256,2.000000,1.500000,1.239054,1.239054,1.241006,1.993638,1.993638,1.996778,0.425873,0.000000,1.243,1.242,1.242,1.241,1.240,1.240,0.932,1.240,1.240,1.241,1.242,1.242,
10,1012,1325,1324,263.5011,0.0000,0.0000,-1.0000,0.0000,756.0000,756.0000,263.5011,0.3485,2.0010,2.0054,0.1500,4.0000,1.0000,13.3166,21.4265,117.282547,8.807218,117.282547,8.807218,9.343285,9.343285,"LINESTRING (-122.407487 37.784544999999994, -122.401742 37.78911299999999)",263.501144,-1.000000,0.348546,7.325727,7.500000,7.674273,9.968214,16.038856,756.000000,26613.355386,13.346120,10.009590,21.473907,16.105430,12.183184,12.156273,12.552604,19.602743,19.559443,20.197139,2.127494,0.000000,13.346,13.049,12.751,12.454,12.163,10.761,9.968,10.761,12.163,12.454,12.751,13.049,
10,1013,1326,41,6.9424,0.0000,0.0000,-1.0000,0.0000,3000.0000,3000.0000,6.9424,0.0023,0.4253,0.4253,0.1500,4.0000,1.0000,1.2430,2.0000,0.061172,0.049213,0.061172,0.049213,0.049227,0.049227,"LINESTRING (-122.160813 37.721706, -122.160713 37.721806)",6.942398,-1.000000,0.002314,7.498843,7.500000,7.501157,0.932256,1.500000,694.239805,3654526615182.463379,1.243008,0.932256,2.000000,1.500000,1.242289,1.242289,1.242648,1.998843,1.998843,1.999420,0.425449,0.000000,1.243,1.243,1.243,1.243,1.243,1.242,0.932,1.242,1.243,1.243,1.243,1.243,
10,1014,1326,1309,218.3473,0.0000,0.0000,-1.0000,0.0000,756.0000,756.0000,218.3473,0.2888,3.0010,3.0041,0.1500,4.0000,1.0000,50.7888,81.7192,555.243588,10.932404,555.243588,10.932404,11.457308,11.457308,"LINESTRING (-122.160813 37.721706, -122.126531 37.696838)",218.347312,-1.000000,0.288819,7.355590,7.500000,7.644410,38.056875,61.233512,756.000000,89770.088049,50.841805,38.131353,81.804463,61.353348,47.170782,47.121599,48.461958,75.897789,75.818653,77.975290,3.148372,0.000000,50.842,49.981,49.121,48.261,47.401,42.629,38.057,42.629,47.401,48.261,49.121,49.981,
10,1015,1327,44,24.2177,0.0000,0.0000,-1.0000,0.0000,3000.0000,3000.0000,24.2177,0.0081,0.4255,0.4255,0.1500,4.0000,1.0000,1.2430,2.0000,0.213489,0.171752,0.213489,0.171752,0.171927,0.171927,"LINESTRING (-122.057258 37.634263, -122.057158 37.634363)",24.217725,-1.000000,0.008073,7.495964,7.500000,7.504036,0.932256,1.500000,2421.772504,85756862291.420151,1.243008,0.932256,2.000000,1.500000,1.240500,1.240500,1.241744,1.995964,1.995964,1.997966,0.425952,0.000000,1.243,1.243,1.242,1.242,1.241,1.241,0.932,1.241,1.241,1.242,1.242,1.243,
10,1016,1327,1329,196.2332,0.0000,0.0000,-1.0000,0.0000,756.0000,756.0000,196.2332,0.2596,5.0010,5.0044,0.1500,4.0000,1.0000,44.6289,71.8079,730.448722,16.367172,730.448722,16.367172,17.055890,17.055890,"LINESTRING (-122.057258 37.634263, -122.01733 37.590664999999994)",196.233159,-1.000000,0.259568,7.370216,7.500000,7.629784,33.451751,53.823867,756.000000,235993.112030,44.659279,33.494459,71.856780,53.892585,41.761253,41.732836,42.826773,67.193855,67.148133,68.908277,5.214987,0.000000,44.659,44.007,43.355,42.702,42.050,38.461,33.452,38.461,42.050,42.702,43.355,44.007,
10,1017,1328,46,0.0000,0.0000,0.0000,-1.0000,0.0000,3000.0000,3000.0000,0.0000,0.0000,0.4256,0.4256,0.1500,4.0000,1.0000,1.2430,2.0000,0.000000,0.000000,0.000000,0.000000,0.000000,0.000000,"LINESTRING (-122.01733 37.590664999999994, -122.01723 37.590765)",0.000000,-1.000000,0.000000,7.500000,7.500000,7.500000,0.932256,1.500000,0.000000,nan,1.243008,0.932256,2.000000,1.500000,1.243008,1.243008,1.243008,2.000000,2.000000,2.000000,0.425615,0.000000,1.243,1.243,1.243,1.243,1.243,1.243,nan,1.243,1.243,1.243,1.243,1.243,
10,1018,1328,1316,18.6588,0.0000,0.0000,-1.0000,0.0000,756.0000,756.0000,18.6588,0.0247,5.0010,5.0010,0.1500,4.0000,1.0000,38.3773,61.7490,59.684788,1.555211,59.684788,1.555211,1.560143,1.560143,"LINESTRING (-122.01733 37.590664999999994, -121.97670500000001 37.557413)",18.658804,-1.000000,0.024681,7.487660,7.500000,7.512340,28.782961,46.311784,756.000000,3555272951.875664,38.377285,28.782964,61.749052,46.311789,38.140488,38.140486,38.255964,61.368045,61.368042,61.553846,5.016860,0.000000,38.377,38.337,38.296,38.256,38.215,38.175,28.783,38.175,38.215,38.256,38.296,38.337,
10,1019,1329,46,48.7087,0.0000,0.0000,-1.0000,0.0000,3000.0000,3000.0000,48.7087,0.0162,0.4256,0.4256,0.1500,4.0000,1.0000,1.2430,2.0000,0.429484,0.345520,0.429484,0.345520,0.346234,0.346234,"LINESTRING (-122.01733 37.590664999999994, -122.01723 37.590765)",48.708735,-1.000000,0.016236,7.491882,7.500000,7.508118,0.932256,1.500000,3000.000000,6452989206.084239,1.243008,0.932256,2.000000,1.500000,1.237963,1.237963,1.240444,1.991882,1.991882,1.995875,0.426495,0.000000,1.243,1.242,1.241,1.240,1.240,1.239,0.932,1.239,1.240,1.240,1.241,1.242,
10,1020,1329,1317,147.5244,0.0000,0.0000,-1.0000,0.0000,756.0000,756.0000,147.5244,0.1951,5.0010,5.0021,0.1500,4.0000,1.0000,38.3689,61.7356,471.893257,12.298835,471.893257,12.298835,12.665910,12.665910,"LINESTRING (-122.01733 37.590664999999994, -121.97670500000001 37.557413)",147.524424,-1.000000,0.195138,7.402431,7.500000,7.597569,28.771230,46.292910,756.000000,785952.844354,38.377285,28.782964,61.749052,46.311789,36.505067,36.497129,37.256956,58.736653,58.723881,59.946443,5.151382,0.000000,38.377,37.990,37.602,37.214,36.827,35.801,28.771,35.801,36.827,37.214,37.602,37.990,
10,1021,1330,47,7.9927,0.0000,0.0000,-1.0000,0.0000,3000.0000,3000.0000,7.9927,0.0027,0.4258,0.4258,0.1500,4.0000,1.0000,1.2430,2.0000,0.070507,0.056723,0.070507,0.056723,0.056742,0.056742,"LINESTRING (-121.939458 37.502207, -121.939358 37.502307)",7.992742,-1.000000,0.002664,7.498668,7.500000,7.501332,0.932256,1.500000,799.274239,2396911801922.269043,1.243008,0.932256,2.000000,1.500000,1.242180,1.242180,1.242593,1.998668,1.998668,1.999332,0.425953,0.000000,1.243,1.243,1.243,1.243,1.242,1.242,0.932,1.242,1.242,1.243,1.243,1.243,
10,1022,1330,1322,45.9891,0.0000,0.0000,-1.0000,0.0000,756.0000,756.0000,45.9891,0.0608,9.0010,9.0010,0.1500,4.0000,1.0000,46.1509,74.2568,318.401867,6.899148,318.401867,6.899148,6.955239,6.955239,"LINESTRING (-121.939458 37.502207, -121.89090300000001 37.409735999999995)",45.989114,-1.000000,0.060832,7.469584,7.500000,7.530416,34.613112,55.692497,756.000000,168497239.137206,46.150993,34.613245,74.256948,55.692711,45.449127,45.449034,45.778707,73.127646,73.127495,73.657939,9.074199,0.000000,46.151,46.026,45.902,45.777,45.653,45.528,34.613,45.528,45.653,45.777,45.902,46.026,
10,1023,1331,47,36.2100,0.0000,0.0000,-1.0000,0.0000,3000.0000,3000.0000,36.2100,0.0121,0.4258,0.4258,0.1500,4.0000,1.0000,1.2430,2.0000,0.319424,0.256977,0.319424,0.256977,0.257370,0.257370,"LINESTRING (-121.939458 37.502207, -121.939358 37.502307)",36.210035,-1.000000,0.012070,7.493965,7.500000,7.506035,0.932256,1.500000,3000.000000,21205713576.359264,1.243008,0.932256,2.000000,1.500000,1.239257,1.239257,1.241110,1.993965,1.993965,1.996946,0.426462,0.000000,1.243,1.242,1.242,1.241,1.240,1.240,0.932,1.240,1.240,1.241,1.242,1.242,
10,1024,1331,1323,77.8282,0.0000,0.0000,-1.0000,0.0000,756.0000,756.0000,77.8282,0.1029,9.0010,9.0012,0.1500,4.0000,1.0000,46.1502,74.2557,538.837261,11.675726,538.837261,11.675726,11.843648,11.843648,"LINESTRING (-121.939458 37.502207, -121.89090300000001 37.409735999999995)",77.828212,-1.000000,0.102947,7.448526,7.500000,7.551474,34.612152,55.690952,756.000000,19836280.516932,46.150993,34.613245,74.256948,55.692711,44.963212,44.962455,45.495885,72.345809,72.344590,73.202880,9.130608,0.000000,46.151,45.930,45.710,45.489,45.268,45.048,34.612,45.048,45.268,45.489,45.710,45.930,
10,1025,1332,50,5.9611,0.0000,0.0000,-1.0000,0.0000,3000.0000,3000.0000,5.9611,0.0020,0.4251,0.4251,0.1500,4.0000,1.0000,1.2430,2.0000,0.052503,0.042239,0.052503,0.042239,0.042249,0.042249,"LINESTRING (-122.295244 37.804823, -122.295144 37.804923)",5.961101,-1.000000,0.001987,7.499006,7.500000,7.500994,0.932256,1.500000,596.110111,5771641202129.041016,1.243008,0.932256,2.000000,1.500000,1.242391,1.242391,1.242699,1.999007,1.999007,1.999502,0.425248,0.000000,1.243,1.243,1.243,1.243,1.243,1.242,0.932,1.242,1.243,1.243,1.243,1.243,
10,1026,1332,1321,142.1175,0.0000,0.0000,-1.0000,0.0000,756.0000,756.0000,142.1175,0.1880,6.0010,6.0021,0.1500,4.0000,1.0000,17.1440,27.5847,243.732229,14.216779,243.732229,14.216779,14.622811,14.622811,"LINESTRING (-122.295244 37.804823, -122.265332 37.797256999999995)",142.117477,-1.000000,0.187986,7.406007,7.500000,7.593993,12.855881,20.685113,756.000000,1102388.298060,17.147196,12.860397,27.589838,20.692379,16.341337,16.338277,16.667946,26.293212,26.288287,26.818725,6.173545,0.000000,17.147,16.982,16.816,16.651,16.486,16.141,12.856,16.141,16.486,16.651,16.816,16.982,
10,1027,1333,1,33.0599,0.0000,0.0000,-1.0000,0.0000,3000.0000,3000.0000,33.0599,0.0110,0.4251,0.4251,0.1500,4.0000,1.0000,1.2430,2.0000,0.291180,0.234254,0.291180,0.234254,0.234581,0.234581,"LINESTRING (-122.27168900000001 37.803371, -122.271589 37.803471)",33.059875,-1.000000,0.011020,7.494490,7.500000,7.505510,0.932256,1.500000,3000.000000,30495247851.238220,1.243008,0.932256,2.000000,1.500000,1.239584,1.239584,1.241277,1.994490,1.994490,1.997215,0.425738,0.000000,1.243,1.242,1.242,1.241,1.241,1.240,0.932,1.240,1.241,1.241,1.242,1.242,
10,1028,1333,1356,1097.0000,0.0000,0.0000,-1.0000,0.0000,756.0000,756.0000,1097.0000,1.4511,5.0010,8.3267,0.1500,4.0000,1.0000,9.2960,14.9572,1415.222103,152.240434,1415.222103,152.240434,202.987246,202.987246,"LINESTRING (-122.27168900000001 37.803371, -122.295244 37.804823)",1097.000000,-1.000000,1.451058,6.774471,7.500000,8.225529,5.166421,8.312771,756.000000,1512.302305,15.477913,11.608435,24.903962,18.677971,11.608435,6.971976,6.971976,18.677971,11.217909,11.217909,11.102311,0.916667,8.639,7.441,6.536,5.897,5.479,5.243,5.166,5.243,5.479,5.897,6.536,7.441,
10,1029,1334,2,71.0000,0.0000,0.0000,-1.0000,0.0000,3000.0000,3000.0000,71.0000,0.0237,0.4252,0.4252,0.1500,4.0000,1.0000,1.2430,2.0000,0.625468,0.503189,0.625468,0.503189,0.504718,0.504718,"LINESTRING (-122.419855 37.76507599999999, -122.419755 37.765176)",71.000000,-1.000000,0.023667,7.488167,7.500000,7.511833,0.932256,1.500000,3000.000000,1419972557.552974,1.243008,0.932256,2.000000,1.500000,1.235654,1.235654,1.239244,1.988167,1.988167,1.993943,0.426522,0.000000,1.243,1.242,1.240,1.239,1.238,1.237,0.932,1.237,1.238,1.239,1.240,1.242,
10,1030,1334,1336,216.0000,0.0000,0.0000,-1.0000,0.0000,756.0000,756.0000,216.0000,0.2857,2.0010,2.0030,0.1500,4.0000,1.0000,26.4800,42.6064,190.942286,7.210801,190.942286,7.210801,7.552395,7.552395,"LINESTRING (-122.419855 37.76507599999999, -122.41861800000001 37.752322)",216.000000,-1.000000,0.285714,7.357143,7.500000,7.642857,19.842691,31.926890,756.000000,62692.748060,26.506508,19.879881,42.648971,31.986728,24.613186,24.588608,25.282350,39.602616,39.563069,40.679301,2.097887,0.000000,26.507,26.065,25.623,25.181,24.739,22.282,19.843,22.282,24.739,25.181,25.623,26.065,
10,1031,1335,3,26.3811,0.0000,0.0000,-1.0000,0.0000,3000.0000,3000.0000,26.3811,0.0088,0.4251,0.4251,0.1500,4.0000,1.0000,1.2430,2.0000,0.232350,0.186926,0.232350,0.186926,0.187133,0.187133,"LINESTRING (-122.268822 37.807959999999994, -122.268722 37.80806)",26.381113,-1.000000,0.008794,7.495603,7.500000,7.504397,0.932256,1.500000,2638.111261,66246092922.076149,1.243008,0.932256,2.000000,1.500000,1.240275,1.240275,1.241630,1.995603,1.995603,1.997782,0.425607,0.000000,1.243,1.243,1.242,1.242,1.241,1.241,0.932,1.241,1.241,1.242,1.242,1.243,
10,1032,1335,1333,1128.0599,0.0000,0.0000,-1.0000,0.0000,756.0000,756.0000,1128.0599,1.4921,2.0010,3.4889,0.1500,4.0000,1.0000,6.0822,9.7862,398.959936,65.595192,398.959936,65.595192,87.460256,87.460256,"LINESTRING (-122.268822 37.807959999999994, -122.27168900000001 37.803371)",1128.059875,-1.000000,1.492143,6.753929,7.500000,8.246071,3.321979,5.345065,756.000000,605.102420,10.604771,7.953578,17.063076,12.797307,7.953578,4.561614,4.561614,12.797307,7.339637,7.339637,4.651894,0.916667,5.589,4.791,4.201,3.790,3.522,3.371,3.322,3.371,3.522,3.790,4.201,4.791,
10,1033,1336,4,71.0000,0.0000,0.0000,-1.0000,0.0000,3000.0000,3000.0000,71.0000,0.0237,0.4253,0.4253,0.1500,4.0000,1.0000,1.2430,2.0000,0.625510,0.503222,0.625510,0.503222,0.504751,0.504751,"LINESTRING (-122.41861800000001 37.752322, -122.418518 37.752422)",71.000000,-1.000000,0.023667,7.488167,7.500000,7.511833,0.932256,1.500000,3000.000000,1420066724.691023,1.243008,0.932256,2.000000,1.500000,1.235654,1.235654,1.239244,1.988167,1.988167,1.993943,0.426550,0.000000,1.243,1.242,1.240,1.239,1.238,1.237,0.932,1.237,1.238,1.239,1.240,1.242,
10,1034,1336,1345,151.0000,0.0000,0.0000,-1.0000,0.0000,756.0000,756.0000,151.0000,0.1997,3.0010,3.0017,0.1500,4.0000,1.0000,31.1427,50.1085,235.261633,7.554320,235.261633,7.554320,7.786092,7.786092,"LINESTRING (-122.41861800000001 37.752322, -122.433657 37.733169)",151.000000,-1.000000,0.199735,7.400132,7.500000,7.599868,23.352120,37.573561,756.000000,427835.273186,31.150097,23.362573,50.120506,37.590379,29.594652,29.587589,30.215625,47.617795,47.606430,48.616941,3.093811,0.000000,31.150,30.826,30.502,30.178,29.854,28.882,23.352,28.882,29.854,30.178,30.502,30.826,
10,1035,1337,6,0.3339,0.0000,0.0000,-1.0000,0.0000,3000.0000,3000.0000,0.3339,0.0001,0.4250,0.4250,0.1500,4.0000,1.0000,1.2430,2.0000,0.002940,0.002366,0.002940,0.002366,0.002366,0.002366,"LINESTRING (-122.26985 37.852968999999995, -122.26975 37.853069)",0.333938,-1.000000,0.000111,7.499944,7.500000,7.500056,0.932256,1.500000,33.393813,32868784015119932.000000,1.243008,0.932256,2.000000,1.500000,1.242974,1.242974,1.242991,1.999944,1.999944,1.999972,0.425042,0.000000,1.243,1.243,1.243,1.243,1.243,1.243,0.932,1.243,1.243,1.243,1.243,1.243,
10,1036,1337,1346,1147.1052,0.0000,0.0000,-1.0000,0.0000,756.0000,756.0000,1147.1052,1.5173,4.0010,7.1822,0.1500,4.0000,1.0000,14.0528,22.6109,1929.605931,137.311579,1929.605931,137.311579,183.082106,183.082106,"LINESTRING (-122.26985 37.852968999999995, -122.267263 37.828714)",1147.105235,-1.000000,1.517335,6.741333,7.500000,8.258667,7.595757,12.221573,756.000000,1209.902407,25.225981,18.919486,40.588603,30.441452,18.919486,10.539566,10.539566,30.441452,16.958162,16.958162,9.576215,0.916667,12.809,10.955,9.600,8.660,8.050,7.706,7.596,7.706,8.050,8.660,9.600,10.955,
10,1037,1338,7,13.0000,0.0000,0.0000,-1.0000,0.0000,3000.0000,3000.0000,13.0000,0.0043,0.4253,0.4253,0.1500,4.0000,1.0000,1.2430,2.0000,0.114548,0.092154,0.114548,0.092154,0.092204,0.092204,"LINESTRING (-122.44761 37.721658, -122.44751 37.721758)",13.000000,-1.000000,0.004333,7.497833,7.500000,7.502167,0.932256,1.500000,1300.000000,555736953173.212769,1.243008,0.932256,2.000000,1.500000,1.241662,1.241662,1.242332,1.997833,1.997833,1.998912,0.425558,0.000000,1.243,1.243,1.243,1.242,1.242,1.242,0.932,1.242,1.242,1.242,1.243,1.243,
10,1038,1338,1341,147.0000,0.0000,0.0000,-1.0000,0.0000,756.0000,756.0000,147.0000,0.1944,4.0010,4.0019,0.1500,4.0000,1.0000,23.8013,38.2963,233.360891,9.804552,233.360891,9.804552,10.095952,10.095952,"LINESTRING (-122.44761 37.721658, -122.469094 37.706204)",147.000000,-1.000000,0.194444,7.402778,7.500000,7.597222,17.847613,28.716810,756.000000,638229.899790,23.806385,17.854789,38.304474,28.728355,22.649130,22.644275,23.114303,36.442451,36.434638,37.190913,4.120797,0.000000,23.806,23.567,23.328,23.088,22.849,22.228,17.848,22.228,22.849,23.088,23.328,23.567,
10,1039,1339,11,205.0000,0.0000,0.0000,-1.0000,0.0000,3000.0000,3000.0000,205.0000,0.0683,0.4252,0.4252,0.1500,4.0000,1.0000,1.2430,2.0000,1.805795,1.452767,1.805795,1.452767,1.466141,1.466141,"LINESTRING (-122.413979 37.779349999999994, -122.413879 37.77945)",205.000000,-1.000000,0.068333,7.465833,7.500000,7.534167,0.932250,1.499991,3000.000000,19717201.645933,1.243008,0.932256,2.000000,1.500000,1.221773,1.221769,1.231665,1.965833,1.965827,1.981749,0.429115,0.000000,1.243,1.239,1.235,1.232,1.228,1.224,0.932,1.224,1.228,1.232,1.235,1.239,
10,1040,1339,1334,281.0000,0.0000,0.0000,-1.0000,0.0000,756.0000,756.0000,281.0000,0.3717,2.0010,2.0067,0.1500,4.0000,1.0000,31.0164,49.9054,291.497876,9.398181,291.497876,9.398181,10.019551,10.019551,"LINESTRING (-122.413979 37.779349999999994, -122.419855 37.76507599999999)",281.000000,-1.000000,0.371693,7.314153,7.500000,7.685847,23.204347,37.335794,756.000000,20124.483795,31.105217,23.328913,50.048294,37.536221,28.214818,28.134268,29.092907,45.397642,45.268038,46.810487,2.139406,0.000000,31.105,30.339,29.572,28.805,27.983,24.797,23.204,24.797,27.983,28.805,29.572,30.339,
10,1041,1340,12,5.0000,0.0000,0.0000,-1.0000,0.0000,3000.0000,3000.0000,5.0000,0.0017,0.4254,0.4254,0.1500,4.0000,1.0000,1.2430,2.0000,0.044065,0.035451,0.044065,0.035451,0.035458,0.035458,"LINESTRING (-122.466267 37.68454199999999, -122.466167 37.684642)",5.000000,-1.000000,0.001667,7.499167,7.500000,7.500833,0.932256,1.500000,500.000000,9789148069306.789062,1.243008,0.932256,2.000000,1.500000,1.242490,1.242490,1.242749,1.999167,1.999167,1.999583,0.425497,0.000000,1.243,1.243,1.243,1.243,1.243,1.243,0.932,1.243,1.243,1.243,1.243,1.243,
10,1042,1340,1355,145.0000,0.0000,0.0000,-1.0000,0.0000,756.0000,756.0000,145.0000,0.1918,3.0010,3.0016,0.1500,4.0000,1.0000,36.7847,59.1866,266.832005,7.253888,266.832005,7.253888,7.466021,7.466021,"LINESTRING (-122.466267 37.68454199999999, -122.444354 37.664336999999996)",145.000000,-1.000000,0.191799,7.404101,7.500000,7.595899,27.583616,44.382038,756.000000,506930.139688,36.792152,27.594114,59.198573,44.398930,35.027978,35.020870,35.739519,56.360017,56.348579,57.504885,3.089388,0.000000,36.792,36.428,36.065,35.701,35.337,34.470,27.584,34.470,35.337,35.701,36.065,36.428,
10,1043,1341,15,21.0000,0.0000,0.0000,-1.0000,0.0000,3000.0000,3000.0000,21.0000,0.0070,0.4254,0.4254,0.1500,4.0000,1.0000,1.2430,2.0000,0.185054,0.148876,0.185054,0.148876,0.149007,0.149007,"LINESTRING (-122.469094 37.706204, -122.468994 37.706304)",21.000000,-1.000000,0.007000,7.496500,7.500000,7.503500,0.932256,1.500000,2100.000000,131583531124.087189,1.243008,0.932256,2.000000,1.500000,1.240833,1.240833,1.241913,1.996500,1.996500,1.998238,0.425735,0.000000,1.243,1.243,1.242,1.242,1.242,1.241,0.932,1.241,1.242,1.242,1.242,1.243,
10,1044,1341,1340,141.0000,0.0000,0.0000,-1.0000,0.0000,756.0000,756.0000,141.0000,0.1865,5.0010,5.0019,0.1500,4.0000,1.0000,18.0529,29.0471,212.202220,11.754483,212.202220,11.754483,12.087089,12.087089,"LINESTRING (-122.469094 37.706204, -122.466267 37.68454199999999)",141.000000,-1.000000,0.186508,7.406746,7.500000,7.593254,13.537507,21.781849,756.000000,949466.403974,18.056152,13.542114,29.052349,21.789262,17.214248,17.211125,17.556107,27.697726,27.692699,28.247776,5.143442,0.000000,18.056,17.884,17.711,17.539,17.366,17.027,13.538,17.027,17.366,17.539,17.711,17.884,
10,1045,1342,16,9.0000,0.0000,0.0000,-1.0000,0.0000,3000.0000,3000.0000,9.0000,0.0030,0.4250,0.4250,0.1500,4.0000,1.0000,1.2430,2.0000,0.079241,0.063750,0.079241,0.063750,0.063774,0.063774,"LINESTRING (-122.268178 37.870017, -122.268078 37.870117)",9.000000,-1.000000,0.003000,7.498500,7.500000,7.501500,0.932256,1.500000,900.000000,1675223846711.899658,1.243008,0.932256,2.000000,1.500000,1.242076,1.242076,1.242541,1.998500,1.998500,1.999248,0.425158,0.000000,1.243,1.243,1.243,1.243,1.242,1.242,0.932,1.242,1.242,1.243,1.243,1.243,
10,1046,1342,1337,1019.4337,0.0000,0.0000,-1.0000,0.0000,756.0000,756.0000,1019.4337,1.3485,2.0010,2.9934,0.1500,4.0000,1.0000,23.6857,38.1103,1204.645843,50.859565,1204.645843,50.859565,67.812754,67.812754,"LINESTRING (-122.268178 37.870017, -122.26985 37.852968999999995)",1019.433730,-1.000000,1.348457,6.825771,7.500000,8.174229,13.769829,22.155655,756.000000,605.102411,35.432724,26.574543,57.011253,42.758440,26.574543,17.764296,17.764296,42.758440,28.582752,28.582752,3.991201,0.750000,22.363,19.608,17.359,15.708,14.604,13.974,13.770,13.974,14.604,15.708,17.359,19.608,
10,1047,1343,17,0.0000,0.0000,0.0000,-1.0000,0.0000,3000.0000,3000.0000,0.0000,0.0000,0.4249,0.4249,0.1500,4.0000,1.0000,1.2430,2.0000,0.000000,0.000000,0.000000,0.000000,0.000000,0.000000,"LINESTRING (-122.316968 37.925104999999995, -122.316868 37.925205)",0.000000,-1.000000,0.000000,7.500000,7.500000,7.500000,0.932256,1.500000,0.000000,nan,1.243008,0.932256,2.000000,1.500000,1.243008,1.243008,1.243008,2.000000,2.000000,2.000000,0.424876,0.000000,1.243,1.243,1.243,1.243,1.243,1.243,nan,1.243,1.243,1.243,1.243,1.243,
10,1048,1343,1350,603.7296,0.0000,0.0000,-1.0000,0.0000,756.0000,756.0000,603.7296,0.7986,3.0010,3.1841,0.1500,4.0000,1.0000,34.7132,55.8536,1112.167304,32.038716,1112.167304,32.038716,38.530257,38.530257,"LINESTRING (-122.316968 37.925104999999995, -122.298995 37.902533)",603.729566,-1.000000,0.798584,7.100708,7.500000,7.899292,24.787820,39.883602,756.000000,1406.644639,36.830952,27.623214,59.261001,44.445751,29.477799,27.782872,28.864778,47.429778,44.702641,46.443428,3.829223,0.000000,36.831,30.746,28.974,27.551,26.109,25.129,24.788,25.129,26.109,27.551,28.974,30.746,
10,1049,1344,19,238.0000,0.0000,0.0000,-1.0000,0.0000,3000.0000,3000.0000,238.0000,0.0793,0.4252,0.4252,0.1500,4.0000,1.0000,1.2430,2.0000,2.096339,1.686514,2.096339,1.686514,1.704752,1.704752,"LINESTRING (-122.39718 37.792688999999996, -122.39708 37.792789)",238.000000,-1.000000,0.079333,7.460333,7.500000,7.539667,0.932246,1.499983,3000.000000,10754513.137032,1.243008,0.932256,2.000000,1.500000,1.218355,1.218348,1.229703,1.960333,1.960322,1.978592,0.429769,0.000000,1.243,1.239,1.234,1.230,1.225,1.221,0.932,1.221,1.225,1.230,1.234,1.239,
10,1050,1344,1348,851.0000,0.0000,0.0000,-1.0000,0.0000,756.0000,756.0000,851.0000,1.1257,1.0010,1.2421,0.1500,4.0000,1.0000,16.9517,27.2753,298.634462,17.616798,298.634462,17.616798,23.489064,23.489064,"LINESTRING (-122.39718 37.792688999999996, -122.401742 37.78911299999999)",851.000000,-1.000000,1.125661,6.937169,7.500000,8.062831,10.868041,17.486677,756.000000,302.702419,21.034273,15.775705,33.844145,25.383109,15.775705,12.713766,12.713766,25.383109,20.456449,20.456449,1.656103,0.000000,15.465,14.443,13.253,12.220,11.466,11.017,10.868,11.017,11.466,12.220,13.253,14.443,
10,1051,1345,22,17.0000,0.0000,0.0000,-1.0000,0.0000,3000.0000,3000.0000,17.0000,0.0057,0.4253,0.4253,0.1500,4.0000,1.0000,1.2430,2.0000,0.149785,0.120502,0.149785,0.120502,0.120588,0.120588,"LINESTRING (-122.433657 37.733169, -122.433557 37.733269)",17.000000,-1.000000,0.005667,7.497167,7.500000,7.502833,0.932256,1.500000,1700.000000,248250177925.458313,1.243008,0.932256,2.000000,1.500000,1.241247,1.241247,1.242123,1.997167,1.997167,1.998575,0.425604,0.000000,1.243,1.243,1.242,1.242,1.242,1.242,0.932,1.242,1.242,1.242,1.242,1.243,
10,1052,1345,1338,143.0000,0.0000,0.0000,-1.0000,0.0000,756.0000,756.0000,143.0000,0.1892,2.0010,2.0014,0.1500,4.0000,1.0000,33.0383,53.1586,157.591363,4.769966,157.591363,4.769966,4.907193,4.907193,"LINESTRING (-122.433657 37.733169, -122.44761 37.721658)",143.000000,-1.000000,0.189153,7.405423,7.500000,7.594577,24.774531,39.862221,756.000000,358204.362719,33.044601,24.783451,53.168764,39.876573,31.481976,31.475932,32.114358,50.654500,50.644775,51.672002,2.058962,0.000000,33.045,32.723,32.402,32.081,31.760,31.061,24.775,31.061,31.760,32.081,32.402,32.723,
10,1053,1346,26,0.0000,0.0000,0.0000,-1.0000,0.0000,3000.0000,3000.0000,0.0000,0.0000,0.4251,0.4251,0.1500,4.0000,1.0000,1.2430,2.0000,0.000000,0.000000,0.000000,0.000000,0.000000,0.000000,"LINESTRING (-122.267263 37.828714, -122.267163 37.828814)",0.000000,-1.000000,0.000000,7.500000,7.500000,7.500000,0.932256,1.500000,0.000000,nan,1.243008,0.932256,2.000000,1.500000,1.243008,1.243008,1.243008,2.000000,2.000000,2.000000,0.425089,0.000000,1.243,1.243,1.243,1.243,1.243,1.243,nan,1.243,1.243,1.243,1.243,1.243,
10,1054,1346,1335,1150.4410,0.0000,0.0000,-1.0000,0.0000,756.0000,756.0000,1150.4410,1.5217,3.0010,5.4149,0.1500,4.0000,1.0000,15.9203,25.6158,1652.944893,103.826255,1652.944893,103.826255,138.435007,138.435007,"LINESTRING (-122.267263 37.828714, -122.268822 37.807959999999994)",1150.440988,-1.000000,1.521747,6.739126,7.500000,8.260874,8.589662,13.820767,756.000000,907.502414,28.726273,21.544704,46.220573,34.665429,21.544704,11.940223,11.940223,34.665429,19.211819,19.211819,7.219927,0.916667,14.490,12.387,10.855,9.792,9.102,8.715,8.590,8.715,9.102,9.792,10.855,12.387,
10,1055,1347,27,108.0000,0.0000,0.0000,-1.0000,0.0000,3000.0000,3000.0000,108.0000,0.0360,0.4256,0.4256,0.1500,4.0000,1.0000,1.2430,2.0000,0.952232,0.766070,0.952232,0.766070,0.769658,0.769658,"LINESTRING (-122.38694000000001 37.600099, -122.38684 37.600199)",108.000000,-1.000000,0.036000,7.482000,7.500000,7.518000,0.932256,1.499999,3000.000000,262917230.875726,1.243008,0.932256,2.000000,1.500000,1.231821,1.231821,1.237213,1.982000,1.982000,1.990676,0.427588,0.000000,1.243,1.241,1.239,1.237,1.235,1.233,0.932,1.233,1.235,1.237,1.239,1.241,
10,1056,1348,29,235.0000,0.0000,0.0000,-1.0000,0.0000,3000.0000,3000.0000,235.0000,0.0783,0.4252,0.4252,0.1500,4.0000,1.0000,1.2430,2.0000,2.069953,1.665286,2.069953,1.665286,1.683048,1.683048,"LINESTRING (-122.401742 37.78911299999999, -122.401642 37.789213)",235.000000,-1.000000,0.078333,7.460833,7.500000,7.539167,0.932246,1.499984,3000.000000,11323870.207461,1.243008,0.932256,2.000000,1.500000,1.218666,1.218659,1.229883,1.960833,1.960822,1.978882,0.429714,0.000000,1.243,1.239,1.234,1.230,1.225,1.221,0.932,1.221,1.225,1.230,1.234,1.239,
10,1057,1348,1351,616.0000,0.0000,0.0000,-1.0000,0.0000,756.0000,756.0000,616.0000,0.8148,2.0010,2.1333,0.1500,4.0000,1.0000,12.5184,20.1421,274.177362,21.901925,274.177362,21.901925,26.510676,26.510676,"LINESTRING (-122.401742 37.78911299999999, -122.407487 37.784544999999994)",616.000000,-1.000000,0.814815,7.092593,7.500000,7.907407,8.905541,14.329015,756.000000,888.876203,13.346120,10.009590,21.473907,16.105430,10.627466,9.968366,10.342149,17.099593,16.039102,16.640518,2.582209,0.000000,13.346,10.899,10.408,9.885,9.371,9.025,8.906,9.025,9.371,9.885,10.408,10.899,
10,1058,1349,30,0.0000,0.0000,0.0000,-1.0000,0.0000,3000.0000,3000.0000,0.0000,0.0000,0.4250,0.4250,0.1500,4.0000,1.0000,1.2430,2.0000,0.000000,0.000000,0.000000,0.000000,0.000000,0.000000,"LINESTRING (-122.283608 37.873931999999996, -122.283508 37.874032)",0.000000,-1.000000,0.000000,7.500000,7.500000,7.500000,0.932256,1.500000,0.000000,nan,1.243008,0.932256,2.000000,1.500000,1.243008,1.243008,1.243008,2.000000,2.000000,2.000000,0.424989,0.000000,1.243,1.243,1.243,1.243,1.243,1.243,nan,1.243,1.243,1.243,1.243,1.243,
10,1059,1349,1342,916.0889,0.0000,0.0000,-1.0000,0.0000,756.0000,756.0000,916.0889,1.2118,2.0010,2.6481,0.1500,4.0000,1.0000,20.0328,32.2328,809.972730,40.432274,809.972730,40.432274,53.909699,53.909699,"LINESTRING (-122.283608 37.873931999999996, -122.268178 37.870017)",916.088906,-1.000000,1.211758,6.894121,7.500000,8.105879,12.377865,19.915985,756.000000,605.102428,26.511660,19.883745,42.657260,31.992945,19.883745,15.024620,15.024620,31.992945,24.174613,24.174613,3.530860,0.416667,18.728,17.017,15.356,14.027,13.098,12.555,12.378,12.555,13.098,14.027,15.356,17.017,
10,1060,1350,37,0.0000,0.0000,0.0000,-1.0000,0.0000,3000.0000,3000.0000,0.0000,0.0000,0.4249,0.4249,0.1500,4.0000,1.0000,1.2430,2.0000,0.000000,0.000000,0.000000,0.000000,0.000000,0.000000,"LINESTRING (-122.298995 37.902533, -122.298895 37.902633)",0.000000,-1.000000,0.000000,7.500000,7.500000,7.500000,0.932256,1.500000,0.000000,nan,1.243008,0.932256,2.000000,1.500000,1.243008,1.243008,1.243008,2.000000,2.000000,2.000000,0.424926,0.000000,1.243,1.243,1.243,1.243,1.243,1.243,nan,1.243,1.243,1.243,1.243,1.243,
10,1061,1350,1349,761.7441,0.0000,0.0000,-1.0000,0.0000,756.0000,756.0000,761.7441,1.0076,4.0010,4.6196,0.1500,4.0000,1.0000,27.8900,44.8750,1635.725727,58.649202,1635.725727,58.649202,78.198936,78.198936,"LINESTRING (-122.298995 37.902533, -122.283608 37.873931999999996)",761.744081,-1.000000,1.007598,6.996201,7.500000,8.003799,18.723661,30.126370,756.000000,1209.902453,32.202091,24.151568,51.813165,38.859874,24.151568,20.917494,20.917494,38.859874,33.656247,33.656247,6.159465,0.000000,24.150,23.472,22.124,20.736,19.637,18.954,18.724,18.954,19.637,20.736,22.124,23.472,
10,1062,1351,38,143.0000,0.0000,0.0000,-1.0000,0.0000,3000.0000,3000.0000,143.0000,0.0477,0.4252,0.4252,0.1500,4.0000,1.0000,1.2430,2.0000,1.259618,1.013364,1.259618,1.013364,1.019728,1.019728,"LINESTRING (-122.407487 37.784544999999994, -122.407387 37.784645)",143.000000,-1.000000,0.047667,7.476167,7.500000,7.523833,0.932255,1.499998,3000.000000,84673549.936974,1.243008,0.932256,2.000000,1.500000,1.228196,1.228195,1.235249,1.976167,1.976165,1.987515,0.427858,0.000000,1.243,1.240,1.238,1.235,1.233,1.230,0.932,1.230,1.233,1.235,1.238,1.240,
10,1063,1351,1339,476.0000,0.0000,0.0000,-1.0000,0.0000,756.0000,756.0000,476.0000,0.6296,2.0010,2.0482,0.1500,4.0000,1.0000,14.7821,23.7844,240.192160,16.248827,240.192160,16.248827,18.469066,18.469066,"LINESTRING (-122.407487 37.784544999999994, -122.413979 37.779349999999994)",476.000000,-1.000000,0.629630,7.185185,7.500000,7.814815,10.867588,17.485949,756.000000,2109.471204,15.130596,11.347947,24.345129,18.258847,12.748928,12.455308,13.005106,20.513026,20.040590,20.925215,2.328034,0.000000,15.131,14.059,12.987,12.455,11.700,11.089,10.868,11.089,11.700,12.455,12.987,14.059,
10,1064,1352,39,0.0000,0.0000,0.0000,-1.0000,0.0000,3000.0000,3000.0000,0.0000,0.0000,0.4249,0.4249,0.1500,4.0000,1.0000,1.2430,2.0000,0.000000,0.000000,0.000000,0.000000,0.000000,0.000000,"LINESTRING (-122.353104 37.93669499999999, -122.353004 37.936795)",0.000000,-1.000000,0.000000,7.500000,7.500000,7.500000,0.932256,1.500000,0.000000,nan,1.243008,0.932256,2.000000,1.500000,1.243008,1.243008,1.243008,2.000000,2.000000,2.000000,0.424850,0.000000,1.243,1.243,1.243,1.243,1.243,1.243,nan,1.243,1.243,1.243,1.243,1.243,
10,1065,1352,1343,233.3503,0.0000,0.0000,-1.0000,0.0000,756.0000,756.0000,233.3503,0.3087,4.0010,4.0064,0.1500,4.0000,1.0000,31.8442,51.2373,496.188167,15.581761,496.188167,15.581761,16.394731,16.394731,"LINESTRING (-122.353104 37.93669499999999, -122.316968 37.925104999999995)",233.350268,-1.000000,0.308664,7.345668,7.500000,7.654332,23.854743,38.382282,756.000000,89969.879654,31.887524,23.915643,51.307026,38.480269,29.426888,29.386876,30.265100,47.347863,47.283483,48.696546,4.215482,0.000000,31.888,31.294,30.701,30.108,29.515,26.339,23.855,26.339,29.515,30.108,30.701,31.294,
10,1066,1353,42,11.0000,0.0000,0.0000,-1.0000,0.0000,3000.0000,3000.0000,11.0000,0.0037,0.4255,0.4255,0.1500,4.0000,1.0000,1.2430,2.0000,0.096968,0.078010,0.096968,0.078010,0.078046,0.078046,"LINESTRING (-122.416484 37.63762, -122.416384 37.63772)",11.000000,-1.000000,0.003667,7.498167,7.500000,7.501833,0.932256,1.500000,1100.000000,918182453235.788696,1.243008,0.932256,2.000000,1.500000,1.241869,1.241869,1.242436,1.998167,1.998167,1.999080,0.425708,0.000000,1.243,1.243,1.243,1.242,1.242,1.242,0.932,1.242,1.242,1.242,1.243,1.243,
10,1067,1353,1354,128.0000,0.0000,0.0000,-1.0000,0.0000,756.0000,756.0000,128.0000,0.1693,5.0010,5.0016,0.1500,4.0000,1.0000,24.1266,38.8197,257.433782,10.670115,257.433782,10.670115,10.939748,10.939748,"LINESTRING (-122.416484 37.63762, -122.39199500000001 37.615922999999995)",128.000000,-1.000000,0.169312,7.415344,7.500000,7.584656,18.093012,29.111656,756.000000,1420421.168525,24.129591,18.097193,38.824512,29.118384,23.108233,23.105385,23.531965,37.181146,37.176564,37.862932,5.128007,0.000000,24.130,23.925,23.720,23.515,23.310,23.102,18.093,23.102,23.310,23.515,23.720,23.925,
10,1068,1354,43,24.0000,0.0000,0.0000,-1.0000,0.0000,3000.0000,3000.0000,24.0000,0.0080,0.4256,0.4256,0.1500,4.0000,1.0000,1.2430,2.0000,0.211590,0.170224,0.211590,0.170224,0.170396,0.170396,"LINESTRING (-122.39199500000001 37.615922999999995, -122.391895 37.616023)",24.000000,-1.000000,0.008000,7.496000,7.500000,7.504000,0.932256,1.500000,2400.000000,88125252453.604416,1.243008,0.932256,2.000000,1.500000,1.240522,1.240522,1.241755,1.996000,1.996000,1.997984,0.425989,0.000000,1.243,1.243,1.242,1.242,1.241,1.241,0.932,1.241,1.241,1.242,1.242,1.243,
10,1069,1354,1347,108.0000,0.0000,0.0000,-1.0000,0.0000,756.0000,756.0000,108.0000,0.1429,4.0010,4.0012,0.1500,4.0000,1.0000,16.9153,27.2168,121.828508,7.202250,121.828508,7.202250,7.351902,7.351902,"LINESTRING (-122.39199500000001 37.615922999999995, -122.38694000000001 37.600099)",108.000000,-1.000000,0.142857,7.428571,7.500000,7.571429,12.685812,20.411471,756.000000,2296499.297548,16.916397,12.687298,27.218483,20.413862,16.312240,16.311221,16.571019,26.246394,26.244755,26.662769,4.084390,0.000000,16.916,16.799,16.681,16.564,16.446,16.329,12.686,16.329,16.446,16.564,16.681,16.799,
10,1070,1355,45,8.0000,0.0000,0.0000,-1.0000,0.0000,3000.0000,3000.0000,8.0000,0.0027,0.4255,0.4255,0.1500,4.0000,1.0000,1.2430,2.0000,0.070512,0.056727,0.070512,0.056727,0.056746,0.056746,"LINESTRING (-122.444354 37.664336999999996, -122.444254 37.664437)",8.000000,-1.000000,0.002667,7.498667,7.500000,7.501333,0.932256,1.500000,800.000000,2388382578982.323730,1.243008,0.932256,2.000000,1.500000,1.242179,1.242179,1.242593,1.998667,1.998667,1.999332,0.425595,0.000000,1.243,1.243,1.243,1.243,1.242,1.242,0.932,1.242,1.242,1.243,1.243,1.243,
10,1071,1355,1353,139.0000,0.0000,0.0000,-1.0000,0.0000,756.0000,756.0000,139.0000,0.1839,3.0010,3.0015,0.1500,4.0000,1.0000,47.8694,77.0219,332.860250,6.953508,332.860250,6.953508,7.146990,7.146990,"LINESTRING (-122.444354 37.664336999999996, -122.416484 37.63762)",139.000000,-1.000000,0.183862,7.408069,7.500000,7.591931,35.896666,57.757736,756.000000,604748.432270,47.877605,35.908204,77.035067,57.776300,45.676882,45.669054,46.573489,73.494103,73.481507,74.936744,3.085032,0.000000,47.878,47.428,46.979,46.529,46.080,45.285,35.897,45.285,46.080,46.529,46.979,47.428,
10,1072,1356,50,10.0000,0.0000,0.0000,-1.0000,0.0000,3000.0000,3000.0000,10.0000,0.0033,0.4251,0.4251,0.1500,4.0000,1.0000,1.2430,2.0000,0.088076,0.070857,0.088076,0.070857,0.070887,0.070887,"LINESTRING (-122.295244 37.804823, -122.295144 37.804923)",10.000000,-1.000000,0.003333,7.498333,7.500000,7.501667,0.932256,1.500000,1000.000000,1221346266561.425049,1.243008,0.932256,2.000000,1.500000,1.241972,1.241972,1.242488,1.998333,1.998333,1.999164,0.425320,0.000000,1.243,1.243,1.243,1.242,1.242,1.242,0.932,1.242,1.242,1.242,1.243,1.243,
10,1073,1356,1344,1089.0000,0.0000,0.0000,-1.0000,0.0000,756.0000,756.0000,1089.0000,1.4405,7.0010,11.5224,0.1500,4.0000,1.0000,29.3127,47.1642,6130.231400,209.132086,6130.231400,209.132086,278.842782,278.842782,"LINESTRING (-122.295244 37.804823, -122.39718 37.792688999999996)",1089.000000,-1.000000,1.440476,6.779762,7.500000,8.220238,16.365437,26.331988,756.000000,2117.102480,48.243649,36.182736,77.624030,58.218023,36.182736,21.984544,21.984544,58.218023,35.373131,35.373131,15.363239,0.916667,27.308,23.556,20.703,18.683,17.356,16.607,16.365,16.607,17.356,18.683,20.703,23.556,
10,1074,1357,1,20.3648,0.0000,0.0000,-1.0000,0.0000,3000.0000,3000.0000,20.3648,0.0068,0.4251,0.4251,0.1500,4.0000,1.0000,1.2430,2.0000,0.179366,0.144300,0.179366,0.144300,0.144423,0.144423,"LINESTRING (-122.27168900000001 37.803371, -122.271589 37.803471)",20.364783,-1.000000,0.006788,7.496606,7.500000,7.503394,0.932256,1.500000,2036.478298,144234858326.216064,1.243008,0.932256,2.000000,1.500000,1.240899,1.240899,1.241946,1.996606,1.996606,1.998292,0.425509,0.000000,1.243,1.243,1.242,1.242,1.242,1.241,0.932,1.241,1.242,1.242,1.242,1.243,
10,1075,1357,1359,239.5697,0.0000,0.0000,-1.0000,0.0000,756.0000,756.0000,239.5697,0.3169,1.0010,1.0025,0.1500,4.0000,1.0000,21.1669,34.0576,84.728396,4.002867,84.728396,4.002867,4.218746,4.218746,"LINESTRING (-122.27168900000001 37.803371, -122.268822 37.807959999999994)",239.569680,-1.000000,0.316891,7.341554,7.500000,7.658446,15.854246,25.509481,756.000000,20097.838093,21.198948,15.899211,34.109107,25.581830,19.519508,19.490027,20.083786,31.406889,31.359454,32.314812,1.056581,0.000000,21.199,20.789,20.379,19.970,19.560,17.413,15.854,17.413,19.560,19.970,20.379,20.789,
10,1076,1358,2,4.0000,0.0000,0.0000,-1.0000,0.0000,3000.0000,3000.0000,4.0000,0.0013,0.4252,0.4252,0.1500,4.0000,1.0000,1.2430,2.0000,0.035238,0.028349,0.035238,0.028349,0.028353,0.028353,"LINESTRING (-122.419855 37.76507599999999, -122.419755 37.765176)",4.000000,-1.000000,0.001333,7.499333,7.500000,7.500667,0.932256,1.500000,400.000000,19116218250039.750000,1.243008,0.932256,2.000000,1.500000,1.242594,1.242594,1.242801,1.999333,1.999333,1.999666,0.425301,0.000000,1.243,1.243,1.243,1.243,1.243,1.243,0.932,1.243,1.243,1.243,1.243,1.243,
10,1077,1358,1363,572.9051,0.0000,0.0000,-1.0000,0.0000,756.0000,756.0000,572.9051,0.7578,2.0010,2.1000,0.1500,4.0000,1.0000,29.6390,47.6892,594.308260,20.051563,594.308260,20.051563,23.748352,23.748352,"LINESTRING (-122.419855 37.76507599999999, -122.413979 37.779349999999994)",572.905104,-1.000000,0.757811,7.121095,7.500000,7.878905,21.348718,34.350087,756.000000,1092.416385,31.105217,23.328913,50.048294,37.536221,25.212248,24.023810,25.025243,40.566507,38.654310,40.265615,2.487150,0.000000,31.105,27.050,24.981,23.837,22.557,21.662,21.349,21.662,22.557,23.837,24.981,27.050,
10,1078,1359,3,46.4273,0.0000,0.0000,-1.0000,0.0000,3000.0000,3000.0000,46.4273,0.0155,0.4251,0.4251,0.1500,4.0000,1.0000,1.2430,2.0000,0.408906,0.328965,0.408906,0.328965,0.329612,0.329612,"LINESTRING (-122.268822 37.807959999999994, -122.268722 37.80806)",46.427260,-1.000000,0.015476,7.492262,7.500000,7.507738,0.932256,1.500000,3000.000000,7813735970.141565,1.243008,0.932256,2.000000,1.500000,1.238199,1.238199,1.240566,1.992262,1.992262,1.996071,0.425972,0.000000,1.243,1.242,1.241,1.241,1.240,1.239,0.932,1.239,1.240,1.241,1.241,1.242,
10,1079,1359,1370,193.1424,0.0000,0.0000,-1.0000,0.0000,756.0000,756.0000,193.1424,0.2555,4.0010,4.0036,0.1500,4.0000,1.0000,21.5327,34.6462,277.505565,12.887610,277.505565,12.887610,13.419464,13.419464,"LINESTRING (-122.268822 37.807959999999994, -122.267263 37.828714)",193.142420,-1.000000,0.255479,7.372260,7.500000,7.627740,16.140537,25.970124,756.000000,201987.283053,21.546501,16.159876,34.668320,26.001240,20.170329,20.157448,20.679333,32.454060,32.433334,33.273046,4.168778,0.000000,21.547,21.238,20.930,20.622,20.314,18.635,16.141,18.635,20.314,20.622,20.930,21.238,
10,1080,1360,4,1.0000,0.0000,0.0000,-1.0000,0.0000,3000.0000,3000.0000,1.0000,0.0003,0.4253,0.4253,0.1500,4.0000,1.0000,1.2430,2.0000,0.008810,0.007088,0.008810,0.007088,0.007088,0.007088,"LINESTRING (-122.41861800000001 37.752322, -122.418518 37.752422)",1.000000,-1.000000,0.000333,7.499833,7.500000,7.500167,0.932256,1.500000,100.000000,1224438042772831.500000,1.243008,0.932256,2.000000,1.500000,1.242905,1.242905,1.242956,1.999833,1.999833,1.999917,0.425276,0.000000,1.243,1.243,1.243,1.243,1.243,1.243,0.932,1.243,1.243,1.243,1.243,1.243,
10,1081,1360,1358,491.8609,0.0000,0.0000,-1.0000,0.0000,756.0000,756.0000,491.8609,0.6506,2.0010,2.0548,0.1500,4.0000,1.0000,25.8128,41.5327,434.801116,16.844432,434.801116,16.844432,19.264233,19.264233,"LINESTRING (-122.41861800000001 37.752322, -122.419855 37.76507599999999)",491.860881,-1.000000,0.650610,7.174695,7.500000,7.825305,18.926127,30.452139,756.000000,1857.665395,26.506508,19.879881,42.648971,31.986728,22.195161,21.614245,22.570383,35.712013,34.777320,36.315746,2.349961,0.000000,26.507,24.450,22.393,21.571,20.289,19.287,18.926,19.287,20.289,21.571,22.393,24.450,
10,1082,1361,6,16.0000,0.0000,0.0000,-1.0000,0.0000,3000.0000,3000.0000,16.0000,0.0053,0.4250,0.4250,0.1500,4.0000,1.0000,1.2430,2.0000,0.140886,0.113343,0.140886,0.113343,0.113419,0.113419,"LINESTRING (-122.26985 37.852968999999995, -122.26975 37.853069)",16.000000,-1.000000,0.005333,7.497333,7.500000,7.502667,0.932256,1.500000,1600.000000,297656251614.815186,1.243008,0.932256,2.000000,1.500000,1.241351,1.241351,1.242175,1.997333,1.997333,1.998660,0.425321,0.000000,1.243,1.243,1.242,1.242,1.242,1.242,0.932,1.242,1.242,1.242,1.242,1.243,
10,1083,1361,1366,157.0000,0.0000,0.0000,-1.0000,0.0000,756.0000,756.0000,157.0000,0.2077,2.0010,2.0016,0.1500,4.0000,1.0000,35.4228,56.9954,185.523974,5.237411,185.523974,5.237411,5.405716,5.405716,"LINESTRING (-122.26985 37.852968999999995, -122.268178 37.870017)",157.000000,-1.000000,0.207672,7.396164,7.500000,7.603836,26.560649,42.736083,756.000000,242275.832289,35.432724,26.574543,57.011253,42.758440,33.593128,33.583758,34.319964,54.051343,54.036267,55.220822,2.065879,0.000000,35.433,35.046,34.659,34.272,33.885,32.503,26.561,32.503,33.885,34.272,34.659,35.046,
10,1084,1362,7,6.0000,0.0000,0.0000,-1.0000,0.0000,3000.0000,3000.0000,6.0000,0.0020,0.4253,0.4253,0.1500,4.0000,1.0000,1.2430,2.0000,0.052868,0.042533,0.052868,0.042533,0.042543,0.042543,"LINESTRING (-122.44761 37.721658, -122.44751 37.721758)",6.000000,-1.000000,0.002000,7.499000,7.500000,7.501000,0.932256,1.500000,600.000000,5662505222347.572266,1.243008,0.932256,2.000000,1.500000,1.242387,1.242387,1.242697,1.999000,1.999000,1.999499,0.425433,0.000000,1.243,1.243,1.243,1.243,1.243,1.242,0.932,1.242,1.243,1.243,1.243,1.243,
10,1085,1362,1369,268.8213,0.0000,0.0000,-1.0000,0.0000,756.0000,756.0000,268.8213,0.3556,2.0010,2.0058,0.1500,4.0000,1.0000,32.9655,53.0416,296.251194,8.986691,296.251194,8.986691,9.547880,9.547880,"LINESTRING (-122.44761 37.721658, -122.433657 37.733169)",268.821336,-1.000000,0.355584,7.322208,7.500000,7.677792,24.672515,39.698076,756.000000,24401.274527,33.044601,24.783451,53.168764,39.876573,30.107070,30.035045,31.027956,48.442276,48.326387,49.923981,2.131054,0.000000,33.045,32.285,31.525,30.765,30.010,26.547,24.673,26.547,30.010,30.765,31.525,32.285,
10,1086,1363,11,42.6217,0.0000,0.0000,-1.0000,0.0000,3000.0000,3000.0000,42.6217,0.0142,0.4252,0.4252,0.1500,4.0000,1.0000,1.2430,2.0000,0.375444,0.302045,0.375444,0.302045,0.302590,0.302590,"LINESTRING (-122.413979 37.779349999999994, -122.413879 37.77945)",42.621729,-1.000000,0.014207,7.492896,7.500000,7.507104,0.932256,1.500000,3000.000000,11013168632.231157,1.243008,0.932256,2.000000,1.500000,1.238593,1.238593,1.240769,1.992896,1.992896,1.996398,0.425966,0.000000,1.243,1.242,1.242,1.241,1.240,1.239,0.932,1.239,1.240,1.241,1.242,1.242,
10,1087,1363,1375,557.9730,0.0000,0.0000,-1.0000,0.0000,756.0000,756.0000,557.9730,0.7381,2.0010,2.0901,0.1500,4.0000,1.0000,14.4858,23.3077,281.556189,19.436659,281.556189,19.436659,22.860354,22.860354,"LINESTRING (-122.413979 37.779349999999994, -122.407487 37.784544999999994)",557.973024,-1.000000,0.738060,7.130970,7.500000,7.869030,10.473841,16.852410,756.000000,1187.335968,15.130596,11.347947,24.345129,18.258847,12.338776,11.812981,12.316353,19.853090,19.007086,19.817012,2.458221,0.000000,15.131,13.354,12.265,11.727,11.088,10.634,10.474,10.634,11.088,11.727,12.265,13.354,
10,1088,1364,12,5.6642,0.0000,0.0000,-1.0000,0.0000,3000.0000,3000.0000,5.6642,0.0019,0.4254,0.4254,0.1500,4.0000,1.0000,1.2430,2.0000,0.049920,0.040160,0.049920,0.040160,0.040170,0.040170,"LINESTRING (-122.466267 37.68454199999999, -122.466167 37.684642)",5.664247,-1.000000,0.001888,7.499056,7.500000,7.500944,0.932256,1.500000,566.424746,6732183947270.522461,1.243008,0.932256,2.000000,1.500000,1.242421,1.242421,1.242714,1.999056,1.999056,1.999527,0.425509,0.000000,1.243,1.243,1.243,1.243,1.243,1.243,0.932,1.243,1.243,1.243,1.243,1.243,
10,1089,1364,1365,138.0738,0.0000,0.0000,-1.0000,0.0000,756.0000,756.0000,138.0738,0.1826,3.0010,3.0015,0.1500,4.0000,1.0000,30.0846,48.4060,207.798314,6.907143,207.798314,6.907143,7.097833,7.097833,"LINESTRING (-122.466267 37.68454199999999, -122.469094 37.706204)",138.073779,-1.000000,0.182637,7.408681,7.500000,7.591319,22.560121,36.299235,756.000000,621846.600801,30.089575,22.567181,48.414126,36.310594,28.715705,28.710914,29.276305,46.203570,46.195860,47.105575,3.084365,0.000000,30.090,29.809,29.529,29.249,28.969,28.498,22.560,28.498,28.969,29.249,29.529,29.809,
10,1090,1365,15,25.0738,0.0000,0.0000,-1.0000,0.0000,3000.0000,3000.0000,25.0738,0.0084,0.4254,0.4254,0.1500,4.0000,1.0000,1.2430,2.0000,0.220953,0.177757,0.220953,0.177757,0.177944,0.177944,"LINESTRING (-122.469094 37.706204, -122.468994 37.706304)",25.073779,-1.000000,0.008358,7.495821,7.500000,7.504179,0.932256,1.500000,2507.377859,77224210581.143539,1.243008,0.932256,2.000000,1.500000,1.240411,1.240411,1.241699,1.995821,1.995821,1.997893,0.425809,0.000000,1.243,1.243,1.242,1.242,1.241,1.241,0.932,1.241,1.241,1.242,1.242,1.243,
10,1091,1365,1362,127.0000,0.0000,0.0000,-1.0000,0.0000,756.0000,756.0000,127.0000,0.1680,5.0010,5.0016,0.1500,4.0000,1.0000,19.0438,30.6414,201.611110,10.586715,201.611110,10.586715,10.851813,10.851813,"LINESTRING (-122.469094 37.706204, -122.44761 37.721658)",127.000000,-1.000000,0.167989,7.416005,7.500000,7.583995,14.281345,22.978684,756.000000,1467467.091902,19.046059,14.284544,30.645108,22.983831,18.246175,18.243995,18.578564,29.358095,29.354588,29.892910,5.126841,0.000000,19.046,18.886,18.726,18.565,18.405,18.245,14.281,18.245,18.405,18.565,18.726,18.886,
10,1092,1366,16,82.0000,0.0000,0.0000,-1.0000,0.0000,3000.0000,3000.0000,82.0000,0.0273,0.4250,0.4250,0.1500,4.0000,1.0000,1.2430,2.0000,0.721977,0.580831,0.721977,0.580831,0.582877,0.582877,"LINESTRING (-122.268178 37.870017, -122.268078 37.870117)",82.000000,-1.000000,0.027333,7.486333,7.500000,7.513667,0.932256,1.500000,3000.000000,795403311.731003,1.243008,0.932256,2.000000,1.500000,1.234514,1.234514,1.238645,1.986333,1.986333,1.992980,0.426495,0.000000,1.243,1.242,1.240,1.239,1.237,1.236,0.932,1.236,1.237,1.239,1.240,1.242,
10,1093,1366,1373,75.0000,0.0000,0.0000,-1.0000,0.0000,756.0000,756.0000,75.0000,0.0992,2.0010,2.0010,0.1500,4.0000,1.0000,26.5113,42.6566,66.312292,2.501286,66.312292,2.501286,2.535820,2.535820,"LINESTRING (-122.268178 37.870017, -122.283608 37.873931999999996)",75.000000,-1.000000,0.099206,7.450397,7.500000,7.549603,19.883203,31.992074,756.000000,5129819.261001,26.511660,19.883745,42.657260,31.992945,25.854128,25.853753,26.150241,41.599293,41.598688,42.075738,2.028656,0.000000,26.512,26.390,26.268,26.147,26.025,25.903,19.883,25.903,26.025,26.147,26.268,26.390,
10,1094,1367,17,36.0000,0.0000,0.0000,-1.0000,0.0000,3000.0000,3000.0000,36.0000,0.0120,0.4249,0.4249,0.1500,4.0000,1.0000,1.2430,2.0000,0.316875,0.254926,0.316875,0.254926,0.255313,0.255313,"LINESTRING (-122.316968 37.925104999999995, -122.316868 37.925205)",36.000000,-1.000000,0.012000,7.494000,7.500000,7.506000,0.932256,1.500000,3000.000000,21658465963.409389,1.243008,0.932256,2.000000,1.500000,1.239279,1.239279,1.241121,1.994000,1.994000,1.996964,0.425522,0.000000,1.243,1.242,1.242,1.241,1.240,1.240,0.932,1.240,1.240,1.241,1.242,1.242,
10,1095,1367,1376,27.0000,0.0000,0.0000,-1.0000,0.0000,756.0000,756.0000,27.0000,0.0357,5.0010,5.0010,0.1500,4.0000,1.0000,25.5113,41.0477,57.411893,2.250451,57.411893,2.250451,2.260904,2.260904,"LINESTRING (-122.316968 37.925104999999995, -122.353104 37.93669499999999)",27.000000,-1.000000,0.035714,7.482143,7.500000,7.517857,19.133461,30.785739,756.000000,803932998.931782,25.511293,19.133470,41.047671,30.785753,25.283514,25.283508,25.393336,40.681174,40.681164,40.857878,5.024231,0.000000,25.511,25.472,25.433,25.393,25.354,25.314,19.133,25.314,25.354,25.393,25.433,25.472,
10,1096,1368,19,118.1687,0.0000,0.0000,-1.0000,0.0000,3000.0000,3000.0000,118.1687,0.0394,0.4252,0.4252,0.1500,4.0000,1.0000,1.2430,2.0000,1.040847,0.837362,1.040847,0.837362,0.841669,0.841669,"LINESTRING (-122.39718 37.792688999999996, -122.39708 37.792789)",118.168739,-1.000000,0.039390,7.480305,7.500000,7.519695,0.932255,1.499999,3000.000000,182772750.875320,1.243008,0.932256,2.000000,1.500000,1.230768,1.230767,1.236647,1.980305,1.980305,1.989765,0.427356,0.000000,1.243,1.241,1.239,1.237,1.235,1.232,0.932,1.232,1.235,1.237,1.239,1.241,
10,1097,1368,1380,262.9544,0.0000,0.0000,-1.0000,0.0000,756.0000,756.0000,262.9544,0.3478,7.0010,7.0164,0.1500,4.0000,1.0000,48.1380,77.4540,1480.230899,30.749762,1480.230899,30.749762,32.616432,32.616432,"LINESTRING (-122.39718 37.792688999999996, -122.295244 37.804823)",262.954421,-1.000000,0.347823,7.326088,7.500000,7.673912,36.034401,57.979351,756.000000,93956.307569,48.243649,36.182736,77.624030,58.218023,44.048582,43.952087,45.382981,70.874169,70.718908,73.021217,7.442301,0.000000,48.244,47.172,46.100,45.027,43.983,38.912,36.034,38.912,43.983,45.027,46.100,47.172,
10,1098,1369,22,0.0000,0.0000,0.0000,-1.0000,0.0000,3000.0000,3000.0000,0.0000,0.0000,0.4253,0.4253,0.1500,4.0000,1.0000,1.2430,2.0000,0.000000,0.000000,0.000000,0.000000,0.000000,0.000000,"LINESTRING (-122.433657 37.733169, -122.433557 37.733269)",0.000000,-1.000000,0.000000,7.500000,7.500000,7.500000,0.932256,1.500000,0.000000,nan,1.243008,0.932256,2.000000,1.500000,1.243008,1.243008,1.243008,2.000000,2.000000,2.000000,0.425301,0.000000,1.243,1.243,1.243,1.243,1.243,1.243,nan,1.243,1.243,1.243,1.243,1.243,
10,1099,1369,1360,341.9302,0.0000,0.0000,-1.0000,0.0000,756.0000,756.0000,341.9302,0.4523,3.0010,3.0198,0.1500,4.0000,1.0000,30.9558,49.8079,532.735478,17.209560,532.735478,17.209560,18.682956,18.682956,"LINESTRING (-122.433657 37.733169, -122.41861800000001 37.752322)",341.930200,-1.000000,0.452289,7.273856,7.500000,7.726144,23.090807,37.153109,756.000000,12811.589282,31.150097,23.362573,50.120506,37.590379,27.627888,27.455549,28.514518,44.453272,44.175978,45.879860,3.278381,0.000000,31.150,30.078,29.007,27.935,26.540,24.092,23.091,24.092,26.540,27.935,29.007,30.078,
10,1100,1370,26,20.1424,0.0000,0.0000,-1.0000,0.0000,3000.0000,3000.0000,20.1424,0.0067,0.4251,0.4251,0.1500,4.0000,1.0000,1.2430,2.0000,0.177384,0.142706,0.177384,0.142706,0.142826,0.142826,"LINESTRING (-122.267263 37.828714, -122.267163 37.828814)",20.142420,-1.000000,0.006714,7.496643,7.500000,7.503357,0.932256,1.500000,2014.241993,149053339492.943970,1.243008,0.932256,2.000000,1.500000,1.240922,1.240922,1.241958,1.996643,1.996643,1.998310,0.425449,0.000000,1.243,1.243,1.242,1.242,1.242,1.241,0.932,1.241,1.242,1.242,1.242,1.243,
10,1101,1370,1361,173.0000,0.0000,0.0000,-1.0000,0.0000,756.0000,756.0000,173.0000,0.2288,4.0010,4.0026,0.1500,4.0000,1.0000,25.2156,40.5719,291.012381,11.540962,291.012381,11.540962,11.957590,11.957590,"LINESTRING (-122.267263 37.828714, -122.26985 37.852968999999995)",173.000000,-1.000000,0.228836,7.385582,7.500000,7.614418,18.904905,30.417993,756.000000,322008.097733,25.225981,18.919486,40.588603,30.441452,23.782828,23.773049,24.337044,38.266570,38.250836,39.158304,4.147141,0.000000,25.226,24.914,24.602,24.290,23.978,22.503,18.905,22.503,23.978,24.290,24.602,24.914,
10,1102,1371,27,0.0000,0.0000,0.0000,-1.0000,0.0000,3000.0000,3000.0000,0.0000,0.0000,0.4256,0.4256,0.1500,4.0000,1.0000,1.2430,2.0000,0.000000,0.000000,0.000000,0.000000,0.000000,0.000000,"LINESTRING (-122.38694000000001 37.600099, -122.38684 37.600199)",0.000000,-1.000000,0.000000,7.500000,7.500000,7.500000,0.932256,1.500000,0.000000,nan,1.243008,0.932256,2.000000,1.500000,1.243008,1.243008,1.243008,2.000000,2.000000,2.000000,0.425595,0.000000,1.243,1.243,1.243,1.243,1.243,1.243,nan,1.243,1.243,1.243,1.243,1.243,
10,1103,1371,1378,127.0000,0.0000,0.0000,-1.0000,0.0000,756.0000,756.0000,127.0000,0.1680,5.0010,5.0016,0.1500,4.0000,1.0000,13.5322,21.7733,143.261301,10.586714,143.261301,10.586714,10.851812,10.851812,"LINESTRING (-122.38694000000001 37.600099, -122.39199500000001 37.615922999999995)",127.000000,-1.000000,0.167989,7.416005,7.500000,7.583995,10.148073,16.328249,756.000000,1467466.997602,13.533794,10.150346,21.775875,16.331906,12.965411,12.963862,13.201601,20.861346,20.858854,21.241376,5.126841,0.000000,13.534,13.420,13.306,13.192,13.078,12.965,10.148,12.965,13.078,13.192,13.306,13.420,
10,1104,1372,29,272.2038,0.0000,0.0000,-1.0000,0.0000,3000.0000,3000.0000,272.2038,0.0907,0.4252,0.4252,0.1500,4.0000,1.0000,1.2430,2.0000,2.397655,1.928933,2.397655,1.928933,1.953076,1.953076,"LINESTRING (-122.401742 37.78911299999999, -122.401642 37.789213)",272.203760,-1.000000,0.090735,7.454633,7.500000,7.545367,0.932238,1.499971,3000.000000,6225843.310502,1.243008,0.932256,2.000000,1.500000,1.214812,1.214800,1.227630,1.954633,1.954613,1.975256,0.430503,0.000000,1.243,1.238,1.233,1.228,1.222,1.217,0.932,1.217,1.222,1.228,1.233,1.238,
10,1105,1372,1368,361.1232,0.0000,0.0000,-1.0000,0.0000,756.0000,756.0000,361.1232,0.4777,2.0010,2.0166,0.1500,4.0000,1.0000,10.4409,16.7993,126.725994,12.137511,126.725994,12.137511,13.256286,13.256286,"LINESTRING (-122.401742 37.78911299999999, -122.39718 37.792688999999996)",361.123161,-1.000000,0.477676,7.261162,7.500000,7.738838,7.777904,12.514647,756.000000,6733.017417,10.522393,7.891795,16.930531,12.697898,9.265819,9.194018,9.559691,14.908703,14.793175,15.381543,2.202509,0.000000,10.522,10.121,9.720,9.320,8.822,8.074,7.778,8.074,8.822,9.320,9.720,10.121,
10,1106,1373,30,7.0000,0.0000,0.0000,-1.0000,0.0000,3000.0000,3000.0000,7.0000,0.0023,0.4250,0.4250,0.1500,4.0000,1.0000,1.2430,2.0000,0.061631,0.049582,0.061631,0.049582,0.049597,0.049597,"LINESTRING (-122.283608 37.873931999999996, -122.283508 37.874032)",7.000000,-1.000000,0.002333,7.498833,7.500000,7.501167,0.932256,1.500000,700.000000,3562175136758.310059,1.243008,0.932256,2.000000,1.500000,1.242283,1.242283,1.242645,1.998833,1.998833,1.999415,0.425114,0.000000,1.243,1.243,1.243,1.243,1.243,1.242,0.932,1.242,1.243,1.243,1.243,1.243,
10,1107,1373,1374,68.0000,0.0000,0.0000,-1.0000,0.0000,756.0000,756.0000,68.0000,0.0899,4.0010,4.0010,0.1500,4.0000,1.0000,32.2018,51.8127,146.019316,4.534511,146.019316,4.534511,4.590729,4.590729,"LINESTRING (-122.283608 37.873931999999996, -122.298995 37.902533)",68.000000,-1.000000,0.089947,7.455026,7.500000,7.544974,24.151124,38.859158,756.000000,15297755.505485,32.202091,24.151568,51.813165,38.859874,31.477970,31.477661,31.807437,50.648054,50.647557,51.178165,4.050643,0.000000,32.202,32.069,31.937,31.804,31.672,31.539,24.151,31.539,31.672,31.804,31.937,32.069,
10,1108,1374,37,12.0000,0.0000,0.0000,-1.0000,0.0000,3000.0000,3000.0000,12.0000,0.0040,0.4249,0.4249,0.1500,4.0000,1.0000,1.2430,2.0000,0.105637,0.084985,0.105637,0.084985,0.085028,0.085028,"LINESTRING (-122.298995 37.902533, -122.298895 37.902633)",12.000000,-1.000000,0.004000,7.498000,7.500000,7.502000,0.932256,1.500000,1200.000000,706083202434.813232,1.243008,0.932256,2.000000,1.500000,1.241765,1.241765,1.242384,1.998000,1.998000,1.998996,0.425139,0.000000,1.243,1.243,1.243,1.242,1.242,1.242,0.932,1.242,1.242,1.242,1.243,1.243,
10,1109,1374,1367,63.0000,0.0000,0.0000,-1.0000,0.0000,756.0000,756.0000,63.0000,0.0833,2.0010,2.0010,0.1500,4.0000,1.0000,55.2368,88.8761,116.056168,2.101065,116.056168,2.101065,2.125032,2.125032,"LINESTRING (-122.298995 37.902533, -122.316968 37.925104999999995)",63.000000,-1.000000,0.083333,7.458333,7.500000,7.541667,41.427357,66.656617,756.000000,10441942.913727,55.237225,41.427918,88.876694,66.657521,54.086449,54.086058,54.613855,87.025097,87.024467,87.873693,2.023840,0.000000,55.237,55.028,54.819,54.610,54.400,54.191,41.427,54.191,54.400,54.610,54.819,55.028,
10,1110,1375,38,5.0000,0.0000,0.0000,-1.0000,0.0000,3000.0000,3000.0000,5.0000,0.0017,0.4252,0.4252,0.1500,4.0000,1.0000,1.2430,2.0000,0.044043,0.035432,0.044043,0.035432,0.035440,0.035440,"LINESTRING (-122.407487 37.784544999999994, -122.407387 37.784645)",5.000000,-1.000000,0.001667,7.499167,7.500000,7.500833,0.932256,1.500000,500.000000,9784061795438.216797,1.243008,0.932256,2.000000,1.500000,1.242490,1.242490,1.242749,1.999167,1.999167,1.999583,0.425276,0.000000,1.243,1.243,1.243,1.243,1.243,1.243,0.932,1.243,1.243,1.243,1.243,1.243,
10,1111,1375,1372,615.3269,0.0000,0.0000,-1.0000,0.0000,756.0000,756.0000,615.3269,0.8139,1.0010,1.0669,0.1500,4.0000,1.0000,25.0311,40.2750,273.877779,10.941501,273.877779,10.941501,13.239101,13.239101,"LINESTRING (-122.407487 37.784544999999994, -122.401742 37.78911299999999)",615.326921,-1.000000,0.813924,7.093038,7.500000,7.906962,17.810758,28.657510,756.000000,445.927765,26.678909,20.009182,42.926365,32.194774,21.250255,19.937742,20.687038,34.191660,32.079826,33.285444,1.290933,0.000000,26.679,21.816,20.815,19.770,18.743,18.051,17.811,18.051,18.743,19.770,20.815,21.816,
10,1112,1376,39,27.0000,0.0000,0.0000,-1.0000,0.0000,3000.0000,3000.0000,27.0000,0.0090,0.4249,0.4249,0.1500,4.0000,1.0000,1.2430,2.0000,0.237642,0.191183,0.237642,0.191183,0.191400,0.191400,"LINESTRING (-122.353104 37.93669499999999, -122.353004 37.936795)",27.000000,-1.000000,0.009000,7.495500,7.500000,7.504500,0.932256,1.500000,2700.000000,61743183059.784920,1.243008,0.932256,2.000000,1.500000,1.240211,1.240211,1.241597,1.995500,1.995500,1.997730,0.425333,0.000000,1.243,1.243,1.242,1.242,1.241,1.241,0.932,1.241,1.241,1.242,1.242,1.243,
10,1113,1377,42,1.0000,0.0000,0.0000,-1.0000,0.0000,3000.0000,3000.0000,1.0000,0.0003,0.4255,0.4255,0.1500,4.0000,1.0000,1.2430,2.0000,0.008815,0.007092,0.008815,0.007092,0.007092,0.007092,"LINESTRING (-122.416484 37.63762, -122.416384 37.63772)",1.000000,-1.000000,0.000333,7.499833,7.500000,7.500167,0.932256,1.500000,100.000000,1225167596501212.000000,1.243008,0.932256,2.000000,1.500000,1.242905,1.242905,1.242956,1.999833,1.999833,1.999917,0.425530,0.000000,1.243,1.243,1.243,1.243,1.243,1.243,0.932,1.243,1.243,1.243,1.243,1.243,
10,1114,1377,1379,124.6624,0.0000,0.0000,-1.0000,0.0000,756.0000,756.0000,124.6624,0.1649,3.0010,3.0013,0.1500,4.0000,1.0000,47.8723,77.0265,298.526393,6.235890,298.526393,6.235890,6.388711,6.388711,"LINESTRING (-122.416484 37.63762, -122.444354 37.664336999999996)",124.662433,-1.000000,0.164897,7.417551,7.500000,7.582449,35.900739,57.764289,756.000000,951212.155685,47.877605,35.908204,77.035067,57.776300,45.903882,45.898792,46.727174,73.859347,73.851156,75.184022,3.074885,0.000000,47.878,47.484,47.090,46.696,46.302,45.908,35.901,45.908,46.302,46.696,47.090,47.484,
10,1115,1378,43,15.0000,0.0000,0.0000,-1.0000,0.0000,3000.0000,3000.0000,15.0000,0.0050,0.4256,0.4256,0.1500,4.0000,1.0000,1.2430,2.0000,0.132244,0.106390,0.132244,0.106390,0.106457,0.106457,"LINESTRING (-122.39199500000001 37.615922999999995, -122.391895 37.616023)",15.000000,-1.000000,0.005000,7.497500,7.500000,7.502500,0.932256,1.500000,1500.000000,361780769321.792236,1.243008,0.932256,2.000000,1.500000,1.241454,1.241454,1.242227,1.997500,1.997500,1.998744,0.425827,0.000000,1.243,1.243,1.242,1.242,1.242,1.242,0.932,1.242,1.242,1.242,1.242,1.243,
10,1116,1378,1377,118.0000,0.0000,0.0000,-1.0000,0.0000,756.0000,756.0000,118.0000,0.1561,4.0010,4.0014,0.1500,4.0000,1.0000,30.1578,48.5239,237.321768,7.869334,237.321768,7.869334,8.050323,8.050323,"LINESTRING (-122.39199500000001 37.615922999999995, -122.416484 37.63762)",118.000000,-1.000000,0.156085,7.421958,7.500000,7.578042,22.616585,36.390085,756.000000,1592473.173087,30.160480,22.620360,48.528213,36.396160,28.983583,28.981003,29.479781,46.634586,46.630434,47.432968,4.093385,0.000000,30.160,29.928,29.696,29.463,29.231,28.998,22.617,28.998,29.231,29.463,29.696,29.928,
10,1117,1379,45,2.0000,0.0000,0.0000,-1.0000,0.0000,3000.0000,3000.0000,2.0000,0.0007,0.4255,0.4255,0.1500,4.0000,1.0000,1.2430,2.0000,0.017628,0.014182,0.017628,0.014182,0.014183,0.014183,"LINESTRING (-122.444354 37.664336999999996, -122.444254 37.664437)",2.000000,-1.000000,0.000667,7.499667,7.500000,7.500333,0.932256,1.500000,200.000000,153086421157212.906250,1.243008,0.932256,2.000000,1.500000,1.242801,1.242801,1.242904,1.999667,1.999667,1.999833,0.425488,0.000000,1.243,1.243,1.243,1.243,1.243,1.243,0.932,1.243,1.243,1.243,1.243,1.243,
10,1118,1379,1364,135.9873,0.0000,0.0000,-1.0000,0.0000,756.0000,756.0000,135.9873,0.1799,3.0010,3.0015,0.1500,4.0000,1.0000,36.7864,59.1893,250.246646,6.802699,250.246646,6.802699,6.987184,6.987184,"LINESTRING (-122.444354 37.664336999999996, -122.466267 37.68454199999999)",135.987299,-1.000000,0.179877,7.410061,7.500000,7.589939,27.585992,44.385861,756.000000,662591.303771,36.792152,27.594114,59.198573,44.398930,35.137633,35.132116,35.815095,56.536452,56.527575,57.626488,3.082869,0.000000,36.792,36.456,36.120,35.783,35.447,34.946,27.586,34.946,35.447,35.783,36.120,36.456,
10,1119,1380,50,11.0200,0.0000,0.0000,-1.0000,0.0000,3000.0000,3000.0000,11.0200,0.0037,0.4251,0.4251,0.1500,4.0000,1.0000,1.2430,2.0000,0.097059,0.078084,0.097059,0.078084,0.078120,0.078120,"LINESTRING (-122.295244 37.804823, -122.295144 37.804923)",11.019958,-1.000000,0.003673,7.498163,7.500000,7.501837,0.932256,1.500000,1101.995843,912405118732.043945,1.243008,0.932256,2.000000,1.500000,1.241867,1.241867,1.242435,1.998163,1.998163,1.999078,0.425338,0.000000,1.243,1.243,1.243,1.242,1.242,1.242,0.932,1.242,1.242,1.242,1.243,1.243,
10,1120,1380,1357,259.9345,0.0000,0.0000,-1.0000,0.0000,756.0000,756.0000,259.9345,0.3438,4.0010,4.0094,0.1500,4.0000,1.0000,19.3060,31.0633,335.337281,17.369632,335.337281,17.369632,18.408602,18.408602,"LINESTRING (-122.295244 37.804823, -122.27168900000001 37.803371)",259.934463,-1.000000,0.343829,7.328086,7.500000,7.671914,14.453009,23.254891,756.000000,56453.280441,19.346424,14.509818,31.128396,23.346297,17.683460,17.646468,18.216336,28.452688,28.393166,29.310084,4.249210,0.000000,19.346,18.924,18.502,18.079,17.669,15.638,14.453,15.638,17.669,18.079,18.502,18.924,
10,0,0,0,0.0000,0.0000,0.0000,0.0000,0.0000,0.0000,0.0000,0.0000,0.0000,0.0000,0.0000,0.0000,0.0000,0.0000,0.0000,0.0000,0.000000,0.000000,0.000000,0.000000,0.000000,0.000000,"(null)",0.000000,0.000000,0.000000,7.500000,7.500000,7.500000,0.000000,0.000000,0.000000,nan,0.000000,0.000000,0.000000,0.000000,0.000000,0.000000,0.000000,0.000000,0.000000,0.000000,0.000000,0.000000,0.000,0.000,0.000,0.000,0.000,0.000,nan,0.000,0.000,0.000,0.000,0.000,
10,0,0,0,0.0000,0.0000,0.0000,0.0000,0.0000,0.0000,0.0000,0.0000,0.0000,0.0000,0.0000,0.0000,0.0000,0.0000,0.0000,0.0000,0.000000,0.000000,0.000000,0.000000,0.000000,0.000000,"(null)",0.000000,0.000000,0.000000,7.500000,7.500000,7.500000,0.000000,0.000000,0.000000,nan,0.000000,0.000000,0.000000,0.000000,0.000000,0.000000,0.000000,0.000000,0.000000,0.000000,0.000000,0.000000,0.000,0.000,0.000,0.000,0.000,0.000,nan,0.000,0.000,0.000,0.000,0.000,
