name,link_id,old_link_id,from_node_id,old_from_node_id,to_node_id,old_to_node_id,facility_type,dir_flag,directed_route_id,route_short_name,route_long_name,link_type,link_type_name,length,lanes,num_trips,capacity,free_speed,vdf_free_speed,ref_volume,ref_cost,vdf_fftt,vdf_cap,vdf_alpha,vdf_beta,vdf_plf,vdf_toll,VDF_penalty,geometry,allowed_uses,agency_name,stop_sequence,directed_service_id
,1,1000362,1,1000001,1001,1500001,metro,1,1.1,Yellow-S,Antioch to SFIA/Millbrae,2,boarding_links,14.17151797,1,7,3000,2,1.24300808,,0,4.285714286,21000,0.15,4,1,0,0,"LINESTRING (-122.271589 37.803471, -122.27168900000001 37.803371)",w_metro_only;w_bus_metro;d_metro_only;d_bus_metro,Bay Area Rapid Transit,-1,1.1.12TH:0;1;2;3;4;5;6;7;8;9;10;11;12;13;14;15;16;17;18;19;20;21;22;23;24;25;26
,2,1000364,1,1000001,1002,1500002,metro,1,1.1,Yellow-S,Antioch to SFIA/Millbrae,2,boarding_links,14.17151797,1,3,3000,2,1.24300808,,0,10,9000,0.15,4,1,0,0,"LINESTRING (-122.271589 37.803471, -122.27168900000001 37.803371)",w_metro_only;w_bus_metro;d_metro_only;d_bus_metro,Bay Area Rapid Transit,-1,1.1.12TH:0;1;2;4;5;6;7;8;9;10;11;12;13;14;15;16;17;18;19;20;21;22;23;24;25
,3,1000366,1,1000001,1003,1500003,metro,1,1.1,Yellow-S,Antioch to SFIA/Millbrae,2,boarding_links,14.17151797,1,2,3000,2,1.24300808,,0,10,6000,0.15,4,1,0,0,"LINESTRING (-122.271589 37.803471, -122.27168900000001 37.803371)",w_metro_only;w_bus_metro;d_metro_only;d_bus_metro,Bay Area Rapid Transit,-1,1.1.12TH:0;2;3;4;5;6;7;8;9;10;11;12;13;14;15;16;17;18;19;20;21;22;23
,4,1000588,1,1000001,1114,1500114,metro,1,2.2,Yellow-N,Millbrae/SFIA to Antioch,2,boarding_links,14.17151797,1,3,3000,2,1.24300808,,0,10,9000,0.15,4,1,0,0,"LINESTRING (-122.271589 37.803471, -122.27168900000001 37.803371)",w_metro_only;w_bus_metro;d_metro_only;d_bus_metro,Bay Area Rapid Transit,-1,2.2.12TH:0;1;2;3;4;5;6;7;8;9;10;11;12;13;14;15;16;17;18;19;20;21;23;24;25
,5,1000590,1,1000001,1115,1500115,metro,1,2.2,Yellow-N,Millbrae/SFIA to Antioch,2,boarding_links,14.17151797,1,7,3000,2,1.24300808,,0,4.285714286,21000,0.15,4,1,0,0,"LINESTRING (-122.271589 37.803471, -122.27168900000001 37.803371)",w_metro_only;w_bus_metro;d_metro_only;d_bus_metro,Bay Area Rapid Transit,-1,2.2.12TH:0;1;2;3;4;5;6;7;8;9;10;11;12;13;14;15;16;17;18;19;20;21;23;24;25;26;27
,6,1000592,1,1000001,1116,1500116,metro,1,2.2,Yellow-N,Millbrae/SFIA to Antioch,2,boarding_links,14.17151797,1,1,3000,2,1.24300808,,0,10,3000,0.15,4,1,0,0,"LINESTRING (-122.271589 37.803471, -122.27168900000001 37.803371)",w_metro_only;w_bus_metro;d_metro_only;d_bus_metro,Bay Area Rapid Transit,-1,2.2.12TH:0;1;2;3;4;5;6;7;8;9;10;11;12;13;14;15;16;17;19;20;21;22;23
,7,1000742,1,1000001,1191,1500191,metro,1,3.2,Orange-N,Berryessa/North San Jose to Richmond,2,boarding_links,14.17151797,1,1,3000,2,1.24300808,,0,10,3000,0.15,4,1,0,0,"LINESTRING (-122.271589 37.803471, -122.27168900000001 37.803371)",w_metro_only;w_bus_metro;d_metro_only;d_bus_metro,Bay Area Rapid Transit,-1,3.2.12TH:0;1;2;3;4;5;6;7;8;9;10;11;12;13;14;15
,8,1000744,1,1000001,1192,1500192,metro,1,3.2,Orange-N,Berryessa/North San Jose to Richmond,2,boarding_links,14.17151797,1,7,3000,2,1.24300808,,0,4.285714286,21000,0.15,4,1,0,0,"LINESTRING (-122.271589 37.803471, -122.27168900000001 37.803371)",w_metro_only;w_bus_metro;d_metro_only;d_bus_metro,Bay Area Rapid Transit,-1,3.2.12TH:0;1;2;3;4;6;7;8;9;10;11;12;13;14;15;16;17;18;19;20;21
,9,1000746,1,1000001,1193,1500193,metro,1,3.2,Orange-N,Berryessa/North San Jose to Richmond,2,boarding_links,14.17151797,1,1,3000,2,1.24300808,,0,10,3000,0.15,4,1,0,0,"LINESTRING (-122.271589 37.803471, -122.27168900000001 37.803371)",w_metro_only;w_bus_metro;d_metro_only;d_bus_metro,Bay Area Rapid Transit,-1,3.2.12TH:0;1;3;4;5;6;7;8;9;10;11;12;13;14;15;16;17;18
,10,1000852,1,1000001,1246,1500246,metro,1,4.1,Orange-S,Richmond to Berryessa/North San Jose,2,boarding_links,14.17151797,1,7,3000,2,1.24300808,,0,4.285714286,21000,0.15,4,1,0,0,"LINESTRING (-122.271589 37.803471, -122.27168900000001 37.803371)",w_metro_only;w_bus_metro;d_metro_only;d_bus_metro,Bay Area Rapid Transit,-1,4.1.12TH:0;1;2;3;4;5;6;7;8;9;10;11;12;13;14;15;17;18;19;20;21
,11,1001026,1,1000001,1333,1500333,metro,1,7.1,Red-S,Richmond to Daly City/Millbrae,2,boarding_links,14.17151797,1,7,3000,2,1.24300808,,0,4.285714286,21000,0.15,4,1,0,0,"LINESTRING (-122.271589 37.803471, -122.27168900000001 37.803371)",w_metro_only;w_bus_metro;d_metro_only;d_bus_metro,Bay Area Rapid Transit,-1,7.1.12TH:0;1;2;3;4;5;6;7;8;9;10;11;12;13;14;15;16;17;18;19;20;21;22;23;24
,12,1001074,1,1000001,1357,1500357,metro,1,8.2,Red-N,Millbrae/Daly City to Richmond,2,boarding_links,14.17151797,1,6,3000,2,1.24300808,,0,5,18000,0.15,4,1,0,0,"LINESTRING (-122.271589 37.803471, -122.27168900000001 37.803371)",w_metro_only;w_bus_metro;d_metro_only;d_bus_metro,Bay Area Rapid Transit,-1,8.2.12TH:0;1;2;3;4;5;6;7;8;9;10;11;12;13;14;15;16;17;18;19;20;21;22;23;24
,13,1000368,2,1000002,1004,1500004,metro,1,1.1,Yellow-S,Antioch to SFIA/Millbrae,2,boarding_links,14.17434139,1,7,3000,2,1.24300808,,0,4.285714286,21000,0.15,4,1,0,0,"LINESTRING (-122.419755 37.765176, -122.419855 37.76507599999999)",w_metro_only;w_bus_metro;d_metro_only;d_bus_metro,Bay Area Rapid Transit,-1,1.1.16TH:0;1;2;3;4;5;6;7;8;9;10;11;12;13;14;15;16;17;18;19;20;21;22;23;24;25;26
,14,1000370,2,1000002,1005,1500005,metro,1,1.1,Yellow-S,Antioch to SFIA/Millbrae,2,boarding_links,14.17434139,1,3,3000,2,1.24300808,,0,10,9000,0.15,4,1,0,0,"LINESTRING (-122.419755 37.765176, -122.419855 37.76507599999999)",w_metro_only;w_bus_metro;d_metro_only;d_bus_metro,Bay Area Rapid Transit,-1,1.1.16TH:0;1;2;4;5;6;7;8;9;10;11;12;13;14;15;16;17;18;19;20;21;22;23;24;25
,15,1000372,2,1000002,1006,1500006,metro,1,1.1,Yellow-S,Antioch to SFIA/Millbrae,2,boarding_links,14.17434139,1,2,3000,2,1.24300808,,0,10,6000,0.15,4,1,0,0,"LINESTRING (-122.419755 37.765176, -122.419855 37.76507599999999)",w_metro_only;w_bus_metro;d_metro_only;d_bus_metro,Bay Area Rapid Transit,-1,1.1.16TH:0;2;3;4;5;6;7;8;9;10;11;12;13;14;15;16;17;18;19;20;21;22;23
,16,1000512,2,1000002,1076,1500076,metro,1,11.1,Blue-S,Dublin/Pleasanton to Daly City,2,boarding_links,14.17434139,1,8,3000,2,1.24300808,,0,3.75,24000,0.15,4,1,0,0,"LINESTRING (-122.419755 37.765176, -122.419855 37.76507599999999)",w_metro_only;w_bus_metro;d_metro_only;d_bus_metro,Bay Area Rapid Transit,-1,11.1.16TH:0;1;2;3;4;5;6;7;8;9;10;11;12;13;14;15;16;17
,17,1000548,2,1000002,1094,1500094,metro,1,12.2,Blue-N,Daly City to Dublin/Pleasanton,2,boarding_links,14.17434139,1,6,3000,2,1.24300808,,0,5,18000,0.15,4,1,0,0,"LINESTRING (-122.419755 37.765176, -122.419855 37.76507599999999)",w_metro_only;w_bus_metro;d_metro_only;d_bus_metro,Bay Area Rapid Transit,-1,12.2.16TH:0;1;2;3;4;5;6;7;8;9;10;11;12;13;14;15;16;17
,18,1000594,2,1000002,1117,1500117,metro,1,2.2,Yellow-N,Millbrae/SFIA to Antioch,2,boarding_links,14.17434139,1,3,3000,2,1.24300808,,0,10,9000,0.15,4,1,0,0,"LINESTRING (-122.419755 37.765176, -122.419855 37.76507599999999)",w_metro_only;w_bus_metro;d_metro_only;d_bus_metro,Bay Area Rapid Transit,-1,2.2.16TH:0;1;2;3;4;5;6;7;8;9;10;11;12;13;14;15;16;17;18;19;20;21;23;24;25
,19,1000596,2,1000002,1118,1500118,metro,1,2.2,Yellow-N,Millbrae/SFIA to Antioch,2,boarding_links,14.17434139,1,7,3000,2,1.24300808,,0,4.285714286,21000,0.15,4,1,0,0,"LINESTRING (-122.419755 37.765176, -122.419855 37.76507599999999)",w_metro_only;w_bus_metro;d_metro_only;d_bus_metro,Bay Area Rapid Transit,-1,2.2.16TH:0;1;2;3;4;5;6;7;8;9;10;11;12;13;14;15;16;17;18;19;20;21;23;24;25;26;27
,20,1000598,2,1000002,1119,1500119,metro,1,2.2,Yellow-N,Millbrae/SFIA to Antioch,2,boarding_links,14.17434139,1,1,3000,2,1.24300808,,0,10,3000,0.15,4,1,0,0,"LINESTRING (-122.419755 37.765176, -122.419855 37.76507599999999)",w_metro_only;w_bus_metro;d_metro_only;d_bus_metro,Bay Area Rapid Transit,-1,2.2.16TH:0;1;2;3;4;5;6;7;8;9;10;11;12;13;14;15;16;17;19;20;21;22;23
,21,1000894,2,1000002,1267,1500267,metro,1,5.1,Green-S,Berryessa/North San Jose to Daly City,2,boarding_links,14.17434139,1,2,3000,2,1.24300808,,0,10,6000,0.15,4,1,0,0,"LINESTRING (-122.419755 37.765176, -122.419855 37.76507599999999)",w_metro_only;w_bus_metro;d_metro_only;d_bus_metro,Bay Area Rapid Transit,-1,5.1.16TH:0;1;2;3;4;5;6;7;8;9;10;11;12;13;14;15;16
,22,1000896,2,1000002,1268,1500268,metro,1,5.1,Green-S,Berryessa/North San Jose to Daly City,2,boarding_links,14.17434139,1,7,3000,2,1.24300808,,0,4.285714286,21000,0.15,4,1,0,0,"LINESTRING (-122.419755 37.765176, -122.419855 37.76507599999999)",w_metro_only;w_bus_metro;d_metro_only;d_bus_metro,Bay Area Rapid Transit,-1,5.1.16TH:0;1;2;3;4;6;7;8;9;10;11;12;13;14;15;16;17;18;19;20;21;22
,23,1000972,2,1000002,1306,1500306,metro,1,6.2,Green-N,Daly City to Berryessa/North San Jose,2,boarding_links,14.17434139,1,7,3000,2,1.24300808,,0,4.285714286,21000,0.15,4,1,0,0,"LINESTRING (-122.419755 37.765176, -122.419855 37.76507599999999)",w_metro_only;w_bus_metro;d_metro_only;d_bus_metro,Bay Area Rapid Transit,-1,6.2.16TH:0;1;2;3;4;5;6;7;8;9;10;11;12;13;14;15;16;18;19;20;21;22
,24,1001028,2,1000002,1334,1500334,metro,1,7.1,Red-S,Richmond to Daly City/Millbrae,2,boarding_links,14.17434139,1,7,3000,2,1.24300808,,0,4.285714286,21000,0.15,4,1,0,0,"LINESTRING (-122.419755 37.765176, -122.419855 37.76507599999999)",w_metro_only;w_bus_metro;d_metro_only;d_bus_metro,Bay Area Rapid Transit,-1,7.1.16TH:0;1;2;3;4;5;6;7;8;9;10;11;12;13;14;15;16;17;18;19;20;21;22;23;24
,25,1001076,2,1000002,1358,1500358,metro,1,8.2,Red-N,Millbrae/Daly City to Richmond,2,boarding_links,14.17434139,1,6,3000,2,1.24300808,,0,5,18000,0.15,4,1,0,0,"LINESTRING (-122.419755 37.765176, -122.419855 37.76507599999999)",w_metro_only;w_bus_metro;d_metro_only;d_bus_metro,Bay Area Rapid Transit,-1,8.2.16TH:0;1;2;3;4;5;6;7;8;9;10;11;12;13;14;15;16;17;18;19;20;21;22;23;24
,26,1000374,3,1000003,1007,1500007,metro,1,1.1,Yellow-S,Antioch to SFIA/Millbrae,2,boarding_links,14.17117953,1,7,3000,2,1.24300808,,0,4.285714286,21000,0.15,4,1,0,0,"LINESTRING (-122.268722 37.80806, -122.268822 37.807959999999994)",w_metro_only;w_bus_metro;d_metro_only;d_bus_metro,Bay Area Rapid Transit,-1,1.1.19TH:0;1;2;3;4;5;6;7;8;9;10;11;12;13;14;15;16;17;18;19;20;21;22;23;24;25;26
,27,1000376,3,1000003,1008,1500008,metro,1,1.1,Yellow-S,Antioch to SFIA/Millbrae,2,boarding_links,14.17117953,1,3,3000,2,1.24300808,,0,10,9000,0.15,4,1,0,0,"LINESTRING (-122.268722 37.80806, -122.268822 37.807959999999994)",w_metro_only;w_bus_metro;d_metro_only;d_bus_metro,Bay Area Rapid Transit,-1,1.1.19TH:0;1;2;4;5;6;7;8;9;10;11;12;13;14;15;16;17;18;19;20;21;22;23;24;25
,28,1000378,3,1000003,1009,1500009,metro,1,1.1,Yellow-S,Antioch to SFIA/Millbrae,2,boarding_links,14.17117953,1,2,3000,2,1.24300808,,0,10,6000,0.15,4,1,0,0,"LINESTRING (-122.268722 37.80806, -122.268822 37.807959999999994)",w_metro_only;w_bus_metro;d_metro_only;d_bus_metro,Bay Area Rapid Transit,-1,1.1.19TH:0;2;3;4;5;6;7;8;9;10;11;12;13;14;15;16;17;18;19;20;21;22;23
,29,1000600,3,1000003,1120,1500120,metro,1,2.2,Yellow-N,Millbrae/SFIA to Antioch,2,boarding_links,14.17117953,1,3,3000,2,1.24300808,,0,10,9000,0.15,4,1,0,0,"LINESTRING (-122.268722 37.80806, -122.268822 37.807959999999994)",w_metro_only;w_bus_metro;d_metro_only;d_bus_metro,Bay Area Rapid Transit,-1,2.2.19TH:0;1;2;3;4;5;6;7;8;9;10;11;12;13;14;15;16;17;18;19;20;21;23;24;25
,30,1000602,3,1000003,1121,1500121,metro,1,2.2,Yellow-N,Millbrae/SFIA to Antioch,2,boarding_links,14.17117953,1,7,3000,2,1.24300808,,0,4.285714286,21000,0.15,4,1,0,0,"LINESTRING (-122.268722 37.80806, -122.268822 37.807959999999994)",w_metro_only;w_bus_metro;d_metro_only;d_bus_metro,Bay Area Rapid Transit,-1,2.2.19TH:0;1;2;3;4;5;6;7;8;9;10;11;12;13;14;15;16;17;18;19;20;21;23;24;25;26;27
,31,1000604,3,1000003,1122,1500122,metro,1,2.2,Yellow-N,Millbrae/SFIA to Antioch,2,boarding_links,14.17117953,1,1,3000,2,1.24300808,,0,10,3000,0.15,4,1,0,0,"LINESTRING (-122.268722 37.80806, -122.268822 37.807959999999994)",w_metro_only;w_bus_metro;d_metro_only;d_bus_metro,Bay Area Rapid Transit,-1,2.2.19TH:0;1;2;3;4;5;6;7;8;9;10;11;12;13;14;15;16;17;19;20;21;22;23
,32,1000748,3,1000003,1194,1500194,metro,1,3.2,Orange-N,Berryessa/North San Jose to Richmond,2,boarding_links,14.17117953,1,1,3000,2,1.24300808,,0,10,3000,0.15,4,1,0,0,"LINESTRING (-122.268722 37.80806, -122.268822 37.807959999999994)",w_metro_only;w_bus_metro;d_metro_only;d_bus_metro,Bay Area Rapid Transit,-1,3.2.19TH:0;1;2;3;4;5;6;7;8;9;10;11;12;13;14;15
,33,1000750,3,1000003,1195,1500195,metro,1,3.2,Orange-N,Berryessa/North San Jose to Richmond,2,boarding_links,14.17117953,1,7,3000,2,1.24300808,,0,4.285714286,21000,0.15,4,1,0,0,"LINESTRING (-122.268722 37.80806, -122.268822 37.807959999999994)",w_metro_only;w_bus_metro;d_metro_only;d_bus_metro,Bay Area Rapid Transit,-1,3.2.19TH:0;1;2;3;4;6;7;8;9;10;11;12;13;14;15;16;17;18;19;20;21
,34,1000752,3,1000003,1196,1500196,metro,1,3.2,Orange-N,Berryessa/North San Jose to Richmond,2,boarding_links,14.17117953,1,1,3000,2,1.24300808,,0,10,3000,0.15,4,1,0,0,"LINESTRING (-122.268722 37.80806, -122.268822 37.807959999999994)",w_metro_only;w_bus_metro;d_metro_only;d_bus_metro,Bay Area Rapid Transit,-1,3.2.19TH:0;1;3;4;5;6;7;8;9;10;11;12;13;14;15;16;17;18
,35,1000854,3,1000003,1247,1500247,metro,1,4.1,Orange-S,Richmond to Berryessa/North San Jose,2,boarding_links,14.17117953,1,7,3000,2,1.24300808,,0,4.285714286,21000,0.15,4,1,0,0,"LINESTRING (-122.268722 37.80806, -122.268822 37.807959999999994)",w_metro_only;w_bus_metro;d_metro_only;d_bus_metro,Bay Area Rapid Transit,-1,4.1.19TH:0;1;2;3;4;5;6;7;8;9;10;11;12;13;14;15;17;18;19;20;21
,36,1001030,3,1000003,1335,1500335,metro,1,7.1,Red-S,Richmond to Daly City/Millbrae,2,boarding_links,14.17117953,1,7,3000,2,1.24300808,,0,4.285714286,21000,0.15,4,1,0,0,"LINESTRING (-122.268722 37.80806, -122.268822 37.807959999999994)",w_metro_only;w_bus_metro;d_metro_only;d_bus_metro,Bay Area Rapid Transit,-1,7.1.19TH:0;1;2;3;4;5;6;7;8;9;10;11;12;13;14;15;16;17;18;19;20;21;22;23;24
,37,1001078,3,1000003,1359,1500359,metro,1,8.2,Red-N,Millbrae/Daly City to Richmond,2,boarding_links,14.17117953,1,6,3000,2,1.24300808,,0,5,18000,0.15,4,1,0,0,"LINESTRING (-122.268722 37.80806, -122.268822 37.807959999999994)",w_metro_only;w_bus_metro;d_metro_only;d_bus_metro,Bay Area Rapid Transit,-1,8.2.19TH:0;1;2;3;4;5;6;7;8;9;10;11;12;13;14;15;16;17;18;19;20;21;22;23;24
,38,1000380,4,1000004,1010,1500010,metro,1,1.1,Yellow-S,Antioch to SFIA/Millbrae,2,boarding_links,14.17528137,1,7,3000,2,1.24300808,,0,4.285714286,21000,0.15,4,1,0,0,"LINESTRING (-122.418518 37.752422, -122.41861800000001 37.752322)",w_metro_only;w_bus_metro;d_metro_only;d_bus_metro,Bay Area Rapid Transit,-1,1.1.24TH:0;1;2;3;4;5;6;7;8;9;10;11;12;13;14;15;16;17;18;19;20;21;22;23;24;25;26
,39,1000382,4,1000004,1011,1500011,metro,1,1.1,Yellow-S,Antioch to SFIA/Millbrae,2,boarding_links,14.17528137,1,3,3000,2,1.24300808,,0,10,9000,0.15,4,1,0,0,"LINESTRING (-122.418518 37.752422, -122.41861800000001 37.752322)",w_metro_only;w_bus_metro;d_metro_only;d_bus_metro,Bay Area Rapid Transit,-1,1.1.24TH:0;1;2;4;5;6;7;8;9;10;11;12;13;14;15;16;17;18;19;20;21;22;23;24;25
,40,1000384,4,1000004,1012,1500012,metro,1,1.1,Yellow-S,Antioch to SFIA/Millbrae,2,boarding_links,14.17528137,1,2,3000,2,1.24300808,,0,10,6000,0.15,4,1,0,0,"LINESTRING (-122.418518 37.752422, -122.41861800000001 37.752322)",w_metro_only;w_bus_metro;d_metro_only;d_bus_metro,Bay Area Rapid Transit,-1,1.1.24TH:0;2;3;4;5;6;7;8;9;10;11;12;13;14;15;16;17;18;19;20;21;22;23
,41,1000514,4,1000004,1077,1500077,metro,1,11.1,Blue-S,Dublin/Pleasanton to Daly City,2,boarding_links,14.17528137,1,8,3000,2,1.24300808,,0,3.75,24000,0.15,4,1,0,0,"LINESTRING (-122.418518 37.752422, -122.41861800000001 37.752322)",w_metro_only;w_bus_metro;d_metro_only;d_bus_metro,Bay Area Rapid Transit,-1,11.1.24TH:0;1;2;3;4;5;6;7;8;9;10;11;12;13;14;15;16;17
,42,1000550,4,1000004,1095,1500095,metro,1,12.2,Blue-N,Daly City to Dublin/Pleasanton,2,boarding_links,14.17528137,1,6,3000,2,1.24300808,,0,5,18000,0.15,4,1,0,0,"LINESTRING (-122.418518 37.752422, -122.41861800000001 37.752322)",w_metro_only;w_bus_metro;d_metro_only;d_bus_metro,Bay Area Rapid Transit,-1,12.2.24TH:0;1;2;3;4;5;6;7;8;9;10;11;12;13;14;15;16;17
,43,1000606,4,1000004,1123,1500123,metro,1,2.2,Yellow-N,Millbrae/SFIA to Antioch,2,boarding_links,14.17528137,1,3,3000,2,1.24300808,,0,10,9000,0.15,4,1,0,0,"LINESTRING (-122.418518 37.752422, -122.41861800000001 37.752322)",w_metro_only;w_bus_metro;d_metro_only;d_bus_metro,Bay Area Rapid Transit,-1,2.2.24TH:0;1;2;3;4;5;6;7;8;9;10;11;12;13;14;15;16;17;18;19;20;21;23;24;25
,44,1000608,4,1000004,1124,1500124,metro,1,2.2,Yellow-N,Millbrae/SFIA to Antioch,2,boarding_links,14.17528137,1,7,3000,2,1.24300808,,0,4.285714286,21000,0.15,4,1,0,0,"LINESTRING (-122.418518 37.752422, -122.41861800000001 37.752322)",w_metro_only;w_bus_metro;d_metro_only;d_bus_metro,Bay Area Rapid Transit,-1,2.2.24TH:0;1;2;3;4;5;6;7;8;9;10;11;12;13;14;15;16;17;18;19;20;21;23;24;25;26;27
,45,1000610,4,1000004,1125,1500125,metro,1,2.2,Yellow-N,Millbrae/SFIA to Antioch,2,boarding_links,14.17528137,1,1,3000,2,1.24300808,,0,10,3000,0.15,4,1,0,0,"LINESTRING (-122.418518 37.752422, -122.41861800000001 37.752322)",w_metro_only;w_bus_metro;d_metro_only;d_bus_metro,Bay Area Rapid Transit,-1,2.2.24TH:0;1;2;3;4;5;6;7;8;9;10;11;12;13;14;15;16;17;19;20;21;22;23
,46,1000898,4,1000004,1269,1500269,metro,1,5.1,Green-S,Berryessa/North San Jose to Daly City,2,boarding_links,14.17528137,1,2,3000,2,1.24300808,,0,10,6000,0.15,4,1,0,0,"LINESTRING (-122.418518 37.752422, -122.41861800000001 37.752322)",w_metro_only;w_bus_metro;d_metro_only;d_bus_metro,Bay Area Rapid Transit,-1,5.1.24TH:0;1;2;3;4;5;6;7;8;9;10;11;12;13;14;15;16
,47,1000900,4,1000004,1270,1500270,metro,1,5.1,Green-S,Berryessa/North San Jose to Daly City,2,boarding_links,14.17528137,1,7,3000,2,1.24300808,,0,4.285714286,21000,0.15,4,1,0,0,"LINESTRING (-122.418518 37.752422, -122.41861800000001 37.752322)",w_metro_only;w_bus_metro;d_metro_only;d_bus_metro,Bay Area Rapid Transit,-1,5.1.24TH:0;1;2;3;4;6;7;8;9;10;11;12;13;14;15;16;17;18;19;20;21;22
,48,1000974,4,1000004,1307,1500307,metro,1,6.2,Green-N,Daly City to Berryessa/North San Jose,2,boarding_links,14.17528137,1,7,3000,2,1.24300808,,0,4.285714286,21000,0.15,4,1,0,0,"LINESTRING (-122.418518 37.752422, -122.41861800000001 37.752322)",w_metro_only;w_bus_metro;d_metro_only;d_bus_metro,Bay Area Rapid Transit,-1,6.2.24TH:0;1;2;3;4;5;6;7;8;9;10;11;12;13;14;15;16;18;19;20;21;22
,49,1001032,4,1000004,1336,1500336,metro,1,7.1,Red-S,Richmond to Daly City/Millbrae,2,boarding_links,14.17528137,1,7,3000,2,1.24300808,,0,4.285714286,21000,0.15,4,1,0,0,"LINESTRING (-122.418518 37.752422, -122.41861800000001 37.752322)",w_metro_only;w_bus_metro;d_metro_only;d_bus_metro,Bay Area Rapid Transit,-1,7.1.24TH:0;1;2;3;4;5;6;7;8;9;10;11;12;13;14;15;16;17;18;19;20;21;22;23;24
,50,1001080,4,1000004,1360,1500360,metro,1,8.2,Red-N,Millbrae/Daly City to Richmond,2,boarding_links,14.17528137,1,6,3000,2,1.24300808,,0,5,18000,0.15,4,1,0,0,"LINESTRING (-122.418518 37.752422, -122.41861800000001 37.752322)",w_metro_only;w_bus_metro;d_metro_only;d_bus_metro,Bay Area Rapid Transit,-1,8.2.24TH:0;1;2;3;4;5;6;7;8;9;10;11;12;13;14;15;16;17;18;19;20;21;22;23;24
,51,1000386,5,1000005,1013,1500013,metro,1,1.1,Yellow-S,Antioch to SFIA/Millbrae,2,boarding_links,14.1573433,1,7,3000,2,1.24300808,,0,4.285714286,21000,0.15,4,1,0,0,"LINESTRING (-121.780353 37.995415, -121.78045300000001 37.995315)",w_metro_only;w_bus_metro;d_metro_only;d_bus_metro,Bay Area Rapid Transit,-1,1.1.ANTC:0;1;2;3;4;5;6;7;8;9;10;11;12;13;14;15;16;17;18;19;20;21;22;23;24;25;26
,52,1000612,5,1000005,1126,1500126,metro,1,2.2,Yellow-N,Millbrae/SFIA to Antioch,2,boarding_links,14.1573433,1,7,3000,2,1.24300808,,0,4.285714286,21000,0.15,4,1,0,0,"LINESTRING (-121.780353 37.995415, -121.78045300000001 37.995315)",w_metro_only;w_bus_metro;d_metro_only;d_bus_metro,Bay Area Rapid Transit,-1,2.2.ANTC:0;1;2;3;4;5;6;7;8;9;10;11;12;13;14;15;16;17;18;19;20;21;23;24;25;26;27
,53,1000614,5,1000005,1127,1500127,metro,1,2.2,Yellow-N,Millbrae/SFIA to Antioch,2,boarding_links,14.1573433,1,1,3000,2,1.24300808,,0,10,3000,0.15,4,1,0,0,"LINESTRING (-121.780353 37.995415, -121.78045300000001 37.995315)",w_metro_only;w_bus_metro;d_metro_only;d_bus_metro,Bay Area Rapid Transit,-1,2.2.ANTC:0;1;2;3;4;5;6;7;8;9;10;11;12;13;14;15;16;17;19;20;21;22;23
,54,1000754,6,1000006,1197,1500197,metro,1,3.2,Orange-N,Berryessa/North San Jose to Richmond,2,boarding_links,14.16785892,1,1,3000,2,1.24300808,,0,10,3000,0.15,4,1,0,0,"LINESTRING (-122.26975 37.853069, -122.26985 37.852968999999995)",w_metro_only;w_bus_metro;d_metro_only;d_bus_metro,Bay Area Rapid Transit,-1,3.2.ASHB:0;1;2;3;4;5;6;7;8;9;10;11;12;13;14;15
,55,1000756,6,1000006,1198,1500198,metro,1,3.2,Orange-N,Berryessa/North San Jose to Richmond,2,boarding_links,14.16785892,1,7,3000,2,1.24300808,,0,4.285714286,21000,0.15,4,1,0,0,"LINESTRING (-122.26975 37.853069, -122.26985 37.852968999999995)",w_metro_only;w_bus_metro;d_metro_only;d_bus_metro,Bay Area Rapid Transit,-1,3.2.ASHB:0;1;2;3;4;6;7;8;9;10;11;12;13;14;15;16;17;18;19;20;21
,56,1000758,6,1000006,1199,1500199,metro,1,3.2,Orange-N,Berryessa/North San Jose to Richmond,2,boarding_links,14.16785892,1,1,3000,2,1.24300808,,0,10,3000,0.15,4,1,0,0,"LINESTRING (-122.26975 37.853069, -122.26985 37.852968999999995)",w_metro_only;w_bus_metro;d_metro_only;d_bus_metro,Bay Area Rapid Transit,-1,3.2.ASHB:0;1;3;4;5;6;7;8;9;10;11;12;13;14;15;16;17;18
,57,1000856,6,1000006,1248,1500248,metro,1,4.1,Orange-S,Richmond to Berryessa/North San Jose,2,boarding_links,14.16785892,1,7,3000,2,1.24300808,,0,4.285714286,21000,0.15,4,1,0,0,"LINESTRING (-122.26975 37.853069, -122.26985 37.852968999999995)",w_metro_only;w_bus_metro;d_metro_only;d_bus_metro,Bay Area Rapid Transit,-1,4.1.ASHB:0;1;2;3;4;5;6;7;8;9;10;11;12;13;14;15;17;18;19;20;21
,58,1001034,6,1000006,1337,1500337,metro,1,7.1,Red-S,Richmond to Daly City/Millbrae,2,boarding_links,14.16785892,1,7,3000,2,1.24300808,,0,4.285714286,21000,0.15,4,1,0,0,"LINESTRING (-122.26975 37.853069, -122.26985 37.852968999999995)",w_metro_only;w_bus_metro;d_metro_only;d_bus_metro,Bay Area Rapid Transit,-1,7.1.ASHB:0;1;2;3;4;5;6;7;8;9;10;11;12;13;14;15;16;17;18;19;20;21;22;23;24
,59,1001082,6,1000006,1361,1500361,metro,1,8.2,Red-N,Millbrae/Daly City to Richmond,2,boarding_links,14.16785892,1,6,3000,2,1.24300808,,0,5,18000,0.15,4,1,0,0,"LINESTRING (-122.26975 37.853069, -122.26985 37.852968999999995)",w_metro_only;w_bus_metro;d_metro_only;d_bus_metro,Bay Area Rapid Transit,-1,8.2.ASHB:0;1;2;3;4;5;6;7;8;9;10;11;12;13;14;15;16;17;18;19;20;21;22;23;24
,60,1000388,7,1000007,1014,1500014,metro,1,1.1,Yellow-S,Antioch to SFIA/Millbrae,2,boarding_links,14.17754066,1,7,3000,2,1.24300808,,0,4.285714286,21000,0.15,4,1,0,0,"LINESTRING (-122.44751 37.721758, -122.44761 37.721658)",w_metro_only;w_bus_metro;d_metro_only;d_bus_metro,Bay Area Rapid Transit,-1,1.1.BALB:0;1;2;3;4;5;6;7;8;9;10;11;12;13;14;15;16;17;18;19;20;21;22;23;24;25;26
,61,1000390,7,1000007,1015,1500015,metro,1,1.1,Yellow-S,Antioch to SFIA/Millbrae,2,boarding_links,14.17754066,1,3,3000,2,1.24300808,,0,10,9000,0.15,4,1,0,0,"LINESTRING (-122.44751 37.721758, -122.44761 37.721658)",w_metro_only;w_bus_metro;d_metro_only;d_bus_metro,Bay Area Rapid Transit,-1,1.1.BALB:0;1;2;4;5;6;7;8;9;10;11;12;13;14;15;16;17;18;19;20;21;22;23;24;25
,62,1000392,7,1000007,1016,1500016,metro,1,1.1,Yellow-S,Antioch to SFIA/Millbrae,2,boarding_links,14.17754066,1,2,3000,2,1.24300808,,0,10,6000,0.15,4,1,0,0,"LINESTRING (-122.44751 37.721758, -122.44761 37.721658)",w_metro_only;w_bus_metro;d_metro_only;d_bus_metro,Bay Area Rapid Transit,-1,1.1.BALB:0;2;3;4;5;6;7;8;9;10;11;12;13;14;15;16;17;18;19;20;21;22;23
,63,1000516,7,1000007,1078,1500078,metro,1,11.1,Blue-S,Dublin/Pleasanton to Daly City,2,boarding_links,14.17754066,1,8,3000,2,1.24300808,,0,3.75,24000,0.15,4,1,0,0,"LINESTRING (-122.44751 37.721758, -122.44761 37.721658)",w_metro_only;w_bus_metro;d_metro_only;d_bus_metro,Bay Area Rapid Transit,-1,11.1.BALB:0;1;2;3;4;5;6;7;8;9;10;11;12;13;14;15;16;17
,64,1000552,7,1000007,1096,1500096,metro,1,12.2,Blue-N,Daly City to Dublin/Pleasanton,2,boarding_links,14.17754066,1,6,3000,2,1.24300808,,0,5,18000,0.15,4,1,0,0,"LINESTRING (-122.44751 37.721758, -122.44761 37.721658)",w_metro_only;w_bus_metro;d_metro_only;d_bus_metro,Bay Area Rapid Transit,-1,12.2.BALB:0;1;2;3;4;5;6;7;8;9;10;11;12;13;14;15;16;17
,65,1000616,7,1000007,1128,1500128,metro,1,2.2,Yellow-N,Millbrae/SFIA to Antioch,2,boarding_links,14.17754066,1,3,3000,2,1.24300808,,0,10,9000,0.15,4,1,0,0,"LINESTRING (-122.44751 37.721758, -122.44761 37.721658)",w_metro_only;w_bus_metro;d_metro_only;d_bus_metro,Bay Area Rapid Transit,-1,2.2.BALB:0;1;2;3;4;5;6;7;8;9;10;11;12;13;14;15;16;17;18;19;20;21;23;24;25
,66,1000618,7,1000007,1129,1500129,metro,1,2.2,Yellow-N,Millbrae/SFIA to Antioch,2,boarding_links,14.17754066,1,7,3000,2,1.24300808,,0,4.285714286,21000,0.15,4,1,0,0,"LINESTRING (-122.44751 37.721758, -122.44761 37.721658)",w_metro_only;w_bus_metro;d_metro_only;d_bus_metro,Bay Area Rapid Transit,-1,2.2.BALB:0;1;2;3;4;5;6;7;8;9;10;11;12;13;14;15;16;17;18;19;20;21;23;24;25;26;27
,67,1000620,7,1000007,1130,1500130,metro,1,2.2,Yellow-N,Millbrae/SFIA to Antioch,2,boarding_links,14.17754066,1,1,3000,2,1.24300808,,0,10,3000,0.15,4,1,0,0,"LINESTRING (-122.44751 37.721758, -122.44761 37.721658)",w_metro_only;w_bus_metro;d_metro_only;d_bus_metro,Bay Area Rapid Transit,-1,2.2.BALB:0;1;2;3;4;5;6;7;8;9;10;11;12;13;14;15;16;17;19;20;21;22;23
,68,1000902,7,1000007,1271,1500271,metro,1,5.1,Green-S,Berryessa/North San Jose to Daly City,2,boarding_links,14.17754066,1,2,3000,2,1.24300808,,0,10,6000,0.15,4,1,0,0,"LINESTRING (-122.44751 37.721758, -122.44761 37.721658)",w_metro_only;w_bus_metro;d_metro_only;d_bus_metro,Bay Area Rapid Transit,-1,5.1.BALB:0;1;2;3;4;5;6;7;8;9;10;11;12;13;14;15;16
,69,1000904,7,1000007,1272,1500272,metro,1,5.1,Green-S,Berryessa/North San Jose to Daly City,2,boarding_links,14.17754066,1,7,3000,2,1.24300808,,0,4.285714286,21000,0.15,4,1,0,0,"LINESTRING (-122.44751 37.721758, -122.44761 37.721658)",w_metro_only;w_bus_metro;d_metro_only;d_bus_metro,Bay Area Rapid Transit,-1,5.1.BALB:0;1;2;3;4;6;7;8;9;10;11;12;13;14;15;16;17;18;19;20;21;22
,70,1000976,7,1000007,1308,1500308,metro,1,6.2,Green-N,Daly City to Berryessa/North San Jose,2,boarding_links,14.17754066,1,7,3000,2,1.24300808,,0,4.285714286,21000,0.15,4,1,0,0,"LINESTRING (-122.44751 37.721758, -122.44761 37.721658)",w_metro_only;w_bus_metro;d_metro_only;d_bus_metro,Bay Area Rapid Transit,-1,6.2.BALB:0;1;2;3;4;5;6;7;8;9;10;11;12;13;14;15;16;18;19;20;21;22
,71,1001036,7,1000007,1338,1500338,metro,1,7.1,Red-S,Richmond to Daly City/Millbrae,2,boarding_links,14.17754066,1,7,3000,2,1.24300808,,0,4.285714286,21000,0.15,4,1,0,0,"LINESTRING (-122.44751 37.721758, -122.44761 37.721658)",w_metro_only;w_bus_metro;d_metro_only;d_bus_metro,Bay Area Rapid Transit,-1,7.1.BALB:0;1;2;3;4;5;6;7;8;9;10;11;12;13;14;15;16;17;18;19;20;21;22;23;24
,72,1001084,7,1000007,1362,1500362,metro,1,8.2,Red-N,Millbrae/Daly City to Richmond,2,boarding_links,14.17754066,1,6,3000,2,1.24300808,,0,5,18000,0.15,4,1,0,0,"LINESTRING (-122.44751 37.721758, -122.44761 37.721658)",w_metro_only;w_bus_metro;d_metro_only;d_bus_metro,Bay Area Rapid Transit,-1,8.2.BALB:0;1;2;3;4;5;6;7;8;9;10;11;12;13;14;15;16;17;18;19;20;21;22;23;24
,73,1000518,8,1000008,1079,1500079,metro,1,11.1,Blue-S,Dublin/Pleasanton to Daly City,2,boarding_links,14.17936864,1,8,3000,2,1.24300808,,0,3.75,24000,0.15,4,1,0,0,"LINESTRING (-122.126431 37.696938, -122.126531 37.696838)",w_metro_only;w_bus_metro;d_metro_only;d_bus_metro,Bay Area Rapid Transit,-1,11.1.BAYF:0;1;2;3;4;5;6;7;8;9;10;11;12;13;14;15;16;17
,74,1000554,8,1000008,1097,1500097,metro,1,12.2,Blue-N,Daly City to Dublin/Pleasanton,2,boarding_links,14.17936864,1,6,3000,2,1.24300808,,0,5,18000,0.15,4,1,0,0,"LINESTRING (-122.126431 37.696938, -122.126531 37.696838)",w_metro_only;w_bus_metro;d_metro_only;d_bus_metro,Bay Area Rapid Transit,-1,12.2.BAYF:0;1;2;3;4;5;6;7;8;9;10;11;12;13;14;15;16;17
,75,1000760,8,1000008,1200,1500200,metro,1,3.2,Orange-N,Berryessa/North San Jose to Richmond,2,boarding_links,14.17936864,1,1,3000,2,1.24300808,,0,10,3000,0.15,4,1,0,0,"LINESTRING (-122.126431 37.696938, -122.126531 37.696838)",w_metro_only;w_bus_metro;d_metro_only;d_bus_metro,Bay Area Rapid Transit,-1,3.2.BAYF:0;1;2;3;4;5;6;7;8;9;10;11;12;13;14;15
,76,1000762,8,1000008,1201,1500201,metro,1,3.2,Orange-N,Berryessa/North San Jose to Richmond,2,boarding_links,14.17936864,1,7,3000,2,1.24300808,,0,4.285714286,21000,0.15,4,1,0,0,"LINESTRING (-122.126431 37.696938, -122.126531 37.696838)",w_metro_only;w_bus_metro;d_metro_only;d_bus_metro,Bay Area Rapid Transit,-1,3.2.BAYF:0;1;2;3;4;6;7;8;9;10;11;12;13;14;15;16;17;18;19;20;21
,77,1000764,8,1000008,1202,1500202,metro,1,3.2,Orange-N,Berryessa/North San Jose to Richmond,2,boarding_links,14.17936864,1,1,3000,2,1.24300808,,0,10,3000,0.15,4,1,0,0,"LINESTRING (-122.126431 37.696938, -122.126531 37.696838)",w_metro_only;w_bus_metro;d_metro_only;d_bus_metro,Bay Area Rapid Transit,-1,3.2.BAYF:0;1;3;4;5;6;7;8;9;10;11;12;13;14;15;16;17;18
,78,1000858,8,1000008,1249,1500249,metro,1,4.1,Orange-S,Richmond to Berryessa/North San Jose,2,boarding_links,14.17936864,1,7,3000,2,1.24300808,,0,4.285714286,21000,0.15,4,1,0,0,"LINESTRING (-122.126431 37.696938, -122.126531 37.696838)",w_metro_only;w_bus_metro;d_metro_only;d_bus_metro,Bay Area Rapid Transit,-1,4.1.BAYF:0;1;2;3;4;5;6;7;8;9;10;11;12;13;14;15;17;18;19;20;21
,79,1000906,8,1000008,1273,1500273,metro,1,5.1,Green-S,Berryessa/North San Jose to Daly City,2,boarding_links,14.17936864,1,2,3000,2,1.24300808,,0,10,6000,0.15,4,1,0,0,"LINESTRING (-122.126431 37.696938, -122.126531 37.696838)",w_metro_only;w_bus_metro;d_metro_only;d_bus_metro,Bay Area Rapid Transit,-1,5.1.BAYF:0;1;2;3;4;5;6;7;8;9;10;11;12;13;14;15;16
,80,1000908,8,1000008,1274,1500274,metro,1,5.1,Green-S,Berryessa/North San Jose to Daly City,2,boarding_links,14.17936864,1,7,3000,2,1.24300808,,0,4.285714286,21000,0.15,4,1,0,0,"LINESTRING (-122.126431 37.696938, -122.126531 37.696838)",w_metro_only;w_bus_metro;d_metro_only;d_bus_metro,Bay Area Rapid Transit,-1,5.1.BAYF:0;1;2;3;4;6;7;8;9;10;11;12;13;14;15;16;17;18;19;20;21;22
,81,1000978,8,1000008,1309,1500309,metro,1,6.2,Green-N,Daly City to Berryessa/North San Jose,2,boarding_links,14.17936864,1,7,3000,2,1.24300808,,0,4.285714286,21000,0.15,4,1,0,0,"LINESTRING (-122.126431 37.696938, -122.126531 37.696838)",w_metro_only;w_bus_metro;d_metro_only;d_bus_metro,Bay Area Rapid Transit,-1,6.2.BAYF:0;1;2;3;4;5;6;7;8;9;10;11;12;13;14;15;16;18;19;20;21;22
,82,1000766,9,1000009,1203,1500203,metro,1,3.2,Orange-N,Berryessa/North San Jose to Richmond,2,boarding_links,14.20349683,1,7,3000,2,1.24300808,,0,4.285714286,21000,0.15,4,1,0,0,"LINESTRING (-121.874661 37.368495, -121.874761 37.368395)",w_metro_only;w_bus_metro;d_metro_only;d_bus_metro,Bay Area Rapid Transit,-1,3.2.BERY:0;1;2;3;4;6;7;8;9;10;11;12;13;14;15;16;17;18;19;20;21
,83,1000860,9,1000009,1250,1500250,metro,1,4.1,Orange-S,Richmond to Berryessa/North San Jose,2,boarding_links,14.20349683,1,7,3000,2,1.24300808,,0,4.285714286,21000,0.15,4,1,0,0,"LINESTRING (-121.874661 37.368495, -121.874761 37.368395)",w_metro_only;w_bus_metro;d_metro_only;d_bus_metro,Bay Area Rapid Transit,-1,4.1.BERY:0;1;2;3;4;5;6;7;8;9;10;11;12;13;14;15;17;18;19;20;21
,84,1000910,9,1000009,1275,1500275,metro,1,5.1,Green-S,Berryessa/North San Jose to Daly City,2,boarding_links,14.20349683,1,7,3000,2,1.24300808,,0,4.285714286,21000,0.15,4,1,0,0,"LINESTRING (-121.874661 37.368495, -121.874761 37.368395)",w_metro_only;w_bus_metro;d_metro_only;d_bus_metro,Bay Area Rapid Transit,-1,5.1.BERY:0;1;2;3;4;6;7;8;9;10;11;12;13;14;15;16;17;18;19;20;21;22
,85,1000980,9,1000009,1310,1500310,metro,1,6.2,Green-N,Daly City to Berryessa/North San Jose,2,boarding_links,14.20349683,1,1,3000,2,1.24300808,,0,10,3000,0.15,4,1,0,0,"LINESTRING (-121.874661 37.368495, -121.874761 37.368395)",w_metro_only;w_bus_metro;d_metro_only;d_bus_metro,Bay Area Rapid Transit,-1,6.2.BERY:0;1;2;3;4
,86,1000982,9,1000009,1311,1500311,metro,1,6.2,Green-N,Daly City to Berryessa/North San Jose,2,boarding_links,14.20349683,1,7,3000,2,1.24300808,,0,4.285714286,21000,0.15,4,1,0,0,"LINESTRING (-121.874661 37.368495, -121.874761 37.368395)",w_metro_only;w_bus_metro;d_metro_only;d_bus_metro,Bay Area Rapid Transit,-1,6.2.BERY:0;1;2;3;4;5;6;7;8;9;10;11;12;13;14;15;16;18;19;20;21;22
,87,1000520,10,1000010,1080,1500080,metro,1,11.1,Blue-S,Dublin/Pleasanton to Daly City,2,boarding_links,14.17982237,1,8,3000,2,1.24300808,,0,3.75,24000,0.15,4,1,0,0,"LINESTRING (-122.075615 37.690776, -122.075715 37.690675999999996)",w_metro_only;w_bus_metro;d_metro_only;d_bus_metro,Bay Area Rapid Transit,-1,11.1.CAST:0;1;2;3;4;5;6;7;8;9;10;11;12;13;14;15;16;17
,88,1000556,10,1000010,1098,1500098,metro,1,12.2,Blue-N,Daly City to Dublin/Pleasanton,2,boarding_links,14.17982237,1,6,3000,2,1.24300808,,0,5,18000,0.15,4,1,0,0,"LINESTRING (-122.075615 37.690776, -122.075715 37.690675999999996)",w_metro_only;w_bus_metro;d_metro_only;d_bus_metro,Bay Area Rapid Transit,-1,12.2.CAST:0;1;2;3;4;5;6;7;8;9;10;11;12;13;14;15;16;17
,89,1000394,11,1000011,1017,1500017,metro,1,1.1,Yellow-S,Antioch to SFIA/Millbrae,2,boarding_links,14.17328917,1,7,3000,2,1.24300808,,0,4.285714286,21000,0.15,4,1,0,0,"LINESTRING (-122.413879 37.77945, -122.413979 37.779349999999994)",w_metro_only;w_bus_metro;d_metro_only;d_bus_metro,Bay Area Rapid Transit,-1,1.1.CIVC:0;1;2;3;4;5;6;7;8;9;10;11;12;13;14;15;16;17;18;19;20;21;22;23;24;25;26
,90,1000396,11,1000011,1018,1500018,metro,1,1.1,Yellow-S,Antioch to SFIA/Millbrae,2,boarding_links,14.17328917,1,3,3000,2,1.24300808,,0,10,9000,0.15,4,1,0,0,"LINESTRING (-122.413879 37.77945, -122.413979 37.779349999999994)",w_metro_only;w_bus_metro;d_metro_only;d_bus_metro,Bay Area Rapid Transit,-1,1.1.CIVC:0;1;2;4;5;6;7;8;9;10;11;12;13;14;15;16;17;18;19;20;21;22;23;24;25
,91,1000398,11,1000011,1019,1500019,metro,1,1.1,Yellow-S,Antioch to SFIA/Millbrae,2,boarding_links,14.17328917,1,2,3000,2,1.24300808,,0,10,6000,0.15,4,1,0,0,"LINESTRING (-122.413879 37.77945, -122.413979 37.779349999999994)",w_metro_only;w_bus_metro;d_metro_only;d_bus_metro,Bay Area Rapid Transit,-1,1.1.CIVC:0;2;3;4;5;6;7;8;9;10;11;12;13;14;15;16;17;18;19;20;21;22;23
,92,1000522,11,1000011,1081,1500081,metro,1,11.1,Blue-S,Dublin/Pleasanton to Daly City,2,boarding_links,14.17328917,1,8,3000,2,1.24300808,,0,3.75,24000,0.15,4,1,0,0,"LINESTRING (-122.413879 37.77945, -122.413979 37.779349999999994)",w_metro_only;w_bus_metro;d_metro_only;d_bus_metro,Bay Area Rapid Transit,-1,11.1.CIVC:0;1;2;3;4;5;6;7;8;9;10;11;12;13;14;15;16;17
,93,1000558,11,1000011,1099,1500099,metro,1,12.2,Blue-N,Daly City to Dublin/Pleasanton,2,boarding_links,14.17328917,1,6,3000,2,1.24300808,,0,5,18000,0.15,4,1,0,0,"LINESTRING (-122.413879 37.77945, -122.413979 37.779349999999994)",w_metro_only;w_bus_metro;d_metro_only;d_bus_metro,Bay Area Rapid Transit,-1,12.2.CIVC:0;1;2;3;4;5;6;7;8;9;10;11;12;13;14;15;16;17
,94,1000622,11,1000011,1131,1500131,metro,1,2.2,Yellow-N,Millbrae/SFIA to Antioch,2,boarding_links,14.17328917,1,3,3000,2,1.24300808,,0,10,9000,0.15,4,1,0,0,"LINESTRING (-122.413879 37.77945, -122.413979 37.779349999999994)",w_metro_only;w_bus_metro;d_metro_only;d_bus_metro,Bay Area Rapid Transit,-1,2.2.CIVC:0;1;2;3;4;5;6;7;8;9;10;11;12;13;14;15;16;17;18;19;20;21;23;24;25
,95,1000624,11,1000011,1132,1500132,metro,1,2.2,Yellow-N,Millbrae/SFIA to Antioch,2,boarding_links,14.17328917,1,7,3000,2,1.24300808,,0,4.285714286,21000,0.15,4,1,0,0,"LINESTRING (-122.413879 37.77945, -122.413979 37.779349999999994)",w_metro_only;w_bus_metro;d_metro_only;d_bus_metro,Bay Area Rapid Transit,-1,2.2.CIVC:0;1;2;3;4;5;6;7;8;9;10;11;12;13;14;15;16;17;18;19;20;21;23;24;25;26;27
,96,1000626,11,1000011,1133,1500133,metro,1,2.2,Yellow-N,Millbrae/SFIA to Antioch,2,boarding_links,14.17328917,1,1,3000,2,1.24300808,,0,10,3000,0.15,4,1,0,0,"LINESTRING (-122.413879 37.77945, -122.413979 37.779349999999994)",w_metro_only;w_bus_metro;d_metro_only;d_bus_metro,Bay Area Rapid Transit,-1,2.2.CIVC:0;1;2;3;4;5;6;7;8;9;10;11;12;13;14;15;16;17;19;20;21;22;23
,97,1000912,11,1000011,1276,1500276,metro,1,5.1,Green-S,Berryessa/North San Jose to Daly City,2,boarding_links,14.17328917,1,2,3000,2,1.24300808,,0,10,6000,0.15,4,1,0,0,"LINESTRING (-122.413879 37.77945, -122.413979 37.779349999999994)",w_metro_only;w_bus_metro;d_metro_only;d_bus_metro,Bay Area Rapid Transit,-1,5.1.CIVC:0;1;2;3;4;5;6;7;8;9;10;11;12;13;14;15;16
,98,1000914,11,1000011,1277,1500277,metro,1,5.1,Green-S,Berryessa/North San Jose to Daly City,2,boarding_links,14.17328917,1,7,3000,2,1.24300808,,0,4.285714286,21000,0.15,4,1,0,0,"LINESTRING (-122.413879 37.77945, -122.413979 37.779349999999994)",w_metro_only;w_bus_metro;d_metro_only;d_bus_metro,Bay Area Rapid Transit,-1,5.1.CIVC:0;1;2;3;4;6;7;8;9;10;11;12;13;14;15;16;17;18;19;20;21;22
,99,1000984,11,1000011,1312,1500312,metro,1,6.2,Green-N,Daly City to Berryessa/North San Jose,2,boarding_links,14.17328917,1,7,3000,2,1.24300808,,0,4.285714286,21000,0.15,4,1,0,0,"LINESTRING (-122.413879 37.77945, -122.413979 37.779349999999994)",w_metro_only;w_bus_metro;d_metro_only;d_bus_metro,Bay Area Rapid Transit,-1,6.2.CIVC:0;1;2;3;4;5;6;7;8;9;10;11;12;13;14;15;16;18;19;20;21;22
,100,1001038,11,1000011,1339,1500339,metro,1,7.1,Red-S,Richmond to Daly City/Millbrae,2,boarding_links,14.17328917,1,7,3000,2,1.24300808,,0,4.285714286,21000,0.15,4,1,0,0,"LINESTRING (-122.413879 37.77945, -122.413979 37.779349999999994)",w_metro_only;w_bus_metro;d_metro_only;d_bus_metro,Bay Area Rapid Transit,-1,7.1.CIVC:0;1;2;3;4;5;6;7;8;9;10;11;12;13;14;15;16;17;18;19;20;21;22;23;24
,101,1001086,11,1000011,1363,1500363,metro,1,8.2,Red-N,Millbrae/Daly City to Richmond,2,boarding_links,14.17328917,1,6,3000,2,1.24300808,,0,5,18000,0.15,4,1,0,0,"LINESTRING (-122.413879 37.77945, -122.413979 37.779349999999994)",w_metro_only;w_bus_metro;d_metro_only;d_bus_metro,Bay Area Rapid Transit,-1,8.2.CIVC:0;1;2;3;4;5;6;7;8;9;10;11;12;13;14;15;16;17;18;19;20;21;22;23;24
,102,1000400,12,1000012,1020,1500020,metro,1,1.1,Yellow-S,Antioch to SFIA/Millbrae,2,boarding_links,14.18027399,1,7,3000,2,1.24300808,,0,4.285714286,21000,0.15,4,1,0,0,"LINESTRING (-122.466167 37.684642, -122.466267 37.68454199999999)",w_metro_only;w_bus_metro;d_metro_only;d_bus_metro,Bay Area Rapid Transit,-1,1.1.COLM:0;1;2;3;4;5;6;7;8;9;10;11;12;13;14;15;16;17;18;19;20;21;22;23;24;25;26
,103,1000402,12,1000012,1021,1500021,metro,1,1.1,Yellow-S,Antioch to SFIA/Millbrae,2,boarding_links,14.18027399,1,3,3000,2,1.24300808,,0,10,9000,0.15,4,1,0,0,"LINESTRING (-122.466167 37.684642, -122.466267 37.68454199999999)",w_metro_only;w_bus_metro;d_metro_only;d_bus_metro,Bay Area Rapid Transit,-1,1.1.COLM:0;1;2;4;5;6;7;8;9;10;11;12;13;14;15;16;17;18;19;20;21;22;23;24;25
,104,1000404,12,1000012,1022,1500022,metro,1,1.1,Yellow-S,Antioch to SFIA/Millbrae,2,boarding_links,14.18027399,1,2,3000,2,1.24300808,,0,10,6000,0.15,4,1,0,0,"LINESTRING (-122.466167 37.684642, -122.466267 37.68454199999999)",w_metro_only;w_bus_metro;d_metro_only;d_bus_metro,Bay Area Rapid Transit,-1,1.1.COLM:0;2;3;4;5;6;7;8;9;10;11;12;13;14;15;16;17;18;19;20;21;22;23
,105,1000628,12,1000012,1134,1500134,metro,1,2.2,Yellow-N,Millbrae/SFIA to Antioch,2,boarding_links,14.18027399,1,3,3000,2,1.24300808,,0,10,9000,0.15,4,1,0,0,"LINESTRING (-122.466167 37.684642, -122.466267 37.68454199999999)",w_metro_only;w_bus_metro;d_metro_only;d_bus_metro,Bay Area Rapid Transit,-1,2.2.COLM:0;1;2;3;4;5;6;7;8;9;10;11;12;13;14;15;16;17;18;19;20;21;23;24;25
,106,1000630,12,1000012,1135,1500135,metro,1,2.2,Yellow-N,Millbrae/SFIA to Antioch,2,boarding_links,14.18027399,1,7,3000,2,1.24300808,,0,4.285714286,21000,0.15,4,1,0,0,"LINESTRING (-122.466167 37.684642, -122.466267 37.68454199999999)",w_metro_only;w_bus_metro;d_metro_only;d_bus_metro,Bay Area Rapid Transit,-1,2.2.COLM:0;1;2;3;4;5;6;7;8;9;10;11;12;13;14;15;16;17;18;19;20;21;23;24;25;26;27
,107,1001040,12,1000012,1340,1500340,metro,1,7.1,Red-S,Richmond to Daly City/Millbrae,2,boarding_links,14.18027399,1,7,3000,2,1.24300808,,0,4.285714286,21000,0.15,4,1,0,0,"LINESTRING (-122.466167 37.684642, -122.466267 37.68454199999999)",w_metro_only;w_bus_metro;d_metro_only;d_bus_metro,Bay Area Rapid Transit,-1,7.1.COLM:0;1;2;3;4;5;6;7;8;9;10;11;12;13;14;15;16;17;18;19;20;21;22;23;24
,108,1001088,12,1000012,1364,1500364,metro,1,8.2,Red-N,Millbrae/Daly City to Richmond,2,boarding_links,14.18027399,1,6,3000,2,1.24300808,,0,5,18000,0.15,4,1,0,0,"LINESTRING (-122.466167 37.684642, -122.466267 37.68454199999999)",w_metro_only;w_bus_metro;d_metro_only;d_bus_metro,Bay Area Rapid Transit,-1,8.2.COLM:0;1;2;3;4;5;6;7;8;9;10;11;12;13;14;15;16;17;18;19;20;21;22;23;24
,109,1000524,13,1000013,1082,1500082,metro,1,11.1,Blue-S,Dublin/Pleasanton to Daly City,2,boarding_links,14.17519427,1,8,3000,2,1.24300808,,0,3.75,24000,0.15,4,1,0,0,"LINESTRING (-122.196698 37.753604, -122.196798 37.753504)",w_metro_only;w_bus_metro;d_metro_only;d_bus_metro,Bay Area Rapid Transit,-1,11.1.COLS:0;1;2;3;4;5;6;7;8;9;10;11;12;13;14;15;16;17
,110,1000560,13,1000013,1100,1500100,metro,1,12.2,Blue-N,Daly City to Dublin/Pleasanton,2,boarding_links,14.17519427,1,6,3000,2,1.24300808,,0,5,18000,0.15,4,1,0,0,"LINESTRING (-122.196698 37.753604, -122.196798 37.753504)",w_metro_only;w_bus_metro;d_metro_only;d_bus_metro,Bay Area Rapid Transit,-1,12.2.COLS:0;1;2;3;4;5;6;7;8;9;10;11;12;13;14;15;16;17
,111,1000584,13,1000013,1112,1500112,metro,1,19.2,Beige-N,Oakland Airport to Coliseum,2,boarding_links,14.17519427,1,21,3000,2,1.24300808,,0,1.428571429,63000,0.15,4,1,0,0,"LINESTRING (-122.196698 37.753604, -122.196798 37.753504)",w_metro_only;w_bus_metro;d_metro_only;d_bus_metro,Bay Area Rapid Transit,-1,19.2.COLS:0;2
,112,1000738,13,1000013,1189,1500189,metro,1,20.1,Beige-S,Coliseum to Oakland Airport,2,boarding_links,14.17519427,1,20,3000,2,1.24300808,,0,1.5,60000,0.15,4,1,0,0,"LINESTRING (-122.196698 37.753604, -122.196798 37.753504)",w_metro_only;w_bus_metro;d_metro_only;d_bus_metro,Bay Area Rapid Transit,-1,20.1.COLS:0;2
,113,1000768,13,1000013,1204,1500204,metro,1,3.2,Orange-N,Berryessa/North San Jose to Richmond,2,boarding_links,14.17519427,1,1,3000,2,1.24300808,,0,10,3000,0.15,4,1,0,0,"LINESTRING (-122.196698 37.753604, -122.196798 37.753504)",w_metro_only;w_bus_metro;d_metro_only;d_bus_metro,Bay Area Rapid Transit,-1,3.2.COLS:0;1;2;3;4;5;6;7;8;9;10;11;12;13;14;15
,114,1000770,13,1000013,1205,1500205,metro,1,3.2,Orange-N,Berryessa/North San Jose to Richmond,2,boarding_links,14.17519427,1,7,3000,2,1.24300808,,0,4.285714286,21000,0.15,4,1,0,0,"LINESTRING (-122.196698 37.753604, -122.196798 37.753504)",w_metro_only;w_bus_metro;d_metro_only;d_bus_metro,Bay Area Rapid Transit,-1,3.2.COLS:0;1;2;3;4;6;7;8;9;10;11;12;13;14;15;16;17;18;19;20;21
,115,1000772,13,1000013,1206,1500206,metro,1,3.2,Orange-N,Berryessa/North San Jose to Richmond,2,boarding_links,14.17519427,1,1,3000,2,1.24300808,,0,10,3000,0.15,4,1,0,0,"LINESTRING (-122.196698 37.753604, -122.196798 37.753504)",w_metro_only;w_bus_metro;d_metro_only;d_bus_metro,Bay Area Rapid Transit,-1,3.2.COLS:0;1;3;4;5;6;7;8;9;10;11;12;13;14;15;16;17;18
,116,1000862,13,1000013,1251,1500251,metro,1,4.1,Orange-S,Richmond to Berryessa/North San Jose,2,boarding_links,14.17519427,1,7,3000,2,1.24300808,,0,4.285714286,21000,0.15,4,1,0,0,"LINESTRING (-122.196698 37.753604, -122.196798 37.753504)",w_metro_only;w_bus_metro;d_metro_only;d_bus_metro,Bay Area Rapid Transit,-1,4.1.COLS:0;1;2;3;4;5;6;7;8;9;10;11;12;13;14;15;17;18;19;20;21
,117,1000916,13,1000013,1278,1500278,metro,1,5.1,Green-S,Berryessa/North San Jose to Daly City,2,boarding_links,14.17519427,1,2,3000,2,1.24300808,,0,10,6000,0.15,4,1,0,0,"LINESTRING (-122.196698 37.753604, -122.196798 37.753504)",w_metro_only;w_bus_metro;d_metro_only;d_bus_metro,Bay Area Rapid Transit,-1,5.1.COLS:0;1;2;3;4;5;6;7;8;9;10;11;12;13;14;15;16
,118,1000918,13,1000013,1279,1500279,metro,1,5.1,Green-S,Berryessa/North San Jose to Daly City,2,boarding_links,14.17519427,1,7,3000,2,1.24300808,,0,4.285714286,21000,0.15,4,1,0,0,"LINESTRING (-122.196698 37.753604, -122.196798 37.753504)",w_metro_only;w_bus_metro;d_metro_only;d_bus_metro,Bay Area Rapid Transit,-1,5.1.COLS:0;1;2;3;4;6;7;8;9;10;11;12;13;14;15;16;17;18;19;20;21;22
,119,1000986,13,1000013,1313,1500313,metro,1,6.2,Green-N,Daly City to Berryessa/North San Jose,2,boarding_links,14.17519427,1,7,3000,2,1.24300808,,0,4.285714286,21000,0.15,4,1,0,0,"LINESTRING (-122.196698 37.753604, -122.196798 37.753504)",w_metro_only;w_bus_metro;d_metro_only;d_bus_metro,Bay Area Rapid Transit,-1,6.2.COLS:0;1;2;3;4;5;6;7;8;9;10;11;12;13;14;15;16;18;19;20;21;22
,120,1000406,14,1000014,1023,1500023,metro,1,1.1,Yellow-S,Antioch to SFIA/Millbrae,2,boarding_links,14.15894342,1,7,3000,2,1.24300808,,0,4.285714286,21000,0.15,4,1,0,0,"LINESTRING (-122.029126 37.973773, -122.02922600000001 37.973673)",w_metro_only;w_bus_metro;d_metro_only;d_bus_metro,Bay Area Rapid Transit,-1,1.1.CONC:0;1;2;3;4;5;6;7;8;9;10;11;12;13;14;15;16;17;18;19;20;21;22;23;24;25;26
,121,1000408,14,1000014,1024,1500024,metro,1,1.1,Yellow-S,Antioch to SFIA/Millbrae,2,boarding_links,14.15894342,1,3,3000,2,1.24300808,,0,10,9000,0.15,4,1,0,0,"LINESTRING (-122.029126 37.973773, -122.02922600000001 37.973673)",w_metro_only;w_bus_metro;d_metro_only;d_bus_metro,Bay Area Rapid Transit,-1,1.1.CONC:0;1;2;4;5;6;7;8;9;10;11;12;13;14;15;16;17;18;19;20;21;22;23;24;25
,122,1000410,14,1000014,1025,1500025,metro,1,1.1,Yellow-S,Antioch to SFIA/Millbrae,2,boarding_links,14.15894342,1,2,3000,2,1.24300808,,0,10,6000,0.15,4,1,0,0,"LINESTRING (-122.029126 37.973773, -122.02922600000001 37.973673)",w_metro_only;w_bus_metro;d_metro_only;d_bus_metro,Bay Area Rapid Transit,-1,1.1.CONC:0;2;3;4;5;6;7;8;9;10;11;12;13;14;15;16;17;18;19;20;21;22;23
,123,1000632,14,1000014,1136,1500136,metro,1,2.2,Yellow-N,Millbrae/SFIA to Antioch,2,boarding_links,14.15894342,1,3,3000,2,1.24300808,,0,10,9000,0.15,4,1,0,0,"LINESTRING (-122.029126 37.973773, -122.02922600000001 37.973673)",w_metro_only;w_bus_metro;d_metro_only;d_bus_metro,Bay Area Rapid Transit,-1,2.2.CONC:0;1;2;3;4;5;6;7;8;9;10;11;12;13;14;15;16;17;18;19;20;21;23;24;25
,124,1000634,14,1000014,1137,1500137,metro,1,2.2,Yellow-N,Millbrae/SFIA to Antioch,2,boarding_links,14.15894342,1,7,3000,2,1.24300808,,0,4.285714286,21000,0.15,4,1,0,0,"LINESTRING (-122.029126 37.973773, -122.02922600000001 37.973673)",w_metro_only;w_bus_metro;d_metro_only;d_bus_metro,Bay Area Rapid Transit,-1,2.2.CONC:0;1;2;3;4;5;6;7;8;9;10;11;12;13;14;15;16;17;18;19;20;21;23;24;25;26;27
,125,1000636,14,1000014,1138,1500138,metro,1,2.2,Yellow-N,Millbrae/SFIA to Antioch,2,boarding_links,14.15894342,1,1,3000,2,1.24300808,,0,10,3000,0.15,4,1,0,0,"LINESTRING (-122.029126 37.973773, -122.02922600000001 37.973673)",w_metro_only;w_bus_metro;d_metro_only;d_bus_metro,Bay Area Rapid Transit,-1,2.2.CONC:0;1;2;3;4;5;6;7;8;9;10;11;12;13;14;15;16;17;19;20;21;22;23
,126,1000412,15,1000015,1026,1500026,metro,1,1.1,Yellow-S,Antioch to SFIA/Millbrae,2,boarding_links,14.17867891,1,7,3000,2,1.24300808,,0,4.285714286,21000,0.15,4,1,0,0,"LINESTRING (-122.468994 37.706304, -122.469094 37.706204)",w_metro_only;w_bus_metro;d_metro_only;d_bus_metro,Bay Area Rapid Transit,-1,1.1.DALY:0;1;2;3;4;5;6;7;8;9;10;11;12;13;14;15;16;17;18;19;20;21;22;23;24;25;26
,127,1000414,15,1000015,1027,1500027,metro,1,1.1,Yellow-S,Antioch to SFIA/Millbrae,2,boarding_links,14.17867891,1,3,3000,2,1.24300808,,0,10,9000,0.15,4,1,0,0,"LINESTRING (-122.468994 37.706304, -122.469094 37.706204)",w_metro_only;w_bus_metro;d_metro_only;d_bus_metro,Bay Area Rapid Transit,-1,1.1.DALY:0;1;2;4;5;6;7;8;9;10;11;12;13;14;15;16;17;18;19;20;21;22;23;24;25
,128,1000416,15,1000015,1028,1500028,metro,1,1.1,Yellow-S,Antioch to SFIA/Millbrae,2,boarding_links,14.17867891,1,2,3000,2,1.24300808,,0,10,6000,0.15,4,1,0,0,"LINESTRING (-122.468994 37.706304, -122.469094 37.706204)",w_metro_only;w_bus_metro;d_metro_only;d_bus_metro,Bay Area Rapid Transit,-1,1.1.DALY:0;2;3;4;5;6;7;8;9;10;11;12;13;14;15;16;17;18;19;20;21;22;23
,129,1000526,15,1000015,1083,1500083,metro,1,11.1,Blue-S,Dublin/Pleasanton to Daly City,2,boarding_links,14.17867891,1,8,3000,2,1.24300808,,0,3.75,24000,0.15,4,1,0,0,"LINESTRING (-122.468994 37.706304, -122.469094 37.706204)",w_metro_only;w_bus_metro;d_metro_only;d_bus_metro,Bay Area Rapid Transit,-1,11.1.DALY:0;1;2;3;4;5;6;7;8;9;10;11;12;13;14;15;16;17
,130,1000562,15,1000015,1101,1500101,metro,1,12.2,Blue-N,Daly City to Dublin/Pleasanton,2,boarding_links,14.17867891,1,6,3000,2,1.24300808,,0,5,18000,0.15,4,1,0,0,"LINESTRING (-122.468994 37.706304, -122.469094 37.706204)",w_metro_only;w_bus_metro;d_metro_only;d_bus_metro,Bay Area Rapid Transit,-1,12.2.DALY:0;1;2;3;4;5;6;7;8;9;10;11;12;13;14;15;16;17
,131,1000638,15,1000015,1139,1500139,metro,1,2.2,Yellow-N,Millbrae/SFIA to Antioch,2,boarding_links,14.17867891,1,3,3000,2,1.24300808,,0,10,9000,0.15,4,1,0,0,"LINESTRING (-122.468994 37.706304, -122.469094 37.706204)",w_metro_only;w_bus_metro;d_metro_only;d_bus_metro,Bay Area Rapid Transit,-1,2.2.DALY:0;1;2;3;4;5;6;7;8;9;10;11;12;13;14;15;16;17;18;19;20;21;23;24;25
,132,1000640,15,1000015,1140,1500140,metro,1,2.2,Yellow-N,Millbrae/SFIA to Antioch,2,boarding_links,14.17867891,1,7,3000,2,1.24300808,,0,4.285714286,21000,0.15,4,1,0,0,"LINESTRING (-122.468994 37.706304, -122.469094 37.706204)",w_metro_only;w_bus_metro;d_metro_only;d_bus_metro,Bay Area Rapid Transit,-1,2.2.DALY:0;1;2;3;4;5;6;7;8;9;10;11;12;13;14;15;16;17;18;19;20;21;23;24;25;26;27
,133,1000642,15,1000015,1141,1500141,metro,1,2.2,Yellow-N,Millbrae/SFIA to Antioch,2,boarding_links,14.17867891,1,1,3000,2,1.24300808,,0,10,3000,0.15,4,1,0,0,"LINESTRING (-122.468994 37.706304, -122.469094 37.706204)",w_metro_only;w_bus_metro;d_metro_only;d_bus_metro,Bay Area Rapid Transit,-1,2.2.DALY:0;1;2;3;4;5;6;7;8;9;10;11;12;13;14;15;16;17;19;20;21;22;23
,134,1000920,15,1000015,1280,1500280,metro,1,5.1,Green-S,Berryessa/North San Jose to Daly City,2,boarding_links,14.17867891,1,2,3000,2,1.24300808,,0,10,6000,0.15,4,1,0,0,"LINESTRING (-122.468994 37.706304, -122.469094 37.706204)",w_metro_only;w_bus_metro;d_metro_only;d_bus_metro,Bay Area Rapid Transit,-1,5.1.DALY:0;1;2;3;4;5;6;7;8;9;10;11;12;13;14;15;16
,135,1000922,15,1000015,1281,1500281,metro,1,5.1,Green-S,Berryessa/North San Jose to Daly City,2,boarding_links,14.17867891,1,7,3000,2,1.24300808,,0,4.285714286,21000,0.15,4,1,0,0,"LINESTRING (-122.468994 37.706304, -122.469094 37.706204)",w_metro_only;w_bus_metro;d_metro_only;d_bus_metro,Bay Area Rapid Transit,-1,5.1.DALY:0;1;2;3;4;6;7;8;9;10;11;12;13;14;15;16;17;18;19;20;21;22
,136,1000988,15,1000015,1314,1500314,metro,1,6.2,Green-N,Daly City to Berryessa/North San Jose,2,boarding_links,14.17867891,1,7,3000,2,1.24300808,,0,4.285714286,21000,0.15,4,1,0,0,"LINESTRING (-122.468994 37.706304, -122.469094 37.706204)",w_metro_only;w_bus_metro;d_metro_only;d_bus_metro,Bay Area Rapid Transit,-1,6.2.DALY:0;1;2;3;4;5;6;7;8;9;10;11;12;13;14;15;16;18;19;20;21;22
,137,1001042,15,1000015,1341,1500341,metro,1,7.1,Red-S,Richmond to Daly City/Millbrae,2,boarding_links,14.17867891,1,7,3000,2,1.24300808,,0,4.285714286,21000,0.15,4,1,0,0,"LINESTRING (-122.468994 37.706304, -122.469094 37.706204)",w_metro_only;w_bus_metro;d_metro_only;d_bus_metro,Bay Area Rapid Transit,-1,7.1.DALY:0;1;2;3;4;5;6;7;8;9;10;11;12;13;14;15;16;17;18;19;20;21;22;23;24
,138,1001090,15,1000015,1365,1500365,metro,1,8.2,Red-N,Millbrae/Daly City to Richmond,2,boarding_links,14.17867891,1,6,3000,2,1.24300808,,0,5,18000,0.15,4,1,0,0,"LINESTRING (-122.468994 37.706304, -122.469094 37.706204)",w_metro_only;w_bus_metro;d_metro_only;d_bus_metro,Bay Area Rapid Transit,-1,8.2.DALY:0;1;2;3;4;5;6;7;8;9;10;11;12;13;14;15;16;17;18;19;20;21;22;23;24
,139,1000774,16,1000016,1207,1500207,metro,1,3.2,Orange-N,Berryessa/North San Jose to Richmond,2,boarding_links,14.16660063,1,1,3000,2,1.24300808,,0,10,3000,0.15,4,1,0,0,"LINESTRING (-122.268078 37.870117, -122.268178 37.870017)",w_metro_only;w_bus_metro;d_metro_only;d_bus_metro,Bay Area Rapid Transit,-1,3.2.DBRK:0;1;2;3;4;5;6;7;8;9;10;11;12;13;14;15
,140,1000776,16,1000016,1208,1500208,metro,1,3.2,Orange-N,Berryessa/North San Jose to Richmond,2,boarding_links,14.16660063,1,7,3000,2,1.24300808,,0,4.285714286,21000,0.15,4,1,0,0,"LINESTRING (-122.268078 37.870117, -122.268178 37.870017)",w_metro_only;w_bus_metro;d_metro_only;d_bus_metro,Bay Area Rapid Transit,-1,3.2.DBRK:0;1;2;3;4;6;7;8;9;10;11;12;13;14;15;16;17;18;19;20;21
,141,1000778,16,1000016,1209,1500209,metro,1,3.2,Orange-N,Berryessa/North San Jose to Richmond,2,boarding_links,14.16660063,1,1,3000,2,1.24300808,,0,10,3000,0.15,4,1,0,0,"LINESTRING (-122.268078 37.870117, -122.268178 37.870017)",w_metro_only;w_bus_metro;d_metro_only;d_bus_metro,Bay Area Rapid Transit,-1,3.2.DBRK:0;1;3;4;5;6;7;8;9;10;11;12;13;14;15;16;17;18
,142,1000864,16,1000016,1252,1500252,metro,1,4.1,Orange-S,Richmond to Berryessa/North San Jose,2,boarding_links,14.16660063,1,7,3000,2,1.24300808,,0,4.285714286,21000,0.15,4,1,0,0,"LINESTRING (-122.268078 37.870117, -122.268178 37.870017)",w_metro_only;w_bus_metro;d_metro_only;d_bus_metro,Bay Area Rapid Transit,-1,4.1.DBRK:0;1;2;3;4;5;6;7;8;9;10;11;12;13;14;15;17;18;19;20;21
,143,1001044,16,1000016,1342,1500342,metro,1,7.1,Red-S,Richmond to Daly City/Millbrae,2,boarding_links,14.16660063,1,7,3000,2,1.24300808,,0,4.285714286,21000,0.15,4,1,0,0,"LINESTRING (-122.268078 37.870117, -122.268178 37.870017)",w_metro_only;w_bus_metro;d_metro_only;d_bus_metro,Bay Area Rapid Transit,-1,7.1.DBRK:0;1;2;3;4;5;6;7;8;9;10;11;12;13;14;15;16;17;18;19;20;21;22;23;24
,144,1001092,16,1000016,1366,1500366,metro,1,8.2,Red-N,Millbrae/Daly City to Richmond,2,boarding_links,14.16660063,1,6,3000,2,1.24300808,,0,5,18000,0.15,4,1,0,0,"LINESTRING (-122.268078 37.870117, -122.268178 37.870017)",w_metro_only;w_bus_metro;d_metro_only;d_bus_metro,Bay Area Rapid Transit,-1,8.2.DBRK:0;1;2;3;4;5;6;7;8;9;10;11;12;13;14;15;16;17;18;19;20;21;22;23;24
,145,1000780,17,1000017,1210,1500210,metro,1,3.2,Orange-N,Berryessa/North San Jose to Richmond,2,boarding_links,14.16253259,1,1,3000,2,1.24300808,,0,10,3000,0.15,4,1,0,0,"LINESTRING (-122.316868 37.925205, -122.316968 37.925104999999995)",w_metro_only;w_bus_metro;d_metro_only;d_bus_metro,Bay Area Rapid Transit,-1,3.2.DELN:0;1;2;3;4;5;6;7;8;9;10;11;12;13;14;15
,146,1000782,17,1000017,1211,1500211,metro,1,3.2,Orange-N,Berryessa/North San Jose to Richmond,2,boarding_links,14.16253259,1,7,3000,2,1.24300808,,0,4.285714286,21000,0.15,4,1,0,0,"LINESTRING (-122.316868 37.925205, -122.316968 37.925104999999995)",w_metro_only;w_bus_metro;d_metro_only;d_bus_metro,Bay Area Rapid Transit,-1,3.2.DELN:0;1;2;3;4;6;7;8;9;10;11;12;13;14;15;16;17;18;19;20;21
,147,1000784,17,1000017,1212,1500212,metro,1,3.2,Orange-N,Berryessa/North San Jose to Richmond,2,boarding_links,14.16253259,1,1,3000,2,1.24300808,,0,10,3000,0.15,4,1,0,0,"LINESTRING (-122.316868 37.925205, -122.316968 37.925104999999995)",w_metro_only;w_bus_metro;d_metro_only;d_bus_metro,Bay Area Rapid Transit,-1,3.2.DELN:0;1;3;4;5;6;7;8;9;10;11;12;13;14;15;16;17;18
,148,1000866,17,1000017,1253,1500253,metro,1,4.1,Orange-S,Richmond to Berryessa/North San Jose,2,boarding_links,14.16253259,1,7,3000,2,1.24300808,,0,4.285714286,21000,0.15,4,1,0,0,"LINESTRING (-122.316868 37.925205, -122.316968 37.925104999999995)",w_metro_only;w_bus_metro;d_metro_only;d_bus_metro,Bay Area Rapid Transit,-1,4.1.DELN:0;1;2;3;4;5;6;7;8;9;10;11;12;13;14;15;17;18;19;20;21
,149,1001046,17,1000017,1343,1500343,metro,1,7.1,Red-S,Richmond to Daly City/Millbrae,2,boarding_links,14.16253259,1,7,3000,2,1.24300808,,0,4.285714286,21000,0.15,4,1,0,0,"LINESTRING (-122.316868 37.925205, -122.316968 37.925104999999995)",w_metro_only;w_bus_metro;d_metro_only;d_bus_metro,Bay Area Rapid Transit,-1,7.1.DELN:0;1;2;3;4;5;6;7;8;9;10;11;12;13;14;15;16;17;18;19;20;21;22;23;24
,150,1001094,17,1000017,1367,1500367,metro,1,8.2,Red-N,Millbrae/Daly City to Richmond,2,boarding_links,14.16253259,1,6,3000,2,1.24300808,,0,5,18000,0.15,4,1,0,0,"LINESTRING (-122.316868 37.925205, -122.316968 37.925104999999995)",w_metro_only;w_bus_metro;d_metro_only;d_bus_metro,Bay Area Rapid Transit,-1,8.2.DELN:0;1;2;3;4;5;6;7;8;9;10;11;12;13;14;15;16;17;18;19;20;21;22;23;24
,151,1000528,18,1000018,1084,1500084,metro,1,11.1,Blue-S,Dublin/Pleasanton to Daly City,2,boarding_links,14.17901856,1,8,3000,2,1.24300808,,0,3.75,24000,0.15,4,1,0,0,"LINESTRING (-121.899242 37.701692, -121.899342 37.701592)",w_metro_only;w_bus_metro;d_metro_only;d_bus_metro,Bay Area Rapid Transit,-1,11.1.DUBL:0;1;2;3;4;5;6;7;8;9;10;11;12;13;14;15;16;17
,152,1000564,18,1000018,1102,1500102,metro,1,12.2,Blue-N,Daly City to Dublin/Pleasanton,2,boarding_links,14.17901856,1,6,3000,2,1.24300808,,0,5,18000,0.15,4,1,0,0,"LINESTRING (-121.899242 37.701692, -121.899342 37.701592)",w_metro_only;w_bus_metro;d_metro_only;d_bus_metro,Bay Area Rapid Transit,-1,12.2.DUBL:0;1;2;3;4;5;6;7;8;9;10;11;12;13;14;15;16;17
,153,1000418,19,1000019,1029,1500029,metro,1,1.1,Yellow-S,Antioch to SFIA/Millbrae,2,boarding_links,14.17230569,1,7,3000,2,1.24300808,,0,4.285714286,21000,0.15,4,1,0,0,"LINESTRING (-122.39708 37.792789, -122.39718 37.792688999999996)",w_metro_only;w_bus_metro;d_metro_only;d_bus_metro,Bay Area Rapid Transit,-1,1.1.EMBR:0;1;2;3;4;5;6;7;8;9;10;11;12;13;14;15;16;17;18;19;20;21;22;23;24;25;26
,154,1000420,19,1000019,1030,1500030,metro,1,1.1,Yellow-S,Antioch to SFIA/Millbrae,2,boarding_links,14.17230569,1,3,3000,2,1.24300808,,0,10,9000,0.15,4,1,0,0,"LINESTRING (-122.39708 37.792789, -122.39718 37.792688999999996)",w_metro_only;w_bus_metro;d_metro_only;d_bus_metro,Bay Area Rapid Transit,-1,1.1.EMBR:0;1;2;4;5;6;7;8;9;10;11;12;13;14;15;16;17;18;19;20;21;22;23;24;25
,155,1000422,19,1000019,1031,1500031,metro,1,1.1,Yellow-S,Antioch to SFIA/Millbrae,2,boarding_links,14.17230569,1,2,3000,2,1.24300808,,0,10,6000,0.15,4,1,0,0,"LINESTRING (-122.39708 37.792789, -122.39718 37.792688999999996)",w_metro_only;w_bus_metro;d_metro_only;d_bus_metro,Bay Area Rapid Transit,-1,1.1.EMBR:0;2;3;4;5;6;7;8;9;10;11;12;13;14;15;16;17;18;19;20;21;22;23
,156,1000530,19,1000019,1085,1500085,metro,1,11.1,Blue-S,Dublin/Pleasanton to Daly City,2,boarding_links,14.17230569,1,8,3000,2,1.24300808,,0,3.75,24000,0.15,4,1,0,0,"LINESTRING (-122.39708 37.792789, -122.39718 37.792688999999996)",w_metro_only;w_bus_metro;d_metro_only;d_bus_metro,Bay Area Rapid Transit,-1,11.1.EMBR:0;1;2;3;4;5;6;7;8;9;10;11;12;13;14;15;16;17
,157,1000566,19,1000019,1103,1500103,metro,1,12.2,Blue-N,Daly City to Dublin/Pleasanton,2,boarding_links,14.17230569,1,6,3000,2,1.24300808,,0,5,18000,0.15,4,1,0,0,"LINESTRING (-122.39708 37.792789, -122.39718 37.792688999999996)",w_metro_only;w_bus_metro;d_metro_only;d_bus_metro,Bay Area Rapid Transit,-1,12.2.EMBR:0;1;2;3;4;5;6;7;8;9;10;11;12;13;14;15;16;17
,158,1000644,19,1000019,1142,1500142,metro,1,2.2,Yellow-N,Millbrae/SFIA to Antioch,2,boarding_links,14.17230569,1,3,3000,2,1.24300808,,0,10,9000,0.15,4,1,0,0,"LINESTRING (-122.39708 37.792789, -122.39718 37.792688999999996)",w_metro_only;w_bus_metro;d_metro_only;d_bus_metro,Bay Area Rapid Transit,-1,2.2.EMBR:0;1;2;3;4;5;6;7;8;9;10;11;12;13;14;15;16;17;18;19;20;21;23;24;25
,159,1000646,19,1000019,1143,1500143,metro,1,2.2,Yellow-N,Millbrae/SFIA to Antioch,2,boarding_links,14.17230569,1,7,3000,2,1.24300808,,0,4.285714286,21000,0.15,4,1,0,0,"LINESTRING (-122.39708 37.792789, -122.39718 37.792688999999996)",w_metro_only;w_bus_metro;d_metro_only;d_bus_metro,Bay Area Rapid Transit,-1,2.2.EMBR:0;1;2;3;4;5;6;7;8;9;10;11;12;13;14;15;16;17;18;19;20;21;23;24;25;26;27
,160,1000648,19,1000019,1144,1500144,metro,1,2.2,Yellow-N,Millbrae/SFIA to Antioch,2,boarding_links,14.17230569,1,1,3000,2,1.24300808,,0,10,3000,0.15,4,1,0,0,"LINESTRING (-122.39708 37.792789, -122.39718 37.792688999999996)",w_metro_only;w_bus_metro;d_metro_only;d_bus_metro,Bay Area Rapid Transit,-1,2.2.EMBR:0;1;2;3;4;5;6;7;8;9;10;11;12;13;14;15;16;17;19;20;21;22;23
,161,1000924,19,1000019,1282,1500282,metro,1,5.1,Green-S,Berryessa/North San Jose to Daly City,2,boarding_links,14.17230569,1,2,3000,2,1.24300808,,0,10,6000,0.15,4,1,0,0,"LINESTRING (-122.39708 37.792789, -122.39718 37.792688999999996)",w_metro_only;w_bus_metro;d_metro_only;d_bus_metro,Bay Area Rapid Transit,-1,5.1.EMBR:0;1;2;3;4;5;6;7;8;9;10;11;12;13;14;15;16
,162,1000926,19,1000019,1283,1500283,metro,1,5.1,Green-S,Berryessa/North San Jose to Daly City,2,boarding_links,14.17230569,1,7,3000,2,1.24300808,,0,4.285714286,21000,0.15,4,1,0,0,"LINESTRING (-122.39708 37.792789, -122.39718 37.792688999999996)",w_metro_only;w_bus_metro;d_metro_only;d_bus_metro,Bay Area Rapid Transit,-1,5.1.EMBR:0;1;2;3;4;6;7;8;9;10;11;12;13;14;15;16;17;18;19;20;21;22
,163,1000990,19,1000019,1315,1500315,metro,1,6.2,Green-N,Daly City to Berryessa/North San Jose,2,boarding_links,14.17230569,1,7,3000,2,1.24300808,,0,4.285714286,21000,0.15,4,1,0,0,"LINESTRING (-122.39708 37.792789, -122.39718 37.792688999999996)",w_metro_only;w_bus_metro;d_metro_only;d_bus_metro,Bay Area Rapid Transit,-1,6.2.EMBR:0;1;2;3;4;5;6;7;8;9;10;11;12;13;14;15;16;18;19;20;21;22
,164,1001048,19,1000019,1344,1500344,metro,1,7.1,Red-S,Richmond to Daly City/Millbrae,2,boarding_links,14.17230569,1,7,3000,2,1.24300808,,0,4.285714286,21000,0.15,4,1,0,0,"LINESTRING (-122.39708 37.792789, -122.39718 37.792688999999996)",w_metro_only;w_bus_metro;d_metro_only;d_bus_metro,Bay Area Rapid Transit,-1,7.1.EMBR:0;1;2;3;4;5;6;7;8;9;10;11;12;13;14;15;16;17;18;19;20;21;22;23;24
,165,1001096,19,1000019,1368,1500368,metro,1,8.2,Red-N,Millbrae/Daly City to Richmond,2,boarding_links,14.17230569,1,6,3000,2,1.24300808,,0,5,18000,0.15,4,1,0,0,"LINESTRING (-122.39708 37.792789, -122.39718 37.792688999999996)",w_metro_only;w_bus_metro;d_metro_only;d_bus_metro,Bay Area Rapid Transit,-1,8.2.EMBR:0;1;2;3;4;5;6;7;8;9;10;11;12;13;14;15;16;17;18;19;20;21;22;23;24
,166,1000786,20,1000020,1213,1500213,metro,1,3.2,Orange-N,Berryessa/North San Jose to Richmond,2,boarding_links,14.18962514,1,7,3000,2,1.24300808,,0,4.285714286,21000,0.15,4,1,0,0,"LINESTRING (-121.976605 37.557513, -121.97670500000001 37.557413)",w_metro_only;w_bus_metro;d_metro_only;d_bus_metro,Bay Area Rapid Transit,-1,3.2.FRMT:0;1;2;3;4;6;7;8;9;10;11;12;13;14;15;16;17;18;19;20;21
,167,1000788,20,1000020,1214,1500214,metro,1,3.2,Orange-N,Berryessa/North San Jose to Richmond,2,boarding_links,14.18962514,1,1,3000,2,1.24300808,,0,10,3000,0.15,4,1,0,0,"LINESTRING (-121.976605 37.557513, -121.97670500000001 37.557413)",w_metro_only;w_bus_metro;d_metro_only;d_bus_metro,Bay Area Rapid Transit,-1,3.2.FRMT:0;1;3;4;5;6;7;8;9;10;11;12;13;14;15;16;17;18
,168,1000868,20,1000020,1254,1500254,metro,1,4.1,Orange-S,Richmond to Berryessa/North San Jose,2,boarding_links,14.18962514,1,7,3000,2,1.24300808,,0,4.285714286,21000,0.15,4,1,0,0,"LINESTRING (-121.976605 37.557513, -121.97670500000001 37.557413)",w_metro_only;w_bus_metro;d_metro_only;d_bus_metro,Bay Area Rapid Transit,-1,4.1.FRMT:0;1;2;3;4;5;6;7;8;9;10;11;12;13;14;15;17;18;19;20;21
,169,1000928,20,1000020,1284,1500284,metro,1,5.1,Green-S,Berryessa/North San Jose to Daly City,2,boarding_links,14.18962514,1,7,3000,2,1.24300808,,0,4.285714286,21000,0.15,4,1,0,0,"LINESTRING (-121.976605 37.557513, -121.97670500000001 37.557413)",w_metro_only;w_bus_metro;d_metro_only;d_bus_metro,Bay Area Rapid Transit,-1,5.1.FRMT:0;1;2;3;4;6;7;8;9;10;11;12;13;14;15;16;17;18;19;20;21;22
,170,1000992,20,1000020,1316,1500316,metro,1,6.2,Green-N,Daly City to Berryessa/North San Jose,2,boarding_links,14.18962514,1,1,3000,2,1.24300808,,0,10,3000,0.15,4,1,0,0,"LINESTRING (-121.976605 37.557513, -121.97670500000001 37.557413)",w_metro_only;w_bus_metro;d_metro_only;d_bus_metro,Bay Area Rapid Transit,-1,6.2.FRMT:0;1;2;3;4
,171,1000994,20,1000020,1317,1500317,metro,1,6.2,Green-N,Daly City to Berryessa/North San Jose,2,boarding_links,14.18962514,1,7,3000,2,1.24300808,,0,4.285714286,21000,0.15,4,1,0,0,"LINESTRING (-121.976605 37.557513, -121.97670500000001 37.557413)",w_metro_only;w_bus_metro;d_metro_only;d_bus_metro,Bay Area Rapid Transit,-1,6.2.FRMT:0;1;2;3;4;5;6;7;8;9;10;11;12;13;14;15;16;18;19;20;21;22
,172,1000532,21,1000021,1086,1500086,metro,1,11.1,Blue-S,Dublin/Pleasanton to Daly City,2,boarding_links,14.17362659,1,8,3000,2,1.24300808,,0,3.75,24000,0.15,4,1,0,0,"LINESTRING (-122.224067 37.774873, -122.22416700000001 37.774772999999996)",w_metro_only;w_bus_metro;d_metro_only;d_bus_metro,Bay Area Rapid Transit,-1,11.1.FTVL:0;1;2;3;4;5;6;7;8;9;10;11;12;13;14;15;16;17
,173,1000568,21,1000021,1104,1500104,metro,1,12.2,Blue-N,Daly City to Dublin/Pleasanton,2,boarding_links,14.17362659,1,6,3000,2,1.24300808,,0,5,18000,0.15,4,1,0,0,"LINESTRING (-122.224067 37.774873, -122.22416700000001 37.774772999999996)",w_metro_only;w_bus_metro;d_metro_only;d_bus_metro,Bay Area Rapid Transit,-1,12.2.FTVL:0;1;2;3;4;5;6;7;8;9;10;11;12;13;14;15;16;17
,174,1000790,21,1000021,1215,1500215,metro,1,3.2,Orange-N,Berryessa/North San Jose to Richmond,2,boarding_links,14.17362659,1,1,3000,2,1.24300808,,0,10,3000,0.15,4,1,0,0,"LINESTRING (-122.224067 37.774873, -122.22416700000001 37.774772999999996)",w_metro_only;w_bus_metro;d_metro_only;d_bus_metro,Bay Area Rapid Transit,-1,3.2.FTVL:0;1;2;3;4;5;6;7;8;9;10;11;12;13;14;15
,175,1000792,21,1000021,1216,1500216,metro,1,3.2,Orange-N,Berryessa/North San Jose to Richmond,2,boarding_links,14.17362659,1,7,3000,2,1.24300808,,0,4.285714286,21000,0.15,4,1,0,0,"LINESTRING (-122.224067 37.774873, -122.22416700000001 37.774772999999996)",w_metro_only;w_bus_metro;d_metro_only;d_bus_metro,Bay Area Rapid Transit,-1,3.2.FTVL:0;1;2;3;4;6;7;8;9;10;11;12;13;14;15;16;17;18;19;20;21
,176,1000794,21,1000021,1217,1500217,metro,1,3.2,Orange-N,Berryessa/North San Jose to Richmond,2,boarding_links,14.17362659,1,1,3000,2,1.24300808,,0,10,3000,0.15,4,1,0,0,"LINESTRING (-122.224067 37.774873, -122.22416700000001 37.774772999999996)",w_metro_only;w_bus_metro;d_metro_only;d_bus_metro,Bay Area Rapid Transit,-1,3.2.FTVL:0;1;3;4;5;6;7;8;9;10;11;12;13;14;15;16;17;18
,177,1000870,21,1000021,1255,1500255,metro,1,4.1,Orange-S,Richmond to Berryessa/North San Jose,2,boarding_links,14.17362659,1,7,3000,2,1.24300808,,0,4.285714286,21000,0.15,4,1,0,0,"LINESTRING (-122.224067 37.774873, -122.22416700000001 37.774772999999996)",w_metro_only;w_bus_metro;d_metro_only;d_bus_metro,Bay Area Rapid Transit,-1,4.1.FTVL:0;1;2;3;4;5;6;7;8;9;10;11;12;13;14;15;17;18;19;20;21
,178,1000930,21,1000021,1285,1500285,metro,1,5.1,Green-S,Berryessa/North San Jose to Daly City,2,boarding_links,14.17362659,1,2,3000,2,1.24300808,,0,10,6000,0.15,4,1,0,0,"LINESTRING (-122.224067 37.774873, -122.22416700000001 37.774772999999996)",w_metro_only;w_bus_metro;d_metro_only;d_bus_metro,Bay Area Rapid Transit,-1,5.1.FTVL:0;1;2;3;4;5;6;7;8;9;10;11;12;13;14;15;16
,179,1000932,21,1000021,1286,1500286,metro,1,5.1,Green-S,Berryessa/North San Jose to Daly City,2,boarding_links,14.17362659,1,7,3000,2,1.24300808,,0,4.285714286,21000,0.15,4,1,0,0,"LINESTRING (-122.224067 37.774873, -122.22416700000001 37.774772999999996)",w_metro_only;w_bus_metro;d_metro_only;d_bus_metro,Bay Area Rapid Transit,-1,5.1.FTVL:0;1;2;3;4;6;7;8;9;10;11;12;13;14;15;16;17;18;19;20;21;22
,180,1000996,21,1000021,1318,1500318,metro,1,6.2,Green-N,Daly City to Berryessa/North San Jose,2,boarding_links,14.17362659,1,7,3000,2,1.24300808,,0,4.285714286,21000,0.15,4,1,0,0,"LINESTRING (-122.224067 37.774873, -122.22416700000001 37.774772999999996)",w_metro_only;w_bus_metro;d_metro_only;d_bus_metro,Bay Area Rapid Transit,-1,6.2.FTVL:0;1;2;3;4;5;6;7;8;9;10;11;12;13;14;15;16;18;19;20;21;22
,181,1000424,22,1000022,1032,1500032,metro,1,1.1,Yellow-S,Antioch to SFIA/Millbrae,2,boarding_links,14.17669266,1,7,3000,2,1.24300808,,0,4.285714286,21000,0.15,4,1,0,0,"LINESTRING (-122.433557 37.733269, -122.433657 37.733169)",w_metro_only;w_bus_metro;d_metro_only;d_bus_metro,Bay Area Rapid Transit,-1,1.1.GLEN:0;1;2;3;4;5;6;7;8;9;10;11;12;13;14;15;16;17;18;19;20;21;22;23;24;25;26
,182,1000426,22,1000022,1033,1500033,metro,1,1.1,Yellow-S,Antioch to SFIA/Millbrae,2,boarding_links,14.17669266,1,3,3000,2,1.24300808,,0,10,9000,0.15,4,1,0,0,"LINESTRING (-122.433557 37.733269, -122.433657 37.733169)",w_metro_only;w_bus_metro;d_metro_only;d_bus_metro,Bay Area Rapid Transit,-1,1.1.GLEN:0;1;2;4;5;6;7;8;9;10;11;12;13;14;15;16;17;18;19;20;21;22;23;24;25
,183,1000428,22,1000022,1034,1500034,metro,1,1.1,Yellow-S,Antioch to SFIA/Millbrae,2,boarding_links,14.17669266,1,2,3000,2,1.24300808,,0,10,6000,0.15,4,1,0,0,"LINESTRING (-122.433557 37.733269, -122.433657 37.733169)",w_metro_only;w_bus_metro;d_metro_only;d_bus_metro,Bay Area Rapid Transit,-1,1.1.GLEN:0;2;3;4;5;6;7;8;9;10;11;12;13;14;15;16;17;18;19;20;21;22;23
,184,1000534,22,1000022,1087,1500087,metro,1,11.1,Blue-S,Dublin/Pleasanton to Daly City,2,boarding_links,14.17669266,1,8,3000,2,1.24300808,,0,3.75,24000,0.15,4,1,0,0,"LINESTRING (-122.433557 37.733269, -122.433657 37.733169)",w_metro_only;w_bus_metro;d_metro_only;d_bus_metro,Bay Area Rapid Transit,-1,11.1.GLEN:0;1;2;3;4;5;6;7;8;9;10;11;12;13;14;15;16;17
,185,1000570,22,1000022,1105,1500105,metro,1,12.2,Blue-N,Daly City to Dublin/Pleasanton,2,boarding_links,14.17669266,1,6,3000,2,1.24300808,,0,5,18000,0.15,4,1,0,0,"LINESTRING (-122.433557 37.733269, -122.433657 37.733169)",w_metro_only;w_bus_metro;d_metro_only;d_bus_metro,Bay Area Rapid Transit,-1,12.2.GLEN:0;1;2;3;4;5;6;7;8;9;10;11;12;13;14;15;16;17
,186,1000650,22,1000022,1145,1500145,metro,1,2.2,Yellow-N,Millbrae/SFIA to Antioch,2,boarding_links,14.17669266,1,3,3000,2,1.24300808,,0,10,9000,0.15,4,1,0,0,"LINESTRING (-122.433557 37.733269, -122.433657 37.733169)",w_metro_only;w_bus_metro;d_metro_only;d_bus_metro,Bay Area Rapid Transit,-1,2.2.GLEN:0;1;2;3;4;5;6;7;8;9;10;11;12;13;14;15;16;17;18;19;20;21;23;24;25
,187,1000652,22,1000022,1146,1500146,metro,1,2.2,Yellow-N,Millbrae/SFIA to Antioch,2,boarding_links,14.17669266,1,7,3000,2,1.24300808,,0,4.285714286,21000,0.15,4,1,0,0,"LINESTRING (-122.433557 37.733269, -122.433657 37.733169)",w_metro_only;w_bus_metro;d_metro_only;d_bus_metro,Bay Area Rapid Transit,-1,2.2.GLEN:0;1;2;3;4;5;6;7;8;9;10;11;12;13;14;15;16;17;18;19;20;21;23;24;25;26;27
,188,1000654,22,1000022,1147,1500147,metro,1,2.2,Yellow-N,Millbrae/SFIA to Antioch,2,boarding_links,14.17669266,1,1,3000,2,1.24300808,,0,10,3000,0.15,4,1,0,0,"LINESTRING (-122.433557 37.733269, -122.433657 37.733169)",w_metro_only;w_bus_metro;d_metro_only;d_bus_metro,Bay Area Rapid Transit,-1,2.2.GLEN:0;1;2;3;4;5;6;7;8;9;10;11;12;13;14;15;16;17;19;20;21;22;23
,189,1000934,22,1000022,1287,1500287,metro,1,5.1,Green-S,Berryessa/North San Jose to Daly City,2,boarding_links,14.17669266,1,2,3000,2,1.24300808,,0,10,6000,0.15,4,1,0,0,"LINESTRING (-122.433557 37.733269, -122.433657 37.733169)",w_metro_only;w_bus_metro;d_metro_only;d_bus_metro,Bay Area Rapid Transit,-1,5.1.GLEN:0;1;2;3;4;5;6;7;8;9;10;11;12;13;14;15;16
,190,1000936,22,1000022,1288,1500288,metro,1,5.1,Green-S,Berryessa/North San Jose to Daly City,2,boarding_links,14.17669266,1,7,3000,2,1.24300808,,0,4.285714286,21000,0.15,4,1,0,0,"LINESTRING (-122.433557 37.733269, -122.433657 37.733169)",w_metro_only;w_bus_metro;d_metro_only;d_bus_metro,Bay Area Rapid Transit,-1,5.1.GLEN:0;1;2;3;4;6;7;8;9;10;11;12;13;14;15;16;17;18;19;20;21;22
,191,1000998,22,1000022,1319,1500319,metro,1,6.2,Green-N,Daly City to Berryessa/North San Jose,2,boarding_links,14.17669266,1,7,3000,2,1.24300808,,0,4.285714286,21000,0.15,4,1,0,0,"LINESTRING (-122.433557 37.733269, -122.433657 37.733169)",w_metro_only;w_bus_metro;d_metro_only;d_bus_metro,Bay Area Rapid Transit,-1,6.2.GLEN:0;1;2;3;4;5;6;7;8;9;10;11;12;13;14;15;16;18;19;20;21;22
,192,1001050,22,1000022,1345,1500345,metro,1,7.1,Red-S,Richmond to Daly City/Millbrae,2,boarding_links,14.17669266,1,7,3000,2,1.24300808,,0,4.285714286,21000,0.15,4,1,0,0,"LINESTRING (-122.433557 37.733269, -122.433657 37.733169)",w_metro_only;w_bus_metro;d_metro_only;d_bus_metro,Bay Area Rapid Transit,-1,7.1.GLEN:0;1;2;3;4;5;6;7;8;9;10;11;12;13;14;15;16;17;18;19;20;21;22;23;24
,193,1001098,22,1000022,1369,1500369,metro,1,8.2,Red-N,Millbrae/Daly City to Richmond,2,boarding_links,14.17669266,1,6,3000,2,1.24300808,,0,5,18000,0.15,4,1,0,0,"LINESTRING (-122.433557 37.733269, -122.433657 37.733169)",w_metro_only;w_bus_metro;d_metro_only;d_bus_metro,Bay Area Rapid Transit,-1,8.2.GLEN:0;1;2;3;4;5;6;7;8;9;10;11;12;13;14;15;16;17;18;19;20;21;22;23;24
,194,1000796,23,1000023,1218,1500218,metro,1,3.2,Orange-N,Berryessa/North San Jose to Richmond,2,boarding_links,14.18137168,1,1,3000,2,1.24300808,,0,10,3000,0.15,4,1,0,0,"LINESTRING (-122.086941 37.669731, -122.087041 37.669630999999995)",w_metro_only;w_bus_metro;d_metro_only;d_bus_metro,Bay Area Rapid Transit,-1,3.2.HAYW:0;1;2;3;4;5;6;7;8;9;10;11;12;13;14;15
,195,1000798,23,1000023,1219,1500219,metro,1,3.2,Orange-N,Berryessa/North San Jose to Richmond,2,boarding_links,14.18137168,1,7,3000,2,1.24300808,,0,4.285714286,21000,0.15,4,1,0,0,"LINESTRING (-122.086941 37.669731, -122.087041 37.669630999999995)",w_metro_only;w_bus_metro;d_metro_only;d_bus_metro,Bay Area Rapid Transit,-1,3.2.HAYW:0;1;2;3;4;6;7;8;9;10;11;12;13;14;15;16;17;18;19;20;21
,196,1000800,23,1000023,1220,1500220,metro,1,3.2,Orange-N,Berryessa/North San Jose to Richmond,2,boarding_links,14.18137168,1,1,3000,2,1.24300808,,0,10,3000,0.15,4,1,0,0,"LINESTRING (-122.086941 37.669731, -122.087041 37.669630999999995)",w_metro_only;w_bus_metro;d_metro_only;d_bus_metro,Bay Area Rapid Transit,-1,3.2.HAYW:0;1;3;4;5;6;7;8;9;10;11;12;13;14;15;16;17;18
,197,1000872,23,1000023,1256,1500256,metro,1,4.1,Orange-S,Richmond to Berryessa/North San Jose,2,boarding_links,14.18137168,1,7,3000,2,1.24300808,,0,4.285714286,21000,0.15,4,1,0,0,"LINESTRING (-122.086941 37.669731, -122.087041 37.669630999999995)",w_metro_only;w_bus_metro;d_metro_only;d_bus_metro,Bay Area Rapid Transit,-1,4.1.HAYW:0;1;2;3;4;5;6;7;8;9;10;11;12;13;14;15;17;18;19;20;21
,198,1000938,23,1000023,1289,1500289,metro,1,5.1,Green-S,Berryessa/North San Jose to Daly City,2,boarding_links,14.18137168,1,2,3000,2,1.24300808,,0,10,6000,0.15,4,1,0,0,"LINESTRING (-122.086941 37.669731, -122.087041 37.669630999999995)",w_metro_only;w_bus_metro;d_metro_only;d_bus_metro,Bay Area Rapid Transit,-1,5.1.HAYW:0;1;2;3;4;5;6;7;8;9;10;11;12;13;14;15;16
,199,1000940,23,1000023,1290,1500290,metro,1,5.1,Green-S,Berryessa/North San Jose to Daly City,2,boarding_links,14.18137168,1,7,3000,2,1.24300808,,0,4.285714286,21000,0.15,4,1,0,0,"LINESTRING (-122.086941 37.669731, -122.087041 37.669630999999995)",w_metro_only;w_bus_metro;d_metro_only;d_bus_metro,Bay Area Rapid Transit,-1,5.1.HAYW:0;1;2;3;4;6;7;8;9;10;11;12;13;14;15;16;17;18;19;20;21;22
,200,1001000,23,1000023,1320,1500320,metro,1,6.2,Green-N,Daly City to Berryessa/North San Jose,2,boarding_links,14.18137168,1,7,3000,2,1.24300808,,0,4.285714286,21000,0.15,4,1,0,0,"LINESTRING (-122.086941 37.669731, -122.087041 37.669630999999995)",w_metro_only;w_bus_metro;d_metro_only;d_bus_metro,Bay Area Rapid Transit,-1,6.2.HAYW:0;1;2;3;4;5;6;7;8;9;10;11;12;13;14;15;16;18;19;20;21;22
,201,1000430,24,1000024,1035,1500035,metro,1,1.1,Yellow-S,Antioch to SFIA/Millbrae,2,boarding_links,14.16489495,1,7,3000,2,1.24300808,,0,4.285714286,21000,0.15,4,1,0,0,"LINESTRING (-122.124644 37.89322, -122.124744 37.893119999999996)",w_metro_only;w_bus_metro;d_metro_only;d_bus_metro,Bay Area Rapid Transit,-1,1.1.LAFY:0;1;2;3;4;5;6;7;8;9;10;11;12;13;14;15;16;17;18;19;20;21;22;23;24;25;26
,202,1000432,24,1000024,1036,1500036,metro,1,1.1,Yellow-S,Antioch to SFIA/Millbrae,2,boarding_links,14.16489495,1,3,3000,2,1.24300808,,0,10,9000,0.15,4,1,0,0,"LINESTRING (-122.124644 37.89322, -122.124744 37.893119999999996)",w_metro_only;w_bus_metro;d_metro_only;d_bus_metro,Bay Area Rapid Transit,-1,1.1.LAFY:0;1;2;4;5;6;7;8;9;10;11;12;13;14;15;16;17;18;19;20;21;22;23;24;25
,203,1000434,24,1000024,1037,1500037,metro,1,1.1,Yellow-S,Antioch to SFIA/Millbrae,2,boarding_links,14.16489495,1,2,3000,2,1.24300808,,0,10,6000,0.15,4,1,0,0,"LINESTRING (-122.124644 37.89322, -122.124744 37.893119999999996)",w_metro_only;w_bus_metro;d_metro_only;d_bus_metro,Bay Area Rapid Transit,-1,1.1.LAFY:0;2;3;4;5;6;7;8;9;10;11;12;13;14;15;16;17;18;19;20;21;22;23
,204,1000656,24,1000024,1148,1500148,metro,1,2.2,Yellow-N,Millbrae/SFIA to Antioch,2,boarding_links,14.16489495,1,3,3000,2,1.24300808,,0,10,9000,0.15,4,1,0,0,"LINESTRING (-122.124644 37.89322, -122.124744 37.893119999999996)",w_metro_only;w_bus_metro;d_metro_only;d_bus_metro,Bay Area Rapid Transit,-1,2.2.LAFY:0;1;2;3;4;5;6;7;8;9;10;11;12;13;14;15;16;17;18;19;20;21;23;24;25
,205,1000658,24,1000024,1149,1500149,metro,1,2.2,Yellow-N,Millbrae/SFIA to Antioch,2,boarding_links,14.16489495,1,7,3000,2,1.24300808,,0,4.285714286,21000,0.15,4,1,0,0,"LINESTRING (-122.124644 37.89322, -122.124744 37.893119999999996)",w_metro_only;w_bus_metro;d_metro_only;d_bus_metro,Bay Area Rapid Transit,-1,2.2.LAFY:0;1;2;3;4;5;6;7;8;9;10;11;12;13;14;15;16;17;18;19;20;21;23;24;25;26;27
,206,1000660,24,1000024,1150,1500150,metro,1,2.2,Yellow-N,Millbrae/SFIA to Antioch,2,boarding_links,14.16489495,1,1,3000,2,1.24300808,,0,10,3000,0.15,4,1,0,0,"LINESTRING (-122.124644 37.89322, -122.124744 37.893119999999996)",w_metro_only;w_bus_metro;d_metro_only;d_bus_metro,Bay Area Rapid Transit,-1,2.2.LAFY:0;1;2;3;4;5;6;7;8;9;10;11;12;13;14;15;16;17;19;20;21;22;23
,207,1000536,25,1000025,1088,1500088,metro,1,11.1,Blue-S,Dublin/Pleasanton to Daly City,2,boarding_links,14.17196884,1,8,3000,2,1.24300808,,0,3.75,24000,0.15,4,1,0,0,"LINESTRING (-122.265232 37.797357, -122.265332 37.797256999999995)",w_metro_only;w_bus_metro;d_metro_only;d_bus_metro,Bay Area Rapid Transit,-1,11.1.LAKE:0;1;2;3;4;5;6;7;8;9;10;11;12;13;14;15;16;17
,208,1000572,25,1000025,1106,1500106,metro,1,12.2,Blue-N,Daly City to Dublin/Pleasanton,2,boarding_links,14.17196884,1,6,3000,2,1.24300808,,0,5,18000,0.15,4,1,0,0,"LINESTRING (-122.265232 37.797357, -122.265332 37.797256999999995)",w_metro_only;w_bus_metro;d_metro_only;d_bus_metro,Bay Area Rapid Transit,-1,12.2.LAKE:0;1;2;3;4;5;6;7;8;9;10;11;12;13;14;15;16;17
,209,1000802,25,1000025,1221,1500221,metro,1,3.2,Orange-N,Berryessa/North San Jose to Richmond,2,boarding_links,14.17196884,1,1,3000,2,1.24300808,,0,10,3000,0.15,4,1,0,0,"LINESTRING (-122.265232 37.797357, -122.265332 37.797256999999995)",w_metro_only;w_bus_metro;d_metro_only;d_bus_metro,Bay Area Rapid Transit,-1,3.2.LAKE:0;1;2;3;4;5;6;7;8;9;10;11;12;13;14;15
,210,1000804,25,1000025,1222,1500222,metro,1,3.2,Orange-N,Berryessa/North San Jose to Richmond,2,boarding_links,14.17196884,1,7,3000,2,1.24300808,,0,4.285714286,21000,0.15,4,1,0,0,"LINESTRING (-122.265232 37.797357, -122.265332 37.797256999999995)",w_metro_only;w_bus_metro;d_metro_only;d_bus_metro,Bay Area Rapid Transit,-1,3.2.LAKE:0;1;2;3;4;6;7;8;9;10;11;12;13;14;15;16;17;18;19;20;21
,211,1000806,25,1000025,1223,1500223,metro,1,3.2,Orange-N,Berryessa/North San Jose to Richmond,2,boarding_links,14.17196884,1,1,3000,2,1.24300808,,0,10,3000,0.15,4,1,0,0,"LINESTRING (-122.265232 37.797357, -122.265332 37.797256999999995)",w_metro_only;w_bus_metro;d_metro_only;d_bus_metro,Bay Area Rapid Transit,-1,3.2.LAKE:0;1;3;4;5;6;7;8;9;10;11;12;13;14;15;16;17;18
,212,1000874,25,1000025,1257,1500257,metro,1,4.1,Orange-S,Richmond to Berryessa/North San Jose,2,boarding_links,14.17196884,1,7,3000,2,1.24300808,,0,4.285714286,21000,0.15,4,1,0,0,"LINESTRING (-122.265232 37.797357, -122.265332 37.797256999999995)",w_metro_only;w_bus_metro;d_metro_only;d_bus_metro,Bay Area Rapid Transit,-1,4.1.LAKE:0;1;2;3;4;5;6;7;8;9;10;11;12;13;14;15;17;18;19;20;21
,213,1000942,25,1000025,1291,1500291,metro,1,5.1,Green-S,Berryessa/North San Jose to Daly City,2,boarding_links,14.17196884,1,2,3000,2,1.24300808,,0,10,6000,0.15,4,1,0,0,"LINESTRING (-122.265232 37.797357, -122.265332 37.797256999999995)",w_metro_only;w_bus_metro;d_metro_only;d_bus_metro,Bay Area Rapid Transit,-1,5.1.LAKE:0;1;2;3;4;5;6;7;8;9;10;11;12;13;14;15;16
,214,1000944,25,1000025,1292,1500292,metro,1,5.1,Green-S,Berryessa/North San Jose to Daly City,2,boarding_links,14.17196884,1,7,3000,2,1.24300808,,0,4.285714286,21000,0.15,4,1,0,0,"LINESTRING (-122.265232 37.797357, -122.265332 37.797256999999995)",w_metro_only;w_bus_metro;d_metro_only;d_bus_metro,Bay Area Rapid Transit,-1,5.1.LAKE:0;1;2;3;4;6;7;8;9;10;11;12;13;14;15;16;17;18;19;20;21;22
,215,1001002,25,1000025,1321,1500321,metro,1,6.2,Green-N,Daly City to Berryessa/North San Jose,2,boarding_links,14.17196884,1,7,3000,2,1.24300808,,0,4.285714286,21000,0.15,4,1,0,0,"LINESTRING (-122.265232 37.797357, -122.265332 37.797256999999995)",w_metro_only;w_bus_metro;d_metro_only;d_bus_metro,Bay Area Rapid Transit,-1,6.2.LAKE:0;1;2;3;4;5;6;7;8;9;10;11;12;13;14;15;16;18;19;20;21;22
,216,1000436,26,1000026,1038,1500038,metro,1,1.1,Yellow-S,Antioch to SFIA/Millbrae,2,boarding_links,14.16964863,1,7,3000,2,1.24300808,,0,4.285714286,21000,0.15,4,1,0,0,"LINESTRING (-122.267163 37.828814, -122.267263 37.828714)",w_metro_only;w_bus_metro;d_metro_only;d_bus_metro,Bay Area Rapid Transit,-1,1.1.MCAR:0;1;2;3;4;5;6;7;8;9;10;11;12;13;14;15;16;17;18;19;20;21;22;23;24;25;26
,217,1000438,26,1000026,1039,1500039,metro,1,1.1,Yellow-S,Antioch to SFIA/Millbrae,2,boarding_links,14.16964863,1,3,3000,2,1.24300808,,0,10,9000,0.15,4,1,0,0,"LINESTRING (-122.267163 37.828814, -122.267263 37.828714)",w_metro_only;w_bus_metro;d_metro_only;d_bus_metro,Bay Area Rapid Transit,-1,1.1.MCAR:0;1;2;4;5;6;7;8;9;10;11;12;13;14;15;16;17;18;19;20;21;22;23;24;25
,218,1000440,26,1000026,1040,1500040,metro,1,1.1,Yellow-S,Antioch to SFIA/Millbrae,2,boarding_links,14.16964863,1,2,3000,2,1.24300808,,0,10,6000,0.15,4,1,0,0,"LINESTRING (-122.267163 37.828814, -122.267263 37.828714)",w_metro_only;w_bus_metro;d_metro_only;d_bus_metro,Bay Area Rapid Transit,-1,1.1.MCAR:0;2;3;4;5;6;7;8;9;10;11;12;13;14;15;16;17;18;19;20;21;22;23
,219,1000662,26,1000026,1151,1500151,metro,1,2.2,Yellow-N,Millbrae/SFIA to Antioch,2,boarding_links,14.16964863,1,3,3000,2,1.24300808,,0,10,9000,0.15,4,1,0,0,"LINESTRING (-122.267163 37.828814, -122.267263 37.828714)",w_metro_only;w_bus_metro;d_metro_only;d_bus_metro,Bay Area Rapid Transit,-1,2.2.MCAR:0;1;2;3;4;5;6;7;8;9;10;11;12;13;14;15;16;17;18;19;20;21;23;24;25
,220,1000664,26,1000026,1152,1500152,metro,1,2.2,Yellow-N,Millbrae/SFIA to Antioch,2,boarding_links,14.16964863,1,7,3000,2,1.24300808,,0,4.285714286,21000,0.15,4,1,0,0,"LINESTRING (-122.267163 37.828814, -122.267263 37.828714)",w_metro_only;w_bus_metro;d_metro_only;d_bus_metro,Bay Area Rapid Transit,-1,2.2.MCAR:0;1;2;3;4;5;6;7;8;9;10;11;12;13;14;15;16;17;18;19;20;21;23;24;25;26;27
,221,1000666,26,1000026,1153,1500153,metro,1,2.2,Yellow-N,Millbrae/SFIA to Antioch,2,boarding_links,14.16964863,1,1,3000,2,1.24300808,,0,10,3000,0.15,4,1,0,0,"LINESTRING (-122.267163 37.828814, -122.267263 37.828714)",w_metro_only;w_bus_metro;d_metro_only;d_bus_metro,Bay Area Rapid Transit,-1,2.2.MCAR:0;1;2;3;4;5;6;7;8;9;10;11;12;13;14;15;16;17;19;20;21;22;23
,222,1000808,26,1000026,1224,1500224,metro,1,3.2,Orange-N,Berryessa/North San Jose to Richmond,2,boarding_links,14.16964863,1,1,3000,2,1.24300808,,0,10,3000,0.15,4,1,0,0,"LINESTRING (-122.267163 37.828814, -122.267263 37.828714)",w_metro_only;w_bus_metro;d_metro_only;d_bus_metro,Bay Area Rapid Transit,-1,3.2.MCAR:0;1;2;3;4;5;6;7;8;9;10;11;12;13;14;15
,223,1000810,26,1000026,1225,1500225,metro,1,3.2,Orange-N,Berryessa/North San Jose to Richmond,2,boarding_links,14.16964863,1,7,3000,2,1.24300808,,0,4.285714286,21000,0.15,4,1,0,0,"LINESTRING (-122.267163 37.828814, -122.267263 37.828714)",w_metro_only;w_bus_metro;d_metro_only;d_bus_metro,Bay Area Rapid Transit,-1,3.2.MCAR:0;1;2;3;4;6;7;8;9;10;11;12;13;14;15;16;17;18;19;20;21
,224,1000812,26,1000026,1226,1500226,metro,1,3.2,Orange-N,Berryessa/North San Jose to Richmond,2,boarding_links,14.16964863,1,1,3000,2,1.24300808,,0,10,3000,0.15,4,1,0,0,"LINESTRING (-122.267163 37.828814, -122.267263 37.828714)",w_metro_only;w_bus_metro;d_metro_only;d_bus_metro,Bay Area Rapid Transit,-1,3.2.MCAR:0;1;3;4;5;6;7;8;9;10;11;12;13;14;15;16;17;18
,225,1000876,26,1000026,1258,1500258,metro,1,4.1,Orange-S,Richmond to Berryessa/North San Jose,2,boarding_links,14.16964863,1,7,3000,2,1.24300808,,0,4.285714286,21000,0.15,4,1,0,0,"LINESTRING (-122.267163 37.828814, -122.267263 37.828714)",w_metro_only;w_bus_metro;d_metro_only;d_bus_metro,Bay Area Rapid Transit,-1,4.1.MCAR:0;1;2;3;4;5;6;7;8;9;10;11;12;13;14;15;17;18;19;20;21
,226,1001052,26,1000026,1346,1500346,metro,1,7.1,Red-S,Richmond to Daly City/Millbrae,2,boarding_links,14.16964863,1,7,3000,2,1.24300808,,0,4.285714286,21000,0.15,4,1,0,0,"LINESTRING (-122.267163 37.828814, -122.267263 37.828714)",w_metro_only;w_bus_metro;d_metro_only;d_bus_metro,Bay Area Rapid Transit,-1,7.1.MCAR:0;1;2;3;4;5;6;7;8;9;10;11;12;13;14;15;16;17;18;19;20;21;22;23;24
,227,1001100,26,1000026,1370,1500370,metro,1,8.2,Red-N,Millbrae/Daly City to Richmond,2,boarding_links,14.16964863,1,6,3000,2,1.24300808,,0,5,18000,0.15,4,1,0,0,"LINESTRING (-122.267163 37.828814, -122.267263 37.828714)",w_metro_only;w_bus_metro;d_metro_only;d_bus_metro,Bay Area Rapid Transit,-1,8.2.MCAR:0;1;2;3;4;5;6;7;8;9;10;11;12;13;14;15;16;17;18;19;20;21;22;23;24
,228,1001054,27,1000027,1347,1500347,metro,1,7.1,Red-S,Richmond to Daly City/Millbrae,2,boarding_links,14.18648722,1,7,3000,2,1.24300808,,0,4.285714286,21000,0.15,4,1,0,0,"LINESTRING (-122.38684 37.600199, -122.38694000000001 37.600099)",w_metro_only;w_bus_metro;d_metro_only;d_bus_metro,Bay Area Rapid Transit,-1,7.1.MLBR:0;1;2;3;4;5;6;7;8;9;10;11;12;13;14;15;16;17;18;19;20;21;22;23;24
,229,1001102,27,1000027,1371,1500371,metro,1,8.2,Red-N,Millbrae/Daly City to Richmond,2,boarding_links,14.18648722,1,6,3000,2,1.24300808,,0,5,18000,0.15,4,1,0,0,"LINESTRING (-122.38684 37.600199, -122.38694000000001 37.600099)",w_metro_only;w_bus_metro;d_metro_only;d_bus_metro,Bay Area Rapid Transit,-1,8.2.MLBR:0;1;2;3;4;5;6;7;8;9;10;11;12;13;14;15;16;17;18;19;20;21;22;23;24
,230,1000814,28,1000028,1227,1500227,metro,1,3.2,Orange-N,Berryessa/North San Jose to Richmond,2,boarding_links,14.20046616,1,7,3000,2,1.24300808,,0,4.285714286,21000,0.15,4,1,0,0,"LINESTRING (-121.890803 37.409836, -121.89090300000001 37.409735999999995)",w_metro_only;w_bus_metro;d_metro_only;d_bus_metro,Bay Area Rapid Transit,-1,3.2.MLPT:0;1;2;3;4;6;7;8;9;10;11;12;13;14;15;16;17;18;19;20;21
,231,1000878,28,1000028,1259,1500259,metro,1,4.1,Orange-S,Richmond to Berryessa/North San Jose,2,boarding_links,14.20046616,1,7,3000,2,1.24300808,,0,4.285714286,21000,0.15,4,1,0,0,"LINESTRING (-121.890803 37.409836, -121.89090300000001 37.409735999999995)",w_metro_only;w_bus_metro;d_metro_only;d_bus_metro,Bay Area Rapid Transit,-1,4.1.MLPT:0;1;2;3;4;5;6;7;8;9;10;11;12;13;14;15;17;18;19;20;21
,232,1000946,28,1000028,1293,1500293,metro,1,5.1,Green-S,Berryessa/North San Jose to Daly City,2,boarding_links,14.20046616,1,7,3000,2,1.24300808,,0,4.285714286,21000,0.15,4,1,0,0,"LINESTRING (-121.890803 37.409836, -121.89090300000001 37.409735999999995)",w_metro_only;w_bus_metro;d_metro_only;d_bus_metro,Bay Area Rapid Transit,-1,5.1.MLPT:0;1;2;3;4;6;7;8;9;10;11;12;13;14;15;16;17;18;19;20;21;22
,233,1001004,28,1000028,1322,1500322,metro,1,6.2,Green-N,Daly City to Berryessa/North San Jose,2,boarding_links,14.20046616,1,1,3000,2,1.24300808,,0,10,3000,0.15,4,1,0,0,"LINESTRING (-121.890803 37.409836, -121.89090300000001 37.409735999999995)",w_metro_only;w_bus_metro;d_metro_only;d_bus_metro,Bay Area Rapid Transit,-1,6.2.MLPT:0;1;2;3;4
,234,1001006,28,1000028,1323,1500323,metro,1,6.2,Green-N,Daly City to Berryessa/North San Jose,2,boarding_links,14.20046616,1,7,3000,2,1.24300808,,0,4.285714286,21000,0.15,4,1,0,0,"LINESTRING (-121.890803 37.409836, -121.89090300000001 37.409735999999995)",w_metro_only;w_bus_metro;d_metro_only;d_bus_metro,Bay Area Rapid Transit,-1,6.2.MLPT:0;1;2;3;4;5;6;7;8;9;10;11;12;13;14;15;16;18;19;20;21;22
,235,1000442,29,1000029,1041,1500041,metro,1,1.1,Yellow-S,Antioch to SFIA/Millbrae,2,boarding_links,14.17256936,1,7,3000,2,1.24300808,,0,4.285714286,21000,0.15,4,1,0,0,"LINESTRING (-122.401642 37.789213, -122.401742 37.78911299999999)",w_metro_only;w_bus_metro;d_metro_only;d_bus_metro,Bay Area Rapid Transit,-1,1.1.MONT:0;1;2;3;4;5;6;7;8;9;10;11;12;13;14;15;16;17;18;19;20;21;22;23;24;25;26
,236,1000444,29,1000029,1042,1500042,metro,1,1.1,Yellow-S,Antioch to SFIA/Millbrae,2,boarding_links,14.17256936,1,3,3000,2,1.24300808,,0,10,9000,0.15,4,1,0,0,"LINESTRING (-122.401642 37.789213, -122.401742 37.78911299999999)",w_metro_only;w_bus_metro;d_metro_only;d_bus_metro,Bay Area Rapid Transit,-1,1.1.MONT:0;1;2;4;5;6;7;8;9;10;11;12;13;14;15;16;17;18;19;20;21;22;23;24;25
,237,1000446,29,1000029,1043,1500043,metro,1,1.1,Yellow-S,Antioch to SFIA/Millbrae,2,boarding_links,14.17256936,1,2,3000,2,1.24300808,,0,10,6000,0.15,4,1,0,0,"LINESTRING (-122.401642 37.789213, -122.401742 37.78911299999999)",w_metro_only;w_bus_metro;d_metro_only;d_bus_metro,Bay Area Rapid Transit,-1,1.1.MONT:0;2;3;4;5;6;7;8;9;10;11;12;13;14;15;16;17;18;19;20;21;22;23
,238,1000538,29,1000029,1089,1500089,metro,1,11.1,Blue-S,Dublin/Pleasanton to Daly City,2,boarding_links,14.17256936,1,8,3000,2,1.24300808,,0,3.75,24000,0.15,4,1,0,0,"LINESTRING (-122.401642 37.789213, -122.401742 37.78911299999999)",w_metro_only;w_bus_metro;d_metro_only;d_bus_metro,Bay Area Rapid Transit,-1,11.1.MONT:0;1;2;3;4;5;6;7;8;9;10;11;12;13;14;15;16;17
,239,1000574,29,1000029,1107,1500107,metro,1,12.2,Blue-N,Daly City to Dublin/Pleasanton,2,boarding_links,14.17256936,1,6,3000,2,1.24300808,,0,5,18000,0.15,4,1,0,0,"LINESTRING (-122.401642 37.789213, -122.401742 37.78911299999999)",w_metro_only;w_bus_metro;d_metro_only;d_bus_metro,Bay Area Rapid Transit,-1,12.2.MONT:0;1;2;3;4;5;6;7;8;9;10;11;12;13;14;15;16;17
,240,1000668,29,1000029,1154,1500154,metro,1,2.2,Yellow-N,Millbrae/SFIA to Antioch,2,boarding_links,14.17256936,1,3,3000,2,1.24300808,,0,10,9000,0.15,4,1,0,0,"LINESTRING (-122.401642 37.789213, -122.401742 37.78911299999999)",w_metro_only;w_bus_metro;d_metro_only;d_bus_metro,Bay Area Rapid Transit,-1,2.2.MONT:0;1;2;3;4;5;6;7;8;9;10;11;12;13;14;15;16;17;18;19;20;21;23;24;25
,241,1000670,29,1000029,1155,1500155,metro,1,2.2,Yellow-N,Millbrae/SFIA to Antioch,2,boarding_links,14.17256936,1,7,3000,2,1.24300808,,0,4.285714286,21000,0.15,4,1,0,0,"LINESTRING (-122.401642 37.789213, -122.401742 37.78911299999999)",w_metro_only;w_bus_metro;d_metro_only;d_bus_metro,Bay Area Rapid Transit,-1,2.2.MONT:0;1;2;3;4;5;6;7;8;9;10;11;12;13;14;15;16;17;18;19;20;21;23;24;25;26;27
,242,1000672,29,1000029,1156,1500156,metro,1,2.2,Yellow-N,Millbrae/SFIA to Antioch,2,boarding_links,14.17256936,1,1,3000,2,1.24300808,,0,10,3000,0.15,4,1,0,0,"LINESTRING (-122.401642 37.789213, -122.401742 37.78911299999999)",w_metro_only;w_bus_metro;d_metro_only;d_bus_metro,Bay Area Rapid Transit,-1,2.2.MONT:0;1;2;3;4;5;6;7;8;9;10;11;12;13;14;15;16;17;19;20;21;22;23
,243,1000948,29,1000029,1294,1500294,metro,1,5.1,Green-S,Berryessa/North San Jose to Daly City,2,boarding_links,14.17256936,1,2,3000,2,1.24300808,,0,10,6000,0.15,4,1,0,0,"LINESTRING (-122.401642 37.789213, -122.401742 37.78911299999999)",w_metro_only;w_bus_metro;d_metro_only;d_bus_metro,Bay Area Rapid Transit,-1,5.1.MONT:0;1;2;3;4;5;6;7;8;9;10;11;12;13;14;15;16
,244,1000950,29,1000029,1295,1500295,metro,1,5.1,Green-S,Berryessa/North San Jose to Daly City,2,boarding_links,14.17256936,1,7,3000,2,1.24300808,,0,4.285714286,21000,0.15,4,1,0,0,"LINESTRING (-122.401642 37.789213, -122.401742 37.78911299999999)",w_metro_only;w_bus_metro;d_metro_only;d_bus_metro,Bay Area Rapid Transit,-1,5.1.MONT:0;1;2;3;4;6;7;8;9;10;11;12;13;14;15;16;17;18;19;20;21;22
,245,1001008,29,1000029,1324,1500324,metro,1,6.2,Green-N,Daly City to Berryessa/North San Jose,2,boarding_links,14.17256936,1,7,3000,2,1.24300808,,0,4.285714286,21000,0.15,4,1,0,0,"LINESTRING (-122.401642 37.789213, -122.401742 37.78911299999999)",w_metro_only;w_bus_metro;d_metro_only;d_bus_metro,Bay Area Rapid Transit,-1,6.2.MONT:0;1;2;3;4;5;6;7;8;9;10;11;12;13;14;15;16;18;19;20;21;22
,246,1001056,29,1000029,1348,1500348,metro,1,7.1,Red-S,Richmond to Daly City/Millbrae,2,boarding_links,14.17256936,1,7,3000,2,1.24300808,,0,4.285714286,21000,0.15,4,1,0,0,"LINESTRING (-122.401642 37.789213, -122.401742 37.78911299999999)",w_metro_only;w_bus_metro;d_metro_only;d_bus_metro,Bay Area Rapid Transit,-1,7.1.MONT:0;1;2;3;4;5;6;7;8;9;10;11;12;13;14;15;16;17;18;19;20;21;22;23;24
,247,1001104,29,1000029,1372,1500372,metro,1,8.2,Red-N,Millbrae/Daly City to Richmond,2,boarding_links,14.17256936,1,6,3000,2,1.24300808,,0,5,18000,0.15,4,1,0,0,"LINESTRING (-122.401642 37.789213, -122.401742 37.78911299999999)",w_metro_only;w_bus_metro;d_metro_only;d_bus_metro,Bay Area Rapid Transit,-1,8.2.MONT:0;1;2;3;4;5;6;7;8;9;10;11;12;13;14;15;16;17;18;19;20;21;22;23;24
,248,1000816,30,1000030,1228,1500228,metro,1,3.2,Orange-N,Berryessa/North San Jose to Richmond,2,boarding_links,14.16631163,1,1,3000,2,1.24300808,,0,10,3000,0.15,4,1,0,0,"LINESTRING (-122.283508 37.874032, -122.283608 37.873931999999996)",w_metro_only;w_bus_metro;d_metro_only;d_bus_metro,Bay Area Rapid Transit,-1,3.2.NBRK:0;1;2;3;4;5;6;7;8;9;10;11;12;13;14;15
,249,1000818,30,1000030,1229,1500229,metro,1,3.2,Orange-N,Berryessa/North San Jose to Richmond,2,boarding_links,14.16631163,1,7,3000,2,1.24300808,,0,4.285714286,21000,0.15,4,1,0,0,"LINESTRING (-122.283508 37.874032, -122.283608 37.873931999999996)",w_metro_only;w_bus_metro;d_metro_only;d_bus_metro,Bay Area Rapid Transit,-1,3.2.NBRK:0;1;2;3;4;6;7;8;9;10;11;12;13;14;15;16;17;18;19;20;21
,250,1000820,30,1000030,1230,1500230,metro,1,3.2,Orange-N,Berryessa/North San Jose to Richmond,2,boarding_links,14.16631163,1,1,3000,2,1.24300808,,0,10,3000,0.15,4,1,0,0,"LINESTRING (-122.283508 37.874032, -122.283608 37.873931999999996)",w_metro_only;w_bus_metro;d_metro_only;d_bus_metro,Bay Area Rapid Transit,-1,3.2.NBRK:0;1;3;4;5;6;7;8;9;10;11;12;13;14;15;16;17;18
,251,1000880,30,1000030,1260,1500260,metro,1,4.1,Orange-S,Richmond to Berryessa/North San Jose,2,boarding_links,14.16631163,1,7,3000,2,1.24300808,,0,4.285714286,21000,0.15,4,1,0,0,"LINESTRING (-122.283508 37.874032, -122.283608 37.873931999999996)",w_metro_only;w_bus_metro;d_metro_only;d_bus_metro,Bay Area Rapid Transit,-1,4.1.NBRK:0;1;2;3;4;5;6;7;8;9;10;11;12;13;14;15;17;18;19;20;21
,252,1001058,30,1000030,1349,1500349,metro,1,7.1,Red-S,Richmond to Daly City/Millbrae,2,boarding_links,14.16631163,1,7,3000,2,1.24300808,,0,4.285714286,21000,0.15,4,1,0,0,"LINESTRING (-122.283508 37.874032, -122.283608 37.873931999999996)",w_metro_only;w_bus_metro;d_metro_only;d_bus_metro,Bay Area Rapid Transit,-1,7.1.NBRK:0;1;2;3;4;5;6;7;8;9;10;11;12;13;14;15;16;17;18;19;20;21;22;23;24
,253,1001106,30,1000030,1373,1500373,metro,1,8.2,Red-N,Millbrae/Daly City to Richmond,2,boarding_links,14.16631163,1,6,3000,2,1.24300808,,0,5,18000,0.15,4,1,0,0,"LINESTRING (-122.283508 37.874032, -122.283608 37.873931999999996)",w_metro_only;w_bus_metro;d_metro_only;d_bus_metro,Bay Area Rapid Transit,-1,8.2.NBRK:0;1;2;3;4;5;6;7;8;9;10;11;12;13;14;15;16;17;18;19;20;21;22;23;24
,254,1000448,31,1000031,1044,1500044,metro,1,1.1,Yellow-S,Antioch to SFIA/Millbrae,2,boarding_links,14.15675228,1,7,3000,2,1.24300808,,0,4.285714286,21000,0.15,4,1,0,0,"LINESTRING (-122.024561 38.003407, -122.02466100000001 38.003307)",w_metro_only;w_bus_metro;d_metro_only;d_bus_metro,Bay Area Rapid Transit,-1,1.1.NCON:0;1;2;3;4;5;6;7;8;9;10;11;12;13;14;15;16;17;18;19;20;21;22;23;24;25;26
,255,1000450,31,1000031,1045,1500045,metro,1,1.1,Yellow-S,Antioch to SFIA/Millbrae,2,boarding_links,14.15675228,1,3,3000,2,1.24300808,,0,10,9000,0.15,4,1,0,0,"LINESTRING (-122.024561 38.003407, -122.02466100000001 38.003307)",w_metro_only;w_bus_metro;d_metro_only;d_bus_metro,Bay Area Rapid Transit,-1,1.1.NCON:0;1;2;4;5;6;7;8;9;10;11;12;13;14;15;16;17;18;19;20;21;22;23;24;25
,256,1000674,31,1000031,1157,1500157,metro,1,2.2,Yellow-N,Millbrae/SFIA to Antioch,2,boarding_links,14.15675228,1,3,3000,2,1.24300808,,0,10,9000,0.15,4,1,0,0,"LINESTRING (-122.024561 38.003407, -122.02466100000001 38.003307)",w_metro_only;w_bus_metro;d_metro_only;d_bus_metro,Bay Area Rapid Transit,-1,2.2.NCON:0;1;2;3;4;5;6;7;8;9;10;11;12;13;14;15;16;17;18;19;20;21;23;24;25
,257,1000676,31,1000031,1158,1500158,metro,1,2.2,Yellow-N,Millbrae/SFIA to Antioch,2,boarding_links,14.15675228,1,7,3000,2,1.24300808,,0,4.285714286,21000,0.15,4,1,0,0,"LINESTRING (-122.024561 38.003407, -122.02466100000001 38.003307)",w_metro_only;w_bus_metro;d_metro_only;d_bus_metro,Bay Area Rapid Transit,-1,2.2.NCON:0;1;2;3;4;5;6;7;8;9;10;11;12;13;14;15;16;17;18;19;20;21;23;24;25;26;27
,258,1000678,31,1000031,1159,1500159,metro,1,2.2,Yellow-N,Millbrae/SFIA to Antioch,2,boarding_links,14.15675228,1,1,3000,2,1.24300808,,0,10,3000,0.15,4,1,0,0,"LINESTRING (-122.024561 38.003407, -122.02466100000001 38.003307)",w_metro_only;w_bus_metro;d_metro_only;d_bus_metro,Bay Area Rapid Transit,-1,2.2.NCON:0;1;2;3;4;5;6;7;8;9;10;11;12;13;14;15;16;17;19;20;21;22;23
,259,1000586,32,1000032,1113,1500113,metro,1,19.2,Beige-N,Oakland Airport to Coliseum,2,boarding_links,14.1781669,1,21,3000,2,1.24300808,,0,1.428571429,63000,0.15,4,1,0,0,"LINESTRING (-122.212237 37.713256, -122.212337 37.713156)",w_metro_only;w_bus_metro;d_metro_only;d_bus_metro,Bay Area Rapid Transit,-1,19.2.OAKL:0;2
,260,1000740,32,1000032,1190,1500190,metro,1,20.1,Beige-S,Coliseum to Oakland Airport,2,boarding_links,14.1781669,1,20,3000,2,1.24300808,,0,1.5,60000,0.15,4,1,0,0,"LINESTRING (-122.212237 37.713256, -122.212337 37.713156)",w_metro_only;w_bus_metro;d_metro_only;d_bus_metro,Bay Area Rapid Transit,-1,20.1.OAKL:0;2
,261,1000452,33,1000033,1046,1500046,metro,1,1.1,Yellow-S,Antioch to SFIA/Millbrae,2,boarding_links,14.16598156,1,7,3000,2,1.24300808,,0,4.285714286,21000,0.15,4,1,0,0,"LINESTRING (-122.183717 37.878503, -122.183817 37.878403)",w_metro_only;w_bus_metro;d_metro_only;d_bus_metro,Bay Area Rapid Transit,-1,1.1.ORIN:0;1;2;3;4;5;6;7;8;9;10;11;12;13;14;15;16;17;18;19;20;21;22;23;24;25;26
,262,1000454,33,1000033,1047,1500047,metro,1,1.1,Yellow-S,Antioch to SFIA/Millbrae,2,boarding_links,14.16598156,1,3,3000,2,1.24300808,,0,10,9000,0.15,4,1,0,0,"LINESTRING (-122.183717 37.878503, -122.183817 37.878403)",w_metro_only;w_bus_metro;d_metro_only;d_bus_metro,Bay Area Rapid Transit,-1,1.1.ORIN:0;1;2;4;5;6;7;8;9;10;11;12;13;14;15;16;17;18;19;20;21;22;23;24;25
,263,1000456,33,1000033,1048,1500048,metro,1,1.1,Yellow-S,Antioch to SFIA/Millbrae,2,boarding_links,14.16598156,1,2,3000,2,1.24300808,,0,10,6000,0.15,4,1,0,0,"LINESTRING (-122.183717 37.878503, -122.183817 37.878403)",w_metro_only;w_bus_metro;d_metro_only;d_bus_metro,Bay Area Rapid Transit,-1,1.1.ORIN:0;2;3;4;5;6;7;8;9;10;11;12;13;14;15;16;17;18;19;20;21;22;23
,264,1000680,33,1000033,1160,1500160,metro,1,2.2,Yellow-N,Millbrae/SFIA to Antioch,2,boarding_links,14.16598156,1,3,3000,2,1.24300808,,0,10,9000,0.15,4,1,0,0,"LINESTRING (-122.183717 37.878503, -122.183817 37.878403)",w_metro_only;w_bus_metro;d_metro_only;d_bus_metro,Bay Area Rapid Transit,-1,2.2.ORIN:0;1;2;3;4;5;6;7;8;9;10;11;12;13;14;15;16;17;18;19;20;21;23;24;25
,265,1000682,33,1000033,1161,1500161,metro,1,2.2,Yellow-N,Millbrae/SFIA to Antioch,2,boarding_links,14.16598156,1,7,3000,2,1.24300808,,0,4.285714286,21000,0.15,4,1,0,0,"LINESTRING (-122.183717 37.878503, -122.183817 37.878403)",w_metro_only;w_bus_metro;d_metro_only;d_bus_metro,Bay Area Rapid Transit,-1,2.2.ORIN:0;1;2;3;4;5;6;7;8;9;10;11;12;13;14;15;16;17;18;19;20;21;23;24;25;26;27
,266,1000684,33,1000033,1162,1500162,metro,1,2.2,Yellow-N,Millbrae/SFIA to Antioch,2,boarding_links,14.16598156,1,1,3000,2,1.24300808,,0,10,3000,0.15,4,1,0,0,"LINESTRING (-122.183717 37.878503, -122.183817 37.878403)",w_metro_only;w_bus_metro;d_metro_only;d_bus_metro,Bay Area Rapid Transit,-1,2.2.ORIN:0;1;2;3;4;5;6;7;8;9;10;11;12;13;14;15;16;17;19;20;21;22;23
,267,1000458,34,1000034,1049,1500049,metro,1,1.1,Yellow-S,Antioch to SFIA/Millbrae,2,boarding_links,14.1557563,1,7,3000,2,1.24300808,,0,4.285714286,21000,0.15,4,1,0,0,"LINESTRING (-121.889011 38.016873, -121.889111 38.01677299999999)",w_metro_only;w_bus_metro;d_metro_only;d_bus_metro,Bay Area Rapid Transit,-1,1.1.PCTR:0;1;2;3;4;5;6;7;8;9;10;11;12;13;14;15;16;17;18;19;20;21;22;23;24;25;26
,268,1000686,34,1000034,1163,1500163,metro,1,2.2,Yellow-N,Millbrae/SFIA to Antioch,2,boarding_links,14.1557563,1,7,3000,2,1.24300808,,0,4.285714286,21000,0.15,4,1,0,0,"LINESTRING (-121.889011 38.016873, -121.889111 38.01677299999999)",w_metro_only;w_bus_metro;d_metro_only;d_bus_metro,Bay Area Rapid Transit,-1,2.2.PCTR:0;1;2;3;4;5;6;7;8;9;10;11;12;13;14;15;16;17;18;19;20;21;23;24;25;26;27
,269,1000688,34,1000034,1164,1500164,metro,1,2.2,Yellow-N,Millbrae/SFIA to Antioch,2,boarding_links,14.1557563,1,1,3000,2,1.24300808,,0,10,3000,0.15,4,1,0,0,"LINESTRING (-121.889011 38.016873, -121.889111 38.01677299999999)",w_metro_only;w_bus_metro;d_metro_only;d_bus_metro,Bay Area Rapid Transit,-1,2.2.PCTR:0;1;2;3;4;5;6;7;8;9;10;11;12;13;14;15;16;17;19;20;21;22;23
,270,1000460,35,1000035,1050,1500050,metro,1,1.1,Yellow-S,Antioch to SFIA/Millbrae,2,boarding_links,14.1622919,1,7,3000,2,1.24300808,,0,4.285714286,21000,0.15,4,1,0,0,"LINESTRING (-122.056015 37.928463, -122.056115 37.928363)",w_metro_only;w_bus_metro;d_metro_only;d_bus_metro,Bay Area Rapid Transit,-1,1.1.PHIL:0;1;2;3;4;5;6;7;8;9;10;11;12;13;14;15;16;17;18;19;20;21;22;23;24;25;26
,271,1000462,35,1000035,1051,1500051,metro,1,1.1,Yellow-S,Antioch to SFIA/Millbrae,2,boarding_links,14.1622919,1,3,3000,2,1.24300808,,0,10,9000,0.15,4,1,0,0,"LINESTRING (-122.056015 37.928463, -122.056115 37.928363)",w_metro_only;w_bus_metro;d_metro_only;d_bus_metro,Bay Area Rapid Transit,-1,1.1.PHIL:0;1;2;4;5;6;7;8;9;10;11;12;13;14;15;16;17;18;19;20;21;22;23;24;25
,272,1000464,35,1000035,1052,1500052,metro,1,1.1,Yellow-S,Antioch to SFIA/Millbrae,2,boarding_links,14.1622919,1,2,3000,2,1.24300808,,0,10,6000,0.15,4,1,0,0,"LINESTRING (-122.056015 37.928463, -122.056115 37.928363)",w_metro_only;w_bus_metro;d_metro_only;d_bus_metro,Bay Area Rapid Transit,-1,1.1.PHIL:0;2;3;4;5;6;7;8;9;10;11;12;13;14;15;16;17;18;19;20;21;22;23
,273,1000690,35,1000035,1165,1500165,metro,1,2.2,Yellow-N,Millbrae/SFIA to Antioch,2,boarding_links,14.1622919,1,3,3000,2,1.24300808,,0,10,9000,0.15,4,1,0,0,"LINESTRING (-122.056015 37.928463, -122.056115 37.928363)",w_metro_only;w_bus_metro;d_metro_only;d_bus_metro,Bay Area Rapid Transit,-1,2.2.PHIL:0;1;2;3;4;5;6;7;8;9;10;11;12;13;14;15;16;17;18;19;20;21;23;24;25
,274,1000692,35,1000035,1166,1500166,metro,1,2.2,Yellow-N,Millbrae/SFIA to Antioch,2,boarding_links,14.1622919,1,7,3000,2,1.24300808,,0,4.285714286,21000,0.15,4,1,0,0,"LINESTRING (-122.056015 37.928463, -122.056115 37.928363)",w_metro_only;w_bus_metro;d_metro_only;d_bus_metro,Bay Area Rapid Transit,-1,2.2.PHIL:0;1;2;3;4;5;6;7;8;9;10;11;12;13;14;15;16;17;18;19;20;21;23;24;25;26;27
,275,1000694,35,1000035,1167,1500167,metro,1,2.2,Yellow-N,Millbrae/SFIA to Antioch,2,boarding_links,14.1622919,1,1,3000,2,1.24300808,,0,10,3000,0.15,4,1,0,0,"LINESTRING (-122.056015 37.928463, -122.056115 37.928363)",w_metro_only;w_bus_metro;d_metro_only;d_bus_metro,Bay Area Rapid Transit,-1,2.2.PHIL:0;1;2;3;4;5;6;7;8;9;10;11;12;13;14;15;16;17;19;20;21;22;23
,276,1000466,36,1000036,1053,1500053,metro,1,1.1,Yellow-S,Antioch to SFIA/Millbrae,2,boarding_links,14.15560266,1,7,3000,2,1.24300808,,0,4.285714286,21000,0.15,4,1,0,0,"LINESTRING (-121.944248 38.01895, -121.944348 38.01884999999999)",w_metro_only;w_bus_metro;d_metro_only;d_bus_metro,Bay Area Rapid Transit,-1,1.1.PITT:0;1;2;3;4;5;6;7;8;9;10;11;12;13;14;15;16;17;18;19;20;21;22;23;24;25;26
,277,1000468,36,1000036,1054,1500054,metro,1,1.1,Yellow-S,Antioch to SFIA/Millbrae,2,boarding_links,14.15560266,1,3,3000,2,1.24300808,,0,10,9000,0.15,4,1,0,0,"LINESTRING (-121.944248 38.01895, -121.944348 38.01884999999999)",w_metro_only;w_bus_metro;d_metro_only;d_bus_metro,Bay Area Rapid Transit,-1,1.1.PITT:0;1;2;4;5;6;7;8;9;10;11;12;13;14;15;16;17;18;19;20;21;22;23;24;25
,278,1000696,36,1000036,1168,1500168,metro,1,2.2,Yellow-N,Millbrae/SFIA to Antioch,2,boarding_links,14.15560266,1,3,3000,2,1.24300808,,0,10,9000,0.15,4,1,0,0,"LINESTRING (-121.944248 38.01895, -121.944348 38.01884999999999)",w_metro_only;w_bus_metro;d_metro_only;d_bus_metro,Bay Area Rapid Transit,-1,2.2.PITT:0;1;2;3;4;5;6;7;8;9;10;11;12;13;14;15;16;17;18;19;20;21;23;24;25
,279,1000698,36,1000036,1169,1500169,metro,1,2.2,Yellow-N,Millbrae/SFIA to Antioch,2,boarding_links,14.15560266,1,7,3000,2,1.24300808,,0,4.285714286,21000,0.15,4,1,0,0,"LINESTRING (-121.944248 38.01895, -121.944348 38.01884999999999)",w_metro_only;w_bus_metro;d_metro_only;d_bus_metro,Bay Area Rapid Transit,-1,2.2.PITT:0;1;2;3;4;5;6;7;8;9;10;11;12;13;14;15;16;17;18;19;20;21;23;24;25;26;27
,280,1000700,36,1000036,1170,1500170,metro,1,2.2,Yellow-N,Millbrae/SFIA to Antioch,2,boarding_links,14.15560266,1,1,3000,2,1.24300808,,0,10,3000,0.15,4,1,0,0,"LINESTRING (-121.944248 38.01895, -121.944348 38.01884999999999)",w_metro_only;w_bus_metro;d_metro_only;d_bus_metro,Bay Area Rapid Transit,-1,2.2.PITT:0;1;2;3;4;5;6;7;8;9;10;11;12;13;14;15;16;17;19;20;21;22;23
,281,1000822,37,1000037,1231,1500231,metro,1,3.2,Orange-N,Berryessa/North San Jose to Richmond,2,boarding_links,14.16419983,1,1,3000,2,1.24300808,,0,10,3000,0.15,4,1,0,0,"LINESTRING (-122.298895 37.902633, -122.298995 37.902533)",w_metro_only;w_bus_metro;d_metro_only;d_bus_metro,Bay Area Rapid Transit,-1,3.2.PLZA:0;1;2;3;4;5;6;7;8;9;10;11;12;13;14;15
,282,1000824,37,1000037,1232,1500232,metro,1,3.2,Orange-N,Berryessa/North San Jose to Richmond,2,boarding_links,14.16419983,1,7,3000,2,1.24300808,,0,4.285714286,21000,0.15,4,1,0,0,"LINESTRING (-122.298895 37.902633, -122.298995 37.902533)",w_metro_only;w_bus_metro;d_metro_only;d_bus_metro,Bay Area Rapid Transit,-1,3.2.PLZA:0;1;2;3;4;6;7;8;9;10;11;12;13;14;15;16;17;18;19;20;21
,283,1000826,37,1000037,1233,1500233,metro,1,3.2,Orange-N,Berryessa/North San Jose to Richmond,2,boarding_links,14.16419983,1,1,3000,2,1.24300808,,0,10,3000,0.15,4,1,0,0,"LINESTRING (-122.298895 37.902633, -122.298995 37.902533)",w_metro_only;w_bus_metro;d_metro_only;d_bus_metro,Bay Area Rapid Transit,-1,3.2.PLZA:0;1;3;4;5;6;7;8;9;10;11;12;13;14;15;16;17;18
,284,1000882,37,1000037,1261,1500261,metro,1,4.1,Orange-S,Richmond to Berryessa/North San Jose,2,boarding_links,14.16419983,1,7,3000,2,1.24300808,,0,4.285714286,21000,0.15,4,1,0,0,"LINESTRING (-122.298895 37.902633, -122.298995 37.902533)",w_metro_only;w_bus_metro;d_metro_only;d_bus_metro,Bay Area Rapid Transit,-1,4.1.PLZA:0;1;2;3;4;5;6;7;8;9;10;11;12;13;14;15;17;18;19;20;21
,285,1001060,37,1000037,1350,1500350,metro,1,7.1,Red-S,Richmond to Daly City/Millbrae,2,boarding_links,14.16419983,1,7,3000,2,1.24300808,,0,4.285714286,21000,0.15,4,1,0,0,"LINESTRING (-122.298895 37.902633, -122.298995 37.902533)",w_metro_only;w_bus_metro;d_metro_only;d_bus_metro,Bay Area Rapid Transit,-1,7.1.PLZA:0;1;2;3;4;5;6;7;8;9;10;11;12;13;14;15;16;17;18;19;20;21;22;23;24
,286,1001108,37,1000037,1374,1500374,metro,1,8.2,Red-N,Millbrae/Daly City to Richmond,2,boarding_links,14.16419983,1,6,3000,2,1.24300808,,0,5,18000,0.15,4,1,0,0,"LINESTRING (-122.298895 37.902633, -122.298995 37.902533)",w_metro_only;w_bus_metro;d_metro_only;d_bus_metro,Bay Area Rapid Transit,-1,8.2.PLZA:0;1;2;3;4;5;6;7;8;9;10;11;12;13;14;15;16;17;18;19;20;21;22;23;24
,287,1000470,38,1000038,1055,1500055,metro,1,1.1,Yellow-S,Antioch to SFIA/Millbrae,2,boarding_links,14.17290616,1,7,3000,2,1.24300808,,0,4.285714286,21000,0.15,4,1,0,0,"LINESTRING (-122.407387 37.784645, -122.407487 37.784544999999994)",w_metro_only;w_bus_metro;d_metro_only;d_bus_metro,Bay Area Rapid Transit,-1,1.1.POWL:0;1;2;3;4;5;6;7;8;9;10;11;12;13;14;15;16;17;18;19;20;21;22;23;24;25;26
,288,1000472,38,1000038,1056,1500056,metro,1,1.1,Yellow-S,Antioch to SFIA/Millbrae,2,boarding_links,14.17290616,1,3,3000,2,1.24300808,,0,10,9000,0.15,4,1,0,0,"LINESTRING (-122.407387 37.784645, -122.407487 37.784544999999994)",w_metro_only;w_bus_metro;d_metro_only;d_bus_metro,Bay Area Rapid Transit,-1,1.1.POWL:0;1;2;4;5;6;7;8;9;10;11;12;13;14;15;16;17;18;19;20;21;22;23;24;25
,289,1000474,38,1000038,1057,1500057,metro,1,1.1,Yellow-S,Antioch to SFIA/Millbrae,2,boarding_links,14.17290616,1,2,3000,2,1.24300808,,0,10,6000,0.15,4,1,0,0,"LINESTRING (-122.407387 37.784645, -122.407487 37.784544999999994)",w_metro_only;w_bus_metro;d_metro_only;d_bus_metro,Bay Area Rapid Transit,-1,1.1.POWL:0;2;3;4;5;6;7;8;9;10;11;12;13;14;15;16;17;18;19;20;21;22;23
,290,1000540,38,1000038,1090,1500090,metro,1,11.1,Blue-S,Dublin/Pleasanton to Daly City,2,boarding_links,14.17290616,1,8,3000,2,1.24300808,,0,3.75,24000,0.15,4,1,0,0,"LINESTRING (-122.407387 37.784645, -122.407487 37.784544999999994)",w_metro_only;w_bus_metro;d_metro_only;d_bus_metro,Bay Area Rapid Transit,-1,11.1.POWL:0;1;2;3;4;5;6;7;8;9;10;11;12;13;14;15;16;17
,291,1000576,38,1000038,1108,1500108,metro,1,12.2,Blue-N,Daly City to Dublin/Pleasanton,2,boarding_links,14.17290616,1,6,3000,2,1.24300808,,0,5,18000,0.15,4,1,0,0,"LINESTRING (-122.407387 37.784645, -122.407487 37.784544999999994)",w_metro_only;w_bus_metro;d_metro_only;d_bus_metro,Bay Area Rapid Transit,-1,12.2.POWL:0;1;2;3;4;5;6;7;8;9;10;11;12;13;14;15;16;17
,292,1000702,38,1000038,1171,1500171,metro,1,2.2,Yellow-N,Millbrae/SFIA to Antioch,2,boarding_links,14.17290616,1,3,3000,2,1.24300808,,0,10,9000,0.15,4,1,0,0,"LINESTRING (-122.407387 37.784645, -122.407487 37.784544999999994)",w_metro_only;w_bus_metro;d_metro_only;d_bus_metro,Bay Area Rapid Transit,-1,2.2.POWL:0;1;2;3;4;5;6;7;8;9;10;11;12;13;14;15;16;17;18;19;20;21;23;24;25
,293,1000704,38,1000038,1172,1500172,metro,1,2.2,Yellow-N,Millbrae/SFIA to Antioch,2,boarding_links,14.17290616,1,7,3000,2,1.24300808,,0,4.285714286,21000,0.15,4,1,0,0,"LINESTRING (-122.407387 37.784645, -122.407487 37.784544999999994)",w_metro_only;w_bus_metro;d_metro_only;d_bus_metro,Bay Area Rapid Transit,-1,2.2.POWL:0;1;2;3;4;5;6;7;8;9;10;11;12;13;14;15;16;17;18;19;20;21;23;24;25;26;27
,294,1000706,38,1000038,1173,1500173,metro,1,2.2,Yellow-N,Millbrae/SFIA to Antioch,2,boarding_links,14.17290616,1,1,3000,2,1.24300808,,0,10,3000,0.15,4,1,0,0,"LINESTRING (-122.407387 37.784645, -122.407487 37.784544999999994)",w_metro_only;w_bus_metro;d_metro_only;d_bus_metro,Bay Area Rapid Transit,-1,2.2.POWL:0;1;2;3;4;5;6;7;8;9;10;11;12;13;14;15;16;17;19;20;21;22;23
,295,1000952,38,1000038,1296,1500296,metro,1,5.1,Green-S,Berryessa/North San Jose to Daly City,2,boarding_links,14.17290616,1,2,3000,2,1.24300808,,0,10,6000,0.15,4,1,0,0,"LINESTRING (-122.407387 37.784645, -122.407487 37.784544999999994)",w_metro_only;w_bus_metro;d_metro_only;d_bus_metro,Bay Area Rapid Transit,-1,5.1.POWL:0;1;2;3;4;5;6;7;8;9;10;11;12;13;14;15;16
,296,1000954,38,1000038,1297,1500297,metro,1,5.1,Green-S,Berryessa/North San Jose to Daly City,2,boarding_links,14.17290616,1,7,3000,2,1.24300808,,0,4.285714286,21000,0.15,4,1,0,0,"LINESTRING (-122.407387 37.784645, -122.407487 37.784544999999994)",w_metro_only;w_bus_metro;d_metro_only;d_bus_metro,Bay Area Rapid Transit,-1,5.1.POWL:0;1;2;3;4;6;7;8;9;10;11;12;13;14;15;16;17;18;19;20;21;22
,297,1001010,38,1000038,1325,1500325,metro,1,6.2,Green-N,Daly City to Berryessa/North San Jose,2,boarding_links,14.17290616,1,7,3000,2,1.24300808,,0,4.285714286,21000,0.15,4,1,0,0,"LINESTRING (-122.407387 37.784645, -122.407487 37.784544999999994)",w_metro_only;w_bus_metro;d_metro_only;d_bus_metro,Bay Area Rapid Transit,-1,6.2.POWL:0;1;2;3;4;5;6;7;8;9;10;11;12;13;14;15;16;18;19;20;21;22
,298,1001062,38,1000038,1351,1500351,metro,1,7.1,Red-S,Richmond to Daly City/Millbrae,2,boarding_links,14.17290616,1,7,3000,2,1.24300808,,0,4.285714286,21000,0.15,4,1,0,0,"LINESTRING (-122.407387 37.784645, -122.407487 37.784544999999994)",w_metro_only;w_bus_metro;d_metro_only;d_bus_metro,Bay Area Rapid Transit,-1,7.1.POWL:0;1;2;3;4;5;6;7;8;9;10;11;12;13;14;15;16;17;18;19;20;21;22;23;24
,299,1001110,38,1000038,1375,1500375,metro,1,8.2,Red-N,Millbrae/Daly City to Richmond,2,boarding_links,14.17290616,1,6,3000,2,1.24300808,,0,5,18000,0.15,4,1,0,0,"LINESTRING (-122.407387 37.784645, -122.407487 37.784544999999994)",w_metro_only;w_bus_metro;d_metro_only;d_bus_metro,Bay Area Rapid Transit,-1,8.2.POWL:0;1;2;3;4;5;6;7;8;9;10;11;12;13;14;15;16;17;18;19;20;21;22;23;24
,300,1000828,39,1000039,1234,1500234,metro,1,3.2,Orange-N,Berryessa/North San Jose to Richmond,2,boarding_links,14.16167631,1,1,3000,2,1.24300808,,0,10,3000,0.15,4,1,0,0,"LINESTRING (-122.353004 37.936795, -122.353104 37.93669499999999)",w_metro_only;w_bus_metro;d_metro_only;d_bus_metro,Bay Area Rapid Transit,-1,3.2.RICH:0;1;2;3;4;5;6;7;8;9;10;11;12;13;14;15
,301,1000830,39,1000039,1235,1500235,metro,1,3.2,Orange-N,Berryessa/North San Jose to Richmond,2,boarding_links,14.16167631,1,7,3000,2,1.24300808,,0,4.285714286,21000,0.15,4,1,0,0,"LINESTRING (-122.353004 37.936795, -122.353104 37.93669499999999)",w_metro_only;w_bus_metro;d_metro_only;d_bus_metro,Bay Area Rapid Transit,-1,3.2.RICH:0;1;2;3;4;6;7;8;9;10;11;12;13;14;15;16;17;18;19;20;21
,302,1000832,39,1000039,1236,1500236,metro,1,3.2,Orange-N,Berryessa/North San Jose to Richmond,2,boarding_links,14.16167631,1,1,3000,2,1.24300808,,0,10,3000,0.15,4,1,0,0,"LINESTRING (-122.353004 37.936795, -122.353104 37.93669499999999)",w_metro_only;w_bus_metro;d_metro_only;d_bus_metro,Bay Area Rapid Transit,-1,3.2.RICH:0;1;3;4;5;6;7;8;9;10;11;12;13;14;15;16;17;18
,303,1000884,39,1000039,1262,1500262,metro,1,4.1,Orange-S,Richmond to Berryessa/North San Jose,2,boarding_links,14.16167631,1,7,3000,2,1.24300808,,0,4.285714286,21000,0.15,4,1,0,0,"LINESTRING (-122.353004 37.936795, -122.353104 37.93669499999999)",w_metro_only;w_bus_metro;d_metro_only;d_bus_metro,Bay Area Rapid Transit,-1,4.1.RICH:0;1;2;3;4;5;6;7;8;9;10;11;12;13;14;15;17;18;19;20;21
,304,1001064,39,1000039,1352,1500352,metro,1,7.1,Red-S,Richmond to Daly City/Millbrae,2,boarding_links,14.16167631,1,7,3000,2,1.24300808,,0,4.285714286,21000,0.15,4,1,0,0,"LINESTRING (-122.353004 37.936795, -122.353104 37.93669499999999)",w_metro_only;w_bus_metro;d_metro_only;d_bus_metro,Bay Area Rapid Transit,-1,7.1.RICH:0;1;2;3;4;5;6;7;8;9;10;11;12;13;14;15;16;17;18;19;20;21;22;23;24
,305,1001112,39,1000039,1376,1500376,metro,1,8.2,Red-N,Millbrae/Daly City to Richmond,2,boarding_links,14.16167631,1,6,3000,2,1.24300808,,0,5,18000,0.15,4,1,0,0,"LINESTRING (-122.353004 37.936795, -122.353104 37.93669499999999)",w_metro_only;w_bus_metro;d_metro_only;d_bus_metro,Bay Area Rapid Transit,-1,8.2.RICH:0;1;2;3;4;5;6;7;8;9;10;11;12;13;14;15;16;17;18;19;20;21;22;23;24
,306,1000476,40,1000040,1058,1500058,metro,1,1.1,Yellow-S,Antioch to SFIA/Millbrae,2,boarding_links,14.16846951,1,7,3000,2,1.24300808,,0,4.285714286,21000,0.15,4,1,0,0,"LINESTRING (-122.251271 37.844795, -122.251371 37.844694999999994)",w_metro_only;w_bus_metro;d_metro_only;d_bus_metro,Bay Area Rapid Transit,-1,1.1.ROCK:0;1;2;3;4;5;6;7;8;9;10;11;12;13;14;15;16;17;18;19;20;21;22;23;24;25;26
,307,1000478,40,1000040,1059,1500059,metro,1,1.1,Yellow-S,Antioch to SFIA/Millbrae,2,boarding_links,14.16846951,1,3,3000,2,1.24300808,,0,10,9000,0.15,4,1,0,0,"LINESTRING (-122.251271 37.844795, -122.251371 37.844694999999994)",w_metro_only;w_bus_metro;d_metro_only;d_bus_metro,Bay Area Rapid Transit,-1,1.1.ROCK:0;1;2;4;5;6;7;8;9;10;11;12;13;14;15;16;17;18;19;20;21;22;23;24;25
,308,1000480,40,1000040,1060,1500060,metro,1,1.1,Yellow-S,Antioch to SFIA/Millbrae,2,boarding_links,14.16846951,1,2,3000,2,1.24300808,,0,10,6000,0.15,4,1,0,0,"LINESTRING (-122.251271 37.844795, -122.251371 37.844694999999994)",w_metro_only;w_bus_metro;d_metro_only;d_bus_metro,Bay Area Rapid Transit,-1,1.1.ROCK:0;2;3;4;5;6;7;8;9;10;11;12;13;14;15;16;17;18;19;20;21;22;23
,309,1000708,40,1000040,1174,1500174,metro,1,2.2,Yellow-N,Millbrae/SFIA to Antioch,2,boarding_links,14.16846951,1,3,3000,2,1.24300808,,0,10,9000,0.15,4,1,0,0,"LINESTRING (-122.251271 37.844795, -122.251371 37.844694999999994)",w_metro_only;w_bus_metro;d_metro_only;d_bus_metro,Bay Area Rapid Transit,-1,2.2.ROCK:0;1;2;3;4;5;6;7;8;9;10;11;12;13;14;15;16;17;18;19;20;21;23;24;25
,310,1000710,40,1000040,1175,1500175,metro,1,2.2,Yellow-N,Millbrae/SFIA to Antioch,2,boarding_links,14.16846951,1,7,3000,2,1.24300808,,0,4.285714286,21000,0.15,4,1,0,0,"LINESTRING (-122.251271 37.844795, -122.251371 37.844694999999994)",w_metro_only;w_bus_metro;d_metro_only;d_bus_metro,Bay Area Rapid Transit,-1,2.2.ROCK:0;1;2;3;4;5;6;7;8;9;10;11;12;13;14;15;16;17;18;19;20;21;23;24;25;26;27
,311,1000712,40,1000040,1176,1500176,metro,1,2.2,Yellow-N,Millbrae/SFIA to Antioch,2,boarding_links,14.16846951,1,1,3000,2,1.24300808,,0,10,3000,0.15,4,1,0,0,"LINESTRING (-122.251271 37.844795, -122.251371 37.844694999999994)",w_metro_only;w_bus_metro;d_metro_only;d_bus_metro,Bay Area Rapid Transit,-1,2.2.ROCK:0;1;2;3;4;5;6;7;8;9;10;11;12;13;14;15;16;17;19;20;21;22;23
,312,1000542,41,1000041,1091,1500091,metro,1,11.1,Blue-S,Dublin/Pleasanton to Daly City,2,boarding_links,14.17753712,1,8,3000,2,1.24300808,,0,3.75,24000,0.15,4,1,0,0,"LINESTRING (-122.160713 37.721806, -122.160813 37.721706)",w_metro_only;w_bus_metro;d_metro_only;d_bus_metro,Bay Area Rapid Transit,-1,11.1.SANL:0;1;2;3;4;5;6;7;8;9;10;11;12;13;14;15;16;17
,313,1000578,41,1000041,1109,1500109,metro,1,12.2,Blue-N,Daly City to Dublin/Pleasanton,2,boarding_links,14.17753712,1,6,3000,2,1.24300808,,0,5,18000,0.15,4,1,0,0,"LINESTRING (-122.160713 37.721806, -122.160813 37.721706)",w_metro_only;w_bus_metro;d_metro_only;d_bus_metro,Bay Area Rapid Transit,-1,12.2.SANL:0;1;2;3;4;5;6;7;8;9;10;11;12;13;14;15;16;17
,314,1000834,41,1000041,1237,1500237,metro,1,3.2,Orange-N,Berryessa/North San Jose to Richmond,2,boarding_links,14.17753712,1,1,3000,2,1.24300808,,0,10,3000,0.15,4,1,0,0,"LINESTRING (-122.160713 37.721806, -122.160813 37.721706)",w_metro_only;w_bus_metro;d_metro_only;d_bus_metro,Bay Area Rapid Transit,-1,3.2.SANL:0;1;2;3;4;5;6;7;8;9;10;11;12;13;14;15
,315,1000836,41,1000041,1238,1500238,metro,1,3.2,Orange-N,Berryessa/North San Jose to Richmond,2,boarding_links,14.17753712,1,7,3000,2,1.24300808,,0,4.285714286,21000,0.15,4,1,0,0,"LINESTRING (-122.160713 37.721806, -122.160813 37.721706)",w_metro_only;w_bus_metro;d_metro_only;d_bus_metro,Bay Area Rapid Transit,-1,3.2.SANL:0;1;2;3;4;6;7;8;9;10;11;12;13;14;15;16;17;18;19;20;21
,316,1000838,41,1000041,1239,1500239,metro,1,3.2,Orange-N,Berryessa/North San Jose to Richmond,2,boarding_links,14.17753712,1,1,3000,2,1.24300808,,0,10,3000,0.15,4,1,0,0,"LINESTRING (-122.160713 37.721806, -122.160813 37.721706)",w_metro_only;w_bus_metro;d_metro_only;d_bus_metro,Bay Area Rapid Transit,-1,3.2.SANL:0;1;3;4;5;6;7;8;9;10;11;12;13;14;15;16;17;18
,317,1000886,41,1000041,1263,1500263,metro,1,4.1,Orange-S,Richmond to Berryessa/North San Jose,2,boarding_links,14.17753712,1,7,3000,2,1.24300808,,0,4.285714286,21000,0.15,4,1,0,0,"LINESTRING (-122.160713 37.721806, -122.160813 37.721706)",w_metro_only;w_bus_metro;d_metro_only;d_bus_metro,Bay Area Rapid Transit,-1,4.1.SANL:0;1;2;3;4;5;6;7;8;9;10;11;12;13;14;15;17;18;19;20;21
,318,1000956,41,1000041,1298,1500298,metro,1,5.1,Green-S,Berryessa/North San Jose to Daly City,2,boarding_links,14.17753712,1,2,3000,2,1.24300808,,0,10,6000,0.15,4,1,0,0,"LINESTRING (-122.160713 37.721806, -122.160813 37.721706)",w_metro_only;w_bus_metro;d_metro_only;d_bus_metro,Bay Area Rapid Transit,-1,5.1.SANL:0;1;2;3;4;5;6;7;8;9;10;11;12;13;14;15;16
,319,1000958,41,1000041,1299,1500299,metro,1,5.1,Green-S,Berryessa/North San Jose to Daly City,2,boarding_links,14.17753712,1,7,3000,2,1.24300808,,0,4.285714286,21000,0.15,4,1,0,0,"LINESTRING (-122.160713 37.721806, -122.160813 37.721706)",w_metro_only;w_bus_metro;d_metro_only;d_bus_metro,Bay Area Rapid Transit,-1,5.1.SANL:0;1;2;3;4;6;7;8;9;10;11;12;13;14;15;16;17;18;19;20;21;22
,320,1001012,41,1000041,1326,1500326,metro,1,6.2,Green-N,Daly City to Berryessa/North San Jose,2,boarding_links,14.17753712,1,7,3000,2,1.24300808,,0,4.285714286,21000,0.15,4,1,0,0,"LINESTRING (-122.160713 37.721806, -122.160813 37.721706)",w_metro_only;w_bus_metro;d_metro_only;d_bus_metro,Bay Area Rapid Transit,-1,6.2.SANL:0;1;2;3;4;5;6;7;8;9;10;11;12;13;14;15;16;18;19;20;21;22
,321,1000482,42,1000042,1061,1500061,metro,1,1.1,Yellow-S,Antioch to SFIA/Millbrae,2,boarding_links,14.18372739,1,7,3000,2,1.24300808,,0,4.285714286,21000,0.15,4,1,0,0,"LINESTRING (-122.416384 37.63772, -122.416484 37.63762)",w_metro_only;w_bus_metro;d_metro_only;d_bus_metro,Bay Area Rapid Transit,-1,1.1.SBRN:0;1;2;3;4;5;6;7;8;9;10;11;12;13;14;15;16;17;18;19;20;21;22;23;24;25;26
,322,1000484,42,1000042,1062,1500062,metro,1,1.1,Yellow-S,Antioch to SFIA/Millbrae,2,boarding_links,14.18372739,1,3,3000,2,1.24300808,,0,10,9000,0.15,4,1,0,0,"LINESTRING (-122.416384 37.63772, -122.416484 37.63762)",w_metro_only;w_bus_metro;d_metro_only;d_bus_metro,Bay Area Rapid Transit,-1,1.1.SBRN:0;1;2;4;5;6;7;8;9;10;11;12;13;14;15;16;17;18;19;20;21;22;23;24;25
,323,1000486,42,1000042,1063,1500063,metro,1,1.1,Yellow-S,Antioch to SFIA/Millbrae,2,boarding_links,14.18372739,1,2,3000,2,1.24300808,,0,10,6000,0.15,4,1,0,0,"LINESTRING (-122.416384 37.63772, -122.416484 37.63762)",w_metro_only;w_bus_metro;d_metro_only;d_bus_metro,Bay Area Rapid Transit,-1,1.1.SBRN:0;2;3;4;5;6;7;8;9;10;11;12;13;14;15;16;17;18;19;20;21;22;23
,324,1000714,42,1000042,1177,1500177,metro,1,2.2,Yellow-N,Millbrae/SFIA to Antioch,2,boarding_links,14.18372739,1,3,3000,2,1.24300808,,0,10,9000,0.15,4,1,0,0,"LINESTRING (-122.416384 37.63772, -122.416484 37.63762)",w_metro_only;w_bus_metro;d_metro_only;d_bus_metro,Bay Area Rapid Transit,-1,2.2.SBRN:0;1;2;3;4;5;6;7;8;9;10;11;12;13;14;15;16;17;18;19;20;21;23;24;25
,325,1000716,42,1000042,1178,1500178,metro,1,2.2,Yellow-N,Millbrae/SFIA to Antioch,2,boarding_links,14.18372739,1,7,3000,2,1.24300808,,0,4.285714286,21000,0.15,4,1,0,0,"LINESTRING (-122.416384 37.63772, -122.416484 37.63762)",w_metro_only;w_bus_metro;d_metro_only;d_bus_metro,Bay Area Rapid Transit,-1,2.2.SBRN:0;1;2;3;4;5;6;7;8;9;10;11;12;13;14;15;16;17;18;19;20;21;23;24;25;26;27
,326,1001066,42,1000042,1353,1500353,metro,1,7.1,Red-S,Richmond to Daly City/Millbrae,2,boarding_links,14.18372739,1,7,3000,2,1.24300808,,0,4.285714286,21000,0.15,4,1,0,0,"LINESTRING (-122.416384 37.63772, -122.416484 37.63762)",w_metro_only;w_bus_metro;d_metro_only;d_bus_metro,Bay Area Rapid Transit,-1,7.1.SBRN:0;1;2;3;4;5;6;7;8;9;10;11;12;13;14;15;16;17;18;19;20;21;22;23;24
,327,1001114,42,1000042,1377,1500377,metro,1,8.2,Red-N,Millbrae/Daly City to Richmond,2,boarding_links,14.18372739,1,6,3000,2,1.24300808,,0,5,18000,0.15,4,1,0,0,"LINESTRING (-122.416384 37.63772, -122.416484 37.63762)",w_metro_only;w_bus_metro;d_metro_only;d_bus_metro,Bay Area Rapid Transit,-1,8.2.SBRN:0;1;2;3;4;5;6;7;8;9;10;11;12;13;14;15;16;17;18;19;20;21;22;23;24
,328,1000488,43,1000043,1064,1500064,metro,1,1.1,Yellow-S,Antioch to SFIA/Millbrae,2,boarding_links,14.18532348,1,7,3000,2,1.24300808,,0,4.285714286,21000,0.15,4,1,0,0,"LINESTRING (-122.391895 37.616023, -122.39199500000001 37.615922999999995)",w_metro_only;w_bus_metro;d_metro_only;d_bus_metro,Bay Area Rapid Transit,-1,1.1.SFIA:0;1;2;3;4;5;6;7;8;9;10;11;12;13;14;15;16;17;18;19;20;21;22;23;24;25;26
,329,1000490,43,1000043,1065,1500065,metro,1,1.1,Yellow-S,Antioch to SFIA/Millbrae,2,boarding_links,14.18532348,1,3,3000,2,1.24300808,,0,10,9000,0.15,4,1,0,0,"LINESTRING (-122.391895 37.616023, -122.39199500000001 37.615922999999995)",w_metro_only;w_bus_metro;d_metro_only;d_bus_metro,Bay Area Rapid Transit,-1,1.1.SFIA:0;1;2;4;5;6;7;8;9;10;11;12;13;14;15;16;17;18;19;20;21;22;23;24;25
,330,1000492,43,1000043,1066,1500066,metro,1,1.1,Yellow-S,Antioch to SFIA/Millbrae,2,boarding_links,14.18532348,1,2,3000,2,1.24300808,,0,10,6000,0.15,4,1,0,0,"LINESTRING (-122.391895 37.616023, -122.39199500000001 37.615922999999995)",w_metro_only;w_bus_metro;d_metro_only;d_bus_metro,Bay Area Rapid Transit,-1,1.1.SFIA:0;2;3;4;5;6;7;8;9;10;11;12;13;14;15;16;17;18;19;20;21;22;23
,331,1000718,43,1000043,1179,1500179,metro,1,2.2,Yellow-N,Millbrae/SFIA to Antioch,2,boarding_links,14.18532348,1,3,3000,2,1.24300808,,0,10,9000,0.15,4,1,0,0,"LINESTRING (-122.391895 37.616023, -122.39199500000001 37.615922999999995)",w_metro_only;w_bus_metro;d_metro_only;d_bus_metro,Bay Area Rapid Transit,-1,2.2.SFIA:0;1;2;3;4;5;6;7;8;9;10;11;12;13;14;15;16;17;18;19;20;21;23;24;25
,332,1000720,43,1000043,1180,1500180,metro,1,2.2,Yellow-N,Millbrae/SFIA to Antioch,2,boarding_links,14.18532348,1,7,3000,2,1.24300808,,0,4.285714286,21000,0.15,4,1,0,0,"LINESTRING (-122.391895 37.616023, -122.39199500000001 37.615922999999995)",w_metro_only;w_bus_metro;d_metro_only;d_bus_metro,Bay Area Rapid Transit,-1,2.2.SFIA:0;1;2;3;4;5;6;7;8;9;10;11;12;13;14;15;16;17;18;19;20;21;23;24;25;26;27
,333,1001068,43,1000043,1354,1500354,metro,1,7.1,Red-S,Richmond to Daly City/Millbrae,2,boarding_links,14.18532348,1,7,3000,2,1.24300808,,0,4.285714286,21000,0.15,4,1,0,0,"LINESTRING (-122.391895 37.616023, -122.39199500000001 37.615922999999995)",w_metro_only;w_bus_metro;d_metro_only;d_bus_metro,Bay Area Rapid Transit,-1,7.1.SFIA:0;1;2;3;4;5;6;7;8;9;10;11;12;13;14;15;16;17;18;19;20;21;22;23;24
,334,1001116,43,1000043,1378,1500378,metro,1,8.2,Red-N,Millbrae/Daly City to Richmond,2,boarding_links,14.18532348,1,6,3000,2,1.24300808,,0,5,18000,0.15,4,1,0,0,"LINESTRING (-122.391895 37.616023, -122.39199500000001 37.615922999999995)",w_metro_only;w_bus_metro;d_metro_only;d_bus_metro,Bay Area Rapid Transit,-1,8.2.SFIA:0;1;2;3;4;5;6;7;8;9;10;11;12;13;14;15;16;17;18;19;20;21;22;23;24
,335,1000840,44,1000044,1240,1500240,metro,1,3.2,Orange-N,Berryessa/North San Jose to Richmond,2,boarding_links,14.18397438,1,1,3000,2,1.24300808,,0,10,3000,0.15,4,1,0,0,"LINESTRING (-122.057158 37.634363, -122.057258 37.634263)",w_metro_only;w_bus_metro;d_metro_only;d_bus_metro,Bay Area Rapid Transit,-1,3.2.SHAY:0;1;2;3;4;5;6;7;8;9;10;11;12;13;14;15
,336,1000842,44,1000044,1241,1500241,metro,1,3.2,Orange-N,Berryessa/North San Jose to Richmond,2,boarding_links,14.18397438,1,7,3000,2,1.24300808,,0,4.285714286,21000,0.15,4,1,0,0,"LINESTRING (-122.057158 37.634363, -122.057258 37.634263)",w_metro_only;w_bus_metro;d_metro_only;d_bus_metro,Bay Area Rapid Transit,-1,3.2.SHAY:0;1;2;3;4;6;7;8;9;10;11;12;13;14;15;16;17;18;19;20;21
,337,1000844,44,1000044,1242,1500242,metro,1,3.2,Orange-N,Berryessa/North San Jose to Richmond,2,boarding_links,14.18397438,1,1,3000,2,1.24300808,,0,10,3000,0.15,4,1,0,0,"LINESTRING (-122.057158 37.634363, -122.057258 37.634263)",w_metro_only;w_bus_metro;d_metro_only;d_bus_metro,Bay Area Rapid Transit,-1,3.2.SHAY:0;1;3;4;5;6;7;8;9;10;11;12;13;14;15;16;17;18
,338,1000888,44,1000044,1264,1500264,metro,1,4.1,Orange-S,Richmond to Berryessa/North San Jose,2,boarding_links,14.18397438,1,7,3000,2,1.24300808,,0,4.285714286,21000,0.15,4,1,0,0,"LINESTRING (-122.057158 37.634363, -122.057258 37.634263)",w_metro_only;w_bus_metro;d_metro_only;d_bus_metro,Bay Area Rapid Transit,-1,4.1.SHAY:0;1;2;3;4;5;6;7;8;9;10;11;12;13;14;15;17;18;19;20;21
,339,1000960,44,1000044,1300,1500300,metro,1,5.1,Green-S,Berryessa/North San Jose to Daly City,2,boarding_links,14.18397438,1,2,3000,2,1.24300808,,0,10,6000,0.15,4,1,0,0,"LINESTRING (-122.057158 37.634363, -122.057258 37.634263)",w_metro_only;w_bus_metro;d_metro_only;d_bus_metro,Bay Area Rapid Transit,-1,5.1.SHAY:0;1;2;3;4;5;6;7;8;9;10;11;12;13;14;15;16
,340,1000962,44,1000044,1301,1500301,metro,1,5.1,Green-S,Berryessa/North San Jose to Daly City,2,boarding_links,14.18397438,1,7,3000,2,1.24300808,,0,4.285714286,21000,0.15,4,1,0,0,"LINESTRING (-122.057158 37.634363, -122.057258 37.634263)",w_metro_only;w_bus_metro;d_metro_only;d_bus_metro,Bay Area Rapid Transit,-1,5.1.SHAY:0;1;2;3;4;6;7;8;9;10;11;12;13;14;15;16;17;18;19;20;21;22
,341,1001014,44,1000044,1327,1500327,metro,1,6.2,Green-N,Daly City to Berryessa/North San Jose,2,boarding_links,14.18397438,1,7,3000,2,1.24300808,,0,4.285714286,21000,0.15,4,1,0,0,"LINESTRING (-122.057158 37.634363, -122.057258 37.634263)",w_metro_only;w_bus_metro;d_metro_only;d_bus_metro,Bay Area Rapid Transit,-1,6.2.SHAY:0;1;2;3;4;5;6;7;8;9;10;11;12;13;14;15;16;18;19;20;21;22
,342,1000494,45,1000045,1067,1500067,metro,1,1.1,Yellow-S,Antioch to SFIA/Millbrae,2,boarding_links,14.18176134,1,7,3000,2,1.24300808,,0,4.285714286,21000,0.15,4,1,0,0,"LINESTRING (-122.444254 37.664437, -122.444354 37.664336999999996)",w_metro_only;w_bus_metro;d_metro_only;d_bus_metro,Bay Area Rapid Transit,-1,1.1.SSAN:0;1;2;3;4;5;6;7;8;9;10;11;12;13;14;15;16;17;18;19;20;21;22;23;24;25;26
,343,1000496,45,1000045,1068,1500068,metro,1,1.1,Yellow-S,Antioch to SFIA/Millbrae,2,boarding_links,14.18176134,1,3,3000,2,1.24300808,,0,10,9000,0.15,4,1,0,0,"LINESTRING (-122.444254 37.664437, -122.444354 37.664336999999996)",w_metro_only;w_bus_metro;d_metro_only;d_bus_metro,Bay Area Rapid Transit,-1,1.1.SSAN:0;1;2;4;5;6;7;8;9;10;11;12;13;14;15;16;17;18;19;20;21;22;23;24;25
,344,1000498,45,1000045,1069,1500069,metro,1,1.1,Yellow-S,Antioch to SFIA/Millbrae,2,boarding_links,14.18176134,1,2,3000,2,1.24300808,,0,10,6000,0.15,4,1,0,0,"LINESTRING (-122.444254 37.664437, -122.444354 37.664336999999996)",w_metro_only;w_bus_metro;d_metro_only;d_bus_metro,Bay Area Rapid Transit,-1,1.1.SSAN:0;2;3;4;5;6;7;8;9;10;11;12;13;14;15;16;17;18;19;20;21;22;23
,345,1000722,45,1000045,1181,1500181,metro,1,2.2,Yellow-N,Millbrae/SFIA to Antioch,2,boarding_links,14.18176134,1,3,3000,2,1.24300808,,0,10,9000,0.15,4,1,0,0,"LINESTRING (-122.444254 37.664437, -122.444354 37.664336999999996)",w_metro_only;w_bus_metro;d_metro_only;d_bus_metro,Bay Area Rapid Transit,-1,2.2.SSAN:0;1;2;3;4;5;6;7;8;9;10;11;12;13;14;15;16;17;18;19;20;21;23;24;25
,346,1000724,45,1000045,1182,1500182,metro,1,2.2,Yellow-N,Millbrae/SFIA to Antioch,2,boarding_links,14.18176134,1,7,3000,2,1.24300808,,0,4.285714286,21000,0.15,4,1,0,0,"LINESTRING (-122.444254 37.664437, -122.444354 37.664336999999996)",w_metro_only;w_bus_metro;d_metro_only;d_bus_metro,Bay Area Rapid Transit,-1,2.2.SSAN:0;1;2;3;4;5;6;7;8;9;10;11;12;13;14;15;16;17;18;19;20;21;23;24;25;26;27
,347,1001070,45,1000045,1355,1500355,metro,1,7.1,Red-S,Richmond to Daly City/Millbrae,2,boarding_links,14.18176134,1,7,3000,2,1.24300808,,0,4.285714286,21000,0.15,4,1,0,0,"LINESTRING (-122.444254 37.664437, -122.444354 37.664336999999996)",w_metro_only;w_bus_metro;d_metro_only;d_bus_metro,Bay Area Rapid Transit,-1,7.1.SSAN:0;1;2;3;4;5;6;7;8;9;10;11;12;13;14;15;16;17;18;19;20;21;22;23;24
,348,1001118,45,1000045,1379,1500379,metro,1,8.2,Red-N,Millbrae/Daly City to Richmond,2,boarding_links,14.18176134,1,6,3000,2,1.24300808,,0,5,18000,0.15,4,1,0,0,"LINESTRING (-122.444254 37.664437, -122.444354 37.664336999999996)",w_metro_only;w_bus_metro;d_metro_only;d_bus_metro,Bay Area Rapid Transit,-1,8.2.SSAN:0;1;2;3;4;5;6;7;8;9;10;11;12;13;14;15;16;17;18;19;20;21;22;23;24
,349,1000846,46,1000046,1243,1500243,metro,1,3.2,Orange-N,Berryessa/North San Jose to Richmond,2,boarding_links,14.1871809,1,7,3000,2,1.24300808,,0,4.285714286,21000,0.15,4,1,0,0,"LINESTRING (-122.01723 37.590765, -122.01733 37.590664999999994)",w_metro_only;w_bus_metro;d_metro_only;d_bus_metro,Bay Area Rapid Transit,-1,3.2.UCTY:0;1;2;3;4;6;7;8;9;10;11;12;13;14;15;16;17;18;19;20;21
,350,1000848,46,1000046,1244,1500244,metro,1,3.2,Orange-N,Berryessa/North San Jose to Richmond,2,boarding_links,14.1871809,1,1,3000,2,1.24300808,,0,10,3000,0.15,4,1,0,0,"LINESTRING (-122.01723 37.590765, -122.01733 37.590664999999994)",w_metro_only;w_bus_metro;d_metro_only;d_bus_metro,Bay Area Rapid Transit,-1,3.2.UCTY:0;1;3;4;5;6;7;8;9;10;11;12;13;14;15;16;17;18
,351,1000890,46,1000046,1265,1500265,metro,1,4.1,Orange-S,Richmond to Berryessa/North San Jose,2,boarding_links,14.1871809,1,7,3000,2,1.24300808,,0,4.285714286,21000,0.15,4,1,0,0,"LINESTRING (-122.01723 37.590765, -122.01733 37.590664999999994)",w_metro_only;w_bus_metro;d_metro_only;d_bus_metro,Bay Area Rapid Transit,-1,4.1.UCTY:0;1;2;3;4;5;6;7;8;9;10;11;12;13;14;15;17;18;19;20;21
,352,1000964,46,1000046,1302,1500302,metro,1,5.1,Green-S,Berryessa/North San Jose to Daly City,2,boarding_links,14.1871809,1,7,3000,2,1.24300808,,0,4.285714286,21000,0.15,4,1,0,0,"LINESTRING (-122.01723 37.590765, -122.01733 37.590664999999994)",w_metro_only;w_bus_metro;d_metro_only;d_bus_metro,Bay Area Rapid Transit,-1,5.1.UCTY:0;1;2;3;4;6;7;8;9;10;11;12;13;14;15;16;17;18;19;20;21;22
,353,1001016,46,1000046,1328,1500328,metro,1,6.2,Green-N,Daly City to Berryessa/North San Jose,2,boarding_links,14.1871809,1,1,3000,2,1.24300808,,0,10,3000,0.15,4,1,0,0,"LINESTRING (-122.01723 37.590765, -122.01733 37.590664999999994)",w_metro_only;w_bus_metro;d_metro_only;d_bus_metro,Bay Area Rapid Transit,-1,6.2.UCTY:0;1;2;3;4
,354,1001018,46,1000046,1329,1500329,metro,1,6.2,Green-N,Daly City to Berryessa/North San Jose,2,boarding_links,14.1871809,1,7,3000,2,1.24300808,,0,4.285714286,21000,0.15,4,1,0,0,"LINESTRING (-122.01723 37.590765, -122.01733 37.590664999999994)",w_metro_only;w_bus_metro;d_metro_only;d_bus_metro,Bay Area Rapid Transit,-1,6.2.UCTY:0;1;2;3;4;5;6;7;8;9;10;11;12;13;14;15;16;18;19;20;21;22
,355,1000850,47,1000047,1245,1500245,metro,1,3.2,Orange-N,Berryessa/North San Jose to Richmond,2,boarding_links,14.19368056,1,7,3000,2,1.24300808,,0,4.285714286,21000,0.15,4,1,0,0,"LINESTRING (-121.939358 37.502307, -121.939458 37.502207)",w_metro_only;w_bus_metro;d_metro_only;d_bus_metro,Bay Area Rapid Transit,-1,3.2.WARM:0;1;2;3;4;6;7;8;9;10;11;12;13;14;15;16;17;18;19;20;21
,356,1000892,47,1000047,1266,1500266,metro,1,4.1,Orange-S,Richmond to Berryessa/North San Jose,2,boarding_links,14.19368056,1,7,3000,2,1.24300808,,0,4.285714286,21000,0.15,4,1,0,0,"LINESTRING (-121.939358 37.502307, -121.939458 37.502207)",w_metro_only;w_bus_metro;d_metro_only;d_bus_metro,Bay Area Rapid Transit,-1,4.1.WARM:0;1;2;3;4;5;6;7;8;9;10;11;12;13;14;15;17;18;19;20;21
,357,1000966,47,1000047,1303,1500303,metro,1,5.1,Green-S,Berryessa/North San Jose to Daly City,2,boarding_links,14.19368056,1,7,3000,2,1.24300808,,0,4.285714286,21000,0.15,4,1,0,0,"LINESTRING (-121.939358 37.502307, -121.939458 37.502207)",w_metro_only;w_bus_metro;d_metro_only;d_bus_metro,Bay Area Rapid Transit,-1,5.1.WARM:0;1;2;3;4;6;7;8;9;10;11;12;13;14;15;16;17;18;19;20;21;22
,358,1001020,47,1000047,1330,1500330,metro,1,6.2,Green-N,Daly City to Berryessa/North San Jose,2,boarding_links,14.19368056,1,1,3000,2,1.24300808,,0,10,3000,0.15,4,1,0,0,"LINESTRING (-121.939358 37.502307, -121.939458 37.502207)",w_metro_only;w_bus_metro;d_metro_only;d_bus_metro,Bay Area Rapid Transit,-1,6.2.WARM:0;1;2;3;4
,359,1001022,47,1000047,1331,1500331,metro,1,6.2,Green-N,Daly City to Berryessa/North San Jose,2,boarding_links,14.19368056,1,7,3000,2,1.24300808,,0,4.285714286,21000,0.15,4,1,0,0,"LINESTRING (-121.939358 37.502307, -121.939458 37.502207)",w_metro_only;w_bus_metro;d_metro_only;d_bus_metro,Bay Area Rapid Transit,-1,6.2.WARM:0;1;2;3;4;5;6;7;8;9;10;11;12;13;14;15;16;18;19;20;21;22
,360,1000500,48,1000048,1070,1500070,metro,1,1.1,Yellow-S,Antioch to SFIA/Millbrae,2,boarding_links,14.16396505,1,7,3000,2,1.24300808,,0,4.285714286,21000,0.15,4,1,0,0,"LINESTRING (-122.067379 37.905812, -122.067479 37.905711999999994)",w_metro_only;w_bus_metro;d_metro_only;d_bus_metro,Bay Area Rapid Transit,-1,1.1.WCRK:0;1;2;3;4;5;6;7;8;9;10;11;12;13;14;15;16;17;18;19;20;21;22;23;24;25;26
,361,1000502,48,1000048,1071,1500071,metro,1,1.1,Yellow-S,Antioch to SFIA/Millbrae,2,boarding_links,14.16396505,1,3,3000,2,1.24300808,,0,10,9000,0.15,4,1,0,0,"LINESTRING (-122.067379 37.905812, -122.067479 37.905711999999994)",w_metro_only;w_bus_metro;d_metro_only;d_bus_metro,Bay Area Rapid Transit,-1,1.1.WCRK:0;1;2;4;5;6;7;8;9;10;11;12;13;14;15;16;17;18;19;20;21;22;23;24;25
,362,1000504,48,1000048,1072,1500072,metro,1,1.1,Yellow-S,Antioch to SFIA/Millbrae,2,boarding_links,14.16396505,1,2,3000,2,1.24300808,,0,10,6000,0.15,4,1,0,0,"LINESTRING (-122.067379 37.905812, -122.067479 37.905711999999994)",w_metro_only;w_bus_metro;d_metro_only;d_bus_metro,Bay Area Rapid Transit,-1,1.1.WCRK:0;2;3;4;5;6;7;8;9;10;11;12;13;14;15;16;17;18;19;20;21;22;23
,363,1000726,48,1000048,1183,1500183,metro,1,2.2,Yellow-N,Millbrae/SFIA to Antioch,2,boarding_links,14.16396505,1,3,3000,2,1.24300808,,0,10,9000,0.15,4,1,0,0,"LINESTRING (-122.067379 37.905812, -122.067479 37.905711999999994)",w_metro_only;w_bus_metro;d_metro_only;d_bus_metro,Bay Area Rapid Transit,-1,2.2.WCRK:0;1;2;3;4;5;6;7;8;9;10;11;12;13;14;15;16;17;18;19;20;21;23;24;25
,364,1000728,48,1000048,1184,1500184,metro,1,2.2,Yellow-N,Millbrae/SFIA to Antioch,2,boarding_links,14.16396505,1,7,3000,2,1.24300808,,0,4.285714286,21000,0.15,4,1,0,0,"LINESTRING (-122.067379 37.905812, -122.067479 37.905711999999994)",w_metro_only;w_bus_metro;d_metro_only;d_bus_metro,Bay Area Rapid Transit,-1,2.2.WCRK:0;1;2;3;4;5;6;7;8;9;10;11;12;13;14;15;16;17;18;19;20;21;23;24;25;26;27
,365,1000730,48,1000048,1185,1500185,metro,1,2.2,Yellow-N,Millbrae/SFIA to Antioch,2,boarding_links,14.16396505,1,1,3000,2,1.24300808,,0,10,3000,0.15,4,1,0,0,"LINESTRING (-122.067379 37.905812, -122.067479 37.905711999999994)",w_metro_only;w_bus_metro;d_metro_only;d_bus_metro,Bay Area Rapid Transit,-1,2.2.WCRK:0;1;2;3;4;5;6;7;8;9;10;11;12;13;14;15;16;17;19;20;21;22;23
,366,1000544,49,1000049,1092,1500092,metro,1,11.1,Blue-S,Dublin/Pleasanton to Daly City,2,boarding_links,14.17916083,1,8,3000,2,1.24300808,,0,3.75,24000,0.15,4,1,0,0,"LINESTRING (-121.928301 37.69976, -121.92840100000001 37.699659999999994)",w_metro_only;w_bus_metro;d_metro_only;d_bus_metro,Bay Area Rapid Transit,-1,11.1.WDUB:0;1;2;3;4;5;6;7;8;9;10;11;12;13;14;15;16;17
,367,1000580,49,1000049,1110,1500110,metro,1,12.2,Blue-N,Daly City to Dublin/Pleasanton,2,boarding_links,14.17916083,1,6,3000,2,1.24300808,,0,5,18000,0.15,4,1,0,0,"LINESTRING (-121.928301 37.69976, -121.92840100000001 37.699659999999994)",w_metro_only;w_bus_metro;d_metro_only;d_bus_metro,Bay Area Rapid Transit,-1,12.2.WDUB:0;1;2;3;4;5;6;7;8;9;10;11;12;13;14;15;16;17
,368,1000506,50,1000050,1073,1500073,metro,1,1.1,Yellow-S,Antioch to SFIA/Millbrae,2,boarding_links,14.17141088,1,7,3000,2,1.24300808,,0,4.285714286,21000,0.15,4,1,0,0,"LINESTRING (-122.295144 37.804923, -122.295244 37.804823)",w_metro_only;w_bus_metro;d_metro_only;d_bus_metro,Bay Area Rapid Transit,-1,1.1.WOAK:0;1;2;3;4;5;6;7;8;9;10;11;12;13;14;15;16;17;18;19;20;21;22;23;24;25;26
,369,1000508,50,1000050,1074,1500074,metro,1,1.1,Yellow-S,Antioch to SFIA/Millbrae,2,boarding_links,14.17141088,1,3,3000,2,1.24300808,,0,10,9000,0.15,4,1,0,0,"LINESTRING (-122.295144 37.804923, -122.295244 37.804823)",w_metro_only;w_bus_metro;d_metro_only;d_bus_metro,Bay Area Rapid Transit,-1,1.1.WOAK:0;1;2;4;5;6;7;8;9;10;11;12;13;14;15;16;17;18;19;20;21;22;23;24;25
,370,1000510,50,1000050,1075,1500075,metro,1,1.1,Yellow-S,Antioch to SFIA/Millbrae,2,boarding_links,14.17141088,1,2,3000,2,1.24300808,,0,10,6000,0.15,4,1,0,0,"LINESTRING (-122.295144 37.804923, -122.295244 37.804823)",w_metro_only;w_bus_metro;d_metro_only;d_bus_metro,Bay Area Rapid Transit,-1,1.1.WOAK:0;2;3;4;5;6;7;8;9;10;11;12;13;14;15;16;17;18;19;20;21;22;23
,371,1000546,50,1000050,1093,1500093,metro,1,11.1,Blue-S,Dublin/Pleasanton to Daly City,2,boarding_links,14.17141088,1,8,3000,2,1.24300808,,0,3.75,24000,0.15,4,1,0,0,"LINESTRING (-122.295144 37.804923, -122.295244 37.804823)",w_metro_only;w_bus_metro;d_metro_only;d_bus_metro,Bay Area Rapid Transit,-1,11.1.WOAK:0;1;2;3;4;5;6;7;8;9;10;11;12;13;14;15;16;17
,372,1000582,50,1000050,1111,1500111,metro,1,12.2,Blue-N,Daly City to Dublin/Pleasanton,2,boarding_links,14.17141088,1,6,3000,2,1.24300808,,0,5,18000,0.15,4,1,0,0,"LINESTRING (-122.295144 37.804923, -122.295244 37.804823)",w_metro_only;w_bus_metro;d_metro_only;d_bus_metro,Bay Area Rapid Transit,-1,12.2.WOAK:0;1;2;3;4;5;6;7;8;9;10;11;12;13;14;15;16;17
,373,1000732,50,1000050,1186,1500186,metro,1,2.2,Yellow-N,Millbrae/SFIA to Antioch,2,boarding_links,14.17141088,1,3,3000,2,1.24300808,,0,10,9000,0.15,4,1,0,0,"LINESTRING (-122.295144 37.804923, -122.295244 37.804823)",w_metro_only;w_bus_metro;d_metro_only;d_bus_metro,Bay Area Rapid Transit,-1,2.2.WOAK:0;1;2;3;4;5;6;7;8;9;10;11;12;13;14;15;16;17;18;19;20;21;23;24;25
,374,1000734,50,1000050,1187,1500187,metro,1,2.2,Yellow-N,Millbrae/SFIA to Antioch,2,boarding_links,14.17141088,1,7,3000,2,1.24300808,,0,4.285714286,21000,0.15,4,1,0,0,"LINESTRING (-122.295144 37.804923, -122.295244 37.804823)",w_metro_only;w_bus_metro;d_metro_only;d_bus_metro,Bay Area Rapid Transit,-1,2.2.WOAK:0;1;2;3;4;5;6;7;8;9;10;11;12;13;14;15;16;17;18;19;20;21;23;24;25;26;27
,375,1000736,50,1000050,1188,1500188,metro,1,2.2,Yellow-N,Millbrae/SFIA to Antioch,2,boarding_links,14.17141088,1,1,3000,2,1.24300808,,0,10,3000,0.15,4,1,0,0,"LINESTRING (-122.295144 37.804923, -122.295244 37.804823)",w_metro_only;w_bus_metro;d_metro_only;d_bus_metro,Bay Area Rapid Transit,-1,2.2.WOAK:0;1;2;3;4;5;6;7;8;9;10;11;12;13;14;15;16;17;19;20;21;22;23
,376,1000968,50,1000050,1304,1500304,metro,1,5.1,Green-S,Berryessa/North San Jose to Daly City,2,boarding_links,14.17141088,1,2,3000,2,1.24300808,,0,10,6000,0.15,4,1,0,0,"LINESTRING (-122.295144 37.804923, -122.295244 37.804823)",w_metro_only;w_bus_metro;d_metro_only;d_bus_metro,Bay Area Rapid Transit,-1,5.1.WOAK:0;1;2;3;4;5;6;7;8;9;10;11;12;13;14;15;16
,377,1000970,50,1000050,1305,1500305,metro,1,5.1,Green-S,Berryessa/North San Jose to Daly City,2,boarding_links,14.17141088,1,7,3000,2,1.24300808,,0,4.285714286,21000,0.15,4,1,0,0,"LINESTRING (-122.295144 37.804923, -122.295244 37.804823)",w_metro_only;w_bus_metro;d_metro_only;d_bus_metro,Bay Area Rapid Transit,-1,5.1.WOAK:0;1;2;3;4;6;7;8;9;10;11;12;13;14;15;16;17;18;19;20;21;22
,378,1001024,50,1000050,1332,1500332,metro,1,6.2,Green-N,Daly City to Berryessa/North San Jose,2,boarding_links,14.17141088,1,7,3000,2,1.24300808,,0,4.285714286,21000,0.15,4,1,0,0,"LINESTRING (-122.295144 37.804923, -122.295244 37.804823)",w_metro_only;w_bus_metro;d_metro_only;d_bus_metro,Bay Area Rapid Transit,-1,6.2.WOAK:0;1;2;3;4;5;6;7;8;9;10;11;12;13;14;15;16;18;19;20;21;22
,379,1001072,50,1000050,1356,1500356,metro,1,7.1,Red-S,Richmond to Daly City/Millbrae,2,boarding_links,14.17141088,1,7,3000,2,1.24300808,,0,4.285714286,21000,0.15,4,1,0,0,"LINESTRING (-122.295144 37.804923, -122.295244 37.804823)",w_metro_only;w_bus_metro;d_metro_only;d_bus_metro,Bay Area Rapid Transit,-1,7.1.WOAK:0;1;2;3;4;5;6;7;8;9;10;11;12;13;14;15;16;17;18;19;20;21;22;23;24
,380,1001120,50,1000050,1380,1500380,metro,1,8.2,Red-N,Millbrae/Daly City to Richmond,2,boarding_links,14.17141088,1,6,3000,2,1.24300808,,0,5,18000,0.15,4,1,0,0,"LINESTRING (-122.295144 37.804923, -122.295244 37.804823)",w_metro_only;w_bus_metro;d_metro_only;d_bus_metro,Bay Area Rapid Transit,-1,8.2.WOAK:0;1;2;3;4;5;6;7;8;9;10;11;12;13;14;15;16;17;18;19;20;21;22;23;24
,381,1000363,1001,1500001,1,1000001,metro,1,1.1,Yellow-S,Antioch to SFIA/Millbrae,2,deboarding_links,14.17151797,1,7,3000,2,1.24300808,,0,0,21000,0.15,4,1,0,0,"LINESTRING (-122.27168900000001 37.803371, -122.271589 37.803471)",w_metro_only;w_bus_metro;d_metro_only;d_bus_metro,Bay Area Rapid Transit,-1,1.1.12TH:0;1;2;3;4;5;6;7;8;9;10;11;12;13;14;15;16;17;18;19;20;21;22;23;24;25;26
,382,1000013,1001,1500001,1073,1500073,metro,1,1.1,Yellow-S,Antioch to SFIA/Millbrae,1,service_links,2075.745091,1,7,1134,24.9039603,15.47791193,,0,5,7938,0.15,4,1,0,0,"LINESTRING (-122.27168900000001 37.803371, -122.295244 37.804823)",w_metro_only;w_bus_metro;d_metro_only;d_bus_metro,Bay Area Rapid Transit,12,1.1:0;1;2;3;4;5;6;7;8;9;10;11;12;13;14;15;16;17;18;19;20;21;22;23;24;25;26
,383,1000365,1002,1500002,1,1000001,metro,1,1.1,Yellow-S,Antioch to SFIA/Millbrae,2,deboarding_links,14.17151797,1,3,3000,2,1.24300808,,0,0,9000,0.15,4,1,0,0,"LINESTRING (-122.27168900000001 37.803371, -122.271589 37.803471)",w_metro_only;w_bus_metro;d_metro_only;d_bus_metro,Bay Area Rapid Transit,-1,1.1.12TH:0;1;2;4;5;6;7;8;9;10;11;12;13;14;15;16;17;18;19;20;21;22;23;24;25
,384,1000037,1002,1500002,1074,1500074,metro,1,1.1,Yellow-S,Antioch to SFIA/Millbrae,1,service_links,2075.745091,1,3,1134,24.9039603,15.47791193,,0,5,3402,0.15,4,1,0,0,"LINESTRING (-122.27168900000001 37.803371, -122.295244 37.804823)",w_metro_only;w_bus_metro;d_metro_only;d_bus_metro,Bay Area Rapid Transit,11,1.1:0;1;2;4;5;6;7;8;9;10;11;12;13;14;15;16;17;18;19;20;21;22;23;24;25
,385,1000367,1003,1500003,1,1000001,metro,1,1.1,Yellow-S,Antioch to SFIA/Millbrae,2,deboarding_links,14.17151797,1,2,3000,2,1.24300808,,0,0,6000,0.15,4,1,0,0,"LINESTRING (-122.27168900000001 37.803371, -122.271589 37.803471)",w_metro_only;w_bus_metro;d_metro_only;d_bus_metro,Bay Area Rapid Transit,-1,1.1.12TH:0;2;3;4;5;6;7;8;9;10;11;12;13;14;15;16;17;18;19;20;21;22;23
,386,1000059,1003,1500003,1075,1500075,metro,1,1.1,Yellow-S,Antioch to SFIA/Millbrae,1,service_links,2075.745091,1,2,1134,24.9039603,15.47791193,,0,5,2268,0.15,4,1,0,0,"LINESTRING (-122.27168900000001 37.803371, -122.295244 37.804823)",w_metro_only;w_bus_metro;d_metro_only;d_bus_metro,Bay Area Rapid Transit,9,1.1:0;2;3;4;5;6;7;8;9;10;11;12;13;14;15;16;17;18;19;20;21;22;23
,387,1000369,1004,1500004,2,1000002,metro,1,1.1,Yellow-S,Antioch to SFIA/Millbrae,2,deboarding_links,14.17434139,1,7,3000,2,1.24300808,,0,0,21000,0.15,4,1,0,0,"LINESTRING (-122.419855 37.76507599999999, -122.419755 37.765176)",w_metro_only;w_bus_metro;d_metro_only;d_bus_metro,Bay Area Rapid Transit,-1,1.1.16TH:0;1;2;3;4;5;6;7;8;9;10;11;12;13;14;15;16;17;18;19;20;21;22;23;24;25;26
,388,1000019,1004,1500004,1010,1500010,metro,1,1.1,Yellow-S,Antioch to SFIA/Millbrae,1,service_links,1422.343233,1,7,1134,42.64897251,26.50650871,,0,2,7938,0.15,4,1,0,0,"LINESTRING (-122.419855 37.76507599999999, -122.41861800000001 37.752322)",w_metro_only;w_bus_metro;d_metro_only;d_bus_metro,Bay Area Rapid Transit,18,1.1:0;1;2;3;4;5;6;7;8;9;10;11;12;13;14;15;16;17;18;19;20;21;22;23;24;25;26
,389,1000371,1005,1500005,2,1000002,metro,1,1.1,Yellow-S,Antioch to SFIA/Millbrae,2,deboarding_links,14.17434139,1,3,3000,2,1.24300808,,0,0,9000,0.15,4,1,0,0,"LINESTRING (-122.419855 37.76507599999999, -122.419755 37.765176)",w_metro_only;w_bus_metro;d_metro_only;d_bus_metro,Bay Area Rapid Transit,-1,1.1.16TH:0;1;2;4;5;6;7;8;9;10;11;12;13;14;15;16;17;18;19;20;21;22;23;24;25
,390,1000043,1005,1500005,1011,1500011,metro,1,1.1,Yellow-S,Antioch to SFIA/Millbrae,1,service_links,1422.343233,1,3,1134,42.64897251,26.50650871,,0,2,3402,0.15,4,1,0,0,"LINESTRING (-122.419855 37.76507599999999, -122.41861800000001 37.752322)",w_metro_only;w_bus_metro;d_metro_only;d_bus_metro,Bay Area Rapid Transit,17,1.1:0;1;2;4;5;6;7;8;9;10;11;12;13;14;15;16;17;18;19;20;21;22;23;24;25
,391,1000373,1006,1500006,2,1000002,metro,1,1.1,Yellow-S,Antioch to SFIA/Millbrae,2,deboarding_links,14.17434139,1,2,3000,2,1.24300808,,0,0,6000,0.15,4,1,0,0,"LINESTRING (-122.419855 37.76507599999999, -122.419755 37.765176)",w_metro_only;w_bus_metro;d_metro_only;d_bus_metro,Bay Area Rapid Transit,-1,1.1.16TH:0;2;3;4;5;6;7;8;9;10;11;12;13;14;15;16;17;18;19;20;21;22;23
,392,1000065,1006,1500006,1012,1500012,metro,1,1.1,Yellow-S,Antioch to SFIA/Millbrae,1,service_links,1422.343233,1,2,1134,42.64897251,26.50650871,,0,2,2268,0.15,4,1,0,0,"LINESTRING (-122.419855 37.76507599999999, -122.41861800000001 37.752322)",w_metro_only;w_bus_metro;d_metro_only;d_bus_metro,Bay Area Rapid Transit,15,1.1:0;2;3;4;5;6;7;8;9;10;11;12;13;14;15;16;17;18;19;20;21;22;23
,393,1000375,1007,1500007,3,1000003,metro,1,1.1,Yellow-S,Antioch to SFIA/Millbrae,2,deboarding_links,14.17117953,1,7,3000,2,1.24300808,,0,0,21000,0.15,4,1,0,0,"LINESTRING (-122.268822 37.807959999999994, -122.268722 37.80806)",w_metro_only;w_bus_metro;d_metro_only;d_bus_metro,Bay Area Rapid Transit,-1,1.1.19TH:0;1;2;3;4;5;6;7;8;9;10;11;12;13;14;15;16;17;18;19;20;21;22;23;24;25;26
,394,1000012,1007,1500007,1001,1500001,metro,1,1.1,Yellow-S,Antioch to SFIA/Millbrae,1,service_links,569.0536035,1,7,1134,34.10910711,21.19894786,,0,1,7938,0.15,4,1,0,0,"LINESTRING (-122.268822 37.807959999999994, -122.27168900000001 37.803371)",w_metro_only;w_bus_metro;d_metro_only;d_bus_metro,Bay Area Rapid Transit,11,1.1:0;1;2;3;4;5;6;7;8;9;10;11;12;13;14;15;16;17;18;19;20;21;22;23;24;25;26
,395,1000377,1008,1500008,3,1000003,metro,1,1.1,Yellow-S,Antioch to SFIA/Millbrae,2,deboarding_links,14.17117953,1,3,3000,2,1.24300808,,0,0,9000,0.15,4,1,0,0,"LINESTRING (-122.268822 37.807959999999994, -122.268722 37.80806)",w_metro_only;w_bus_metro;d_metro_only;d_bus_metro,Bay Area Rapid Transit,-1,1.1.19TH:0;1;2;4;5;6;7;8;9;10;11;12;13;14;15;16;17;18;19;20;21;22;23;24;25
,396,1000036,1008,1500008,1002,1500002,metro,1,1.1,Yellow-S,Antioch to SFIA/Millbrae,1,service_links,569.0536035,1,3,1134,34.10910711,21.19894786,,0,1,3402,0.15,4,1,0,0,"LINESTRING (-122.268822 37.807959999999994, -122.27168900000001 37.803371)",w_metro_only;w_bus_metro;d_metro_only;d_bus_metro,Bay Area Rapid Transit,10,1.1:0;1;2;4;5;6;7;8;9;10;11;12;13;14;15;16;17;18;19;20;21;22;23;24;25
,397,1000379,1009,1500009,3,1000003,metro,1,1.1,Yellow-S,Antioch to SFIA/Millbrae,2,deboarding_links,14.17117953,1,2,3000,2,1.24300808,,0,0,6000,0.15,4,1,0,0,"LINESTRING (-122.268822 37.807959999999994, -122.268722 37.80806)",w_metro_only;w_bus_metro;d_metro_only;d_bus_metro,Bay Area Rapid Transit,-1,1.1.19TH:0;2;3;4;5;6;7;8;9;10;11;12;13;14;15;16;17;18;19;20;21;22;23
,398,1000058,1009,1500009,1003,1500003,metro,1,1.1,Yellow-S,Antioch to SFIA/Millbrae,1,service_links,569.0536035,1,2,1134,34.10910711,21.19894786,,0,1,2268,0.15,4,1,0,0,"LINESTRING (-122.268822 37.807959999999994, -122.27168900000001 37.803371)",w_metro_only;w_bus_metro;d_metro_only;d_bus_metro,Bay Area Rapid Transit,8,1.1:0;2;3;4;5;6;7;8;9;10;11;12;13;14;15;16;17;18;19;20;21;22;23
,399,1000381,1010,1500010,4,1000004,metro,1,1.1,Yellow-S,Antioch to SFIA/Millbrae,2,deboarding_links,14.17528137,1,7,3000,2,1.24300808,,0,0,21000,0.15,4,1,0,0,"LINESTRING (-122.41861800000001 37.752322, -122.418518 37.752422)",w_metro_only;w_bus_metro;d_metro_only;d_bus_metro,Bay Area Rapid Transit,-1,1.1.24TH:0;1;2;3;4;5;6;7;8;9;10;11;12;13;14;15;16;17;18;19;20;21;22;23;24;25;26
,400,1000020,1010,1500010,1032,1500032,metro,1,1.1,Yellow-S,Antioch to SFIA/Millbrae,1,service_links,2506.860712,1,7,1134,50.12050741,31.15009783,,0,3,7938,0.15,4,1,0,0,"LINESTRING (-122.41861800000001 37.752322, -122.433657 37.733169)",w_metro_only;w_bus_metro;d_metro_only;d_bus_metro,Bay Area Rapid Transit,19,1.1:0;1;2;3;4;5;6;7;8;9;10;11;12;13;14;15;16;17;18;19;20;21;22;23;24;25;26
,401,1000383,1011,1500011,4,1000004,metro,1,1.1,Yellow-S,Antioch to SFIA/Millbrae,2,deboarding_links,14.17528137,1,3,3000,2,1.24300808,,0,0,9000,0.15,4,1,0,0,"LINESTRING (-122.41861800000001 37.752322, -122.418518 37.752422)",w_metro_only;w_bus_metro;d_metro_only;d_bus_metro,Bay Area Rapid Transit,-1,1.1.24TH:0;1;2;4;5;6;7;8;9;10;11;12;13;14;15;16;17;18;19;20;21;22;23;24;25
,402,1000044,1011,1500011,1033,1500033,metro,1,1.1,Yellow-S,Antioch to SFIA/Millbrae,1,service_links,2506.860712,1,3,1134,50.12050741,31.15009783,,0,3,3402,0.15,4,1,0,0,"LINESTRING (-122.41861800000001 37.752322, -122.433657 37.733169)",w_metro_only;w_bus_metro;d_metro_only;d_bus_metro,Bay Area Rapid Transit,18,1.1:0;1;2;4;5;6;7;8;9;10;11;12;13;14;15;16;17;18;19;20;21;22;23;24;25
,403,1000385,1012,1500012,4,1000004,metro,1,1.1,Yellow-S,Antioch to SFIA/Millbrae,2,deboarding_links,14.17528137,1,2,3000,2,1.24300808,,0,0,6000,0.15,4,1,0,0,"LINESTRING (-122.41861800000001 37.752322, -122.418518 37.752422)",w_metro_only;w_bus_metro;d_metro_only;d_bus_metro,Bay Area Rapid Transit,-1,1.1.24TH:0;2;3;4;5;6;7;8;9;10;11;12;13;14;15;16;17;18;19;20;21;22;23
,404,1000066,1012,1500012,1034,1500034,metro,1,1.1,Yellow-S,Antioch to SFIA/Millbrae,1,service_links,2506.860712,1,2,1134,50.12050741,31.15009783,,0,3,2268,0.15,4,1,0,0,"LINESTRING (-122.41861800000001 37.752322, -122.433657 37.733169)",w_metro_only;w_bus_metro;d_metro_only;d_bus_metro,Bay Area Rapid Transit,16,1.1:0;2;3;4;5;6;7;8;9;10;11;12;13;14;15;16;17;18;19;20;21;22;23
,405,1000387,1013,1500013,5,1000005,metro,1,1.1,Yellow-S,Antioch to SFIA/Millbrae,2,deboarding_links,14.1573433,1,7,3000,2,1.24300808,,0,0,21000,0.15,4,1,0,0,"LINESTRING (-121.78045300000001 37.995315, -121.780353 37.995415)",w_metro_only;w_bus_metro;d_metro_only;d_bus_metro,Bay Area Rapid Transit,-1,1.1.ANTC:0;1;2;3;4;5;6;7;8;9;10;11;12;13;14;15;16;17;18;19;20;21;22;23;24;25;26
,406,1000001,1013,1500013,1049,1500049,metro,1,1.1,Yellow-S,Antioch to SFIA/Millbrae,1,service_links,9814.581944,1,7,1134,84.11297196,52.27655187,,0,7,7938,0.15,4,1,0,0,"LINESTRING (-121.78045300000001 37.995315, -121.889111 38.01677299999999)",w_metro_only;w_bus_metro;d_metro_only;d_bus_metro,Bay Area Rapid Transit,0,1.1:0;1;2;3;4;5;6;7;8;9;10;11;12;13;14;15;16;17;18;19;20;21;22;23;24;25;26
,407,1000389,1014,1500014,7,1000007,metro,1,1.1,Yellow-S,Antioch to SFIA/Millbrae,2,deboarding_links,14.17754066,1,7,3000,2,1.24300808,,0,0,21000,0.15,4,1,0,0,"LINESTRING (-122.44761 37.721658, -122.44751 37.721758)",w_metro_only;w_bus_metro;d_metro_only;d_bus_metro,Bay Area Rapid Transit,-1,1.1.BALB:0;1;2;3;4;5;6;7;8;9;10;11;12;13;14;15;16;17;18;19;20;21;22;23;24;25;26
,408,1000022,1014,1500014,1026,1500026,metro,1,1.1,Yellow-S,Antioch to SFIA/Millbrae,1,service_links,2554.269889,1,7,1134,38.30447222,23.80638423,,0,4,7938,0.15,4,1,0,0,"LINESTRING (-122.44761 37.721658, -122.469094 37.706204)",w_metro_only;w_bus_metro;d_metro_only;d_bus_metro,Bay Area Rapid Transit,21,1.1:0;1;2;3;4;5;6;7;8;9;10;11;12;13;14;15;16;17;18;19;20;21;22;23;24;25;26
,409,1000391,1015,1500015,7,1000007,metro,1,1.1,Yellow-S,Antioch to SFIA/Millbrae,2,deboarding_links,14.17754066,1,3,3000,2,1.24300808,,0,0,9000,0.15,4,1,0,0,"LINESTRING (-122.44761 37.721658, -122.44751 37.721758)",w_metro_only;w_bus_metro;d_metro_only;d_bus_metro,Bay Area Rapid Transit,-1,1.1.BALB:0;1;2;4;5;6;7;8;9;10;11;12;13;14;15;16;17;18;19;20;21;22;23;24;25
,410,1000046,1015,1500015,1027,1500027,metro,1,1.1,Yellow-S,Antioch to SFIA/Millbrae,1,service_links,2554.269889,1,3,1134,38.30447222,23.80638423,,0,4,3402,0.15,4,1,0,0,"LINESTRING (-122.44761 37.721658, -122.469094 37.706204)",w_metro_only;w_bus_metro;d_metro_only;d_bus_metro,Bay Area Rapid Transit,20,1.1:0;1;2;4;5;6;7;8;9;10;11;12;13;14;15;16;17;18;19;20;21;22;23;24;25
,411,1000393,1016,1500016,7,1000007,metro,1,1.1,Yellow-S,Antioch to SFIA/Millbrae,2,deboarding_links,14.17754066,1,2,3000,2,1.24300808,,0,0,6000,0.15,4,1,0,0,"LINESTRING (-122.44761 37.721658, -122.44751 37.721758)",w_metro_only;w_bus_metro;d_metro_only;d_bus_metro,Bay Area Rapid Transit,-1,1.1.BALB:0;2;3;4;5;6;7;8;9;10;11;12;13;14;15;16;17;18;19;20;21;22;23
,412,1000068,1016,1500016,1028,1500028,metro,1,1.1,Yellow-S,Antioch to SFIA/Millbrae,1,service_links,2554.269889,1,2,1134,38.30447222,23.80638423,,0,4,2268,0.15,4,1,0,0,"LINESTRING (-122.44761 37.721658, -122.469094 37.706204)",w_metro_only;w_bus_metro;d_metro_only;d_bus_metro,Bay Area Rapid Transit,18,1.1:0;2;3;4;5;6;7;8;9;10;11;12;13;14;15;16;17;18;19;20;21;22;23
,413,1000395,1017,1500017,11,1000011,metro,1,1.1,Yellow-S,Antioch to SFIA/Millbrae,2,deboarding_links,14.17328917,1,7,3000,2,1.24300808,,0,0,21000,0.15,4,1,0,0,"LINESTRING (-122.413979 37.779349999999994, -122.413879 37.77945)",w_metro_only;w_bus_metro;d_metro_only;d_bus_metro,Bay Area Rapid Transit,-1,1.1.CIVC:0;1;2;3;4;5;6;7;8;9;10;11;12;13;14;15;16;17;18;19;20;21;22;23;24;25;26
,414,1000018,1017,1500017,1004,1500004,metro,1,1.1,Yellow-S,Antioch to SFIA/Millbrae,1,service_links,1669.110613,1,7,1134,50.04829426,31.10521706,,0,2,7938,0.15,4,1,0,0,"LINESTRING (-122.413979 37.779349999999994, -122.419855 37.76507599999999)",w_metro_only;w_bus_metro;d_metro_only;d_bus_metro,Bay Area Rapid Transit,17,1.1:0;1;2;3;4;5;6;7;8;9;10;11;12;13;14;15;16;17;18;19;20;21;22;23;24;25;26
,415,1000397,1018,1500018,11,1000011,metro,1,1.1,Yellow-S,Antioch to SFIA/Millbrae,2,deboarding_links,14.17328917,1,3,3000,2,1.24300808,,0,0,9000,0.15,4,1,0,0,"LINESTRING (-122.413979 37.779349999999994, -122.413879 37.77945)",w_metro_only;w_bus_metro;d_metro_only;d_bus_metro,Bay Area Rapid Transit,-1,1.1.CIVC:0;1;2;4;5;6;7;8;9;10;11;12;13;14;15;16;17;18;19;20;21;22;23;24;25
,416,1000042,1018,1500018,1005,1500005,metro,1,1.1,Yellow-S,Antioch to SFIA/Millbrae,1,service_links,1669.110613,1,3,1134,50.04829426,31.10521706,,0,2,3402,0.15,4,1,0,0,"LINESTRING (-122.413979 37.779349999999994, -122.419855 37.76507599999999)",w_metro_only;w_bus_metro;d_metro_only;d_bus_metro,Bay Area Rapid Transit,16,1.1:0;1;2;4;5;6;7;8;9;10;11;12;13;14;15;16;17;18;19;20;21;22;23;24;25
,417,1000399,1019,1500019,11,1000011,metro,1,1.1,Yellow-S,Antioch to SFIA/Millbrae,2,deboarding_links,14.17328917,1,2,3000,2,1.24300808,,0,0,6000,0.15,4,1,0,0,"LINESTRING (-122.413979 37.779349999999994, -122.413879 37.77945)",w_metro_only;w_bus_metro;d_metro_only;d_bus_metro,Bay Area Rapid Transit,-1,1.1.CIVC:0;2;3;4;5;6;7;8;9;10;11;12;13;14;15;16;17;18;19;20;21;22;23
,418,1000064,1019,1500019,1006,1500006,metro,1,1.1,Yellow-S,Antioch to SFIA/Millbrae,1,service_links,1669.110613,1,2,1134,50.04829426,31.10521706,,0,2,2268,0.15,4,1,0,0,"LINESTRING (-122.413979 37.779349999999994, -122.419855 37.76507599999999)",w_metro_only;w_bus_metro;d_metro_only;d_bus_metro,Bay Area Rapid Transit,14,1.1:0;2;3;4;5;6;7;8;9;10;11;12;13;14;15;16;17;18;19;20;21;22;23
,419,1000401,1020,1500020,12,1000012,metro,1,1.1,Yellow-S,Antioch to SFIA/Millbrae,2,deboarding_links,14.18027399,1,7,3000,2,1.24300808,,0,0,21000,0.15,4,1,0,0,"LINESTRING (-122.466267 37.68454199999999, -122.466167 37.684642)",w_metro_only;w_bus_metro;d_metro_only;d_bus_metro,Bay Area Rapid Transit,-1,1.1.COLM:0;1;2;3;4;5;6;7;8;9;10;11;12;13;14;15;16;17;18;19;20;21;22;23;24;25;26
,420,1000024,1020,1500020,1067,1500067,metro,1,1.1,Yellow-S,Antioch to SFIA/Millbrae,1,service_links,2960.915142,1,7,1134,59.19856998,36.79215039,,0,3,7938,0.15,4,1,0,0,"LINESTRING (-122.466267 37.68454199999999, -122.444354 37.664336999999996)",w_metro_only;w_bus_metro;d_metro_only;d_bus_metro,Bay Area Rapid Transit,23,1.1:0;1;2;3;4;5;6;7;8;9;10;11;12;13;14;15;16;17;18;19;20;21;22;23;24;25;26
,421,1000403,1021,1500021,12,1000012,metro,1,1.1,Yellow-S,Antioch to SFIA/Millbrae,2,deboarding_links,14.18027399,1,3,3000,2,1.24300808,,0,0,9000,0.15,4,1,0,0,"LINESTRING (-122.466267 37.68454199999999, -122.466167 37.684642)",w_metro_only;w_bus_metro;d_metro_only;d_bus_metro,Bay Area Rapid Transit,-1,1.1.COLM:0;1;2;4;5;6;7;8;9;10;11;12;13;14;15;16;17;18;19;20;21;22;23;24;25
,422,1000048,1021,1500021,1068,1500068,metro,1,1.1,Yellow-S,Antioch to SFIA/Millbrae,1,service_links,2960.915142,1,3,1134,59.19856998,36.79215039,,0,3,3402,0.15,4,1,0,0,"LINESTRING (-122.466267 37.68454199999999, -122.444354 37.664336999999996)",w_metro_only;w_bus_metro;d_metro_only;d_bus_metro,Bay Area Rapid Transit,22,1.1:0;1;2;4;5;6;7;8;9;10;11;12;13;14;15;16;17;18;19;20;21;22;23;24;25
,423,1000405,1022,1500022,12,1000012,metro,1,1.1,Yellow-S,Antioch to SFIA/Millbrae,2,deboarding_links,14.18027399,1,2,3000,2,1.24300808,,0,0,6000,0.15,4,1,0,0,"LINESTRING (-122.466267 37.68454199999999, -122.466167 37.684642)",w_metro_only;w_bus_metro;d_metro_only;d_bus_metro,Bay Area Rapid Transit,-1,1.1.COLM:0;2;3;4;5;6;7;8;9;10;11;12;13;14;15;16;17;18;19;20;21;22;23
,424,1000070,1022,1500022,1069,1500069,metro,1,1.1,Yellow-S,Antioch to SFIA/Millbrae,1,service_links,2960.915142,1,2,1134,59.19856998,36.79215039,,0,3,2268,0.15,4,1,0,0,"LINESTRING (-122.466267 37.68454199999999, -122.444354 37.664336999999996)",w_metro_only;w_bus_metro;d_metro_only;d_bus_metro,Bay Area Rapid Transit,20,1.1:0;2;3;4;5;6;7;8;9;10;11;12;13;14;15;16;17;18;19;20;21;22;23
,425,1000407,1023,1500023,14,1000014,metro,1,1.1,Yellow-S,Antioch to SFIA/Millbrae,2,deboarding_links,14.15894342,1,7,3000,2,1.24300808,,0,0,21000,0.15,4,1,0,0,"LINESTRING (-122.02922600000001 37.973673, -122.029126 37.973773)",w_metro_only;w_bus_metro;d_metro_only;d_bus_metro,Bay Area Rapid Transit,-1,1.1.CONC:0;1;2;3;4;5;6;7;8;9;10;11;12;13;14;15;16;17;18;19;20;21;22;23;24;25;26
,426,1000005,1023,1500023,1050,1500050,metro,1,1.1,Yellow-S,Antioch to SFIA/Millbrae,1,service_links,5562.594184,1,7,1134,66.73778265,41.47780152,,0,5,7938,0.15,4,1,0,0,"LINESTRING (-122.02922600000001 37.973673, -122.056115 37.928363)",w_metro_only;w_bus_metro;d_metro_only;d_bus_metro,Bay Area Rapid Transit,4,1.1:0;1;2;3;4;5;6;7;8;9;10;11;12;13;14;15;16;17;18;19;20;21;22;23;24;25;26
,427,1000409,1024,1500024,14,1000014,metro,1,1.1,Yellow-S,Antioch to SFIA/Millbrae,2,deboarding_links,14.15894342,1,3,3000,2,1.24300808,,0,0,9000,0.15,4,1,0,0,"LINESTRING (-122.02922600000001 37.973673, -122.029126 37.973773)",w_metro_only;w_bus_metro;d_metro_only;d_bus_metro,Bay Area Rapid Transit,-1,1.1.CONC:0;1;2;4;5;6;7;8;9;10;11;12;13;14;15;16;17;18;19;20;21;22;23;24;25
,428,1000029,1024,1500024,1051,1500051,metro,1,1.1,Yellow-S,Antioch to SFIA/Millbrae,1,service_links,5562.594184,1,3,1134,66.73778265,41.47780152,,0,5,3402,0.15,4,1,0,0,"LINESTRING (-122.02922600000001 37.973673, -122.056115 37.928363)",w_metro_only;w_bus_metro;d_metro_only;d_bus_metro,Bay Area Rapid Transit,2,1.1:0;1;2;4;5;6;7;8;9;10;11;12;13;14;15;16;17;18;19;20;21;22;23;24;25
,429,1000411,1025,1500025,14,1000014,metro,1,1.1,Yellow-S,Antioch to SFIA/Millbrae,2,deboarding_links,14.15894342,1,2,3000,2,1.24300808,,0,0,6000,0.15,4,1,0,0,"LINESTRING (-122.02922600000001 37.973673, -122.029126 37.973773)",w_metro_only;w_bus_metro;d_metro_only;d_bus_metro,Bay Area Rapid Transit,-1,1.1.CONC:0;2;3;4;5;6;7;8;9;10;11;12;13;14;15;16;17;18;19;20;21;22;23
,430,1000051,1025,1500025,1052,1500052,metro,1,1.1,Yellow-S,Antioch to SFIA/Millbrae,1,service_links,5562.594184,1,2,1134,66.73778265,41.47780152,,0,5,2268,0.15,4,1,0,0,"LINESTRING (-122.02922600000001 37.973673, -122.056115 37.928363)",w_metro_only;w_bus_metro;d_metro_only;d_bus_metro,Bay Area Rapid Transit,0,1.1:0;2;3;4;5;6;7;8;9;10;11;12;13;14;15;16;17;18;19;20;21;22;23
,431,1000413,1026,1500026,15,1000015,metro,1,1.1,Yellow-S,Antioch to SFIA/Millbrae,2,deboarding_links,14.17867891,1,7,3000,2,1.24300808,,0,0,21000,0.15,4,1,0,0,"LINESTRING (-122.469094 37.706204, -122.468994 37.706304)",w_metro_only;w_bus_metro;d_metro_only;d_bus_metro,Bay Area Rapid Transit,-1,1.1.DALY:0;1;2;3;4;5;6;7;8;9;10;11;12;13;14;15;16;17;18;19;20;21;22;23;24;25;26
,432,1000023,1026,1500026,1020,1500020,metro,1,1.1,Yellow-S,Antioch to SFIA/Millbrae,1,service_links,2421.513271,1,7,1134,29.05234879,18.05615214,,0,5,7938,0.15,4,1,0,0,"LINESTRING (-122.469094 37.706204, -122.466267 37.68454199999999)",w_metro_only;w_bus_metro;d_metro_only;d_bus_metro,Bay Area Rapid Transit,22,1.1:0;1;2;3;4;5;6;7;8;9;10;11;12;13;14;15;16;17;18;19;20;21;22;23;24;25;26
,433,1000415,1027,1500027,15,1000015,metro,1,1.1,Yellow-S,Antioch to SFIA/Millbrae,2,deboarding_links,14.17867891,1,3,3000,2,1.24300808,,0,0,9000,0.15,4,1,0,0,"LINESTRING (-122.469094 37.706204, -122.468994 37.706304)",w_metro_only;w_bus_metro;d_metro_only;d_bus_metro,Bay Area Rapid Transit,-1,1.1.DALY:0;1;2;4;5;6;7;8;9;10;11;12;13;14;15;16;17;18;19;20;21;22;23;24;25
,434,1000047,1027,1500027,1021,1500021,metro,1,1.1,Yellow-S,Antioch to SFIA/Millbrae,1,service_links,2421.513271,1,3,1134,29.05234879,18.05615214,,0,5,3402,0.15,4,1,0,0,"LINESTRING (-122.469094 37.706204, -122.466267 37.68454199999999)",w_metro_only;w_bus_metro;d_metro_only;d_bus_metro,Bay Area Rapid Transit,21,1.1:0;1;2;4;5;6;7;8;9;10;11;12;13;14;15;16;17;18;19;20;21;22;23;24;25
,435,1000417,1028,1500028,15,1000015,metro,1,1.1,Yellow-S,Antioch to SFIA/Millbrae,2,deboarding_links,14.17867891,1,2,3000,2,1.24300808,,0,0,6000,0.15,4,1,0,0,"LINESTRING (-122.469094 37.706204, -122.468994 37.706304)",w_metro_only;w_bus_metro;d_metro_only;d_bus_metro,Bay Area Rapid Transit,-1,1.1.DALY:0;2;3;4;5;6;7;8;9;10;11;12;13;14;15;16;17;18;19;20;21;22;23
,436,1000069,1028,1500028,1022,1500022,metro,1,1.1,Yellow-S,Antioch to SFIA/Millbrae,1,service_links,2421.513271,1,2,1134,29.05234879,18.05615214,,0,5,2268,0.15,4,1,0,0,"LINESTRING (-122.469094 37.706204, -122.466267 37.68454199999999)",w_metro_only;w_bus_metro;d_metro_only;d_bus_metro,Bay Area Rapid Transit,19,1.1:0;2;3;4;5;6;7;8;9;10;11;12;13;14;15;16;17;18;19;20;21;22;23
,437,1000419,1029,1500029,19,1000019,metro,1,1.1,Yellow-S,Antioch to SFIA/Millbrae,2,deboarding_links,14.17230569,1,7,3000,2,1.24300808,,0,0,21000,0.15,4,1,0,0,"LINESTRING (-122.39718 37.792688999999996, -122.39708 37.792789)",w_metro_only;w_bus_metro;d_metro_only;d_bus_metro,Bay Area Rapid Transit,-1,1.1.EMBR:0;1;2;3;4;5;6;7;8;9;10;11;12;13;14;15;16;17;18;19;20;21;22;23;24;25;26
,438,1000015,1029,1500029,1041,1500041,metro,1,1.1,Yellow-S,Antioch to SFIA/Millbrae,1,service_links,564.6331952,1,7,1134,33.84414757,21.03427444,,0,1,7938,0.15,4,1,0,0,"LINESTRING (-122.39718 37.792688999999996, -122.401742 37.78911299999999)",w_metro_only;w_bus_metro;d_metro_only;d_bus_metro,Bay Area Rapid Transit,14,1.1:0;1;2;3;4;5;6;7;8;9;10;11;12;13;14;15;16;17;18;19;20;21;22;23;24;25;26
,439,1000421,1030,1500030,19,1000019,metro,1,1.1,Yellow-S,Antioch to SFIA/Millbrae,2,deboarding_links,14.17230569,1,3,3000,2,1.24300808,,0,0,9000,0.15,4,1,0,0,"LINESTRING (-122.39718 37.792688999999996, -122.39708 37.792789)",w_metro_only;w_bus_metro;d_metro_only;d_bus_metro,Bay Area Rapid Transit,-1,1.1.EMBR:0;1;2;4;5;6;7;8;9;10;11;12;13;14;15;16;17;18;19;20;21;22;23;24;25
,440,1000039,1030,1500030,1042,1500042,metro,1,1.1,Yellow-S,Antioch to SFIA/Millbrae,1,service_links,564.6331952,1,3,1134,33.84414757,21.03427444,,0,1,3402,0.15,4,1,0,0,"LINESTRING (-122.39718 37.792688999999996, -122.401742 37.78911299999999)",w_metro_only;w_bus_metro;d_metro_only;d_bus_metro,Bay Area Rapid Transit,13,1.1:0;1;2;4;5;6;7;8;9;10;11;12;13;14;15;16;17;18;19;20;21;22;23;24;25
,441,1000423,1031,1500031,19,1000019,metro,1,1.1,Yellow-S,Antioch to SFIA/Millbrae,2,deboarding_links,14.17230569,1,2,3000,2,1.24300808,,0,0,6000,0.15,4,1,0,0,"LINESTRING (-122.39718 37.792688999999996, -122.39708 37.792789)",w_metro_only;w_bus_metro;d_metro_only;d_bus_metro,Bay Area Rapid Transit,-1,1.1.EMBR:0;2;3;4;5;6;7;8;9;10;11;12;13;14;15;16;17;18;19;20;21;22;23
,442,1000061,1031,1500031,1043,1500043,metro,1,1.1,Yellow-S,Antioch to SFIA/Millbrae,1,service_links,564.6331952,1,2,1134,33.84414757,21.03427444,,0,1,2268,0.15,4,1,0,0,"LINESTRING (-122.39718 37.792688999999996, -122.401742 37.78911299999999)",w_metro_only;w_bus_metro;d_metro_only;d_bus_metro,Bay Area Rapid Transit,11,1.1:0;2;3;4;5;6;7;8;9;10;11;12;13;14;15;16;17;18;19;20;21;22;23
,443,1000425,1032,1500032,22,1000022,metro,1,1.1,Yellow-S,Antioch to SFIA/Millbrae,2,deboarding_links,14.17669266,1,7,3000,2,1.24300808,,0,0,21000,0.15,4,1,0,0,"LINESTRING (-122.433657 37.733169, -122.433557 37.733269)",w_metro_only;w_bus_metro;d_metro_only;d_bus_metro,Bay Area Rapid Transit,-1,1.1.GLEN:0;1;2;3;4;5;6;7;8;9;10;11;12;13;14;15;16;17;18;19;20;21;22;23;24;25;26
,444,1000021,1032,1500032,1014,1500014,metro,1,1.1,Yellow-S,Antioch to SFIA/Millbrae,1,service_links,1773.178348,1,7,1134,53.16876605,33.04460289,,0,2,7938,0.15,4,1,0,0,"LINESTRING (-122.433657 37.733169, -122.44761 37.721658)",w_metro_only;w_bus_metro;d_metro_only;d_bus_metro,Bay Area Rapid Transit,20,1.1:0;1;2;3;4;5;6;7;8;9;10;11;12;13;14;15;16;17;18;19;20;21;22;23;24;25;26
,445,1000427,1033,1500033,22,1000022,metro,1,1.1,Yellow-S,Antioch to SFIA/Millbrae,2,deboarding_links,14.17669266,1,3,3000,2,1.24300808,,0,0,9000,0.15,4,1,0,0,"LINESTRING (-122.433657 37.733169, -122.433557 37.733269)",w_metro_only;w_bus_metro;d_metro_only;d_bus_metro,Bay Area Rapid Transit,-1,1.1.GLEN:0;1;2;4;5;6;7;8;9;10;11;12;13;14;15;16;17;18;19;20;21;22;23;24;25
,446,1000045,1033,1500033,1015,1500015,metro,1,1.1,Yellow-S,Antioch to SFIA/Millbrae,1,service_links,1773.178348,1,3,1134,53.16876605,33.04460289,,0,2,3402,0.15,4,1,0,0,"LINESTRING (-122.433657 37.733169, -122.44761 37.721658)",w_metro_only;w_bus_metro;d_metro_only;d_bus_metro,Bay Area Rapid Transit,19,1.1:0;1;2;4;5;6;7;8;9;10;11;12;13;14;15;16;17;18;19;20;21;22;23;24;25
,447,1000429,1034,1500034,22,1000022,metro,1,1.1,Yellow-S,Antioch to SFIA/Millbrae,2,deboarding_links,14.17669266,1,2,3000,2,1.24300808,,0,0,6000,0.15,4,1,0,0,"LINESTRING (-122.433657 37.733169, -122.433557 37.733269)",w_metro_only;w_bus_metro;d_metro_only;d_bus_metro,Bay Area Rapid Transit,-1,1.1.GLEN:0;2;3;4;5;6;7;8;9;10;11;12;13;14;15;16;17;18;19;20;21;22;23
,448,1000067,1034,1500034,1016,1500016,metro,1,1.1,Yellow-S,Antioch to SFIA/Millbrae,1,service_links,1773.178348,1,2,1134,53.16876605,33.04460289,,0,2,2268,0.15,4,1,0,0,"LINESTRING (-122.433657 37.733169, -122.44761 37.721658)",w_metro_only;w_bus_metro;d_metro_only;d_bus_metro,Bay Area Rapid Transit,17,1.1:0;2;3;4;5;6;7;8;9;10;11;12;13;14;15;16;17;18;19;20;21;22;23
,449,1000431,1035,1500035,24,1000024,metro,1,1.1,Yellow-S,Antioch to SFIA/Millbrae,2,deboarding_links,14.16489495,1,7,3000,2,1.24300808,,0,0,21000,0.15,4,1,0,0,"LINESTRING (-122.124744 37.893119999999996, -122.124644 37.89322)",w_metro_only;w_bus_metro;d_metro_only;d_bus_metro,Bay Area Rapid Transit,-1,1.1.LAFY:0;1;2;3;4;5;6;7;8;9;10;11;12;13;14;15;16;17;18;19;20;21;22;23;24;25;26
,450,1000008,1035,1500035,1046,1500046,metro,1,1.1,Yellow-S,Antioch to SFIA/Millbrae,1,service_links,5436.346001,1,7,1134,65.22310738,40.53642473,,0,5,7938,0.15,4,1,0,0,"LINESTRING (-122.124744 37.893119999999996, -122.183817 37.878403)",w_metro_only;w_bus_metro;d_metro_only;d_bus_metro,Bay Area Rapid Transit,7,1.1:0;1;2;3;4;5;6;7;8;9;10;11;12;13;14;15;16;17;18;19;20;21;22;23;24;25;26
,451,1000433,1036,1500036,24,1000024,metro,1,1.1,Yellow-S,Antioch to SFIA/Millbrae,2,deboarding_links,14.16489495,1,3,3000,2,1.24300808,,0,0,9000,0.15,4,1,0,0,"LINESTRING (-122.124744 37.893119999999996, -122.124644 37.89322)",w_metro_only;w_bus_metro;d_metro_only;d_bus_metro,Bay Area Rapid Transit,-1,1.1.LAFY:0;1;2;4;5;6;7;8;9;10;11;12;13;14;15;16;17;18;19;20;21;22;23;24;25
,452,1000032,1036,1500036,1047,1500047,metro,1,1.1,Yellow-S,Antioch to SFIA/Millbrae,1,service_links,5436.346001,1,3,1134,81.52480881,50.66799801,,0,4,3402,0.15,4,1,0,0,"LINESTRING (-122.124744 37.893119999999996, -122.183817 37.878403)",w_metro_only;w_bus_metro;d_metro_only;d_bus_metro,Bay Area Rapid Transit,6,1.1:0;1;2;4;5;6;7;8;9;10;11;12;13;14;15;16;17;18;19;20;21;22;23;24;25
,453,1000435,1037,1500037,24,1000024,metro,1,1.1,Yellow-S,Antioch to SFIA/Millbrae,2,deboarding_links,14.16489495,1,2,3000,2,1.24300808,,0,0,6000,0.15,4,1,0,0,"LINESTRING (-122.124744 37.893119999999996, -122.124644 37.89322)",w_metro_only;w_bus_metro;d_metro_only;d_bus_metro,Bay Area Rapid Transit,-1,1.1.LAFY:0;2;3;4;5;6;7;8;9;10;11;12;13;14;15;16;17;18;19;20;21;22;23
,454,1000054,1037,1500037,1048,1500048,metro,1,1.1,Yellow-S,Antioch to SFIA/Millbrae,1,service_links,5436.346001,1,2,1134,65.22310738,40.53642473,,0,5,2268,0.15,4,1,0,0,"LINESTRING (-122.124744 37.893119999999996, -122.183817 37.878403)",w_metro_only;w_bus_metro;d_metro_only;d_bus_metro,Bay Area Rapid Transit,4,1.1:0;2;3;4;5;6;7;8;9;10;11;12;13;14;15;16;17;18;19;20;21;22;23
,455,1000437,1038,1500038,26,1000026,metro,1,1.1,Yellow-S,Antioch to SFIA/Millbrae,2,deboarding_links,14.16964863,1,7,3000,2,1.24300808,,0,0,21000,0.15,4,1,0,0,"LINESTRING (-122.267263 37.828714, -122.267163 37.828814)",w_metro_only;w_bus_metro;d_metro_only;d_bus_metro,Bay Area Rapid Transit,-1,1.1.MCAR:0;1;2;3;4;5;6;7;8;9;10;11;12;13;14;15;16;17;18;19;20;21;22;23;24;25;26
,456,1000011,1038,1500038,1007,1500007,metro,1,1.1,Yellow-S,Antioch to SFIA/Millbrae,1,service_links,2311.799007,1,7,1134,34.66831802,21.5464997,,0,4,7938,0.15,4,1,0,0,"LINESTRING (-122.267263 37.828714, -122.268822 37.807959999999994)",w_metro_only;w_bus_metro;d_metro_only;d_bus_metro,Bay Area Rapid Transit,10,1.1:0;1;2;3;4;5;6;7;8;9;10;11;12;13;14;15;16;17;18;19;20;21;22;23;24;25;26
,457,1000439,1039,1500039,26,1000026,metro,1,1.1,Yellow-S,Antioch to SFIA/Millbrae,2,deboarding_links,14.16964863,1,3,3000,2,1.24300808,,0,0,9000,0.15,4,1,0,0,"LINESTRING (-122.267263 37.828714, -122.267163 37.828814)",w_metro_only;w_bus_metro;d_metro_only;d_bus_metro,Bay Area Rapid Transit,-1,1.1.MCAR:0;1;2;4;5;6;7;8;9;10;11;12;13;14;15;16;17;18;19;20;21;22;23;24;25
,458,1000035,1039,1500039,1008,1500008,metro,1,1.1,Yellow-S,Antioch to SFIA/Millbrae,1,service_links,2311.799007,1,3,1134,34.66831802,21.5464997,,0,4,3402,0.15,4,1,0,0,"LINESTRING (-122.267263 37.828714, -122.268822 37.807959999999994)",w_metro_only;w_bus_metro;d_metro_only;d_bus_metro,Bay Area Rapid Transit,9,1.1:0;1;2;4;5;6;7;8;9;10;11;12;13;14;15;16;17;18;19;20;21;22;23;24;25
,459,1000441,1040,1500040,26,1000026,metro,1,1.1,Yellow-S,Antioch to SFIA/Millbrae,2,deboarding_links,14.16964863,1,2,3000,2,1.24300808,,0,0,6000,0.15,4,1,0,0,"LINESTRING (-122.267263 37.828714, -122.267163 37.828814)",w_metro_only;w_bus_metro;d_metro_only;d_bus_metro,Bay Area Rapid Transit,-1,1.1.MCAR:0;2;3;4;5;6;7;8;9;10;11;12;13;14;15;16;17;18;19;20;21;22;23
,460,1000057,1040,1500040,1009,1500009,metro,1,1.1,Yellow-S,Antioch to SFIA/Millbrae,1,service_links,2311.799007,1,2,1134,34.66831802,21.5464997,,0,4,2268,0.15,4,1,0,0,"LINESTRING (-122.267263 37.828714, -122.268822 37.807959999999994)",w_metro_only;w_bus_metro;d_metro_only;d_bus_metro,Bay Area Rapid Transit,7,1.1:0;2;3;4;5;6;7;8;9;10;11;12;13;14;15;16;17;18;19;20;21;22;23
,461,1000443,1041,1500041,29,1000029,metro,1,1.1,Yellow-S,Antioch to SFIA/Millbrae,2,deboarding_links,14.17256936,1,7,3000,2,1.24300808,,0,0,21000,0.15,4,1,0,0,"LINESTRING (-122.401742 37.78911299999999, -122.401642 37.789213)",w_metro_only;w_bus_metro;d_metro_only;d_bus_metro,Bay Area Rapid Transit,-1,1.1.MONT:0;1;2;3;4;5;6;7;8;9;10;11;12;13;14;15;16;17;18;19;20;21;22;23;24;25;26
,462,1000016,1041,1500041,1055,1500055,metro,1,1.1,Yellow-S,Antioch to SFIA/Millbrae,1,service_links,716.1548312,1,7,1134,21.47390798,13.34612056,,0,2,7938,0.15,4,1,0,0,"LINESTRING (-122.401742 37.78911299999999, -122.407487 37.784544999999994)",w_metro_only;w_bus_metro;d_metro_only;d_bus_metro,Bay Area Rapid Transit,15,1.1:0;1;2;3;4;5;6;7;8;9;10;11;12;13;14;15;16;17;18;19;20;21;22;23;24;25;26
,463,1000445,1042,1500042,29,1000029,metro,1,1.1,Yellow-S,Antioch to SFIA/Millbrae,2,deboarding_links,14.17256936,1,3,3000,2,1.24300808,,0,0,9000,0.15,4,1,0,0,"LINESTRING (-122.401742 37.78911299999999, -122.401642 37.789213)",w_metro_only;w_bus_metro;d_metro_only;d_bus_metro,Bay Area Rapid Transit,-1,1.1.MONT:0;1;2;4;5;6;7;8;9;10;11;12;13;14;15;16;17;18;19;20;21;22;23;24;25
,464,1000040,1042,1500042,1056,1500056,metro,1,1.1,Yellow-S,Antioch to SFIA/Millbrae,1,service_links,716.1548312,1,3,1134,21.47390798,13.34612056,,0,2,3402,0.15,4,1,0,0,"LINESTRING (-122.401742 37.78911299999999, -122.407487 37.784544999999994)",w_metro_only;w_bus_metro;d_metro_only;d_bus_metro,Bay Area Rapid Transit,14,1.1:0;1;2;4;5;6;7;8;9;10;11;12;13;14;15;16;17;18;19;20;21;22;23;24;25
,465,1000447,1043,1500043,29,1000029,metro,1,1.1,Yellow-S,Antioch to SFIA/Millbrae,2,deboarding_links,14.17256936,1,2,3000,2,1.24300808,,0,0,6000,0.15,4,1,0,0,"LINESTRING (-122.401742 37.78911299999999, -122.401642 37.789213)",w_metro_only;w_bus_metro;d_metro_only;d_bus_metro,Bay Area Rapid Transit,-1,1.1.MONT:0;2;3;4;5;6;7;8;9;10;11;12;13;14;15;16;17;18;19;20;21;22;23
,466,1000062,1043,1500043,1057,1500057,metro,1,1.1,Yellow-S,Antioch to SFIA/Millbrae,1,service_links,716.1548312,1,2,1134,21.47390798,13.34612056,,0,2,2268,0.15,4,1,0,0,"LINESTRING (-122.401742 37.78911299999999, -122.407487 37.784544999999994)",w_metro_only;w_bus_metro;d_metro_only;d_bus_metro,Bay Area Rapid Transit,12,1.1:0;2;3;4;5;6;7;8;9;10;11;12;13;14;15;16;17;18;19;20;21;22;23
,467,1000449,1044,1500044,31,1000031,metro,1,1.1,Yellow-S,Antioch to SFIA/Millbrae,2,deboarding_links,14.15675228,1,7,3000,2,1.24300808,,0,0,21000,0.15,4,1,0,0,"LINESTRING (-122.02466100000001 38.003307, -122.024561 38.003407)",w_metro_only;w_bus_metro;d_metro_only;d_bus_metro,Bay Area Rapid Transit,-1,1.1.NCON:0;1;2;3;4;5;6;7;8;9;10;11;12;13;14;15;16;17;18;19;20;21;22;23;24;25;26
,468,1000004,1044,1500044,1023,1500023,metro,1,1.1,Yellow-S,Antioch to SFIA/Millbrae,1,service_links,3319.347104,1,7,1134,66.36482048,41.24600403,,0,3,7938,0.15,4,1,0,0,"LINESTRING (-122.02466100000001 38.003307, -122.02922600000001 37.973673)",w_metro_only;w_bus_metro;d_metro_only;d_bus_metro,Bay Area Rapid Transit,3,1.1:0;1;2;3;4;5;6;7;8;9;10;11;12;13;14;15;16;17;18;19;20;21;22;23;24;25;26
,469,1000451,1045,1500045,31,1000031,metro,1,1.1,Yellow-S,Antioch to SFIA/Millbrae,2,deboarding_links,14.15675228,1,3,3000,2,1.24300808,,0,0,9000,0.15,4,1,0,0,"LINESTRING (-122.02466100000001 38.003307, -122.024561 38.003407)",w_metro_only;w_bus_metro;d_metro_only;d_bus_metro,Bay Area Rapid Transit,-1,1.1.NCON:0;1;2;4;5;6;7;8;9;10;11;12;13;14;15;16;17;18;19;20;21;22;23;24;25
,470,1000028,1045,1500045,1024,1500024,metro,1,1.1,Yellow-S,Antioch to SFIA/Millbrae,1,service_links,3319.347104,1,3,1134,66.36482048,41.24600403,,0,3,3402,0.15,4,1,0,0,"LINESTRING (-122.02466100000001 38.003307, -122.02922600000001 37.973673)",w_metro_only;w_bus_metro;d_metro_only;d_bus_metro,Bay Area Rapid Transit,1,1.1:0;1;2;4;5;6;7;8;9;10;11;12;13;14;15;16;17;18;19;20;21;22;23;24;25
,471,1000453,1046,1500046,33,1000033,metro,1,1.1,Yellow-S,Antioch to SFIA/Millbrae,2,deboarding_links,14.16598156,1,7,3000,2,1.24300808,,0,0,21000,0.15,4,1,0,0,"LINESTRING (-122.183817 37.878403, -122.183717 37.878503)",w_metro_only;w_bus_metro;d_metro_only;d_bus_metro,Bay Area Rapid Transit,-1,1.1.ORIN:0;1;2;3;4;5;6;7;8;9;10;11;12;13;14;15;16;17;18;19;20;21;22;23;24;25;26
,472,1000009,1046,1500046,1058,1500058,metro,1,1.1,Yellow-S,Antioch to SFIA/Millbrae,1,service_links,7015.601774,1,7,1134,84.17038721,52.31223568,,0,5,7938,0.15,4,1,0,0,"LINESTRING (-122.183817 37.878403, -122.251371 37.844694999999994)",w_metro_only;w_bus_metro;d_metro_only;d_bus_metro,Bay Area Rapid Transit,8,1.1:0;1;2;3;4;5;6;7;8;9;10;11;12;13;14;15;16;17;18;19;20;21;22;23;24;25;26
,473,1000455,1047,1500047,33,1000033,metro,1,1.1,Yellow-S,Antioch to SFIA/Millbrae,2,deboarding_links,14.16598156,1,3,3000,2,1.24300808,,0,0,9000,0.15,4,1,0,0,"LINESTRING (-122.183817 37.878403, -122.183717 37.878503)",w_metro_only;w_bus_metro;d_metro_only;d_bus_metro,Bay Area Rapid Transit,-1,1.1.ORIN:0;1;2;4;5;6;7;8;9;10;11;12;13;14;15;16;17;18;19;20;21;22;23;24;25
,474,1000033,1047,1500047,1059,1500059,metro,1,1.1,Yellow-S,Antioch to SFIA/Millbrae,1,service_links,7015.601774,1,3,1134,70.14432701,43.59498261,,0,6,3402,0.15,4,1,0,0,"LINESTRING (-122.183817 37.878403, -122.251371 37.844694999999994)",w_metro_only;w_bus_metro;d_metro_only;d_bus_metro,Bay Area Rapid Transit,7,1.1:0;1;2;4;5;6;7;8;9;10;11;12;13;14;15;16;17;18;19;20;21;22;23;24;25
,475,1000457,1048,1500048,33,1000033,metro,1,1.1,Yellow-S,Antioch to SFIA/Millbrae,2,deboarding_links,14.16598156,1,2,3000,2,1.24300808,,0,0,6000,0.15,4,1,0,0,"LINESTRING (-122.183817 37.878403, -122.183717 37.878503)",w_metro_only;w_bus_metro;d_metro_only;d_bus_metro,Bay Area Rapid Transit,-1,1.1.ORIN:0;2;3;4;5;6;7;8;9;10;11;12;13;14;15;16;17;18;19;20;21;22;23
,476,1000055,1048,1500048,1060,1500060,metro,1,1.1,Yellow-S,Antioch to SFIA/Millbrae,1,service_links,7015.601774,1,2,1134,84.17038721,52.31223568,,0,5,2268,0.15,4,1,0,0,"LINESTRING (-122.183817 37.878403, -122.251371 37.844694999999994)",w_metro_only;w_bus_metro;d_metro_only;d_bus_metro,Bay Area Rapid Transit,5,1.1:0;2;3;4;5;6;7;8;9;10;11;12;13;14;15;16;17;18;19;20;21;22;23
,477,1000459,1049,1500049,34,1000034,metro,1,1.1,Yellow-S,Antioch to SFIA/Millbrae,2,deboarding_links,14.1557563,1,7,3000,2,1.24300808,,0,0,21000,0.15,4,1,0,0,"LINESTRING (-121.889111 38.01677299999999, -121.889011 38.016873)",w_metro_only;w_bus_metro;d_metro_only;d_bus_metro,Bay Area Rapid Transit,-1,1.1.PCTR:0;1;2;3;4;5;6;7;8;9;10;11;12;13;14;15;16;17;18;19;20;21;22;23;24;25;26
,478,1000002,1049,1500049,1053,1500053,metro,1,1.1,Yellow-S,Antioch to SFIA/Millbrae,1,service_links,4844.353034,1,7,1134,29.06321188,18.06290359,,0,10,7938,0.15,4,1,0,0,"LINESTRING (-121.889111 38.01677299999999, -121.944348 38.01884999999999)",w_metro_only;w_bus_metro;d_metro_only;d_bus_metro,Bay Area Rapid Transit,1,1.1:0;1;2;3;4;5;6;7;8;9;10;11;12;13;14;15;16;17;18;19;20;21;22;23;24;25;26
,479,1000461,1050,1500050,35,1000035,metro,1,1.1,Yellow-S,Antioch to SFIA/Millbrae,2,deboarding_links,14.1622919,1,7,3000,2,1.24300808,,0,0,21000,0.15,4,1,0,0,"LINESTRING (-122.056115 37.928363, -122.056015 37.928463)",w_metro_only;w_bus_metro;d_metro_only;d_bus_metro,Bay Area Rapid Transit,-1,1.1.PHIL:0;1;2;3;4;5;6;7;8;9;10;11;12;13;14;15;16;17;18;19;20;21;22;23;24;25;26
,480,1000006,1050,1500050,1070,1500070,metro,1,1.1,Yellow-S,Antioch to SFIA/Millbrae,1,service_links,2708.778648,1,7,1134,54.15752046,33.65911775,,0,3,7938,0.15,4,1,0,0,"LINESTRING (-122.056115 37.928363, -122.067479 37.905711999999994)",w_metro_only;w_bus_metro;d_metro_only;d_bus_metro,Bay Area Rapid Transit,5,1.1:0;1;2;3;4;5;6;7;8;9;10;11;12;13;14;15;16;17;18;19;20;21;22;23;24;25;26
,481,1000463,1051,1500051,35,1000035,metro,1,1.1,Yellow-S,Antioch to SFIA/Millbrae,2,deboarding_links,14.1622919,1,3,3000,2,1.24300808,,0,0,9000,0.15,4,1,0,0,"LINESTRING (-122.056115 37.928363, -122.056015 37.928463)",w_metro_only;w_bus_metro;d_metro_only;d_bus_metro,Bay Area Rapid Transit,-1,1.1.PHIL:0;1;2;4;5;6;7;8;9;10;11;12;13;14;15;16;17;18;19;20;21;22;23;24;25
,482,1000030,1051,1500051,1071,1500071,metro,1,1.1,Yellow-S,Antioch to SFIA/Millbrae,1,service_links,2708.778648,1,3,1134,54.15752046,33.65911775,,0,3,3402,0.15,4,1,0,0,"LINESTRING (-122.056115 37.928363, -122.067479 37.905711999999994)",w_metro_only;w_bus_metro;d_metro_only;d_bus_metro,Bay Area Rapid Transit,4,1.1:0;1;2;4;5;6;7;8;9;10;11;12;13;14;15;16;17;18;19;20;21;22;23;24;25
,483,1000465,1052,1500052,35,1000035,metro,1,1.1,Yellow-S,Antioch to SFIA/Millbrae,2,deboarding_links,14.1622919,1,2,3000,2,1.24300808,,0,0,6000,0.15,4,1,0,0,"LINESTRING (-122.056115 37.928363, -122.056015 37.928463)",w_metro_only;w_bus_metro;d_metro_only;d_bus_metro,Bay Area Rapid Transit,-1,1.1.PHIL:0;2;3;4;5;6;7;8;9;10;11;12;13;14;15;16;17;18;19;20;21;22;23
,484,1000052,1052,1500052,1072,1500072,metro,1,1.1,Yellow-S,Antioch to SFIA/Millbrae,1,service_links,2708.778648,1,2,1134,54.15752046,33.65911775,,0,3,2268,0.15,4,1,0,0,"LINESTRING (-122.056115 37.928363, -122.067479 37.905711999999994)",w_metro_only;w_bus_metro;d_metro_only;d_bus_metro,Bay Area Rapid Transit,2,1.1:0;2;3;4;5;6;7;8;9;10;11;12;13;14;15;16;17;18;19;20;21;22;23
,485,1000467,1053,1500053,36,1000036,metro,1,1.1,Yellow-S,Antioch to SFIA/Millbrae,2,deboarding_links,14.15560266,1,7,3000,2,1.24300808,,0,0,21000,0.15,4,1,0,0,"LINESTRING (-121.944348 38.01884999999999, -121.944248 38.01895)",w_metro_only;w_bus_metro;d_metro_only;d_bus_metro,Bay Area Rapid Transit,-1,1.1.PITT:0;1;2;3;4;5;6;7;8;9;10;11;12;13;14;15;16;17;18;19;20;21;22;23;24;25;26
,486,1000003,1053,1500053,1044,1500044,metro,1,1.1,Yellow-S,Antioch to SFIA/Millbrae,1,service_links,7245.339714,1,7,1134,72.44132358,45.02257525,,0,6,7938,0.15,4,1,0,0,"LINESTRING (-121.944348 38.01884999999999, -122.02466100000001 38.003307)",w_metro_only;w_bus_metro;d_metro_only;d_bus_metro,Bay Area Rapid Transit,2,1.1:0;1;2;3;4;5;6;7;8;9;10;11;12;13;14;15;16;17;18;19;20;21;22;23;24;25;26
,487,1000469,1054,1500054,36,1000036,metro,1,1.1,Yellow-S,Antioch to SFIA/Millbrae,2,deboarding_links,14.15560266,1,3,3000,2,1.24300808,,0,0,9000,0.15,4,1,0,0,"LINESTRING (-121.944348 38.01884999999999, -121.944248 38.01895)",w_metro_only;w_bus_metro;d_metro_only;d_bus_metro,Bay Area Rapid Transit,-1,1.1.PITT:0;1;2;4;5;6;7;8;9;10;11;12;13;14;15;16;17;18;19;20;21;22;23;24;25
,488,1000027,1054,1500054,1045,1500045,metro,1,1.1,Yellow-S,Antioch to SFIA/Millbrae,1,service_links,7245.339714,1,3,1134,72.44132358,45.02257525,,0,6,3402,0.15,4,1,0,0,"LINESTRING (-121.944348 38.01884999999999, -122.02466100000001 38.003307)",w_metro_only;w_bus_metro;d_metro_only;d_bus_metro,Bay Area Rapid Transit,0,1.1:0;1;2;4;5;6;7;8;9;10;11;12;13;14;15;16;17;18;19;20;21;22;23;24;25
,489,1000471,1055,1500055,38,1000038,metro,1,1.1,Yellow-S,Antioch to SFIA/Millbrae,2,deboarding_links,14.17290616,1,7,3000,2,1.24300808,,0,0,21000,0.15,4,1,0,0,"LINESTRING (-122.407487 37.784544999999994, -122.407387 37.784645)",w_metro_only;w_bus_metro;d_metro_only;d_bus_metro,Bay Area Rapid Transit,-1,1.1.POWL:0;1;2;3;4;5;6;7;8;9;10;11;12;13;14;15;16;17;18;19;20;21;22;23;24;25;26
,490,1000017,1055,1500055,1017,1500017,metro,1,1.1,Yellow-S,Antioch to SFIA/Millbrae,1,service_links,811.9100539,1,7,1134,24.34512905,15.13059606,,0,2,7938,0.15,4,1,0,0,"LINESTRING (-122.407487 37.784544999999994, -122.413979 37.779349999999994)",w_metro_only;w_bus_metro;d_metro_only;d_bus_metro,Bay Area Rapid Transit,16,1.1:0;1;2;3;4;5;6;7;8;9;10;11;12;13;14;15;16;17;18;19;20;21;22;23;24;25;26
,491,1000473,1056,1500056,38,1000038,metro,1,1.1,Yellow-S,Antioch to SFIA/Millbrae,2,deboarding_links,14.17290616,1,3,3000,2,1.24300808,,0,0,9000,0.15,4,1,0,0,"LINESTRING (-122.407487 37.784544999999994, -122.407387 37.784645)",w_metro_only;w_bus_metro;d_metro_only;d_bus_metro,Bay Area Rapid Transit,-1,1.1.POWL:0;1;2;4;5;6;7;8;9;10;11;12;13;14;15;16;17;18;19;20;21;22;23;24;25
,492,1000041,1056,1500056,1018,1500018,metro,1,1.1,Yellow-S,Antioch to SFIA/Millbrae,1,service_links,811.9100539,1,3,1134,24.34512905,15.13059606,,0,2,3402,0.15,4,1,0,0,"LINESTRING (-122.407487 37.784544999999994, -122.413979 37.779349999999994)",w_metro_only;w_bus_metro;d_metro_only;d_bus_metro,Bay Area Rapid Transit,15,1.1:0;1;2;4;5;6;7;8;9;10;11;12;13;14;15;16;17;18;19;20;21;22;23;24;25
,493,1000475,1057,1500057,38,1000038,metro,1,1.1,Yellow-S,Antioch to SFIA/Millbrae,2,deboarding_links,14.17290616,1,2,3000,2,1.24300808,,0,0,6000,0.15,4,1,0,0,"LINESTRING (-122.407487 37.784544999999994, -122.407387 37.784645)",w_metro_only;w_bus_metro;d_metro_only;d_bus_metro,Bay Area Rapid Transit,-1,1.1.POWL:0;2;3;4;5;6;7;8;9;10;11;12;13;14;15;16;17;18;19;20;21;22;23
,494,1000063,1057,1500057,1019,1500019,metro,1,1.1,Yellow-S,Antioch to SFIA/Millbrae,1,service_links,811.9100539,1,2,1134,24.34512905,15.13059606,,0,2,2268,0.15,4,1,0,0,"LINESTRING (-122.407487 37.784544999999994, -122.413979 37.779349999999994)",w_metro_only;w_bus_metro;d_metro_only;d_bus_metro,Bay Area Rapid Transit,13,1.1:0;2;3;4;5;6;7;8;9;10;11;12;13;14;15;16;17;18;19;20;21;22;23
,495,1000477,1058,1500058,40,1000040,metro,1,1.1,Yellow-S,Antioch to SFIA/Millbrae,2,deboarding_links,14.16846951,1,7,3000,2,1.24300808,,0,0,21000,0.15,4,1,0,0,"LINESTRING (-122.251371 37.844694999999994, -122.251271 37.844795)",w_metro_only;w_bus_metro;d_metro_only;d_bus_metro,Bay Area Rapid Transit,-1,1.1.ROCK:0;1;2;3;4;5;6;7;8;9;10;11;12;13;14;15;16;17;18;19;20;21;22;23;24;25;26
,496,1000010,1058,1500058,1038,1500038,metro,1,1.1,Yellow-S,Antioch to SFIA/Millbrae,1,service_links,2259.522158,1,7,1134,45.17538471,28.07668409,,0,3,7938,0.15,4,1,0,0,"LINESTRING (-122.251371 37.844694999999994, -122.267263 37.828714)",w_metro_only;w_bus_metro;d_metro_only;d_bus_metro,Bay Area Rapid Transit,9,1.1:0;1;2;3;4;5;6;7;8;9;10;11;12;13;14;15;16;17;18;19;20;21;22;23;24;25;26
,497,1000479,1059,1500059,40,1000040,metro,1,1.1,Yellow-S,Antioch to SFIA/Millbrae,2,deboarding_links,14.16846951,1,3,3000,2,1.24300808,,0,0,9000,0.15,4,1,0,0,"LINESTRING (-122.251371 37.844694999999994, -122.251271 37.844795)",w_metro_only;w_bus_metro;d_metro_only;d_bus_metro,Bay Area Rapid Transit,-1,1.1.ROCK:0;1;2;4;5;6;7;8;9;10;11;12;13;14;15;16;17;18;19;20;21;22;23;24;25
,498,1000034,1059,1500059,1039,1500039,metro,1,1.1,Yellow-S,Antioch to SFIA/Millbrae,1,service_links,2259.522158,1,3,1134,45.17538471,28.07668409,,0,3,3402,0.15,4,1,0,0,"LINESTRING (-122.251371 37.844694999999994, -122.267263 37.828714)",w_metro_only;w_bus_metro;d_metro_only;d_bus_metro,Bay Area Rapid Transit,8,1.1:0;1;2;4;5;6;7;8;9;10;11;12;13;14;15;16;17;18;19;20;21;22;23;24;25
,499,1000481,1060,1500060,40,1000040,metro,1,1.1,Yellow-S,Antioch to SFIA/Millbrae,2,deboarding_links,14.16846951,1,2,3000,2,1.24300808,,0,0,6000,0.15,4,1,0,0,"LINESTRING (-122.251371 37.844694999999994, -122.251271 37.844795)",w_metro_only;w_bus_metro;d_metro_only;d_bus_metro,Bay Area Rapid Transit,-1,1.1.ROCK:0;2;3;4;5;6;7;8;9;10;11;12;13;14;15;16;17;18;19;20;21;22;23
,500,1000056,1060,1500060,1040,1500040,metro,1,1.1,Yellow-S,Antioch to SFIA/Millbrae,1,service_links,2259.522158,1,2,1134,45.17538471,28.07668409,,0,3,2268,0.15,4,1,0,0,"LINESTRING (-122.251371 37.844694999999994, -122.267263 37.828714)",w_metro_only;w_bus_metro;d_metro_only;d_bus_metro,Bay Area Rapid Transit,6,1.1:0;2;3;4;5;6;7;8;9;10;11;12;13;14;15;16;17;18;19;20;21;22;23
,501,1000483,1061,1500061,42,1000042,metro,1,1.1,Yellow-S,Antioch to SFIA/Millbrae,2,deboarding_links,14.18372739,1,7,3000,2,1.24300808,,0,0,21000,0.15,4,1,0,0,"LINESTRING (-122.416484 37.63762, -122.416384 37.63772)",w_metro_only;w_bus_metro;d_metro_only;d_bus_metro,Bay Area Rapid Transit,-1,1.1.SBRN:0;1;2;3;4;5;6;7;8;9;10;11;12;13;14;15;16;17;18;19;20;21;22;23;24;25;26
,502,1000026,1061,1500061,1064,1500064,metro,1,1.1,Yellow-S,Antioch to SFIA/Millbrae,1,service_links,3236.023086,1,7,1134,38.82451213,24.12959113,,0,5,7938,0.15,4,1,0,0,"LINESTRING (-122.416484 37.63762, -122.39199500000001 37.615922999999995)",w_metro_only;w_bus_metro;d_metro_only;d_bus_metro,Bay Area Rapid Transit,25,1.1:0;1;2;3;4;5;6;7;8;9;10;11;12;13;14;15;16;17;18;19;20;21;22;23;24;25;26
,503,1000485,1062,1500062,42,1000042,metro,1,1.1,Yellow-S,Antioch to SFIA/Millbrae,2,deboarding_links,14.18372739,1,3,3000,2,1.24300808,,0,0,9000,0.15,4,1,0,0,"LINESTRING (-122.416484 37.63762, -122.416384 37.63772)",w_metro_only;w_bus_metro;d_metro_only;d_bus_metro,Bay Area Rapid Transit,-1,1.1.SBRN:0;1;2;4;5;6;7;8;9;10;11;12;13;14;15;16;17;18;19;20;21;22;23;24;25
,504,1000050,1062,1500062,1065,1500065,metro,1,1.1,Yellow-S,Antioch to SFIA/Millbrae,1,service_links,3236.023086,1,3,1134,38.82451213,24.12959113,,0,5,3402,0.15,4,1,0,0,"LINESTRING (-122.416484 37.63762, -122.39199500000001 37.615922999999995)",w_metro_only;w_bus_metro;d_metro_only;d_bus_metro,Bay Area Rapid Transit,24,1.1:0;1;2;4;5;6;7;8;9;10;11;12;13;14;15;16;17;18;19;20;21;22;23;24;25
,505,1000487,1063,1500063,42,1000042,metro,1,1.1,Yellow-S,Antioch to SFIA/Millbrae,2,deboarding_links,14.18372739,1,2,3000,2,1.24300808,,0,0,6000,0.15,4,1,0,0,"LINESTRING (-122.416484 37.63762, -122.416384 37.63772)",w_metro_only;w_bus_metro;d_metro_only;d_bus_metro,Bay Area Rapid Transit,-1,1.1.SBRN:0;2;3;4;5;6;7;8;9;10;11;12;13;14;15;16;17;18;19;20;21;22;23
,506,1000072,1063,1500063,1066,1500066,metro,1,1.1,Yellow-S,Antioch to SFIA/Millbrae,1,service_links,3236.023086,1,2,1134,38.82451213,24.12959113,,0,5,2268,0.15,4,1,0,0,"LINESTRING (-122.416484 37.63762, -122.39199500000001 37.615922999999995)",w_metro_only;w_bus_metro;d_metro_only;d_bus_metro,Bay Area Rapid Transit,22,1.1:0;2;3;4;5;6;7;8;9;10;11;12;13;14;15;16;17;18;19;20;21;22;23
,507,1000489,1064,1500064,43,1000043,metro,1,1.1,Yellow-S,Antioch to SFIA/Millbrae,2,deboarding_links,14.18532348,1,7,3000,2,1.24300808,,0,0,21000,0.15,4,1,0,0,"LINESTRING (-122.39199500000001 37.615922999999995, -122.391895 37.616023)",w_metro_only;w_bus_metro;d_metro_only;d_bus_metro,Bay Area Rapid Transit,-1,1.1.SFIA:0;1;2;3;4;5;6;7;8;9;10;11;12;13;14;15;16;17;18;19;20;21;22;23;24;25;26
,508,1000491,1065,1500065,43,1000043,metro,1,1.1,Yellow-S,Antioch to SFIA/Millbrae,2,deboarding_links,14.18532348,1,3,3000,2,1.24300808,,0,0,9000,0.15,4,1,0,0,"LINESTRING (-122.39199500000001 37.615922999999995, -122.391895 37.616023)",w_metro_only;w_bus_metro;d_metro_only;d_bus_metro,Bay Area Rapid Transit,-1,1.1.SFIA:0;1;2;4;5;6;7;8;9;10;11;12;13;14;15;16;17;18;19;20;21;22;23;24;25
,509,1000493,1066,1500066,43,1000043,metro,1,1.1,Yellow-S,Antioch to SFIA/Millbrae,2,deboarding_links,14.18532348,1,2,3000,2,1.24300808,,0,0,6000,0.15,4,1,0,0,"LINESTRING (-122.39199500000001 37.615922999999995, -122.391895 37.616023)",w_metro_only;w_bus_metro;d_metro_only;d_bus_metro,Bay Area Rapid Transit,-1,1.1.SFIA:0;2;3;4;5;6;7;8;9;10;11;12;13;14;15;16;17;18;19;20;21;22;23
,510,1000495,1067,1500067,45,1000045,metro,1,1.1,Yellow-S,Antioch to SFIA/Millbrae,2,deboarding_links,14.18176134,1,7,3000,2,1.24300808,,0,0,21000,0.15,4,1,0,0,"LINESTRING (-122.444354 37.664336999999996, -122.444254 37.664437)",w_metro_only;w_bus_metro;d_metro_only;d_bus_metro,Bay Area Rapid Transit,-1,1.1.SSAN:0;1;2;3;4;5;6;7;8;9;10;11;12;13;14;15;16;17;18;19;20;21;22;23;24;25;26
,511,1000025,1067,1500067,1061,1500061,metro,1,1.1,Yellow-S,Antioch to SFIA/Millbrae,1,service_links,3853.036997,1,7,1134,77.03506159,47.87760198,,0,3,7938,0.15,4,1,0,0,"LINESTRING (-122.444354 37.664336999999996, -122.416484 37.63762)",w_metro_only;w_bus_metro;d_metro_only;d_bus_metro,Bay Area Rapid Transit,24,1.1:0;1;2;3;4;5;6;7;8;9;10;11;12;13;14;15;16;17;18;19;20;21;22;23;24;25;26
,512,1000497,1068,1500068,45,1000045,metro,1,1.1,Yellow-S,Antioch to SFIA/Millbrae,2,deboarding_links,14.18176134,1,3,3000,2,1.24300808,,0,0,9000,0.15,4,1,0,0,"LINESTRING (-122.444354 37.664336999999996, -122.444254 37.664437)",w_metro_only;w_bus_metro;d_metro_only;d_bus_metro,Bay Area Rapid Transit,-1,1.1.SSAN:0;1;2;4;5;6;7;8;9;10;11;12;13;14;15;16;17;18;19;20;21;22;23;24;25
,513,1000049,1068,1500068,1062,1500062,metro,1,1.1,Yellow-S,Antioch to SFIA/Millbrae,1,service_links,3853.036997,1,3,1134,77.03506159,47.87760198,,0,3,3402,0.15,4,1,0,0,"LINESTRING (-122.444354 37.664336999999996, -122.416484 37.63762)",w_metro_only;w_bus_metro;d_metro_only;d_bus_metro,Bay Area Rapid Transit,23,1.1:0;1;2;4;5;6;7;8;9;10;11;12;13;14;15;16;17;18;19;20;21;22;23;24;25
,514,1000499,1069,1500069,45,1000045,metro,1,1.1,Yellow-S,Antioch to SFIA/Millbrae,2,deboarding_links,14.18176134,1,2,3000,2,1.24300808,,0,0,6000,0.15,4,1,0,0,"LINESTRING (-122.444354 37.664336999999996, -122.444254 37.664437)",w_metro_only;w_bus_metro;d_metro_only;d_bus_metro,Bay Area Rapid Transit,-1,1.1.SSAN:0;2;3;4;5;6;7;8;9;10;11;12;13;14;15;16;17;18;19;20;21;22;23
,515,1000071,1069,1500069,1063,1500063,metro,1,1.1,Yellow-S,Antioch to SFIA/Millbrae,1,service_links,3853.036997,1,2,1134,77.03506159,47.87760198,,0,3,2268,0.15,4,1,0,0,"LINESTRING (-122.444354 37.664336999999996, -122.416484 37.63762)",w_metro_only;w_bus_metro;d_metro_only;d_bus_metro,Bay Area Rapid Transit,21,1.1:0;2;3;4;5;6;7;8;9;10;11;12;13;14;15;16;17;18;19;20;21;22;23
,516,1000501,1070,1500070,48,1000048,metro,1,1.1,Yellow-S,Antioch to SFIA/Millbrae,2,deboarding_links,14.16396505,1,7,3000,2,1.24300808,,0,0,21000,0.15,4,1,0,0,"LINESTRING (-122.067479 37.905711999999994, -122.067379 37.905812)",w_metro_only;w_bus_metro;d_metro_only;d_bus_metro,Bay Area Rapid Transit,-1,1.1.WCRK:0;1;2;3;4;5;6;7;8;9;10;11;12;13;14;15;16;17;18;19;20;21;22;23;24;25;26
,517,1000007,1070,1500070,1035,1500035,metro,1,1.1,Yellow-S,Antioch to SFIA/Millbrae,1,service_links,5216.033855,1,7,1134,62.57989029,38.89365462,,0,5,7938,0.15,4,1,0,0,"LINESTRING (-122.067479 37.905711999999994, -122.124744 37.893119999999996)",w_metro_only;w_bus_metro;d_metro_only;d_bus_metro,Bay Area Rapid Transit,6,1.1:0;1;2;3;4;5;6;7;8;9;10;11;12;13;14;15;16;17;18;19;20;21;22;23;24;25;26
,518,1000503,1071,1500071,48,1000048,metro,1,1.1,Yellow-S,Antioch to SFIA/Millbrae,2,deboarding_links,14.16396505,1,3,3000,2,1.24300808,,0,0,9000,0.15,4,1,0,0,"LINESTRING (-122.067479 37.905711999999994, -122.067379 37.905812)",w_metro_only;w_bus_metro;d_metro_only;d_bus_metro,Bay Area Rapid Transit,-1,1.1.WCRK:0;1;2;4;5;6;7;8;9;10;11;12;13;14;15;16;17;18;19;20;21;22;23;24;25
,519,1000031,1071,1500071,1036,1500036,metro,1,1.1,Yellow-S,Antioch to SFIA/Millbrae,1,service_links,5216.033855,1,3,1134,62.57989029,38.89365462,,0,5,3402,0.15,4,1,0,0,"LINESTRING (-122.067479 37.905711999999994, -122.124744 37.893119999999996)",w_metro_only;w_bus_metro;d_metro_only;d_bus_metro,Bay Area Rapid Transit,5,1.1:0;1;2;4;5;6;7;8;9;10;11;12;13;14;15;16;17;18;19;20;21;22;23;24;25
,520,1000505,1072,1500072,48,1000048,metro,1,1.1,Yellow-S,Antioch to SFIA/Millbrae,2,deboarding_links,14.16396505,1,2,3000,2,1.24300808,,0,0,6000,0.15,4,1,0,0,"LINESTRING (-122.067479 37.905711999999994, -122.067379 37.905812)",w_metro_only;w_bus_metro;d_metro_only;d_bus_metro,Bay Area Rapid Transit,-1,1.1.WCRK:0;2;3;4;5;6;7;8;9;10;11;12;13;14;15;16;17;18;19;20;21;22;23
,521,1000053,1072,1500072,1037,1500037,metro,1,1.1,Yellow-S,Antioch to SFIA/Millbrae,1,service_links,5216.033855,1,2,1134,62.57989029,38.89365462,,0,5,2268,0.15,4,1,0,0,"LINESTRING (-122.067479 37.905711999999994, -122.124744 37.893119999999996)",w_metro_only;w_bus_metro;d_metro_only;d_bus_metro,Bay Area Rapid Transit,3,1.1:0;2;3;4;5;6;7;8;9;10;11;12;13;14;15;16;17;18;19;20;21;22;23
,522,1000507,1073,1500073,50,1000050,metro,1,1.1,Yellow-S,Antioch to SFIA/Millbrae,2,deboarding_links,14.17141088,1,7,3000,2,1.24300808,,0,0,21000,0.15,4,1,0,0,"LINESTRING (-122.295244 37.804823, -122.295144 37.804923)",w_metro_only;w_bus_metro;d_metro_only;d_bus_metro,Bay Area Rapid Transit,-1,1.1.WOAK:0;1;2;3;4;5;6;7;8;9;10;11;12;13;14;15;16;17;18;19;20;21;22;23;24;25;26
,523,1000014,1073,1500073,1029,1500029,metro,1,1.1,Yellow-S,Antioch to SFIA/Millbrae,1,service_links,9057.430966,1,7,1134,77.62403342,48.24365035,,0,7,7938,0.15,4,1,0,0,"LINESTRING (-122.295244 37.804823, -122.39718 37.792688999999996)",w_metro_only;w_bus_metro;d_metro_only;d_bus_metro,Bay Area Rapid Transit,13,1.1:0;1;2;3;4;5;6;7;8;9;10;11;12;13;14;15;16;17;18;19;20;21;22;23;24;25;26
,524,1000509,1074,1500074,50,1000050,metro,1,1.1,Yellow-S,Antioch to SFIA/Millbrae,2,deboarding_links,14.17141088,1,3,3000,2,1.24300808,,0,0,9000,0.15,4,1,0,0,"LINESTRING (-122.295244 37.804823, -122.295144 37.804923)",w_metro_only;w_bus_metro;d_metro_only;d_bus_metro,Bay Area Rapid Transit,-1,1.1.WOAK:0;1;2;4;5;6;7;8;9;10;11;12;13;14;15;16;17;18;19;20;21;22;23;24;25
,525,1000038,1074,1500074,1030,1500030,metro,1,1.1,Yellow-S,Antioch to SFIA/Millbrae,1,service_links,9057.430966,1,3,1134,77.62403342,48.24365035,,0,7,3402,0.15,4,1,0,0,"LINESTRING (-122.295244 37.804823, -122.39718 37.792688999999996)",w_metro_only;w_bus_metro;d_metro_only;d_bus_metro,Bay Area Rapid Transit,12,1.1:0;1;2;4;5;6;7;8;9;10;11;12;13;14;15;16;17;18;19;20;21;22;23;24;25
,526,1000511,1075,1500075,50,1000050,metro,1,1.1,Yellow-S,Antioch to SFIA/Millbrae,2,deboarding_links,14.17141088,1,2,3000,2,1.24300808,,0,0,6000,0.15,4,1,0,0,"LINESTRING (-122.295244 37.804823, -122.295144 37.804923)",w_metro_only;w_bus_metro;d_metro_only;d_bus_metro,Bay Area Rapid Transit,-1,1.1.WOAK:0;2;3;4;5;6;7;8;9;10;11;12;13;14;15;16;17;18;19;20;21;22;23
,527,1000060,1075,1500075,1031,1500031,metro,1,1.1,Yellow-S,Antioch to SFIA/Millbrae,1,service_links,9057.430966,1,2,1134,77.62403342,48.24365035,,0,7,2268,0.15,4,1,0,0,"LINESTRING (-122.295244 37.804823, -122.39718 37.792688999999996)",w_metro_only;w_bus_metro;d_metro_only;d_bus_metro,Bay Area Rapid Transit,10,1.1:0;2;3;4;5;6;7;8;9;10;11;12;13;14;15;16;17;18;19;20;21;22;23
,528,1000513,1076,1500076,2,1000002,metro,1,11.1,Blue-S,Dublin/Pleasanton to Daly City,2,deboarding_links,14.17434139,1,8,3000,2,1.24300808,,0,0,24000,0.15,4,1,0,0,"LINESTRING (-122.419855 37.76507599999999, -122.419755 37.765176)",w_metro_only;w_bus_metro;d_metro_only;d_bus_metro,Bay Area Rapid Transit,-1,11.1.16TH:0;1;2;3;4;5;6;7;8;9;10;11;12;13;14;15;16;17
,529,1000086,1076,1500076,1077,1500077,metro,1,11.1,Blue-S,Dublin/Pleasanton to Daly City,1,service_links,1422.343233,1,8,756,42.64897251,26.50650871,,0,2,6048,0.15,4,1,0,0,"LINESTRING (-122.419855 37.76507599999999, -122.41861800000001 37.752322)",w_metro_only;w_bus_metro;d_metro_only;d_bus_metro,Bay Area Rapid Transit,13,11.1:0;1;2;3;4;5;6;7;8;9;10;11;12;13;14;15;16;17
,530,1000515,1077,1500077,4,1000004,metro,1,11.1,Blue-S,Dublin/Pleasanton to Daly City,2,deboarding_links,14.17528137,1,8,3000,2,1.24300808,,0,0,24000,0.15,4,1,0,0,"LINESTRING (-122.41861800000001 37.752322, -122.418518 37.752422)",w_metro_only;w_bus_metro;d_metro_only;d_bus_metro,Bay Area Rapid Transit,-1,11.1.24TH:0;1;2;3;4;5;6;7;8;9;10;11;12;13;14;15;16;17
,531,1000087,1077,1500077,1087,1500087,metro,1,11.1,Blue-S,Dublin/Pleasanton to Daly City,1,service_links,2506.860712,1,8,756,50.12050741,31.15009783,,0,3,6048,0.15,4,1,0,0,"LINESTRING (-122.41861800000001 37.752322, -122.433657 37.733169)",w_metro_only;w_bus_metro;d_metro_only;d_bus_metro,Bay Area Rapid Transit,14,11.1:0;1;2;3;4;5;6;7;8;9;10;11;12;13;14;15;16;17
,532,1000517,1078,1500078,7,1000007,metro,1,11.1,Blue-S,Dublin/Pleasanton to Daly City,2,deboarding_links,14.17754066,1,8,3000,2,1.24300808,,0,0,24000,0.15,4,1,0,0,"LINESTRING (-122.44761 37.721658, -122.44751 37.721758)",w_metro_only;w_bus_metro;d_metro_only;d_bus_metro,Bay Area Rapid Transit,-1,11.1.BALB:0;1;2;3;4;5;6;7;8;9;10;11;12;13;14;15;16;17
,533,1000089,1078,1500078,1083,1500083,metro,1,11.1,Blue-S,Dublin/Pleasanton to Daly City,1,service_links,2554.269889,1,8,756,38.30447222,23.80638423,,0,4,6048,0.15,4,1,0,0,"LINESTRING (-122.44761 37.721658, -122.469094 37.706204)",w_metro_only;w_bus_metro;d_metro_only;d_bus_metro,Bay Area Rapid Transit,16,11.1:0;1;2;3;4;5;6;7;8;9;10;11;12;13;14;15;16;17
,534,1000519,1079,1500079,8,1000008,metro,1,11.1,Blue-S,Dublin/Pleasanton to Daly City,2,deboarding_links,14.17936864,1,8,3000,2,1.24300808,,0,0,24000,0.15,4,1,0,0,"LINESTRING (-122.126531 37.696838, -122.126431 37.696938)",w_metro_only;w_bus_metro;d_metro_only;d_bus_metro,Bay Area Rapid Transit,-1,11.1.BAYF:0;1;2;3;4;5;6;7;8;9;10;11;12;13;14;15;16;17
,535,1000076,1079,1500079,1091,1500091,metro,1,11.1,Blue-S,Dublin/Pleasanton to Daly City,1,service_links,4091.586584,1,8,756,61.35845914,38.13453023,,0,4,6048,0.15,4,1,0,0,"LINESTRING (-122.126531 37.696838, -122.160813 37.721706)",w_metro_only;w_bus_metro;d_metro_only;d_bus_metro,Bay Area Rapid Transit,3,11.1:0;1;2;3;4;5;6;7;8;9;10;11;12;13;14;15;16;17
,536,1000521,1080,1500080,10,1000010,metro,1,11.1,Blue-S,Dublin/Pleasanton to Daly City,2,deboarding_links,14.17982237,1,8,3000,2,1.24300808,,0,0,24000,0.15,4,1,0,0,"LINESTRING (-122.075715 37.690675999999996, -122.075615 37.690776)",w_metro_only;w_bus_metro;d_metro_only;d_bus_metro,Bay Area Rapid Transit,-1,11.1.CAST:0;1;2;3;4;5;6;7;8;9;10;11;12;13;14;15;16;17
,537,1000075,1080,1500080,1079,1500079,metro,1,11.1,Blue-S,Dublin/Pleasanton to Daly City,1,service_links,4523.365949,1,8,756,67.83353085,42.15881345,,0,4,6048,0.15,4,1,0,0,"LINESTRING (-122.075715 37.690675999999996, -122.126531 37.696838)",w_metro_only;w_bus_metro;d_metro_only;d_bus_metro,Bay Area Rapid Transit,2,11.1:0;1;2;3;4;5;6;7;8;9;10;11;12;13;14;15;16;17
,538,1000523,1081,1500081,11,1000011,metro,1,11.1,Blue-S,Dublin/Pleasanton to Daly City,2,deboarding_links,14.17328917,1,8,3000,2,1.24300808,,0,0,24000,0.15,4,1,0,0,"LINESTRING (-122.413979 37.779349999999994, -122.413879 37.77945)",w_metro_only;w_bus_metro;d_metro_only;d_bus_metro,Bay Area Rapid Transit,-1,11.1.CIVC:0;1;2;3;4;5;6;7;8;9;10;11;12;13;14;15;16;17
,539,1000085,1081,1500081,1076,1500076,metro,1,11.1,Blue-S,Dublin/Pleasanton to Daly City,1,service_links,1669.110613,1,8,756,33.37108857,20.74026636,,0,3,6048,0.15,4,1,0,0,"LINESTRING (-122.413979 37.779349999999994, -122.419855 37.76507599999999)",w_metro_only;w_bus_metro;d_metro_only;d_bus_metro,Bay Area Rapid Transit,12,11.1:0;1;2;3;4;5;6;7;8;9;10;11;12;13;14;15;16;17
,540,1000525,1082,1500082,13,1000013,metro,1,11.1,Blue-S,Dublin/Pleasanton to Daly City,2,deboarding_links,14.17519427,1,8,3000,2,1.24300808,,0,0,24000,0.15,4,1,0,0,"LINESTRING (-122.196798 37.753504, -122.196698 37.753604)",w_metro_only;w_bus_metro;d_metro_only;d_bus_metro,Bay Area Rapid Transit,-1,11.1.COLS:0;1;2;3;4;5;6;7;8;9;10;11;12;13;14;15;16;17
,541,1000078,1082,1500082,1086,1500086,metro,1,11.1,Blue-S,Dublin/Pleasanton to Daly City,1,service_links,3373.621001,1,8,756,50.5916671,31.44292548,,0,4,6048,0.15,4,1,0,0,"LINESTRING (-122.196798 37.753504, -122.22416700000001 37.774772999999996)",w_metro_only;w_bus_metro;d_metro_only;d_bus_metro,Bay Area Rapid Transit,5,11.1:0;1;2;3;4;5;6;7;8;9;10;11;12;13;14;15;16;17
,542,1000527,1083,1500083,15,1000015,metro,1,11.1,Blue-S,Dublin/Pleasanton to Daly City,2,deboarding_links,14.17867891,1,8,3000,2,1.24300808,,0,0,24000,0.15,4,1,0,0,"LINESTRING (-122.469094 37.706204, -122.468994 37.706304)",w_metro_only;w_bus_metro;d_metro_only;d_bus_metro,Bay Area Rapid Transit,-1,11.1.DALY:0;1;2;3;4;5;6;7;8;9;10;11;12;13;14;15;16;17
,543,1000529,1084,1500084,18,1000018,metro,1,11.1,Blue-S,Dublin/Pleasanton to Daly City,2,deboarding_links,14.17901856,1,8,3000,2,1.24300808,,0,0,24000,0.15,4,1,0,0,"LINESTRING (-121.899342 37.701592, -121.899242 37.701692)",w_metro_only;w_bus_metro;d_metro_only;d_bus_metro,Bay Area Rapid Transit,-1,11.1.DUBL:0;1;2;3;4;5;6;7;8;9;10;11;12;13;14;15;16;17
,544,1000073,1084,1500084,1092,1500092,metro,1,11.1,Blue-S,Dublin/Pleasanton to Daly City,1,service_links,2565.600537,1,8,756,51.29491243,31.87999529,,0,3,6048,0.15,4,1,0,0,"LINESTRING (-121.899342 37.701592, -121.92840100000001 37.699659999999994)",w_metro_only;w_bus_metro;d_metro_only;d_bus_metro,Bay Area Rapid Transit,0,11.1:0;1;2;3;4;5;6;7;8;9;10;11;12;13;14;15;16;17
,545,1000531,1085,1500085,19,1000019,metro,1,11.1,Blue-S,Dublin/Pleasanton to Daly City,2,deboarding_links,14.17230569,1,8,3000,2,1.24300808,,0,0,24000,0.15,4,1,0,0,"LINESTRING (-122.39718 37.792688999999996, -122.39708 37.792789)",w_metro_only;w_bus_metro;d_metro_only;d_bus_metro,Bay Area Rapid Transit,-1,11.1.EMBR:0;1;2;3;4;5;6;7;8;9;10;11;12;13;14;15;16;17
,546,1000082,1085,1500085,1089,1500089,metro,1,11.1,Blue-S,Dublin/Pleasanton to Daly City,1,service_links,564.6331952,1,8,756,16.93053059,10.52239316,,0,2,6048,0.15,4,1,0,0,"LINESTRING (-122.39718 37.792688999999996, -122.401742 37.78911299999999)",w_metro_only;w_bus_metro;d_metro_only;d_bus_metro,Bay Area Rapid Transit,9,11.1:0;1;2;3;4;5;6;7;8;9;10;11;12;13;14;15;16;17
,547,1000533,1086,1500086,21,1000021,metro,1,11.1,Blue-S,Dublin/Pleasanton to Daly City,2,deboarding_links,14.17362659,1,8,3000,2,1.24300808,,0,0,24000,0.15,4,1,0,0,"LINESTRING (-122.22416700000001 37.774772999999996, -122.224067 37.774873)",w_metro_only;w_bus_metro;d_metro_only;d_bus_metro,Bay Area Rapid Transit,-1,11.1.FTVL:0;1;2;3;4;5;6;7;8;9;10;11;12;13;14;15;16;17
,548,1000079,1086,1500086,1088,1500088,metro,1,11.1,Blue-S,Dublin/Pleasanton to Daly City,1,service_links,4397.360844,1,8,756,65.94392668,40.98441683,,0,4,6048,0.15,4,1,0,0,"LINESTRING (-122.22416700000001 37.774772999999996, -122.265332 37.797256999999995)",w_metro_only;w_bus_metro;d_metro_only;d_bus_metro,Bay Area Rapid Transit,6,11.1:0;1;2;3;4;5;6;7;8;9;10;11;12;13;14;15;16;17
,549,1000535,1087,1500087,22,1000022,metro,1,11.1,Blue-S,Dublin/Pleasanton to Daly City,2,deboarding_links,14.17669266,1,8,3000,2,1.24300808,,0,0,24000,0.15,4,1,0,0,"LINESTRING (-122.433657 37.733169, -122.433557 37.733269)",w_metro_only;w_bus_metro;d_metro_only;d_bus_metro,Bay Area Rapid Transit,-1,11.1.GLEN:0;1;2;3;4;5;6;7;8;9;10;11;12;13;14;15;16;17
,550,1000088,1087,1500087,1078,1500078,metro,1,11.1,Blue-S,Dublin/Pleasanton to Daly City,1,service_links,1773.178348,1,8,756,53.16876605,33.04460289,,0,2,6048,0.15,4,1,0,0,"LINESTRING (-122.433657 37.733169, -122.44761 37.721658)",w_metro_only;w_bus_metro;d_metro_only;d_bus_metro,Bay Area Rapid Transit,15,11.1:0;1;2;3;4;5;6;7;8;9;10;11;12;13;14;15;16;17
,551,1000537,1088,1500088,25,1000025,metro,1,11.1,Blue-S,Dublin/Pleasanton to Daly City,2,deboarding_links,14.17196884,1,8,3000,2,1.24300808,,0,0,24000,0.15,4,1,0,0,"LINESTRING (-122.265332 37.797256999999995, -122.265232 37.797357)",w_metro_only;w_bus_metro;d_metro_only;d_bus_metro,Bay Area Rapid Transit,-1,11.1.LAKE:0;1;2;3;4;5;6;7;8;9;10;11;12;13;14;15;16;17
,552,1000080,1088,1500088,1093,1500093,metro,1,11.1,Blue-S,Dublin/Pleasanton to Daly City,1,service_links,2759.443557,1,8,756,33.10670134,20.57594863,,0,5,6048,0.15,4,1,0,0,"LINESTRING (-122.265332 37.797256999999995, -122.295244 37.804823)",w_metro_only;w_bus_metro;d_metro_only;d_bus_metro,Bay Area Rapid Transit,7,11.1:0;1;2;3;4;5;6;7;8;9;10;11;12;13;14;15;16;17
,553,1000539,1089,1500089,29,1000029,metro,1,11.1,Blue-S,Dublin/Pleasanton to Daly City,2,deboarding_links,14.17256936,1,8,3000,2,1.24300808,,0,0,24000,0.15,4,1,0,0,"LINESTRING (-122.401742 37.78911299999999, -122.401642 37.789213)",w_metro_only;w_bus_metro;d_metro_only;d_bus_metro,Bay Area Rapid Transit,-1,11.1.MONT:0;1;2;3;4;5;6;7;8;9;10;11;12;13;14;15;16;17
,554,1000083,1089,1500089,1090,1500090,metro,1,11.1,Blue-S,Dublin/Pleasanton to Daly City,1,service_links,716.1548312,1,8,756,21.47390798,13.34612056,,0,2,6048,0.15,4,1,0,0,"LINESTRING (-122.401742 37.78911299999999, -122.407487 37.784544999999994)",w_metro_only;w_bus_metro;d_metro_only;d_bus_metro,Bay Area Rapid Transit,10,11.1:0;1;2;3;4;5;6;7;8;9;10;11;12;13;14;15;16;17
,555,1000541,1090,1500090,38,1000038,metro,1,11.1,Blue-S,Dublin/Pleasanton to Daly City,2,deboarding_links,14.17290616,1,8,3000,2,1.24300808,,0,0,24000,0.15,4,1,0,0,"LINESTRING (-122.407487 37.784544999999994, -122.407387 37.784645)",w_metro_only;w_bus_metro;d_metro_only;d_bus_metro,Bay Area Rapid Transit,-1,11.1.POWL:0;1;2;3;4;5;6;7;8;9;10;11;12;13;14;15;16;17
,556,1000084,1090,1500090,1081,1500081,metro,1,11.1,Blue-S,Dublin/Pleasanton to Daly City,1,service_links,811.9100539,1,8,756,48.6659373,30.24607663,,0,1,6048,0.15,4,1,0,0,"LINESTRING (-122.407487 37.784544999999994, -122.413979 37.779349999999994)",w_metro_only;w_bus_metro;d_metro_only;d_bus_metro,Bay Area Rapid Transit,11,11.1:0;1;2;3;4;5;6;7;8;9;10;11;12;13;14;15;16;17
,557,1000543,1091,1500091,41,1000041,metro,1,11.1,Blue-S,Dublin/Pleasanton to Daly City,2,deboarding_links,14.17753712,1,8,3000,2,1.24300808,,0,0,24000,0.15,4,1,0,0,"LINESTRING (-122.160813 37.721706, -122.160713 37.721806)",w_metro_only;w_bus_metro;d_metro_only;d_bus_metro,Bay Area Rapid Transit,-1,11.1.SANL:0;1;2;3;4;5;6;7;8;9;10;11;12;13;14;15;16;17
,558,1000077,1091,1500091,1082,1500082,metro,1,11.1,Blue-S,Dublin/Pleasanton to Daly City,1,service_links,4744.982255,1,8,756,71.15694459,44.22432852,,0,4,6048,0.15,4,1,0,0,"LINESTRING (-122.160813 37.721706, -122.196798 37.753504)",w_metro_only;w_bus_metro;d_metro_only;d_bus_metro,Bay Area Rapid Transit,4,11.1:0;1;2;3;4;5;6;7;8;9;10;11;12;13;14;15;16;17
,559,1000545,1092,1500092,49,1000049,metro,1,11.1,Blue-S,Dublin/Pleasanton to Daly City,2,deboarding_links,14.17916083,1,8,3000,2,1.24300808,,0,0,24000,0.15,4,1,0,0,"LINESTRING (-121.92840100000001 37.699659999999994, -121.928301 37.69976)",w_metro_only;w_bus_metro;d_metro_only;d_bus_metro,Bay Area Rapid Transit,-1,11.1.WDUB:0;1;2;3;4;5;6;7;8;9;10;11;12;13;14;15;16;17
,560,1000074,1092,1500092,1080,1500080,metro,1,11.1,Blue-S,Dublin/Pleasanton to Daly City,1,service_links,12999.97504,1,8,756,77.99205103,48.47237478,,0,10,6048,0.15,4,1,0,0,"LINESTRING (-121.92840100000001 37.699659999999994, -122.075715 37.690675999999996)",w_metro_only;w_bus_metro;d_metro_only;d_bus_metro,Bay Area Rapid Transit,1,11.1:0;1;2;3;4;5;6;7;8;9;10;11;12;13;14;15;16;17
,561,1000547,1093,1500093,50,1000050,metro,1,11.1,Blue-S,Dublin/Pleasanton to Daly City,2,deboarding_links,14.17141088,1,8,3000,2,1.24300808,,0,0,24000,0.15,4,1,0,0,"LINESTRING (-122.295244 37.804823, -122.295144 37.804923)",w_metro_only;w_bus_metro;d_metro_only;d_bus_metro,Bay Area Rapid Transit,-1,11.1.WOAK:0;1;2;3;4;5;6;7;8;9;10;11;12;13;14;15;16;17
,562,1000081,1093,1500093,1085,1500085,metro,1,11.1,Blue-S,Dublin/Pleasanton to Daly City,1,service_links,9057.430966,1,8,756,77.62403342,48.24365035,,0,7,6048,0.15,4,1,0,0,"LINESTRING (-122.295244 37.804823, -122.39718 37.792688999999996)",w_metro_only;w_bus_metro;d_metro_only;d_bus_metro,Bay Area Rapid Transit,8,11.1:0;1;2;3;4;5;6;7;8;9;10;11;12;13;14;15;16;17
,563,1000549,1094,1500094,2,1000002,metro,1,12.2,Blue-N,Daly City to Dublin/Pleasanton,2,deboarding_links,14.17434139,1,6,3000,2,1.24300808,,0,0,18000,0.15,4,1,0,0,"LINESTRING (-122.419855 37.76507599999999, -122.419755 37.765176)",w_metro_only;w_bus_metro;d_metro_only;d_bus_metro,Bay Area Rapid Transit,-1,12.2.16TH:0;1;2;3;4;5;6;7;8;9;10;11;12;13;14;15;16;17
,564,1000094,1094,1500094,1099,1500099,metro,1,12.2,Blue-N,Daly City to Dublin/Pleasanton,1,service_links,1669.110613,1,6,756,33.37108857,20.74026636,,0,3,4536,0.15,4,1,0,0,"LINESTRING (-122.419855 37.76507599999999, -122.413979 37.779349999999994)",w_metro_only;w_bus_metro;d_metro_only;d_bus_metro,Bay Area Rapid Transit,4,12.2:0;1;2;3;4;5;6;7;8;9;10;11;12;13;14;15;16;17
,565,1000551,1095,1500095,4,1000004,metro,1,12.2,Blue-N,Daly City to Dublin/Pleasanton,2,deboarding_links,14.17528137,1,6,3000,2,1.24300808,,0,0,18000,0.15,4,1,0,0,"LINESTRING (-122.41861800000001 37.752322, -122.418518 37.752422)",w_metro_only;w_bus_metro;d_metro_only;d_bus_metro,Bay Area Rapid Transit,-1,12.2.24TH:0;1;2;3;4;5;6;7;8;9;10;11;12;13;14;15;16;17
,566,1000093,1095,1500095,1094,1500094,metro,1,12.2,Blue-N,Daly City to Dublin/Pleasanton,1,service_links,1422.343233,1,6,756,42.64897251,26.50650871,,0,2,4536,0.15,4,1,0,0,"LINESTRING (-122.41861800000001 37.752322, -122.419855 37.76507599999999)",w_metro_only;w_bus_metro;d_metro_only;d_bus_metro,Bay Area Rapid Transit,3,12.2:0;1;2;3;4;5;6;7;8;9;10;11;12;13;14;15;16;17
,567,1000553,1096,1500096,7,1000007,metro,1,12.2,Blue-N,Daly City to Dublin/Pleasanton,2,deboarding_links,14.17754066,1,6,3000,2,1.24300808,,0,0,18000,0.15,4,1,0,0,"LINESTRING (-122.44761 37.721658, -122.44751 37.721758)",w_metro_only;w_bus_metro;d_metro_only;d_bus_metro,Bay Area Rapid Transit,-1,12.2.BALB:0;1;2;3;4;5;6;7;8;9;10;11;12;13;14;15;16;17
,568,1000091,1096,1500096,1105,1500105,metro,1,12.2,Blue-N,Daly City to Dublin/Pleasanton,1,service_links,1773.178348,1,6,756,35.4517497,22.03340566,,0,3,4536,0.15,4,1,0,0,"LINESTRING (-122.44761 37.721658, -122.433657 37.733169)",w_metro_only;w_bus_metro;d_metro_only;d_bus_metro,Bay Area Rapid Transit,1,12.2:0;1;2;3;4;5;6;7;8;9;10;11;12;13;14;15;16;17
,569,1000555,1097,1500097,8,1000008,metro,1,12.2,Blue-N,Daly City to Dublin/Pleasanton,2,deboarding_links,14.17936864,1,6,3000,2,1.24300808,,0,0,18000,0.15,4,1,0,0,"LINESTRING (-122.126531 37.696838, -122.126431 37.696938)",w_metro_only;w_bus_metro;d_metro_only;d_bus_metro,Bay Area Rapid Transit,-1,12.2.BAYF:0;1;2;3;4;5;6;7;8;9;10;11;12;13;14;15;16;17
,570,1000104,1097,1500097,1098,1500098,metro,1,12.2,Blue-N,Daly City to Dublin/Pleasanton,1,service_links,4523.365949,1,6,756,54.26953748,33.72873678,,0,5,4536,0.15,4,1,0,0,"LINESTRING (-122.126531 37.696838, -122.075715 37.690675999999996)",w_metro_only;w_bus_metro;d_metro_only;d_bus_metro,Bay Area Rapid Transit,14,12.2:0;1;2;3;4;5;6;7;8;9;10;11;12;13;14;15;16;17
,571,1000557,1098,1500098,10,1000010,metro,1,12.2,Blue-N,Daly City to Dublin/Pleasanton,2,deboarding_links,14.17982237,1,6,3000,2,1.24300808,,0,0,18000,0.15,4,1,0,0,"LINESTRING (-122.075715 37.690675999999996, -122.075615 37.690776)",w_metro_only;w_bus_metro;d_metro_only;d_bus_metro,Bay Area Rapid Transit,-1,12.2.CAST:0;1;2;3;4;5;6;7;8;9;10;11;12;13;14;15;16;17
,572,1000105,1098,1500098,1110,1500110,metro,1,12.2,Blue-N,Daly City to Dublin/Pleasanton,1,service_links,12999.97504,1,6,756,86.65687171,53.85759584,,0,9,4536,0.15,4,1,0,0,"LINESTRING (-122.075715 37.690675999999996, -121.92840100000001 37.699659999999994)",w_metro_only;w_bus_metro;d_metro_only;d_bus_metro,Bay Area Rapid Transit,15,12.2:0;1;2;3;4;5;6;7;8;9;10;11;12;13;14;15;16;17
,573,1000559,1099,1500099,11,1000011,metro,1,12.2,Blue-N,Daly City to Dublin/Pleasanton,2,deboarding_links,14.17328917,1,6,3000,2,1.24300808,,0,0,18000,0.15,4,1,0,0,"LINESTRING (-122.413979 37.779349999999994, -122.413879 37.77945)",w_metro_only;w_bus_metro;d_metro_only;d_bus_metro,Bay Area Rapid Transit,-1,12.2.CIVC:0;1;2;3;4;5;6;7;8;9;10;11;12;13;14;15;16;17
,574,1000095,1099,1500099,1108,1500108,metro,1,12.2,Blue-N,Daly City to Dublin/Pleasanton,1,service_links,811.9100539,1,6,756,48.6659373,30.24607663,,0,1,4536,0.15,4,1,0,0,"LINESTRING (-122.413979 37.779349999999994, -122.407487 37.784544999999994)",w_metro_only;w_bus_metro;d_metro_only;d_bus_metro,Bay Area Rapid Transit,5,12.2:0;1;2;3;4;5;6;7;8;9;10;11;12;13;14;15;16;17
,575,1000561,1100,1500100,13,1000013,metro,1,12.2,Blue-N,Daly City to Dublin/Pleasanton,2,deboarding_links,14.17519427,1,6,3000,2,1.24300808,,0,0,18000,0.15,4,1,0,0,"LINESTRING (-122.196798 37.753504, -122.196698 37.753604)",w_metro_only;w_bus_metro;d_metro_only;d_bus_metro,Bay Area Rapid Transit,-1,12.2.COLS:0;1;2;3;4;5;6;7;8;9;10;11;12;13;14;15;16;17
,576,1000102,1100,1500100,1109,1500109,metro,1,12.2,Blue-N,Daly City to Dublin/Pleasanton,1,service_links,4744.982255,1,6,756,71.15694459,44.22432852,,0,4,4536,0.15,4,1,0,0,"LINESTRING (-122.196798 37.753504, -122.160813 37.721706)",w_metro_only;w_bus_metro;d_metro_only;d_bus_metro,Bay Area Rapid Transit,12,12.2:0;1;2;3;4;5;6;7;8;9;10;11;12;13;14;15;16;17
,577,1000563,1101,1500101,15,1000015,metro,1,12.2,Blue-N,Daly City to Dublin/Pleasanton,2,deboarding_links,14.17867891,1,6,3000,2,1.24300808,,0,0,18000,0.15,4,1,0,0,"LINESTRING (-122.469094 37.706204, -122.468994 37.706304)",w_metro_only;w_bus_metro;d_metro_only;d_bus_metro,Bay Area Rapid Transit,-1,12.2.DALY:0;1;2;3;4;5;6;7;8;9;10;11;12;13;14;15;16;17
,578,1000090,1101,1500101,1096,1500096,metro,1,12.2,Blue-N,Daly City to Dublin/Pleasanton,1,service_links,2554.269889,1,6,756,51.06837499,31.73920136,,0,3,4536,0.15,4,1,0,0,"LINESTRING (-122.469094 37.706204, -122.44761 37.721658)",w_metro_only;w_bus_metro;d_metro_only;d_bus_metro,Bay Area Rapid Transit,0,12.2:0;1;2;3;4;5;6;7;8;9;10;11;12;13;14;15;16;17
,579,1000565,1102,1500102,18,1000018,metro,1,12.2,Blue-N,Daly City to Dublin/Pleasanton,2,deboarding_links,14.17901856,1,6,3000,2,1.24300808,,0,0,18000,0.15,4,1,0,0,"LINESTRING (-121.899342 37.701592, -121.899242 37.701692)",w_metro_only;w_bus_metro;d_metro_only;d_bus_metro,Bay Area Rapid Transit,-1,12.2.DUBL:0;1;2;3;4;5;6;7;8;9;10;11;12;13;14;15;16;17
,580,1000567,1103,1500103,19,1000019,metro,1,12.2,Blue-N,Daly City to Dublin/Pleasanton,2,deboarding_links,14.17230569,1,6,3000,2,1.24300808,,0,0,18000,0.15,4,1,0,0,"LINESTRING (-122.39718 37.792688999999996, -122.39708 37.792789)",w_metro_only;w_bus_metro;d_metro_only;d_bus_metro,Bay Area Rapid Transit,-1,12.2.EMBR:0;1;2;3;4;5;6;7;8;9;10;11;12;13;14;15;16;17
,581,1000098,1103,1500103,1111,1500111,metro,1,12.2,Blue-N,Daly City to Dublin/Pleasanton,1,service_links,9057.430966,1,6,756,77.62403342,48.24365035,,0,7,4536,0.15,4,1,0,0,"LINESTRING (-122.39718 37.792688999999996, -122.295244 37.804823)",w_metro_only;w_bus_metro;d_metro_only;d_bus_metro,Bay Area Rapid Transit,8,12.2:0;1;2;3;4;5;6;7;8;9;10;11;12;13;14;15;16;17
,582,1000569,1104,1500104,21,1000021,metro,1,12.2,Blue-N,Daly City to Dublin/Pleasanton,2,deboarding_links,14.17362659,1,6,3000,2,1.24300808,,0,0,18000,0.15,4,1,0,0,"LINESTRING (-122.22416700000001 37.774772999999996, -122.224067 37.774873)",w_metro_only;w_bus_metro;d_metro_only;d_bus_metro,Bay Area Rapid Transit,-1,12.2.FTVL:0;1;2;3;4;5;6;7;8;9;10;11;12;13;14;15;16;17
,583,1000101,1104,1500104,1100,1500100,metro,1,12.2,Blue-N,Daly City to Dublin/Pleasanton,1,service_links,3373.621001,1,6,756,67.44993671,41.92040815,,0,3,4536,0.15,4,1,0,0,"LINESTRING (-122.22416700000001 37.774772999999996, -122.196798 37.753504)",w_metro_only;w_bus_metro;d_metro_only;d_bus_metro,Bay Area Rapid Transit,11,12.2:0;1;2;3;4;5;6;7;8;9;10;11;12;13;14;15;16;17
,584,1000571,1105,1500105,22,1000022,metro,1,12.2,Blue-N,Daly City to Dublin/Pleasanton,2,deboarding_links,14.17669266,1,6,3000,2,1.24300808,,0,0,18000,0.15,4,1,0,0,"LINESTRING (-122.433657 37.733169, -122.433557 37.733269)",w_metro_only;w_bus_metro;d_metro_only;d_bus_metro,Bay Area Rapid Transit,-1,12.2.GLEN:0;1;2;3;4;5;6;7;8;9;10;11;12;13;14;15;16;17
,585,1000092,1105,1500105,1095,1500095,metro,1,12.2,Blue-N,Daly City to Dublin/Pleasanton,1,service_links,2506.860712,1,6,756,75.16823724,46.71736311,,0,2,4536,0.15,4,1,0,0,"LINESTRING (-122.433657 37.733169, -122.41861800000001 37.752322)",w_metro_only;w_bus_metro;d_metro_only;d_bus_metro,Bay Area Rapid Transit,2,12.2:0;1;2;3;4;5;6;7;8;9;10;11;12;13;14;15;16;17
,586,1000573,1106,1500106,25,1000025,metro,1,12.2,Blue-N,Daly City to Dublin/Pleasanton,2,deboarding_links,14.17196884,1,6,3000,2,1.24300808,,0,0,18000,0.15,4,1,0,0,"LINESTRING (-122.265332 37.797256999999995, -122.265232 37.797357)",w_metro_only;w_bus_metro;d_metro_only;d_bus_metro,Bay Area Rapid Transit,-1,12.2.LAKE:0;1;2;3;4;5;6;7;8;9;10;11;12;13;14;15;16;17
,587,1000100,1106,1500106,1104,1500104,metro,1,12.2,Blue-N,Daly City to Dublin/Pleasanton,1,service_links,4397.360844,1,6,756,65.94392668,40.98441683,,0,4,4536,0.15,4,1,0,0,"LINESTRING (-122.265332 37.797256999999995, -122.22416700000001 37.774772999999996)",w_metro_only;w_bus_metro;d_metro_only;d_bus_metro,Bay Area Rapid Transit,10,12.2:0;1;2;3;4;5;6;7;8;9;10;11;12;13;14;15;16;17
,588,1000575,1107,1500107,29,1000029,metro,1,12.2,Blue-N,Daly City to Dublin/Pleasanton,2,deboarding_links,14.17256936,1,6,3000,2,1.24300808,,0,0,18000,0.15,4,1,0,0,"LINESTRING (-122.401742 37.78911299999999, -122.401642 37.789213)",w_metro_only;w_bus_metro;d_metro_only;d_bus_metro,Bay Area Rapid Transit,-1,12.2.MONT:0;1;2;3;4;5;6;7;8;9;10;11;12;13;14;15;16;17
,589,1000097,1107,1500107,1103,1500103,metro,1,12.2,Blue-N,Daly City to Dublin/Pleasanton,1,service_links,564.6331952,1,6,756,16.93053059,10.52239316,,0,2,4536,0.15,4,1,0,0,"LINESTRING (-122.401742 37.78911299999999, -122.39718 37.792688999999996)",w_metro_only;w_bus_metro;d_metro_only;d_bus_metro,Bay Area Rapid Transit,7,12.2:0;1;2;3;4;5;6;7;8;9;10;11;12;13;14;15;16;17
,590,1000577,1108,1500108,38,1000038,metro,1,12.2,Blue-N,Daly City to Dublin/Pleasanton,2,deboarding_links,14.17290616,1,6,3000,2,1.24300808,,0,0,18000,0.15,4,1,0,0,"LINESTRING (-122.407487 37.784544999999994, -122.407387 37.784645)",w_metro_only;w_bus_metro;d_metro_only;d_bus_metro,Bay Area Rapid Transit,-1,12.2.POWL:0;1;2;3;4;5;6;7;8;9;10;11;12;13;14;15;16;17
,591,1000096,1108,1500108,1107,1500107,metro,1,12.2,Blue-N,Daly City to Dublin/Pleasanton,1,service_links,716.1548312,1,6,756,21.47390798,13.34612056,,0,2,4536,0.15,4,1,0,0,"LINESTRING (-122.407487 37.784544999999994, -122.401742 37.78911299999999)",w_metro_only;w_bus_metro;d_metro_only;d_bus_metro,Bay Area Rapid Transit,6,12.2:0;1;2;3;4;5;6;7;8;9;10;11;12;13;14;15;16;17
,592,1000579,1109,1500109,41,1000041,metro,1,12.2,Blue-N,Daly City to Dublin/Pleasanton,2,deboarding_links,14.17753712,1,6,3000,2,1.24300808,,0,0,18000,0.15,4,1,0,0,"LINESTRING (-122.160813 37.721706, -122.160713 37.721806)",w_metro_only;w_bus_metro;d_metro_only;d_bus_metro,Bay Area Rapid Transit,-1,12.2.SANL:0;1;2;3;4;5;6;7;8;9;10;11;12;13;14;15;16;17
,593,1000103,1109,1500109,1097,1500097,metro,1,12.2,Blue-N,Daly City to Dublin/Pleasanton,1,service_links,4091.586584,1,6,756,61.35845914,38.13453023,,0,4,4536,0.15,4,1,0,0,"LINESTRING (-122.160813 37.721706, -122.126531 37.696838)",w_metro_only;w_bus_metro;d_metro_only;d_bus_metro,Bay Area Rapid Transit,13,12.2:0;1;2;3;4;5;6;7;8;9;10;11;12;13;14;15;16;17
,594,1000581,1110,1500110,49,1000049,metro,1,12.2,Blue-N,Daly City to Dublin/Pleasanton,2,deboarding_links,14.17916083,1,6,3000,2,1.24300808,,0,0,18000,0.15,4,1,0,0,"LINESTRING (-121.92840100000001 37.699659999999994, -121.928301 37.69976)",w_metro_only;w_bus_metro;d_metro_only;d_bus_metro,Bay Area Rapid Transit,-1,12.2.WDUB:0;1;2;3;4;5;6;7;8;9;10;11;12;13;14;15;16;17
,595,1000106,1110,1500110,1102,1500102,metro,1,12.2,Blue-N,Daly City to Dublin/Pleasanton,1,service_links,2565.600537,1,6,756,51.29491243,31.87999529,,0,3,4536,0.15,4,1,0,0,"LINESTRING (-121.92840100000001 37.699659999999994, -121.899342 37.701592)",w_metro_only;w_bus_metro;d_metro_only;d_bus_metro,Bay Area Rapid Transit,16,12.2:0;1;2;3;4;5;6;7;8;9;10;11;12;13;14;15;16;17
,596,1000583,1111,1500111,50,1000050,metro,1,12.2,Blue-N,Daly City to Dublin/Pleasanton,2,deboarding_links,14.17141088,1,6,3000,2,1.24300808,,0,0,18000,0.15,4,1,0,0,"LINESTRING (-122.295244 37.804823, -122.295144 37.804923)",w_metro_only;w_bus_metro;d_metro_only;d_bus_metro,Bay Area Rapid Transit,-1,12.2.WOAK:0;1;2;3;4;5;6;7;8;9;10;11;12;13;14;15;16;17
,597,1000099,1111,1500111,1106,1500106,metro,1,12.2,Blue-N,Daly City to Dublin/Pleasanton,1,service_links,2759.443557,1,6,756,27.58983726,17.14719531,,0,6,4536,0.15,4,1,0,0,"LINESTRING (-122.295244 37.804823, -122.265332 37.797256999999995)",w_metro_only;w_bus_metro;d_metro_only;d_bus_metro,Bay Area Rapid Transit,9,12.2:0;1;2;3;4;5;6;7;8;9;10;11;12;13;14;15;16;17
,598,1000585,1112,1500112,13,1000013,metro,1,19.2,Beige-N,Oakland Airport to Coliseum,2,deboarding_links,14.17519427,1,21,3000,2,1.24300808,,0,0,63000,0.15,4,1,0,0,"LINESTRING (-122.196798 37.753504, -122.196698 37.753604)",w_metro_only;w_bus_metro;d_metro_only;d_bus_metro,Bay Area Rapid Transit,-1,19.2.COLS:0;2
,599,1000587,1113,1500113,32,1000032,metro,1,19.2,Beige-N,Oakland Airport to Coliseum,2,deboarding_links,14.1781669,1,21,3000,2,1.24300808,,0,0,63000,0.15,4,1,0,0,"LINESTRING (-122.212337 37.713156, -122.212237 37.713256)",w_metro_only;w_bus_metro;d_metro_only;d_bus_metro,Bay Area Rapid Transit,-1,19.2.OAKL:0;2
,600,1000107,1113,1500113,1112,1500112,metro,1,19.2,Beige-N,Oakland Airport to Coliseum,1,service_links,4689.98504,1,21,756,35.17049149,21.85860254,,0,8,15876,0.15,4,1,0,0,"LINESTRING (-122.212337 37.713156, -122.196798 37.753504)",w_metro_only;w_bus_metro;d_metro_only;d_bus_metro,Bay Area Rapid Transit,0,19.2:0;2
,601,1000589,1114,1500114,1,1000001,metro,1,2.2,Yellow-N,Millbrae/SFIA to Antioch,2,deboarding_links,14.17151797,1,3,3000,2,1.24300808,,0,0,9000,0.15,4,1,0,0,"LINESTRING (-122.27168900000001 37.803371, -122.271589 37.803471)",w_metro_only;w_bus_metro;d_metro_only;d_bus_metro,Bay Area Rapid Transit,-1,2.2.12TH:0;1;2;3;4;5;6;7;8;9;10;11;12;13;14;15;16;17;18;19;20;21;23;24;25
,602,1000122,1114,1500114,1120,1500120,metro,1,2.2,Yellow-N,Millbrae/SFIA to Antioch,1,service_links,569.0536035,1,3,1134,17.06307657,10.60477102,,0,2,3402,0.15,4,1,0,0,"LINESTRING (-122.27168900000001 37.803371, -122.268822 37.807959999999994)",w_metro_only;w_bus_metro;d_metro_only;d_bus_metro,Bay Area Rapid Transit,14,2.2:0;1;2;3;4;5;6;7;8;9;10;11;12;13;14;15;16;17;18;19;20;21;23;24;25
,603,1000591,1115,1500115,1,1000001,metro,1,2.2,Yellow-N,Millbrae/SFIA to Antioch,2,deboarding_links,14.17151797,1,7,3000,2,1.24300808,,0,0,21000,0.15,4,1,0,0,"LINESTRING (-122.27168900000001 37.803371, -122.271589 37.803471)",w_metro_only;w_bus_metro;d_metro_only;d_bus_metro,Bay Area Rapid Transit,-1,2.2.12TH:0;1;2;3;4;5;6;7;8;9;10;11;12;13;14;15;16;17;18;19;20;21;23;24;25;26;27
,604,1000146,1115,1500115,1121,1500121,metro,1,2.2,Yellow-N,Millbrae/SFIA to Antioch,1,service_links,569.0536035,1,7,1134,34.10910711,21.19894786,,0,1,7938,0.15,4,1,0,0,"LINESTRING (-122.27168900000001 37.803371, -122.268822 37.807959999999994)",w_metro_only;w_bus_metro;d_metro_only;d_bus_metro,Bay Area Rapid Transit,14,2.2:0;1;2;3;4;5;6;7;8;9;10;11;12;13;14;15;16;17;18;19;20;21;23;24;25;26;27
,605,1000593,1116,1500116,1,1000001,metro,1,2.2,Yellow-N,Millbrae/SFIA to Antioch,2,deboarding_links,14.17151797,1,1,3000,2,1.24300808,,0,0,3000,0.15,4,1,0,0,"LINESTRING (-122.27168900000001 37.803371, -122.271589 37.803471)",w_metro_only;w_bus_metro;d_metro_only;d_bus_metro,Bay Area Rapid Transit,-1,2.2.12TH:0;1;2;3;4;5;6;7;8;9;10;11;12;13;14;15;16;17;19;20;21;22;23
,606,1000168,1116,1500116,1122,1500122,metro,1,2.2,Yellow-N,Millbrae/SFIA to Antioch,1,service_links,569.0536035,1,1,1134,34.10910711,21.19894786,,0,1,1134,0.15,4,1,0,0,"LINESTRING (-122.27168900000001 37.803371, -122.268822 37.807959999999994)",w_metro_only;w_bus_metro;d_metro_only;d_bus_metro,Bay Area Rapid Transit,10,2.2:0;1;2;3;4;5;6;7;8;9;10;11;12;13;14;15;16;17;19;20;21;22;23
,607,1000595,1117,1500117,2,1000002,metro,1,2.2,Yellow-N,Millbrae/SFIA to Antioch,2,deboarding_links,14.17434139,1,3,3000,2,1.24300808,,0,0,9000,0.15,4,1,0,0,"LINESTRING (-122.419855 37.76507599999999, -122.419755 37.765176)",w_metro_only;w_bus_metro;d_metro_only;d_bus_metro,Bay Area Rapid Transit,-1,2.2.16TH:0;1;2;3;4;5;6;7;8;9;10;11;12;13;14;15;16;17;18;19;20;21;23;24;25
,608,1000116,1117,1500117,1131,1500131,metro,1,2.2,Yellow-N,Millbrae/SFIA to Antioch,1,service_links,1669.110613,1,3,1134,33.37108857,20.74026636,,0,3,3402,0.15,4,1,0,0,"LINESTRING (-122.419855 37.76507599999999, -122.413979 37.779349999999994)",w_metro_only;w_bus_metro;d_metro_only;d_bus_metro,Bay Area Rapid Transit,8,2.2:0;1;2;3;4;5;6;7;8;9;10;11;12;13;14;15;16;17;18;19;20;21;23;24;25
,609,1000597,1118,1500118,2,1000002,metro,1,2.2,Yellow-N,Millbrae/SFIA to Antioch,2,deboarding_links,14.17434139,1,7,3000,2,1.24300808,,0,0,21000,0.15,4,1,0,0,"LINESTRING (-122.419855 37.76507599999999, -122.419755 37.765176)",w_metro_only;w_bus_metro;d_metro_only;d_bus_metro,Bay Area Rapid Transit,-1,2.2.16TH:0;1;2;3;4;5;6;7;8;9;10;11;12;13;14;15;16;17;18;19;20;21;23;24;25;26;27
,610,1000140,1118,1500118,1132,1500132,metro,1,2.2,Yellow-N,Millbrae/SFIA to Antioch,1,service_links,1669.110613,1,7,1134,33.37108857,20.74026636,,0,3,7938,0.15,4,1,0,0,"LINESTRING (-122.419855 37.76507599999999, -122.413979 37.779349999999994)",w_metro_only;w_bus_metro;d_metro_only;d_bus_metro,Bay Area Rapid Transit,8,2.2:0;1;2;3;4;5;6;7;8;9;10;11;12;13;14;15;16;17;18;19;20;21;23;24;25;26;27
,611,1000599,1119,1500119,2,1000002,metro,1,2.2,Yellow-N,Millbrae/SFIA to Antioch,2,deboarding_links,14.17434139,1,1,3000,2,1.24300808,,0,0,3000,0.15,4,1,0,0,"LINESTRING (-122.419855 37.76507599999999, -122.419755 37.765176)",w_metro_only;w_bus_metro;d_metro_only;d_bus_metro,Bay Area Rapid Transit,-1,2.2.16TH:0;1;2;3;4;5;6;7;8;9;10;11;12;13;14;15;16;17;19;20;21;22;23
,612,1000162,1119,1500119,1133,1500133,metro,1,2.2,Yellow-N,Millbrae/SFIA to Antioch,1,service_links,1669.110613,1,1,1134,33.37108857,20.74026636,,0,3,1134,0.15,4,1,0,0,"LINESTRING (-122.419855 37.76507599999999, -122.413979 37.779349999999994)",w_metro_only;w_bus_metro;d_metro_only;d_bus_metro,Bay Area Rapid Transit,4,2.2:0;1;2;3;4;5;6;7;8;9;10;11;12;13;14;15;16;17;19;20;21;22;23
,613,1000601,1120,1500120,3,1000003,metro,1,2.2,Yellow-N,Millbrae/SFIA to Antioch,2,deboarding_links,14.17117953,1,3,3000,2,1.24300808,,0,0,9000,0.15,4,1,0,0,"LINESTRING (-122.268822 37.807959999999994, -122.268722 37.80806)",w_metro_only;w_bus_metro;d_metro_only;d_bus_metro,Bay Area Rapid Transit,-1,2.2.19TH:0;1;2;3;4;5;6;7;8;9;10;11;12;13;14;15;16;17;18;19;20;21;23;24;25
,614,1000123,1120,1500120,1151,1500151,metro,1,2.2,Yellow-N,Millbrae/SFIA to Antioch,1,service_links,2311.799007,1,3,1134,34.66831802,21.5464997,,0,4,3402,0.15,4,1,0,0,"LINESTRING (-122.268822 37.807959999999994, -122.267263 37.828714)",w_metro_only;w_bus_metro;d_metro_only;d_bus_metro,Bay Area Rapid Transit,15,2.2:0;1;2;3;4;5;6;7;8;9;10;11;12;13;14;15;16;17;18;19;20;21;23;24;25
,615,1000603,1121,1500121,3,1000003,metro,1,2.2,Yellow-N,Millbrae/SFIA to Antioch,2,deboarding_links,14.17117953,1,7,3000,2,1.24300808,,0,0,21000,0.15,4,1,0,0,"LINESTRING (-122.268822 37.807959999999994, -122.268722 37.80806)",w_metro_only;w_bus_metro;d_metro_only;d_bus_metro,Bay Area Rapid Transit,-1,2.2.19TH:0;1;2;3;4;5;6;7;8;9;10;11;12;13;14;15;16;17;18;19;20;21;23;24;25;26;27
,616,1000147,1121,1500121,1152,1500152,metro,1,2.2,Yellow-N,Millbrae/SFIA to Antioch,1,service_links,2311.799007,1,7,1134,34.66831802,21.5464997,,0,4,7938,0.15,4,1,0,0,"LINESTRING (-122.268822 37.807959999999994, -122.267263 37.828714)",w_metro_only;w_bus_metro;d_metro_only;d_bus_metro,Bay Area Rapid Transit,15,2.2:0;1;2;3;4;5;6;7;8;9;10;11;12;13;14;15;16;17;18;19;20;21;23;24;25;26;27
,617,1000605,1122,1500122,3,1000003,metro,1,2.2,Yellow-N,Millbrae/SFIA to Antioch,2,deboarding_links,14.17117953,1,1,3000,2,1.24300808,,0,0,3000,0.15,4,1,0,0,"LINESTRING (-122.268822 37.807959999999994, -122.268722 37.80806)",w_metro_only;w_bus_metro;d_metro_only;d_bus_metro,Bay Area Rapid Transit,-1,2.2.19TH:0;1;2;3;4;5;6;7;8;9;10;11;12;13;14;15;16;17;19;20;21;22;23
,618,1000169,1122,1500122,1153,1500153,metro,1,2.2,Yellow-N,Millbrae/SFIA to Antioch,1,service_links,2311.799007,1,1,1134,34.66831802,21.5464997,,0,4,1134,0.15,4,1,0,0,"LINESTRING (-122.268822 37.807959999999994, -122.267263 37.828714)",w_metro_only;w_bus_metro;d_metro_only;d_bus_metro,Bay Area Rapid Transit,11,2.2:0;1;2;3;4;5;6;7;8;9;10;11;12;13;14;15;16;17;19;20;21;22;23
,619,1000607,1123,1500123,4,1000004,metro,1,2.2,Yellow-N,Millbrae/SFIA to Antioch,2,deboarding_links,14.17528137,1,3,3000,2,1.24300808,,0,0,9000,0.15,4,1,0,0,"LINESTRING (-122.41861800000001 37.752322, -122.418518 37.752422)",w_metro_only;w_bus_metro;d_metro_only;d_bus_metro,Bay Area Rapid Transit,-1,2.2.24TH:0;1;2;3;4;5;6;7;8;9;10;11;12;13;14;15;16;17;18;19;20;21;23;24;25
,620,1000115,1123,1500123,1117,1500117,metro,1,2.2,Yellow-N,Millbrae/SFIA to Antioch,1,service_links,1422.343233,1,3,1134,42.64897251,26.50650871,,0,2,3402,0.15,4,1,0,0,"LINESTRING (-122.41861800000001 37.752322, -122.419855 37.76507599999999)",w_metro_only;w_bus_metro;d_metro_only;d_bus_metro,Bay Area Rapid Transit,7,2.2:0;1;2;3;4;5;6;7;8;9;10;11;12;13;14;15;16;17;18;19;20;21;23;24;25
,621,1000609,1124,1500124,4,1000004,metro,1,2.2,Yellow-N,Millbrae/SFIA to Antioch,2,deboarding_links,14.17528137,1,7,3000,2,1.24300808,,0,0,21000,0.15,4,1,0,0,"LINESTRING (-122.41861800000001 37.752322, -122.418518 37.752422)",w_metro_only;w_bus_metro;d_metro_only;d_bus_metro,Bay Area Rapid Transit,-1,2.2.24TH:0;1;2;3;4;5;6;7;8;9;10;11;12;13;14;15;16;17;18;19;20;21;23;24;25;26;27
,622,1000139,1124,1500124,1118,1500118,metro,1,2.2,Yellow-N,Millbrae/SFIA to Antioch,1,service_links,1422.343233,1,7,1134,42.64897251,26.50650871,,0,2,7938,0.15,4,1,0,0,"LINESTRING (-122.41861800000001 37.752322, -122.419855 37.76507599999999)",w_metro_only;w_bus_metro;d_metro_only;d_bus_metro,Bay Area Rapid Transit,7,2.2:0;1;2;3;4;5;6;7;8;9;10;11;12;13;14;15;16;17;18;19;20;21;23;24;25;26;27
,623,1000611,1125,1500125,4,1000004,metro,1,2.2,Yellow-N,Millbrae/SFIA to Antioch,2,deboarding_links,14.17528137,1,1,3000,2,1.24300808,,0,0,3000,0.15,4,1,0,0,"LINESTRING (-122.41861800000001 37.752322, -122.418518 37.752422)",w_metro_only;w_bus_metro;d_metro_only;d_bus_metro,Bay Area Rapid Transit,-1,2.2.24TH:0;1;2;3;4;5;6;7;8;9;10;11;12;13;14;15;16;17;19;20;21;22;23
,624,1000161,1125,1500125,1119,1500119,metro,1,2.2,Yellow-N,Millbrae/SFIA to Antioch,1,service_links,1422.343233,1,1,1134,42.64897251,26.50650871,,0,2,1134,0.15,4,1,0,0,"LINESTRING (-122.41861800000001 37.752322, -122.419855 37.76507599999999)",w_metro_only;w_bus_metro;d_metro_only;d_bus_metro,Bay Area Rapid Transit,3,2.2:0;1;2;3;4;5;6;7;8;9;10;11;12;13;14;15;16;17;19;20;21;22;23
,625,1000613,1126,1500126,5,1000005,metro,1,2.2,Yellow-N,Millbrae/SFIA to Antioch,2,deboarding_links,14.1573433,1,7,3000,2,1.24300808,,0,0,21000,0.15,4,1,0,0,"LINESTRING (-121.78045300000001 37.995315, -121.780353 37.995415)",w_metro_only;w_bus_metro;d_metro_only;d_bus_metro,Bay Area Rapid Transit,-1,2.2.ANTC:0;1;2;3;4;5;6;7;8;9;10;11;12;13;14;15;16;17;18;19;20;21;23;24;25;26;27
,626,1000615,1127,1500127,5,1000005,metro,1,2.2,Yellow-N,Millbrae/SFIA to Antioch,2,deboarding_links,14.1573433,1,1,3000,2,1.24300808,,0,0,3000,0.15,4,1,0,0,"LINESTRING (-121.78045300000001 37.995315, -121.780353 37.995415)",w_metro_only;w_bus_metro;d_metro_only;d_bus_metro,Bay Area Rapid Transit,-1,2.2.ANTC:0;1;2;3;4;5;6;7;8;9;10;11;12;13;14;15;16;17;19;20;21;22;23
,627,1000617,1128,1500128,7,1000007,metro,1,2.2,Yellow-N,Millbrae/SFIA to Antioch,2,deboarding_links,14.17754066,1,3,3000,2,1.24300808,,0,0,9000,0.15,4,1,0,0,"LINESTRING (-122.44761 37.721658, -122.44751 37.721758)",w_metro_only;w_bus_metro;d_metro_only;d_bus_metro,Bay Area Rapid Transit,-1,2.2.BALB:0;1;2;3;4;5;6;7;8;9;10;11;12;13;14;15;16;17;18;19;20;21;23;24;25
,628,1000113,1128,1500128,1145,1500145,metro,1,2.2,Yellow-N,Millbrae/SFIA to Antioch,1,service_links,1773.178348,1,3,1134,53.16876605,33.04460289,,0,2,3402,0.15,4,1,0,0,"LINESTRING (-122.44761 37.721658, -122.433657 37.733169)",w_metro_only;w_bus_metro;d_metro_only;d_bus_metro,Bay Area Rapid Transit,5,2.2:0;1;2;3;4;5;6;7;8;9;10;11;12;13;14;15;16;17;18;19;20;21;23;24;25
,629,1000619,1129,1500129,7,1000007,metro,1,2.2,Yellow-N,Millbrae/SFIA to Antioch,2,deboarding_links,14.17754066,1,7,3000,2,1.24300808,,0,0,21000,0.15,4,1,0,0,"LINESTRING (-122.44761 37.721658, -122.44751 37.721758)",w_metro_only;w_bus_metro;d_metro_only;d_bus_metro,Bay Area Rapid Transit,-1,2.2.BALB:0;1;2;3;4;5;6;7;8;9;10;11;12;13;14;15;16;17;18;19;20;21;23;24;25;26;27
,630,1000137,1129,1500129,1146,1500146,metro,1,2.2,Yellow-N,Millbrae/SFIA to Antioch,1,service_links,1773.178348,1,7,1134,35.4517497,22.03340566,,0,3,7938,0.15,4,1,0,0,"LINESTRING (-122.44761 37.721658, -122.433657 37.733169)",w_metro_only;w_bus_metro;d_metro_only;d_bus_metro,Bay Area Rapid Transit,5,2.2:0;1;2;3;4;5;6;7;8;9;10;11;12;13;14;15;16;17;18;19;20;21;23;24;25;26;27
,631,1000621,1130,1500130,7,1000007,metro,1,2.2,Yellow-N,Millbrae/SFIA to Antioch,2,deboarding_links,14.17754066,1,1,3000,2,1.24300808,,0,0,3000,0.15,4,1,0,0,"LINESTRING (-122.44761 37.721658, -122.44751 37.721758)",w_metro_only;w_bus_metro;d_metro_only;d_bus_metro,Bay Area Rapid Transit,-1,2.2.BALB:0;1;2;3;4;5;6;7;8;9;10;11;12;13;14;15;16;17;19;20;21;22;23
,632,1000159,1130,1500130,1147,1500147,metro,1,2.2,Yellow-N,Millbrae/SFIA to Antioch,1,service_links,1773.178348,1,1,1134,35.4517497,22.03340566,,0,3,1134,0.15,4,1,0,0,"LINESTRING (-122.44761 37.721658, -122.433657 37.733169)",w_metro_only;w_bus_metro;d_metro_only;d_bus_metro,Bay Area Rapid Transit,1,2.2:0;1;2;3;4;5;6;7;8;9;10;11;12;13;14;15;16;17;19;20;21;22;23
,633,1000623,1131,1500131,11,1000011,metro,1,2.2,Yellow-N,Millbrae/SFIA to Antioch,2,deboarding_links,14.17328917,1,3,3000,2,1.24300808,,0,0,9000,0.15,4,1,0,0,"LINESTRING (-122.413979 37.779349999999994, -122.413879 37.77945)",w_metro_only;w_bus_metro;d_metro_only;d_bus_metro,Bay Area Rapid Transit,-1,2.2.CIVC:0;1;2;3;4;5;6;7;8;9;10;11;12;13;14;15;16;17;18;19;20;21;23;24;25
,634,1000117,1131,1500131,1171,1500171,metro,1,2.2,Yellow-N,Millbrae/SFIA to Antioch,1,service_links,811.9100539,1,3,1134,48.6659373,30.24607663,,0,1,3402,0.15,4,1,0,0,"LINESTRING (-122.413979 37.779349999999994, -122.407487 37.784544999999994)",w_metro_only;w_bus_metro;d_metro_only;d_bus_metro,Bay Area Rapid Transit,9,2.2:0;1;2;3;4;5;6;7;8;9;10;11;12;13;14;15;16;17;18;19;20;21;23;24;25
,635,1000625,1132,1500132,11,1000011,metro,1,2.2,Yellow-N,Millbrae/SFIA to Antioch,2,deboarding_links,14.17328917,1,7,3000,2,1.24300808,,0,0,21000,0.15,4,1,0,0,"LINESTRING (-122.413979 37.779349999999994, -122.413879 37.77945)",w_metro_only;w_bus_metro;d_metro_only;d_bus_metro,Bay Area Rapid Transit,-1,2.2.CIVC:0;1;2;3;4;5;6;7;8;9;10;11;12;13;14;15;16;17;18;19;20;21;23;24;25;26;27
,636,1000141,1132,1500132,1172,1500172,metro,1,2.2,Yellow-N,Millbrae/SFIA to Antioch,1,service_links,811.9100539,1,7,1134,48.6659373,30.24607663,,0,1,7938,0.15,4,1,0,0,"LINESTRING (-122.413979 37.779349999999994, -122.407487 37.784544999999994)",w_metro_only;w_bus_metro;d_metro_only;d_bus_metro,Bay Area Rapid Transit,9,2.2:0;1;2;3;4;5;6;7;8;9;10;11;12;13;14;15;16;17;18;19;20;21;23;24;25;26;27
,637,1000627,1133,1500133,11,1000011,metro,1,2.2,Yellow-N,Millbrae/SFIA to Antioch,2,deboarding_links,14.17328917,1,1,3000,2,1.24300808,,0,0,3000,0.15,4,1,0,0,"LINESTRING (-122.413979 37.779349999999994, -122.413879 37.77945)",w_metro_only;w_bus_metro;d_metro_only;d_bus_metro,Bay Area Rapid Transit,-1,2.2.CIVC:0;1;2;3;4;5;6;7;8;9;10;11;12;13;14;15;16;17;19;20;21;22;23
,638,1000163,1133,1500133,1173,1500173,metro,1,2.2,Yellow-N,Millbrae/SFIA to Antioch,1,service_links,811.9100539,1,1,1134,48.6659373,30.24607663,,0,1,1134,0.15,4,1,0,0,"LINESTRING (-122.413979 37.779349999999994, -122.407487 37.784544999999994)",w_metro_only;w_bus_metro;d_metro_only;d_bus_metro,Bay Area Rapid Transit,5,2.2:0;1;2;3;4;5;6;7;8;9;10;11;12;13;14;15;16;17;19;20;21;22;23
,639,1000629,1134,1500134,12,1000012,metro,1,2.2,Yellow-N,Millbrae/SFIA to Antioch,2,deboarding_links,14.18027399,1,3,3000,2,1.24300808,,0,0,9000,0.15,4,1,0,0,"LINESTRING (-122.466267 37.68454199999999, -122.466167 37.684642)",w_metro_only;w_bus_metro;d_metro_only;d_bus_metro,Bay Area Rapid Transit,-1,2.2.COLM:0;1;2;3;4;5;6;7;8;9;10;11;12;13;14;15;16;17;18;19;20;21;23;24;25
,640,1000111,1134,1500134,1139,1500139,metro,1,2.2,Yellow-N,Millbrae/SFIA to Antioch,1,service_links,2421.513271,1,3,1134,48.41412738,30.08957575,,0,3,3402,0.15,4,1,0,0,"LINESTRING (-122.466267 37.68454199999999, -122.469094 37.706204)",w_metro_only;w_bus_metro;d_metro_only;d_bus_metro,Bay Area Rapid Transit,3,2.2:0;1;2;3;4;5;6;7;8;9;10;11;12;13;14;15;16;17;18;19;20;21;23;24;25
,641,1000631,1135,1500135,12,1000012,metro,1,2.2,Yellow-N,Millbrae/SFIA to Antioch,2,deboarding_links,14.18027399,1,7,3000,2,1.24300808,,0,0,21000,0.15,4,1,0,0,"LINESTRING (-122.466267 37.68454199999999, -122.466167 37.684642)",w_metro_only;w_bus_metro;d_metro_only;d_bus_metro,Bay Area Rapid Transit,-1,2.2.COLM:0;1;2;3;4;5;6;7;8;9;10;11;12;13;14;15;16;17;18;19;20;21;23;24;25;26;27
,642,1000135,1135,1500135,1140,1500140,metro,1,2.2,Yellow-N,Millbrae/SFIA to Antioch,1,service_links,2421.513271,1,7,1134,48.41412738,30.08957575,,0,3,7938,0.15,4,1,0,0,"LINESTRING (-122.466267 37.68454199999999, -122.469094 37.706204)",w_metro_only;w_bus_metro;d_metro_only;d_bus_metro,Bay Area Rapid Transit,3,2.2:0;1;2;3;4;5;6;7;8;9;10;11;12;13;14;15;16;17;18;19;20;21;23;24;25;26;27
,643,1000633,1136,1500136,14,1000014,metro,1,2.2,Yellow-N,Millbrae/SFIA to Antioch,2,deboarding_links,14.15894342,1,3,3000,2,1.24300808,,0,0,9000,0.15,4,1,0,0,"LINESTRING (-122.02922600000001 37.973673, -122.029126 37.973773)",w_metro_only;w_bus_metro;d_metro_only;d_bus_metro,Bay Area Rapid Transit,-1,2.2.CONC:0;1;2;3;4;5;6;7;8;9;10;11;12;13;14;15;16;17;18;19;20;21;23;24;25
,644,1000130,1136,1500136,1157,1500157,metro,1,2.2,Yellow-N,Millbrae/SFIA to Antioch,1,service_links,3319.347104,1,3,1134,49.77776212,30.93708025,,0,4,3402,0.15,4,1,0,0,"LINESTRING (-122.02922600000001 37.973673, -122.02466100000001 38.003307)",w_metro_only;w_bus_metro;d_metro_only;d_bus_metro,Bay Area Rapid Transit,23,2.2:0;1;2;3;4;5;6;7;8;9;10;11;12;13;14;15;16;17;18;19;20;21;23;24;25
,645,1000635,1137,1500137,14,1000014,metro,1,2.2,Yellow-N,Millbrae/SFIA to Antioch,2,deboarding_links,14.15894342,1,7,3000,2,1.24300808,,0,0,21000,0.15,4,1,0,0,"LINESTRING (-122.02922600000001 37.973673, -122.029126 37.973773)",w_metro_only;w_bus_metro;d_metro_only;d_bus_metro,Bay Area Rapid Transit,-1,2.2.CONC:0;1;2;3;4;5;6;7;8;9;10;11;12;13;14;15;16;17;18;19;20;21;23;24;25;26;27
,646,1000154,1137,1500137,1158,1500158,metro,1,2.2,Yellow-N,Millbrae/SFIA to Antioch,1,service_links,3319.347104,1,7,1134,66.36482048,41.24600403,,0,3,7938,0.15,4,1,0,0,"LINESTRING (-122.02922600000001 37.973673, -122.02466100000001 38.003307)",w_metro_only;w_bus_metro;d_metro_only;d_bus_metro,Bay Area Rapid Transit,23,2.2:0;1;2;3;4;5;6;7;8;9;10;11;12;13;14;15;16;17;18;19;20;21;23;24;25;26;27
,647,1000637,1138,1500138,14,1000014,metro,1,2.2,Yellow-N,Millbrae/SFIA to Antioch,2,deboarding_links,14.15894342,1,1,3000,2,1.24300808,,0,0,3000,0.15,4,1,0,0,"LINESTRING (-122.02922600000001 37.973673, -122.029126 37.973773)",w_metro_only;w_bus_metro;d_metro_only;d_bus_metro,Bay Area Rapid Transit,-1,2.2.CONC:0;1;2;3;4;5;6;7;8;9;10;11;12;13;14;15;16;17;19;20;21;22;23
,648,1000176,1138,1500138,1159,1500159,metro,1,2.2,Yellow-N,Millbrae/SFIA to Antioch,1,service_links,3319.347104,1,1,1134,66.36482048,41.24600403,,0,3,1134,0.15,4,1,0,0,"LINESTRING (-122.02922600000001 37.973673, -122.02466100000001 38.003307)",w_metro_only;w_bus_metro;d_metro_only;d_bus_metro,Bay Area Rapid Transit,19,2.2:0;1;2;3;4;5;6;7;8;9;10;11;12;13;14;15;16;17;19;20;21;22;23
,649,1000639,1139,1500139,15,1000015,metro,1,2.2,Yellow-N,Millbrae/SFIA to Antioch,2,deboarding_links,14.17867891,1,3,3000,2,1.24300808,,0,0,9000,0.15,4,1,0,0,"LINESTRING (-122.469094 37.706204, -122.468994 37.706304)",w_metro_only;w_bus_metro;d_metro_only;d_bus_metro,Bay Area Rapid Transit,-1,2.2.DALY:0;1;2;3;4;5;6;7;8;9;10;11;12;13;14;15;16;17;18;19;20;21;23;24;25
,650,1000112,1139,1500139,1128,1500128,metro,1,2.2,Yellow-N,Millbrae/SFIA to Antioch,1,service_links,2554.269889,1,3,1134,38.30447222,23.80638423,,0,4,3402,0.15,4,1,0,0,"LINESTRING (-122.469094 37.706204, -122.44761 37.721658)",w_metro_only;w_bus_metro;d_metro_only;d_bus_metro,Bay Area Rapid Transit,4,2.2:0;1;2;3;4;5;6;7;8;9;10;11;12;13;14;15;16;17;18;19;20;21;23;24;25
,651,1000641,1140,1500140,15,1000015,metro,1,2.2,Yellow-N,Millbrae/SFIA to Antioch,2,deboarding_links,14.17867891,1,7,3000,2,1.24300808,,0,0,21000,0.15,4,1,0,0,"LINESTRING (-122.469094 37.706204, -122.468994 37.706304)",w_metro_only;w_bus_metro;d_metro_only;d_bus_metro,Bay Area Rapid Transit,-1,2.2.DALY:0;1;2;3;4;5;6;7;8;9;10;11;12;13;14;15;16;17;18;19;20;21;23;24;25;26;27
,652,1000136,1140,1500140,1129,1500129,metro,1,2.2,Yellow-N,Millbrae/SFIA to Antioch,1,service_links,2554.269889,1,7,1134,38.30447222,23.80638423,,0,4,7938,0.15,4,1,0,0,"LINESTRING (-122.469094 37.706204, -122.44761 37.721658)",w_metro_only;w_bus_metro;d_metro_only;d_bus_metro,Bay Area Rapid Transit,4,2.2:0;1;2;3;4;5;6;7;8;9;10;11;12;13;14;15;16;17;18;19;20;21;23;24;25;26;27
,653,1000643,1141,1500141,15,1000015,metro,1,2.2,Yellow-N,Millbrae/SFIA to Antioch,2,deboarding_links,14.17867891,1,1,3000,2,1.24300808,,0,0,3000,0.15,4,1,0,0,"LINESTRING (-122.469094 37.706204, -122.468994 37.706304)",w_metro_only;w_bus_metro;d_metro_only;d_bus_metro,Bay Area Rapid Transit,-1,2.2.DALY:0;1;2;3;4;5;6;7;8;9;10;11;12;13;14;15;16;17;19;20;21;22;23
,654,1000158,1141,1500141,1130,1500130,metro,1,2.2,Yellow-N,Millbrae/SFIA to Antioch,1,service_links,2554.269889,1,1,1134,38.30447222,23.80638423,,0,4,1134,0.15,4,1,0,0,"LINESTRING (-122.469094 37.706204, -122.44761 37.721658)",w_metro_only;w_bus_metro;d_metro_only;d_bus_metro,Bay Area Rapid Transit,0,2.2:0;1;2;3;4;5;6;7;8;9;10;11;12;13;14;15;16;17;19;20;21;22;23
,655,1000645,1142,1500142,19,1000019,metro,1,2.2,Yellow-N,Millbrae/SFIA to Antioch,2,deboarding_links,14.17230569,1,3,3000,2,1.24300808,,0,0,9000,0.15,4,1,0,0,"LINESTRING (-122.39718 37.792688999999996, -122.39708 37.792789)",w_metro_only;w_bus_metro;d_metro_only;d_bus_metro,Bay Area Rapid Transit,-1,2.2.EMBR:0;1;2;3;4;5;6;7;8;9;10;11;12;13;14;15;16;17;18;19;20;21;23;24;25
,656,1000120,1142,1500142,1186,1500186,metro,1,2.2,Yellow-N,Millbrae/SFIA to Antioch,1,service_links,9057.430966,1,3,1134,77.62403342,48.24365035,,0,7,3402,0.15,4,1,0,0,"LINESTRING (-122.39718 37.792688999999996, -122.295244 37.804823)",w_metro_only;w_bus_metro;d_metro_only;d_bus_metro,Bay Area Rapid Transit,12,2.2:0;1;2;3;4;5;6;7;8;9;10;11;12;13;14;15;16;17;18;19;20;21;23;24;25
,657,1000647,1143,1500143,19,1000019,metro,1,2.2,Yellow-N,Millbrae/SFIA to Antioch,2,deboarding_links,14.17230569,1,7,3000,2,1.24300808,,0,0,21000,0.15,4,1,0,0,"LINESTRING (-122.39718 37.792688999999996, -122.39708 37.792789)",w_metro_only;w_bus_metro;d_metro_only;d_bus_metro,Bay Area Rapid Transit,-1,2.2.EMBR:0;1;2;3;4;5;6;7;8;9;10;11;12;13;14;15;16;17;18;19;20;21;23;24;25;26;27
,658,1000144,1143,1500143,1187,1500187,metro,1,2.2,Yellow-N,Millbrae/SFIA to Antioch,1,service_links,9057.430966,1,7,1134,77.62403342,48.24365035,,0,7,7938,0.15,4,1,0,0,"LINESTRING (-122.39718 37.792688999999996, -122.295244 37.804823)",w_metro_only;w_bus_metro;d_metro_only;d_bus_metro,Bay Area Rapid Transit,12,2.2:0;1;2;3;4;5;6;7;8;9;10;11;12;13;14;15;16;17;18;19;20;21;23;24;25;26;27
,659,1000649,1144,1500144,19,1000019,metro,1,2.2,Yellow-N,Millbrae/SFIA to Antioch,2,deboarding_links,14.17230569,1,1,3000,2,1.24300808,,0,0,3000,0.15,4,1,0,0,"LINESTRING (-122.39718 37.792688999999996, -122.39708 37.792789)",w_metro_only;w_bus_metro;d_metro_only;d_bus_metro,Bay Area Rapid Transit,-1,2.2.EMBR:0;1;2;3;4;5;6;7;8;9;10;11;12;13;14;15;16;17;19;20;21;22;23
,660,1000166,1144,1500144,1188,1500188,metro,1,2.2,Yellow-N,Millbrae/SFIA to Antioch,1,service_links,9057.430966,1,1,1134,77.62403342,48.24365035,,0,7,1134,0.15,4,1,0,0,"LINESTRING (-122.39718 37.792688999999996, -122.295244 37.804823)",w_metro_only;w_bus_metro;d_metro_only;d_bus_metro,Bay Area Rapid Transit,8,2.2:0;1;2;3;4;5;6;7;8;9;10;11;12;13;14;15;16;17;19;20;21;22;23
,661,1000651,1145,1500145,22,1000022,metro,1,2.2,Yellow-N,Millbrae/SFIA to Antioch,2,deboarding_links,14.17669266,1,3,3000,2,1.24300808,,0,0,9000,0.15,4,1,0,0,"LINESTRING (-122.433657 37.733169, -122.433557 37.733269)",w_metro_only;w_bus_metro;d_metro_only;d_bus_metro,Bay Area Rapid Transit,-1,2.2.GLEN:0;1;2;3;4;5;6;7;8;9;10;11;12;13;14;15;16;17;18;19;20;21;23;24;25
,662,1000114,1145,1500145,1123,1500123,metro,1,2.2,Yellow-N,Millbrae/SFIA to Antioch,1,service_links,2506.860712,1,3,1134,50.12050741,31.15009783,,0,3,3402,0.15,4,1,0,0,"LINESTRING (-122.433657 37.733169, -122.41861800000001 37.752322)",w_metro_only;w_bus_metro;d_metro_only;d_bus_metro,Bay Area Rapid Transit,6,2.2:0;1;2;3;4;5;6;7;8;9;10;11;12;13;14;15;16;17;18;19;20;21;23;24;25
,663,1000653,1146,1500146,22,1000022,metro,1,2.2,Yellow-N,Millbrae/SFIA to Antioch,2,deboarding_links,14.17669266,1,7,3000,2,1.24300808,,0,0,21000,0.15,4,1,0,0,"LINESTRING (-122.433657 37.733169, -122.433557 37.733269)",w_metro_only;w_bus_metro;d_metro_only;d_bus_metro,Bay Area Rapid Transit,-1,2.2.GLEN:0;1;2;3;4;5;6;7;8;9;10;11;12;13;14;15;16;17;18;19;20;21;23;24;25;26;27
,664,1000138,1146,1500146,1124,1500124,metro,1,2.2,Yellow-N,Millbrae/SFIA to Antioch,1,service_links,2506.860712,1,7,1134,75.16823724,46.71736311,,0,2,7938,0.15,4,1,0,0,"LINESTRING (-122.433657 37.733169, -122.41861800000001 37.752322)",w_metro_only;w_bus_metro;d_metro_only;d_bus_metro,Bay Area Rapid Transit,6,2.2:0;1;2;3;4;5;6;7;8;9;10;11;12;13;14;15;16;17;18;19;20;21;23;24;25;26;27
,665,1000655,1147,1500147,22,1000022,metro,1,2.2,Yellow-N,Millbrae/SFIA to Antioch,2,deboarding_links,14.17669266,1,1,3000,2,1.24300808,,0,0,3000,0.15,4,1,0,0,"LINESTRING (-122.433657 37.733169, -122.433557 37.733269)",w_metro_only;w_bus_metro;d_metro_only;d_bus_metro,Bay Area Rapid Transit,-1,2.2.GLEN:0;1;2;3;4;5;6;7;8;9;10;11;12;13;14;15;16;17;19;20;21;22;23
,666,1000160,1147,1500147,1125,1500125,metro,1,2.2,Yellow-N,Millbrae/SFIA to Antioch,1,service_links,2506.860712,1,1,1134,75.16823724,46.71736311,,0,2,1134,0.15,4,1,0,0,"LINESTRING (-122.433657 37.733169, -122.41861800000001 37.752322)",w_metro_only;w_bus_metro;d_metro_only;d_bus_metro,Bay Area Rapid Transit,2,2.2:0;1;2;3;4;5;6;7;8;9;10;11;12;13;14;15;16;17;19;20;21;22;23
,667,1000657,1148,1500148,24,1000024,metro,1,2.2,Yellow-N,Millbrae/SFIA to Antioch,2,deboarding_links,14.16489495,1,3,3000,2,1.24300808,,0,0,9000,0.15,4,1,0,0,"LINESTRING (-122.124744 37.893119999999996, -122.124644 37.89322)",w_metro_only;w_bus_metro;d_metro_only;d_bus_metro,Bay Area Rapid Transit,-1,2.2.LAFY:0;1;2;3;4;5;6;7;8;9;10;11;12;13;14;15;16;17;18;19;20;21;23;24;25
,668,1000127,1148,1500148,1183,1500183,metro,1,2.2,Yellow-N,Millbrae/SFIA to Antioch,1,service_links,5216.033855,1,3,1134,78.22095259,48.61463803,,0,4,3402,0.15,4,1,0,0,"LINESTRING (-122.124744 37.893119999999996, -122.067479 37.905711999999994)",w_metro_only;w_bus_metro;d_metro_only;d_bus_metro,Bay Area Rapid Transit,19,2.2:0;1;2;3;4;5;6;7;8;9;10;11;12;13;14;15;16;17;18;19;20;21;23;24;25
,669,1000659,1149,1500149,24,1000024,metro,1,2.2,Yellow-N,Millbrae/SFIA to Antioch,2,deboarding_links,14.16489495,1,7,3000,2,1.24300808,,0,0,21000,0.15,4,1,0,0,"LINESTRING (-122.124744 37.893119999999996, -122.124644 37.89322)",w_metro_only;w_bus_metro;d_metro_only;d_bus_metro,Bay Area Rapid Transit,-1,2.2.LAFY:0;1;2;3;4;5;6;7;8;9;10;11;12;13;14;15;16;17;18;19;20;21;23;24;25;26;27
,670,1000151,1149,1500149,1184,1500184,metro,1,2.2,Yellow-N,Millbrae/SFIA to Antioch,1,service_links,5216.033855,1,7,1134,62.57989029,38.89365462,,0,5,7938,0.15,4,1,0,0,"LINESTRING (-122.124744 37.893119999999996, -122.067479 37.905711999999994)",w_metro_only;w_bus_metro;d_metro_only;d_bus_metro,Bay Area Rapid Transit,19,2.2:0;1;2;3;4;5;6;7;8;9;10;11;12;13;14;15;16;17;18;19;20;21;23;24;25;26;27
,671,1000661,1150,1500150,24,1000024,metro,1,2.2,Yellow-N,Millbrae/SFIA to Antioch,2,deboarding_links,14.16489495,1,1,3000,2,1.24300808,,0,0,3000,0.15,4,1,0,0,"LINESTRING (-122.124744 37.893119999999996, -122.124644 37.89322)",w_metro_only;w_bus_metro;d_metro_only;d_bus_metro,Bay Area Rapid Transit,-1,2.2.LAFY:0;1;2;3;4;5;6;7;8;9;10;11;12;13;14;15;16;17;19;20;21;22;23
,672,1000173,1150,1500150,1185,1500185,metro,1,2.2,Yellow-N,Millbrae/SFIA to Antioch,1,service_links,5216.033855,1,1,1134,62.57989029,38.89365462,,0,5,1134,0.15,4,1,0,0,"LINESTRING (-122.124744 37.893119999999996, -122.067479 37.905711999999994)",w_metro_only;w_bus_metro;d_metro_only;d_bus_metro,Bay Area Rapid Transit,15,2.2:0;1;2;3;4;5;6;7;8;9;10;11;12;13;14;15;16;17;19;20;21;22;23
,673,1000663,1151,1500151,26,1000026,metro,1,2.2,Yellow-N,Millbrae/SFIA to Antioch,2,deboarding_links,14.16964863,1,3,3000,2,1.24300808,,0,0,9000,0.15,4,1,0,0,"LINESTRING (-122.267263 37.828714, -122.267163 37.828814)",w_metro_only;w_bus_metro;d_metro_only;d_bus_metro,Bay Area Rapid Transit,-1,2.2.MCAR:0;1;2;3;4;5;6;7;8;9;10;11;12;13;14;15;16;17;18;19;20;21;23;24;25
,674,1000124,1151,1500151,1174,1500174,metro,1,2.2,Yellow-N,Millbrae/SFIA to Antioch,1,service_links,2259.522158,1,3,1134,45.17538471,28.07668409,,0,3,3402,0.15,4,1,0,0,"LINESTRING (-122.267263 37.828714, -122.251371 37.844694999999994)",w_metro_only;w_bus_metro;d_metro_only;d_bus_metro,Bay Area Rapid Transit,16,2.2:0;1;2;3;4;5;6;7;8;9;10;11;12;13;14;15;16;17;18;19;20;21;23;24;25
,675,1000665,1152,1500152,26,1000026,metro,1,2.2,Yellow-N,Millbrae/SFIA to Antioch,2,deboarding_links,14.16964863,1,7,3000,2,1.24300808,,0,0,21000,0.15,4,1,0,0,"LINESTRING (-122.267263 37.828714, -122.267163 37.828814)",w_metro_only;w_bus_metro;d_metro_only;d_bus_metro,Bay Area Rapid Transit,-1,2.2.MCAR:0;1;2;3;4;5;6;7;8;9;10;11;12;13;14;15;16;17;18;19;20;21;23;24;25;26;27
,676,1000148,1152,1500152,1175,1500175,metro,1,2.2,Yellow-N,Millbrae/SFIA to Antioch,1,service_links,2259.522158,1,7,1134,45.17538471,28.07668409,,0,3,7938,0.15,4,1,0,0,"LINESTRING (-122.267263 37.828714, -122.251371 37.844694999999994)",w_metro_only;w_bus_metro;d_metro_only;d_bus_metro,Bay Area Rapid Transit,16,2.2:0;1;2;3;4;5;6;7;8;9;10;11;12;13;14;15;16;17;18;19;20;21;23;24;25;26;27
,677,1000667,1153,1500153,26,1000026,metro,1,2.2,Yellow-N,Millbrae/SFIA to Antioch,2,deboarding_links,14.16964863,1,1,3000,2,1.24300808,,0,0,3000,0.15,4,1,0,0,"LINESTRING (-122.267263 37.828714, -122.267163 37.828814)",w_metro_only;w_bus_metro;d_metro_only;d_bus_metro,Bay Area Rapid Transit,-1,2.2.MCAR:0;1;2;3;4;5;6;7;8;9;10;11;12;13;14;15;16;17;19;20;21;22;23
,678,1000170,1153,1500153,1176,1500176,metro,1,2.2,Yellow-N,Millbrae/SFIA to Antioch,1,service_links,2259.522158,1,1,1134,45.17538471,28.07668409,,0,3,1134,0.15,4,1,0,0,"LINESTRING (-122.267263 37.828714, -122.251371 37.844694999999994)",w_metro_only;w_bus_metro;d_metro_only;d_bus_metro,Bay Area Rapid Transit,12,2.2:0;1;2;3;4;5;6;7;8;9;10;11;12;13;14;15;16;17;19;20;21;22;23
,679,1000669,1154,1500154,29,1000029,metro,1,2.2,Yellow-N,Millbrae/SFIA to Antioch,2,deboarding_links,14.17256936,1,3,3000,2,1.24300808,,0,0,9000,0.15,4,1,0,0,"LINESTRING (-122.401742 37.78911299999999, -122.401642 37.789213)",w_metro_only;w_bus_metro;d_metro_only;d_bus_metro,Bay Area Rapid Transit,-1,2.2.MONT:0;1;2;3;4;5;6;7;8;9;10;11;12;13;14;15;16;17;18;19;20;21;23;24;25
,680,1000119,1154,1500154,1142,1500142,metro,1,2.2,Yellow-N,Millbrae/SFIA to Antioch,1,service_links,564.6331952,1,3,1134,33.84414757,21.03427444,,0,1,3402,0.15,4,1,0,0,"LINESTRING (-122.401742 37.78911299999999, -122.39718 37.792688999999996)",w_metro_only;w_bus_metro;d_metro_only;d_bus_metro,Bay Area Rapid Transit,11,2.2:0;1;2;3;4;5;6;7;8;9;10;11;12;13;14;15;16;17;18;19;20;21;23;24;25
,681,1000671,1155,1500155,29,1000029,metro,1,2.2,Yellow-N,Millbrae/SFIA to Antioch,2,deboarding_links,14.17256936,1,7,3000,2,1.24300808,,0,0,21000,0.15,4,1,0,0,"LINESTRING (-122.401742 37.78911299999999, -122.401642 37.789213)",w_metro_only;w_bus_metro;d_metro_only;d_bus_metro,Bay Area Rapid Transit,-1,2.2.MONT:0;1;2;3;4;5;6;7;8;9;10;11;12;13;14;15;16;17;18;19;20;21;23;24;25;26;27
,682,1000143,1155,1500155,1143,1500143,metro,1,2.2,Yellow-N,Millbrae/SFIA to Antioch,1,service_links,564.6331952,1,7,1134,16.93053059,10.52239316,,0,2,7938,0.15,4,1,0,0,"LINESTRING (-122.401742 37.78911299999999, -122.39718 37.792688999999996)",w_metro_only;w_bus_metro;d_metro_only;d_bus_metro,Bay Area Rapid Transit,11,2.2:0;1;2;3;4;5;6;7;8;9;10;11;12;13;14;15;16;17;18;19;20;21;23;24;25;26;27
,683,1000673,1156,1500156,29,1000029,metro,1,2.2,Yellow-N,Millbrae/SFIA to Antioch,2,deboarding_links,14.17256936,1,1,3000,2,1.24300808,,0,0,3000,0.15,4,1,0,0,"LINESTRING (-122.401742 37.78911299999999, -122.401642 37.789213)",w_metro_only;w_bus_metro;d_metro_only;d_bus_metro,Bay Area Rapid Transit,-1,2.2.MONT:0;1;2;3;4;5;6;7;8;9;10;11;12;13;14;15;16;17;19;20;21;22;23
,684,1000165,1156,1500156,1144,1500144,metro,1,2.2,Yellow-N,Millbrae/SFIA to Antioch,1,service_links,564.6331952,1,1,1134,16.93053059,10.52239316,,0,2,1134,0.15,4,1,0,0,"LINESTRING (-122.401742 37.78911299999999, -122.39718 37.792688999999996)",w_metro_only;w_bus_metro;d_metro_only;d_bus_metro,Bay Area Rapid Transit,7,2.2:0;1;2;3;4;5;6;7;8;9;10;11;12;13;14;15;16;17;19;20;21;22;23
,685,1000675,1157,1500157,31,1000031,metro,1,2.2,Yellow-N,Millbrae/SFIA to Antioch,2,deboarding_links,14.15675228,1,3,3000,2,1.24300808,,0,0,9000,0.15,4,1,0,0,"LINESTRING (-122.02466100000001 38.003307, -122.024561 38.003407)",w_metro_only;w_bus_metro;d_metro_only;d_bus_metro,Bay Area Rapid Transit,-1,2.2.NCON:0;1;2;3;4;5;6;7;8;9;10;11;12;13;14;15;16;17;18;19;20;21;23;24;25
,686,1000131,1157,1500157,1168,1500168,metro,1,2.2,Yellow-N,Millbrae/SFIA to Antioch,1,service_links,7245.339714,1,3,1134,72.44132358,45.02257525,,0,6,3402,0.15,4,1,0,0,"LINESTRING (-122.02466100000001 38.003307, -121.944348 38.01884999999999)",w_metro_only;w_bus_metro;d_metro_only;d_bus_metro,Bay Area Rapid Transit,24,2.2:0;1;2;3;4;5;6;7;8;9;10;11;12;13;14;15;16;17;18;19;20;21;23;24;25
,687,1000677,1158,1500158,31,1000031,metro,1,2.2,Yellow-N,Millbrae/SFIA to Antioch,2,deboarding_links,14.15675228,1,7,3000,2,1.24300808,,0,0,21000,0.15,4,1,0,0,"LINESTRING (-122.02466100000001 38.003307, -122.024561 38.003407)",w_metro_only;w_bus_metro;d_metro_only;d_bus_metro,Bay Area Rapid Transit,-1,2.2.NCON:0;1;2;3;4;5;6;7;8;9;10;11;12;13;14;15;16;17;18;19;20;21;23;24;25;26;27
,688,1000155,1158,1500158,1169,1500169,metro,1,2.2,Yellow-N,Millbrae/SFIA to Antioch,1,service_links,7245.339714,1,7,1134,72.44132358,45.02257525,,0,6,7938,0.15,4,1,0,0,"LINESTRING (-122.02466100000001 38.003307, -121.944348 38.01884999999999)",w_metro_only;w_bus_metro;d_metro_only;d_bus_metro,Bay Area Rapid Transit,24,2.2:0;1;2;3;4;5;6;7;8;9;10;11;12;13;14;15;16;17;18;19;20;21;23;24;25;26;27
,689,1000679,1159,1500159,31,1000031,metro,1,2.2,Yellow-N,Millbrae/SFIA to Antioch,2,deboarding_links,14.15675228,1,1,3000,2,1.24300808,,0,0,3000,0.15,4,1,0,0,"LINESTRING (-122.02466100000001 38.003307, -122.024561 38.003407)",w_metro_only;w_bus_metro;d_metro_only;d_bus_metro,Bay Area Rapid Transit,-1,2.2.NCON:0;1;2;3;4;5;6;7;8;9;10;11;12;13;14;15;16;17;19;20;21;22;23
,690,1000177,1159,1500159,1170,1500170,metro,1,2.2,Yellow-N,Millbrae/SFIA to Antioch,1,service_links,7245.339714,1,1,1134,72.44132358,45.02257525,,0,6,1134,0.15,4,1,0,0,"LINESTRING (-122.02466100000001 38.003307, -121.944348 38.01884999999999)",w_metro_only;w_bus_metro;d_metro_only;d_bus_metro,Bay Area Rapid Transit,20,2.2:0;1;2;3;4;5;6;7;8;9;10;11;12;13;14;15;16;17;19;20;21;22;23
,691,1000681,1160,1500160,33,1000033,metro,1,2.2,Yellow-N,Millbrae/SFIA to Antioch,2,deboarding_links,14.16598156,1,3,3000,2,1.24300808,,0,0,9000,0.15,4,1,0,0,"LINESTRING (-122.183817 37.878403, -122.183717 37.878503)",w_metro_only;w_bus_metro;d_metro_only;d_bus_metro,Bay Area Rapid Transit,-1,2.2.ORIN:0;1;2;3;4;5;6;7;8;9;10;11;12;13;14;15;16;17;18;19;20;21;23;24;25
,692,1000126,1160,1500160,1148,1500148,metro,1,2.2,Yellow-N,Millbrae/SFIA to Antioch,1,service_links,5436.346001,1,3,1134,65.22310738,40.53642473,,0,5,3402,0.15,4,1,0,0,"LINESTRING (-122.183817 37.878403, -122.124744 37.893119999999996)",w_metro_only;w_bus_metro;d_metro_only;d_bus_metro,Bay Area Rapid Transit,18,2.2:0;1;2;3;4;5;6;7;8;9;10;11;12;13;14;15;16;17;18;19;20;21;23;24;25
,693,1000683,1161,1500161,33,1000033,metro,1,2.2,Yellow-N,Millbrae/SFIA to Antioch,2,deboarding_links,14.16598156,1,7,3000,2,1.24300808,,0,0,21000,0.15,4,1,0,0,"LINESTRING (-122.183817 37.878403, -122.183717 37.878503)",w_metro_only;w_bus_metro;d_metro_only;d_bus_metro,Bay Area Rapid Transit,-1,2.2.ORIN:0;1;2;3;4;5;6;7;8;9;10;11;12;13;14;15;16;17;18;19;20;21;23;24;25;26;27
,694,1000150,1161,1500161,1149,1500149,metro,1,2.2,Yellow-N,Millbrae/SFIA to Antioch,1,service_links,5436.346001,1,7,1134,65.22310738,40.53642473,,0,5,7938,0.15,4,1,0,0,"LINESTRING (-122.183817 37.878403, -122.124744 37.893119999999996)",w_metro_only;w_bus_metro;d_metro_only;d_bus_metro,Bay Area Rapid Transit,18,2.2:0;1;2;3;4;5;6;7;8;9;10;11;12;13;14;15;16;17;18;19;20;21;23;24;25;26;27
,695,1000685,1162,1500162,33,1000033,metro,1,2.2,Yellow-N,Millbrae/SFIA to Antioch,2,deboarding_links,14.16598156,1,1,3000,2,1.24300808,,0,0,3000,0.15,4,1,0,0,"LINESTRING (-122.183817 37.878403, -122.183717 37.878503)",w_metro_only;w_bus_metro;d_metro_only;d_bus_metro,Bay Area Rapid Transit,-1,2.2.ORIN:0;1;2;3;4;5;6;7;8;9;10;11;12;13;14;15;16;17;19;20;21;22;23
,696,1000172,1162,1500162,1150,1500150,metro,1,2.2,Yellow-N,Millbrae/SFIA to Antioch,1,service_links,5436.346001,1,1,1134,65.22310738,40.53642473,,0,5,1134,0.15,4,1,0,0,"LINESTRING (-122.183817 37.878403, -122.124744 37.893119999999996)",w_metro_only;w_bus_metro;d_metro_only;d_bus_metro,Bay Area Rapid Transit,14,2.2:0;1;2;3;4;5;6;7;8;9;10;11;12;13;14;15;16;17;19;20;21;22;23
,697,1000687,1163,1500163,34,1000034,metro,1,2.2,Yellow-N,Millbrae/SFIA to Antioch,2,deboarding_links,14.1557563,1,7,3000,2,1.24300808,,0,0,21000,0.15,4,1,0,0,"LINESTRING (-121.889111 38.01677299999999, -121.889011 38.016873)",w_metro_only;w_bus_metro;d_metro_only;d_bus_metro,Bay Area Rapid Transit,-1,2.2.PCTR:0;1;2;3;4;5;6;7;8;9;10;11;12;13;14;15;16;17;18;19;20;21;23;24;25;26;27
,698,1000157,1163,1500163,1126,1500126,metro,1,2.2,Yellow-N,Millbrae/SFIA to Antioch,1,service_links,9814.581944,1,7,1134,73.60016456,45.7427996,,0,8,7938,0.15,4,1,0,0,"LINESTRING (-121.889111 38.01677299999999, -121.78045300000001 37.995315)",w_metro_only;w_bus_metro;d_metro_only;d_bus_metro,Bay Area Rapid Transit,26,2.2:0;1;2;3;4;5;6;7;8;9;10;11;12;13;14;15;16;17;18;19;20;21;23;24;25;26;27
,699,1000689,1164,1500164,34,1000034,metro,1,2.2,Yellow-N,Millbrae/SFIA to Antioch,2,deboarding_links,14.1557563,1,1,3000,2,1.24300808,,0,0,3000,0.15,4,1,0,0,"LINESTRING (-121.889111 38.01677299999999, -121.889011 38.016873)",w_metro_only;w_bus_metro;d_metro_only;d_bus_metro,Bay Area Rapid Transit,-1,2.2.PCTR:0;1;2;3;4;5;6;7;8;9;10;11;12;13;14;15;16;17;19;20;21;22;23
,700,1000179,1164,1500164,1127,1500127,metro,1,2.2,Yellow-N,Millbrae/SFIA to Antioch,1,service_links,9814.581944,1,1,1134,73.60016456,45.7427996,,0,8,1134,0.15,4,1,0,0,"LINESTRING (-121.889111 38.01677299999999, -121.78045300000001 37.995315)",w_metro_only;w_bus_metro;d_metro_only;d_bus_metro,Bay Area Rapid Transit,22,2.2:0;1;2;3;4;5;6;7;8;9;10;11;12;13;14;15;16;17;19;20;21;22;23
,701,1000691,1165,1500165,35,1000035,metro,1,2.2,Yellow-N,Millbrae/SFIA to Antioch,2,deboarding_links,14.1622919,1,3,3000,2,1.24300808,,0,0,9000,0.15,4,1,0,0,"LINESTRING (-122.056115 37.928363, -122.056015 37.928463)",w_metro_only;w_bus_metro;d_metro_only;d_bus_metro,Bay Area Rapid Transit,-1,2.2.PHIL:0;1;2;3;4;5;6;7;8;9;10;11;12;13;14;15;16;17;18;19;20;21;23;24;25
,702,1000129,1165,1500165,1136,1500136,metro,1,2.2,Yellow-N,Millbrae/SFIA to Antioch,1,service_links,5562.594184,1,3,1134,66.73778265,41.47780152,,0,5,3402,0.15,4,1,0,0,"LINESTRING (-122.056115 37.928363, -122.02922600000001 37.973673)",w_metro_only;w_bus_metro;d_metro_only;d_bus_metro,Bay Area Rapid Transit,21,2.2:0;1;2;3;4;5;6;7;8;9;10;11;12;13;14;15;16;17;18;19;20;21;23;24;25
,703,1000693,1166,1500166,35,1000035,metro,1,2.2,Yellow-N,Millbrae/SFIA to Antioch,2,deboarding_links,14.1622919,1,7,3000,2,1.24300808,,0,0,21000,0.15,4,1,0,0,"LINESTRING (-122.056115 37.928363, -122.056015 37.928463)",w_metro_only;w_bus_metro;d_metro_only;d_bus_metro,Bay Area Rapid Transit,-1,2.2.PHIL:0;1;2;3;4;5;6;7;8;9;10;11;12;13;14;15;16;17;18;19;20;21;23;24;25;26;27
,704,1000153,1166,1500166,1137,1500137,metro,1,2.2,Yellow-N,Millbrae/SFIA to Antioch,1,service_links,5562.594184,1,7,1134,55.61667239,34.56598657,,0,6,7938,0.15,4,1,0,0,"LINESTRING (-122.056115 37.928363, -122.02922600000001 37.973673)",w_metro_only;w_bus_metro;d_metro_only;d_bus_metro,Bay Area Rapid Transit,21,2.2:0;1;2;3;4;5;6;7;8;9;10;11;12;13;14;15;16;17;18;19;20;21;23;24;25;26;27
,705,1000695,1167,1500167,35,1000035,metro,1,2.2,Yellow-N,Millbrae/SFIA to Antioch,2,deboarding_links,14.1622919,1,1,3000,2,1.24300808,,0,0,3000,0.15,4,1,0,0,"LINESTRING (-122.056115 37.928363, -122.056015 37.928463)",w_metro_only;w_bus_metro;d_metro_only;d_bus_metro,Bay Area Rapid Transit,-1,2.2.PHIL:0;1;2;3;4;5;6;7;8;9;10;11;12;13;14;15;16;17;19;20;21;22;23
,706,1000175,1167,1500167,1138,1500138,metro,1,2.2,Yellow-N,Millbrae/SFIA to Antioch,1,service_links,5562.594184,1,1,1134,55.61667239,34.56598657,,0,6,1134,0.15,4,1,0,0,"LINESTRING (-122.056115 37.928363, -122.02922600000001 37.973673)",w_metro_only;w_bus_metro;d_metro_only;d_bus_metro,Bay Area Rapid Transit,17,2.2:0;1;2;3;4;5;6;7;8;9;10;11;12;13;14;15;16;17;19;20;21;22;23
,707,1000697,1168,1500168,36,1000036,metro,1,2.2,Yellow-N,Millbrae/SFIA to Antioch,2,deboarding_links,14.15560266,1,3,3000,2,1.24300808,,0,0,9000,0.15,4,1,0,0,"LINESTRING (-121.944348 38.01884999999999, -121.944248 38.01895)",w_metro_only;w_bus_metro;d_metro_only;d_bus_metro,Bay Area Rapid Transit,-1,2.2.PITT:0;1;2;3;4;5;6;7;8;9;10;11;12;13;14;15;16;17;18;19;20;21;23;24;25
,708,1000699,1169,1500169,36,1000036,metro,1,2.2,Yellow-N,Millbrae/SFIA to Antioch,2,deboarding_links,14.15560266,1,7,3000,2,1.24300808,,0,0,21000,0.15,4,1,0,0,"LINESTRING (-121.944348 38.01884999999999, -121.944248 38.01895)",w_metro_only;w_bus_metro;d_metro_only;d_bus_metro,Bay Area Rapid Transit,-1,2.2.PITT:0;1;2;3;4;5;6;7;8;9;10;11;12;13;14;15;16;17;18;19;20;21;23;24;25;26;27
,709,1000156,1169,1500169,1163,1500163,metro,1,2.2,Yellow-N,Millbrae/SFIA to Antioch,1,service_links,4844.353034,1,7,1134,20.76003014,12.9024426,,0,14,7938,0.15,4,1,0,0,"LINESTRING (-121.944348 38.01884999999999, -121.889111 38.01677299999999)",w_metro_only;w_bus_metro;d_metro_only;d_bus_metro,Bay Area Rapid Transit,25,2.2:0;1;2;3;4;5;6;7;8;9;10;11;12;13;14;15;16;17;18;19;20;21;23;24;25;26;27
,710,1000701,1170,1500170,36,1000036,metro,1,2.2,Yellow-N,Millbrae/SFIA to Antioch,2,deboarding_links,14.15560266,1,1,3000,2,1.24300808,,0,0,3000,0.15,4,1,0,0,"LINESTRING (-121.944348 38.01884999999999, -121.944248 38.01895)",w_metro_only;w_bus_metro;d_metro_only;d_bus_metro,Bay Area Rapid Transit,-1,2.2.PITT:0;1;2;3;4;5;6;7;8;9;10;11;12;13;14;15;16;17;19;20;21;22;23
,711,1000178,1170,1500170,1164,1500164,metro,1,2.2,Yellow-N,Millbrae/SFIA to Antioch,1,service_links,4844.353034,1,1,1134,20.76003014,12.9024426,,0,14,1134,0.15,4,1,0,0,"LINESTRING (-121.944348 38.01884999999999, -121.889111 38.01677299999999)",w_metro_only;w_bus_metro;d_metro_only;d_bus_metro,Bay Area Rapid Transit,21,2.2:0;1;2;3;4;5;6;7;8;9;10;11;12;13;14;15;16;17;19;20;21;22;23
,712,1000703,1171,1500171,38,1000038,metro,1,2.2,Yellow-N,Millbrae/SFIA to Antioch,2,deboarding_links,14.17290616,1,3,3000,2,1.24300808,,0,0,9000,0.15,4,1,0,0,"LINESTRING (-122.407487 37.784544999999994, -122.407387 37.784645)",w_metro_only;w_bus_metro;d_metro_only;d_bus_metro,Bay Area Rapid Transit,-1,2.2.POWL:0;1;2;3;4;5;6;7;8;9;10;11;12;13;14;15;16;17;18;19;20;21;23;24;25
,713,1000118,1171,1500171,1154,1500154,metro,1,2.2,Yellow-N,Millbrae/SFIA to Antioch,1,service_links,716.1548312,1,3,1134,21.47390798,13.34612056,,0,2,3402,0.15,4,1,0,0,"LINESTRING (-122.407487 37.784544999999994, -122.401742 37.78911299999999)",w_metro_only;w_bus_metro;d_metro_only;d_bus_metro,Bay Area Rapid Transit,10,2.2:0;1;2;3;4;5;6;7;8;9;10;11;12;13;14;15;16;17;18;19;20;21;23;24;25
,714,1000705,1172,1500172,38,1000038,metro,1,2.2,Yellow-N,Millbrae/SFIA to Antioch,2,deboarding_links,14.17290616,1,7,3000,2,1.24300808,,0,0,21000,0.15,4,1,0,0,"LINESTRING (-122.407487 37.784544999999994, -122.407387 37.784645)",w_metro_only;w_bus_metro;d_metro_only;d_bus_metro,Bay Area Rapid Transit,-1,2.2.POWL:0;1;2;3;4;5;6;7;8;9;10;11;12;13;14;15;16;17;18;19;20;21;23;24;25;26;27
,715,1000142,1172,1500172,1155,1500155,metro,1,2.2,Yellow-N,Millbrae/SFIA to Antioch,1,service_links,716.1548312,1,7,1134,21.47390798,13.34612056,,0,2,7938,0.15,4,1,0,0,"LINESTRING (-122.407487 37.784544999999994, -122.401742 37.78911299999999)",w_metro_only;w_bus_metro;d_metro_only;d_bus_metro,Bay Area Rapid Transit,10,2.2:0;1;2;3;4;5;6;7;8;9;10;11;12;13;14;15;16;17;18;19;20;21;23;24;25;26;27
,716,1000707,1173,1500173,38,1000038,metro,1,2.2,Yellow-N,Millbrae/SFIA to Antioch,2,deboarding_links,14.17290616,1,1,3000,2,1.24300808,,0,0,3000,0.15,4,1,0,0,"LINESTRING (-122.407487 37.784544999999994, -122.407387 37.784645)",w_metro_only;w_bus_metro;d_metro_only;d_bus_metro,Bay Area Rapid Transit,-1,2.2.POWL:0;1;2;3;4;5;6;7;8;9;10;11;12;13;14;15;16;17;19;20;21;22;23
,717,1000164,1173,1500173,1156,1500156,metro,1,2.2,Yellow-N,Millbrae/SFIA to Antioch,1,service_links,716.1548312,1,1,1134,21.47390798,13.34612056,,0,2,1134,0.15,4,1,0,0,"LINESTRING (-122.407487 37.784544999999994, -122.401742 37.78911299999999)",w_metro_only;w_bus_metro;d_metro_only;d_bus_metro,Bay Area Rapid Transit,6,2.2:0;1;2;3;4;5;6;7;8;9;10;11;12;13;14;15;16;17;19;20;21;22;23
,718,1000709,1174,1500174,40,1000040,metro,1,2.2,Yellow-N,Millbrae/SFIA to Antioch,2,deboarding_links,14.16846951,1,3,3000,2,1.24300808,,0,0,9000,0.15,4,1,0,0,"LINESTRING (-122.251371 37.844694999999994, -122.251271 37.844795)",w_metro_only;w_bus_metro;d_metro_only;d_bus_metro,Bay Area Rapid Transit,-1,2.2.ROCK:0;1;2;3;4;5;6;7;8;9;10;11;12;13;14;15;16;17;18;19;20;21;23;24;25
,719,1000125,1174,1500174,1160,1500160,metro,1,2.2,Yellow-N,Millbrae/SFIA to Antioch,1,service_links,7015.601774,1,3,1134,84.17038721,52.31223568,,0,5,3402,0.15,4,1,0,0,"LINESTRING (-122.251371 37.844694999999994, -122.183817 37.878403)",w_metro_only;w_bus_metro;d_metro_only;d_bus_metro,Bay Area Rapid Transit,17,2.2:0;1;2;3;4;5;6;7;8;9;10;11;12;13;14;15;16;17;18;19;20;21;23;24;25
,720,1000711,1175,1500175,40,1000040,metro,1,2.2,Yellow-N,Millbrae/SFIA to Antioch,2,deboarding_links,14.16846951,1,7,3000,2,1.24300808,,0,0,21000,0.15,4,1,0,0,"LINESTRING (-122.251371 37.844694999999994, -122.251271 37.844795)",w_metro_only;w_bus_metro;d_metro_only;d_bus_metro,Bay Area Rapid Transit,-1,2.2.ROCK:0;1;2;3;4;5;6;7;8;9;10;11;12;13;14;15;16;17;18;19;20;21;23;24;25;26;27
,721,1000149,1175,1500175,1161,1500161,metro,1,2.2,Yellow-N,Millbrae/SFIA to Antioch,1,service_links,7015.601774,1,7,1134,84.17038721,52.31223568,,0,5,7938,0.15,4,1,0,0,"LINESTRING (-122.251371 37.844694999999994, -122.183817 37.878403)",w_metro_only;w_bus_metro;d_metro_only;d_bus_metro,Bay Area Rapid Transit,17,2.2:0;1;2;3;4;5;6;7;8;9;10;11;12;13;14;15;16;17;18;19;20;21;23;24;25;26;27
,722,1000713,1176,1500176,40,1000040,metro,1,2.2,Yellow-N,Millbrae/SFIA to Antioch,2,deboarding_links,14.16846951,1,1,3000,2,1.24300808,,0,0,3000,0.15,4,1,0,0,"LINESTRING (-122.251371 37.844694999999994, -122.251271 37.844795)",w_metro_only;w_bus_metro;d_metro_only;d_bus_metro,Bay Area Rapid Transit,-1,2.2.ROCK:0;1;2;3;4;5;6;7;8;9;10;11;12;13;14;15;16;17;19;20;21;22;23
,723,1000171,1176,1500176,1162,1500162,metro,1,2.2,Yellow-N,Millbrae/SFIA to Antioch,1,service_links,7015.601774,1,1,1134,84.17038721,52.31223568,,0,5,1134,0.15,4,1,0,0,"LINESTRING (-122.251371 37.844694999999994, -122.183817 37.878403)",w_metro_only;w_bus_metro;d_metro_only;d_bus_metro,Bay Area Rapid Transit,13,2.2:0;1;2;3;4;5;6;7;8;9;10;11;12;13;14;15;16;17;19;20;21;22;23
,724,1000715,1177,1500177,42,1000042,metro,1,2.2,Yellow-N,Millbrae/SFIA to Antioch,2,deboarding_links,14.18372739,1,3,3000,2,1.24300808,,0,0,9000,0.15,4,1,0,0,"LINESTRING (-122.416484 37.63762, -122.416384 37.63772)",w_metro_only;w_bus_metro;d_metro_only;d_bus_metro,Bay Area Rapid Transit,-1,2.2.SBRN:0;1;2;3;4;5;6;7;8;9;10;11;12;13;14;15;16;17;18;19;20;21;23;24;25
,725,1000109,1177,1500177,1181,1500181,metro,1,2.2,Yellow-N,Millbrae/SFIA to Antioch,1,service_links,3853.036997,1,3,1134,77.03506159,47.87760198,,0,3,3402,0.15,4,1,0,0,"LINESTRING (-122.416484 37.63762, -122.444354 37.664336999999996)",w_metro_only;w_bus_metro;d_metro_only;d_bus_metro,Bay Area Rapid Transit,1,2.2:0;1;2;3;4;5;6;7;8;9;10;11;12;13;14;15;16;17;18;19;20;21;23;24;25
,726,1000717,1178,1500178,42,1000042,metro,1,2.2,Yellow-N,Millbrae/SFIA to Antioch,2,deboarding_links,14.18372739,1,7,3000,2,1.24300808,,0,0,21000,0.15,4,1,0,0,"LINESTRING (-122.416484 37.63762, -122.416384 37.63772)",w_metro_only;w_bus_metro;d_metro_only;d_bus_metro,Bay Area Rapid Transit,-1,2.2.SBRN:0;1;2;3;4;5;6;7;8;9;10;11;12;13;14;15;16;17;18;19;20;21;23;24;25;26;27
,727,1000133,1178,1500178,1182,1500182,metro,1,2.2,Yellow-N,Millbrae/SFIA to Antioch,1,service_links,3853.036997,1,7,1134,77.03506159,47.87760198,,0,3,7938,0.15,4,1,0,0,"LINESTRING (-122.416484 37.63762, -122.444354 37.664336999999996)",w_metro_only;w_bus_metro;d_metro_only;d_bus_metro,Bay Area Rapid Transit,1,2.2:0;1;2;3;4;5;6;7;8;9;10;11;12;13;14;15;16;17;18;19;20;21;23;24;25;26;27
,728,1000719,1179,1500179,43,1000043,metro,1,2.2,Yellow-N,Millbrae/SFIA to Antioch,2,deboarding_links,14.18532348,1,3,3000,2,1.24300808,,0,0,9000,0.15,4,1,0,0,"LINESTRING (-122.39199500000001 37.615922999999995, -122.391895 37.616023)",w_metro_only;w_bus_metro;d_metro_only;d_bus_metro,Bay Area Rapid Transit,-1,2.2.SFIA:0;1;2;3;4;5;6;7;8;9;10;11;12;13;14;15;16;17;18;19;20;21;23;24;25
,729,1000108,1179,1500179,1177,1500177,metro,1,2.2,Yellow-N,Millbrae/SFIA to Antioch,1,service_links,3236.023086,1,3,1134,64.69889542,40.21062487,,0,3,3402,0.15,4,1,0,0,"LINESTRING (-122.39199500000001 37.615922999999995, -122.416484 37.63762)",w_metro_only;w_bus_metro;d_metro_only;d_bus_metro,Bay Area Rapid Transit,0,2.2:0;1;2;3;4;5;6;7;8;9;10;11;12;13;14;15;16;17;18;19;20;21;23;24;25
,730,1000721,1180,1500180,43,1000043,metro,1,2.2,Yellow-N,Millbrae/SFIA to Antioch,2,deboarding_links,14.18532348,1,7,3000,2,1.24300808,,0,0,21000,0.15,4,1,0,0,"LINESTRING (-122.39199500000001 37.615922999999995, -122.391895 37.616023)",w_metro_only;w_bus_metro;d_metro_only;d_bus_metro,Bay Area Rapid Transit,-1,2.2.SFIA:0;1;2;3;4;5;6;7;8;9;10;11;12;13;14;15;16;17;18;19;20;21;23;24;25;26;27
,731,1000132,1180,1500180,1178,1500178,metro,1,2.2,Yellow-N,Millbrae/SFIA to Antioch,1,service_links,3236.023086,1,7,1134,48.52821423,30.16048119,,0,4,7938,0.15,4,1,0,0,"LINESTRING (-122.39199500000001 37.615922999999995, -122.416484 37.63762)",w_metro_only;w_bus_metro;d_metro_only;d_bus_metro,Bay Area Rapid Transit,0,2.2:0;1;2;3;4;5;6;7;8;9;10;11;12;13;14;15;16;17;18;19;20;21;23;24;25;26;27
,732,1000723,1181,1500181,45,1000045,metro,1,2.2,Yellow-N,Millbrae/SFIA to Antioch,2,deboarding_links,14.18176134,1,3,3000,2,1.24300808,,0,0,9000,0.15,4,1,0,0,"LINESTRING (-122.444354 37.664336999999996, -122.444254 37.664437)",w_metro_only;w_bus_metro;d_metro_only;d_bus_metro,Bay Area Rapid Transit,-1,2.2.SSAN:0;1;2;3;4;5;6;7;8;9;10;11;12;13;14;15;16;17;18;19;20;21;23;24;25
,733,1000110,1181,1500181,1134,1500134,metro,1,2.2,Yellow-N,Millbrae/SFIA to Antioch,1,service_links,2960.915142,1,3,1134,44.40262647,27.59641173,,0,4,3402,0.15,4,1,0,0,"LINESTRING (-122.444354 37.664336999999996, -122.466267 37.68454199999999)",w_metro_only;w_bus_metro;d_metro_only;d_bus_metro,Bay Area Rapid Transit,2,2.2:0;1;2;3;4;5;6;7;8;9;10;11;12;13;14;15;16;17;18;19;20;21;23;24;25
,734,1000725,1182,1500182,45,1000045,metro,1,2.2,Yellow-N,Millbrae/SFIA to Antioch,2,deboarding_links,14.18176134,1,7,3000,2,1.24300808,,0,0,21000,0.15,4,1,0,0,"LINESTRING (-122.444354 37.664336999999996, -122.444254 37.664437)",w_metro_only;w_bus_metro;d_metro_only;d_bus_metro,Bay Area Rapid Transit,-1,2.2.SSAN:0;1;2;3;4;5;6;7;8;9;10;11;12;13;14;15;16;17;18;19;20;21;23;24;25;26;27
,735,1000134,1182,1500182,1135,1500135,metro,1,2.2,Yellow-N,Millbrae/SFIA to Antioch,1,service_links,2960.915142,1,7,1134,59.19856998,36.79215039,,0,3,7938,0.15,4,1,0,0,"LINESTRING (-122.444354 37.664336999999996, -122.466267 37.68454199999999)",w_metro_only;w_bus_metro;d_metro_only;d_bus_metro,Bay Area Rapid Transit,2,2.2:0;1;2;3;4;5;6;7;8;9;10;11;12;13;14;15;16;17;18;19;20;21;23;24;25;26;27
,736,1000727,1183,1500183,48,1000048,metro,1,2.2,Yellow-N,Millbrae/SFIA to Antioch,2,deboarding_links,14.16396505,1,3,3000,2,1.24300808,,0,0,9000,0.15,4,1,0,0,"LINESTRING (-122.067479 37.905711999999994, -122.067379 37.905812)",w_metro_only;w_bus_metro;d_metro_only;d_bus_metro,Bay Area Rapid Transit,-1,2.2.WCRK:0;1;2;3;4;5;6;7;8;9;10;11;12;13;14;15;16;17;18;19;20;21;23;24;25
,737,1000128,1183,1500183,1165,1500165,metro,1,2.2,Yellow-N,Millbrae/SFIA to Antioch,1,service_links,2708.778648,1,3,1134,54.15752046,33.65911775,,0,3,3402,0.15,4,1,0,0,"LINESTRING (-122.067479 37.905711999999994, -122.056115 37.928363)",w_metro_only;w_bus_metro;d_metro_only;d_bus_metro,Bay Area Rapid Transit,20,2.2:0;1;2;3;4;5;6;7;8;9;10;11;12;13;14;15;16;17;18;19;20;21;23;24;25
,738,1000729,1184,1500184,48,1000048,metro,1,2.2,Yellow-N,Millbrae/SFIA to Antioch,2,deboarding_links,14.16396505,1,7,3000,2,1.24300808,,0,0,21000,0.15,4,1,0,0,"LINESTRING (-122.067479 37.905711999999994, -122.067379 37.905812)",w_metro_only;w_bus_metro;d_metro_only;d_bus_metro,Bay Area Rapid Transit,-1,2.2.WCRK:0;1;2;3;4;5;6;7;8;9;10;11;12;13;14;15;16;17;18;19;20;21;23;24;25;26;27
,739,1000152,1184,1500184,1166,1500166,metro,1,2.2,Yellow-N,Millbrae/SFIA to Antioch,1,service_links,2708.778648,1,7,1134,81.22274808,50.48026605,,0,2,7938,0.15,4,1,0,0,"LINESTRING (-122.067479 37.905711999999994, -122.056115 37.928363)",w_metro_only;w_bus_metro;d_metro_only;d_bus_metro,Bay Area Rapid Transit,20,2.2:0;1;2;3;4;5;6;7;8;9;10;11;12;13;14;15;16;17;18;19;20;21;23;24;25;26;27
,740,1000731,1185,1500185,48,1000048,metro,1,2.2,Yellow-N,Millbrae/SFIA to Antioch,2,deboarding_links,14.16396505,1,1,3000,2,1.24300808,,0,0,3000,0.15,4,1,0,0,"LINESTRING (-122.067479 37.905711999999994, -122.067379 37.905812)",w_metro_only;w_bus_metro;d_metro_only;d_bus_metro,Bay Area Rapid Transit,-1,2.2.WCRK:0;1;2;3;4;5;6;7;8;9;10;11;12;13;14;15;16;17;19;20;21;22;23
,741,1000174,1185,1500185,1167,1500167,metro,1,2.2,Yellow-N,Millbrae/SFIA to Antioch,1,service_links,2708.778648,1,1,1134,81.22274808,50.48026605,,0,2,1134,0.15,4,1,0,0,"LINESTRING (-122.067479 37.905711999999994, -122.056115 37.928363)",w_metro_only;w_bus_metro;d_metro_only;d_bus_metro,Bay Area Rapid Transit,16,2.2:0;1;2;3;4;5;6;7;8;9;10;11;12;13;14;15;16;17;19;20;21;22;23
,742,1000733,1186,1500186,50,1000050,metro,1,2.2,Yellow-N,Millbrae/SFIA to Antioch,2,deboarding_links,14.17141088,1,3,3000,2,1.24300808,,0,0,9000,0.15,4,1,0,0,"LINESTRING (-122.295244 37.804823, -122.295144 37.804923)",w_metro_only;w_bus_metro;d_metro_only;d_bus_metro,Bay Area Rapid Transit,-1,2.2.WOAK:0;1;2;3;4;5;6;7;8;9;10;11;12;13;14;15;16;17;18;19;20;21;23;24;25
,743,1000121,1186,1500186,1114,1500114,metro,1,2.2,Yellow-N,Millbrae/SFIA to Antioch,1,service_links,2075.745091,1,3,1134,31.12839426,19.34642279,,0,4,3402,0.15,4,1,0,0,"LINESTRING (-122.295244 37.804823, -122.27168900000001 37.803371)",w_metro_only;w_bus_metro;d_metro_only;d_bus_metro,Bay Area Rapid Transit,13,2.2:0;1;2;3;4;5;6;7;8;9;10;11;12;13;14;15;16;17;18;19;20;21;23;24;25
,744,1000735,1187,1500187,50,1000050,metro,1,2.2,Yellow-N,Millbrae/SFIA to Antioch,2,deboarding_links,14.17141088,1,7,3000,2,1.24300808,,0,0,21000,0.15,4,1,0,0,"LINESTRING (-122.295244 37.804823, -122.295144 37.804923)",w_metro_only;w_bus_metro;d_metro_only;d_bus_metro,Bay Area Rapid Transit,-1,2.2.WOAK:0;1;2;3;4;5;6;7;8;9;10;11;12;13;14;15;16;17;18;19;20;21;23;24;25;26;27
,745,1000145,1187,1500187,1115,1500115,metro,1,2.2,Yellow-N,Millbrae/SFIA to Antioch,1,service_links,2075.745091,1,7,1134,31.12839426,19.34642279,,0,4,7938,0.15,4,1,0,0,"LINESTRING (-122.295244 37.804823, -122.27168900000001 37.803371)",w_metro_only;w_bus_metro;d_metro_only;d_bus_metro,Bay Area Rapid Transit,13,2.2:0;1;2;3;4;5;6;7;8;9;10;11;12;13;14;15;16;17;18;19;20;21;23;24;25;26;27
,746,1000737,1188,1500188,50,1000050,metro,1,2.2,Yellow-N,Millbrae/SFIA to Antioch,2,deboarding_links,14.17141088,1,1,3000,2,1.24300808,,0,0,3000,0.15,4,1,0,0,"LINESTRING (-122.295244 37.804823, -122.295144 37.804923)",w_metro_only;w_bus_metro;d_metro_only;d_bus_metro,Bay Area Rapid Transit,-1,2.2.WOAK:0;1;2;3;4;5;6;7;8;9;10;11;12;13;14;15;16;17;19;20;21;22;23
,747,1000167,1188,1500188,1116,1500116,metro,1,2.2,Yellow-N,Millbrae/SFIA to Antioch,1,service_links,2075.745091,1,1,1134,31.12839426,19.34642279,,0,4,1134,0.15,4,1,0,0,"LINESTRING (-122.295244 37.804823, -122.27168900000001 37.803371)",w_metro_only;w_bus_metro;d_metro_only;d_bus_metro,Bay Area Rapid Transit,9,2.2:0;1;2;3;4;5;6;7;8;9;10;11;12;13;14;15;16;17;19;20;21;22;23
,748,1000739,1189,1500189,13,1000013,metro,1,20.1,Beige-S,Coliseum to Oakland Airport,2,deboarding_links,14.17519427,1,20,3000,2,1.24300808,,0,0,60000,0.15,4,1,0,0,"LINESTRING (-122.196798 37.753504, -122.196698 37.753604)",w_metro_only;w_bus_metro;d_metro_only;d_bus_metro,Bay Area Rapid Transit,-1,20.1.COLS:0;2
,749,1000180,1189,1500189,1190,1500190,metro,1,20.1,Beige-S,Coliseum to Oakland Airport,1,service_links,4689.98504,1,20,756,35.17049149,21.85860254,,0,8,15120,0.15,4,1,0,0,"LINESTRING (-122.196798 37.753504, -122.212337 37.713156)",w_metro_only;w_bus_metro;d_metro_only;d_bus_metro,Bay Area Rapid Transit,0,20.1:0;2
,750,1000741,1190,1500190,32,1000032,metro,1,20.1,Beige-S,Coliseum to Oakland Airport,2,deboarding_links,14.1781669,1,20,3000,2,1.24300808,,0,0,60000,0.15,4,1,0,0,"LINESTRING (-122.212337 37.713156, -122.212237 37.713256)",w_metro_only;w_bus_metro;d_metro_only;d_bus_metro,Bay Area Rapid Transit,-1,20.1.OAKL:0;2
,751,1000743,1191,1500191,1,1000001,metro,1,3.2,Orange-N,Berryessa/North San Jose to Richmond,2,deboarding_links,14.17151797,1,1,3000,2,1.24300808,,0,0,3000,0.15,4,1,0,0,"LINESTRING (-122.27168900000001 37.803371, -122.271589 37.803471)",w_metro_only;w_bus_metro;d_metro_only;d_bus_metro,Bay Area Rapid Transit,-1,3.2.12TH:0;1;2;3;4;5;6;7;8;9;10;11;12;13;14;15
,752,1000188,1191,1500191,1194,1500194,metro,1,3.2,Orange-N,Berryessa/North San Jose to Richmond,1,service_links,569.0536035,1,1,756,34.10910711,21.19894786,,0,1,756,0.15,4,1,0,0,"LINESTRING (-122.27168900000001 37.803371, -122.268822 37.807959999999994)",w_metro_only;w_bus_metro;d_metro_only;d_bus_metro,Bay Area Rapid Transit,7,3.2:0;1;2;3;4;5;6;7;8;9;10;11;12;13;14;15
,753,1000745,1192,1500192,1,1000001,metro,1,3.2,Orange-N,Berryessa/North San Jose to Richmond,2,deboarding_links,14.17151797,1,7,3000,2,1.24300808,,0,0,21000,0.15,4,1,0,0,"LINESTRING (-122.27168900000001 37.803371, -122.271589 37.803471)",w_metro_only;w_bus_metro;d_metro_only;d_bus_metro,Bay Area Rapid Transit,-1,3.2.12TH:0;1;2;3;4;6;7;8;9;10;11;12;13;14;15;16;17;18;19;20;21
,754,1000208,1192,1500192,1195,1500195,metro,1,3.2,Orange-N,Berryessa/North San Jose to Richmond,1,service_links,569.0536035,1,7,756,34.10910711,21.19894786,,0,1,5292,0.15,4,1,0,0,"LINESTRING (-122.27168900000001 37.803371, -122.268822 37.807959999999994)",w_metro_only;w_bus_metro;d_metro_only;d_bus_metro,Bay Area Rapid Transit,13,3.2:0;1;2;3;4;6;7;8;9;10;11;12;13;14;15;16;17;18;19;20;21
,755,1000747,1193,1500193,1,1000001,metro,1,3.2,Orange-N,Berryessa/North San Jose to Richmond,2,deboarding_links,14.17151797,1,1,3000,2,1.24300808,,0,0,3000,0.15,4,1,0,0,"LINESTRING (-122.27168900000001 37.803371, -122.271589 37.803471)",w_metro_only;w_bus_metro;d_metro_only;d_bus_metro,Bay Area Rapid Transit,-1,3.2.12TH:0;1;3;4;5;6;7;8;9;10;11;12;13;14;15;16;17;18
,756,1000225,1193,1500193,1196,1500196,metro,1,3.2,Orange-N,Berryessa/North San Jose to Richmond,1,service_links,569.0536035,1,1,756,34.10910711,21.19894786,,0,1,756,0.15,4,1,0,0,"LINESTRING (-122.27168900000001 37.803371, -122.268822 37.807959999999994)",w_metro_only;w_bus_metro;d_metro_only;d_bus_metro,Bay Area Rapid Transit,10,3.2:0;1;3;4;5;6;7;8;9;10;11;12;13;14;15;16;17;18
,757,1000749,1194,1500194,3,1000003,metro,1,3.2,Orange-N,Berryessa/North San Jose to Richmond,2,deboarding_links,14.17117953,1,1,3000,2,1.24300808,,0,0,3000,0.15,4,1,0,0,"LINESTRING (-122.268822 37.807959999999994, -122.268722 37.80806)",w_metro_only;w_bus_metro;d_metro_only;d_bus_metro,Bay Area Rapid Transit,-1,3.2.19TH:0;1;2;3;4;5;6;7;8;9;10;11;12;13;14;15
,758,1000189,1194,1500194,1224,1500224,metro,1,3.2,Orange-N,Berryessa/North San Jose to Richmond,1,service_links,2311.799007,1,1,756,34.66831802,21.5464997,,0,4,756,0.15,4,1,0,0,"LINESTRING (-122.268822 37.807959999999994, -122.267263 37.828714)",w_metro_only;w_bus_metro;d_metro_only;d_bus_metro,Bay Area Rapid Transit,8,3.2:0;1;2;3;4;5;6;7;8;9;10;11;12;13;14;15
,759,1000751,1195,1500195,3,1000003,metro,1,3.2,Orange-N,Berryessa/North San Jose to Richmond,2,deboarding_links,14.17117953,1,7,3000,2,1.24300808,,0,0,21000,0.15,4,1,0,0,"LINESTRING (-122.268822 37.807959999999994, -122.268722 37.80806)",w_metro_only;w_bus_metro;d_metro_only;d_bus_metro,Bay Area Rapid Transit,-1,3.2.19TH:0;1;2;3;4;6;7;8;9;10;11;12;13;14;15;16;17;18;19;20;21
,760,1000209,1195,1500195,1225,1500225,metro,1,3.2,Orange-N,Berryessa/North San Jose to Richmond,1,service_links,2311.799007,1,7,756,34.66831802,21.5464997,,0,4,5292,0.15,4,1,0,0,"LINESTRING (-122.268822 37.807959999999994, -122.267263 37.828714)",w_metro_only;w_bus_metro;d_metro_only;d_bus_metro,Bay Area Rapid Transit,14,3.2:0;1;2;3;4;6;7;8;9;10;11;12;13;14;15;16;17;18;19;20;21
,761,1000753,1196,1500196,3,1000003,metro,1,3.2,Orange-N,Berryessa/North San Jose to Richmond,2,deboarding_links,14.17117953,1,1,3000,2,1.24300808,,0,0,3000,0.15,4,1,0,0,"LINESTRING (-122.268822 37.807959999999994, -122.268722 37.80806)",w_metro_only;w_bus_metro;d_metro_only;d_bus_metro,Bay Area Rapid Transit,-1,3.2.19TH:0;1;3;4;5;6;7;8;9;10;11;12;13;14;15;16;17;18
,762,1000226,1196,1500196,1226,1500226,metro,1,3.2,Orange-N,Berryessa/North San Jose to Richmond,1,service_links,2311.799007,1,1,756,34.66831802,21.5464997,,0,4,756,0.15,4,1,0,0,"LINESTRING (-122.268822 37.807959999999994, -122.267263 37.828714)",w_metro_only;w_bus_metro;d_metro_only;d_bus_metro,Bay Area Rapid Transit,11,3.2:0;1;3;4;5;6;7;8;9;10;11;12;13;14;15;16;17;18
,763,1000755,1197,1500197,6,1000006,metro,1,3.2,Orange-N,Berryessa/North San Jose to Richmond,2,deboarding_links,14.16785892,1,1,3000,2,1.24300808,,0,0,3000,0.15,4,1,0,0,"LINESTRING (-122.26985 37.852968999999995, -122.26975 37.853069)",w_metro_only;w_bus_metro;d_metro_only;d_bus_metro,Bay Area Rapid Transit,-1,3.2.ASHB:0;1;2;3;4;5;6;7;8;9;10;11;12;13;14;15
,764,1000191,1197,1500197,1207,1500207,metro,1,3.2,Orange-N,Berryessa/North San Jose to Richmond,1,service_links,1901.325318,1,1,756,57.01125391,35.43272462,,0,2,756,0.15,4,1,0,0,"LINESTRING (-122.26985 37.852968999999995, -122.268178 37.870017)",w_metro_only;w_bus_metro;d_metro_only;d_bus_metro,Bay Area Rapid Transit,10,3.2:0;1;2;3;4;5;6;7;8;9;10;11;12;13;14;15
,765,1000757,1198,1500198,6,1000006,metro,1,3.2,Orange-N,Berryessa/North San Jose to Richmond,2,deboarding_links,14.16785892,1,7,3000,2,1.24300808,,0,0,21000,0.15,4,1,0,0,"LINESTRING (-122.26985 37.852968999999995, -122.26975 37.853069)",w_metro_only;w_bus_metro;d_metro_only;d_bus_metro,Bay Area Rapid Transit,-1,3.2.ASHB:0;1;2;3;4;6;7;8;9;10;11;12;13;14;15;16;17;18;19;20;21
,766,1000211,1198,1500198,1208,1500208,metro,1,3.2,Orange-N,Berryessa/North San Jose to Richmond,1,service_links,1901.325318,1,7,756,57.01125391,35.43272462,,0,2,5292,0.15,4,1,0,0,"LINESTRING (-122.26985 37.852968999999995, -122.268178 37.870017)",w_metro_only;w_bus_metro;d_metro_only;d_bus_metro,Bay Area Rapid Transit,16,3.2:0;1;2;3;4;6;7;8;9;10;11;12;13;14;15;16;17;18;19;20;21
,767,1000759,1199,1500199,6,1000006,metro,1,3.2,Orange-N,Berryessa/North San Jose to Richmond,2,deboarding_links,14.16785892,1,1,3000,2,1.24300808,,0,0,3000,0.15,4,1,0,0,"LINESTRING (-122.26985 37.852968999999995, -122.26975 37.853069)",w_metro_only;w_bus_metro;d_metro_only;d_bus_metro,Bay Area Rapid Transit,-1,3.2.ASHB:0;1;3;4;5;6;7;8;9;10;11;12;13;14;15;16;17;18
,768,1000228,1199,1500199,1209,1500209,metro,1,3.2,Orange-N,Berryessa/North San Jose to Richmond,1,service_links,1901.325318,1,1,756,57.01125391,35.43272462,,0,2,756,0.15,4,1,0,0,"LINESTRING (-122.26985 37.852968999999995, -122.268178 37.870017)",w_metro_only;w_bus_metro;d_metro_only;d_bus_metro,Bay Area Rapid Transit,13,3.2:0;1;3;4;5;6;7;8;9;10;11;12;13;14;15;16;17;18
,769,1000761,1200,1500200,8,1000008,metro,1,3.2,Orange-N,Berryessa/North San Jose to Richmond,2,deboarding_links,14.17936864,1,1,3000,2,1.24300808,,0,0,3000,0.15,4,1,0,0,"LINESTRING (-122.126531 37.696838, -122.126431 37.696938)",w_metro_only;w_bus_metro;d_metro_only;d_bus_metro,Bay Area Rapid Transit,-1,3.2.BAYF:0;1;2;3;4;5;6;7;8;9;10;11;12;13;14;15
,770,1000183,1200,1500200,1237,1500237,metro,1,3.2,Orange-N,Berryessa/North San Jose to Richmond,1,service_links,4091.586584,1,1,756,81.80446352,50.84180455,,0,3,756,0.15,4,1,0,0,"LINESTRING (-122.126531 37.696838, -122.160813 37.721706)",w_metro_only;w_bus_metro;d_metro_only;d_bus_metro,Bay Area Rapid Transit,2,3.2:0;1;2;3;4;5;6;7;8;9;10;11;12;13;14;15
,771,1000763,1201,1500201,8,1000008,metro,1,3.2,Orange-N,Berryessa/North San Jose to Richmond,2,deboarding_links,14.17936864,1,7,3000,2,1.24300808,,0,0,21000,0.15,4,1,0,0,"LINESTRING (-122.126531 37.696838, -122.126431 37.696938)",w_metro_only;w_bus_metro;d_metro_only;d_bus_metro,Bay Area Rapid Transit,-1,3.2.BAYF:0;1;2;3;4;6;7;8;9;10;11;12;13;14;15;16;17;18;19;20;21
,772,1000203,1201,1500201,1238,1500238,metro,1,3.2,Orange-N,Berryessa/North San Jose to Richmond,1,service_links,4091.586584,1,7,756,81.80446352,50.84180455,,0,3,5292,0.15,4,1,0,0,"LINESTRING (-122.126531 37.696838, -122.160813 37.721706)",w_metro_only;w_bus_metro;d_metro_only;d_bus_metro,Bay Area Rapid Transit,8,3.2:0;1;2;3;4;6;7;8;9;10;11;12;13;14;15;16;17;18;19;20;21
,773,1000765,1202,1500202,8,1000008,metro,1,3.2,Orange-N,Berryessa/North San Jose to Richmond,2,deboarding_links,14.17936864,1,1,3000,2,1.24300808,,0,0,3000,0.15,4,1,0,0,"LINESTRING (-122.126531 37.696838, -122.126431 37.696938)",w_metro_only;w_bus_metro;d_metro_only;d_bus_metro,Bay Area Rapid Transit,-1,3.2.BAYF:0;1;3;4;5;6;7;8;9;10;11;12;13;14;15;16;17;18
,774,1000220,1202,1500202,1239,1500239,metro,1,3.2,Orange-N,Berryessa/North San Jose to Richmond,1,service_links,4091.586584,1,1,756,81.80446352,50.84180455,,0,3,756,0.15,4,1,0,0,"LINESTRING (-122.126531 37.696838, -122.160813 37.721706)",w_metro_only;w_bus_metro;d_metro_only;d_bus_metro,Bay Area Rapid Transit,5,3.2:0;1;3;4;5;6;7;8;9;10;11;12;13;14;15;16;17;18
,775,1000767,1203,1500203,9,1000009,metro,1,3.2,Orange-N,Berryessa/North San Jose to Richmond,2,deboarding_links,14.20349683,1,7,3000,2,1.24300808,,0,0,21000,0.15,4,1,0,0,"LINESTRING (-121.874761 37.368395, -121.874661 37.368495)",w_metro_only;w_bus_metro;d_metro_only;d_bus_metro,Bay Area Rapid Transit,-1,3.2.BERY:0;1;2;3;4;6;7;8;9;10;11;12;13;14;15;16;17;18;19;20;21
,776,1000196,1203,1500203,1227,1500227,metro,1,3.2,Orange-N,Berryessa/North San Jose to Richmond,1,service_links,4813.041129,1,7,756,72.17757255,44.85865292,,0,4,5292,0.15,4,1,0,0,"LINESTRING (-121.874761 37.368395, -121.89090300000001 37.409735999999995)",w_metro_only;w_bus_metro;d_metro_only;d_bus_metro,Bay Area Rapid Transit,0,3.2:0;1;2;3;4;6;7;8;9;10;11;12;13;14;15;16;17;18;19;20;21
,777,1000769,1204,1500204,13,1000013,metro,1,3.2,Orange-N,Berryessa/North San Jose to Richmond,2,deboarding_links,14.17519427,1,1,3000,2,1.24300808,,0,0,3000,0.15,4,1,0,0,"LINESTRING (-122.196798 37.753504, -122.196698 37.753604)",w_metro_only;w_bus_metro;d_metro_only;d_bus_metro,Bay Area Rapid Transit,-1,3.2.COLS:0;1;2;3;4;5;6;7;8;9;10;11;12;13;14;15
,778,1000185,1204,1500204,1215,1500215,metro,1,3.2,Orange-N,Berryessa/North San Jose to Richmond,1,service_links,3373.621001,1,1,756,50.5916671,31.44292548,,0,4,756,0.15,4,1,0,0,"LINESTRING (-122.196798 37.753504, -122.22416700000001 37.774772999999996)",w_metro_only;w_bus_metro;d_metro_only;d_bus_metro,Bay Area Rapid Transit,4,3.2:0;1;2;3;4;5;6;7;8;9;10;11;12;13;14;15
,779,1000771,1205,1500205,13,1000013,metro,1,3.2,Orange-N,Berryessa/North San Jose to Richmond,2,deboarding_links,14.17519427,1,7,3000,2,1.24300808,,0,0,21000,0.15,4,1,0,0,"LINESTRING (-122.196798 37.753504, -122.196698 37.753604)",w_metro_only;w_bus_metro;d_metro_only;d_bus_metro,Bay Area Rapid Transit,-1,3.2.COLS:0;1;2;3;4;6;7;8;9;10;11;12;13;14;15;16;17;18;19;20;21
,780,1000205,1205,1500205,1216,1500216,metro,1,3.2,Orange-N,Berryessa/North San Jose to Richmond,1,service_links,3373.621001,1,7,756,50.5916671,31.44292548,,0,4,5292,0.15,4,1,0,0,"LINESTRING (-122.196798 37.753504, -122.22416700000001 37.774772999999996)",w_metro_only;w_bus_metro;d_metro_only;d_bus_metro,Bay Area Rapid Transit,10,3.2:0;1;2;3;4;6;7;8;9;10;11;12;13;14;15;16;17;18;19;20;21
,781,1000773,1206,1500206,13,1000013,metro,1,3.2,Orange-N,Berryessa/North San Jose to Richmond,2,deboarding_links,14.17519427,1,1,3000,2,1.24300808,,0,0,3000,0.15,4,1,0,0,"LINESTRING (-122.196798 37.753504, -122.196698 37.753604)",w_metro_only;w_bus_metro;d_metro_only;d_bus_metro,Bay Area Rapid Transit,-1,3.2.COLS:0;1;3;4;5;6;7;8;9;10;11;12;13;14;15;16;17;18
,782,1000222,1206,1500206,1217,1500217,metro,1,3.2,Orange-N,Berryessa/North San Jose to Richmond,1,service_links,3373.621001,1,1,756,50.5916671,31.44292548,,0,4,756,0.15,4,1,0,0,"LINESTRING (-122.196798 37.753504, -122.22416700000001 37.774772999999996)",w_metro_only;w_bus_metro;d_metro_only;d_bus_metro,Bay Area Rapid Transit,7,3.2:0;1;3;4;5;6;7;8;9;10;11;12;13;14;15;16;17;18
,783,1000775,1207,1500207,16,1000016,metro,1,3.2,Orange-N,Berryessa/North San Jose to Richmond,2,deboarding_links,14.16660063,1,1,3000,2,1.24300808,,0,0,3000,0.15,4,1,0,0,"LINESTRING (-122.268178 37.870017, -122.268078 37.870117)",w_metro_only;w_bus_metro;d_metro_only;d_bus_metro,Bay Area Rapid Transit,-1,3.2.DBRK:0;1;2;3;4;5;6;7;8;9;10;11;12;13;14;15
,784,1000192,1207,1500207,1228,1500228,metro,1,3.2,Orange-N,Berryessa/North San Jose to Richmond,1,service_links,1422.619698,1,1,756,42.65726232,26.51166086,,0,2,756,0.15,4,1,0,0,"LINESTRING (-122.268178 37.870017, -122.283608 37.873931999999996)",w_metro_only;w_bus_metro;d_metro_only;d_bus_metro,Bay Area Rapid Transit,11,3.2:0;1;2;3;4;5;6;7;8;9;10;11;12;13;14;15
,785,1000777,1208,1500208,16,1000016,metro,1,3.2,Orange-N,Berryessa/North San Jose to Richmond,2,deboarding_links,14.16660063,1,7,3000,2,1.24300808,,0,0,21000,0.15,4,1,0,0,"LINESTRING (-122.268178 37.870017, -122.268078 37.870117)",w_metro_only;w_bus_metro;d_metro_only;d_bus_metro,Bay Area Rapid Transit,-1,3.2.DBRK:0;1;2;3;4;6;7;8;9;10;11;12;13;14;15;16;17;18;19;20;21
,786,1000212,1208,1500208,1229,1500229,metro,1,3.2,Orange-N,Berryessa/North San Jose to Richmond,1,service_links,1422.619698,1,7,756,42.65726232,26.51166086,,0,2,5292,0.15,4,1,0,0,"LINESTRING (-122.268178 37.870017, -122.283608 37.873931999999996)",w_metro_only;w_bus_metro;d_metro_only;d_bus_metro,Bay Area Rapid Transit,17,3.2:0;1;2;3;4;6;7;8;9;10;11;12;13;14;15;16;17;18;19;20;21
,787,1000779,1209,1500209,16,1000016,metro,1,3.2,Orange-N,Berryessa/North San Jose to Richmond,2,deboarding_links,14.16660063,1,1,3000,2,1.24300808,,0,0,3000,0.15,4,1,0,0,"LINESTRING (-122.268178 37.870017, -122.268078 37.870117)",w_metro_only;w_bus_metro;d_metro_only;d_bus_metro,Bay Area Rapid Transit,-1,3.2.DBRK:0;1;3;4;5;6;7;8;9;10;11;12;13;14;15;16;17;18
,788,1000229,1209,1500209,1230,1500230,metro,1,3.2,Orange-N,Berryessa/North San Jose to Richmond,1,service_links,1422.619698,1,1,756,42.65726232,26.51166086,,0,2,756,0.15,4,1,0,0,"LINESTRING (-122.268178 37.870017, -122.283608 37.873931999999996)",w_metro_only;w_bus_metro;d_metro_only;d_bus_metro,Bay Area Rapid Transit,14,3.2:0;1;3;4;5;6;7;8;9;10;11;12;13;14;15;16;17;18
,789,1000781,1210,1500210,17,1000017,metro,1,3.2,Orange-N,Berryessa/North San Jose to Richmond,2,deboarding_links,14.16253259,1,1,3000,2,1.24300808,,0,0,3000,0.15,4,1,0,0,"LINESTRING (-122.316968 37.925104999999995, -122.316868 37.925205)",w_metro_only;w_bus_metro;d_metro_only;d_bus_metro,Bay Area Rapid Transit,-1,3.2.DELN:0;1;2;3;4;5;6;7;8;9;10;11;12;13;14;15
,790,1000195,1210,1500210,1234,1500234,metro,1,3.2,Orange-N,Berryessa/North San Jose to Richmond,1,service_links,3421.323524,1,1,756,41.04767275,25.51129444,,0,5,756,0.15,4,1,0,0,"LINESTRING (-122.316968 37.925104999999995, -122.353104 37.93669499999999)",w_metro_only;w_bus_metro;d_metro_only;d_bus_metro,Bay Area Rapid Transit,14,3.2:0;1;2;3;4;5;6;7;8;9;10;11;12;13;14;15
,791,1000783,1211,1500211,17,1000017,metro,1,3.2,Orange-N,Berryessa/North San Jose to Richmond,2,deboarding_links,14.16253259,1,7,3000,2,1.24300808,,0,0,21000,0.15,4,1,0,0,"LINESTRING (-122.316968 37.925104999999995, -122.316868 37.925205)",w_metro_only;w_bus_metro;d_metro_only;d_bus_metro,Bay Area Rapid Transit,-1,3.2.DELN:0;1;2;3;4;6;7;8;9;10;11;12;13;14;15;16;17;18;19;20;21
,792,1000215,1211,1500211,1235,1500235,metro,1,3.2,Orange-N,Berryessa/North San Jose to Richmond,1,service_links,3421.323524,1,7,756,41.04767275,25.51129444,,0,5,5292,0.15,4,1,0,0,"LINESTRING (-122.316968 37.925104999999995, -122.353104 37.93669499999999)",w_metro_only;w_bus_metro;d_metro_only;d_bus_metro,Bay Area Rapid Transit,20,3.2:0;1;2;3;4;6;7;8;9;10;11;12;13;14;15;16;17;18;19;20;21
,793,1000785,1212,1500212,17,1000017,metro,1,3.2,Orange-N,Berryessa/North San Jose to Richmond,2,deboarding_links,14.16253259,1,1,3000,2,1.24300808,,0,0,3000,0.15,4,1,0,0,"LINESTRING (-122.316968 37.925104999999995, -122.316868 37.925205)",w_metro_only;w_bus_metro;d_metro_only;d_bus_metro,Bay Area Rapid Transit,-1,3.2.DELN:0;1;3;4;5;6;7;8;9;10;11;12;13;14;15;16;17;18
,794,1000232,1212,1500212,1236,1500236,metro,1,3.2,Orange-N,Berryessa/North San Jose to Richmond,1,service_links,3421.323524,1,1,756,41.04767275,25.51129444,,0,5,756,0.15,4,1,0,0,"LINESTRING (-122.316968 37.925104999999995, -122.353104 37.93669499999999)",w_metro_only;w_bus_metro;d_metro_only;d_bus_metro,Bay Area Rapid Transit,17,3.2:0;1;3;4;5;6;7;8;9;10;11;12;13;14;15;16;17;18
,795,1000787,1213,1500213,20,1000020,metro,1,3.2,Orange-N,Berryessa/North San Jose to Richmond,2,deboarding_links,14.18962514,1,7,3000,2,1.24300808,,0,0,21000,0.15,4,1,0,0,"LINESTRING (-121.97670500000001 37.557413, -121.976605 37.557513)",w_metro_only;w_bus_metro;d_metro_only;d_bus_metro,Bay Area Rapid Transit,-1,3.2.FRMT:0;1;2;3;4;6;7;8;9;10;11;12;13;14;15;16;17;18;19;20;21
,796,1000199,1213,1500213,1243,1500243,metro,1,3.2,Orange-N,Berryessa/North San Jose to Richmond,1,service_links,5146.783353,1,7,756,61.74905042,38.37728429,,0,5,5292,0.15,4,1,0,0,"LINESTRING (-121.97670500000001 37.557413, -122.01733 37.590664999999994)",w_metro_only;w_bus_metro;d_metro_only;d_bus_metro,Bay Area Rapid Transit,3,3.2:0;1;2;3;4;6;7;8;9;10;11;12;13;14;15;16;17;18;19;20;21
,797,1000789,1214,1500214,20,1000020,metro,1,3.2,Orange-N,Berryessa/North San Jose to Richmond,2,deboarding_links,14.18962514,1,1,3000,2,1.24300808,,0,0,3000,0.15,4,1,0,0,"LINESTRING (-121.97670500000001 37.557413, -121.976605 37.557513)",w_metro_only;w_bus_metro;d_metro_only;d_bus_metro,Bay Area Rapid Transit,-1,3.2.FRMT:0;1;3;4;5;6;7;8;9;10;11;12;13;14;15;16;17;18
,798,1000216,1214,1500214,1244,1500244,metro,1,3.2,Orange-N,Berryessa/North San Jose to Richmond,1,service_links,5146.783353,1,1,756,61.74905042,38.37728429,,0,5,756,0.15,4,1,0,0,"LINESTRING (-121.97670500000001 37.557413, -122.01733 37.590664999999994)",w_metro_only;w_bus_metro;d_metro_only;d_bus_metro,Bay Area Rapid Transit,0,3.2:0;1;3;4;5;6;7;8;9;10;11;12;13;14;15;16;17;18
,799,1000791,1215,1500215,21,1000021,metro,1,3.2,Orange-N,Berryessa/North San Jose to Richmond,2,deboarding_links,14.17362659,1,1,3000,2,1.24300808,,0,0,3000,0.15,4,1,0,0,"LINESTRING (-122.22416700000001 37.774772999999996, -122.224067 37.774873)",w_metro_only;w_bus_metro;d_metro_only;d_bus_metro,Bay Area Rapid Transit,-1,3.2.FTVL:0;1;2;3;4;5;6;7;8;9;10;11;12;13;14;15
,800,1000186,1215,1500215,1221,1500221,metro,1,3.2,Orange-N,Berryessa/North San Jose to Richmond,1,service_links,4397.360844,1,1,756,65.94392668,40.98441683,,0,4,756,0.15,4,1,0,0,"LINESTRING (-122.22416700000001 37.774772999999996, -122.265332 37.797256999999995)",w_metro_only;w_bus_metro;d_metro_only;d_bus_metro,Bay Area Rapid Transit,5,3.2:0;1;2;3;4;5;6;7;8;9;10;11;12;13;14;15
,801,1000793,1216,1500216,21,1000021,metro,1,3.2,Orange-N,Berryessa/North San Jose to Richmond,2,deboarding_links,14.17362659,1,7,3000,2,1.24300808,,0,0,21000,0.15,4,1,0,0,"LINESTRING (-122.22416700000001 37.774772999999996, -122.224067 37.774873)",w_metro_only;w_bus_metro;d_metro_only;d_bus_metro,Bay Area Rapid Transit,-1,3.2.FTVL:0;1;2;3;4;6;7;8;9;10;11;12;13;14;15;16;17;18;19;20;21
,802,1000206,1216,1500216,1222,1500222,metro,1,3.2,Orange-N,Berryessa/North San Jose to Richmond,1,service_links,4397.360844,1,7,756,65.94392668,40.98441683,,0,4,5292,0.15,4,1,0,0,"LINESTRING (-122.22416700000001 37.774772999999996, -122.265332 37.797256999999995)",w_metro_only;w_bus_metro;d_metro_only;d_bus_metro,Bay Area Rapid Transit,11,3.2:0;1;2;3;4;6;7;8;9;10;11;12;13;14;15;16;17;18;19;20;21
,803,1000795,1217,1500217,21,1000021,metro,1,3.2,Orange-N,Berryessa/North San Jose to Richmond,2,deboarding_links,14.17362659,1,1,3000,2,1.24300808,,0,0,3000,0.15,4,1,0,0,"LINESTRING (-122.22416700000001 37.774772999999996, -122.224067 37.774873)",w_metro_only;w_bus_metro;d_metro_only;d_bus_metro,Bay Area Rapid Transit,-1,3.2.FTVL:0;1;3;4;5;6;7;8;9;10;11;12;13;14;15;16;17;18
,804,1000223,1217,1500217,1223,1500223,metro,1,3.2,Orange-N,Berryessa/North San Jose to Richmond,1,service_links,4397.360844,1,1,756,65.94392668,40.98441683,,0,4,756,0.15,4,1,0,0,"LINESTRING (-122.22416700000001 37.774772999999996, -122.265332 37.797256999999995)",w_metro_only;w_bus_metro;d_metro_only;d_bus_metro,Bay Area Rapid Transit,8,3.2:0;1;3;4;5;6;7;8;9;10;11;12;13;14;15;16;17;18
,805,1000797,1218,1500218,23,1000023,metro,1,3.2,Orange-N,Berryessa/North San Jose to Richmond,2,deboarding_links,14.18137168,1,1,3000,2,1.24300808,,0,0,3000,0.15,4,1,0,0,"LINESTRING (-122.087041 37.669630999999995, -122.086941 37.669731)",w_metro_only;w_bus_metro;d_metro_only;d_bus_metro,Bay Area Rapid Transit,-1,3.2.HAYW:0;1;2;3;4;5;6;7;8;9;10;11;12;13;14;15
,806,1000182,1218,1500218,1200,1500200,metro,1,3.2,Orange-N,Berryessa/North San Jose to Richmond,1,service_links,4607.46807,1,1,756,69.09474737,42.94266462,,0,4,756,0.15,4,1,0,0,"LINESTRING (-122.087041 37.669630999999995, -122.126531 37.696838)",w_metro_only;w_bus_metro;d_metro_only;d_bus_metro,Bay Area Rapid Transit,1,3.2:0;1;2;3;4;5;6;7;8;9;10;11;12;13;14;15
,807,1000799,1219,1500219,23,1000023,metro,1,3.2,Orange-N,Berryessa/North San Jose to Richmond,2,deboarding_links,14.18137168,1,7,3000,2,1.24300808,,0,0,21000,0.15,4,1,0,0,"LINESTRING (-122.087041 37.669630999999995, -122.086941 37.669731)",w_metro_only;w_bus_metro;d_metro_only;d_bus_metro,Bay Area Rapid Transit,-1,3.2.HAYW:0;1;2;3;4;6;7;8;9;10;11;12;13;14;15;16;17;18;19;20;21
,808,1000202,1219,1500219,1201,1500201,metro,1,3.2,Orange-N,Berryessa/North San Jose to Richmond,1,service_links,4607.46807,1,7,756,69.09474737,42.94266462,,0,4,5292,0.15,4,1,0,0,"LINESTRING (-122.087041 37.669630999999995, -122.126531 37.696838)",w_metro_only;w_bus_metro;d_metro_only;d_bus_metro,Bay Area Rapid Transit,7,3.2:0;1;2;3;4;6;7;8;9;10;11;12;13;14;15;16;17;18;19;20;21
,809,1000801,1220,1500220,23,1000023,metro,1,3.2,Orange-N,Berryessa/North San Jose to Richmond,2,deboarding_links,14.18137168,1,1,3000,2,1.24300808,,0,0,3000,0.15,4,1,0,0,"LINESTRING (-122.087041 37.669630999999995, -122.086941 37.669731)",w_metro_only;w_bus_metro;d_metro_only;d_bus_metro,Bay Area Rapid Transit,-1,3.2.HAYW:0;1;3;4;5;6;7;8;9;10;11;12;13;14;15;16;17;18
,810,1000219,1220,1500220,1202,1500202,metro,1,3.2,Orange-N,Berryessa/North San Jose to Richmond,1,service_links,4607.46807,1,1,756,69.09474737,42.94266462,,0,4,756,0.15,4,1,0,0,"LINESTRING (-122.087041 37.669630999999995, -122.126531 37.696838)",w_metro_only;w_bus_metro;d_metro_only;d_bus_metro,Bay Area Rapid Transit,4,3.2:0;1;3;4;5;6;7;8;9;10;11;12;13;14;15;16;17;18
,811,1000803,1221,1500221,25,1000025,metro,1,3.2,Orange-N,Berryessa/North San Jose to Richmond,2,deboarding_links,14.17196884,1,1,3000,2,1.24300808,,0,0,3000,0.15,4,1,0,0,"LINESTRING (-122.265332 37.797256999999995, -122.265232 37.797357)",w_metro_only;w_bus_metro;d_metro_only;d_bus_metro,Bay Area Rapid Transit,-1,3.2.LAKE:0;1;2;3;4;5;6;7;8;9;10;11;12;13;14;15
,812,1000187,1221,1500221,1191,1500191,metro,1,3.2,Orange-N,Berryessa/North San Jose to Richmond,1,service_links,879.8566208,1,1,756,17.59126866,10.93304454,,0,3,756,0.15,4,1,0,0,"LINESTRING (-122.265332 37.797256999999995, -122.27168900000001 37.803371)",w_metro_only;w_bus_metro;d_metro_only;d_bus_metro,Bay Area Rapid Transit,6,3.2:0;1;2;3;4;5;6;7;8;9;10;11;12;13;14;15
,813,1000805,1222,1500222,25,1000025,metro,1,3.2,Orange-N,Berryessa/North San Jose to Richmond,2,deboarding_links,14.17196884,1,7,3000,2,1.24300808,,0,0,21000,0.15,4,1,0,0,"LINESTRING (-122.265332 37.797256999999995, -122.265232 37.797357)",w_metro_only;w_bus_metro;d_metro_only;d_bus_metro,Bay Area Rapid Transit,-1,3.2.LAKE:0;1;2;3;4;6;7;8;9;10;11;12;13;14;15;16;17;18;19;20;21
,814,1000207,1222,1500222,1192,1500192,metro,1,3.2,Orange-N,Berryessa/North San Jose to Richmond,1,service_links,879.8566208,1,7,756,17.59126866,10.93304454,,0,3,5292,0.15,4,1,0,0,"LINESTRING (-122.265332 37.797256999999995, -122.27168900000001 37.803371)",w_metro_only;w_bus_metro;d_metro_only;d_bus_metro,Bay Area Rapid Transit,12,3.2:0;1;2;3;4;6;7;8;9;10;11;12;13;14;15;16;17;18;19;20;21
,815,1000807,1223,1500223,25,1000025,metro,1,3.2,Orange-N,Berryessa/North San Jose to Richmond,2,deboarding_links,14.17196884,1,1,3000,2,1.24300808,,0,0,3000,0.15,4,1,0,0,"LINESTRING (-122.265332 37.797256999999995, -122.265232 37.797357)",w_metro_only;w_bus_metro;d_metro_only;d_bus_metro,Bay Area Rapid Transit,-1,3.2.LAKE:0;1;3;4;5;6;7;8;9;10;11;12;13;14;15;16;17;18
,816,1000224,1223,1500223,1193,1500193,metro,1,3.2,Orange-N,Berryessa/North San Jose to Richmond,1,service_links,879.8566208,1,1,756,17.59126866,10.93304454,,0,3,756,0.15,4,1,0,0,"LINESTRING (-122.265332 37.797256999999995, -122.27168900000001 37.803371)",w_metro_only;w_bus_metro;d_metro_only;d_bus_metro,Bay Area Rapid Transit,9,3.2:0;1;3;4;5;6;7;8;9;10;11;12;13;14;15;16;17;18
,817,1000809,1224,1500224,26,1000026,metro,1,3.2,Orange-N,Berryessa/North San Jose to Richmond,2,deboarding_links,14.16964863,1,1,3000,2,1.24300808,,0,0,3000,0.15,4,1,0,0,"LINESTRING (-122.267263 37.828714, -122.267163 37.828814)",w_metro_only;w_bus_metro;d_metro_only;d_bus_metro,Bay Area Rapid Transit,-1,3.2.MCAR:0;1;2;3;4;5;6;7;8;9;10;11;12;13;14;15
,818,1000190,1224,1500224,1197,1500197,metro,1,3.2,Orange-N,Berryessa/North San Jose to Richmond,1,service_links,2706.583361,1,1,756,40.58860327,25.2259809,,0,4,756,0.15,4,1,0,0,"LINESTRING (-122.267263 37.828714, -122.26985 37.852968999999995)",w_metro_only;w_bus_metro;d_metro_only;d_bus_metro,Bay Area Rapid Transit,9,3.2:0;1;2;3;4;5;6;7;8;9;10;11;12;13;14;15
,819,1000811,1225,1500225,26,1000026,metro,1,3.2,Orange-N,Berryessa/North San Jose to Richmond,2,deboarding_links,14.16964863,1,7,3000,2,1.24300808,,0,0,21000,0.15,4,1,0,0,"LINESTRING (-122.267263 37.828714, -122.267163 37.828814)",w_metro_only;w_bus_metro;d_metro_only;d_bus_metro,Bay Area Rapid Transit,-1,3.2.MCAR:0;1;2;3;4;6;7;8;9;10;11;12;13;14;15;16;17;18;19;20;21
,820,1000210,1225,1500225,1198,1500198,metro,1,3.2,Orange-N,Berryessa/North San Jose to Richmond,1,service_links,2706.583361,1,7,756,40.58860327,25.2259809,,0,4,5292,0.15,4,1,0,0,"LINESTRING (-122.267263 37.828714, -122.26985 37.852968999999995)",w_metro_only;w_bus_metro;d_metro_only;d_bus_metro,Bay Area Rapid Transit,15,3.2:0;1;2;3;4;6;7;8;9;10;11;12;13;14;15;16;17;18;19;20;21
,821,1000813,1226,1500226,26,1000026,metro,1,3.2,Orange-N,Berryessa/North San Jose to Richmond,2,deboarding_links,14.16964863,1,1,3000,2,1.24300808,,0,0,3000,0.15,4,1,0,0,"LINESTRING (-122.267263 37.828714, -122.267163 37.828814)",w_metro_only;w_bus_metro;d_metro_only;d_bus_metro,Bay Area Rapid Transit,-1,3.2.MCAR:0;1;3;4;5;6;7;8;9;10;11;12;13;14;15;16;17;18
,822,1000227,1226,1500226,1199,1500199,metro,1,3.2,Orange-N,Berryessa/North San Jose to Richmond,1,service_links,2706.583361,1,1,756,40.58860327,25.2259809,,0,4,756,0.15,4,1,0,0,"LINESTRING (-122.267263 37.828714, -122.26985 37.852968999999995)",w_metro_only;w_bus_metro;d_metro_only;d_bus_metro,Bay Area Rapid Transit,12,3.2:0;1;3;4;5;6;7;8;9;10;11;12;13;14;15;16;17;18
,823,1000815,1227,1500227,28,1000028,metro,1,3.2,Orange-N,Berryessa/North San Jose to Richmond,2,deboarding_links,14.20046616,1,7,3000,2,1.24300808,,0,0,21000,0.15,4,1,0,0,"LINESTRING (-121.89090300000001 37.409735999999995, -121.890803 37.409836)",w_metro_only;w_bus_metro;d_metro_only;d_bus_metro,Bay Area Rapid Transit,-1,3.2.MLPT:0;1;2;3;4;6;7;8;9;10;11;12;13;14;15;16;17;18;19;20;21
,824,1000197,1227,1500227,1245,1500245,metro,1,3.2,Orange-N,Berryessa/North San Jose to Richmond,1,service_links,11139.77994,1,7,756,83.53790728,51.91914685,,0,8,5292,0.15,4,1,0,0,"LINESTRING (-121.89090300000001 37.409735999999995, -121.939458 37.502207)",w_metro_only;w_bus_metro;d_metro_only;d_bus_metro,Bay Area Rapid Transit,1,3.2:0;1;2;3;4;6;7;8;9;10;11;12;13;14;15;16;17;18;19;20;21
,825,1000817,1228,1500228,30,1000030,metro,1,3.2,Orange-N,Berryessa/North San Jose to Richmond,2,deboarding_links,14.16631163,1,1,3000,2,1.24300808,,0,0,3000,0.15,4,1,0,0,"LINESTRING (-122.283608 37.873931999999996, -122.283508 37.874032)",w_metro_only;w_bus_metro;d_metro_only;d_bus_metro,Bay Area Rapid Transit,-1,3.2.NBRK:0;1;2;3;4;5;6;7;8;9;10;11;12;13;14;15
,826,1000193,1228,1500228,1231,1500231,metro,1,3.2,Orange-N,Berryessa/North San Jose to Richmond,1,service_links,3455.074689,1,1,756,69.07846761,42.93254668,,0,3,756,0.15,4,1,0,0,"LINESTRING (-122.283608 37.873931999999996, -122.298995 37.902533)",w_metro_only;w_bus_metro;d_metro_only;d_bus_metro,Bay Area Rapid Transit,12,3.2:0;1;2;3;4;5;6;7;8;9;10;11;12;13;14;15
,827,1000819,1229,1500229,30,1000030,metro,1,3.2,Orange-N,Berryessa/North San Jose to Richmond,2,deboarding_links,14.16631163,1,7,3000,2,1.24300808,,0,0,21000,0.15,4,1,0,0,"LINESTRING (-122.283608 37.873931999999996, -122.283508 37.874032)",w_metro_only;w_bus_metro;d_metro_only;d_bus_metro,Bay Area Rapid Transit,-1,3.2.NBRK:0;1;2;3;4;6;7;8;9;10;11;12;13;14;15;16;17;18;19;20;21
,828,1000213,1229,1500229,1232,1500232,metro,1,3.2,Orange-N,Berryessa/North San Jose to Richmond,1,service_links,3455.074689,1,7,756,69.07846761,42.93254668,,0,3,5292,0.15,4,1,0,0,"LINESTRING (-122.283608 37.873931999999996, -122.298995 37.902533)",w_metro_only;w_bus_metro;d_metro_only;d_bus_metro,Bay Area Rapid Transit,18,3.2:0;1;2;3;4;6;7;8;9;10;11;12;13;14;15;16;17;18;19;20;21
,829,1000821,1230,1500230,30,1000030,metro,1,3.2,Orange-N,Berryessa/North San Jose to Richmond,2,deboarding_links,14.16631163,1,1,3000,2,1.24300808,,0,0,3000,0.15,4,1,0,0,"LINESTRING (-122.283608 37.873931999999996, -122.283508 37.874032)",w_metro_only;w_bus_metro;d_metro_only;d_bus_metro,Bay Area Rapid Transit,-1,3.2.NBRK:0;1;3;4;5;6;7;8;9;10;11;12;13;14;15;16;17;18
,830,1000230,1230,1500230,1233,1500233,metro,1,3.2,Orange-N,Berryessa/North San Jose to Richmond,1,service_links,3455.074689,1,1,756,69.07846761,42.93254668,,0,3,756,0.15,4,1,0,0,"LINESTRING (-122.283608 37.873931999999996, -122.298995 37.902533)",w_metro_only;w_bus_metro;d_metro_only;d_bus_metro,Bay Area Rapid Transit,15,3.2:0;1;3;4;5;6;7;8;9;10;11;12;13;14;15;16;17;18
,831,1000823,1231,1500231,37,1000037,metro,1,3.2,Orange-N,Berryessa/North San Jose to Richmond,2,deboarding_links,14.16419983,1,1,3000,2,1.24300808,,0,0,3000,0.15,4,1,0,0,"LINESTRING (-122.298995 37.902533, -122.298895 37.902633)",w_metro_only;w_bus_metro;d_metro_only;d_bus_metro,Bay Area Rapid Transit,-1,3.2.PLZA:0;1;2;3;4;5;6;7;8;9;10;11;12;13;14;15
,832,1000194,1231,1500231,1210,1500210,metro,1,3.2,Orange-N,Berryessa/North San Jose to Richmond,1,service_links,2964.037696,1,1,756,59.26100024,36.83095105,,0,3,756,0.15,4,1,0,0,"LINESTRING (-122.298995 37.902533, -122.316968 37.925104999999995)",w_metro_only;w_bus_metro;d_metro_only;d_bus_metro,Bay Area Rapid Transit,13,3.2:0;1;2;3;4;5;6;7;8;9;10;11;12;13;14;15
,833,1000825,1232,1500232,37,1000037,metro,1,3.2,Orange-N,Berryessa/North San Jose to Richmond,2,deboarding_links,14.16419983,1,7,3000,2,1.24300808,,0,0,21000,0.15,4,1,0,0,"LINESTRING (-122.298995 37.902533, -122.298895 37.902633)",w_metro_only;w_bus_metro;d_metro_only;d_bus_metro,Bay Area Rapid Transit,-1,3.2.PLZA:0;1;2;3;4;6;7;8;9;10;11;12;13;14;15;16;17;18;19;20;21
,834,1000214,1232,1500232,1211,1500211,metro,1,3.2,Orange-N,Berryessa/North San Jose to Richmond,1,service_links,2964.037696,1,7,756,59.26100024,36.83095105,,0,3,5292,0.15,4,1,0,0,"LINESTRING (-122.298995 37.902533, -122.316968 37.925104999999995)",w_metro_only;w_bus_metro;d_metro_only;d_bus_metro,Bay Area Rapid Transit,19,3.2:0;1;2;3;4;6;7;8;9;10;11;12;13;14;15;16;17;18;19;20;21
,835,1000827,1233,1500233,37,1000037,metro,1,3.2,Orange-N,Berryessa/North San Jose to Richmond,2,deboarding_links,14.16419983,1,1,3000,2,1.24300808,,0,0,3000,0.15,4,1,0,0,"LINESTRING (-122.298995 37.902533, -122.298895 37.902633)",w_metro_only;w_bus_metro;d_metro_only;d_bus_metro,Bay Area Rapid Transit,-1,3.2.PLZA:0;1;3;4;5;6;7;8;9;10;11;12;13;14;15;16;17;18
,836,1000231,1233,1500233,1212,1500212,metro,1,3.2,Orange-N,Berryessa/North San Jose to Richmond,1,service_links,2964.037696,1,1,756,59.26100024,36.83095105,,0,3,756,0.15,4,1,0,0,"LINESTRING (-122.298995 37.902533, -122.316968 37.925104999999995)",w_metro_only;w_bus_metro;d_metro_only;d_bus_metro,Bay Area Rapid Transit,16,3.2:0;1;3;4;5;6;7;8;9;10;11;12;13;14;15;16;17;18
,837,1000829,1234,1500234,39,1000039,metro,1,3.2,Orange-N,Berryessa/North San Jose to Richmond,2,deboarding_links,14.16167631,1,1,3000,2,1.24300808,,0,0,3000,0.15,4,1,0,0,"LINESTRING (-122.353104 37.93669499999999, -122.353004 37.936795)",w_metro_only;w_bus_metro;d_metro_only;d_bus_metro,Bay Area Rapid Transit,-1,3.2.RICH:0;1;2;3;4;5;6;7;8;9;10;11;12;13;14;15
,838,1000831,1235,1500235,39,1000039,metro,1,3.2,Orange-N,Berryessa/North San Jose to Richmond,2,deboarding_links,14.16167631,1,7,3000,2,1.24300808,,0,0,21000,0.15,4,1,0,0,"LINESTRING (-122.353104 37.93669499999999, -122.353004 37.936795)",w_metro_only;w_bus_metro;d_metro_only;d_bus_metro,Bay Area Rapid Transit,-1,3.2.RICH:0;1;2;3;4;6;7;8;9;10;11;12;13;14;15;16;17;18;19;20;21
,839,1000833,1236,1500236,39,1000039,metro,1,3.2,Orange-N,Berryessa/North San Jose to Richmond,2,deboarding_links,14.16167631,1,1,3000,2,1.24300808,,0,0,3000,0.15,4,1,0,0,"LINESTRING (-122.353104 37.93669499999999, -122.353004 37.936795)",w_metro_only;w_bus_metro;d_metro_only;d_bus_metro,Bay Area Rapid Transit,-1,3.2.RICH:0;1;3;4;5;6;7;8;9;10;11;12;13;14;15;16;17;18
,840,1000835,1237,1500237,41,1000041,metro,1,3.2,Orange-N,Berryessa/North San Jose to Richmond,2,deboarding_links,14.17753712,1,1,3000,2,1.24300808,,0,0,3000,0.15,4,1,0,0,"LINESTRING (-122.160813 37.721706, -122.160713 37.721806)",w_metro_only;w_bus_metro;d_metro_only;d_bus_metro,Bay Area Rapid Transit,-1,3.2.SANL:0;1;2;3;4;5;6;7;8;9;10;11;12;13;14;15
,841,1000184,1237,1500237,1204,1500204,metro,1,3.2,Orange-N,Berryessa/North San Jose to Richmond,1,service_links,4744.982255,1,1,756,71.15694459,44.22432852,,0,4,756,0.15,4,1,0,0,"LINESTRING (-122.160813 37.721706, -122.196798 37.753504)",w_metro_only;w_bus_metro;d_metro_only;d_bus_metro,Bay Area Rapid Transit,3,3.2:0;1;2;3;4;5;6;7;8;9;10;11;12;13;14;15
,842,1000837,1238,1500238,41,1000041,metro,1,3.2,Orange-N,Berryessa/North San Jose to Richmond,2,deboarding_links,14.17753712,1,7,3000,2,1.24300808,,0,0,21000,0.15,4,1,0,0,"LINESTRING (-122.160813 37.721706, -122.160713 37.721806)",w_metro_only;w_bus_metro;d_metro_only;d_bus_metro,Bay Area Rapid Transit,-1,3.2.SANL:0;1;2;3;4;6;7;8;9;10;11;12;13;14;15;16;17;18;19;20;21
,843,1000204,1238,1500238,1205,1500205,metro,1,3.2,Orange-N,Berryessa/North San Jose to Richmond,1,service_links,4744.982255,1,7,756,71.15694459,44.22432852,,0,4,5292,0.15,4,1,0,0,"LINESTRING (-122.160813 37.721706, -122.196798 37.753504)",w_metro_only;w_bus_metro;d_metro_only;d_bus_metro,Bay Area Rapid Transit,9,3.2:0;1;2;3;4;6;7;8;9;10;11;12;13;14;15;16;17;18;19;20;21
,844,1000839,1239,1500239,41,1000041,metro,1,3.2,Orange-N,Berryessa/North San Jose to Richmond,2,deboarding_links,14.17753712,1,1,3000,2,1.24300808,,0,0,3000,0.15,4,1,0,0,"LINESTRING (-122.160813 37.721706, -122.160713 37.721806)",w_metro_only;w_bus_metro;d_metro_only;d_bus_metro,Bay Area Rapid Transit,-1,3.2.SANL:0;1;3;4;5;6;7;8;9;10;11;12;13;14;15;16;17;18
,845,1000221,1239,1500239,1206,1500206,metro,1,3.2,Orange-N,Berryessa/North San Jose to Richmond,1,service_links,4744.982255,1,1,756,71.15694459,44.22432852,,0,4,756,0.15,4,1,0,0,"LINESTRING (-122.160813 37.721706, -122.196798 37.753504)",w_metro_only;w_bus_metro;d_metro_only;d_bus_metro,Bay Area Rapid Transit,6,3.2:0;1;3;4;5;6;7;8;9;10;11;12;13;14;15;16;17;18
,846,1000841,1240,1500240,44,1000044,metro,1,3.2,Orange-N,Berryessa/North San Jose to Richmond,2,deboarding_links,14.18397438,1,1,3000,2,1.24300808,,0,0,3000,0.15,4,1,0,0,"LINESTRING (-122.057258 37.634263, -122.057158 37.634363)",w_metro_only;w_bus_metro;d_metro_only;d_bus_metro,Bay Area Rapid Transit,-1,3.2.SHAY:0;1;2;3;4;5;6;7;8;9;10;11;12;13;14;15
,847,1000181,1240,1500240,1218,1500218,metro,1,3.2,Orange-N,Berryessa/North San Jose to Richmond,1,service_links,4726.667114,1,1,756,70.88228614,44.05362719,,0,4,756,0.15,4,1,0,0,"LINESTRING (-122.057258 37.634263, -122.087041 37.669630999999995)",w_metro_only;w_bus_metro;d_metro_only;d_bus_metro,Bay Area Rapid Transit,0,3.2:0;1;2;3;4;5;6;7;8;9;10;11;12;13;14;15
,848,1000843,1241,1500241,44,1000044,metro,1,3.2,Orange-N,Berryessa/North San Jose to Richmond,2,deboarding_links,14.18397438,1,7,3000,2,1.24300808,,0,0,21000,0.15,4,1,0,0,"LINESTRING (-122.057258 37.634263, -122.057158 37.634363)",w_metro_only;w_bus_metro;d_metro_only;d_bus_metro,Bay Area Rapid Transit,-1,3.2.SHAY:0;1;2;3;4;6;7;8;9;10;11;12;13;14;15;16;17;18;19;20;21
,849,1000201,1241,1500241,1219,1500219,metro,1,3.2,Orange-N,Berryessa/North San Jose to Richmond,1,service_links,4726.667114,1,7,756,70.88228614,44.05362719,,0,4,5292,0.15,4,1,0,0,"LINESTRING (-122.057258 37.634263, -122.087041 37.669630999999995)",w_metro_only;w_bus_metro;d_metro_only;d_bus_metro,Bay Area Rapid Transit,6,3.2:0;1;2;3;4;6;7;8;9;10;11;12;13;14;15;16;17;18;19;20;21
,850,1000845,1242,1500242,44,1000044,metro,1,3.2,Orange-N,Berryessa/North San Jose to Richmond,2,deboarding_links,14.18397438,1,1,3000,2,1.24300808,,0,0,3000,0.15,4,1,0,0,"LINESTRING (-122.057258 37.634263, -122.057158 37.634363)",w_metro_only;w_bus_metro;d_metro_only;d_bus_metro,Bay Area Rapid Transit,-1,3.2.SHAY:0;1;3;4;5;6;7;8;9;10;11;12;13;14;15;16;17;18
,851,1000218,1242,1500242,1220,1500220,metro,1,3.2,Orange-N,Berryessa/North San Jose to Richmond,1,service_links,4726.667114,1,1,756,70.88228614,44.05362719,,0,4,756,0.15,4,1,0,0,"LINESTRING (-122.057258 37.634263, -122.087041 37.669630999999995)",w_metro_only;w_bus_metro;d_metro_only;d_bus_metro,Bay Area Rapid Transit,3,3.2:0;1;3;4;5;6;7;8;9;10;11;12;13;14;15;16;17;18
,852,1000847,1243,1500243,46,1000046,metro,1,3.2,Orange-N,Berryessa/North San Jose to Richmond,2,deboarding_links,14.1871809,1,7,3000,2,1.24300808,,0,0,21000,0.15,4,1,0,0,"LINESTRING (-122.01733 37.590664999999994, -122.01723 37.590765)",w_metro_only;w_bus_metro;d_metro_only;d_bus_metro,Bay Area Rapid Transit,-1,3.2.UCTY:0;1;2;3;4;6;7;8;9;10;11;12;13;14;15;16;17;18;19;20;21
,853,1000200,1243,1500243,1241,1500241,metro,1,3.2,Orange-N,Berryessa/North San Jose to Richmond,1,service_links,5989.262958,1,7,756,71.85678414,44.65928163,,0,5,5292,0.15,4,1,0,0,"LINESTRING (-122.01733 37.590664999999994, -122.057258 37.634263)",w_metro_only;w_bus_metro;d_metro_only;d_bus_metro,Bay Area Rapid Transit,4,3.2:0;1;2;3;4;6;7;8;9;10;11;12;13;14;15;16;17;18;19;20;21
,854,1000849,1244,1500244,46,1000046,metro,1,3.2,Orange-N,Berryessa/North San Jose to Richmond,2,deboarding_links,14.1871809,1,1,3000,2,1.24300808,,0,0,3000,0.15,4,1,0,0,"LINESTRING (-122.01733 37.590664999999994, -122.01723 37.590765)",w_metro_only;w_bus_metro;d_metro_only;d_bus_metro,Bay Area Rapid Transit,-1,3.2.UCTY:0;1;3;4;5;6;7;8;9;10;11;12;13;14;15;16;17;18
,855,1000217,1244,1500244,1242,1500242,metro,1,3.2,Orange-N,Berryessa/North San Jose to Richmond,1,service_links,5989.262958,1,1,756,71.85678414,44.65928163,,0,5,756,0.15,4,1,0,0,"LINESTRING (-122.01733 37.590664999999994, -122.057258 37.634263)",w_metro_only;w_bus_metro;d_metro_only;d_bus_metro,Bay Area Rapid Transit,1,3.2:0;1;3;4;5;6;7;8;9;10;11;12;13;14;15;16;17;18
,856,1000851,1245,1500245,47,1000047,metro,1,3.2,Orange-N,Berryessa/North San Jose to Richmond,2,deboarding_links,14.19368056,1,7,3000,2,1.24300808,,0,0,21000,0.15,4,1,0,0,"LINESTRING (-121.939458 37.502207, -121.939358 37.502307)",w_metro_only;w_bus_metro;d_metro_only;d_bus_metro,Bay Area Rapid Transit,-1,3.2.WARM:0;1;2;3;4;6;7;8;9;10;11;12;13;14;15;16;17;18;19;20;21
,857,1000198,1245,1500245,1213,1500213,metro,1,3.2,Orange-N,Berryessa/North San Jose to Richmond,1,service_links,6962.089477,1,7,756,69.60929322,43.26245694,,0,6,5292,0.15,4,1,0,0,"LINESTRING (-121.939458 37.502207, -121.97670500000001 37.557413)",w_metro_only;w_bus_metro;d_metro_only;d_bus_metro,Bay Area Rapid Transit,2,3.2:0;1;2;3;4;6;7;8;9;10;11;12;13;14;15;16;17;18;19;20;21
,858,1000853,1246,1500246,1,1000001,metro,1,4.1,Orange-S,Richmond to Berryessa/North San Jose,2,deboarding_links,14.17151797,1,7,3000,2,1.24300808,,0,0,21000,0.15,4,1,0,0,"LINESTRING (-122.27168900000001 37.803371, -122.271589 37.803471)",w_metro_only;w_bus_metro;d_metro_only;d_bus_metro,Bay Area Rapid Transit,-1,4.1.12TH:0;1;2;3;4;5;6;7;8;9;10;11;12;13;14;15;17;18;19;20;21
,859,1000241,1246,1500246,1257,1500257,metro,1,4.1,Orange-S,Richmond to Berryessa/North San Jose,1,service_links,879.8566208,1,7,756,17.59126866,10.93304454,,0,3,5292,0.15,4,1,0,0,"LINESTRING (-122.27168900000001 37.803371, -122.265332 37.797256999999995)",w_metro_only;w_bus_metro;d_metro_only;d_bus_metro,Bay Area Rapid Transit,8,4.1:0;1;2;3;4;5;6;7;8;9;10;11;12;13;14;15;17;18;19;20;21
,860,1000855,1247,1500247,3,1000003,metro,1,4.1,Orange-S,Richmond to Berryessa/North San Jose,2,deboarding_links,14.17117953,1,7,3000,2,1.24300808,,0,0,21000,0.15,4,1,0,0,"LINESTRING (-122.268822 37.807959999999994, -122.268722 37.80806)",w_metro_only;w_bus_metro;d_metro_only;d_bus_metro,Bay Area Rapid Transit,-1,4.1.19TH:0;1;2;3;4;5;6;7;8;9;10;11;12;13;14;15;17;18;19;20;21
,861,1000240,1247,1500247,1246,1500246,metro,1,4.1,Orange-S,Richmond to Berryessa/North San Jose,1,service_links,569.0536035,1,7,756,17.06307657,10.60477102,,0,2,5292,0.15,4,1,0,0,"LINESTRING (-122.268822 37.807959999999994, -122.27168900000001 37.803371)",w_metro_only;w_bus_metro;d_metro_only;d_bus_metro,Bay Area Rapid Transit,7,4.1:0;1;2;3;4;5;6;7;8;9;10;11;12;13;14;15;17;18;19;20;21
,862,1000857,1248,1500248,6,1000006,metro,1,4.1,Orange-S,Richmond to Berryessa/North San Jose,2,deboarding_links,14.16785892,1,7,3000,2,1.24300808,,0,0,21000,0.15,4,1,0,0,"LINESTRING (-122.26985 37.852968999999995, -122.26975 37.853069)",w_metro_only;w_bus_metro;d_metro_only;d_bus_metro,Bay Area Rapid Transit,-1,4.1.ASHB:0;1;2;3;4;5;6;7;8;9;10;11;12;13;14;15;17;18;19;20;21
,863,1000238,1248,1500248,1258,1500258,metro,1,4.1,Orange-S,Richmond to Berryessa/North San Jose,1,service_links,2706.583361,1,7,756,54.11362935,33.63183925,,0,3,5292,0.15,4,1,0,0,"LINESTRING (-122.26985 37.852968999999995, -122.267263 37.828714)",w_metro_only;w_bus_metro;d_metro_only;d_bus_metro,Bay Area Rapid Transit,5,4.1:0;1;2;3;4;5;6;7;8;9;10;11;12;13;14;15;17;18;19;20;21
,864,1000859,1249,1500249,8,1000008,metro,1,4.1,Orange-S,Richmond to Berryessa/North San Jose,2,deboarding_links,14.17936864,1,7,3000,2,1.24300808,,0,0,21000,0.15,4,1,0,0,"LINESTRING (-122.126531 37.696838, -122.126431 37.696938)",w_metro_only;w_bus_metro;d_metro_only;d_bus_metro,Bay Area Rapid Transit,-1,4.1.BAYF:0;1;2;3;4;5;6;7;8;9;10;11;12;13;14;15;17;18;19;20;21
,865,1000246,1249,1500249,1256,1500256,metro,1,4.1,Orange-S,Richmond to Berryessa/North San Jose,1,service_links,4607.46807,1,7,756,69.09474737,42.94266462,,0,4,5292,0.15,4,1,0,0,"LINESTRING (-122.126531 37.696838, -122.087041 37.669630999999995)",w_metro_only;w_bus_metro;d_metro_only;d_bus_metro,Bay Area Rapid Transit,13,4.1:0;1;2;3;4;5;6;7;8;9;10;11;12;13;14;15;17;18;19;20;21
,866,1000861,1250,1500250,9,1000009,metro,1,4.1,Orange-S,Richmond to Berryessa/North San Jose,2,deboarding_links,14.20349683,1,7,3000,2,1.24300808,,0,0,21000,0.15,4,1,0,0,"LINESTRING (-121.874761 37.368395, -121.874661 37.368495)",w_metro_only;w_bus_metro;d_metro_only;d_bus_metro,Bay Area Rapid Transit,-1,4.1.BERY:0;1;2;3;4;5;6;7;8;9;10;11;12;13;14;15;17;18;19;20;21
,867,1000863,1251,1500251,13,1000013,metro,1,4.1,Orange-S,Richmond to Berryessa/North San Jose,2,deboarding_links,14.17519427,1,7,3000,2,1.24300808,,0,0,21000,0.15,4,1,0,0,"LINESTRING (-122.196798 37.753504, -122.196698 37.753604)",w_metro_only;w_bus_metro;d_metro_only;d_bus_metro,Bay Area Rapid Transit,-1,4.1.COLS:0;1;2;3;4;5;6;7;8;9;10;11;12;13;14;15;17;18;19;20;21
,868,1000244,1251,1500251,1263,1500263,metro,1,4.1,Orange-S,Richmond to Berryessa/North San Jose,1,service_links,4744.982255,1,7,756,56.92840138,35.38123143,,0,5,5292,0.15,4,1,0,0,"LINESTRING (-122.196798 37.753504, -122.160813 37.721706)",w_metro_only;w_bus_metro;d_metro_only;d_bus_metro,Bay Area Rapid Transit,11,4.1:0;1;2;3;4;5;6;7;8;9;10;11;12;13;14;15;17;18;19;20;21
,869,1000865,1252,1500252,16,1000016,metro,1,4.1,Orange-S,Richmond to Berryessa/North San Jose,2,deboarding_links,14.16660063,1,7,3000,2,1.24300808,,0,0,21000,0.15,4,1,0,0,"LINESTRING (-122.268178 37.870017, -122.268078 37.870117)",w_metro_only;w_bus_metro;d_metro_only;d_bus_metro,Bay Area Rapid Transit,-1,4.1.DBRK:0;1;2;3;4;5;6;7;8;9;10;11;12;13;14;15;17;18;19;20;21
,870,1000237,1252,1500252,1248,1500248,metro,1,4.1,Orange-S,Richmond to Berryessa/North San Jose,1,service_links,1901.325318,1,7,756,57.01125391,35.43272462,,0,2,5292,0.15,4,1,0,0,"LINESTRING (-122.268178 37.870017, -122.26985 37.852968999999995)",w_metro_only;w_bus_metro;d_metro_only;d_bus_metro,Bay Area Rapid Transit,4,4.1:0;1;2;3;4;5;6;7;8;9;10;11;12;13;14;15;17;18;19;20;21
,871,1000867,1253,1500253,17,1000017,metro,1,4.1,Orange-S,Richmond to Berryessa/North San Jose,2,deboarding_links,14.16253259,1,7,3000,2,1.24300808,,0,0,21000,0.15,4,1,0,0,"LINESTRING (-122.316968 37.925104999999995, -122.316868 37.925205)",w_metro_only;w_bus_metro;d_metro_only;d_bus_metro,Bay Area Rapid Transit,-1,4.1.DELN:0;1;2;3;4;5;6;7;8;9;10;11;12;13;14;15;17;18;19;20;21
,872,1000234,1253,1500253,1261,1500261,metro,1,4.1,Orange-S,Richmond to Berryessa/North San Jose,1,service_links,2964.037696,1,7,756,59.26100024,36.83095105,,0,3,5292,0.15,4,1,0,0,"LINESTRING (-122.316968 37.925104999999995, -122.298995 37.902533)",w_metro_only;w_bus_metro;d_metro_only;d_bus_metro,Bay Area Rapid Transit,1,4.1:0;1;2;3;4;5;6;7;8;9;10;11;12;13;14;15;17;18;19;20;21
,873,1000869,1254,1500254,20,1000020,metro,1,4.1,Orange-S,Richmond to Berryessa/North San Jose,2,deboarding_links,14.18962514,1,7,3000,2,1.24300808,,0,0,21000,0.15,4,1,0,0,"LINESTRING (-121.97670500000001 37.557413, -121.976605 37.557513)",w_metro_only;w_bus_metro;d_metro_only;d_bus_metro,Bay Area Rapid Transit,-1,4.1.FRMT:0;1;2;3;4;5;6;7;8;9;10;11;12;13;14;15;17;18;19;20;21
,874,1000250,1254,1500254,1266,1500266,metro,1,4.1,Orange-S,Richmond to Berryessa/North San Jose,1,service_links,6962.089477,1,7,756,69.60929322,43.26245694,,0,6,5292,0.15,4,1,0,0,"LINESTRING (-121.97670500000001 37.557413, -121.939458 37.502207)",w_metro_only;w_bus_metro;d_metro_only;d_bus_metro,Bay Area Rapid Transit,18,4.1:0;1;2;3;4;5;6;7;8;9;10;11;12;13;14;15;17;18;19;20;21
,875,1000871,1255,1500255,21,1000021,metro,1,4.1,Orange-S,Richmond to Berryessa/North San Jose,2,deboarding_links,14.17362659,1,7,3000,2,1.24300808,,0,0,21000,0.15,4,1,0,0,"LINESTRING (-122.22416700000001 37.774772999999996, -122.224067 37.774873)",w_metro_only;w_bus_metro;d_metro_only;d_bus_metro,Bay Area Rapid Transit,-1,4.1.FTVL:0;1;2;3;4;5;6;7;8;9;10;11;12;13;14;15;17;18;19;20;21
,876,1000243,1255,1500255,1251,1500251,metro,1,4.1,Orange-S,Richmond to Berryessa/North San Jose,1,service_links,3373.621001,1,7,756,67.44993671,41.92040815,,0,3,5292,0.15,4,1,0,0,"LINESTRING (-122.22416700000001 37.774772999999996, -122.196798 37.753504)",w_metro_only;w_bus_metro;d_metro_only;d_bus_metro,Bay Area Rapid Transit,10,4.1:0;1;2;3;4;5;6;7;8;9;10;11;12;13;14;15;17;18;19;20;21
,877,1000873,1256,1500256,23,1000023,metro,1,4.1,Orange-S,Richmond to Berryessa/North San Jose,2,deboarding_links,14.18137168,1,7,3000,2,1.24300808,,0,0,21000,0.15,4,1,0,0,"LINESTRING (-122.087041 37.669630999999995, -122.086941 37.669731)",w_metro_only;w_bus_metro;d_metro_only;d_bus_metro,Bay Area Rapid Transit,-1,4.1.HAYW:0;1;2;3;4;5;6;7;8;9;10;11;12;13;14;15;17;18;19;20;21
,878,1000247,1256,1500256,1264,1500264,metro,1,4.1,Orange-S,Richmond to Berryessa/North San Jose,1,service_links,4726.667114,1,7,756,70.88228614,44.05362719,,0,4,5292,0.15,4,1,0,0,"LINESTRING (-122.087041 37.669630999999995, -122.057258 37.634263)",w_metro_only;w_bus_metro;d_metro_only;d_bus_metro,Bay Area Rapid Transit,14,4.1:0;1;2;3;4;5;6;7;8;9;10;11;12;13;14;15;17;18;19;20;21
,879,1000875,1257,1500257,25,1000025,metro,1,4.1,Orange-S,Richmond to Berryessa/North San Jose,2,deboarding_links,14.17196884,1,7,3000,2,1.24300808,,0,0,21000,0.15,4,1,0,0,"LINESTRING (-122.265332 37.797256999999995, -122.265232 37.797357)",w_metro_only;w_bus_metro;d_metro_only;d_bus_metro,Bay Area Rapid Transit,-1,4.1.LAKE:0;1;2;3;4;5;6;7;8;9;10;11;12;13;14;15;17;18;19;20;21
,880,1000242,1257,1500257,1255,1500255,metro,1,4.1,Orange-S,Richmond to Berryessa/North San Jose,1,service_links,4397.360844,1,7,756,65.94392668,40.98441683,,0,4,5292,0.15,4,1,0,0,"LINESTRING (-122.265332 37.797256999999995, -122.22416700000001 37.774772999999996)",w_metro_only;w_bus_metro;d_metro_only;d_bus_metro,Bay Area Rapid Transit,9,4.1:0;1;2;3;4;5;6;7;8;9;10;11;12;13;14;15;17;18;19;20;21
,881,1000877,1258,1500258,26,1000026,metro,1,4.1,Orange-S,Richmond to Berryessa/North San Jose,2,deboarding_links,14.16964863,1,7,3000,2,1.24300808,,0,0,21000,0.15,4,1,0,0,"LINESTRING (-122.267263 37.828714, -122.267163 37.828814)",w_metro_only;w_bus_metro;d_metro_only;d_bus_metro,Bay Area Rapid Transit,-1,4.1.MCAR:0;1;2;3;4;5;6;7;8;9;10;11;12;13;14;15;17;18;19;20;21
,882,1000239,1258,1500258,1247,1500247,metro,1,4.1,Orange-S,Richmond to Berryessa/North San Jose,1,service_links,2311.799007,1,7,756,23.11413771,14.36552996,,0,6,5292,0.15,4,1,0,0,"LINESTRING (-122.267263 37.828714, -122.268822 37.807959999999994)",w_metro_only;w_bus_metro;d_metro_only;d_bus_metro,Bay Area Rapid Transit,6,4.1:0;1;2;3;4;5;6;7;8;9;10;11;12;13;14;15;17;18;19;20;21
,883,1000879,1259,1500259,28,1000028,metro,1,4.1,Orange-S,Richmond to Berryessa/North San Jose,2,deboarding_links,14.20046616,1,7,3000,2,1.24300808,,0,0,21000,0.15,4,1,0,0,"LINESTRING (-121.89090300000001 37.409735999999995, -121.890803 37.409836)",w_metro_only;w_bus_metro;d_metro_only;d_bus_metro,Bay Area Rapid Transit,-1,4.1.MLPT:0;1;2;3;4;5;6;7;8;9;10;11;12;13;14;15;17;18;19;20;21
,884,1000252,1259,1500259,1250,1500250,metro,1,4.1,Orange-S,Richmond to Berryessa/North San Jose,1,service_links,4813.041129,1,7,756,57.74494456,35.88871632,,0,5,5292,0.15,4,1,0,0,"LINESTRING (-121.89090300000001 37.409735999999995, -121.874761 37.368395)",w_metro_only;w_bus_metro;d_metro_only;d_bus_metro,Bay Area Rapid Transit,20,4.1:0;1;2;3;4;5;6;7;8;9;10;11;12;13;14;15;17;18;19;20;21
,885,1000881,1260,1500260,30,1000030,metro,1,4.1,Orange-S,Richmond to Berryessa/North San Jose,2,deboarding_links,14.16631163,1,7,3000,2,1.24300808,,0,0,21000,0.15,4,1,0,0,"LINESTRING (-122.283608 37.873931999999996, -122.283508 37.874032)",w_metro_only;w_bus_metro;d_metro_only;d_bus_metro,Bay Area Rapid Transit,-1,4.1.NBRK:0;1;2;3;4;5;6;7;8;9;10;11;12;13;14;15;17;18;19;20;21
,886,1000236,1260,1500260,1252,1500252,metro,1,4.1,Orange-S,Richmond to Berryessa/North San Jose,1,service_links,1422.619698,1,7,756,28.442913,17.67738533,,0,3,5292,0.15,4,1,0,0,"LINESTRING (-122.283608 37.873931999999996, -122.268178 37.870017)",w_metro_only;w_bus_metro;d_metro_only;d_bus_metro,Bay Area Rapid Transit,3,4.1:0;1;2;3;4;5;6;7;8;9;10;11;12;13;14;15;17;18;19;20;21
,887,1000883,1261,1500261,37,1000037,metro,1,4.1,Orange-S,Richmond to Berryessa/North San Jose,2,deboarding_links,14.16419983,1,7,3000,2,1.24300808,,0,0,21000,0.15,4,1,0,0,"LINESTRING (-122.298995 37.902533, -122.298895 37.902633)",w_metro_only;w_bus_metro;d_metro_only;d_bus_metro,Bay Area Rapid Transit,-1,4.1.PLZA:0;1;2;3;4;5;6;7;8;9;10;11;12;13;14;15;17;18;19;20;21
,888,1000235,1261,1500261,1260,1500260,metro,1,4.1,Orange-S,Richmond to Berryessa/North San Jose,1,service_links,3455.074689,1,7,756,69.07846761,42.93254668,,0,3,5292,0.15,4,1,0,0,"LINESTRING (-122.298995 37.902533, -122.283608 37.873931999999996)",w_metro_only;w_bus_metro;d_metro_only;d_bus_metro,Bay Area Rapid Transit,2,4.1:0;1;2;3;4;5;6;7;8;9;10;11;12;13;14;15;17;18;19;20;21
,889,1000885,1262,1500262,39,1000039,metro,1,4.1,Orange-S,Richmond to Berryessa/North San Jose,2,deboarding_links,14.16167631,1,7,3000,2,1.24300808,,0,0,21000,0.15,4,1,0,0,"LINESTRING (-122.353104 37.93669499999999, -122.353004 37.936795)",w_metro_only;w_bus_metro;d_metro_only;d_bus_metro,Bay Area Rapid Transit,-1,4.1.RICH:0;1;2;3;4;5;6;7;8;9;10;11;12;13;14;15;17;18;19;20;21
,890,1000233,1262,1500262,1253,1500253,metro,1,4.1,Orange-S,Richmond to Berryessa/North San Jose,1,service_links,3421.323524,1,7,756,51.3070261,31.88752399,,0,4,5292,0.15,4,1,0,0,"LINESTRING (-122.353104 37.93669499999999, -122.316968 37.925104999999995)",w_metro_only;w_bus_metro;d_metro_only;d_bus_metro,Bay Area Rapid Transit,0,4.1:0;1;2;3;4;5;6;7;8;9;10;11;12;13;14;15;17;18;19;20;21
,891,1000887,1263,1500263,41,1000041,metro,1,4.1,Orange-S,Richmond to Berryessa/North San Jose,2,deboarding_links,14.17753712,1,7,3000,2,1.24300808,,0,0,21000,0.15,4,1,0,0,"LINESTRING (-122.160813 37.721706, -122.160713 37.721806)",w_metro_only;w_bus_metro;d_metro_only;d_bus_metro,Bay Area Rapid Transit,-1,4.1.SANL:0;1;2;3;4;5;6;7;8;9;10;11;12;13;14;15;17;18;19;20;21
,892,1000245,1263,1500263,1249,1500249,metro,1,4.1,Orange-S,Richmond to Berryessa/North San Jose,1,service_links,4091.586584,1,7,756,61.35845914,38.13453023,,0,4,5292,0.15,4,1,0,0,"LINESTRING (-122.160813 37.721706, -122.126531 37.696838)",w_metro_only;w_bus_metro;d_metro_only;d_bus_metro,Bay Area Rapid Transit,12,4.1:0;1;2;3;4;5;6;7;8;9;10;11;12;13;14;15;17;18;19;20;21
,893,1000889,1264,1500264,44,1000044,metro,1,4.1,Orange-S,Richmond to Berryessa/North San Jose,2,deboarding_links,14.18397438,1,7,3000,2,1.24300808,,0,0,21000,0.15,4,1,0,0,"LINESTRING (-122.057258 37.634263, -122.057158 37.634363)",w_metro_only;w_bus_metro;d_metro_only;d_bus_metro,Bay Area Rapid Transit,-1,4.1.SHAY:0;1;2;3;4;5;6;7;8;9;10;11;12;13;14;15;17;18;19;20;21
,894,1000248,1264,1500264,1265,1500265,metro,1,4.1,Orange-S,Richmond to Berryessa/North San Jose,1,service_links,5989.262958,1,7,756,71.85678414,44.65928163,,0,5,5292,0.15,4,1,0,0,"LINESTRING (-122.057258 37.634263, -122.01733 37.590664999999994)",w_metro_only;w_bus_metro;d_metro_only;d_bus_metro,Bay Area Rapid Transit,15,4.1:0;1;2;3;4;5;6;7;8;9;10;11;12;13;14;15;17;18;19;20;21
,895,1000891,1265,1500265,46,1000046,metro,1,4.1,Orange-S,Richmond to Berryessa/North San Jose,2,deboarding_links,14.1871809,1,7,3000,2,1.24300808,,0,0,21000,0.15,4,1,0,0,"LINESTRING (-122.01733 37.590664999999994, -122.01723 37.590765)",w_metro_only;w_bus_metro;d_metro_only;d_bus_metro,Bay Area Rapid Transit,-1,4.1.UCTY:0;1;2;3;4;5;6;7;8;9;10;11;12;13;14;15;17;18;19;20;21
,896,1000249,1265,1500265,1254,1500254,metro,1,4.1,Orange-S,Richmond to Berryessa/North San Jose,1,service_links,5146.783353,1,7,756,61.74905042,38.37728429,,0,5,5292,0.15,4,1,0,0,"LINESTRING (-122.01733 37.590664999999994, -121.97670500000001 37.557413)",w_metro_only;w_bus_metro;d_metro_only;d_bus_metro,Bay Area Rapid Transit,17,4.1:0;1;2;3;4;5;6;7;8;9;10;11;12;13;14;15;17;18;19;20;21
,897,1000893,1266,1500266,47,1000047,metro,1,4.1,Orange-S,Richmond to Berryessa/North San Jose,2,deboarding_links,14.19368056,1,7,3000,2,1.24300808,,0,0,21000,0.15,4,1,0,0,"LINESTRING (-121.939458 37.502207, -121.939358 37.502307)",w_metro_only;w_bus_metro;d_metro_only;d_bus_metro,Bay Area Rapid Transit,-1,4.1.WARM:0;1;2;3;4;5;6;7;8;9;10;11;12;13;14;15;17;18;19;20;21
,898,1000251,1266,1500266,1259,1500259,metro,1,4.1,Orange-S,Richmond to Berryessa/North San Jose,1,service_links,11139.77994,1,7,756,74.2569488,46.15099366,,0,9,5292,0.15,4,1,0,0,"LINESTRING (-121.939458 37.502207, -121.89090300000001 37.409735999999995)",w_metro_only;w_bus_metro;d_metro_only;d_bus_metro,Bay Area Rapid Transit,19,4.1:0;1;2;3;4;5;6;7;8;9;10;11;12;13;14;15;17;18;19;20;21
,899,1000895,1267,1500267,2,1000002,metro,1,5.1,Green-S,Berryessa/North San Jose to Daly City,2,deboarding_links,14.17434139,1,2,3000,2,1.24300808,,0,0,6000,0.15,4,1,0,0,"LINESTRING (-122.419855 37.76507599999999, -122.419755 37.765176)",w_metro_only;w_bus_metro;d_metro_only;d_bus_metro,Bay Area Rapid Transit,-1,5.1.16TH:0;1;2;3;4;5;6;7;8;9;10;11;12;13;14;15;16
,900,1000265,1267,1500267,1269,1500269,metro,1,5.1,Green-S,Berryessa/North San Jose to Daly City,1,service_links,1422.343233,1,2,756,42.64897251,26.50650871,,0,2,1512,0.15,4,1,0,0,"LINESTRING (-122.419855 37.76507599999999, -122.41861800000001 37.752322)",w_metro_only;w_bus_metro;d_metro_only;d_bus_metro,Bay Area Rapid Transit,12,5.1:0;1;2;3;4;5;6;7;8;9;10;11;12;13;14;15;16
,901,1000897,1268,1500268,2,1000002,metro,1,5.1,Green-S,Berryessa/North San Jose to Daly City,2,deboarding_links,14.17434139,1,7,3000,2,1.24300808,,0,0,21000,0.15,4,1,0,0,"LINESTRING (-122.419855 37.76507599999999, -122.419755 37.765176)",w_metro_only;w_bus_metro;d_metro_only;d_bus_metro,Bay Area Rapid Transit,-1,5.1.16TH:0;1;2;3;4;6;7;8;9;10;11;12;13;14;15;16;17;18;19;20;21;22
,902,1000286,1268,1500268,1270,1500270,metro,1,5.1,Green-S,Berryessa/North San Jose to Daly City,1,service_links,1422.343233,1,7,756,42.64897251,26.50650871,,0,2,5292,0.15,4,1,0,0,"LINESTRING (-122.419855 37.76507599999999, -122.41861800000001 37.752322)",w_metro_only;w_bus_metro;d_metro_only;d_bus_metro,Bay Area Rapid Transit,18,5.1:0;1;2;3;4;6;7;8;9;10;11;12;13;14;15;16;17;18;19;20;21;22
,903,1000899,1269,1500269,4,1000004,metro,1,5.1,Green-S,Berryessa/North San Jose to Daly City,2,deboarding_links,14.17528137,1,2,3000,2,1.24300808,,0,0,6000,0.15,4,1,0,0,"LINESTRING (-122.41861800000001 37.752322, -122.418518 37.752422)",w_metro_only;w_bus_metro;d_metro_only;d_bus_metro,Bay Area Rapid Transit,-1,5.1.24TH:0;1;2;3;4;5;6;7;8;9;10;11;12;13;14;15;16
,904,1000266,1269,1500269,1287,1500287,metro,1,5.1,Green-S,Berryessa/North San Jose to Daly City,1,service_links,2506.860712,1,2,756,50.12050741,31.15009783,,0,3,1512,0.15,4,1,0,0,"LINESTRING (-122.41861800000001 37.752322, -122.433657 37.733169)",w_metro_only;w_bus_metro;d_metro_only;d_bus_metro,Bay Area Rapid Transit,13,5.1:0;1;2;3;4;5;6;7;8;9;10;11;12;13;14;15;16
,905,1000901,1270,1500270,4,1000004,metro,1,5.1,Green-S,Berryessa/North San Jose to Daly City,2,deboarding_links,14.17528137,1,7,3000,2,1.24300808,,0,0,21000,0.15,4,1,0,0,"LINESTRING (-122.41861800000001 37.752322, -122.418518 37.752422)",w_metro_only;w_bus_metro;d_metro_only;d_bus_metro,Bay Area Rapid Transit,-1,5.1.24TH:0;1;2;3;4;6;7;8;9;10;11;12;13;14;15;16;17;18;19;20;21;22
,906,1000287,1270,1500270,1288,1500288,metro,1,5.1,Green-S,Berryessa/North San Jose to Daly City,1,service_links,2506.860712,1,7,756,50.12050741,31.15009783,,0,3,5292,0.15,4,1,0,0,"LINESTRING (-122.41861800000001 37.752322, -122.433657 37.733169)",w_metro_only;w_bus_metro;d_metro_only;d_bus_metro,Bay Area Rapid Transit,19,5.1:0;1;2;3;4;6;7;8;9;10;11;12;13;14;15;16;17;18;19;20;21;22
,907,1000903,1271,1500271,7,1000007,metro,1,5.1,Green-S,Berryessa/North San Jose to Daly City,2,deboarding_links,14.17754066,1,2,3000,2,1.24300808,,0,0,6000,0.15,4,1,0,0,"LINESTRING (-122.44761 37.721658, -122.44751 37.721758)",w_metro_only;w_bus_metro;d_metro_only;d_bus_metro,Bay Area Rapid Transit,-1,5.1.BALB:0;1;2;3;4;5;6;7;8;9;10;11;12;13;14;15;16
,908,1000268,1271,1500271,1280,1500280,metro,1,5.1,Green-S,Berryessa/North San Jose to Daly City,1,service_links,2554.269889,1,2,756,38.30447222,23.80638423,,0,4,1512,0.15,4,1,0,0,"LINESTRING (-122.44761 37.721658, -122.469094 37.706204)",w_metro_only;w_bus_metro;d_metro_only;d_bus_metro,Bay Area Rapid Transit,15,5.1:0;1;2;3;4;5;6;7;8;9;10;11;12;13;14;15;16
,909,1000905,1272,1500272,7,1000007,metro,1,5.1,Green-S,Berryessa/North San Jose to Daly City,2,deboarding_links,14.17754066,1,7,3000,2,1.24300808,,0,0,21000,0.15,4,1,0,0,"LINESTRING (-122.44761 37.721658, -122.44751 37.721758)",w_metro_only;w_bus_metro;d_metro_only;d_bus_metro,Bay Area Rapid Transit,-1,5.1.BALB:0;1;2;3;4;6;7;8;9;10;11;12;13;14;15;16;17;18;19;20;21;22
,910,1000289,1272,1500272,1281,1500281,metro,1,5.1,Green-S,Berryessa/North San Jose to Daly City,1,service_links,2554.269889,1,7,756,38.30447222,23.80638423,,0,4,5292,0.15,4,1,0,0,"LINESTRING (-122.44761 37.721658, -122.469094 37.706204)",w_metro_only;w_bus_metro;d_metro_only;d_bus_metro,Bay Area Rapid Transit,21,5.1:0;1;2;3;4;6;7;8;9;10;11;12;13;14;15;16;17;18;19;20;21;22
,911,1000907,1273,1500273,8,1000008,metro,1,5.1,Green-S,Berryessa/North San Jose to Daly City,2,deboarding_links,14.17936864,1,2,3000,2,1.24300808,,0,0,6000,0.15,4,1,0,0,"LINESTRING (-122.126531 37.696838, -122.126431 37.696938)",w_metro_only;w_bus_metro;d_metro_only;d_bus_metro,Bay Area Rapid Transit,-1,5.1.BAYF:0;1;2;3;4;5;6;7;8;9;10;11;12;13;14;15;16
,912,1000255,1273,1500273,1298,1500298,metro,1,5.1,Green-S,Berryessa/North San Jose to Daly City,1,service_links,4091.586584,1,2,756,81.80446352,50.84180455,,0,3,1512,0.15,4,1,0,0,"LINESTRING (-122.126531 37.696838, -122.160813 37.721706)",w_metro_only;w_bus_metro;d_metro_only;d_bus_metro,Bay Area Rapid Transit,2,5.1:0;1;2;3;4;5;6;7;8;9;10;11;12;13;14;15;16
,913,1000909,1274,1500274,8,1000008,metro,1,5.1,Green-S,Berryessa/North San Jose to Daly City,2,deboarding_links,14.17936864,1,7,3000,2,1.24300808,,0,0,21000,0.15,4,1,0,0,"LINESTRING (-122.126531 37.696838, -122.126431 37.696938)",w_metro_only;w_bus_metro;d_metro_only;d_bus_metro,Bay Area Rapid Transit,-1,5.1.BAYF:0;1;2;3;4;6;7;8;9;10;11;12;13;14;15;16;17;18;19;20;21;22
,914,1000276,1274,1500274,1299,1500299,metro,1,5.1,Green-S,Berryessa/North San Jose to Daly City,1,service_links,4091.586584,1,7,756,81.80446352,50.84180455,,0,3,5292,0.15,4,1,0,0,"LINESTRING (-122.126531 37.696838, -122.160813 37.721706)",w_metro_only;w_bus_metro;d_metro_only;d_bus_metro,Bay Area Rapid Transit,8,5.1:0;1;2;3;4;6;7;8;9;10;11;12;13;14;15;16;17;18;19;20;21;22
,915,1000911,1275,1500275,9,1000009,metro,1,5.1,Green-S,Berryessa/North San Jose to Daly City,2,deboarding_links,14.20349683,1,7,3000,2,1.24300808,,0,0,21000,0.15,4,1,0,0,"LINESTRING (-121.874761 37.368395, -121.874661 37.368495)",w_metro_only;w_bus_metro;d_metro_only;d_bus_metro,Bay Area Rapid Transit,-1,5.1.BERY:0;1;2;3;4;6;7;8;9;10;11;12;13;14;15;16;17;18;19;20;21;22
,916,1000269,1275,1500275,1293,1500293,metro,1,5.1,Green-S,Berryessa/North San Jose to Daly City,1,service_links,4813.041129,1,7,756,72.17757255,44.85865292,,0,4,5292,0.15,4,1,0,0,"LINESTRING (-121.874761 37.368395, -121.89090300000001 37.409735999999995)",w_metro_only;w_bus_metro;d_metro_only;d_bus_metro,Bay Area Rapid Transit,0,5.1:0;1;2;3;4;6;7;8;9;10;11;12;13;14;15;16;17;18;19;20;21;22
,917,1000913,1276,1500276,11,1000011,metro,1,5.1,Green-S,Berryessa/North San Jose to Daly City,2,deboarding_links,14.17328917,1,2,3000,2,1.24300808,,0,0,6000,0.15,4,1,0,0,"LINESTRING (-122.413979 37.779349999999994, -122.413879 37.77945)",w_metro_only;w_bus_metro;d_metro_only;d_bus_metro,Bay Area Rapid Transit,-1,5.1.CIVC:0;1;2;3;4;5;6;7;8;9;10;11;12;13;14;15;16
,918,1000264,1276,1500276,1267,1500267,metro,1,5.1,Green-S,Berryessa/North San Jose to Daly City,1,service_links,1669.110613,1,2,756,50.04829426,31.10521706,,0,2,1512,0.15,4,1,0,0,"LINESTRING (-122.413979 37.779349999999994, -122.419855 37.76507599999999)",w_metro_only;w_bus_metro;d_metro_only;d_bus_metro,Bay Area Rapid Transit,11,5.1:0;1;2;3;4;5;6;7;8;9;10;11;12;13;14;15;16
,919,1000915,1277,1500277,11,1000011,metro,1,5.1,Green-S,Berryessa/North San Jose to Daly City,2,deboarding_links,14.17328917,1,7,3000,2,1.24300808,,0,0,21000,0.15,4,1,0,0,"LINESTRING (-122.413979 37.779349999999994, -122.413879 37.77945)",w_metro_only;w_bus_metro;d_metro_only;d_bus_metro,Bay Area Rapid Transit,-1,5.1.CIVC:0;1;2;3;4;6;7;8;9;10;11;12;13;14;15;16;17;18;19;20;21;22
,920,1000285,1277,1500277,1268,1500268,metro,1,5.1,Green-S,Berryessa/North San Jose to Daly City,1,service_links,1669.110613,1,7,756,50.04829426,31.10521706,,0,2,5292,0.15,4,1,0,0,"LINESTRING (-122.413979 37.779349999999994, -122.419855 37.76507599999999)",w_metro_only;w_bus_metro;d_metro_only;d_bus_metro,Bay Area Rapid Transit,17,5.1:0;1;2;3;4;6;7;8;9;10;11;12;13;14;15;16;17;18;19;20;21;22
,921,1000917,1278,1500278,13,1000013,metro,1,5.1,Green-S,Berryessa/North San Jose to Daly City,2,deboarding_links,14.17519427,1,2,3000,2,1.24300808,,0,0,6000,0.15,4,1,0,0,"LINESTRING (-122.196798 37.753504, -122.196698 37.753604)",w_metro_only;w_bus_metro;d_metro_only;d_bus_metro,Bay Area Rapid Transit,-1,5.1.COLS:0;1;2;3;4;5;6;7;8;9;10;11;12;13;14;15;16
,922,1000257,1278,1500278,1285,1500285,metro,1,5.1,Green-S,Berryessa/North San Jose to Daly City,1,service_links,3373.621001,1,2,756,50.5916671,31.44292548,,0,4,1512,0.15,4,1,0,0,"LINESTRING (-122.196798 37.753504, -122.22416700000001 37.774772999999996)",w_metro_only;w_bus_metro;d_metro_only;d_bus_metro,Bay Area Rapid Transit,4,5.1:0;1;2;3;4;5;6;7;8;9;10;11;12;13;14;15;16
,923,1000919,1279,1500279,13,1000013,metro,1,5.1,Green-S,Berryessa/North San Jose to Daly City,2,deboarding_links,14.17519427,1,7,3000,2,1.24300808,,0,0,21000,0.15,4,1,0,0,"LINESTRING (-122.196798 37.753504, -122.196698 37.753604)",w_metro_only;w_bus_metro;d_metro_only;d_bus_metro,Bay Area Rapid Transit,-1,5.1.COLS:0;1;2;3;4;6;7;8;9;10;11;12;13;14;15;16;17;18;19;20;21;22
,924,1000278,1279,1500279,1286,1500286,metro,1,5.1,Green-S,Berryessa/North San Jose to Daly City,1,service_links,3373.621001,1,7,756,50.5916671,31.44292548,,0,4,5292,0.15,4,1,0,0,"LINESTRING (-122.196798 37.753504, -122.22416700000001 37.774772999999996)",w_metro_only;w_bus_metro;d_metro_only;d_bus_metro,Bay Area Rapid Transit,10,5.1:0;1;2;3;4;6;7;8;9;10;11;12;13;14;15;16;17;18;19;20;21;22
,925,1000921,1280,1500280,15,1000015,metro,1,5.1,Green-S,Berryessa/North San Jose to Daly City,2,deboarding_links,14.17867891,1,2,3000,2,1.24300808,,0,0,6000,0.15,4,1,0,0,"LINESTRING (-122.469094 37.706204, -122.468994 37.706304)",w_metro_only;w_bus_metro;d_metro_only;d_bus_metro,Bay Area Rapid Transit,-1,5.1.DALY:0;1;2;3;4;5;6;7;8;9;10;11;12;13;14;15;16
,926,1000923,1281,1500281,15,1000015,metro,1,5.1,Green-S,Berryessa/North San Jose to Daly City,2,deboarding_links,14.17867891,1,7,3000,2,1.24300808,,0,0,21000,0.15,4,1,0,0,"LINESTRING (-122.469094 37.706204, -122.468994 37.706304)",w_metro_only;w_bus_metro;d_metro_only;d_bus_metro,Bay Area Rapid Transit,-1,5.1.DALY:0;1;2;3;4;6;7;8;9;10;11;12;13;14;15;16;17;18;19;20;21;22
,927,1000925,1282,1500282,19,1000019,metro,1,5.1,Green-S,Berryessa/North San Jose to Daly City,2,deboarding_links,14.17230569,1,2,3000,2,1.24300808,,0,0,6000,0.15,4,1,0,0,"LINESTRING (-122.39718 37.792688999999996, -122.39708 37.792789)",w_metro_only;w_bus_metro;d_metro_only;d_bus_metro,Bay Area Rapid Transit,-1,5.1.EMBR:0;1;2;3;4;5;6;7;8;9;10;11;12;13;14;15;16
,928,1000261,1282,1500282,1294,1500294,metro,1,5.1,Green-S,Berryessa/North San Jose to Daly City,1,service_links,564.6331952,1,2,756,33.84414757,21.03427444,,0,1,1512,0.15,4,1,0,0,"LINESTRING (-122.39718 37.792688999999996, -122.401742 37.78911299999999)",w_metro_only;w_bus_metro;d_metro_only;d_bus_metro,Bay Area Rapid Transit,8,5.1:0;1;2;3;4;5;6;7;8;9;10;11;12;13;14;15;16
,929,1000927,1283,1500283,19,1000019,metro,1,5.1,Green-S,Berryessa/North San Jose to Daly City,2,deboarding_links,14.17230569,1,7,3000,2,1.24300808,,0,0,21000,0.15,4,1,0,0,"LINESTRING (-122.39718 37.792688999999996, -122.39708 37.792789)",w_metro_only;w_bus_metro;d_metro_only;d_bus_metro,Bay Area Rapid Transit,-1,5.1.EMBR:0;1;2;3;4;6;7;8;9;10;11;12;13;14;15;16;17;18;19;20;21;22
,930,1000282,1283,1500283,1295,1500295,metro,1,5.1,Green-S,Berryessa/North San Jose to Daly City,1,service_links,564.6331952,1,7,756,33.84414757,21.03427444,,0,1,5292,0.15,4,1,0,0,"LINESTRING (-122.39718 37.792688999999996, -122.401742 37.78911299999999)",w_metro_only;w_bus_metro;d_metro_only;d_bus_metro,Bay Area Rapid Transit,14,5.1:0;1;2;3;4;6;7;8;9;10;11;12;13;14;15;16;17;18;19;20;21;22
,931,1000929,1284,1500284,20,1000020,metro,1,5.1,Green-S,Berryessa/North San Jose to Daly City,2,deboarding_links,14.18962514,1,7,3000,2,1.24300808,,0,0,21000,0.15,4,1,0,0,"LINESTRING (-121.97670500000001 37.557413, -121.976605 37.557513)",w_metro_only;w_bus_metro;d_metro_only;d_bus_metro,Bay Area Rapid Transit,-1,5.1.FRMT:0;1;2;3;4;6;7;8;9;10;11;12;13;14;15;16;17;18;19;20;21;22
,932,1000272,1284,1500284,1302,1500302,metro,1,5.1,Green-S,Berryessa/North San Jose to Daly City,1,service_links,5146.783353,1,7,756,61.74905042,38.37728429,,0,5,5292,0.15,4,1,0,0,"LINESTRING (-121.97670500000001 37.557413, -122.01733 37.590664999999994)",w_metro_only;w_bus_metro;d_metro_only;d_bus_metro,Bay Area Rapid Transit,3,5.1:0;1;2;3;4;6;7;8;9;10;11;12;13;14;15;16;17;18;19;20;21;22
,933,1000931,1285,1500285,21,1000021,metro,1,5.1,Green-S,Berryessa/North San Jose to Daly City,2,deboarding_links,14.17362659,1,2,3000,2,1.24300808,,0,0,6000,0.15,4,1,0,0,"LINESTRING (-122.22416700000001 37.774772999999996, -122.224067 37.774873)",w_metro_only;w_bus_metro;d_metro_only;d_bus_metro,Bay Area Rapid Transit,-1,5.1.FTVL:0;1;2;3;4;5;6;7;8;9;10;11;12;13;14;15;16
,934,1000258,1285,1500285,1291,1500291,metro,1,5.1,Green-S,Berryessa/North San Jose to Daly City,1,service_links,4397.360844,1,2,756,65.94392668,40.98441683,,0,4,1512,0.15,4,1,0,0,"LINESTRING (-122.22416700000001 37.774772999999996, -122.265332 37.797256999999995)",w_metro_only;w_bus_metro;d_metro_only;d_bus_metro,Bay Area Rapid Transit,5,5.1:0;1;2;3;4;5;6;7;8;9;10;11;12;13;14;15;16
,935,1000933,1286,1500286,21,1000021,metro,1,5.1,Green-S,Berryessa/North San Jose to Daly City,2,deboarding_links,14.17362659,1,7,3000,2,1.24300808,,0,0,21000,0.15,4,1,0,0,"LINESTRING (-122.22416700000001 37.774772999999996, -122.224067 37.774873)",w_metro_only;w_bus_metro;d_metro_only;d_bus_metro,Bay Area Rapid Transit,-1,5.1.FTVL:0;1;2;3;4;6;7;8;9;10;11;12;13;14;15;16;17;18;19;20;21;22
,936,1000279,1286,1500286,1292,1500292,metro,1,5.1,Green-S,Berryessa/North San Jose to Daly City,1,service_links,4397.360844,1,7,756,65.94392668,40.98441683,,0,4,5292,0.15,4,1,0,0,"LINESTRING (-122.22416700000001 37.774772999999996, -122.265332 37.797256999999995)",w_metro_only;w_bus_metro;d_metro_only;d_bus_metro,Bay Area Rapid Transit,11,5.1:0;1;2;3;4;6;7;8;9;10;11;12;13;14;15;16;17;18;19;20;21;22
,937,1000935,1287,1500287,22,1000022,metro,1,5.1,Green-S,Berryessa/North San Jose to Daly City,2,deboarding_links,14.17669266,1,2,3000,2,1.24300808,,0,0,6000,0.15,4,1,0,0,"LINESTRING (-122.433657 37.733169, -122.433557 37.733269)",w_metro_only;w_bus_metro;d_metro_only;d_bus_metro,Bay Area Rapid Transit,-1,5.1.GLEN:0;1;2;3;4;5;6;7;8;9;10;11;12;13;14;15;16
,938,1000267,1287,1500287,1271,1500271,metro,1,5.1,Green-S,Berryessa/North San Jose to Daly City,1,service_links,1773.178348,1,2,756,53.16876605,33.04460289,,0,2,1512,0.15,4,1,0,0,"LINESTRING (-122.433657 37.733169, -122.44761 37.721658)",w_metro_only;w_bus_metro;d_metro_only;d_bus_metro,Bay Area Rapid Transit,14,5.1:0;1;2;3;4;5;6;7;8;9;10;11;12;13;14;15;16
,939,1000937,1288,1500288,22,1000022,metro,1,5.1,Green-S,Berryessa/North San Jose to Daly City,2,deboarding_links,14.17669266,1,7,3000,2,1.24300808,,0,0,21000,0.15,4,1,0,0,"LINESTRING (-122.433657 37.733169, -122.433557 37.733269)",w_metro_only;w_bus_metro;d_metro_only;d_bus_metro,Bay Area Rapid Transit,-1,5.1.GLEN:0;1;2;3;4;6;7;8;9;10;11;12;13;14;15;16;17;18;19;20;21;22
,940,1000288,1288,1500288,1272,1500272,metro,1,5.1,Green-S,Berryessa/North San Jose to Daly City,1,service_links,1773.178348,1,7,756,53.16876605,33.04460289,,0,2,5292,0.15,4,1,0,0,"LINESTRING (-122.433657 37.733169, -122.44761 37.721658)",w_metro_only;w_bus_metro;d_metro_only;d_bus_metro,Bay Area Rapid Transit,20,5.1:0;1;2;3;4;6;7;8;9;10;11;12;13;14;15;16;17;18;19;20;21;22
,941,1000939,1289,1500289,23,1000023,metro,1,5.1,Green-S,Berryessa/North San Jose to Daly City,2,deboarding_links,14.18137168,1,2,3000,2,1.24300808,,0,0,6000,0.15,4,1,0,0,"LINESTRING (-122.087041 37.669630999999995, -122.086941 37.669731)",w_metro_only;w_bus_metro;d_metro_only;d_bus_metro,Bay Area Rapid Transit,-1,5.1.HAYW:0;1;2;3;4;5;6;7;8;9;10;11;12;13;14;15;16
,942,1000254,1289,1500289,1273,1500273,metro,1,5.1,Green-S,Berryessa/North San Jose to Daly City,1,service_links,4607.46807,1,2,756,69.09474737,42.94266462,,0,4,1512,0.15,4,1,0,0,"LINESTRING (-122.087041 37.669630999999995, -122.126531 37.696838)",w_metro_only;w_bus_metro;d_metro_only;d_bus_metro,Bay Area Rapid Transit,1,5.1:0;1;2;3;4;5;6;7;8;9;10;11;12;13;14;15;16
,943,1000941,1290,1500290,23,1000023,metro,1,5.1,Green-S,Berryessa/North San Jose to Daly City,2,deboarding_links,14.18137168,1,7,3000,2,1.24300808,,0,0,21000,0.15,4,1,0,0,"LINESTRING (-122.087041 37.669630999999995, -122.086941 37.669731)",w_metro_only;w_bus_metro;d_metro_only;d_bus_metro,Bay Area Rapid Transit,-1,5.1.HAYW:0;1;2;3;4;6;7;8;9;10;11;12;13;14;15;16;17;18;19;20;21;22
,944,1000275,1290,1500290,1274,1500274,metro,1,5.1,Green-S,Berryessa/North San Jose to Daly City,1,service_links,4607.46807,1,7,756,69.09474737,42.94266462,,0,4,5292,0.15,4,1,0,0,"LINESTRING (-122.087041 37.669630999999995, -122.126531 37.696838)",w_metro_only;w_bus_metro;d_metro_only;d_bus_metro,Bay Area Rapid Transit,7,5.1:0;1;2;3;4;6;7;8;9;10;11;12;13;14;15;16;17;18;19;20;21;22
,945,1000943,1291,1500291,25,1000025,metro,1,5.1,Green-S,Berryessa/North San Jose to Daly City,2,deboarding_links,14.17196884,1,2,3000,2,1.24300808,,0,0,6000,0.15,4,1,0,0,"LINESTRING (-122.265332 37.797256999999995, -122.265232 37.797357)",w_metro_only;w_bus_metro;d_metro_only;d_bus_metro,Bay Area Rapid Transit,-1,5.1.LAKE:0;1;2;3;4;5;6;7;8;9;10;11;12;13;14;15;16
,946,1000259,1291,1500291,1304,1500304,metro,1,5.1,Green-S,Berryessa/North San Jose to Daly City,1,service_links,2759.443557,1,2,756,27.58983726,17.14719531,,0,6,1512,0.15,4,1,0,0,"LINESTRING (-122.265332 37.797256999999995, -122.295244 37.804823)",w_metro_only;w_bus_metro;d_metro_only;d_bus_metro,Bay Area Rapid Transit,6,5.1:0;1;2;3;4;5;6;7;8;9;10;11;12;13;14;15;16
,947,1000945,1292,1500292,25,1000025,metro,1,5.1,Green-S,Berryessa/North San Jose to Daly City,2,deboarding_links,14.17196884,1,7,3000,2,1.24300808,,0,0,21000,0.15,4,1,0,0,"LINESTRING (-122.265332 37.797256999999995, -122.265232 37.797357)",w_metro_only;w_bus_metro;d_metro_only;d_bus_metro,Bay Area Rapid Transit,-1,5.1.LAKE:0;1;2;3;4;6;7;8;9;10;11;12;13;14;15;16;17;18;19;20;21;22
,948,1000280,1292,1500292,1305,1500305,metro,1,5.1,Green-S,Berryessa/North San Jose to Daly City,1,service_links,2759.443557,1,7,756,27.58983726,17.14719531,,0,6,5292,0.15,4,1,0,0,"LINESTRING (-122.265332 37.797256999999995, -122.295244 37.804823)",w_metro_only;w_bus_metro;d_metro_only;d_bus_metro,Bay Area Rapid Transit,12,5.1:0;1;2;3;4;6;7;8;9;10;11;12;13;14;15;16;17;18;19;20;21;22
,949,1000947,1293,1500293,28,1000028,metro,1,5.1,Green-S,Berryessa/North San Jose to Daly City,2,deboarding_links,14.20046616,1,7,3000,2,1.24300808,,0,0,21000,0.15,4,1,0,0,"LINESTRING (-121.89090300000001 37.409735999999995, -121.890803 37.409836)",w_metro_only;w_bus_metro;d_metro_only;d_bus_metro,Bay Area Rapid Transit,-1,5.1.MLPT:0;1;2;3;4;6;7;8;9;10;11;12;13;14;15;16;17;18;19;20;21;22
,950,1000270,1293,1500293,1303,1500303,metro,1,5.1,Green-S,Berryessa/North San Jose to Daly City,1,service_links,11139.77994,1,7,756,83.53790728,51.91914685,,0,8,5292,0.15,4,1,0,0,"LINESTRING (-121.89090300000001 37.409735999999995, -121.939458 37.502207)",w_metro_only;w_bus_metro;d_metro_only;d_bus_metro,Bay Area Rapid Transit,1,5.1:0;1;2;3;4;6;7;8;9;10;11;12;13;14;15;16;17;18;19;20;21;22
,951,1000949,1294,1500294,29,1000029,metro,1,5.1,Green-S,Berryessa/North San Jose to Daly City,2,deboarding_links,14.17256936,1,2,3000,2,1.24300808,,0,0,6000,0.15,4,1,0,0,"LINESTRING (-122.401742 37.78911299999999, -122.401642 37.789213)",w_metro_only;w_bus_metro;d_metro_only;d_bus_metro,Bay Area Rapid Transit,-1,5.1.MONT:0;1;2;3;4;5;6;7;8;9;10;11;12;13;14;15;16
,952,1000262,1294,1500294,1296,1500296,metro,1,5.1,Green-S,Berryessa/North San Jose to Daly City,1,service_links,716.1548312,1,2,756,21.47390798,13.34612056,,0,2,1512,0.15,4,1,0,0,"LINESTRING (-122.401742 37.78911299999999, -122.407487 37.784544999999994)",w_metro_only;w_bus_metro;d_metro_only;d_bus_metro,Bay Area Rapid Transit,9,5.1:0;1;2;3;4;5;6;7;8;9;10;11;12;13;14;15;16
,953,1000951,1295,1500295,29,1000029,metro,1,5.1,Green-S,Berryessa/North San Jose to Daly City,2,deboarding_links,14.17256936,1,7,3000,2,1.24300808,,0,0,21000,0.15,4,1,0,0,"LINESTRING (-122.401742 37.78911299999999, -122.401642 37.789213)",w_metro_only;w_bus_metro;d_metro_only;d_bus_metro,Bay Area Rapid Transit,-1,5.1.MONT:0;1;2;3;4;6;7;8;9;10;11;12;13;14;15;16;17;18;19;20;21;22
,954,1000283,1295,1500295,1297,1500297,metro,1,5.1,Green-S,Berryessa/North San Jose to Daly City,1,service_links,716.1548312,1,7,756,21.47390798,13.34612056,,0,2,5292,0.15,4,1,0,0,"LINESTRING (-122.401742 37.78911299999999, -122.407487 37.784544999999994)",w_metro_only;w_bus_metro;d_metro_only;d_bus_metro,Bay Area Rapid Transit,15,5.1:0;1;2;3;4;6;7;8;9;10;11;12;13;14;15;16;17;18;19;20;21;22
,955,1000953,1296,1500296,38,1000038,metro,1,5.1,Green-S,Berryessa/North San Jose to Daly City,2,deboarding_links,14.17290616,1,2,3000,2,1.24300808,,0,0,6000,0.15,4,1,0,0,"LINESTRING (-122.407487 37.784544999999994, -122.407387 37.784645)",w_metro_only;w_bus_metro;d_metro_only;d_bus_metro,Bay Area Rapid Transit,-1,5.1.POWL:0;1;2;3;4;5;6;7;8;9;10;11;12;13;14;15;16
,956,1000263,1296,1500296,1276,1500276,metro,1,5.1,Green-S,Berryessa/North San Jose to Daly City,1,service_links,811.9100539,1,2,756,24.34512905,15.13059606,,0,2,1512,0.15,4,1,0,0,"LINESTRING (-122.407487 37.784544999999994, -122.413979 37.779349999999994)",w_metro_only;w_bus_metro;d_metro_only;d_bus_metro,Bay Area Rapid Transit,10,5.1:0;1;2;3;4;5;6;7;8;9;10;11;12;13;14;15;16
,957,1000955,1297,1500297,38,1000038,metro,1,5.1,Green-S,Berryessa/North San Jose to Daly City,2,deboarding_links,14.17290616,1,7,3000,2,1.24300808,,0,0,21000,0.15,4,1,0,0,"LINESTRING (-122.407487 37.784544999999994, -122.407387 37.784645)",w_metro_only;w_bus_metro;d_metro_only;d_bus_metro,Bay Area Rapid Transit,-1,5.1.POWL:0;1;2;3;4;6;7;8;9;10;11;12;13;14;15;16;17;18;19;20;21;22
,958,1000284,1297,1500297,1277,1500277,metro,1,5.1,Green-S,Berryessa/North San Jose to Daly City,1,service_links,811.9100539,1,7,756,24.34512905,15.13059606,,0,2,5292,0.15,4,1,0,0,"LINESTRING (-122.407487 37.784544999999994, -122.413979 37.779349999999994)",w_metro_only;w_bus_metro;d_metro_only;d_bus_metro,Bay Area Rapid Transit,16,5.1:0;1;2;3;4;6;7;8;9;10;11;12;13;14;15;16;17;18;19;20;21;22
,959,1000957,1298,1500298,41,1000041,metro,1,5.1,Green-S,Berryessa/North San Jose to Daly City,2,deboarding_links,14.17753712,1,2,3000,2,1.24300808,,0,0,6000,0.15,4,1,0,0,"LINESTRING (-122.160813 37.721706, -122.160713 37.721806)",w_metro_only;w_bus_metro;d_metro_only;d_bus_metro,Bay Area Rapid Transit,-1,5.1.SANL:0;1;2;3;4;5;6;7;8;9;10;11;12;13;14;15;16
,960,1000256,1298,1500298,1278,1500278,metro,1,5.1,Green-S,Berryessa/North San Jose to Daly City,1,service_links,4744.982255,1,2,756,71.15694459,44.22432852,,0,4,1512,0.15,4,1,0,0,"LINESTRING (-122.160813 37.721706, -122.196798 37.753504)",w_metro_only;w_bus_metro;d_metro_only;d_bus_metro,Bay Area Rapid Transit,3,5.1:0;1;2;3;4;5;6;7;8;9;10;11;12;13;14;15;16
,961,1000959,1299,1500299,41,1000041,metro,1,5.1,Green-S,Berryessa/North San Jose to Daly City,2,deboarding_links,14.17753712,1,7,3000,2,1.24300808,,0,0,21000,0.15,4,1,0,0,"LINESTRING (-122.160813 37.721706, -122.160713 37.721806)",w_metro_only;w_bus_metro;d_metro_only;d_bus_metro,Bay Area Rapid Transit,-1,5.1.SANL:0;1;2;3;4;6;7;8;9;10;11;12;13;14;15;16;17;18;19;20;21;22
,962,1000277,1299,1500299,1279,1500279,metro,1,5.1,Green-S,Berryessa/North San Jose to Daly City,1,service_links,4744.982255,1,7,756,71.15694459,44.22432852,,0,4,5292,0.15,4,1,0,0,"LINESTRING (-122.160813 37.721706, -122.196798 37.753504)",w_metro_only;w_bus_metro;d_metro_only;d_bus_metro,Bay Area Rapid Transit,9,5.1:0;1;2;3;4;6;7;8;9;10;11;12;13;14;15;16;17;18;19;20;21;22
,963,1000961,1300,1500300,44,1000044,metro,1,5.1,Green-S,Berryessa/North San Jose to Daly City,2,deboarding_links,14.18397438,1,2,3000,2,1.24300808,,0,0,6000,0.15,4,1,0,0,"LINESTRING (-122.057258 37.634263, -122.057158 37.634363)",w_metro_only;w_bus_metro;d_metro_only;d_bus_metro,Bay Area Rapid Transit,-1,5.1.SHAY:0;1;2;3;4;5;6;7;8;9;10;11;12;13;14;15;16
,964,1000253,1300,1500300,1289,1500289,metro,1,5.1,Green-S,Berryessa/North San Jose to Daly City,1,service_links,4726.667114,1,2,756,70.88228614,44.05362719,,0,4,1512,0.15,4,1,0,0,"LINESTRING (-122.057258 37.634263, -122.087041 37.669630999999995)",w_metro_only;w_bus_metro;d_metro_only;d_bus_metro,Bay Area Rapid Transit,0,5.1:0;1;2;3;4;5;6;7;8;9;10;11;12;13;14;15;16
,965,1000963,1301,1500301,44,1000044,metro,1,5.1,Green-S,Berryessa/North San Jose to Daly City,2,deboarding_links,14.18397438,1,7,3000,2,1.24300808,,0,0,21000,0.15,4,1,0,0,"LINESTRING (-122.057258 37.634263, -122.057158 37.634363)",w_metro_only;w_bus_metro;d_metro_only;d_bus_metro,Bay Area Rapid Transit,-1,5.1.SHAY:0;1;2;3;4;6;7;8;9;10;11;12;13;14;15;16;17;18;19;20;21;22
,966,1000274,1301,1500301,1290,1500290,metro,1,5.1,Green-S,Berryessa/North San Jose to Daly City,1,service_links,4726.667114,1,7,756,70.88228614,44.05362719,,0,4,5292,0.15,4,1,0,0,"LINESTRING (-122.057258 37.634263, -122.087041 37.669630999999995)",w_metro_only;w_bus_metro;d_metro_only;d_bus_metro,Bay Area Rapid Transit,6,5.1:0;1;2;3;4;6;7;8;9;10;11;12;13;14;15;16;17;18;19;20;21;22
,967,1000965,1302,1500302,46,1000046,metro,1,5.1,Green-S,Berryessa/North San Jose to Daly City,2,deboarding_links,14.1871809,1,7,3000,2,1.24300808,,0,0,21000,0.15,4,1,0,0,"LINESTRING (-122.01733 37.590664999999994, -122.01723 37.590765)",w_metro_only;w_bus_metro;d_metro_only;d_bus_metro,Bay Area Rapid Transit,-1,5.1.UCTY:0;1;2;3;4;6;7;8;9;10;11;12;13;14;15;16;17;18;19;20;21;22
,968,1000273,1302,1500302,1301,1500301,metro,1,5.1,Green-S,Berryessa/North San Jose to Daly City,1,service_links,5989.262958,1,7,756,71.85678414,44.65928163,,0,5,5292,0.15,4,1,0,0,"LINESTRING (-122.01733 37.590664999999994, -122.057258 37.634263)",w_metro_only;w_bus_metro;d_metro_only;d_bus_metro,Bay Area Rapid Transit,4,5.1:0;1;2;3;4;6;7;8;9;10;11;12;13;14;15;16;17;18;19;20;21;22
,969,1000967,1303,1500303,47,1000047,metro,1,5.1,Green-S,Berryessa/North San Jose to Daly City,2,deboarding_links,14.19368056,1,7,3000,2,1.24300808,,0,0,21000,0.15,4,1,0,0,"LINESTRING (-121.939458 37.502207, -121.939358 37.502307)",w_metro_only;w_bus_metro;d_metro_only;d_bus_metro,Bay Area Rapid Transit,-1,5.1.WARM:0;1;2;3;4;6;7;8;9;10;11;12;13;14;15;16;17;18;19;20;21;22
,970,1000271,1303,1500303,1284,1500284,metro,1,5.1,Green-S,Berryessa/North San Jose to Daly City,1,service_links,6962.089477,1,7,756,69.60929322,43.26245694,,0,6,5292,0.15,4,1,0,0,"LINESTRING (-121.939458 37.502207, -121.97670500000001 37.557413)",w_metro_only;w_bus_metro;d_metro_only;d_bus_metro,Bay Area Rapid Transit,2,5.1:0;1;2;3;4;6;7;8;9;10;11;12;13;14;15;16;17;18;19;20;21;22
,971,1000969,1304,1500304,50,1000050,metro,1,5.1,Green-S,Berryessa/North San Jose to Daly City,2,deboarding_links,14.17141088,1,2,3000,2,1.24300808,,0,0,6000,0.15,4,1,0,0,"LINESTRING (-122.295244 37.804823, -122.295144 37.804923)",w_metro_only;w_bus_metro;d_metro_only;d_bus_metro,Bay Area Rapid Transit,-1,5.1.WOAK:0;1;2;3;4;5;6;7;8;9;10;11;12;13;14;15;16
,972,1000260,1304,1500304,1282,1500282,metro,1,5.1,Green-S,Berryessa/North San Jose to Daly City,1,service_links,9057.430966,1,2,756,77.62403342,48.24365035,,0,7,1512,0.15,4,1,0,0,"LINESTRING (-122.295244 37.804823, -122.39718 37.792688999999996)",w_metro_only;w_bus_metro;d_metro_only;d_bus_metro,Bay Area Rapid Transit,7,5.1:0;1;2;3;4;5;6;7;8;9;10;11;12;13;14;15;16
,973,1000971,1305,1500305,50,1000050,metro,1,5.1,Green-S,Berryessa/North San Jose to Daly City,2,deboarding_links,14.17141088,1,7,3000,2,1.24300808,,0,0,21000,0.15,4,1,0,0,"LINESTRING (-122.295244 37.804823, -122.295144 37.804923)",w_metro_only;w_bus_metro;d_metro_only;d_bus_metro,Bay Area Rapid Transit,-1,5.1.WOAK:0;1;2;3;4;6;7;8;9;10;11;12;13;14;15;16;17;18;19;20;21;22
,974,1000281,1305,1500305,1283,1500283,metro,1,5.1,Green-S,Berryessa/North San Jose to Daly City,1,service_links,9057.430966,1,7,756,77.62403342,48.24365035,,0,7,5292,0.15,4,1,0,0,"LINESTRING (-122.295244 37.804823, -122.39718 37.792688999999996)",w_metro_only;w_bus_metro;d_metro_only;d_bus_metro,Bay Area Rapid Transit,13,5.1:0;1;2;3;4;6;7;8;9;10;11;12;13;14;15;16;17;18;19;20;21;22
,975,1000973,1306,1500306,2,1000002,metro,1,6.2,Green-N,Daly City to Berryessa/North San Jose,2,deboarding_links,14.17434139,1,7,3000,2,1.24300808,,0,0,21000,0.15,4,1,0,0,"LINESTRING (-122.419855 37.76507599999999, -122.419755 37.765176)",w_metro_only;w_bus_metro;d_metro_only;d_bus_metro,Bay Area Rapid Transit,-1,6.2.16TH:0;1;2;3;4;5;6;7;8;9;10;11;12;13;14;15;16;18;19;20;21;22
,976,1000298,1306,1500306,1312,1500312,metro,1,6.2,Green-N,Daly City to Berryessa/North San Jose,1,service_links,1669.110613,1,7,756,50.04829426,31.10521706,,0,2,5292,0.15,4,1,0,0,"LINESTRING (-122.419855 37.76507599999999, -122.413979 37.779349999999994)",w_metro_only;w_bus_metro;d_metro_only;d_bus_metro,Bay Area Rapid Transit,4,6.2:0;1;2;3;4;5;6;7;8;9;10;11;12;13;14;15;16;18;19;20;21;22
,977,1000975,1307,1500307,4,1000004,metro,1,6.2,Green-N,Daly City to Berryessa/North San Jose,2,deboarding_links,14.17528137,1,7,3000,2,1.24300808,,0,0,21000,0.15,4,1,0,0,"LINESTRING (-122.41861800000001 37.752322, -122.418518 37.752422)",w_metro_only;w_bus_metro;d_metro_only;d_bus_metro,Bay Area Rapid Transit,-1,6.2.24TH:0;1;2;3;4;5;6;7;8;9;10;11;12;13;14;15;16;18;19;20;21;22
,978,1000297,1307,1500307,1306,1500306,metro,1,6.2,Green-N,Daly City to Berryessa/North San Jose,1,service_links,1422.343233,1,7,756,42.64897251,26.50650871,,0,2,5292,0.15,4,1,0,0,"LINESTRING (-122.41861800000001 37.752322, -122.419855 37.76507599999999)",w_metro_only;w_bus_metro;d_metro_only;d_bus_metro,Bay Area Rapid Transit,3,6.2:0;1;2;3;4;5;6;7;8;9;10;11;12;13;14;15;16;18;19;20;21;22
,979,1000977,1308,1500308,7,1000007,metro,1,6.2,Green-N,Daly City to Berryessa/North San Jose,2,deboarding_links,14.17754066,1,7,3000,2,1.24300808,,0,0,21000,0.15,4,1,0,0,"LINESTRING (-122.44761 37.721658, -122.44751 37.721758)",w_metro_only;w_bus_metro;d_metro_only;d_bus_metro,Bay Area Rapid Transit,-1,6.2.BALB:0;1;2;3;4;5;6;7;8;9;10;11;12;13;14;15;16;18;19;20;21;22
,980,1000295,1308,1500308,1319,1500319,metro,1,6.2,Green-N,Daly City to Berryessa/North San Jose,1,service_links,1773.178348,1,7,756,53.16876605,33.04460289,,0,2,5292,0.15,4,1,0,0,"LINESTRING (-122.44761 37.721658, -122.433657 37.733169)",w_metro_only;w_bus_metro;d_metro_only;d_bus_metro,Bay Area Rapid Transit,1,6.2:0;1;2;3;4;5;6;7;8;9;10;11;12;13;14;15;16;18;19;20;21;22
,981,1000979,1309,1500309,8,1000008,metro,1,6.2,Green-N,Daly City to Berryessa/North San Jose,2,deboarding_links,14.17936864,1,7,3000,2,1.24300808,,0,0,21000,0.15,4,1,0,0,"LINESTRING (-122.126531 37.696838, -122.126431 37.696938)",w_metro_only;w_bus_metro;d_metro_only;d_bus_metro,Bay Area Rapid Transit,-1,6.2.BAYF:0;1;2;3;4;5;6;7;8;9;10;11;12;13;14;15;16;18;19;20;21;22
,982,1000308,1309,1500309,1320,1500320,metro,1,6.2,Green-N,Daly City to Berryessa/North San Jose,1,service_links,4607.46807,1,7,756,55.27856113,34.35584906,,0,5,5292,0.15,4,1,0,0,"LINESTRING (-122.126531 37.696838, -122.087041 37.669630999999995)",w_metro_only;w_bus_metro;d_metro_only;d_bus_metro,Bay Area Rapid Transit,14,6.2:0;1;2;3;4;5;6;7;8;9;10;11;12;13;14;15;16;18;19;20;21;22
,983,1000981,1310,1500310,9,1000009,metro,1,6.2,Green-N,Daly City to Berryessa/North San Jose,2,deboarding_links,14.20349683,1,1,3000,2,1.24300808,,0,0,3000,0.15,4,1,0,0,"LINESTRING (-121.874761 37.368395, -121.874661 37.368495)",w_metro_only;w_bus_metro;d_metro_only;d_bus_metro,Bay Area Rapid Transit,-1,6.2.BERY:0;1;2;3;4
,984,1000983,1311,1500311,9,1000009,metro,1,6.2,Green-N,Daly City to Berryessa/North San Jose,2,deboarding_links,14.20349683,1,7,3000,2,1.24300808,,0,0,21000,0.15,4,1,0,0,"LINESTRING (-121.874761 37.368395, -121.874661 37.368495)",w_metro_only;w_bus_metro;d_metro_only;d_bus_metro,Bay Area Rapid Transit,-1,6.2.BERY:0;1;2;3;4;5;6;7;8;9;10;11;12;13;14;15;16;18;19;20;21;22
,985,1000985,1312,1500312,11,1000011,metro,1,6.2,Green-N,Daly City to Berryessa/North San Jose,2,deboarding_links,14.17328917,1,7,3000,2,1.24300808,,0,0,21000,0.15,4,1,0,0,"LINESTRING (-122.413979 37.779349999999994, -122.413879 37.77945)",w_metro_only;w_bus_metro;d_metro_only;d_bus_metro,Bay Area Rapid Transit,-1,6.2.CIVC:0;1;2;3;4;5;6;7;8;9;10;11;12;13;14;15;16;18;19;20;21;22
,986,1000299,1312,1500312,1325,1500325,metro,1,6.2,Green-N,Daly City to Berryessa/North San Jose,1,service_links,811.9100539,1,7,756,24.34512905,15.13059606,,0,2,5292,0.15,4,1,0,0,"LINESTRING (-122.413979 37.779349999999994, -122.407487 37.784544999999994)",w_metro_only;w_bus_metro;d_metro_only;d_bus_metro,Bay Area Rapid Transit,5,6.2:0;1;2;3;4;5;6;7;8;9;10;11;12;13;14;15;16;18;19;20;21;22
,987,1000987,1313,1500313,13,1000013,metro,1,6.2,Green-N,Daly City to Berryessa/North San Jose,2,deboarding_links,14.17519427,1,7,3000,2,1.24300808,,0,0,21000,0.15,4,1,0,0,"LINESTRING (-122.196798 37.753504, -122.196698 37.753604)",w_metro_only;w_bus_metro;d_metro_only;d_bus_metro,Bay Area Rapid Transit,-1,6.2.COLS:0;1;2;3;4;5;6;7;8;9;10;11;12;13;14;15;16;18;19;20;21;22
,988,1000306,1313,1500313,1326,1500326,metro,1,6.2,Green-N,Daly City to Berryessa/North San Jose,1,service_links,4744.982255,1,7,756,71.15694459,44.22432852,,0,4,5292,0.15,4,1,0,0,"LINESTRING (-122.196798 37.753504, -122.160813 37.721706)",w_metro_only;w_bus_metro;d_metro_only;d_bus_metro,Bay Area Rapid Transit,12,6.2:0;1;2;3;4;5;6;7;8;9;10;11;12;13;14;15;16;18;19;20;21;22
,989,1000989,1314,1500314,15,1000015,metro,1,6.2,Green-N,Daly City to Berryessa/North San Jose,2,deboarding_links,14.17867891,1,7,3000,2,1.24300808,,0,0,21000,0.15,4,1,0,0,"LINESTRING (-122.469094 37.706204, -122.468994 37.706304)",w_metro_only;w_bus_metro;d_metro_only;d_bus_metro,Bay Area Rapid Transit,-1,6.2.DALY:0;1;2;3;4;5;6;7;8;9;10;11;12;13;14;15;16;18;19;20;21;22
,990,1000294,1314,1500314,1308,1500308,metro,1,6.2,Green-N,Daly City to Berryessa/North San Jose,1,service_links,2554.269889,1,7,756,51.06837499,31.73920136,,0,3,5292,0.15,4,1,0,0,"LINESTRING (-122.469094 37.706204, -122.44761 37.721658)",w_metro_only;w_bus_metro;d_metro_only;d_bus_metro,Bay Area Rapid Transit,0,6.2:0;1;2;3;4;5;6;7;8;9;10;11;12;13;14;15;16;18;19;20;21;22
,991,1000991,1315,1500315,19,1000019,metro,1,6.2,Green-N,Daly City to Berryessa/North San Jose,2,deboarding_links,14.17230569,1,7,3000,2,1.24300808,,0,0,21000,0.15,4,1,0,0,"LINESTRING (-122.39718 37.792688999999996, -122.39708 37.792789)",w_metro_only;w_bus_metro;d_metro_only;d_bus_metro,Bay Area Rapid Transit,-1,6.2.EMBR:0;1;2;3;4;5;6;7;8;9;10;11;12;13;14;15;16;18;19;20;21;22
,992,1000302,1315,1500315,1332,1500332,metro,1,6.2,Green-N,Daly City to Berryessa/North San Jose,1,service_links,9057.430966,1,7,756,77.62403342,48.24365035,,0,7,5292,0.15,4,1,0,0,"LINESTRING (-122.39718 37.792688999999996, -122.295244 37.804823)",w_metro_only;w_bus_metro;d_metro_only;d_bus_metro,Bay Area Rapid Transit,8,6.2:0;1;2;3;4;5;6;7;8;9;10;11;12;13;14;15;16;18;19;20;21;22
,993,1000993,1316,1500316,20,1000020,metro,1,6.2,Green-N,Daly City to Berryessa/North San Jose,2,deboarding_links,14.18962514,1,1,3000,2,1.24300808,,0,0,3000,0.15,4,1,0,0,"LINESTRING (-121.97670500000001 37.557413, -121.976605 37.557513)",w_metro_only;w_bus_metro;d_metro_only;d_bus_metro,Bay Area Rapid Transit,-1,6.2.FRMT:0;1;2;3;4
,994,1000291,1316,1500316,1330,1500330,metro,1,6.2,Green-N,Daly City to Berryessa/North San Jose,1,service_links,6962.089477,1,1,756,69.60929322,43.26245694,,0,6,756,0.15,4,1,0,0,"LINESTRING (-121.97670500000001 37.557413, -121.939458 37.502207)",w_metro_only;w_bus_metro;d_metro_only;d_bus_metro,Bay Area Rapid Transit,1,6.2:0;1;2;3;4
,995,1000995,1317,1500317,20,1000020,metro,1,6.2,Green-N,Daly City to Berryessa/North San Jose,2,deboarding_links,14.18962514,1,7,3000,2,1.24300808,,0,0,21000,0.15,4,1,0,0,"LINESTRING (-121.97670500000001 37.557413, -121.976605 37.557513)",w_metro_only;w_bus_metro;d_metro_only;d_bus_metro,Bay Area Rapid Transit,-1,6.2.FRMT:0;1;2;3;4;5;6;7;8;9;10;11;12;13;14;15;16;18;19;20;21;22
,996,1000312,1317,1500317,1331,1500331,metro,1,6.2,Green-N,Daly City to Berryessa/North San Jose,1,service_links,6962.089477,1,7,756,69.60929322,43.26245694,,0,6,5292,0.15,4,1,0,0,"LINESTRING (-121.97670500000001 37.557413, -121.939458 37.502207)",w_metro_only;w_bus_metro;d_metro_only;d_bus_metro,Bay Area Rapid Transit,19,6.2:0;1;2;3;4;5;6;7;8;9;10;11;12;13;14;15;16;18;19;20;21;22
,997,1000997,1318,1500318,21,1000021,metro,1,6.2,Green-N,Daly City to Berryessa/North San Jose,2,deboarding_links,14.17362659,1,7,3000,2,1.24300808,,0,0,21000,0.15,4,1,0,0,"LINESTRING (-122.22416700000001 37.774772999999996, -122.224067 37.774873)",w_metro_only;w_bus_metro;d_metro_only;d_bus_metro,Bay Area Rapid Transit,-1,6.2.FTVL:0;1;2;3;4;5;6;7;8;9;10;11;12;13;14;15;16;18;19;20;21;22
,998,1000305,1318,1500318,1313,1500313,metro,1,6.2,Green-N,Daly City to Berryessa/North San Jose,1,service_links,3373.621001,1,7,756,50.5916671,31.44292548,,0,4,5292,0.15,4,1,0,0,"LINESTRING (-122.22416700000001 37.774772999999996, -122.196798 37.753504)",w_metro_only;w_bus_metro;d_metro_only;d_bus_metro,Bay Area Rapid Transit,11,6.2:0;1;2;3;4;5;6;7;8;9;10;11;12;13;14;15;16;18;19;20;21;22
,999,1000999,1319,1500319,22,1000022,metro,1,6.2,Green-N,Daly City to Berryessa/North San Jose,2,deboarding_links,14.17669266,1,7,3000,2,1.24300808,,0,0,21000,0.15,4,1,0,0,"LINESTRING (-122.433657 37.733169, -122.433557 37.733269)",w_metro_only;w_bus_metro;d_metro_only;d_bus_metro,Bay Area Rapid Transit,-1,6.2.GLEN:0;1;2;3;4;5;6;7;8;9;10;11;12;13;14;15;16;18;19;20;21;22
,1000,1000296,1319,1500319,1307,1500307,metro,1,6.2,Green-N,Daly City to Berryessa/North San Jose,1,service_links,2506.860712,1,7,756,50.12050741,31.15009783,,0,3,5292,0.15,4,1,0,0,"LINESTRING (-122.433657 37.733169, -122.41861800000001 37.752322)",w_metro_only;w_bus_metro;d_metro_only;d_bus_metro,Bay Area Rapid Transit,2,6.2:0;1;2;3;4;5;6;7;8;9;10;11;12;13;14;15;16;18;19;20;21;22
,1001,1001001,1320,1500320,23,1000023,metro,1,6.2,Green-N,Daly City to Berryessa/North San Jose,2,deboarding_links,14.18137168,1,7,3000,2,1.24300808,,0,0,21000,0.15,4,1,0,0,"LINESTRING (-122.087041 37.669630999999995, -122.086941 37.669731)",w_metro_only;w_bus_metro;d_metro_only;d_bus_metro,Bay Area Rapid Transit,-1,6.2.HAYW:0;1;2;3;4;5;6;7;8;9;10;11;12;13;14;15;16;18;19;20;21;22
,1002,1000309,1320,1500320,1327,1500327,metro,1,6.2,Green-N,Daly City to Berryessa/North San Jose,1,service_links,4726.667114,1,7,756,70.88228614,44.05362719,,0,4,5292,0.15,4,1,0,0,"LINESTRING (-122.087041 37.669630999999995, -122.057258 37.634263)",w_metro_only;w_bus_metro;d_metro_only;d_bus_metro,Bay Area Rapid Transit,15,6.2:0;1;2;3;4;5;6;7;8;9;10;11;12;13;14;15;16;18;19;20;21;22
,1003,1001003,1321,1500321,25,1000025,metro,1,6.2,Green-N,Daly City to Berryessa/North San Jose,2,deboarding_links,14.17196884,1,7,3000,2,1.24300808,,0,0,21000,0.15,4,1,0,0,"LINESTRING (-122.265332 37.797256999999995, -122.265232 37.797357)",w_metro_only;w_bus_metro;d_metro_only;d_bus_metro,Bay Area Rapid Transit,-1,6.2.LAKE:0;1;2;3;4;5;6;7;8;9;10;11;12;13;14;15;16;18;19;20;21;22
,1004,1000304,1321,1500321,1318,1500318,metro,1,6.2,Green-N,Daly City to Berryessa/North San Jose,1,service_links,4397.360844,1,7,756,65.94392668,40.98441683,,0,4,5292,0.15,4,1,0,0,"LINESTRING (-122.265332 37.797256999999995, -122.22416700000001 37.774772999999996)",w_metro_only;w_bus_metro;d_metro_only;d_bus_metro,Bay Area Rapid Transit,10,6.2:0;1;2;3;4;5;6;7;8;9;10;11;12;13;14;15;16;18;19;20;21;22
,1005,1001005,1322,1500322,28,1000028,metro,1,6.2,Green-N,Daly City to Berryessa/North San Jose,2,deboarding_links,14.20046616,1,1,3000,2,1.24300808,,0,0,3000,0.15,4,1,0,0,"LINESTRING (-121.89090300000001 37.409735999999995, -121.890803 37.409836)",w_metro_only;w_bus_metro;d_metro_only;d_bus_metro,Bay Area Rapid Transit,-1,6.2.MLPT:0;1;2;3;4
,1006,1000293,1322,1500322,1310,1500310,metro,1,6.2,Green-N,Daly City to Berryessa/North San Jose,1,service_links,4813.041129,1,1,756,72.17757255,44.85865292,,0,4,756,0.15,4,1,0,0,"LINESTRING (-121.89090300000001 37.409735999999995, -121.874761 37.368395)",w_metro_only;w_bus_metro;d_metro_only;d_bus_metro,Bay Area Rapid Transit,3,6.2:0;1;2;3;4
,1007,1001007,1323,1500323,28,1000028,metro,1,6.2,Green-N,Daly City to Berryessa/North San Jose,2,deboarding_links,14.20046616,1,7,3000,2,1.24300808,,0,0,21000,0.15,4,1,0,0,"LINESTRING (-121.89090300000001 37.409735999999995, -121.890803 37.409836)",w_metro_only;w_bus_metro;d_metro_only;d_bus_metro,Bay Area Rapid Transit,-1,6.2.MLPT:0;1;2;3;4;5;6;7;8;9;10;11;12;13;14;15;16;18;19;20;21;22
,1008,1000314,1323,1500323,1311,1500311,metro,1,6.2,Green-N,Daly City to Berryessa/North San Jose,1,service_links,4813.041129,1,7,756,72.17757255,44.85865292,,0,4,5292,0.15,4,1,0,0,"LINESTRING (-121.89090300000001 37.409735999999995, -121.874761 37.368395)",w_metro_only;w_bus_metro;d_metro_only;d_bus_metro,Bay Area Rapid Transit,21,6.2:0;1;2;3;4;5;6;7;8;9;10;11;12;13;14;15;16;18;19;20;21;22
,1009,1001009,1324,1500324,29,1000029,metro,1,6.2,Green-N,Daly City to Berryessa/North San Jose,2,deboarding_links,14.17256936,1,7,3000,2,1.24300808,,0,0,21000,0.15,4,1,0,0,"LINESTRING (-122.401742 37.78911299999999, -122.401642 37.789213)",w_metro_only;w_bus_metro;d_metro_only;d_bus_metro,Bay Area Rapid Transit,-1,6.2.MONT:0;1;2;3;4;5;6;7;8;9;10;11;12;13;14;15;16;18;19;20;21;22
,1010,1000301,1324,1500324,1315,1500315,metro,1,6.2,Green-N,Daly City to Berryessa/North San Jose,1,service_links,564.6331952,1,7,756,33.84414757,21.03427444,,0,1,5292,0.15,4,1,0,0,"LINESTRING (-122.401742 37.78911299999999, -122.39718 37.792688999999996)",w_metro_only;w_bus_metro;d_metro_only;d_bus_metro,Bay Area Rapid Transit,7,6.2:0;1;2;3;4;5;6;7;8;9;10;11;12;13;14;15;16;18;19;20;21;22
,1011,1001011,1325,1500325,38,1000038,metro,1,6.2,Green-N,Daly City to Berryessa/North San Jose,2,deboarding_links,14.17290616,1,7,3000,2,1.24300808,,0,0,21000,0.15,4,1,0,0,"LINESTRING (-122.407487 37.784544999999994, -122.407387 37.784645)",w_metro_only;w_bus_metro;d_metro_only;d_bus_metro,Bay Area Rapid Transit,-1,6.2.POWL:0;1;2;3;4;5;6;7;8;9;10;11;12;13;14;15;16;18;19;20;21;22
,1012,1000300,1325,1500325,1324,1500324,metro,1,6.2,Green-N,Daly City to Berryessa/North San Jose,1,service_links,716.1548312,1,7,756,21.47390798,13.34612056,,0,2,5292,0.15,4,1,0,0,"LINESTRING (-122.407487 37.784544999999994, -122.401742 37.78911299999999)",w_metro_only;w_bus_metro;d_metro_only;d_bus_metro,Bay Area Rapid Transit,6,6.2:0;1;2;3;4;5;6;7;8;9;10;11;12;13;14;15;16;18;19;20;21;22
,1013,1001013,1326,1500326,41,1000041,metro,1,6.2,Green-N,Daly City to Berryessa/North San Jose,2,deboarding_links,14.17753712,1,7,3000,2,1.24300808,,0,0,21000,0.15,4,1,0,0,"LINESTRING (-122.160813 37.721706, -122.160713 37.721806)",w_metro_only;w_bus_metro;d_metro_only;d_bus_metro,Bay Area Rapid Transit,-1,6.2.SANL:0;1;2;3;4;5;6;7;8;9;10;11;12;13;14;15;16;18;19;20;21;22
,1014,1000307,1326,1500326,1309,1500309,metro,1,6.2,Green-N,Daly City to Berryessa/North San Jose,1,service_links,4091.586584,1,7,756,81.80446352,50.84180455,,0,3,5292,0.15,4,1,0,0,"LINESTRING (-122.160813 37.721706, -122.126531 37.696838)",w_metro_only;w_bus_metro;d_metro_only;d_bus_metro,Bay Area Rapid Transit,13,6.2:0;1;2;3;4;5;6;7;8;9;10;11;12;13;14;15;16;18;19;20;21;22
,1015,1001015,1327,1500327,44,1000044,metro,1,6.2,Green-N,Daly City to Berryessa/North San Jose,2,deboarding_links,14.18397438,1,7,3000,2,1.24300808,,0,0,21000,0.15,4,1,0,0,"LINESTRING (-122.057258 37.634263, -122.057158 37.634363)",w_metro_only;w_bus_metro;d_metro_only;d_bus_metro,Bay Area Rapid Transit,-1,6.2.SHAY:0;1;2;3;4;5;6;7;8;9;10;11;12;13;14;15;16;18;19;20;21;22
,1016,1000310,1327,1500327,1329,1500329,metro,1,6.2,Green-N,Daly City to Berryessa/North San Jose,1,service_links,5989.262958,1,7,756,71.85678414,44.65928163,,0,5,5292,0.15,4,1,0,0,"LINESTRING (-122.057258 37.634263, -122.01733 37.590664999999994)",w_metro_only;w_bus_metro;d_metro_only;d_bus_metro,Bay Area Rapid Transit,16,6.2:0;1;2;3;4;5;6;7;8;9;10;11;12;13;14;15;16;18;19;20;21;22
,1017,1001017,1328,1500328,46,1000046,metro,1,6.2,Green-N,Daly City to Berryessa/North San Jose,2,deboarding_links,14.1871809,1,1,3000,2,1.24300808,,0,0,3000,0.15,4,1,0,0,"LINESTRING (-122.01733 37.590664999999994, -122.01723 37.590765)",w_metro_only;w_bus_metro;d_metro_only;d_bus_metro,Bay Area Rapid Transit,-1,6.2.UCTY:0;1;2;3;4
,1018,1000290,1328,1500328,1316,1500316,metro,1,6.2,Green-N,Daly City to Berryessa/North San Jose,1,service_links,5146.783353,1,1,756,61.74905042,38.37728429,,0,5,756,0.15,4,1,0,0,"LINESTRING (-122.01733 37.590664999999994, -121.97670500000001 37.557413)",w_metro_only;w_bus_metro;d_metro_only;d_bus_metro,Bay Area Rapid Transit,0,6.2:0;1;2;3;4
,1019,1001019,1329,1500329,46,1000046,metro,1,6.2,Green-N,Daly City to Berryessa/North San Jose,2,deboarding_links,14.1871809,1,7,3000,2,1.24300808,,0,0,21000,0.15,4,1,0,0,"LINESTRING (-122.01733 37.590664999999994, -122.01723 37.590765)",w_metro_only;w_bus_metro;d_metro_only;d_bus_metro,Bay Area Rapid Transit,-1,6.2.UCTY:0;1;2;3;4;5;6;7;8;9;10;11;12;13;14;15;16;18;19;20;21;22
,1020,1000311,1329,1500329,1317,1500317,metro,1,6.2,Green-N,Daly City to Berryessa/North San Jose,1,service_links,5146.783353,1,7,756,61.74905042,38.37728429,,0,5,5292,0.15,4,1,0,0,"LINESTRING (-122.01733 37.590664999999994, -121.97670500000001 37.557413)",w_metro_only;w_bus_metro;d_metro_only;d_bus_metro,Bay Area Rapid Transit,18,6.2:0;1;2;3;4;5;6;7;8;9;10;11;12;13;14;15;16;18;19;20;21;22
,1021,1001021,1330,1500330,47,1000047,metro,1,6.2,Green-N,Daly City to Berryessa/North San Jose,2,deboarding_links,14.19368056,1,1,3000,2,1.24300808,,0,0,3000,0.15,4,1,0,0,"LINESTRING (-121.939458 37.502207, -121.939358 37.502307)",w_metro_only;w_bus_metro;d_metro_only;d_bus_metro,Bay Area Rapid Transit,-1,6.2.WARM:0;1;2;3;4
,1022,1000292,1330,1500330,1322,1500322,metro,1,6.2,Green-N,Daly City to Berryessa/North San Jose,1,service_links,11139.77994,1,1,756,74.2569488,46.15099366,,0,9,756,0.15,4,1,0,0,"LINESTRING (-121.939458 37.502207, -121.89090300000001 37.409735999999995)",w_metro_only;w_bus_metro;d_metro_only;d_bus_metro,Bay Area Rapid Transit,2,6.2:0;1;2;3;4
,1023,1001023,1331,1500331,47,1000047,metro,1,6.2,Green-N,Daly City to Berryessa/North San Jose,2,deboarding_links,14.19368056,1,7,3000,2,1.24300808,,0,0,21000,0.15,4,1,0,0,"LINESTRING (-121.939458 37.502207, -121.939358 37.502307)",w_metro_only;w_bus_metro;d_metro_only;d_bus_metro,Bay Area Rapid Transit,-1,6.2.WARM:0;1;2;3;4;5;6;7;8;9;10;11;12;13;14;15;16;18;19;20;21;22
,1024,1000313,1331,1500331,1323,1500323,metro,1,6.2,Green-N,Daly City to Berryessa/North San Jose,1,service_links,11139.77994,1,7,756,74.2569488,46.15099366,,0,9,5292,0.15,4,1,0,0,"LINESTRING (-121.939458 37.502207, -121.89090300000001 37.409735999999995)",w_metro_only;w_bus_metro;d_metro_only;d_bus_metro,Bay Area Rapid Transit,20,6.2:0;1;2;3;4;5;6;7;8;9;10;11;12;13;14;15;16;18;19;20;21;22
,1025,1001025,1332,1500332,50,1000050,metro,1,6.2,Green-N,Daly City to Berryessa/North San Jose,2,deboarding_links,14.17141088,1,7,3000,2,1.24300808,,0,0,21000,0.15,4,1,0,0,"LINESTRING (-122.295244 37.804823, -122.295144 37.804923)",w_metro_only;w_bus_metro;d_metro_only;d_bus_metro,Bay Area Rapid Transit,-1,6.2.WOAK:0;1;2;3;4;5;6;7;8;9;10;11;12;13;14;15;16;18;19;20;21;22
,1026,1000303,1332,1500332,1321,1500321,metro,1,6.2,Green-N,Daly City to Berryessa/North San Jose,1,service_links,2759.443557,1,7,756,27.58983726,17.14719531,,0,6,5292,0.15,4,1,0,0,"LINESTRING (-122.295244 37.804823, -122.265332 37.797256999999995)",w_metro_only;w_bus_metro;d_metro_only;d_bus_metro,Bay Area Rapid Transit,9,6.2:0;1;2;3;4;5;6;7;8;9;10;11;12;13;14;15;16;18;19;20;21;22
,1027,1001027,1333,1500333,1,1000001,metro,1,7.1,Red-S,Richmond to Daly City/Millbrae,2,deboarding_links,14.17151797,1,7,3000,2,1.24300808,,0,0,21000,0.15,4,1,0,0,"LINESTRING (-122.27168900000001 37.803371, -122.271589 37.803471)",w_metro_only;w_bus_metro;d_metro_only;d_bus_metro,Bay Area Rapid Transit,-1,7.1.12TH:0;1;2;3;4;5;6;7;8;9;10;11;12;13;14;15;16;17;18;19;20;21;22;23;24
,1028,1000323,1333,1500333,1356,1500356,metro,1,7.1,Red-S,Richmond to Daly City/Millbrae,1,service_links,2075.745091,1,7,756,24.9039603,15.47791193,,0,5,5292,0.15,4,1,0,0,"LINESTRING (-122.27168900000001 37.803371, -122.295244 37.804823)",w_metro_only;w_bus_metro;d_metro_only;d_bus_metro,Bay Area Rapid Transit,8,7.1:0;1;2;3;4;5;6;7;8;9;10;11;12;13;14;15;16;17;18;19;20;21;22;23;24
,1029,1001029,1334,1500334,2,1000002,metro,1,7.1,Red-S,Richmond to Daly City/Millbrae,2,deboarding_links,14.17434139,1,7,3000,2,1.24300808,,0,0,21000,0.15,4,1,0,0,"LINESTRING (-122.419855 37.76507599999999, -122.419755 37.765176)",w_metro_only;w_bus_metro;d_metro_only;d_bus_metro,Bay Area Rapid Transit,-1,7.1.16TH:0;1;2;3;4;5;6;7;8;9;10;11;12;13;14;15;16;17;18;19;20;21;22;23;24
,1030,1000329,1334,1500334,1336,1500336,metro,1,7.1,Red-S,Richmond to Daly City/Millbrae,1,service_links,1422.343233,1,7,756,42.64897251,26.50650871,,0,2,5292,0.15,4,1,0,0,"LINESTRING (-122.419855 37.76507599999999, -122.41861800000001 37.752322)",w_metro_only;w_bus_metro;d_metro_only;d_bus_metro,Bay Area Rapid Transit,14,7.1:0;1;2;3;4;5;6;7;8;9;10;11;12;13;14;15;16;17;18;19;20;21;22;23;24
,1031,1001031,1335,1500335,3,1000003,metro,1,7.1,Red-S,Richmond to Daly City/Millbrae,2,deboarding_links,14.17117953,1,7,3000,2,1.24300808,,0,0,21000,0.15,4,1,0,0,"LINESTRING (-122.268822 37.807959999999994, -122.268722 37.80806)",w_metro_only;w_bus_metro;d_metro_only;d_bus_metro,Bay Area Rapid Transit,-1,7.1.19TH:0;1;2;3;4;5;6;7;8;9;10;11;12;13;14;15;16;17;18;19;20;21;22;23;24
,1032,1000322,1335,1500335,1333,1500333,metro,1,7.1,Red-S,Richmond to Daly City/Millbrae,1,service_links,569.0536035,1,7,756,17.06307657,10.60477102,,0,2,5292,0.15,4,1,0,0,"LINESTRING (-122.268822 37.807959999999994, -122.27168900000001 37.803371)",w_metro_only;w_bus_metro;d_metro_only;d_bus_metro,Bay Area Rapid Transit,7,7.1:0;1;2;3;4;5;6;7;8;9;10;11;12;13;14;15;16;17;18;19;20;21;22;23;24
,1033,1001033,1336,1500336,4,1000004,metro,1,7.1,Red-S,Richmond to Daly City/Millbrae,2,deboarding_links,14.17528137,1,7,3000,2,1.24300808,,0,0,21000,0.15,4,1,0,0,"LINESTRING (-122.41861800000001 37.752322, -122.418518 37.752422)",w_metro_only;w_bus_metro;d_metro_only;d_bus_metro,Bay Area Rapid Transit,-1,7.1.24TH:0;1;2;3;4;5;6;7;8;9;10;11;12;13;14;15;16;17;18;19;20;21;22;23;24
,1034,1000330,1336,1500336,1345,1500345,metro,1,7.1,Red-S,Richmond to Daly City/Millbrae,1,service_links,2506.860712,1,7,756,50.12050741,31.15009783,,0,3,5292,0.15,4,1,0,0,"LINESTRING (-122.41861800000001 37.752322, -122.433657 37.733169)",w_metro_only;w_bus_metro;d_metro_only;d_bus_metro,Bay Area Rapid Transit,15,7.1:0;1;2;3;4;5;6;7;8;9;10;11;12;13;14;15;16;17;18;19;20;21;22;23;24
,1035,1001035,1337,1500337,6,1000006,metro,1,7.1,Red-S,Richmond to Daly City/Millbrae,2,deboarding_links,14.16785892,1,7,3000,2,1.24300808,,0,0,21000,0.15,4,1,0,0,"LINESTRING (-122.26985 37.852968999999995, -122.26975 37.853069)",w_metro_only;w_bus_metro;d_metro_only;d_bus_metro,Bay Area Rapid Transit,-1,7.1.ASHB:0;1;2;3;4;5;6;7;8;9;10;11;12;13;14;15;16;17;18;19;20;21;22;23;24
,1036,1000320,1337,1500337,1346,1500346,metro,1,7.1,Red-S,Richmond to Daly City/Millbrae,1,service_links,2706.583361,1,7,756,40.58860327,25.2259809,,0,4,5292,0.15,4,1,0,0,"LINESTRING (-122.26985 37.852968999999995, -122.267263 37.828714)",w_metro_only;w_bus_metro;d_metro_only;d_bus_metro,Bay Area Rapid Transit,5,7.1:0;1;2;3;4;5;6;7;8;9;10;11;12;13;14;15;16;17;18;19;20;21;22;23;24
,1037,1001037,1338,1500338,7,1000007,metro,1,7.1,Red-S,Richmond to Daly City/Millbrae,2,deboarding_links,14.17754066,1,7,3000,2,1.24300808,,0,0,21000,0.15,4,1,0,0,"LINESTRING (-122.44761 37.721658, -122.44751 37.721758)",w_metro_only;w_bus_metro;d_metro_only;d_bus_metro,Bay Area Rapid Transit,-1,7.1.BALB:0;1;2;3;4;5;6;7;8;9;10;11;12;13;14;15;16;17;18;19;20;21;22;23;24
,1038,1000332,1338,1500338,1341,1500341,metro,1,7.1,Red-S,Richmond to Daly City/Millbrae,1,service_links,2554.269889,1,7,756,38.30447222,23.80638423,,0,4,5292,0.15,4,1,0,0,"LINESTRING (-122.44761 37.721658, -122.469094 37.706204)",w_metro_only;w_bus_metro;d_metro_only;d_bus_metro,Bay Area Rapid Transit,17,7.1:0;1;2;3;4;5;6;7;8;9;10;11;12;13;14;15;16;17;18;19;20;21;22;23;24
,1039,1001039,1339,1500339,11,1000011,metro,1,7.1,Red-S,Richmond to Daly City/Millbrae,2,deboarding_links,14.17328917,1,7,3000,2,1.24300808,,0,0,21000,0.15,4,1,0,0,"LINESTRING (-122.413979 37.779349999999994, -122.413879 37.77945)",w_metro_only;w_bus_metro;d_metro_only;d_bus_metro,Bay Area Rapid Transit,-1,7.1.CIVC:0;1;2;3;4;5;6;7;8;9;10;11;12;13;14;15;16;17;18;19;20;21;22;23;24
,1040,1000328,1339,1500339,1334,1500334,metro,1,7.1,Red-S,Richmond to Daly City/Millbrae,1,service_links,1669.110613,1,7,756,50.04829426,31.10521706,,0,2,5292,0.15,4,1,0,0,"LINESTRING (-122.413979 37.779349999999994, -122.419855 37.76507599999999)",w_metro_only;w_bus_metro;d_metro_only;d_bus_metro,Bay Area Rapid Transit,13,7.1:0;1;2;3;4;5;6;7;8;9;10;11;12;13;14;15;16;17;18;19;20;21;22;23;24
,1041,1001041,1340,1500340,12,1000012,metro,1,7.1,Red-S,Richmond to Daly City/Millbrae,2,deboarding_links,14.18027399,1,7,3000,2,1.24300808,,0,0,21000,0.15,4,1,0,0,"LINESTRING (-122.466267 37.68454199999999, -122.466167 37.684642)",w_metro_only;w_bus_metro;d_metro_only;d_bus_metro,Bay Area Rapid Transit,-1,7.1.COLM:0;1;2;3;4;5;6;7;8;9;10;11;12;13;14;15;16;17;18;19;20;21;22;23;24
,1042,1000334,1340,1500340,1355,1500355,metro,1,7.1,Red-S,Richmond to Daly City/Millbrae,1,service_links,2960.915142,1,7,756,59.19856998,36.79215039,,0,3,5292,0.15,4,1,0,0,"LINESTRING (-122.466267 37.68454199999999, -122.444354 37.664336999999996)",w_metro_only;w_bus_metro;d_metro_only;d_bus_metro,Bay Area Rapid Transit,19,7.1:0;1;2;3;4;5;6;7;8;9;10;11;12;13;14;15;16;17;18;19;20;21;22;23;24
,1043,1001043,1341,1500341,15,1000015,metro,1,7.1,Red-S,Richmond to Daly City/Millbrae,2,deboarding_links,14.17867891,1,7,3000,2,1.24300808,,0,0,21000,0.15,4,1,0,0,"LINESTRING (-122.469094 37.706204, -122.468994 37.706304)",w_metro_only;w_bus_metro;d_metro_only;d_bus_metro,Bay Area Rapid Transit,-1,7.1.DALY:0;1;2;3;4;5;6;7;8;9;10;11;12;13;14;15;16;17;18;19;20;21;22;23;24
,1044,1000333,1341,1500341,1340,1500340,metro,1,7.1,Red-S,Richmond to Daly City/Millbrae,1,service_links,2421.513271,1,7,756,29.05234879,18.05615214,,0,5,5292,0.15,4,1,0,0,"LINESTRING (-122.469094 37.706204, -122.466267 37.68454199999999)",w_metro_only;w_bus_metro;d_metro_only;d_bus_metro,Bay Area Rapid Transit,18,7.1:0;1;2;3;4;5;6;7;8;9;10;11;12;13;14;15;16;17;18;19;20;21;22;23;24
,1045,1001045,1342,1500342,16,1000016,metro,1,7.1,Red-S,Richmond to Daly City/Millbrae,2,deboarding_links,14.16660063,1,7,3000,2,1.24300808,,0,0,21000,0.15,4,1,0,0,"LINESTRING (-122.268178 37.870017, -122.268078 37.870117)",w_metro_only;w_bus_metro;d_metro_only;d_bus_metro,Bay Area Rapid Transit,-1,7.1.DBRK:0;1;2;3;4;5;6;7;8;9;10;11;12;13;14;15;16;17;18;19;20;21;22;23;24
,1046,1000319,1342,1500342,1337,1500337,metro,1,7.1,Red-S,Richmond to Daly City/Millbrae,1,service_links,1901.325318,1,7,756,57.01125391,35.43272462,,0,2,5292,0.15,4,1,0,0,"LINESTRING (-122.268178 37.870017, -122.26985 37.852968999999995)",w_metro_only;w_bus_metro;d_metro_only;d_bus_metro,Bay Area Rapid Transit,4,7.1:0;1;2;3;4;5;6;7;8;9;10;11;12;13;14;15;16;17;18;19;20;21;22;23;24
,1047,1001047,1343,1500343,17,1000017,metro,1,7.1,Red-S,Richmond to Daly City/Millbrae,2,deboarding_links,14.16253259,1,7,3000,2,1.24300808,,0,0,21000,0.15,4,1,0,0,"LINESTRING (-122.316968 37.925104999999995, -122.316868 37.925205)",w_metro_only;w_bus_metro;d_metro_only;d_bus_metro,Bay Area Rapid Transit,-1,7.1.DELN:0;1;2;3;4;5;6;7;8;9;10;11;12;13;14;15;16;17;18;19;20;21;22;23;24
,1048,1000316,1343,1500343,1350,1500350,metro,1,7.1,Red-S,Richmond to Daly City/Millbrae,1,service_links,2964.037696,1,7,756,59.26100024,36.83095105,,0,3,5292,0.15,4,1,0,0,"LINESTRING (-122.316968 37.925104999999995, -122.298995 37.902533)",w_metro_only;w_bus_metro;d_metro_only;d_bus_metro,Bay Area Rapid Transit,1,7.1:0;1;2;3;4;5;6;7;8;9;10;11;12;13;14;15;16;17;18;19;20;21;22;23;24
,1049,1001049,1344,1500344,19,1000019,metro,1,7.1,Red-S,Richmond to Daly City/Millbrae,2,deboarding_links,14.17230569,1,7,3000,2,1.24300808,,0,0,21000,0.15,4,1,0,0,"LINESTRING (-122.39718 37.792688999999996, -122.39708 37.792789)",w_metro_only;w_bus_metro;d_metro_only;d_bus_metro,Bay Area Rapid Transit,-1,7.1.EMBR:0;1;2;3;4;5;6;7;8;9;10;11;12;13;14;15;16;17;18;19;20;21;22;23;24
,1050,1000325,1344,1500344,1348,1500348,metro,1,7.1,Red-S,Richmond to Daly City/Millbrae,1,service_links,564.6331952,1,7,756,33.84414757,21.03427444,,0,1,5292,0.15,4,1,0,0,"LINESTRING (-122.39718 37.792688999999996, -122.401742 37.78911299999999)",w_metro_only;w_bus_metro;d_metro_only;d_bus_metro,Bay Area Rapid Transit,10,7.1:0;1;2;3;4;5;6;7;8;9;10;11;12;13;14;15;16;17;18;19;20;21;22;23;24
,1051,1001051,1345,1500345,22,1000022,metro,1,7.1,Red-S,Richmond to Daly City/Millbrae,2,deboarding_links,14.17669266,1,7,3000,2,1.24300808,,0,0,21000,0.15,4,1,0,0,"LINESTRING (-122.433657 37.733169, -122.433557 37.733269)",w_metro_only;w_bus_metro;d_metro_only;d_bus_metro,Bay Area Rapid Transit,-1,7.1.GLEN:0;1;2;3;4;5;6;7;8;9;10;11;12;13;14;15;16;17;18;19;20;21;22;23;24
,1052,1000331,1345,1500345,1338,1500338,metro,1,7.1,Red-S,Richmond to Daly City/Millbrae,1,service_links,1773.178348,1,7,756,53.16876605,33.04460289,,0,2,5292,0.15,4,1,0,0,"LINESTRING (-122.433657 37.733169, -122.44761 37.721658)",w_metro_only;w_bus_metro;d_metro_only;d_bus_metro,Bay Area Rapid Transit,16,7.1:0;1;2;3;4;5;6;7;8;9;10;11;12;13;14;15;16;17;18;19;20;21;22;23;24
,1053,1001053,1346,1500346,26,1000026,metro,1,7.1,Red-S,Richmond to Daly City/Millbrae,2,deboarding_links,14.16964863,1,7,3000,2,1.24300808,,0,0,21000,0.15,4,1,0,0,"LINESTRING (-122.267263 37.828714, -122.267163 37.828814)",w_metro_only;w_bus_metro;d_metro_only;d_bus_metro,Bay Area Rapid Transit,-1,7.1.MCAR:0;1;2;3;4;5;6;7;8;9;10;11;12;13;14;15;16;17;18;19;20;21;22;23;24
,1054,1000321,1346,1500346,1335,1500335,metro,1,7.1,Red-S,Richmond to Daly City/Millbrae,1,service_links,2311.799007,1,7,756,46.22057328,28.72627301,,0,3,5292,0.15,4,1,0,0,"LINESTRING (-122.267263 37.828714, -122.268822 37.807959999999994)",w_metro_only;w_bus_metro;d_metro_only;d_bus_metro,Bay Area Rapid Transit,6,7.1:0;1;2;3;4;5;6;7;8;9;10;11;12;13;14;15;16;17;18;19;20;21;22;23;24
,1055,1001055,1347,1500347,27,1000027,metro,1,7.1,Red-S,Richmond to Daly City/Millbrae,2,deboarding_links,14.18648722,1,7,3000,2,1.24300808,,0,0,21000,0.15,4,1,0,0,"LINESTRING (-122.38694000000001 37.600099, -122.38684 37.600199)",w_metro_only;w_bus_metro;d_metro_only;d_bus_metro,Bay Area Rapid Transit,-1,7.1.MLBR:0;1;2;3;4;5;6;7;8;9;10;11;12;13;14;15;16;17;18;19;20;21;22;23;24
,1056,1001057,1348,1500348,29,1000029,metro,1,7.1,Red-S,Richmond to Daly City/Millbrae,2,deboarding_links,14.17256936,1,7,3000,2,1.24300808,,0,0,21000,0.15,4,1,0,0,"LINESTRING (-122.401742 37.78911299999999, -122.401642 37.789213)",w_metro_only;w_bus_metro;d_metro_only;d_bus_metro,Bay Area Rapid Transit,-1,7.1.MONT:0;1;2;3;4;5;6;7;8;9;10;11;12;13;14;15;16;17;18;19;20;21;22;23;24
,1057,1000326,1348,1500348,1351,1500351,metro,1,7.1,Red-S,Richmond to Daly City/Millbrae,1,service_links,716.1548312,1,7,756,21.47390798,13.34612056,,0,2,5292,0.15,4,1,0,0,"LINESTRING (-122.401742 37.78911299999999, -122.407487 37.784544999999994)",w_metro_only;w_bus_metro;d_metro_only;d_bus_metro,Bay Area Rapid Transit,11,7.1:0;1;2;3;4;5;6;7;8;9;10;11;12;13;14;15;16;17;18;19;20;21;22;23;24
,1058,1001059,1349,1500349,30,1000030,metro,1,7.1,Red-S,Richmond to Daly City/Millbrae,2,deboarding_links,14.16631163,1,7,3000,2,1.24300808,,0,0,21000,0.15,4,1,0,0,"LINESTRING (-122.283608 37.873931999999996, -122.283508 37.874032)",w_metro_only;w_bus_metro;d_metro_only;d_bus_metro,Bay Area Rapid Transit,-1,7.1.NBRK:0;1;2;3;4;5;6;7;8;9;10;11;12;13;14;15;16;17;18;19;20;21;22;23;24
,1059,1000318,1349,1500349,1342,1500342,metro,1,7.1,Red-S,Richmond to Daly City/Millbrae,1,service_links,1422.619698,1,7,756,42.65726232,26.51166086,,0,2,5292,0.15,4,1,0,0,"LINESTRING (-122.283608 37.873931999999996, -122.268178 37.870017)",w_metro_only;w_bus_metro;d_metro_only;d_bus_metro,Bay Area Rapid Transit,3,7.1:0;1;2;3;4;5;6;7;8;9;10;11;12;13;14;15;16;17;18;19;20;21;22;23;24
,1060,1001061,1350,1500350,37,1000037,metro,1,7.1,Red-S,Richmond to Daly City/Millbrae,2,deboarding_links,14.16419983,1,7,3000,2,1.24300808,,0,0,21000,0.15,4,1,0,0,"LINESTRING (-122.298995 37.902533, -122.298895 37.902633)",w_metro_only;w_bus_metro;d_metro_only;d_bus_metro,Bay Area Rapid Transit,-1,7.1.PLZA:0;1;2;3;4;5;6;7;8;9;10;11;12;13;14;15;16;17;18;19;20;21;22;23;24
,1061,1000317,1350,1500350,1349,1500349,metro,1,7.1,Red-S,Richmond to Daly City/Millbrae,1,service_links,3455.074689,1,7,756,51.81316704,32.20209263,,0,4,5292,0.15,4,1,0,0,"LINESTRING (-122.298995 37.902533, -122.283608 37.873931999999996)",w_metro_only;w_bus_metro;d_metro_only;d_bus_metro,Bay Area Rapid Transit,2,7.1:0;1;2;3;4;5;6;7;8;9;10;11;12;13;14;15;16;17;18;19;20;21;22;23;24
,1062,1001063,1351,1500351,38,1000038,metro,1,7.1,Red-S,Richmond to Daly City/Millbrae,2,deboarding_links,14.17290616,1,7,3000,2,1.24300808,,0,0,21000,0.15,4,1,0,0,"LINESTRING (-122.407487 37.784544999999994, -122.407387 37.784645)",w_metro_only;w_bus_metro;d_metro_only;d_bus_metro,Bay Area Rapid Transit,-1,7.1.POWL:0;1;2;3;4;5;6;7;8;9;10;11;12;13;14;15;16;17;18;19;20;21;22;23;24
,1063,1000327,1351,1500351,1339,1500339,metro,1,7.1,Red-S,Richmond to Daly City/Millbrae,1,service_links,811.9100539,1,7,756,24.34512905,15.13059606,,0,2,5292,0.15,4,1,0,0,"LINESTRING (-122.407487 37.784544999999994, -122.413979 37.779349999999994)",w_metro_only;w_bus_metro;d_metro_only;d_bus_metro,Bay Area Rapid Transit,12,7.1:0;1;2;3;4;5;6;7;8;9;10;11;12;13;14;15;16;17;18;19;20;21;22;23;24
,1064,1001065,1352,1500352,39,1000039,metro,1,7.1,Red-S,Richmond to Daly City/Millbrae,2,deboarding_links,14.16167631,1,7,3000,2,1.24300808,,0,0,21000,0.15,4,1,0,0,"LINESTRING (-122.353104 37.93669499999999, -122.353004 37.936795)",w_metro_only;w_bus_metro;d_metro_only;d_bus_metro,Bay Area Rapid Transit,-1,7.1.RICH:0;1;2;3;4;5;6;7;8;9;10;11;12;13;14;15;16;17;18;19;20;21;22;23;24
,1065,1000315,1352,1500352,1343,1500343,metro,1,7.1,Red-S,Richmond to Daly City/Millbrae,1,service_links,3421.323524,1,7,756,51.3070261,31.88752399,,0,4,5292,0.15,4,1,0,0,"LINESTRING (-122.353104 37.93669499999999, -122.316968 37.925104999999995)",w_metro_only;w_bus_metro;d_metro_only;d_bus_metro,Bay Area Rapid Transit,0,7.1:0;1;2;3;4;5;6;7;8;9;10;11;12;13;14;15;16;17;18;19;20;21;22;23;24
,1066,1001067,1353,1500353,42,1000042,metro,1,7.1,Red-S,Richmond to Daly City/Millbrae,2,deboarding_links,14.18372739,1,7,3000,2,1.24300808,,0,0,21000,0.15,4,1,0,0,"LINESTRING (-122.416484 37.63762, -122.416384 37.63772)",w_metro_only;w_bus_metro;d_metro_only;d_bus_metro,Bay Area Rapid Transit,-1,7.1.SBRN:0;1;2;3;4;5;6;7;8;9;10;11;12;13;14;15;16;17;18;19;20;21;22;23;24
,1067,1000336,1353,1500353,1354,1500354,metro,1,7.1,Red-S,Richmond to Daly City/Millbrae,1,service_links,3236.023086,1,7,756,38.82451213,24.12959113,,0,5,5292,0.15,4,1,0,0,"LINESTRING (-122.416484 37.63762, -122.39199500000001 37.615922999999995)",w_metro_only;w_bus_metro;d_metro_only;d_bus_metro,Bay Area Rapid Transit,21,7.1:0;1;2;3;4;5;6;7;8;9;10;11;12;13;14;15;16;17;18;19;20;21;22;23;24
,1068,1001069,1354,1500354,43,1000043,metro,1,7.1,Red-S,Richmond to Daly City/Millbrae,2,deboarding_links,14.18532348,1,7,3000,2,1.24300808,,0,0,21000,0.15,4,1,0,0,"LINESTRING (-122.39199500000001 37.615922999999995, -122.391895 37.616023)",w_metro_only;w_bus_metro;d_metro_only;d_bus_metro,Bay Area Rapid Transit,-1,7.1.SFIA:0;1;2;3;4;5;6;7;8;9;10;11;12;13;14;15;16;17;18;19;20;21;22;23;24
,1069,1000338,1354,1500354,1347,1500347,metro,1,7.1,Red-S,Richmond to Daly City/Millbrae,1,service_links,1815.019156,1,7,756,27.21848272,16.91639697,,0,4,5292,0.15,4,1,0,0,"LINESTRING (-122.39199500000001 37.615922999999995, -122.38694000000001 37.600099)",w_metro_only;w_bus_metro;d_metro_only;d_bus_metro,Bay Area Rapid Transit,23,7.1:0;1;2;3;4;5;6;7;8;9;10;11;12;13;14;15;16;17;18;19;20;21;22;23;24
,1070,1000337,1354,1500354,1354,1500354,metro,1,7.1,Red-S,Richmond to Daly City/Millbrae,1,service_links,0,1,7,756,0,0,,0,2,5292,0.15,4,1,0,0,"LINESTRING (-122.39199500000001 37.615922999999995, -122.39199500000001 37.615922999999995)",w_metro_only;w_bus_metro;d_metro_only;d_bus_metro,Bay Area Rapid Transit,22,7.1:0;1;2;3;4;5;6;7;8;9;10;11;12;13;14;15;16;17;18;19;20;21;22;23;24
,1071,1001071,1355,1500355,45,1000045,metro,1,7.1,Red-S,Richmond to Daly City/Millbrae,2,deboarding_links,14.18176134,1,7,3000,2,1.24300808,,0,0,21000,0.15,4,1,0,0,"LINESTRING (-122.444354 37.664336999999996, -122.444254 37.664437)",w_metro_only;w_bus_metro;d_metro_only;d_bus_metro,Bay Area Rapid Transit,-1,7.1.SSAN:0;1;2;3;4;5;6;7;8;9;10;11;12;13;14;15;16;17;18;19;20;21;22;23;24
,1072,1000335,1355,1500355,1353,1500353,metro,1,7.1,Red-S,Richmond to Daly City/Millbrae,1,service_links,3853.036997,1,7,756,77.03506159,47.87760198,,0,3,5292,0.15,4,1,0,0,"LINESTRING (-122.444354 37.664336999999996, -122.416484 37.63762)",w_metro_only;w_bus_metro;d_metro_only;d_bus_metro,Bay Area Rapid Transit,20,7.1:0;1;2;3;4;5;6;7;8;9;10;11;12;13;14;15;16;17;18;19;20;21;22;23;24
,1073,1001073,1356,1500356,50,1000050,metro,1,7.1,Red-S,Richmond to Daly City/Millbrae,2,deboarding_links,14.17141088,1,7,3000,2,1.24300808,,0,0,21000,0.15,4,1,0,0,"LINESTRING (-122.295244 37.804823, -122.295144 37.804923)",w_metro_only;w_bus_metro;d_metro_only;d_bus_metro,Bay Area Rapid Transit,-1,7.1.WOAK:0;1;2;3;4;5;6;7;8;9;10;11;12;13;14;15;16;17;18;19;20;21;22;23;24
,1074,1000324,1356,1500356,1344,1500344,metro,1,7.1,Red-S,Richmond to Daly City/Millbrae,1,service_links,9057.430966,1,7,756,77.62403342,48.24365035,,0,7,5292,0.15,4,1,0,0,"LINESTRING (-122.295244 37.804823, -122.39718 37.792688999999996)",w_metro_only;w_bus_metro;d_metro_only;d_bus_metro,Bay Area Rapid Transit,9,7.1:0;1;2;3;4;5;6;7;8;9;10;11;12;13;14;15;16;17;18;19;20;21;22;23;24
,1075,1001075,1357,1500357,1,1000001,metro,1,8.2,Red-N,Millbrae/Daly City to Richmond,2,deboarding_links,14.17151797,1,6,3000,2,1.24300808,,0,0,18000,0.15,4,1,0,0,"LINESTRING (-122.27168900000001 37.803371, -122.271589 37.803471)",w_metro_only;w_bus_metro;d_metro_only;d_bus_metro,Bay Area Rapid Transit,-1,8.2.12TH:0;1;2;3;4;5;6;7;8;9;10;11;12;13;14;15;16;17;18;19;20;21;22;23;24
,1076,1000355,1357,1500357,1359,1500359,metro,1,8.2,Red-N,Millbrae/Daly City to Richmond,1,service_links,569.0536035,1,6,756,34.10910711,21.19894786,,0,1,4536,0.15,4,1,0,0,"LINESTRING (-122.27168900000001 37.803371, -122.268822 37.807959999999994)",w_metro_only;w_bus_metro;d_metro_only;d_bus_metro,Bay Area Rapid Transit,16,8.2:0;1;2;3;4;5;6;7;8;9;10;11;12;13;14;15;16;17;18;19;20;21;22;23;24
,1077,1001077,1358,1500358,2,1000002,metro,1,8.2,Red-N,Millbrae/Daly City to Richmond,2,deboarding_links,14.17434139,1,6,3000,2,1.24300808,,0,0,18000,0.15,4,1,0,0,"LINESTRING (-122.419855 37.76507599999999, -122.419755 37.765176)",w_metro_only;w_bus_metro;d_metro_only;d_bus_metro,Bay Area Rapid Transit,-1,8.2.16TH:0;1;2;3;4;5;6;7;8;9;10;11;12;13;14;15;16;17;18;19;20;21;22;23;24
,1078,1000349,1358,1500358,1363,1500363,metro,1,8.2,Red-N,Millbrae/Daly City to Richmond,1,service_links,1669.110613,1,6,756,50.04829426,31.10521706,,0,2,4536,0.15,4,1,0,0,"LINESTRING (-122.419855 37.76507599999999, -122.413979 37.779349999999994)",w_metro_only;w_bus_metro;d_metro_only;d_bus_metro,Bay Area Rapid Transit,10,8.2:0;1;2;3;4;5;6;7;8;9;10;11;12;13;14;15;16;17;18;19;20;21;22;23;24
,1079,1001079,1359,1500359,3,1000003,metro,1,8.2,Red-N,Millbrae/Daly City to Richmond,2,deboarding_links,14.17117953,1,6,3000,2,1.24300808,,0,0,18000,0.15,4,1,0,0,"LINESTRING (-122.268822 37.807959999999994, -122.268722 37.80806)",w_metro_only;w_bus_metro;d_metro_only;d_bus_metro,Bay Area Rapid Transit,-1,8.2.19TH:0;1;2;3;4;5;6;7;8;9;10;11;12;13;14;15;16;17;18;19;20;21;22;23;24
,1080,1000356,1359,1500359,1370,1500370,metro,1,8.2,Red-N,Millbrae/Daly City to Richmond,1,service_links,2311.799007,1,6,756,34.66831802,21.5464997,,0,4,4536,0.15,4,1,0,0,"LINESTRING (-122.268822 37.807959999999994, -122.267263 37.828714)",w_metro_only;w_bus_metro;d_metro_only;d_bus_metro,Bay Area Rapid Transit,17,8.2:0;1;2;3;4;5;6;7;8;9;10;11;12;13;14;15;16;17;18;19;20;21;22;23;24
,1081,1001081,1360,1500360,4,1000004,metro,1,8.2,Red-N,Millbrae/Daly City to Richmond,2,deboarding_links,14.17528137,1,6,3000,2,1.24300808,,0,0,18000,0.15,4,1,0,0,"LINESTRING (-122.41861800000001 37.752322, -122.418518 37.752422)",w_metro_only;w_bus_metro;d_metro_only;d_bus_metro,Bay Area Rapid Transit,-1,8.2.24TH:0;1;2;3;4;5;6;7;8;9;10;11;12;13;14;15;16;17;18;19;20;21;22;23;24
,1082,1000348,1360,1500360,1358,1500358,metro,1,8.2,Red-N,Millbrae/Daly City to Richmond,1,service_links,1422.343233,1,6,756,42.64897251,26.50650871,,0,2,4536,0.15,4,1,0,0,"LINESTRING (-122.41861800000001 37.752322, -122.419855 37.76507599999999)",w_metro_only;w_bus_metro;d_metro_only;d_bus_metro,Bay Area Rapid Transit,9,8.2:0;1;2;3;4;5;6;7;8;9;10;11;12;13;14;15;16;17;18;19;20;21;22;23;24
,1083,1001083,1361,1500361,6,1000006,metro,1,8.2,Red-N,Millbrae/Daly City to Richmond,2,deboarding_links,14.16785892,1,6,3000,2,1.24300808,,0,0,18000,0.15,4,1,0,0,"LINESTRING (-122.26985 37.852968999999995, -122.26975 37.853069)",w_metro_only;w_bus_metro;d_metro_only;d_bus_metro,Bay Area Rapid Transit,-1,8.2.ASHB:0;1;2;3;4;5;6;7;8;9;10;11;12;13;14;15;16;17;18;19;20;21;22;23;24
,1084,1000358,1361,1500361,1366,1500366,metro,1,8.2,Red-N,Millbrae/Daly City to Richmond,1,service_links,1901.325318,1,6,756,57.01125391,35.43272462,,0,2,4536,0.15,4,1,0,0,"LINESTRING (-122.26985 37.852968999999995, -122.268178 37.870017)",w_metro_only;w_bus_metro;d_metro_only;d_bus_metro,Bay Area Rapid Transit,19,8.2:0;1;2;3;4;5;6;7;8;9;10;11;12;13;14;15;16;17;18;19;20;21;22;23;24
,1085,1001085,1362,1500362,7,1000007,metro,1,8.2,Red-N,Millbrae/Daly City to Richmond,2,deboarding_links,14.17754066,1,6,3000,2,1.24300808,,0,0,18000,0.15,4,1,0,0,"LINESTRING (-122.44761 37.721658, -122.44751 37.721758)",w_metro_only;w_bus_metro;d_metro_only;d_bus_metro,Bay Area Rapid Transit,-1,8.2.BALB:0;1;2;3;4;5;6;7;8;9;10;11;12;13;14;15;16;17;18;19;20;21;22;23;24
,1086,1000346,1362,1500362,1369,1500369,metro,1,8.2,Red-N,Millbrae/Daly City to Richmond,1,service_links,1773.178348,1,6,756,53.16876605,33.04460289,,0,2,4536,0.15,4,1,0,0,"LINESTRING (-122.44761 37.721658, -122.433657 37.733169)",w_metro_only;w_bus_metro;d_metro_only;d_bus_metro,Bay Area Rapid Transit,7,8.2:0;1;2;3;4;5;6;7;8;9;10;11;12;13;14;15;16;17;18;19;20;21;22;23;24
,1087,1001087,1363,1500363,11,1000011,metro,1,8.2,Red-N,Millbrae/Daly City to Richmond,2,deboarding_links,14.17328917,1,6,3000,2,1.24300808,,0,0,18000,0.15,4,1,0,0,"LINESTRING (-122.413979 37.779349999999994, -122.413879 37.77945)",w_metro_only;w_bus_metro;d_metro_only;d_bus_metro,Bay Area Rapid Transit,-1,8.2.CIVC:0;1;2;3;4;5;6;7;8;9;10;11;12;13;14;15;16;17;18;19;20;21;22;23;24
,1088,1000350,1363,1500363,1375,1500375,metro,1,8.2,Red-N,Millbrae/Daly City to Richmond,1,service_links,811.9100539,1,6,756,24.34512905,15.13059606,,0,2,4536,0.15,4,1,0,0,"LINESTRING (-122.413979 37.779349999999994, -122.407487 37.784544999999994)",w_metro_only;w_bus_metro;d_metro_only;d_bus_metro,Bay Area Rapid Transit,11,8.2:0;1;2;3;4;5;6;7;8;9;10;11;12;13;14;15;16;17;18;19;20;21;22;23;24
,1089,1001089,1364,1500364,12,1000012,metro,1,8.2,Red-N,Millbrae/Daly City to Richmond,2,deboarding_links,14.18027399,1,6,3000,2,1.24300808,,0,0,18000,0.15,4,1,0,0,"LINESTRING (-122.466267 37.68454199999999, -122.466167 37.684642)",w_metro_only;w_bus_metro;d_metro_only;d_bus_metro,Bay Area Rapid Transit,-1,8.2.COLM:0;1;2;3;4;5;6;7;8;9;10;11;12;13;14;15;16;17;18;19;20;21;22;23;24
,1090,1000344,1364,1500364,1365,1500365,metro,1,8.2,Red-N,Millbrae/Daly City to Richmond,1,service_links,2421.513271,1,6,756,48.41412738,30.08957575,,0,3,4536,0.15,4,1,0,0,"LINESTRING (-122.466267 37.68454199999999, -122.469094 37.706204)",w_metro_only;w_bus_metro;d_metro_only;d_bus_metro,Bay Area Rapid Transit,5,8.2:0;1;2;3;4;5;6;7;8;9;10;11;12;13;14;15;16;17;18;19;20;21;22;23;24
,1091,1001091,1365,1500365,15,1000015,metro,1,8.2,Red-N,Millbrae/Daly City to Richmond,2,deboarding_links,14.17867891,1,6,3000,2,1.24300808,,0,0,18000,0.15,4,1,0,0,"LINESTRING (-122.469094 37.706204, -122.468994 37.706304)",w_metro_only;w_bus_metro;d_metro_only;d_bus_metro,Bay Area Rapid Transit,-1,8.2.DALY:0;1;2;3;4;5;6;7;8;9;10;11;12;13;14;15;16;17;18;19;20;21;22;23;24
,1092,1000345,1365,1500365,1362,1500362,metro,1,8.2,Red-N,Millbrae/Daly City to Richmond,1,service_links,2554.269889,1,6,756,30.64510965,19.04605945,,0,5,4536,0.15,4,1,0,0,"LINESTRING (-122.469094 37.706204, -122.44761 37.721658)",w_metro_only;w_bus_metro;d_metro_only;d_bus_metro,Bay Area Rapid Transit,6,8.2:0;1;2;3;4;5;6;7;8;9;10;11;12;13;14;15;16;17;18;19;20;21;22;23;24
,1093,1001093,1366,1500366,16,1000016,metro,1,8.2,Red-N,Millbrae/Daly City to Richmond,2,deboarding_links,14.16660063,1,6,3000,2,1.24300808,,0,0,18000,0.15,4,1,0,0,"LINESTRING (-122.268178 37.870017, -122.268078 37.870117)",w_metro_only;w_bus_metro;d_metro_only;d_bus_metro,Bay Area Rapid Transit,-1,8.2.DBRK:0;1;2;3;4;5;6;7;8;9;10;11;12;13;14;15;16;17;18;19;20;21;22;23;24
,1094,1000359,1366,1500366,1373,1500373,metro,1,8.2,Red-N,Millbrae/Daly City to Richmond,1,service_links,1422.619698,1,6,756,42.65726232,26.51166086,,0,2,4536,0.15,4,1,0,0,"LINESTRING (-122.268178 37.870017, -122.283608 37.873931999999996)",w_metro_only;w_bus_metro;d_metro_only;d_bus_metro,Bay Area Rapid Transit,20,8.2:0;1;2;3;4;5;6;7;8;9;10;11;12;13;14;15;16;17;18;19;20;21;22;23;24
,1095,1001095,1367,1500367,17,1000017,metro,1,8.2,Red-N,Millbrae/Daly City to Richmond,2,deboarding_links,14.16253259,1,6,3000,2,1.24300808,,0,0,18000,0.15,4,1,0,0,"LINESTRING (-122.316968 37.925104999999995, -122.316868 37.925205)",w_metro_only;w_bus_metro;d_metro_only;d_bus_metro,Bay Area Rapid Transit,-1,8.2.DELN:0;1;2;3;4;5;6;7;8;9;10;11;12;13;14;15;16;17;18;19;20;21;22;23;24
,1096,1000362,1367,1500367,1376,1500376,metro,1,8.2,Red-N,Millbrae/Daly City to Richmond,1,service_links,3421.323524,1,6,756,41.04767275,25.51129444,,0,5,4536,0.15,4,1,0,0,"LINESTRING (-122.316968 37.925104999999995, -122.353104 37.93669499999999)",w_metro_only;w_bus_metro;d_metro_only;d_bus_metro,Bay Area Rapid Transit,23,8.2:0;1;2;3;4;5;6;7;8;9;10;11;12;13;14;15;16;17;18;19;20;21;22;23;24
,1097,1001097,1368,1500368,19,1000019,metro,1,8.2,Red-N,Millbrae/Daly City to Richmond,2,deboarding_links,14.17230569,1,6,3000,2,1.24300808,,0,0,18000,0.15,4,1,0,0,"LINESTRING (-122.39718 37.792688999999996, -122.39708 37.792789)",w_metro_only;w_bus_metro;d_metro_only;d_bus_metro,Bay Area Rapid Transit,-1,8.2.EMBR:0;1;2;3;4;5;6;7;8;9;10;11;12;13;14;15;16;17;18;19;20;21;22;23;24
,1098,1000353,1368,1500368,1380,1500380,metro,1,8.2,Red-N,Millbrae/Daly City to Richmond,1,service_links,9057.430966,1,6,756,77.62403342,48.24365035,,0,7,4536,0.15,4,1,0,0,"LINESTRING (-122.39718 37.792688999999996, -122.295244 37.804823)",w_metro_only;w_bus_metro;d_metro_only;d_bus_metro,Bay Area Rapid Transit,14,8.2:0;1;2;3;4;5;6;7;8;9;10;11;12;13;14;15;16;17;18;19;20;21;22;23;24
,1099,1001099,1369,1500369,22,1000022,metro,1,8.2,Red-N,Millbrae/Daly City to Richmond,2,deboarding_links,14.17669266,1,6,3000,2,1.24300808,,0,0,18000,0.15,4,1,0,0,"LINESTRING (-122.433657 37.733169, -122.433557 37.733269)",w_metro_only;w_bus_metro;d_metro_only;d_bus_metro,Bay Area Rapid Transit,-1,8.2.GLEN:0;1;2;3;4;5;6;7;8;9;10;11;12;13;14;15;16;17;18;19;20;21;22;23;24
,1100,1000347,1369,1500369,1360,1500360,metro,1,8.2,Red-N,Millbrae/Daly City to Richmond,1,service_links,2506.860712,1,6,756,50.12050741,31.15009783,,0,3,4536,0.15,4,1,0,0,"LINESTRING (-122.433657 37.733169, -122.41861800000001 37.752322)",w_metro_only;w_bus_metro;d_metro_only;d_bus_metro,Bay Area Rapid Transit,8,8.2:0;1;2;3;4;5;6;7;8;9;10;11;12;13;14;15;16;17;18;19;20;21;22;23;24
,1101,1001101,1370,1500370,26,1000026,metro,1,8.2,Red-N,Millbrae/Daly City to Richmond,2,deboarding_links,14.16964863,1,6,3000,2,1.24300808,,0,0,18000,0.15,4,1,0,0,"LINESTRING (-122.267263 37.828714, -122.267163 37.828814)",w_metro_only;w_bus_metro;d_metro_only;d_bus_metro,Bay Area Rapid Transit,-1,8.2.MCAR:0;1;2;3;4;5;6;7;8;9;10;11;12;13;14;15;16;17;18;19;20;21;22;23;24
,1102,1000357,1370,1500370,1361,1500361,metro,1,8.2,Red-N,Millbrae/Daly City to Richmond,1,service_links,2706.583361,1,6,756,40.58860327,25.2259809,,0,4,4536,0.15,4,1,0,0,"LINESTRING (-122.267263 37.828714, -122.26985 37.852968999999995)",w_metro_only;w_bus_metro;d_metro_only;d_bus_metro,Bay Area Rapid Transit,18,8.2:0;1;2;3;4;5;6;7;8;9;10;11;12;13;14;15;16;17;18;19;20;21;22;23;24
,1103,1001103,1371,1500371,27,1000027,metro,1,8.2,Red-N,Millbrae/Daly City to Richmond,2,deboarding_links,14.18648722,1,6,3000,2,1.24300808,,0,0,18000,0.15,4,1,0,0,"LINESTRING (-122.38694000000001 37.600099, -122.38684 37.600199)",w_metro_only;w_bus_metro;d_metro_only;d_bus_metro,Bay Area Rapid Transit,-1,8.2.MLBR:0;1;2;3;4;5;6;7;8;9;10;11;12;13;14;15;16;17;18;19;20;21;22;23;24
,1104,1000339,1371,1500371,1378,1500378,metro,1,8.2,Red-N,Millbrae/Daly City to Richmond,1,service_links,1815.019156,1,6,756,21.7758747,13.5337941,,0,5,4536,0.15,4,1,0,0,"LINESTRING (-122.38694000000001 37.600099, -122.39199500000001 37.615922999999995)",w_metro_only;w_bus_metro;d_metro_only;d_bus_metro,Bay Area Rapid Transit,0,8.2:0;1;2;3;4;5;6;7;8;9;10;11;12;13;14;15;16;17;18;19;20;21;22;23;24
,1105,1001105,1372,1500372,29,1000029,metro,1,8.2,Red-N,Millbrae/Daly City to Richmond,2,deboarding_links,14.17256936,1,6,3000,2,1.24300808,,0,0,18000,0.15,4,1,0,0,"LINESTRING (-122.401742 37.78911299999999, -122.401642 37.789213)",w_metro_only;w_bus_metro;d_metro_only;d_bus_metro,Bay Area Rapid Transit,-1,8.2.MONT:0;1;2;3;4;5;6;7;8;9;10;11;12;13;14;15;16;17;18;19;20;21;22;23;24
,1106,1000352,1372,1500372,1368,1500368,metro,1,8.2,Red-N,Millbrae/Daly City to Richmond,1,service_links,564.6331952,1,6,756,16.93053059,10.52239316,,0,2,4536,0.15,4,1,0,0,"LINESTRING (-122.401742 37.78911299999999, -122.39718 37.792688999999996)",w_metro_only;w_bus_metro;d_metro_only;d_bus_metro,Bay Area Rapid Transit,13,8.2:0;1;2;3;4;5;6;7;8;9;10;11;12;13;14;15;16;17;18;19;20;21;22;23;24
,1107,1001107,1373,1500373,30,1000030,metro,1,8.2,Red-N,Millbrae/Daly City to Richmond,2,deboarding_links,14.16631163,1,6,3000,2,1.24300808,,0,0,18000,0.15,4,1,0,0,"LINESTRING (-122.283608 37.873931999999996, -122.283508 37.874032)",w_metro_only;w_bus_metro;d_metro_only;d_bus_metro,Bay Area Rapid Transit,-1,8.2.NBRK:0;1;2;3;4;5;6;7;8;9;10;11;12;13;14;15;16;17;18;19;20;21;22;23;24
,1108,1000360,1373,1500373,1374,1500374,metro,1,8.2,Red-N,Millbrae/Daly City to Richmond,1,service_links,3455.074689,1,6,756,51.81316704,32.20209263,,0,4,4536,0.15,4,1,0,0,"LINESTRING (-122.283608 37.873931999999996, -122.298995 37.902533)",w_metro_only;w_bus_metro;d_metro_only;d_bus_metro,Bay Area Rapid Transit,21,8.2:0;1;2;3;4;5;6;7;8;9;10;11;12;13;14;15;16;17;18;19;20;21;22;23;24
,1109,1001109,1374,1500374,37,1000037,metro,1,8.2,Red-N,Millbrae/Daly City to Richmond,2,deboarding_links,14.16419983,1,6,3000,2,1.24300808,,0,0,18000,0.15,4,1,0,0,"LINESTRING (-122.298995 37.902533, -122.298895 37.902633)",w_metro_only;w_bus_metro;d_metro_only;d_bus_metro,Bay Area Rapid Transit,-1,8.2.PLZA:0;1;2;3;4;5;6;7;8;9;10;11;12;13;14;15;16;17;18;19;20;21;22;23;24
,1110,1000361,1374,1500374,1367,1500367,metro,1,8.2,Red-N,Millbrae/Daly City to Richmond,1,service_links,2964.037696,1,6,756,88.87669252,55.23722344,,0,2,4536,0.15,4,1,0,0,"LINESTRING (-122.298995 37.902533, -122.316968 37.925104999999995)",w_metro_only;w_bus_metro;d_metro_only;d_bus_metro,Bay Area Rapid Transit,22,8.2:0;1;2;3;4;5;6;7;8;9;10;11;12;13;14;15;16;17;18;19;20;21;22;23;24
,1111,1001111,1375,1500375,38,1000038,metro,1,8.2,Red-N,Millbrae/Daly City to Richmond,2,deboarding_links,14.17290616,1,6,3000,2,1.24300808,,0,0,18000,0.15,4,1,0,0,"LINESTRING (-122.407487 37.784544999999994, -122.407387 37.784645)",w_metro_only;w_bus_metro;d_metro_only;d_bus_metro,Bay Area Rapid Transit,-1,8.2.POWL:0;1;2;3;4;5;6;7;8;9;10;11;12;13;14;15;16;17;18;19;20;21;22;23;24
,1112,1000351,1375,1500375,1372,1500372,metro,1,8.2,Red-N,Millbrae/Daly City to Richmond,1,service_links,716.1548312,1,6,756,42.92636351,26.67890833,,0,1,4536,0.15,4,1,0,0,"LINESTRING (-122.407487 37.784544999999994, -122.401742 37.78911299999999)",w_metro_only;w_bus_metro;d_metro_only;d_bus_metro,Bay Area Rapid Transit,12,8.2:0;1;2;3;4;5;6;7;8;9;10;11;12;13;14;15;16;17;18;19;20;21;22;23;24
,1113,1001113,1376,1500376,39,1000039,metro,1,8.2,Red-N,Millbrae/Daly City to Richmond,2,deboarding_links,14.16167631,1,6,3000,2,1.24300808,,0,0,18000,0.15,4,1,0,0,"LINESTRING (-122.353104 37.93669499999999, -122.353004 37.936795)",w_metro_only;w_bus_metro;d_metro_only;d_bus_metro,Bay Area Rapid Transit,-1,8.2.RICH:0;1;2;3;4;5;6;7;8;9;10;11;12;13;14;15;16;17;18;19;20;21;22;23;24
,1114,1001115,1377,1500377,42,1000042,metro,1,8.2,Red-N,Millbrae/Daly City to Richmond,2,deboarding_links,14.18372739,1,6,3000,2,1.24300808,,0,0,18000,0.15,4,1,0,0,"LINESTRING (-122.416484 37.63762, -122.416384 37.63772)",w_metro_only;w_bus_metro;d_metro_only;d_bus_metro,Bay Area Rapid Transit,-1,8.2.SBRN:0;1;2;3;4;5;6;7;8;9;10;11;12;13;14;15;16;17;18;19;20;21;22;23;24
,1115,1000342,1377,1500377,1379,1500379,metro,1,8.2,Red-N,Millbrae/Daly City to Richmond,1,service_links,3853.036997,1,6,756,77.03506159,47.87760198,,0,3,4536,0.15,4,1,0,0,"LINESTRING (-122.416484 37.63762, -122.444354 37.664336999999996)",w_metro_only;w_bus_metro;d_metro_only;d_bus_metro,Bay Area Rapid Transit,3,8.2:0;1;2;3;4;5;6;7;8;9;10;11;12;13;14;15;16;17;18;19;20;21;22;23;24
,1116,1001117,1378,1500378,43,1000043,metro,1,8.2,Red-N,Millbrae/Daly City to Richmond,2,deboarding_links,14.18532348,1,6,3000,2,1.24300808,,0,0,18000,0.15,4,1,0,0,"LINESTRING (-122.39199500000001 37.615922999999995, -122.391895 37.616023)",w_metro_only;w_bus_metro;d_metro_only;d_bus_metro,Bay Area Rapid Transit,-1,8.2.SFIA:0;1;2;3;4;5;6;7;8;9;10;11;12;13;14;15;16;17;18;19;20;21;22;23;24
,1117,1000341,1378,1500378,1377,1500377,metro,1,8.2,Red-N,Millbrae/Daly City to Richmond,1,service_links,3236.023086,1,6,756,48.52821423,30.16048119,,0,4,4536,0.15,4,1,0,0,"LINESTRING (-122.39199500000001 37.615922999999995, -122.416484 37.63762)",w_metro_only;w_bus_metro;d_metro_only;d_bus_metro,Bay Area Rapid Transit,2,8.2:0;1;2;3;4;5;6;7;8;9;10;11;12;13;14;15;16;17;18;19;20;21;22;23;24
,1118,1000340,1378,1500378,1378,1500378,metro,1,8.2,Red-N,Millbrae/Daly City to Richmond,1,service_links,0,1,6,756,0,0,,0,2,4536,0.15,4,1,0,0,"LINESTRING (-122.39199500000001 37.615922999999995, -122.39199500000001 37.615922999999995)",w_metro_only;w_bus_metro;d_metro_only;d_bus_metro,Bay Area Rapid Transit,1,8.2:0;1;2;3;4;5;6;7;8;9;10;11;12;13;14;15;16;17;18;19;20;21;22;23;24
,1119,1001119,1379,1500379,45,1000045,metro,1,8.2,Red-N,Millbrae/Daly City to Richmond,2,deboarding_links,14.18176134,1,6,3000,2,1.24300808,,0,0,18000,0.15,4,1,0,0,"LINESTRING (-122.444354 37.664336999999996, -122.444254 37.664437)",w_metro_only;w_bus_metro;d_metro_only;d_bus_metro,Bay Area Rapid Transit,-1,8.2.SSAN:0;1;2;3;4;5;6;7;8;9;10;11;12;13;14;15;16;17;18;19;20;21;22;23;24
,1120,1000343,1379,1500379,1364,1500364,metro,1,8.2,Red-N,Millbrae/Daly City to Richmond,1,service_links,2960.915142,1,6,756,59.19856998,36.79215039,,0,3,4536,0.15,4,1,0,0,"LINESTRING (-122.444354 37.664336999999996, -122.466267 37.68454199999999)",w_metro_only;w_bus_metro;d_metro_only;d_bus_metro,Bay Area Rapid Transit,4,8.2:0;1;2;3;4;5;6;7;8;9;10;11;12;13;14;15;16;17;18;19;20;21;22;23;24
,1121,1001121,1380,1500380,50,1000050,metro,1,8.2,Red-N,Millbrae/Daly City to Richmond,2,deboarding_links,14.17141088,1,6,3000,2,1.24300808,,0,0,18000,0.15,4,1,0,0,"LINESTRING (-122.295244 37.804823, -122.295144 37.804923)",w_metro_only;w_bus_metro;d_metro_only;d_bus_metro,Bay Area Rapid Transit,-1,8.2.WOAK:0;1;2;3;4;5;6;7;8;9;10;11;12;13;14;15;16;17;18;19;20;21;22;23;24
,1122,1000354,1380,1500380,1357,1500357,metro,1,8.2,Red-N,Millbrae/Daly City to Richmond,1,service_links,2075.745091,1,6,756,31.12839426,19.34642279,,0,4,4536,0.15,4,1,0,0,"LINESTRING (-122.295244 37.804823, -122.27168900000001 37.803371)",w_metro_only;w_bus_metro;d_metro_only;d_bus_metro,Bay Area Rapid Transit,15,8.2:0;1;2;3;4;5;6;7;8;9;10;11;12;13;14;15;16;17;18;19;20;21;22;23;24