name,full_name,node_id,old_node_id,physical_node_id,x_coord,y_coord,route_type,route_id,route_short_name,route_long_name,node_type,directed_route_id,directed_service_id,zone_id,agency_name,geometry,terminal_flag,ctrl_type,agent_type
12TH,12th Street / Oakland City Center,1,1000001,1000001,-122.271589,37.803471,1,4,Orange-S,Richmond to Berryessa/North San Jose,metro_station,,,1.0,Bay Area Rapid Transit,POINT (-122.271589 37.803471),0,,
16TH,16th Street / Mission,2,1000002,1000002,-122.419755,37.765176,1,5,Green-S,Berryessa/North San Jose to Daly City,metro_station,,,2.0,Bay Area Rapid Transit,POINT (-122.419755 37.765176),0,,
19TH,19th Street Oakland,3,1000003,1000003,-122.268722,37.80806,1,4,Orange-S,Richmond to Berryessa/North San Jose,metro_station,,,3.0,Bay Area Rapid Transit,POINT (-122.268722 37.80806),0,,
24TH,24th Street / Mission,4,1000004,1000004,-122.418518,37.752422,1,5,Green-S,Berryessa/North San Jose to Daly City,metro_station,,,4.0,Bay Area Rapid Transit,POINT (-122.418518 37.752422),0,,
ANTC,Antioch,5,1000005,1000005,-121.780353,37.995415,1,1,Yellow-S,Antioch to SFIA/Millbrae,metro_station,,,5.0,Bay Area Rapid Transit,POINT (-121.780353 37.995415),1,,
ASHB,Ashby,6,1000006,1000006,-122.26975,37.853069,1,4,Orange-S,Richmond to Berryessa/North San Jose,metro_station,,,6.0,Bay Area Rapid Transit,POINT (-122.26975 37.853069),0,,
BALB,Balboa Park,7,1000007,1000007,-122.44751,37.721758,1,5,Green-S,Berryessa/North San Jose to Daly City,metro_station,,,7.0,Bay Area Rapid Transit,POINT (-122.44751 37.721758),0,,
BAYF,Bay Fair,8,1000008,1000008,-122.126431,37.696938,1,5,Green-S,Berryessa/North San Jose to Daly City,metro_station,,,8.0,Bay Area Rapid Transit,POINT (-122.126431 37.696938),0,,
BERY,Berryessa / North San Jose,9,1000009,1000009,-121.874661,37.368495,1,5,Green-S,Berryessa/North San Jose to Daly City,metro_station,,,9.0,Bay Area Rapid Transit,POINT (-121.874661 37.368495),1,,
CAST,Castro Valley,10,1000010,1000010,-122.075615,37.690776,1,12,Blue-N,Daly City to Dublin/Pleasanton,metro_station,,,10.0,Bay Area Rapid Transit,POINT (-122.075615 37.690776),0,,
CIVC,Civic Center / UN Plaza,11,1000011,1000011,-122.413879,37.77945,1,5,Green-S,Berryessa/North San Jose to Daly City,metro_station,,,11.0,Bay Area Rapid Transit,POINT (-122.413879 37.77945),0,,
COLM,Colma,12,1000012,1000012,-122.466167,37.684642,1,1,Yellow-S,Antioch to SFIA/Millbrae,metro_station,,,12.0,Bay Area Rapid Transit,POINT (-122.466167 37.684642),0,,
COLS,Coliseum,13,1000013,1000013,-122.196698,37.753604,1,5,Green-S,Berryessa/North San Jose to Daly City,metro_station,,,13.0,Bay Area Rapid Transit,POINT (-122.196698 37.753604),0,,
CONC,Concord,14,1000014,1000014,-122.029126,37.973773,1,1,Yellow-S,Antioch to SFIA/Millbrae,metro_station,,,14.0,Bay Area Rapid Transit,POINT (-122.029126 37.973773),0,,
DALY,Daly City,15,1000015,1000015,-122.468994,37.706304,1,5,Green-S,Berryessa/North San Jose to Daly City,metro_station,,,15.0,Bay Area Rapid Transit,POINT (-122.468994 37.706304),1,,
DBRK,Downtown Berkeley,16,1000016,1000016,-122.268078,37.870117,1,4,Orange-S,Richmond to Berryessa/North San Jose,metro_station,,,16.0,Bay Area Rapid Transit,POINT (-122.268078 37.870117),0,,
DELN,El Cerrito Del Norte,17,1000017,1000017,-122.316868,37.925205,1,4,Orange-S,Richmond to Berryessa/North San Jose,metro_station,,,17.0,Bay Area Rapid Transit,POINT (-122.316868 37.925205),0,,
DUBL,Dublin / Pleasanton,18,1000018,1000018,-121.899242,37.701692,1,12,Blue-N,Daly City to Dublin/Pleasanton,metro_station,,,18.0,Bay Area Rapid Transit,POINT (-121.899242 37.701692),1,,
EMBR,Embarcadero,19,1000019,1000019,-122.39708,37.792789,1,5,Green-S,Berryessa/North San Jose to Daly City,metro_station,,,19.0,Bay Area Rapid Transit,POINT (-122.39708 37.792789),0,,
FRMT,Fremont,20,1000020,1000020,-121.976605,37.557513,1,5,Green-S,Berryessa/North San Jose to Daly City,metro_station,,,20.0,Bay Area Rapid Transit,POINT (-121.976605 37.557513),0,,
FTVL,Fruitvale,21,1000021,1000021,-122.224067,37.774873,1,5,Green-S,Berryessa/North San Jose to Daly City,metro_station,,,21.0,Bay Area Rapid Transit,POINT (-122.224067 37.774873),0,,
GLEN,Glen Park,22,1000022,1000022,-122.433557,37.733269,1,5,Green-S,Berryessa/North San Jose to Daly City,metro_station,,,22.0,Bay Area Rapid Transit,POINT (-122.433557 37.733269),0,,
HAYW,Hayward,23,1000023,1000023,-122.086941,37.669731,1,5,Green-S,Berryessa/North San Jose to Daly City,metro_station,,,23.0,Bay Area Rapid Transit,POINT (-122.086941 37.669731),0,,
LAFY,Lafayette,24,1000024,1000024,-122.124644,37.89322,1,1,Yellow-S,Antioch to SFIA/Millbrae,metro_station,,,24.0,Bay Area Rapid Transit,POINT (-122.124644 37.89322),0,,
LAKE,Lake Merritt,25,1000025,1000025,-122.265232,37.797357,1,5,Green-S,Berryessa/North San Jose to Daly City,metro_station,,,25.0,Bay Area Rapid Transit,POINT (-122.265232 37.797357),0,,
MCAR,MacArthur,26,1000026,1000026,-122.267163,37.828814,1,4,Orange-S,Richmond to Berryessa/North San Jose,metro_station,,,26.0,Bay Area Rapid Transit,POINT (-122.267163 37.828814),0,,
MLBR,Millbrae (Caltrain Transfer Platform),27,1000027,1000027,-122.38684,37.600199,1,8,Red-N,Millbrae/Daly City to Richmond,metro_station,,,27.0,Bay Area Rapid Transit,POINT (-122.38684 37.600199),1,,
MLPT,Milpitas,28,1000028,1000028,-121.890803,37.409836,1,5,Green-S,Berryessa/North San Jose to Daly City,metro_station,,,28.0,Bay Area Rapid Transit,POINT (-121.890803 37.409836),0,,
MONT,Montgomery Street,29,1000029,1000029,-122.401642,37.789213,1,5,Green-S,Berryessa/North San Jose to Daly City,metro_station,,,29.0,Bay Area Rapid Transit,POINT (-122.401642 37.789213),0,,
NBRK,North Berkeley,30,1000030,1000030,-122.283508,37.874032,1,4,Orange-S,Richmond to Berryessa/North San Jose,metro_station,,,30.0,Bay Area Rapid Transit,POINT (-122.283508 37.874032),0,,
NCON,North Concord / Martinez,31,1000031,1000031,-122.024561,38.003407,1,1,Yellow-S,Antioch to SFIA/Millbrae,metro_station,,,31.0,Bay Area Rapid Transit,POINT (-122.024561 38.003407),0,,
OAKL,Oakland International Airport Station,32,1000032,1000032,-122.212237,37.713256,1,19,Beige-N,Oakland Airport to Coliseum,metro_station,,,32.0,Bay Area Rapid Transit,POINT (-122.212237 37.713256),1,,
ORIN,Orinda,33,1000033,1000033,-122.183717,37.878503,1,1,Yellow-S,Antioch to SFIA/Millbrae,metro_station,,,33.0,Bay Area Rapid Transit,POINT (-122.183717 37.878503),0,,
PCTR,Pittsburg Center,34,1000034,1000034,-121.889011,38.016873,1,1,Yellow-S,Antioch to SFIA/Millbrae,metro_station,,,34.0,Bay Area Rapid Transit,POINT (-121.889011 38.016873),0,,
PHIL,Pleasant Hill / Contra Costa Centre,35,1000035,1000035,-122.056015,37.928463,1,1,Yellow-S,Antioch to SFIA/Millbrae,metro_station,,,35.0,Bay Area Rapid Transit,POINT (-122.056015 37.928463),0,,
PITT,Pittsburg / Bay Point,36,1000036,1000036,-121.944248,38.01895,1,1,Yellow-S,Antioch to SFIA/Millbrae,metro_station,,,36.0,Bay Area Rapid Transit,POINT (-121.944248 38.01895),1,,
PLZA,El Cerrito Plaza,37,1000037,1000037,-122.298895,37.902633,1,4,Orange-S,Richmond to Berryessa/North San Jose,metro_station,,,37.0,Bay Area Rapid Transit,POINT (-122.298895 37.902633),0,,
POWL,Powell Street,38,1000038,1000038,-122.407387,37.784645,1,5,Green-S,Berryessa/North San Jose to Daly City,metro_station,,,38.0,Bay Area Rapid Transit,POINT (-122.407387 37.784645),0,,
RICH,Richmond,39,1000039,1000039,-122.353004,37.936795,1,4,Orange-S,Richmond to Berryessa/North San Jose,metro_station,,,39.0,Bay Area Rapid Transit,POINT (-122.353004 37.936795),1,,
ROCK,Rockridge,40,1000040,1000040,-122.251271,37.844795,1,1,Yellow-S,Antioch to SFIA/Millbrae,metro_station,,,40.0,Bay Area Rapid Transit,POINT (-122.251271 37.844795),0,,
SANL,San Leandro,41,1000041,1000041,-122.160713,37.721806,1,5,Green-S,Berryessa/North San Jose to Daly City,metro_station,,,41.0,Bay Area Rapid Transit,POINT (-122.160713 37.721806),0,,
SBRN,San Bruno,42,1000042,1000042,-122.416384,37.63772,1,1,Yellow-S,Antioch to SFIA/Millbrae,metro_station,,,42.0,Bay Area Rapid Transit,POINT (-122.416384 37.63772),0,,
SFIA,San Francisco International Airport,43,1000043,1000043,-122.391895,37.616023,1,1,Yellow-S,Antioch to SFIA/Millbrae,metro_station,,,43.0,Bay Area Rapid Transit,POINT (-122.391895 37.616023),1,,
SHAY,South Hayward,44,1000044,1000044,-122.057158,37.634363,1,5,Green-S,Berryessa/North San Jose to Daly City,metro_station,,,44.0,Bay Area Rapid Transit,POINT (-122.057158 37.634363),0,,
SSAN,South San Francisco,45,1000045,1000045,-122.444254,37.664437,1,1,Yellow-S,Antioch to SFIA/Millbrae,metro_station,,,45.0,Bay Area Rapid Transit,POINT (-122.444254 37.664437),0,,
UCTY,Union City,46,1000046,1000046,-122.01723,37.590765,1,5,Green-S,Berryessa/North San Jose to Daly City,metro_station,,,46.0,Bay Area Rapid Transit,POINT (-122.01723 37.590765),0,,
WARM,Warm Springs / South Fremont,47,1000047,1000047,-121.939358,37.502307,1,5,Green-S,Berryessa/North San Jose to Daly City,metro_station,,,47.0,Bay Area Rapid Transit,POINT (-121.939358 37.502307),0,,
WCRK,Walnut Creek,48,1000048,1000048,-122.067379,37.905812,1,1,Yellow-S,Antioch to SFIA/Millbrae,metro_station,,,48.0,Bay Area Rapid Transit,POINT (-122.067379 37.905812),0,,
WDUB,West Dublin / Pleasanton,49,1000049,1000049,-121.928301,37.69976,1,12,Blue-N,Daly City to Dublin/Pleasanton,metro_station,,,49.0,Bay Area Rapid Transit,POINT (-121.928301 37.69976),0,,
WOAK,West Oakland,50,1000050,1000050,-122.295144,37.804923,1,5,Green-S,Berryessa/North San Jose to Daly City,metro_station,,,50.0,Bay Area Rapid Transit,POINT (-122.295144 37.804923),0,,
1.1.12TH:0;1;2;3;4;5;6;7;8;9;10;11;12;13;14;15;16;17;18;19;20;21;22;23;24;25;26,12th Street / Oakland City Center,1001,1500001,1000001,-122.271689,37.803371,1,1,Yellow-S,Antioch to SFIA/Millbrae,metro_service_node,1.1,1.1:0;1;2;3;4;5;6;7;8;9;10;11;12;13;14;15;16;17;18;19;20;21;22;23;24;25;26,,Bay Area Rapid Transit,POINT (-122.27168900000001 37.803371),0,,
1.1.12TH:0;1;2;4;5;6;7;8;9;10;11;12;13;14;15;16;17;18;19;20;21;22;23;24;25,12th Street / Oakland City Center,1002,1500002,1000001,-122.271689,37.803371,1,1,Yellow-S,Antioch to SFIA/Millbrae,metro_service_node,1.1,1.1:0;1;2;4;5;6;7;8;9;10;11;12;13;14;15;16;17;18;19;20;21;22;23;24;25,,Bay Area Rapid Transit,POINT (-122.27168900000001 37.803371),0,,
1.1.12TH:0;2;3;4;5;6;7;8;9;10;11;12;13;14;15;16;17;18;19;20;21;22;23,12th Street / Oakland City Center,1003,1500003,1000001,-122.271689,37.803371,1,1,Yellow-S,Antioch to SFIA/Millbrae,metro_service_node,1.1,1.1:0;2;3;4;5;6;7;8;9;10;11;12;13;14;15;16;17;18;19;20;21;22;23,,Bay Area Rapid Transit,POINT (-122.27168900000001 37.803371),0,,
1.1.16TH:0;1;2;3;4;5;6;7;8;9;10;11;12;13;14;15;16;17;18;19;20;21;22;23;24;25;26,16th Street / Mission,1004,1500004,1000002,-122.419855,37.76507599999999,1,1,Yellow-S,Antioch to SFIA/Millbrae,metro_service_node,1.1,1.1:0;1;2;3;4;5;6;7;8;9;10;11;12;13;14;15;16;17;18;19;20;21;22;23;24;25;26,,Bay Area Rapid Transit,POINT (-122.419855 37.76507599999999),0,,
1.1.16TH:0;1;2;4;5;6;7;8;9;10;11;12;13;14;15;16;17;18;19;20;21;22;23;24;25,16th Street / Mission,1005,1500005,1000002,-122.419855,37.76507599999999,1,1,Yellow-S,Antioch to SFIA/Millbrae,metro_service_node,1.1,1.1:0;1;2;4;5;6;7;8;9;10;11;12;13;14;15;16;17;18;19;20;21;22;23;24;25,,Bay Area Rapid Transit,POINT (-122.419855 37.76507599999999),0,,
1.1.16TH:0;2;3;4;5;6;7;8;9;10;11;12;13;14;15;16;17;18;19;20;21;22;23,16th Street / Mission,1006,1500006,1000002,-122.419855,37.76507599999999,1,1,Yellow-S,Antioch to SFIA/Millbrae,metro_service_node,1.1,1.1:0;2;3;4;5;6;7;8;9;10;11;12;13;14;15;16;17;18;19;20;21;22;23,,Bay Area Rapid Transit,POINT (-122.419855 37.76507599999999),0,,
1.1.19TH:0;1;2;3;4;5;6;7;8;9;10;11;12;13;14;15;16;17;18;19;20;21;22;23;24;25;26,19th Street Oakland,1007,1500007,1000003,-122.268822,37.807959999999994,1,1,Yellow-S,Antioch to SFIA/Millbrae,metro_service_node,1.1,1.1:0;1;2;3;4;5;6;7;8;9;10;11;12;13;14;15;16;17;18;19;20;21;22;23;24;25;26,,Bay Area Rapid Transit,POINT (-122.268822 37.807959999999994),0,,
1.1.19TH:0;1;2;4;5;6;7;8;9;10;11;12;13;14;15;16;17;18;19;20;21;22;23;24;25,19th Street Oakland,1008,1500008,1000003,-122.268822,37.807959999999994,1,1,Yellow-S,Antioch to SFIA/Millbrae,metro_service_node,1.1,1.1:0;1;2;4;5;6;7;8;9;10;11;12;13;14;15;16;17;18;19;20;21;22;23;24;25,,Bay Area Rapid Transit,POINT (-122.268822 37.807959999999994),0,,
1.1.19TH:0;2;3;4;5;6;7;8;9;10;11;12;13;14;15;16;17;18;19;20;21;22;23,19th Street Oakland,1009,1500009,1000003,-122.268822,37.807959999999994,1,1,Yellow-S,Antioch to SFIA/Millbrae,metro_service_node,1.1,1.1:0;2;3;4;5;6;7;8;9;10;11;12;13;14;15;16;17;18;19;20;21;22;23,,Bay Area Rapid Transit,POINT (-122.268822 37.807959999999994),0,,
1.1.24TH:0;1;2;3;4;5;6;7;8;9;10;11;12;13;14;15;16;17;18;19;20;21;22;23;24;25;26,24th Street / Mission,1010,1500010,1000004,-122.418618,37.752322,1,1,Yellow-S,Antioch to SFIA/Millbrae,metro_service_node,1.1,1.1:0;1;2;3;4;5;6;7;8;9;10;11;12;13;14;15;16;17;18;19;20;21;22;23;24;25;26,,Bay Area Rapid Transit,POINT (-122.41861800000001 37.752322),0,,
1.1.24TH:0;1;2;4;5;6;7;8;9;10;11;12;13;14;15;16;17;18;19;20;21;22;23;24;25,24th Street / Mission,1011,1500011,1000004,-122.418618,37.752322,1,1,Yellow-S,Antioch to SFIA/Millbrae,metro_service_node,1.1,1.1:0;1;2;4;5;6;7;8;9;10;11;12;13;14;15;16;17;18;19;20;21;22;23;24;25,,Bay Area Rapid Transit,POINT (-122.41861800000001 37.752322),0,,
1.1.24TH:0;2;3;4;5;6;7;8;9;10;11;12;13;14;15;16;17;18;19;20;21;22;23,24th Street / Mission,1012,1500012,1000004,-122.418618,37.752322,1,1,Yellow-S,Antioch to SFIA/Millbrae,metro_service_node,1.1,1.1:0;2;3;4;5;6;7;8;9;10;11;12;13;14;15;16;17;18;19;20;21;22;23,,Bay Area Rapid Transit,POINT (-122.41861800000001 37.752322),0,,
1.1.ANTC:0;1;2;3;4;5;6;7;8;9;10;11;12;13;14;15;16;17;18;19;20;21;22;23;24;25;26,Antioch,1013,1500013,1000005,-121.780453,37.995315,1,1,Yellow-S,Antioch to SFIA/Millbrae,metro_service_node,1.1,1.1:0;1;2;3;4;5;6;7;8;9;10;11;12;13;14;15;16;17;18;19;20;21;22;23;24;25;26,,Bay Area Rapid Transit,POINT (-121.78045300000001 37.995315),1,,
1.1.BALB:0;1;2;3;4;5;6;7;8;9;10;11;12;13;14;15;16;17;18;19;20;21;22;23;24;25;26,Balboa Park,1014,1500014,1000007,-122.44761,37.721658,1,1,Yellow-S,Antioch to SFIA/Millbrae,metro_service_node,1.1,1.1:0;1;2;3;4;5;6;7;8;9;10;11;12;13;14;15;16;17;18;19;20;21;22;23;24;25;26,,Bay Area Rapid Transit,POINT (-122.44761 37.721658),0,,
1.1.BALB:0;1;2;4;5;6;7;8;9;10;11;12;13;14;15;16;17;18;19;20;21;22;23;24;25,Balboa Park,1015,1500015,1000007,-122.44761,37.721658,1,1,Yellow-S,Antioch to SFIA/Millbrae,metro_service_node,1.1,1.1:0;1;2;4;5;6;7;8;9;10;11;12;13;14;15;16;17;18;19;20;21;22;23;24;25,,Bay Area Rapid Transit,POINT (-122.44761 37.721658),0,,
1.1.BALB:0;2;3;4;5;6;7;8;9;10;11;12;13;14;15;16;17;18;19;20;21;22;23,Balboa Park,1016,1500016,1000007,-122.44761,37.721658,1,1,Yellow-S,Antioch to SFIA/Millbrae,metro_service_node,1.1,1.1:0;2;3;4;5;6;7;8;9;10;11;12;13;14;15;16;17;18;19;20;21;22;23,,Bay Area Rapid Transit,POINT (-122.44761 37.721658),0,,
1.1.CIVC:0;1;2;3;4;5;6;7;8;9;10;11;12;13;14;15;16;17;18;19;20;21;22;23;24;25;26,Civic Center / UN Plaza,1017,1500017,1000011,-122.413979,37.779349999999994,1,1,Yellow-S,Antioch to SFIA/Millbrae,metro_service_node,1.1,1.1:0;1;2;3;4;5;6;7;8;9;10;11;12;13;14;15;16;17;18;19;20;21;22;23;24;25;26,,Bay Area Rapid Transit,POINT (-122.413979 37.779349999999994),0,,
1.1.CIVC:0;1;2;4;5;6;7;8;9;10;11;12;13;14;15;16;17;18;19;20;21;22;23;24;25,Civic Center / UN Plaza,1018,1500018,1000011,-122.413979,37.779349999999994,1,1,Yellow-S,Antioch to SFIA/Millbrae,metro_service_node,1.1,1.1:0;1;2;4;5;6;7;8;9;10;11;12;13;14;15;16;17;18;19;20;21;22;23;24;25,,Bay Area Rapid Transit,POINT (-122.413979 37.779349999999994),0,,
1.1.CIVC:0;2;3;4;5;6;7;8;9;10;11;12;13;14;15;16;17;18;19;20;21;22;23,Civic Center / UN Plaza,1019,1500019,1000011,-122.413979,37.779349999999994,1,1,Yellow-S,Antioch to SFIA/Millbrae,metro_service_node,1.1,1.1:0;2;3;4;5;6;7;8;9;10;11;12;13;14;15;16;17;18;19;20;21;22;23,,Bay Area Rapid Transit,POINT (-122.413979 37.779349999999994),0,,
1.1.COLM:0;1;2;3;4;5;6;7;8;9;10;11;12;13;14;15;16;17;18;19;20;21;22;23;24;25;26,Colma,1020,1500020,1000012,-122.466267,37.68454199999999,1,1,Yellow-S,Antioch to SFIA/Millbrae,metro_service_node,1.1,1.1:0;1;2;3;4;5;6;7;8;9;10;11;12;13;14;15;16;17;18;19;20;21;22;23;24;25;26,,Bay Area Rapid Transit,POINT (-122.466267 37.68454199999999),0,,
1.1.COLM:0;1;2;4;5;6;7;8;9;10;11;12;13;14;15;16;17;18;19;20;21;22;23;24;25,Colma,1021,1500021,1000012,-122.466267,37.68454199999999,1,1,Yellow-S,Antioch to SFIA/Millbrae,metro_service_node,1.1,1.1:0;1;2;4;5;6;7;8;9;10;11;12;13;14;15;16;17;18;19;20;21;22;23;24;25,,Bay Area Rapid Transit,POINT (-122.466267 37.68454199999999),0,,
1.1.COLM:0;2;3;4;5;6;7;8;9;10;11;12;13;14;15;16;17;18;19;20;21;22;23,Colma,1022,1500022,1000012,-122.466267,37.68454199999999,1,1,Yellow-S,Antioch to SFIA/Millbrae,metro_service_node,1.1,1.1:0;2;3;4;5;6;7;8;9;10;11;12;13;14;15;16;17;18;19;20;21;22;23,,Bay Area Rapid Transit,POINT (-122.466267 37.68454199999999),0,,
1.1.CONC:0;1;2;3;4;5;6;7;8;9;10;11;12;13;14;15;16;17;18;19;20;21;22;23;24;25;26,Concord,1023,1500023,1000014,-122.029226,37.973673,1,1,Yellow-S,Antioch to SFIA/Millbrae,metro_service_node,1.1,1.1:0;1;2;3;4;5;6;7;8;9;10;11;12;13;14;15;16;17;18;19;20;21;22;23;24;25;26,,Bay Area Rapid Transit,POINT (-122.02922600000001 37.973673),0,,
1.1.CONC:0;1;2;4;5;6;7;8;9;10;11;12;13;14;15;16;17;18;19;20;21;22;23;24;25,Concord,1024,1500024,1000014,-122.029226,37.973673,1,1,Yellow-S,Antioch to SFIA/Millbrae,metro_service_node,1.1,1.1:0;1;2;4;5;6;7;8;9;10;11;12;13;14;15;16;17;18;19;20;21;22;23;24;25,,Bay Area Rapid Transit,POINT (-122.02922600000001 37.973673),0,,
1.1.CONC:0;2;3;4;5;6;7;8;9;10;11;12;13;14;15;16;17;18;19;20;21;22;23,Concord,1025,1500025,1000014,-122.029226,37.973673,1,1,Yellow-S,Antioch to SFIA/Millbrae,metro_service_node,1.1,1.1:0;2;3;4;5;6;7;8;9;10;11;12;13;14;15;16;17;18;19;20;21;22;23,,Bay Area Rapid Transit,POINT (-122.02922600000001 37.973673),1,,
1.1.DALY:0;1;2;3;4;5;6;7;8;9;10;11;12;13;14;15;16;17;18;19;20;21;22;23;24;25;26,Daly City,1026,1500026,1000015,-122.469094,37.706204,1,1,Yellow-S,Antioch to SFIA/Millbrae,metro_service_node,1.1,1.1:0;1;2;3;4;5;6;7;8;9;10;11;12;13;14;15;16;17;18;19;20;21;22;23;24;25;26,,Bay Area Rapid Transit,POINT (-122.469094 37.706204),0,,
1.1.DALY:0;1;2;4;5;6;7;8;9;10;11;12;13;14;15;16;17;18;19;20;21;22;23;24;25,Daly City,1027,1500027,1000015,-122.469094,37.706204,1,1,Yellow-S,Antioch to SFIA/Millbrae,metro_service_node,1.1,1.1:0;1;2;4;5;6;7;8;9;10;11;12;13;14;15;16;17;18;19;20;21;22;23;24;25,,Bay Area Rapid Transit,POINT (-122.469094 37.706204),0,,
1.1.DALY:0;2;3;4;5;6;7;8;9;10;11;12;13;14;15;16;17;18;19;20;21;22;23,Daly City,1028,1500028,1000015,-122.469094,37.706204,1,1,Yellow-S,Antioch to SFIA/Millbrae,metro_service_node,1.1,1.1:0;2;3;4;5;6;7;8;9;10;11;12;13;14;15;16;17;18;19;20;21;22;23,,Bay Area Rapid Transit,POINT (-122.469094 37.706204),0,,
1.1.EMBR:0;1;2;3;4;5;6;7;8;9;10;11;12;13;14;15;16;17;18;19;20;21;22;23;24;25;26,Embarcadero,1029,1500029,1000019,-122.39718,37.792689,1,1,Yellow-S,Antioch to SFIA/Millbrae,metro_service_node,1.1,1.1:0;1;2;3;4;5;6;7;8;9;10;11;12;13;14;15;16;17;18;19;20;21;22;23;24;25;26,,Bay Area Rapid Transit,POINT (-122.39718 37.792688999999996),0,,
1.1.EMBR:0;1;2;4;5;6;7;8;9;10;11;12;13;14;15;16;17;18;19;20;21;22;23;24;25,Embarcadero,1030,1500030,1000019,-122.39718,37.792689,1,1,Yellow-S,Antioch to SFIA/Millbrae,metro_service_node,1.1,1.1:0;1;2;4;5;6;7;8;9;10;11;12;13;14;15;16;17;18;19;20;21;22;23;24;25,,Bay Area Rapid Transit,POINT (-122.39718 37.792688999999996),0,,
1.1.EMBR:0;2;3;4;5;6;7;8;9;10;11;12;13;14;15;16;17;18;19;20;21;22;23,Embarcadero,1031,1500031,1000019,-122.39718,37.792689,1,1,Yellow-S,Antioch to SFIA/Millbrae,metro_service_node,1.1,1.1:0;2;3;4;5;6;7;8;9;10;11;12;13;14;15;16;17;18;19;20;21;22;23,,Bay Area Rapid Transit,POINT (-122.39718 37.792688999999996),0,,
1.1.GLEN:0;1;2;3;4;5;6;7;8;9;10;11;12;13;14;15;16;17;18;19;20;21;22;23;24;25;26,Glen Park,1032,1500032,1000022,-122.433657,37.733169,1,1,Yellow-S,Antioch to SFIA/Millbrae,metro_service_node,1.1,1.1:0;1;2;3;4;5;6;7;8;9;10;11;12;13;14;15;16;17;18;19;20;21;22;23;24;25;26,,Bay Area Rapid Transit,POINT (-122.433657 37.733169),0,,
1.1.GLEN:0;1;2;4;5;6;7;8;9;10;11;12;13;14;15;16;17;18;19;20;21;22;23;24;25,Glen Park,1033,1500033,1000022,-122.433657,37.733169,1,1,Yellow-S,Antioch to SFIA/Millbrae,metro_service_node,1.1,1.1:0;1;2;4;5;6;7;8;9;10;11;12;13;14;15;16;17;18;19;20;21;22;23;24;25,,Bay Area Rapid Transit,POINT (-122.433657 37.733169),0,,
1.1.GLEN:0;2;3;4;5;6;7;8;9;10;11;12;13;14;15;16;17;18;19;20;21;22;23,Glen Park,1034,1500034,1000022,-122.433657,37.733169,1,1,Yellow-S,Antioch to SFIA/Millbrae,metro_service_node,1.1,1.1:0;2;3;4;5;6;7;8;9;10;11;12;13;14;15;16;17;18;19;20;21;22;23,,Bay Area Rapid Transit,POINT (-122.433657 37.733169),0,,
1.1.LAFY:0;1;2;3;4;5;6;7;8;9;10;11;12;13;14;15;16;17;18;19;20;21;22;23;24;25;26,Lafayette,1035,1500035,1000024,-122.124744,37.89312,1,1,Yellow-S,Antioch to SFIA/Millbrae,metro_service_node,1.1,1.1:0;1;2;3;4;5;6;7;8;9;10;11;12;13;14;15;16;17;18;19;20;21;22;23;24;25;26,,Bay Area Rapid Transit,POINT (-122.124744 37.893119999999996),0,,
1.1.LAFY:0;1;2;4;5;6;7;8;9;10;11;12;13;14;15;16;17;18;19;20;21;22;23;24;25,Lafayette,1036,1500036,1000024,-122.124744,37.89312,1,1,Yellow-S,Antioch to SFIA/Millbrae,metro_service_node,1.1,1.1:0;1;2;4;5;6;7;8;9;10;11;12;13;14;15;16;17;18;19;20;21;22;23;24;25,,Bay Area Rapid Transit,POINT (-122.124744 37.893119999999996),0,,
1.1.LAFY:0;2;3;4;5;6;7;8;9;10;11;12;13;14;15;16;17;18;19;20;21;22;23,Lafayette,1037,1500037,1000024,-122.124744,37.89312,1,1,Yellow-S,Antioch to SFIA/Millbrae,metro_service_node,1.1,1.1:0;2;3;4;5;6;7;8;9;10;11;12;13;14;15;16;17;18;19;20;21;22;23,,Bay Area Rapid Transit,POINT (-122.124744 37.893119999999996),0,,
1.1.MCAR:0;1;2;3;4;5;6;7;8;9;10;11;12;13;14;15;16;17;18;19;20;21;22;23;24;25;26,MacArthur,1038,1500038,1000026,-122.267263,37.828714,1,1,Yellow-S,Antioch to SFIA/Millbrae,metro_service_node,1.1,1.1:0;1;2;3;4;5;6;7;8;9;10;11;12;13;14;15;16;17;18;19;20;21;22;23;24;25;26,,Bay Area Rapid Transit,POINT (-122.267263 37.828714),0,,
1.1.MCAR:0;1;2;4;5;6;7;8;9;10;11;12;13;14;15;16;17;18;19;20;21;22;23;24;25,MacArthur,1039,1500039,1000026,-122.267263,37.828714,1,1,Yellow-S,Antioch to SFIA/Millbrae,metro_service_node,1.1,1.1:0;1;2;4;5;6;7;8;9;10;11;12;13;14;15;16;17;18;19;20;21;22;23;24;25,,Bay Area Rapid Transit,POINT (-122.267263 37.828714),0,,
1.1.MCAR:0;2;3;4;5;6;7;8;9;10;11;12;13;14;15;16;17;18;19;20;21;22;23,MacArthur,1040,1500040,1000026,-122.267263,37.828714,1,1,Yellow-S,Antioch to SFIA/Millbrae,metro_service_node,1.1,1.1:0;2;3;4;5;6;7;8;9;10;11;12;13;14;15;16;17;18;19;20;21;22;23,,Bay Area Rapid Transit,POINT (-122.267263 37.828714),0,,
1.1.MONT:0;1;2;3;4;5;6;7;8;9;10;11;12;13;14;15;16;17;18;19;20;21;22;23;24;25;26,Montgomery Street,1041,1500041,1000029,-122.401742,37.78911299999999,1,1,Yellow-S,Antioch to SFIA/Millbrae,metro_service_node,1.1,1.1:0;1;2;3;4;5;6;7;8;9;10;11;12;13;14;15;16;17;18;19;20;21;22;23;24;25;26,,Bay Area Rapid Transit,POINT (-122.401742 37.78911299999999),0,,
1.1.MONT:0;1;2;4;5;6;7;8;9;10;11;12;13;14;15;16;17;18;19;20;21;22;23;24;25,Montgomery Street,1042,1500042,1000029,-122.401742,37.78911299999999,1,1,Yellow-S,Antioch to SFIA/Millbrae,metro_service_node,1.1,1.1:0;1;2;4;5;6;7;8;9;10;11;12;13;14;15;16;17;18;19;20;21;22;23;24;25,,Bay Area Rapid Transit,POINT (-122.401742 37.78911299999999),0,,
1.1.MONT:0;2;3;4;5;6;7;8;9;10;11;12;13;14;15;16;17;18;19;20;21;22;23,Montgomery Street,1043,1500043,1000029,-122.401742,37.78911299999999,1,1,Yellow-S,Antioch to SFIA/Millbrae,metro_service_node,1.1,1.1:0;2;3;4;5;6;7;8;9;10;11;12;13;14;15;16;17;18;19;20;21;22;23,,Bay Area Rapid Transit,POINT (-122.401742 37.78911299999999),0,,
1.1.NCON:0;1;2;3;4;5;6;7;8;9;10;11;12;13;14;15;16;17;18;19;20;21;22;23;24;25;26,North Concord / Martinez,1044,1500044,1000031,-122.024661,38.003307,1,1,Yellow-S,Antioch to SFIA/Millbrae,metro_service_node,1.1,1.1:0;1;2;3;4;5;6;7;8;9;10;11;12;13;14;15;16;17;18;19;20;21;22;23;24;25;26,,Bay Area Rapid Transit,POINT (-122.02466100000001 38.003307),0,,
1.1.NCON:0;1;2;4;5;6;7;8;9;10;11;12;13;14;15;16;17;18;19;20;21;22;23;24;25,North Concord / Martinez,1045,1500045,1000031,-122.024661,38.003307,1,1,Yellow-S,Antioch to SFIA/Millbrae,metro_service_node,1.1,1.1:0;1;2;4;5;6;7;8;9;10;11;12;13;14;15;16;17;18;19;20;21;22;23;24;25,,Bay Area Rapid Transit,POINT (-122.02466100000001 38.003307),0,,
1.1.ORIN:0;1;2;3;4;5;6;7;8;9;10;11;12;13;14;15;16;17;18;19;20;21;22;23;24;25;26,Orinda,1046,1500046,1000033,-122.183817,37.878403,1,1,Yellow-S,Antioch to SFIA/Millbrae,metro_service_node,1.1,1.1:0;1;2;3;4;5;6;7;8;9;10;11;12;13;14;15;16;17;18;19;20;21;22;23;24;25;26,,Bay Area Rapid Transit,POINT (-122.183817 37.878403),0,,
1.1.ORIN:0;1;2;4;5;6;7;8;9;10;11;12;13;14;15;16;17;18;19;20;21;22;23;24;25,Orinda,1047,1500047,1000033,-122.183817,37.878403,1,1,Yellow-S,Antioch to SFIA/Millbrae,metro_service_node,1.1,1.1:0;1;2;4;5;6;7;8;9;10;11;12;13;14;15;16;17;18;19;20;21;22;23;24;25,,Bay Area Rapid Transit,POINT (-122.183817 37.878403),0,,
1.1.ORIN:0;2;3;4;5;6;7;8;9;10;11;12;13;14;15;16;17;18;19;20;21;22;23,Orinda,1048,1500048,1000033,-122.183817,37.878403,1,1,Yellow-S,Antioch to SFIA/Millbrae,metro_service_node,1.1,1.1:0;2;3;4;5;6;7;8;9;10;11;12;13;14;15;16;17;18;19;20;21;22;23,,Bay Area Rapid Transit,POINT (-122.183817 37.878403),0,,
1.1.PCTR:0;1;2;3;4;5;6;7;8;9;10;11;12;13;14;15;16;17;18;19;20;21;22;23;24;25;26,Pittsburg Center,1049,1500049,1000034,-121.889111,38.01677299999999,1,1,Yellow-S,Antioch to SFIA/Millbrae,metro_service_node,1.1,1.1:0;1;2;3;4;5;6;7;8;9;10;11;12;13;14;15;16;17;18;19;20;21;22;23;24;25;26,,Bay Area Rapid Transit,POINT (-121.889111 38.01677299999999),0,,
1.1.PHIL:0;1;2;3;4;5;6;7;8;9;10;11;12;13;14;15;16;17;18;19;20;21;22;23;24;25;26,Pleasant Hill / Contra Costa Centre,1050,1500050,1000035,-122.056115,37.928363,1,1,Yellow-S,Antioch to SFIA/Millbrae,metro_service_node,1.1,1.1:0;1;2;3;4;5;6;7;8;9;10;11;12;13;14;15;16;17;18;19;20;21;22;23;24;25;26,,Bay Area Rapid Transit,POINT (-122.056115 37.928363),0,,
1.1.PHIL:0;1;2;4;5;6;7;8;9;10;11;12;13;14;15;16;17;18;19;20;21;22;23;24;25,Pleasant Hill / Contra Costa Centre,1051,1500051,1000035,-122.056115,37.928363,1,1,Yellow-S,Antioch to SFIA/Millbrae,metro_service_node,1.1,1.1:0;1;2;4;5;6;7;8;9;10;11;12;13;14;15;16;17;18;19;20;21;22;23;24;25,,Bay Area Rapid Transit,POINT (-122.056115 37.928363),0,,
1.1.PHIL:0;2;3;4;5;6;7;8;9;10;11;12;13;14;15;16;17;18;19;20;21;22;23,Pleasant Hill / Contra Costa Centre,1052,1500052,1000035,-122.056115,37.928363,1,1,Yellow-S,Antioch to SFIA/Millbrae,metro_service_node,1.1,1.1:0;2;3;4;5;6;7;8;9;10;11;12;13;14;15;16;17;18;19;20;21;22;23,,Bay Area Rapid Transit,POINT (-122.056115 37.928363),0,,
1.1.PITT:0;1;2;3;4;5;6;7;8;9;10;11;12;13;14;15;16;17;18;19;20;21;22;23;24;25;26,Pittsburg / Bay Point,1053,1500053,1000036,-121.944348,38.01884999999999,1,1,Yellow-S,Antioch to SFIA/Millbrae,metro_service_node,1.1,1.1:0;1;2;3;4;5;6;7;8;9;10;11;12;13;14;15;16;17;18;19;20;21;22;23;24;25;26,,Bay Area Rapid Transit,POINT (-121.944348 38.01884999999999),0,,
1.1.PITT:0;1;2;4;5;6;7;8;9;10;11;12;13;14;15;16;17;18;19;20;21;22;23;24;25,Pittsburg / Bay Point,1054,1500054,1000036,-121.944348,38.01884999999999,1,1,Yellow-S,Antioch to SFIA/Millbrae,metro_service_node,1.1,1.1:0;1;2;4;5;6;7;8;9;10;11;12;13;14;15;16;17;18;19;20;21;22;23;24;25,,Bay Area Rapid Transit,POINT (-121.944348 38.01884999999999),1,,
1.1.POWL:0;1;2;3;4;5;6;7;8;9;10;11;12;13;14;15;16;17;18;19;20;21;22;23;24;25;26,Powell Street,1055,1500055,1000038,-122.407487,37.784544999999994,1,1,Yellow-S,Antioch to SFIA/Millbrae,metro_service_node,1.1,1.1:0;1;2;3;4;5;6;7;8;9;10;11;12;13;14;15;16;17;18;19;20;21;22;23;24;25;26,,Bay Area Rapid Transit,POINT (-122.407487 37.784544999999994),0,,
1.1.POWL:0;1;2;4;5;6;7;8;9;10;11;12;13;14;15;16;17;18;19;20;21;22;23;24;25,Powell Street,1056,1500056,1000038,-122.407487,37.784544999999994,1,1,Yellow-S,Antioch to SFIA/Millbrae,metro_service_node,1.1,1.1:0;1;2;4;5;6;7;8;9;10;11;12;13;14;15;16;17;18;19;20;21;22;23;24;25,,Bay Area Rapid Transit,POINT (-122.407487 37.784544999999994),0,,
1.1.POWL:0;2;3;4;5;6;7;8;9;10;11;12;13;14;15;16;17;18;19;20;21;22;23,Powell Street,1057,1500057,1000038,-122.407487,37.784544999999994,1,1,Yellow-S,Antioch to SFIA/Millbrae,metro_service_node,1.1,1.1:0;2;3;4;5;6;7;8;9;10;11;12;13;14;15;16;17;18;19;20;21;22;23,,Bay Area Rapid Transit,POINT (-122.407487 37.784544999999994),0,,
1.1.ROCK:0;1;2;3;4;5;6;7;8;9;10;11;12;13;14;15;16;17;18;19;20;21;22;23;24;25;26,Rockridge,1058,1500058,1000040,-122.251371,37.844694999999994,1,1,Yellow-S,Antioch to SFIA/Millbrae,metro_service_node,1.1,1.1:0;1;2;3;4;5;6;7;8;9;10;11;12;13;14;15;16;17;18;19;20;21;22;23;24;25;26,,Bay Area Rapid Transit,POINT (-122.251371 37.844694999999994),0,,
1.1.ROCK:0;1;2;4;5;6;7;8;9;10;11;12;13;14;15;16;17;18;19;20;21;22;23;24;25,Rockridge,1059,1500059,1000040,-122.251371,37.844694999999994,1,1,Yellow-S,Antioch to SFIA/Millbrae,metro_service_node,1.1,1.1:0;1;2;4;5;6;7;8;9;10;11;12;13;14;15;16;17;18;19;20;21;22;23;24;25,,Bay Area Rapid Transit,POINT (-122.251371 37.844694999999994),0,,
1.1.ROCK:0;2;3;4;5;6;7;8;9;10;11;12;13;14;15;16;17;18;19;20;21;22;23,Rockridge,1060,1500060,1000040,-122.251371,37.844694999999994,1,1,Yellow-S,Antioch to SFIA/Millbrae,metro_service_node,1.1,1.1:0;2;3;4;5;6;7;8;9;10;11;12;13;14;15;16;17;18;19;20;21;22;23,,Bay Area Rapid Transit,POINT (-122.251371 37.844694999999994),0,,
1.1.SBRN:0;1;2;3;4;5;6;7;8;9;10;11;12;13;14;15;16;17;18;19;20;21;22;23;24;25;26,San Bruno,1061,1500061,1000042,-122.416484,37.63762,1,1,Yellow-S,Antioch to SFIA/Millbrae,metro_service_node,1.1,1.1:0;1;2;3;4;5;6;7;8;9;10;11;12;13;14;15;16;17;18;19;20;21;22;23;24;25;26,,Bay Area Rapid Transit,POINT (-122.416484 37.63762),0,,
1.1.SBRN:0;1;2;4;5;6;7;8;9;10;11;12;13;14;15;16;17;18;19;20;21;22;23;24;25,San Bruno,1062,1500062,1000042,-122.416484,37.63762,1,1,Yellow-S,Antioch to SFIA/Millbrae,metro_service_node,1.1,1.1:0;1;2;4;5;6;7;8;9;10;11;12;13;14;15;16;17;18;19;20;21;22;23;24;25,,Bay Area Rapid Transit,POINT (-122.416484 37.63762),0,,
1.1.SBRN:0;2;3;4;5;6;7;8;9;10;11;12;13;14;15;16;17;18;19;20;21;22;23,San Bruno,1063,1500063,1000042,-122.416484,37.63762,1,1,Yellow-S,Antioch to SFIA/Millbrae,metro_service_node,1.1,1.1:0;2;3;4;5;6;7;8;9;10;11;12;13;14;15;16;17;18;19;20;21;22;23,,Bay Area Rapid Transit,POINT (-122.416484 37.63762),0,,
1.1.SFIA:0;1;2;3;4;5;6;7;8;9;10;11;12;13;14;15;16;17;18;19;20;21;22;23;24;25;26,San Francisco International Airport,1064,1500064,1000043,-122.391995,37.615922999999995,1,1,Yellow-S,Antioch to SFIA/Millbrae,metro_service_node,1.1,1.1:0;1;2;3;4;5;6;7;8;9;10;11;12;13;14;15;16;17;18;19;20;21;22;23;24;25;26,,Bay Area Rapid Transit,POINT (-122.39199500000001 37.615922999999995),1,,
1.1.SFIA:0;1;2;4;5;6;7;8;9;10;11;12;13;14;15;16;17;18;19;20;21;22;23;24;25,San Francisco International Airport,1065,1500065,1000043,-122.391995,37.615922999999995,1,1,Yellow-S,Antioch to SFIA/Millbrae,metro_service_node,1.1,1.1:0;1;2;4;5;6;7;8;9;10;11;12;13;14;15;16;17;18;19;20;21;22;23;24;25,,Bay Area Rapid Transit,POINT (-122.39199500000001 37.615922999999995),1,,
1.1.SFIA:0;2;3;4;5;6;7;8;9;10;11;12;13;14;15;16;17;18;19;20;21;22;23,San Francisco International Airport,1066,1500066,1000043,-122.391995,37.615922999999995,1,1,Yellow-S,Antioch to SFIA/Millbrae,metro_service_node,1.1,1.1:0;2;3;4;5;6;7;8;9;10;11;12;13;14;15;16;17;18;19;20;21;22;23,,Bay Area Rapid Transit,POINT (-122.39199500000001 37.615922999999995),1,,
1.1.SSAN:0;1;2;3;4;5;6;7;8;9;10;11;12;13;14;15;16;17;18;19;20;21;22;23;24;25;26,South San Francisco,1067,1500067,1000045,-122.444354,37.664337,1,1,Yellow-S,Antioch to SFIA/Millbrae,metro_service_node,1.1,1.1:0;1;2;3;4;5;6;7;8;9;10;11;12;13;14;15;16;17;18;19;20;21;22;23;24;25;26,,Bay Area Rapid Transit,POINT (-122.444354 37.664336999999996),0,,
1.1.SSAN:0;1;2;4;5;6;7;8;9;10;11;12;13;14;15;16;17;18;19;20;21;22;23;24;25,South San Francisco,1068,1500068,1000045,-122.444354,37.664337,1,1,Yellow-S,Antioch to SFIA/Millbrae,metro_service_node,1.1,1.1:0;1;2;4;5;6;7;8;9;10;11;12;13;14;15;16;17;18;19;20;21;22;23;24;25,,Bay Area Rapid Transit,POINT (-122.444354 37.664336999999996),0,,
1.1.SSAN:0;2;3;4;5;6;7;8;9;10;11;12;13;14;15;16;17;18;19;20;21;22;23,South San Francisco,1069,1500069,1000045,-122.444354,37.664337,1,1,Yellow-S,Antioch to SFIA/Millbrae,metro_service_node,1.1,1.1:0;2;3;4;5;6;7;8;9;10;11;12;13;14;15;16;17;18;19;20;21;22;23,,Bay Area Rapid Transit,POINT (-122.444354 37.664336999999996),0,,
1.1.WCRK:0;1;2;3;4;5;6;7;8;9;10;11;12;13;14;15;16;17;18;19;20;21;22;23;24;25;26,Walnut Creek,1070,1500070,1000048,-122.067479,37.905711999999994,1,1,Yellow-S,Antioch to SFIA/Millbrae,metro_service_node,1.1,1.1:0;1;2;3;4;5;6;7;8;9;10;11;12;13;14;15;16;17;18;19;20;21;22;23;24;25;26,,Bay Area Rapid Transit,POINT (-122.067479 37.905711999999994),0,,
1.1.WCRK:0;1;2;4;5;6;7;8;9;10;11;12;13;14;15;16;17;18;19;20;21;22;23;24;25,Walnut Creek,1071,1500071,1000048,-122.067479,37.905711999999994,1,1,Yellow-S,Antioch to SFIA/Millbrae,metro_service_node,1.1,1.1:0;1;2;4;5;6;7;8;9;10;11;12;13;14;15;16;17;18;19;20;21;22;23;24;25,,Bay Area Rapid Transit,POINT (-122.067479 37.905711999999994),0,,
1.1.WCRK:0;2;3;4;5;6;7;8;9;10;11;12;13;14;15;16;17;18;19;20;21;22;23,Walnut Creek,1072,1500072,1000048,-122.067479,37.905711999999994,1,1,Yellow-S,Antioch to SFIA/Millbrae,metro_service_node,1.1,1.1:0;2;3;4;5;6;7;8;9;10;11;12;13;14;15;16;17;18;19;20;21;22;23,,Bay Area Rapid Transit,POINT (-122.067479 37.905711999999994),0,,
1.1.WOAK:0;1;2;3;4;5;6;7;8;9;10;11;12;13;14;15;16;17;18;19;20;21;22;23;24;25;26,West Oakland,1073,1500073,1000050,-122.295244,37.804823,1,1,Yellow-S,Antioch to SFIA/Millbrae,metro_service_node,1.1,1.1:0;1;2;3;4;5;6;7;8;9;10;11;12;13;14;15;16;17;18;19;20;21;22;23;24;25;26,,Bay Area Rapid Transit,POINT (-122.295244 37.804823),0,,
1.1.WOAK:0;1;2;4;5;6;7;8;9;10;11;12;13;14;15;16;17;18;19;20;21;22;23;24;25,West Oakland,1074,1500074,1000050,-122.295244,37.804823,1,1,Yellow-S,Antioch to SFIA/Millbrae,metro_service_node,1.1,1.1:0;1;2;4;5;6;7;8;9;10;11;12;13;14;15;16;17;18;19;20;21;22;23;24;25,,Bay Area Rapid Transit,POINT (-122.295244 37.804823),0,,
1.1.WOAK:0;2;3;4;5;6;7;8;9;10;11;12;13;14;15;16;17;18;19;20;21;22;23,West Oakland,1075,1500075,1000050,-122.295244,37.804823,1,1,Yellow-S,Antioch to SFIA/Millbrae,metro_service_node,1.1,1.1:0;2;3;4;5;6;7;8;9;10;11;12;13;14;15;16;17;18;19;20;21;22;23,,Bay Area Rapid Transit,POINT (-122.295244 37.804823),0,,
11.1.16TH:0;1;2;3;4;5;6;7;8;9;10;11;12;13;14;15;16;17,16th Street / Mission,1076,1500076,1000002,-122.419855,37.76507599999999,1,11,Blue-S,Dublin/Pleasanton to Daly City,metro_service_node,11.1,11.1:0;1;2;3;4;5;6;7;8;9;10;11;12;13;14;15;16;17,,Bay Area Rapid Transit,POINT (-122.419855 37.76507599999999),0,,
11.1.24TH:0;1;2;3;4;5;6;7;8;9;10;11;12;13;14;15;16;17,24th Street / Mission,1077,1500077,1000004,-122.418618,37.752322,1,11,Blue-S,Dublin/Pleasanton to Daly City,metro_service_node,11.1,11.1:0;1;2;3;4;5;6;7;8;9;10;11;12;13;14;15;16;17,,Bay Area Rapid Transit,POINT (-122.41861800000001 37.752322),0,,
11.1.BALB:0;1;2;3;4;5;6;7;8;9;10;11;12;13;14;15;16;17,Balboa Park,1078,1500078,1000007,-122.44761,37.721658,1,11,Blue-S,Dublin/Pleasanton to Daly City,metro_service_node,11.1,11.1:0;1;2;3;4;5;6;7;8;9;10;11;12;13;14;15;16;17,,Bay Area Rapid Transit,POINT (-122.44761 37.721658),0,,
11.1.BAYF:0;1;2;3;4;5;6;7;8;9;10;11;12;13;14;15;16;17,Bay Fair,1079,1500079,1000008,-122.126531,37.696838,1,11,Blue-S,Dublin/Pleasanton to Daly City,metro_service_node,11.1,11.1:0;1;2;3;4;5;6;7;8;9;10;11;12;13;14;15;16;17,,Bay Area Rapid Transit,POINT (-122.126531 37.696838),0,,
11.1.CAST:0;1;2;3;4;5;6;7;8;9;10;11;12;13;14;15;16;17,Castro Valley,1080,1500080,1000010,-122.075715,37.690676,1,11,Blue-S,Dublin/Pleasanton to Daly City,metro_service_node,11.1,11.1:0;1;2;3;4;5;6;7;8;9;10;11;12;13;14;15;16;17,,Bay Area Rapid Transit,POINT (-122.075715 37.690675999999996),0,,
11.1.CIVC:0;1;2;3;4;5;6;7;8;9;10;11;12;13;14;15;16;17,Civic Center / UN Plaza,1081,1500081,1000011,-122.413979,37.779349999999994,1,11,Blue-S,Dublin/Pleasanton to Daly City,metro_service_node,11.1,11.1:0;1;2;3;4;5;6;7;8;9;10;11;12;13;14;15;16;17,,Bay Area Rapid Transit,POINT (-122.413979 37.779349999999994),0,,
11.1.COLS:0;1;2;3;4;5;6;7;8;9;10;11;12;13;14;15;16;17,Coliseum,1082,1500082,1000013,-122.196798,37.753504,1,11,Blue-S,Dublin/Pleasanton to Daly City,metro_service_node,11.1,11.1:0;1;2;3;4;5;6;7;8;9;10;11;12;13;14;15;16;17,,Bay Area Rapid Transit,POINT (-122.196798 37.753504),0,,
11.1.DALY:0;1;2;3;4;5;6;7;8;9;10;11;12;13;14;15;16;17,Daly City,1083,1500083,1000015,-122.469094,37.706204,1,11,Blue-S,Dublin/Pleasanton to Daly City,metro_service_node,11.1,11.1:0;1;2;3;4;5;6;7;8;9;10;11;12;13;14;15;16;17,,Bay Area Rapid Transit,POINT (-122.469094 37.706204),1,,
11.1.DUBL:0;1;2;3;4;5;6;7;8;9;10;11;12;13;14;15;16;17,Dublin / Pleasanton,1084,1500084,1000018,-121.899342,37.701592,1,11,Blue-S,Dublin/Pleasanton to Daly City,metro_service_node,11.1,11.1:0;1;2;3;4;5;6;7;8;9;10;11;12;13;14;15;16;17,,Bay Area Rapid Transit,POINT (-121.899342 37.701592),1,,
11.1.EMBR:0;1;2;3;4;5;6;7;8;9;10;11;12;13;14;15;16;17,Embarcadero,1085,1500085,1000019,-122.39718,37.792689,1,11,Blue-S,Dublin/Pleasanton to Daly City,metro_service_node,11.1,11.1:0;1;2;3;4;5;6;7;8;9;10;11;12;13;14;15;16;17,,Bay Area Rapid Transit,POINT (-122.39718 37.792688999999996),0,,
11.1.FTVL:0;1;2;3;4;5;6;7;8;9;10;11;12;13;14;15;16;17,Fruitvale,1086,1500086,1000021,-122.224167,37.774773,1,11,Blue-S,Dublin/Pleasanton to Daly City,metro_service_node,11.1,11.1:0;1;2;3;4;5;6;7;8;9;10;11;12;13;14;15;16;17,,Bay Area Rapid Transit,POINT (-122.22416700000001 37.774772999999996),0,,
11.1.GLEN:0;1;2;3;4;5;6;7;8;9;10;11;12;13;14;15;16;17,Glen Park,1087,1500087,1000022,-122.433657,37.733169,1,11,Blue-S,Dublin/Pleasanton to Daly City,metro_service_node,11.1,11.1:0;1;2;3;4;5;6;7;8;9;10;11;12;13;14;15;16;17,,Bay Area Rapid Transit,POINT (-122.433657 37.733169),0,,
11.1.LAKE:0;1;2;3;4;5;6;7;8;9;10;11;12;13;14;15;16;17,Lake Merritt,1088,1500088,1000025,-122.265332,37.797256999999995,1,11,Blue-S,Dublin/Pleasanton to Daly City,metro_service_node,11.1,11.1:0;1;2;3;4;5;6;7;8;9;10;11;12;13;14;15;16;17,,Bay Area Rapid Transit,POINT (-122.265332 37.797256999999995),0,,
11.1.MONT:0;1;2;3;4;5;6;7;8;9;10;11;12;13;14;15;16;17,Montgomery Street,1089,1500089,1000029,-122.401742,37.78911299999999,1,11,Blue-S,Dublin/Pleasanton to Daly City,metro_service_node,11.1,11.1:0;1;2;3;4;5;6;7;8;9;10;11;12;13;14;15;16;17,,Bay Area Rapid Transit,POINT (-122.401742 37.78911299999999),0,,
11.1.POWL:0;1;2;3;4;5;6;7;8;9;10;11;12;13;14;15;16;17,Powell Street,1090,1500090,1000038,-122.407487,37.784544999999994,1,11,Blue-S,Dublin/Pleasanton to Daly City,metro_service_node,11.1,11.1:0;1;2;3;4;5;6;7;8;9;10;11;12;13;14;15;16;17,,Bay Area Rapid Transit,POINT (-122.407487 37.784544999999994),0,,
11.1.SANL:0;1;2;3;4;5;6;7;8;9;10;11;12;13;14;15;16;17,San Leandro,1091,1500091,1000041,-122.160813,37.721706,1,11,Blue-S,Dublin/Pleasanton to Daly City,metro_service_node,11.1,11.1:0;1;2;3;4;5;6;7;8;9;10;11;12;13;14;15;16;17,,Bay Area Rapid Transit,POINT (-122.160813 37.721706),0,,
11.1.WDUB:0;1;2;3;4;5;6;7;8;9;10;11;12;13;14;15;16;17,West Dublin / Pleasanton,1092,1500092,1000049,-121.928401,37.699659999999994,1,11,Blue-S,Dublin/Pleasanton to Daly City,metro_service_node,11.1,11.1:0;1;2;3;4;5;6;7;8;9;10;11;12;13;14;15;16;17,,Bay Area Rapid Transit,POINT (-121.92840100000001 37.699659999999994),0,,
11.1.WOAK:0;1;2;3;4;5;6;7;8;9;10;11;12;13;14;15;16;17,West Oakland,1093,1500093,1000050,-122.295244,37.804823,1,11,Blue-S,Dublin/Pleasanton to Daly City,metro_service_node,11.1,11.1:0;1;2;3;4;5;6;7;8;9;10;11;12;13;14;15;16;17,,Bay Area Rapid Transit,POINT (-122.295244 37.804823),0,,
12.2.16TH:0;1;2;3;4;5;6;7;8;9;10;11;12;13;14;15;16;17,16th Street / Mission,1094,1500094,1000002,-122.419855,37.76507599999999,1,12,Blue-N,Daly City to Dublin/Pleasanton,metro_service_node,12.2,12.2:0;1;2;3;4;5;6;7;8;9;10;11;12;13;14;15;16;17,,Bay Area Rapid Transit,POINT (-122.419855 37.76507599999999),0,,
12.2.24TH:0;1;2;3;4;5;6;7;8;9;10;11;12;13;14;15;16;17,24th Street / Mission,1095,1500095,1000004,-122.418618,37.752322,1,12,Blue-N,Daly City to Dublin/Pleasanton,metro_service_node,12.2,12.2:0;1;2;3;4;5;6;7;8;9;10;11;12;13;14;15;16;17,,Bay Area Rapid Transit,POINT (-122.41861800000001 37.752322),0,,
12.2.BALB:0;1;2;3;4;5;6;7;8;9;10;11;12;13;14;15;16;17,Balboa Park,1096,1500096,1000007,-122.44761,37.721658,1,12,Blue-N,Daly City to Dublin/Pleasanton,metro_service_node,12.2,12.2:0;1;2;3;4;5;6;7;8;9;10;11;12;13;14;15;16;17,,Bay Area Rapid Transit,POINT (-122.44761 37.721658),0,,
12.2.BAYF:0;1;2;3;4;5;6;7;8;9;10;11;12;13;14;15;16;17,Bay Fair,1097,1500097,1000008,-122.126531,37.696838,1,12,Blue-N,Daly City to Dublin/Pleasanton,metro_service_node,12.2,12.2:0;1;2;3;4;5;6;7;8;9;10;11;12;13;14;15;16;17,,Bay Area Rapid Transit,POINT (-122.126531 37.696838),0,,
12.2.CAST:0;1;2;3;4;5;6;7;8;9;10;11;12;13;14;15;16;17,Castro Valley,1098,1500098,1000010,-122.075715,37.690676,1,12,Blue-N,Daly City to Dublin/Pleasanton,metro_service_node,12.2,12.2:0;1;2;3;4;5;6;7;8;9;10;11;12;13;14;15;16;17,,Bay Area Rapid Transit,POINT (-122.075715 37.690675999999996),0,,
12.2.CIVC:0;1;2;3;4;5;6;7;8;9;10;11;12;13;14;15;16;17,Civic Center / UN Plaza,1099,1500099,1000011,-122.413979,37.779349999999994,1,12,Blue-N,Daly City to Dublin/Pleasanton,metro_service_node,12.2,12.2:0;1;2;3;4;5;6;7;8;9;10;11;12;13;14;15;16;17,,Bay Area Rapid Transit,POINT (-122.413979 37.779349999999994),0,,
12.2.COLS:0;1;2;3;4;5;6;7;8;9;10;11;12;13;14;15;16;17,Coliseum,1100,1500100,1000013,-122.196798,37.753504,1,12,Blue-N,Daly City to Dublin/Pleasanton,metro_service_node,12.2,12.2:0;1;2;3;4;5;6;7;8;9;10;11;12;13;14;15;16;17,,Bay Area Rapid Transit,POINT (-122.196798 37.753504),0,,
12.2.DALY:0;1;2;3;4;5;6;7;8;9;10;11;12;13;14;15;16;17,Daly City,1101,1500101,1000015,-122.469094,37.706204,1,12,Blue-N,Daly City to Dublin/Pleasanton,metro_service_node,12.2,12.2:0;1;2;3;4;5;6;7;8;9;10;11;12;13;14;15;16;17,,Bay Area Rapid Transit,POINT (-122.469094 37.706204),1,,
12.2.DUBL:0;1;2;3;4;5;6;7;8;9;10;11;12;13;14;15;16;17,Dublin / Pleasanton,1102,1500102,1000018,-121.899342,37.701592,1,12,Blue-N,Daly City to Dublin/Pleasanton,metro_service_node,12.2,12.2:0;1;2;3;4;5;6;7;8;9;10;11;12;13;14;15;16;17,,Bay Area Rapid Transit,POINT (-121.899342 37.701592),1,,
12.2.EMBR:0;1;2;3;4;5;6;7;8;9;10;11;12;13;14;15;16;17,Embarcadero,1103,1500103,1000019,-122.39718,37.792689,1,12,Blue-N,Daly City to Dublin/Pleasanton,metro_service_node,12.2,12.2:0;1;2;3;4;5;6;7;8;9;10;11;12;13;14;15;16;17,,Bay Area Rapid Transit,POINT (-122.39718 37.792688999999996),0,,
12.2.FTVL:0;1;2;3;4;5;6;7;8;9;10;11;12;13;14;15;16;17,Fruitvale,1104,1500104,1000021,-122.224167,37.774773,1,12,Blue-N,Daly City to Dublin/Pleasanton,metro_service_node,12.2,12.2:0;1;2;3;4;5;6;7;8;9;10;11;12;13;14;15;16;17,,Bay Area Rapid Transit,POINT (-122.22416700000001 37.774772999999996),0,,
12.2.GLEN:0;1;2;3;4;5;6;7;8;9;10;11;12;13;14;15;16;17,Glen Park,1105,1500105,1000022,-122.433657,37.733169,1,12,Blue-N,Daly City to Dublin/Pleasanton,metro_service_node,12.2,12.2:0;1;2;3;4;5;6;7;8;9;10;11;12;13;14;15;16;17,,Bay Area Rapid Transit,POINT (-122.433657 37.733169),0,,
12.2.LAKE:0;1;2;3;4;5;6;7;8;9;10;11;12;13;14;15;16;17,Lake Merritt,1106,1500106,1000025,-122.265332,37.797256999999995,1,12,Blue-N,Daly City to Dublin/Pleasanton,metro_service_node,12.2,12.2:0;1;2;3;4;5;6;7;8;9;10;11;12;13;14;15;16;17,,Bay Area Rapid Transit,POINT (-122.265332 37.797256999999995),0,,
12.2.MONT:0;1;2;3;4;5;6;7;8;9;10;11;12;13;14;15;16;17,Montgomery Street,1107,1500107,1000029,-122.401742,37.78911299999999,1,12,Blue-N,Daly City to Dublin/Pleasanton,metro_service_node,12.2,12.2:0;1;2;3;4;5;6;7;8;9;10;11;12;13;14;15;16;17,,Bay Area Rapid Transit,POINT (-122.401742 37.78911299999999),0,,
12.2.POWL:0;1;2;3;4;5;6;7;8;9;10;11;12;13;14;15;16;17,Powell Street,1108,1500108,1000038,-122.407487,37.784544999999994,1,12,Blue-N,Daly City to Dublin/Pleasanton,metro_service_node,12.2,12.2:0;1;2;3;4;5;6;7;8;9;10;11;12;13;14;15;16;17,,Bay Area Rapid Transit,POINT (-122.407487 37.784544999999994),0,,
12.2.SANL:0;1;2;3;4;5;6;7;8;9;10;11;12;13;14;15;16;17,San Leandro,1109,1500109,1000041,-122.160813,37.721706,1,12,Blue-N,Daly City to Dublin/Pleasanton,metro_service_node,12.2,12.2:0;1;2;3;4;5;6;7;8;9;10;11;12;13;14;15;16;17,,Bay Area Rapid Transit,POINT (-122.160813 37.721706),0,,
12.2.WDUB:0;1;2;3;4;5;6;7;8;9;10;11;12;13;14;15;16;17,West Dublin / Pleasanton,1110,1500110,1000049,-121.928401,37.699659999999994,1,12,Blue-N,Daly City to Dublin/Pleasanton,metro_service_node,12.2,12.2:0;1;2;3;4;5;6;7;8;9;10;11;12;13;14;15;16;17,,Bay Area Rapid Transit,POINT (-121.92840100000001 37.699659999999994),0,,
12.2.WOAK:0;1;2;3;4;5;6;7;8;9;10;11;12;13;14;15;16;17,West Oakland,1111,1500111,1000050,-122.295244,37.804823,1,12,Blue-N,Daly City to Dublin/Pleasanton,metro_service_node,12.2,12.2:0;1;2;3;4;5;6;7;8;9;10;11;12;13;14;15;16;17,,Bay Area Rapid Transit,POINT (-122.295244 37.804823),0,,
19.2.COLS:0;2,Coliseum,1112,1500112,1000013,-122.196798,37.753504,1,19,Beige-N,Oakland Airport to Coliseum,metro_service_node,19.2,19.2:0;2,,Bay Area Rapid Transit,POINT (-122.196798 37.753504),1,,
19.2.OAKL:0;2,Oakland International Airport Station,1113,1500113,1000032,-122.212337,37.713156,1,19,Beige-N,Oakland Airport to Coliseum,metro_service_node,19.2,19.2:0;2,,Bay Area Rapid Transit,POINT (-122.212337 37.713156),1,,
2.2.12TH:0;1;2;3;4;5;6;7;8;9;10;11;12;13;14;15;16;17;18;19;20;21;23;24;25,12th Street / Oakland City Center,1114,1500114,1000001,-122.271689,37.803371,1,2,Yellow-N,Millbrae/SFIA to Antioch,metro_service_node,2.2,2.2:0;1;2;3;4;5;6;7;8;9;10;11;12;13;14;15;16;17;18;19;20;21;23;24;25,,Bay Area Rapid Transit,POINT (-122.27168900000001 37.803371),0,,
2.2.12TH:0;1;2;3;4;5;6;7;8;9;10;11;12;13;14;15;16;17;18;19;20;21;23;24;25;26;27,12th Street / Oakland City Center,1115,1500115,1000001,-122.271689,37.803371,1,2,Yellow-N,Millbrae/SFIA to Antioch,metro_service_node,2.2,2.2:0;1;2;3;4;5;6;7;8;9;10;11;12;13;14;15;16;17;18;19;20;21;23;24;25;26;27,,Bay Area Rapid Transit,POINT (-122.27168900000001 37.803371),0,,
2.2.12TH:0;1;2;3;4;5;6;7;8;9;10;11;12;13;14;15;16;17;19;20;21;22;23,12th Street / Oakland City Center,1116,1500116,1000001,-122.271689,37.803371,1,2,Yellow-N,Millbrae/SFIA to Antioch,metro_service_node,2.2,2.2:0;1;2;3;4;5;6;7;8;9;10;11;12;13;14;15;16;17;19;20;21;22;23,,Bay Area Rapid Transit,POINT (-122.27168900000001 37.803371),0,,
2.2.16TH:0;1;2;3;4;5;6;7;8;9;10;11;12;13;14;15;16;17;18;19;20;21;23;24;25,16th Street / Mission,1117,1500117,1000002,-122.419855,37.76507599999999,1,2,Yellow-N,Millbrae/SFIA to Antioch,metro_service_node,2.2,2.2:0;1;2;3;4;5;6;7;8;9;10;11;12;13;14;15;16;17;18;19;20;21;23;24;25,,Bay Area Rapid Transit,POINT (-122.419855 37.76507599999999),0,,
2.2.16TH:0;1;2;3;4;5;6;7;8;9;10;11;12;13;14;15;16;17;18;19;20;21;23;24;25;26;27,16th Street / Mission,1118,1500118,1000002,-122.419855,37.76507599999999,1,2,Yellow-N,Millbrae/SFIA to Antioch,metro_service_node,2.2,2.2:0;1;2;3;4;5;6;7;8;9;10;11;12;13;14;15;16;17;18;19;20;21;23;24;25;26;27,,Bay Area Rapid Transit,POINT (-122.419855 37.76507599999999),0,,
2.2.16TH:0;1;2;3;4;5;6;7;8;9;10;11;12;13;14;15;16;17;19;20;21;22;23,16th Street / Mission,1119,1500119,1000002,-122.419855,37.76507599999999,1,2,Yellow-N,Millbrae/SFIA to Antioch,metro_service_node,2.2,2.2:0;1;2;3;4;5;6;7;8;9;10;11;12;13;14;15;16;17;19;20;21;22;23,,Bay Area Rapid Transit,POINT (-122.419855 37.76507599999999),0,,
2.2.19TH:0;1;2;3;4;5;6;7;8;9;10;11;12;13;14;15;16;17;18;19;20;21;23;24;25,19th Street Oakland,1120,1500120,1000003,-122.268822,37.807959999999994,1,2,Yellow-N,Millbrae/SFIA to Antioch,metro_service_node,2.2,2.2:0;1;2;3;4;5;6;7;8;9;10;11;12;13;14;15;16;17;18;19;20;21;23;24;25,,Bay Area Rapid Transit,POINT (-122.268822 37.807959999999994),0,,
2.2.19TH:0;1;2;3;4;5;6;7;8;9;10;11;12;13;14;15;16;17;18;19;20;21;23;24;25;26;27,19th Street Oakland,1121,1500121,1000003,-122.268822,37.807959999999994,1,2,Yellow-N,Millbrae/SFIA to Antioch,metro_service_node,2.2,2.2:0;1;2;3;4;5;6;7;8;9;10;11;12;13;14;15;16;17;18;19;20;21;23;24;25;26;27,,Bay Area Rapid Transit,POINT (-122.268822 37.807959999999994),0,,
2.2.19TH:0;1;2;3;4;5;6;7;8;9;10;11;12;13;14;15;16;17;19;20;21;22;23,19th Street Oakland,1122,1500122,1000003,-122.268822,37.807959999999994,1,2,Yellow-N,Millbrae/SFIA to Antioch,metro_service_node,2.2,2.2:0;1;2;3;4;5;6;7;8;9;10;11;12;13;14;15;16;17;19;20;21;22;23,,Bay Area Rapid Transit,POINT (-122.268822 37.807959999999994),0,,
2.2.24TH:0;1;2;3;4;5;6;7;8;9;10;11;12;13;14;15;16;17;18;19;20;21;23;24;25,24th Street / Mission,1123,1500123,1000004,-122.418618,37.752322,1,2,Yellow-N,Millbrae/SFIA to Antioch,metro_service_node,2.2,2.2:0;1;2;3;4;5;6;7;8;9;10;11;12;13;14;15;16;17;18;19;20;21;23;24;25,,Bay Area Rapid Transit,POINT (-122.41861800000001 37.752322),0,,
2.2.24TH:0;1;2;3;4;5;6;7;8;9;10;11;12;13;14;15;16;17;18;19;20;21;23;24;25;26;27,24th Street / Mission,1124,1500124,1000004,-122.418618,37.752322,1,2,Yellow-N,Millbrae/SFIA to Antioch,metro_service_node,2.2,2.2:0;1;2;3;4;5;6;7;8;9;10;11;12;13;14;15;16;17;18;19;20;21;23;24;25;26;27,,Bay Area Rapid Transit,POINT (-122.41861800000001 37.752322),0,,
2.2.24TH:0;1;2;3;4;5;6;7;8;9;10;11;12;13;14;15;16;17;19;20;21;22;23,24th Street / Mission,1125,1500125,1000004,-122.418618,37.752322,1,2,Yellow-N,Millbrae/SFIA to Antioch,metro_service_node,2.2,2.2:0;1;2;3;4;5;6;7;8;9;10;11;12;13;14;15;16;17;19;20;21;22;23,,Bay Area Rapid Transit,POINT (-122.41861800000001 37.752322),0,,
2.2.ANTC:0;1;2;3;4;5;6;7;8;9;10;11;12;13;14;15;16;17;18;19;20;21;23;24;25;26;27,Antioch,1126,1500126,1000005,-121.780453,37.995315,1,2,Yellow-N,Millbrae/SFIA to Antioch,metro_service_node,2.2,2.2:0;1;2;3;4;5;6;7;8;9;10;11;12;13;14;15;16;17;18;19;20;21;23;24;25;26;27,,Bay Area Rapid Transit,POINT (-121.78045300000001 37.995315),1,,
2.2.ANTC:0;1;2;3;4;5;6;7;8;9;10;11;12;13;14;15;16;17;19;20;21;22;23,Antioch,1127,1500127,1000005,-121.780453,37.995315,1,2,Yellow-N,Millbrae/SFIA to Antioch,metro_service_node,2.2,2.2:0;1;2;3;4;5;6;7;8;9;10;11;12;13;14;15;16;17;19;20;21;22;23,,Bay Area Rapid Transit,POINT (-121.78045300000001 37.995315),1,,
2.2.BALB:0;1;2;3;4;5;6;7;8;9;10;11;12;13;14;15;16;17;18;19;20;21;23;24;25,Balboa Park,1128,1500128,1000007,-122.44761,37.721658,1,2,Yellow-N,Millbrae/SFIA to Antioch,metro_service_node,2.2,2.2:0;1;2;3;4;5;6;7;8;9;10;11;12;13;14;15;16;17;18;19;20;21;23;24;25,,Bay Area Rapid Transit,POINT (-122.44761 37.721658),0,,
2.2.BALB:0;1;2;3;4;5;6;7;8;9;10;11;12;13;14;15;16;17;18;19;20;21;23;24;25;26;27,Balboa Park,1129,1500129,1000007,-122.44761,37.721658,1,2,Yellow-N,Millbrae/SFIA to Antioch,metro_service_node,2.2,2.2:0;1;2;3;4;5;6;7;8;9;10;11;12;13;14;15;16;17;18;19;20;21;23;24;25;26;27,,Bay Area Rapid Transit,POINT (-122.44761 37.721658),0,,
2.2.BALB:0;1;2;3;4;5;6;7;8;9;10;11;12;13;14;15;16;17;19;20;21;22;23,Balboa Park,1130,1500130,1000007,-122.44761,37.721658,1,2,Yellow-N,Millbrae/SFIA to Antioch,metro_service_node,2.2,2.2:0;1;2;3;4;5;6;7;8;9;10;11;12;13;14;15;16;17;19;20;21;22;23,,Bay Area Rapid Transit,POINT (-122.44761 37.721658),0,,
2.2.CIVC:0;1;2;3;4;5;6;7;8;9;10;11;12;13;14;15;16;17;18;19;20;21;23;24;25,Civic Center / UN Plaza,1131,1500131,1000011,-122.413979,37.779349999999994,1,2,Yellow-N,Millbrae/SFIA to Antioch,metro_service_node,2.2,2.2:0;1;2;3;4;5;6;7;8;9;10;11;12;13;14;15;16;17;18;19;20;21;23;24;25,,Bay Area Rapid Transit,POINT (-122.413979 37.779349999999994),0,,
2.2.CIVC:0;1;2;3;4;5;6;7;8;9;10;11;12;13;14;15;16;17;18;19;20;21;23;24;25;26;27,Civic Center / UN Plaza,1132,1500132,1000011,-122.413979,37.779349999999994,1,2,Yellow-N,Millbrae/SFIA to Antioch,metro_service_node,2.2,2.2:0;1;2;3;4;5;6;7;8;9;10;11;12;13;14;15;16;17;18;19;20;21;23;24;25;26;27,,Bay Area Rapid Transit,POINT (-122.413979 37.779349999999994),0,,
2.2.CIVC:0;1;2;3;4;5;6;7;8;9;10;11;12;13;14;15;16;17;19;20;21;22;23,Civic Center / UN Plaza,1133,1500133,1000011,-122.413979,37.779349999999994,1,2,Yellow-N,Millbrae/SFIA to Antioch,metro_service_node,2.2,2.2:0;1;2;3;4;5;6;7;8;9;10;11;12;13;14;15;16;17;19;20;21;22;23,,Bay Area Rapid Transit,POINT (-122.413979 37.779349999999994),0,,
2.2.COLM:0;1;2;3;4;5;6;7;8;9;10;11;12;13;14;15;16;17;18;19;20;21;23;24;25,Colma,1134,1500134,1000012,-122.466267,37.68454199999999,1,2,Yellow-N,Millbrae/SFIA to Antioch,metro_service_node,2.2,2.2:0;1;2;3;4;5;6;7;8;9;10;11;12;13;14;15;16;17;18;19;20;21;23;24;25,,Bay Area Rapid Transit,POINT (-122.466267 37.68454199999999),0,,
2.2.COLM:0;1;2;3;4;5;6;7;8;9;10;11;12;13;14;15;16;17;18;19;20;21;23;24;25;26;27,Colma,1135,1500135,1000012,-122.466267,37.68454199999999,1,2,Yellow-N,Millbrae/SFIA to Antioch,metro_service_node,2.2,2.2:0;1;2;3;4;5;6;7;8;9;10;11;12;13;14;15;16;17;18;19;20;21;23;24;25;26;27,,Bay Area Rapid Transit,POINT (-122.466267 37.68454199999999),0,,
2.2.CONC:0;1;2;3;4;5;6;7;8;9;10;11;12;13;14;15;16;17;18;19;20;21;23;24;25,Concord,1136,1500136,1000014,-122.029226,37.973673,1,2,Yellow-N,Millbrae/SFIA to Antioch,metro_service_node,2.2,2.2:0;1;2;3;4;5;6;7;8;9;10;11;12;13;14;15;16;17;18;19;20;21;23;24;25,,Bay Area Rapid Transit,POINT (-122.02922600000001 37.973673),0,,
2.2.CONC:0;1;2;3;4;5;6;7;8;9;10;11;12;13;14;15;16;17;18;19;20;21;23;24;25;26;27,Concord,1137,1500137,1000014,-122.029226,37.973673,1,2,Yellow-N,Millbrae/SFIA to Antioch,metro_service_node,2.2,2.2:0;1;2;3;4;5;6;7;8;9;10;11;12;13;14;15;16;17;18;19;20;21;23;24;25;26;27,,Bay Area Rapid Transit,POINT (-122.02922600000001 37.973673),0,,
2.2.CONC:0;1;2;3;4;5;6;7;8;9;10;11;12;13;14;15;16;17;19;20;21;22;23,Concord,1138,1500138,1000014,-122.029226,37.973673,1,2,Yellow-N,Millbrae/SFIA to Antioch,metro_service_node,2.2,2.2:0;1;2;3;4;5;6;7;8;9;10;11;12;13;14;15;16;17;19;20;21;22;23,,Bay Area Rapid Transit,POINT (-122.02922600000001 37.973673),0,,
2.2.DALY:0;1;2;3;4;5;6;7;8;9;10;11;12;13;14;15;16;17;18;19;20;21;23;24;25,Daly City,1139,1500139,1000015,-122.469094,37.706204,1,2,Yellow-N,Millbrae/SFIA to Antioch,metro_service_node,2.2,2.2:0;1;2;3;4;5;6;7;8;9;10;11;12;13;14;15;16;17;18;19;20;21;23;24;25,,Bay Area Rapid Transit,POINT (-122.469094 37.706204),0,,
2.2.DALY:0;1;2;3;4;5;6;7;8;9;10;11;12;13;14;15;16;17;18;19;20;21;23;24;25;26;27,Daly City,1140,1500140,1000015,-122.469094,37.706204,1,2,Yellow-N,Millbrae/SFIA to Antioch,metro_service_node,2.2,2.2:0;1;2;3;4;5;6;7;8;9;10;11;12;13;14;15;16;17;18;19;20;21;23;24;25;26;27,,Bay Area Rapid Transit,POINT (-122.469094 37.706204),0,,
2.2.DALY:0;1;2;3;4;5;6;7;8;9;10;11;12;13;14;15;16;17;19;20;21;22;23,Daly City,1141,1500141,1000015,-122.469094,37.706204,1,2,Yellow-N,Millbrae/SFIA to Antioch,metro_service_node,2.2,2.2:0;1;2;3;4;5;6;7;8;9;10;11;12;13;14;15;16;17;19;20;21;22;23,,Bay Area Rapid Transit,POINT (-122.469094 37.706204),1,,
2.2.EMBR:0;1;2;3;4;5;6;7;8;9;10;11;12;13;14;15;16;17;18;19;20;21;23;24;25,Embarcadero,1142,1500142,1000019,-122.39718,37.792689,1,2,Yellow-N,Millbrae/SFIA to Antioch,metro_service_node,2.2,2.2:0;1;2;3;4;5;6;7;8;9;10;11;12;13;14;15;16;17;18;19;20;21;23;24;25,,Bay Area Rapid Transit,POINT (-122.39718 37.792688999999996),0,,
2.2.EMBR:0;1;2;3;4;5;6;7;8;9;10;11;12;13;14;15;16;17;18;19;20;21;23;24;25;26;27,Embarcadero,1143,1500143,1000019,-122.39718,37.792689,1,2,Yellow-N,Millbrae/SFIA to Antioch,metro_service_node,2.2,2.2:0;1;2;3;4;5;6;7;8;9;10;11;12;13;14;15;16;17;18;19;20;21;23;24;25;26;27,,Bay Area Rapid Transit,POINT (-122.39718 37.792688999999996),0,,
2.2.EMBR:0;1;2;3;4;5;6;7;8;9;10;11;12;13;14;15;16;17;19;20;21;22;23,Embarcadero,1144,1500144,1000019,-122.39718,37.792689,1,2,Yellow-N,Millbrae/SFIA to Antioch,metro_service_node,2.2,2.2:0;1;2;3;4;5;6;7;8;9;10;11;12;13;14;15;16;17;19;20;21;22;23,,Bay Area Rapid Transit,POINT (-122.39718 37.792688999999996),0,,
2.2.GLEN:0;1;2;3;4;5;6;7;8;9;10;11;12;13;14;15;16;17;18;19;20;21;23;24;25,Glen Park,1145,1500145,1000022,-122.433657,37.733169,1,2,Yellow-N,Millbrae/SFIA to Antioch,metro_service_node,2.2,2.2:0;1;2;3;4;5;6;7;8;9;10;11;12;13;14;15;16;17;18;19;20;21;23;24;25,,Bay Area Rapid Transit,POINT (-122.433657 37.733169),0,,
2.2.GLEN:0;1;2;3;4;5;6;7;8;9;10;11;12;13;14;15;16;17;18;19;20;21;23;24;25;26;27,Glen Park,1146,1500146,1000022,-122.433657,37.733169,1,2,Yellow-N,Millbrae/SFIA to Antioch,metro_service_node,2.2,2.2:0;1;2;3;4;5;6;7;8;9;10;11;12;13;14;15;16;17;18;19;20;21;23;24;25;26;27,,Bay Area Rapid Transit,POINT (-122.433657 37.733169),0,,
2.2.GLEN:0;1;2;3;4;5;6;7;8;9;10;11;12;13;14;15;16;17;19;20;21;22;23,Glen Park,1147,1500147,1000022,-122.433657,37.733169,1,2,Yellow-N,Millbrae/SFIA to Antioch,metro_service_node,2.2,2.2:0;1;2;3;4;5;6;7;8;9;10;11;12;13;14;15;16;17;19;20;21;22;23,,Bay Area Rapid Transit,POINT (-122.433657 37.733169),0,,
2.2.LAFY:0;1;2;3;4;5;6;7;8;9;10;11;12;13;14;15;16;17;18;19;20;21;23;24;25,Lafayette,1148,1500148,1000024,-122.124744,37.89312,1,2,Yellow-N,Millbrae/SFIA to Antioch,metro_service_node,2.2,2.2:0;1;2;3;4;5;6;7;8;9;10;11;12;13;14;15;16;17;18;19;20;21;23;24;25,,Bay Area Rapid Transit,POINT (-122.124744 37.893119999999996),0,,
2.2.LAFY:0;1;2;3;4;5;6;7;8;9;10;11;12;13;14;15;16;17;18;19;20;21;23;24;25;26;27,Lafayette,1149,1500149,1000024,-122.124744,37.89312,1,2,Yellow-N,Millbrae/SFIA to Antioch,metro_service_node,2.2,2.2:0;1;2;3;4;5;6;7;8;9;10;11;12;13;14;15;16;17;18;19;20;21;23;24;25;26;27,,Bay Area Rapid Transit,POINT (-122.124744 37.893119999999996),0,,
2.2.LAFY:0;1;2;3;4;5;6;7;8;9;10;11;12;13;14;15;16;17;19;20;21;22;23,Lafayette,1150,1500150,1000024,-122.124744,37.89312,1,2,Yellow-N,Millbrae/SFIA to Antioch,metro_service_node,2.2,2.2:0;1;2;3;4;5;6;7;8;9;10;11;12;13;14;15;16;17;19;20;21;22;23,,Bay Area Rapid Transit,POINT (-122.124744 37.893119999999996),0,,
2.2.MCAR:0;1;2;3;4;5;6;7;8;9;10;11;12;13;14;15;16;17;18;19;20;21;23;24;25,MacArthur,1151,1500151,1000026,-122.267263,37.828714,1,2,Yellow-N,Millbrae/SFIA to Antioch,metro_service_node,2.2,2.2:0;1;2;3;4;5;6;7;8;9;10;11;12;13;14;15;16;17;18;19;20;21;23;24;25,,Bay Area Rapid Transit,POINT (-122.267263 37.828714),0,,
2.2.MCAR:0;1;2;3;4;5;6;7;8;9;10;11;12;13;14;15;16;17;18;19;20;21;23;24;25;26;27,MacArthur,1152,1500152,1000026,-122.267263,37.828714,1,2,Yellow-N,Millbrae/SFIA to Antioch,metro_service_node,2.2,2.2:0;1;2;3;4;5;6;7;8;9;10;11;12;13;14;15;16;17;18;19;20;21;23;24;25;26;27,,Bay Area Rapid Transit,POINT (-122.267263 37.828714),0,,
2.2.MCAR:0;1;2;3;4;5;6;7;8;9;10;11;12;13;14;15;16;17;19;20;21;22;23,MacArthur,1153,1500153,1000026,-122.267263,37.828714,1,2,Yellow-N,Millbrae/SFIA to Antioch,metro_service_node,2.2,2.2:0;1;2;3;4;5;6;7;8;9;10;11;12;13;14;15;16;17;19;20;21;22;23,,Bay Area Rapid Transit,POINT (-122.267263 37.828714),0,,
2.2.MONT:0;1;2;3;4;5;6;7;8;9;10;11;12;13;14;15;16;17;18;19;20;21;23;24;25,Montgomery Street,1154,1500154,1000029,-122.401742,37.78911299999999,1,2,Yellow-N,Millbrae/SFIA to Antioch,metro_service_node,2.2,2.2:0;1;2;3;4;5;6;7;8;9;10;11;12;13;14;15;16;17;18;19;20;21;23;24;25,,Bay Area Rapid Transit,POINT (-122.401742 37.78911299999999),0,,
2.2.MONT:0;1;2;3;4;5;6;7;8;9;10;11;12;13;14;15;16;17;18;19;20;21;23;24;25;26;27,Montgomery Street,1155,1500155,1000029,-122.401742,37.78911299999999,1,2,Yellow-N,Millbrae/SFIA to Antioch,metro_service_node,2.2,2.2:0;1;2;3;4;5;6;7;8;9;10;11;12;13;14;15;16;17;18;19;20;21;23;24;25;26;27,,Bay Area Rapid Transit,POINT (-122.401742 37.78911299999999),0,,
2.2.MONT:0;1;2;3;4;5;6;7;8;9;10;11;12;13;14;15;16;17;19;20;21;22;23,Montgomery Street,1156,1500156,1000029,-122.401742,37.78911299999999,1,2,Yellow-N,Millbrae/SFIA to Antioch,metro_service_node,2.2,2.2:0;1;2;3;4;5;6;7;8;9;10;11;12;13;14;15;16;17;19;20;21;22;23,,Bay Area Rapid Transit,POINT (-122.401742 37.78911299999999),0,,
2.2.NCON:0;1;2;3;4;5;6;7;8;9;10;11;12;13;14;15;16;17;18;19;20;21;23;24;25,North Concord / Martinez,1157,1500157,1000031,-122.024661,38.003307,1,2,Yellow-N,Millbrae/SFIA to Antioch,metro_service_node,2.2,2.2:0;1;2;3;4;5;6;7;8;9;10;11;12;13;14;15;16;17;18;19;20;21;23;24;25,,Bay Area Rapid Transit,POINT (-122.02466100000001 38.003307),0,,
2.2.NCON:0;1;2;3;4;5;6;7;8;9;10;11;12;13;14;15;16;17;18;19;20;21;23;24;25;26;27,North Concord / Martinez,1158,1500158,1000031,-122.024661,38.003307,1,2,Yellow-N,Millbrae/SFIA to Antioch,metro_service_node,2.2,2.2:0;1;2;3;4;5;6;7;8;9;10;11;12;13;14;15;16;17;18;19;20;21;23;24;25;26;27,,Bay Area Rapid Transit,POINT (-122.02466100000001 38.003307),0,,
2.2.NCON:0;1;2;3;4;5;6;7;8;9;10;11;12;13;14;15;16;17;19;20;21;22;23,North Concord / Martinez,1159,1500159,1000031,-122.024661,38.003307,1,2,Yellow-N,Millbrae/SFIA to Antioch,metro_service_node,2.2,2.2:0;1;2;3;4;5;6;7;8;9;10;11;12;13;14;15;16;17;19;20;21;22;23,,Bay Area Rapid Transit,POINT (-122.02466100000001 38.003307),0,,
2.2.ORIN:0;1;2;3;4;5;6;7;8;9;10;11;12;13;14;15;16;17;18;19;20;21;23;24;25,Orinda,1160,1500160,1000033,-122.183817,37.878403,1,2,Yellow-N,Millbrae/SFIA to Antioch,metro_service_node,2.2,2.2:0;1;2;3;4;5;6;7;8;9;10;11;12;13;14;15;16;17;18;19;20;21;23;24;25,,Bay Area Rapid Transit,POINT (-122.183817 37.878403),0,,
2.2.ORIN:0;1;2;3;4;5;6;7;8;9;10;11;12;13;14;15;16;17;18;19;20;21;23;24;25;26;27,Orinda,1161,1500161,1000033,-122.183817,37.878403,1,2,Yellow-N,Millbrae/SFIA to Antioch,metro_service_node,2.2,2.2:0;1;2;3;4;5;6;7;8;9;10;11;12;13;14;15;16;17;18;19;20;21;23;24;25;26;27,,Bay Area Rapid Transit,POINT (-122.183817 37.878403),0,,
2.2.ORIN:0;1;2;3;4;5;6;7;8;9;10;11;12;13;14;15;16;17;19;20;21;22;23,Orinda,1162,1500162,1000033,-122.183817,37.878403,1,2,Yellow-N,Millbrae/SFIA to Antioch,metro_service_node,2.2,2.2:0;1;2;3;4;5;6;7;8;9;10;11;12;13;14;15;16;17;19;20;21;22;23,,Bay Area Rapid Transit,POINT (-122.183817 37.878403),0,,
2.2.PCTR:0;1;2;3;4;5;6;7;8;9;10;11;12;13;14;15;16;17;18;19;20;21;23;24;25;26;27,Pittsburg Center,1163,1500163,1000034,-121.889111,38.01677299999999,1,2,Yellow-N,Millbrae/SFIA to Antioch,metro_service_node,2.2,2.2:0;1;2;3;4;5;6;7;8;9;10;11;12;13;14;15;16;17;18;19;20;21;23;24;25;26;27,,Bay Area Rapid Transit,POINT (-121.889111 38.01677299999999),0,,
2.2.PCTR:0;1;2;3;4;5;6;7;8;9;10;11;12;13;14;15;16;17;19;20;21;22;23,Pittsburg Center,1164,1500164,1000034,-121.889111,38.01677299999999,1,2,Yellow-N,Millbrae/SFIA to Antioch,metro_service_node,2.2,2.2:0;1;2;3;4;5;6;7;8;9;10;11;12;13;14;15;16;17;19;20;21;22;23,,Bay Area Rapid Transit,POINT (-121.889111 38.01677299999999),0,,
2.2.PHIL:0;1;2;3;4;5;6;7;8;9;10;11;12;13;14;15;16;17;18;19;20;21;23;24;25,Pleasant Hill / Contra Costa Centre,1165,1500165,1000035,-122.056115,37.928363,1,2,Yellow-N,Millbrae/SFIA to Antioch,metro_service_node,2.2,2.2:0;1;2;3;4;5;6;7;8;9;10;11;12;13;14;15;16;17;18;19;20;21;23;24;25,,Bay Area Rapid Transit,POINT (-122.056115 37.928363),0,,
2.2.PHIL:0;1;2;3;4;5;6;7;8;9;10;11;12;13;14;15;16;17;18;19;20;21;23;24;25;26;27,Pleasant Hill / Contra Costa Centre,1166,1500166,1000035,-122.056115,37.928363,1,2,Yellow-N,Millbrae/SFIA to Antioch,metro_service_node,2.2,2.2:0;1;2;3;4;5;6;7;8;9;10;11;12;13;14;15;16;17;18;19;20;21;23;24;25;26;27,,Bay Area Rapid Transit,POINT (-122.056115 37.928363),0,,
2.2.PHIL:0;1;2;3;4;5;6;7;8;9;10;11;12;13;14;15;16;17;19;20;21;22;23,Pleasant Hill / Contra Costa Centre,1167,1500167,1000035,-122.056115,37.928363,1,2,Yellow-N,Millbrae/SFIA to Antioch,metro_service_node,2.2,2.2:0;1;2;3;4;5;6;7;8;9;10;11;12;13;14;15;16;17;19;20;21;22;23,,Bay Area Rapid Transit,POINT (-122.056115 37.928363),0,,
2.2.PITT:0;1;2;3;4;5;6;7;8;9;10;11;12;13;14;15;16;17;18;19;20;21;23;24;25,Pittsburg / Bay Point,1168,1500168,1000036,-121.944348,38.01884999999999,1,2,Yellow-N,Millbrae/SFIA to Antioch,metro_service_node,2.2,2.2:0;1;2;3;4;5;6;7;8;9;10;11;12;13;14;15;16;17;18;19;20;21;23;24;25,,Bay Area Rapid Transit,POINT (-121.944348 38.01884999999999),1,,
2.2.PITT:0;1;2;3;4;5;6;7;8;9;10;11;12;13;14;15;16;17;18;19;20;21;23;24;25;26;27,Pittsburg / Bay Point,1169,1500169,1000036,-121.944348,38.01884999999999,1,2,Yellow-N,Millbrae/SFIA to Antioch,metro_service_node,2.2,2.2:0;1;2;3;4;5;6;7;8;9;10;11;12;13;14;15;16;17;18;19;20;21;23;24;25;26;27,,Bay Area Rapid Transit,POINT (-121.944348 38.01884999999999),0,,
2.2.PITT:0;1;2;3;4;5;6;7;8;9;10;11;12;13;14;15;16;17;19;20;21;22;23,Pittsburg / Bay Point,1170,1500170,1000036,-121.944348,38.01884999999999,1,2,Yellow-N,Millbrae/SFIA to Antioch,metro_service_node,2.2,2.2:0;1;2;3;4;5;6;7;8;9;10;11;12;13;14;15;16;17;19;20;21;22;23,,Bay Area Rapid Transit,POINT (-121.944348 38.01884999999999),0,,
2.2.POWL:0;1;2;3;4;5;6;7;8;9;10;11;12;13;14;15;16;17;18;19;20;21;23;24;25,Powell Street,1171,1500171,1000038,-122.407487,37.784544999999994,1,2,Yellow-N,Millbrae/SFIA to Antioch,metro_service_node,2.2,2.2:0;1;2;3;4;5;6;7;8;9;10;11;12;13;14;15;16;17;18;19;20;21;23;24;25,,Bay Area Rapid Transit,POINT (-122.407487 37.784544999999994),0,,
2.2.POWL:0;1;2;3;4;5;6;7;8;9;10;11;12;13;14;15;16;17;18;19;20;21;23;24;25;26;27,Powell Street,1172,1500172,1000038,-122.407487,37.784544999999994,1,2,Yellow-N,Millbrae/SFIA to Antioch,metro_service_node,2.2,2.2:0;1;2;3;4;5;6;7;8;9;10;11;12;13;14;15;16;17;18;19;20;21;23;24;25;26;27,,Bay Area Rapid Transit,POINT (-122.407487 37.784544999999994),0,,
2.2.POWL:0;1;2;3;4;5;6;7;8;9;10;11;12;13;14;15;16;17;19;20;21;22;23,Powell Street,1173,1500173,1000038,-122.407487,37.784544999999994,1,2,Yellow-N,Millbrae/SFIA to Antioch,metro_service_node,2.2,2.2:0;1;2;3;4;5;6;7;8;9;10;11;12;13;14;15;16;17;19;20;21;22;23,,Bay Area Rapid Transit,POINT (-122.407487 37.784544999999994),0,,
2.2.ROCK:0;1;2;3;4;5;6;7;8;9;10;11;12;13;14;15;16;17;18;19;20;21;23;24;25,Rockridge,1174,1500174,1000040,-122.251371,37.844694999999994,1,2,Yellow-N,Millbrae/SFIA to Antioch,metro_service_node,2.2,2.2:0;1;2;3;4;5;6;7;8;9;10;11;12;13;14;15;16;17;18;19;20;21;23;24;25,,Bay Area Rapid Transit,POINT (-122.251371 37.844694999999994),0,,
2.2.ROCK:0;1;2;3;4;5;6;7;8;9;10;11;12;13;14;15;16;17;18;19;20;21;23;24;25;26;27,Rockridge,1175,1500175,1000040,-122.251371,37.844694999999994,1,2,Yellow-N,Millbrae/SFIA to Antioch,metro_service_node,2.2,2.2:0;1;2;3;4;5;6;7;8;9;10;11;12;13;14;15;16;17;18;19;20;21;23;24;25;26;27,,Bay Area Rapid Transit,POINT (-122.251371 37.844694999999994),0,,
2.2.ROCK:0;1;2;3;4;5;6;7;8;9;10;11;12;13;14;15;16;17;19;20;21;22;23,Rockridge,1176,1500176,1000040,-122.251371,37.844694999999994,1,2,Yellow-N,Millbrae/SFIA to Antioch,metro_service_node,2.2,2.2:0;1;2;3;4;5;6;7;8;9;10;11;12;13;14;15;16;17;19;20;21;22;23,,Bay Area Rapid Transit,POINT (-122.251371 37.844694999999994),0,,
2.2.SBRN:0;1;2;3;4;5;6;7;8;9;10;11;12;13;14;15;16;17;18;19;20;21;23;24;25,San Bruno,1177,1500177,1000042,-122.416484,37.63762,1,2,Yellow-N,Millbrae/SFIA to Antioch,metro_service_node,2.2,2.2:0;1;2;3;4;5;6;7;8;9;10;11;12;13;14;15;16;17;18;19;20;21;23;24;25,,Bay Area Rapid Transit,POINT (-122.416484 37.63762),0,,
2.2.SBRN:0;1;2;3;4;5;6;7;8;9;10;11;12;13;14;15;16;17;18;19;20;21;23;24;25;26;27,San Bruno,1178,1500178,1000042,-122.416484,37.63762,1,2,Yellow-N,Millbrae/SFIA to Antioch,metro_service_node,2.2,2.2:0;1;2;3;4;5;6;7;8;9;10;11;12;13;14;15;16;17;18;19;20;21;23;24;25;26;27,,Bay Area Rapid Transit,POINT (-122.416484 37.63762),0,,
2.2.SFIA:0;1;2;3;4;5;6;7;8;9;10;11;12;13;14;15;16;17;18;19;20;21;23;24;25,San Francisco International Airport,1179,1500179,1000043,-122.391995,37.615922999999995,1,2,Yellow-N,Millbrae/SFIA to Antioch,metro_service_node,2.2,2.2:0;1;2;3;4;5;6;7;8;9;10;11;12;13;14;15;16;17;18;19;20;21;23;24;25,,Bay Area Rapid Transit,POINT (-122.39199500000001 37.615922999999995),1,,
2.2.SFIA:0;1;2;3;4;5;6;7;8;9;10;11;12;13;14;15;16;17;18;19;20;21;23;24;25;26;27,San Francisco International Airport,1180,1500180,1000043,-122.391995,37.615922999999995,1,2,Yellow-N,Millbrae/SFIA to Antioch,metro_service_node,2.2,2.2:0;1;2;3;4;5;6;7;8;9;10;11;12;13;14;15;16;17;18;19;20;21;23;24;25;26;27,,Bay Area Rapid Transit,POINT (-122.39199500000001 37.615922999999995),1,,
2.2.SSAN:0;1;2;3;4;5;6;7;8;9;10;11;12;13;14;15;16;17;18;19;20;21;23;24;25,South San Francisco,1181,1500181,1000045,-122.444354,37.664337,1,2,Yellow-N,Millbrae/SFIA to Antioch,metro_service_node,2.2,2.2:0;1;2;3;4;5;6;7;8;9;10;11;12;13;14;15;16;17;18;19;20;21;23;24;25,,Bay Area Rapid Transit,POINT (-122.444354 37.664336999999996),0,,
2.2.SSAN:0;1;2;3;4;5;6;7;8;9;10;11;12;13;14;15;16;17;18;19;20;21;23;24;25;26;27,South San Francisco,1182,1500182,1000045,-122.444354,37.664337,1,2,Yellow-N,Millbrae/SFIA to Antioch,metro_service_node,2.2,2.2:0;1;2;3;4;5;6;7;8;9;10;11;12;13;14;15;16;17;18;19;20;21;23;24;25;26;27,,Bay Area Rapid Transit,POINT (-122.444354 37.664336999999996),0,,
2.2.WCRK:0;1;2;3;4;5;6;7;8;9;10;11;12;13;14;15;16;17;18;19;20;21;23;24;25,Walnut Creek,1183,1500183,1000048,-122.067479,37.905711999999994,1,2,Yellow-N,Millbrae/SFIA to Antioch,metro_service_node,2.2,2.2:0;1;2;3;4;5;6;7;8;9;10;11;12;13;14;15;16;17;18;19;20;21;23;24;25,,Bay Area Rapid Transit,POINT (-122.067479 37.905711999999994),0,,
2.2.WCRK:0;1;2;3;4;5;6;7;8;9;10;11;12;13;14;15;16;17;18;19;20;21;23;24;25;26;27,Walnut Creek,1184,1500184,1000048,-122.067479,37.905711999999994,1,2,Yellow-N,Millbrae/SFIA to Antioch,metro_service_node,2.2,2.2:0;1;2;3;4;5;6;7;8;9;10;11;12;13;14;15;16;17;18;19;20;21;23;24;25;26;27,,Bay Area Rapid Transit,POINT (-122.067479 37.905711999999994),0,,
2.2.WCRK:0;1;2;3;4;5;6;7;8;9;10;11;12;13;14;15;16;17;19;20;21;22;23,Walnut Creek,1185,1500185,1000048,-122.067479,37.905711999999994,1,2,Yellow-N,Millbrae/SFIA to Antioch,metro_service_node,2.2,2.2:0;1;2;3;4;5;6;7;8;9;10;11;12;13;14;15;16;17;19;20;21;22;23,,Bay Area Rapid Transit,POINT (-122.067479 37.905711999999994),0,,
2.2.WOAK:0;1;2;3;4;5;6;7;8;9;10;11;12;13;14;15;16;17;18;19;20;21;23;24;25,West Oakland,1186,1500186,1000050,-122.295244,37.804823,1,2,Yellow-N,Millbrae/SFIA to Antioch,metro_service_node,2.2,2.2:0;1;2;3;4;5;6;7;8;9;10;11;12;13;14;15;16;17;18;19;20;21;23;24;25,,Bay Area Rapid Transit,POINT (-122.295244 37.804823),0,,
2.2.WOAK:0;1;2;3;4;5;6;7;8;9;10;11;12;13;14;15;16;17;18;19;20;21;23;24;25;26;27,West Oakland,1187,1500187,1000050,-122.295244,37.804823,1,2,Yellow-N,Millbrae/SFIA to Antioch,metro_service_node,2.2,2.2:0;1;2;3;4;5;6;7;8;9;10;11;12;13;14;15;16;17;18;19;20;21;23;24;25;26;27,,Bay Area Rapid Transit,POINT (-122.295244 37.804823),0,,
2.2.WOAK:0;1;2;3;4;5;6;7;8;9;10;11;12;13;14;15;16;17;19;20;21;22;23,West Oakland,1188,1500188,1000050,-122.295244,37.804823,1,2,Yellow-N,Millbrae/SFIA to Antioch,metro_service_node,2.2,2.2:0;1;2;3;4;5;6;7;8;9;10;11;12;13;14;15;16;17;19;20;21;22;23,,Bay Area Rapid Transit,POINT (-122.295244 37.804823),0,,
20.1.COLS:0;2,Coliseum,1189,1500189,1000013,-122.196798,37.753504,1,20,Beige-S,Coliseum to Oakland Airport,metro_service_node,20.1,20.1:0;2,,Bay Area Rapid Transit,POINT (-122.196798 37.753504),1,,
20.1.OAKL:0;2,Oakland International Airport Station,1190,1500190,1000032,-122.212337,37.713156,1,20,Beige-S,Coliseum to Oakland Airport,metro_service_node,20.1,20.1:0;2,,Bay Area Rapid Transit,POINT (-122.212337 37.713156),1,,
3.2.12TH:0;1;2;3;4;5;6;7;8;9;10;11;12;13;14;15,12th Street / Oakland City Center,1191,1500191,1000001,-122.271689,37.803371,1,3,Orange-N,Berryessa/North San Jose to Richmond,metro_service_node,3.2,3.2:0;1;2;3;4;5;6;7;8;9;10;11;12;13;14;15,,Bay Area Rapid Transit,POINT (-122.27168900000001 37.803371),0,,
3.2.12TH:0;1;2;3;4;6;7;8;9;10;11;12;13;14;15;16;17;18;19;20;21,12th Street / Oakland City Center,1192,1500192,1000001,-122.271689,37.803371,1,3,Orange-N,Berryessa/North San Jose to Richmond,metro_service_node,3.2,3.2:0;1;2;3;4;6;7;8;9;10;11;12;13;14;15;16;17;18;19;20;21,,Bay Area Rapid Transit,POINT (-122.27168900000001 37.803371),0,,
3.2.12TH:0;1;3;4;5;6;7;8;9;10;11;12;13;14;15;16;17;18,12th Street / Oakland City Center,1193,1500193,1000001,-122.271689,37.803371,1,3,Orange-N,Berryessa/North San Jose to Richmond,metro_service_node,3.2,3.2:0;1;3;4;5;6;7;8;9;10;11;12;13;14;15;16;17;18,,Bay Area Rapid Transit,POINT (-122.27168900000001 37.803371),0,,
3.2.19TH:0;1;2;3;4;5;6;7;8;9;10;11;12;13;14;15,19th Street Oakland,1194,1500194,1000003,-122.268822,37.807959999999994,1,3,Orange-N,Berryessa/North San Jose to Richmond,metro_service_node,3.2,3.2:0;1;2;3;4;5;6;7;8;9;10;11;12;13;14;15,,Bay Area Rapid Transit,POINT (-122.268822 37.807959999999994),0,,
3.2.19TH:0;1;2;3;4;6;7;8;9;10;11;12;13;14;15;16;17;18;19;20;21,19th Street Oakland,1195,1500195,1000003,-122.268822,37.807959999999994,1,3,Orange-N,Berryessa/North San Jose to Richmond,metro_service_node,3.2,3.2:0;1;2;3;4;6;7;8;9;10;11;12;13;14;15;16;17;18;19;20;21,,Bay Area Rapid Transit,POINT (-122.268822 37.807959999999994),0,,
3.2.19TH:0;1;3;4;5;6;7;8;9;10;11;12;13;14;15;16;17;18,19th Street Oakland,1196,1500196,1000003,-122.268822,37.807959999999994,1,3,Orange-N,Berryessa/North San Jose to Richmond,metro_service_node,3.2,3.2:0;1;3;4;5;6;7;8;9;10;11;12;13;14;15;16;17;18,,Bay Area Rapid Transit,POINT (-122.268822 37.807959999999994),0,,
3.2.ASHB:0;1;2;3;4;5;6;7;8;9;10;11;12;13;14;15,Ashby,1197,1500197,1000006,-122.26985,37.852968999999995,1,3,Orange-N,Berryessa/North San Jose to Richmond,metro_service_node,3.2,3.2:0;1;2;3;4;5;6;7;8;9;10;11;12;13;14;15,,Bay Area Rapid Transit,POINT (-122.26985 37.852968999999995),0,,
3.2.ASHB:0;1;2;3;4;6;7;8;9;10;11;12;13;14;15;16;17;18;19;20;21,Ashby,1198,1500198,1000006,-122.26985,37.852968999999995,1,3,Orange-N,Berryessa/North San Jose to Richmond,metro_service_node,3.2,3.2:0;1;2;3;4;6;7;8;9;10;11;12;13;14;15;16;17;18;19;20;21,,Bay Area Rapid Transit,POINT (-122.26985 37.852968999999995),0,,
3.2.ASHB:0;1;3;4;5;6;7;8;9;10;11;12;13;14;15;16;17;18,Ashby,1199,1500199,1000006,-122.26985,37.852968999999995,1,3,Orange-N,Berryessa/North San Jose to Richmond,metro_service_node,3.2,3.2:0;1;3;4;5;6;7;8;9;10;11;12;13;14;15;16;17;18,,Bay Area Rapid Transit,POINT (-122.26985 37.852968999999995),0,,
3.2.BAYF:0;1;2;3;4;5;6;7;8;9;10;11;12;13;14;15,Bay Fair,1200,1500200,1000008,-122.126531,37.696838,1,3,Orange-N,Berryessa/North San Jose to Richmond,metro_service_node,3.2,3.2:0;1;2;3;4;5;6;7;8;9;10;11;12;13;14;15,,Bay Area Rapid Transit,POINT (-122.126531 37.696838),0,,
3.2.BAYF:0;1;2;3;4;6;7;8;9;10;11;12;13;14;15;16;17;18;19;20;21,Bay Fair,1201,1500201,1000008,-122.126531,37.696838,1,3,Orange-N,Berryessa/North San Jose to Richmond,metro_service_node,3.2,3.2:0;1;2;3;4;6;7;8;9;10;11;12;13;14;15;16;17;18;19;20;21,,Bay Area Rapid Transit,POINT (-122.126531 37.696838),0,,
3.2.BAYF:0;1;3;4;5;6;7;8;9;10;11;12;13;14;15;16;17;18,Bay Fair,1202,1500202,1000008,-122.126531,37.696838,1,3,Orange-N,Berryessa/North San Jose to Richmond,metro_service_node,3.2,3.2:0;1;3;4;5;6;7;8;9;10;11;12;13;14;15;16;17;18,,Bay Area Rapid Transit,POINT (-122.126531 37.696838),0,,
3.2.BERY:0;1;2;3;4;6;7;8;9;10;11;12;13;14;15;16;17;18;19;20;21,Berryessa / North San Jose,1203,1500203,1000009,-121.874761,37.368395,1,3,Orange-N,Berryessa/North San Jose to Richmond,metro_service_node,3.2,3.2:0;1;2;3;4;6;7;8;9;10;11;12;13;14;15;16;17;18;19;20;21,,Bay Area Rapid Transit,POINT (-121.874761 37.368395),1,,
3.2.COLS:0;1;2;3;4;5;6;7;8;9;10;11;12;13;14;15,Coliseum,1204,1500204,1000013,-122.196798,37.753504,1,3,Orange-N,Berryessa/North San Jose to Richmond,metro_service_node,3.2,3.2:0;1;2;3;4;5;6;7;8;9;10;11;12;13;14;15,,Bay Area Rapid Transit,POINT (-122.196798 37.753504),0,,
3.2.COLS:0;1;2;3;4;6;7;8;9;10;11;12;13;14;15;16;17;18;19;20;21,Coliseum,1205,1500205,1000013,-122.196798,37.753504,1,3,Orange-N,Berryessa/North San Jose to Richmond,metro_service_node,3.2,3.2:0;1;2;3;4;6;7;8;9;10;11;12;13;14;15;16;17;18;19;20;21,,Bay Area Rapid Transit,POINT (-122.196798 37.753504),0,,
3.2.COLS:0;1;3;4;5;6;7;8;9;10;11;12;13;14;15;16;17;18,Coliseum,1206,1500206,1000013,-122.196798,37.753504,1,3,Orange-N,Berryessa/North San Jose to Richmond,metro_service_node,3.2,3.2:0;1;3;4;5;6;7;8;9;10;11;12;13;14;15;16;17;18,,Bay Area Rapid Transit,POINT (-122.196798 37.753504),0,,
3.2.DBRK:0;1;2;3;4;5;6;7;8;9;10;11;12;13;14;15,Downtown Berkeley,1207,1500207,1000016,-122.268178,37.870017,1,3,Orange-N,Berryessa/North San Jose to Richmond,metro_service_node,3.2,3.2:0;1;2;3;4;5;6;7;8;9;10;11;12;13;14;15,,Bay Area Rapid Transit,POINT (-122.268178 37.870017),0,,
3.2.DBRK:0;1;2;3;4;6;7;8;9;10;11;12;13;14;15;16;17;18;19;20;21,Downtown Berkeley,1208,1500208,1000016,-122.268178,37.870017,1,3,Orange-N,Berryessa/North San Jose to Richmond,metro_service_node,3.2,3.2:0;1;2;3;4;6;7;8;9;10;11;12;13;14;15;16;17;18;19;20;21,,Bay Area Rapid Transit,POINT (-122.268178 37.870017),0,,
3.2.DBRK:0;1;3;4;5;6;7;8;9;10;11;12;13;14;15;16;17;18,Downtown Berkeley,1209,1500209,1000016,-122.268178,37.870017,1,3,Orange-N,Berryessa/North San Jose to Richmond,metro_service_node,3.2,3.2:0;1;3;4;5;6;7;8;9;10;11;12;13;14;15;16;17;18,,Bay Area Rapid Transit,POINT (-122.268178 37.870017),0,,
3.2.DELN:0;1;2;3;4;5;6;7;8;9;10;11;12;13;14;15,El Cerrito Del Norte,1210,1500210,1000017,-122.316968,37.925104999999995,1,3,Orange-N,Berryessa/North San Jose to Richmond,metro_service_node,3.2,3.2:0;1;2;3;4;5;6;7;8;9;10;11;12;13;14;15,,Bay Area Rapid Transit,POINT (-122.316968 37.925104999999995),0,,
3.2.DELN:0;1;2;3;4;6;7;8;9;10;11;12;13;14;15;16;17;18;19;20;21,El Cerrito Del Norte,1211,1500211,1000017,-122.316968,37.925104999999995,1,3,Orange-N,Berryessa/North San Jose to Richmond,metro_service_node,3.2,3.2:0;1;2;3;4;6;7;8;9;10;11;12;13;14;15;16;17;18;19;20;21,,Bay Area Rapid Transit,POINT (-122.316968 37.925104999999995),0,,
3.2.DELN:0;1;3;4;5;6;7;8;9;10;11;12;13;14;15;16;17;18,El Cerrito Del Norte,1212,1500212,1000017,-122.316968,37.925104999999995,1,3,Orange-N,Berryessa/North San Jose to Richmond,metro_service_node,3.2,3.2:0;1;3;4;5;6;7;8;9;10;11;12;13;14;15;16;17;18,,Bay Area Rapid Transit,POINT (-122.316968 37.925104999999995),0,,
3.2.FRMT:0;1;2;3;4;6;7;8;9;10;11;12;13;14;15;16;17;18;19;20;21,Fremont,1213,1500213,1000020,-121.976705,37.557413,1,3,Orange-N,Berryessa/North San Jose to Richmond,metro_service_node,3.2,3.2:0;1;2;3;4;6;7;8;9;10;11;12;13;14;15;16;17;18;19;20;21,,Bay Area Rapid Transit,POINT (-121.97670500000001 37.557413),0,,
3.2.FRMT:0;1;3;4;5;6;7;8;9;10;11;12;13;14;15;16;17;18,Fremont,1214,1500214,1000020,-121.976705,37.557413,1,3,Orange-N,Berryessa/North San Jose to Richmond,metro_service_node,3.2,3.2:0;1;3;4;5;6;7;8;9;10;11;12;13;14;15;16;17;18,,Bay Area Rapid Transit,POINT (-121.97670500000001 37.557413),1,,
3.2.FTVL:0;1;2;3;4;5;6;7;8;9;10;11;12;13;14;15,Fruitvale,1215,1500215,1000021,-122.224167,37.774773,1,3,Orange-N,Berryessa/North San Jose to Richmond,metro_service_node,3.2,3.2:0;1;2;3;4;5;6;7;8;9;10;11;12;13;14;15,,Bay Area Rapid Transit,POINT (-122.22416700000001 37.774772999999996),0,,
3.2.FTVL:0;1;2;3;4;6;7;8;9;10;11;12;13;14;15;16;17;18;19;20;21,Fruitvale,1216,1500216,1000021,-122.224167,37.774773,1,3,Orange-N,Berryessa/North San Jose to Richmond,metro_service_node,3.2,3.2:0;1;2;3;4;6;7;8;9;10;11;12;13;14;15;16;17;18;19;20;21,,Bay Area Rapid Transit,POINT (-122.22416700000001 37.774772999999996),0,,
3.2.FTVL:0;1;3;4;5;6;7;8;9;10;11;12;13;14;15;16;17;18,Fruitvale,1217,1500217,1000021,-122.224167,37.774773,1,3,Orange-N,Berryessa/North San Jose to Richmond,metro_service_node,3.2,3.2:0;1;3;4;5;6;7;8;9;10;11;12;13;14;15;16;17;18,,Bay Area Rapid Transit,POINT (-122.22416700000001 37.774772999999996),0,,
3.2.HAYW:0;1;2;3;4;5;6;7;8;9;10;11;12;13;14;15,Hayward,1218,1500218,1000023,-122.087041,37.669630999999995,1,3,Orange-N,Berryessa/North San Jose to Richmond,metro_service_node,3.2,3.2:0;1;2;3;4;5;6;7;8;9;10;11;12;13;14;15,,Bay Area Rapid Transit,POINT (-122.087041 37.669630999999995),0,,
3.2.HAYW:0;1;2;3;4;6;7;8;9;10;11;12;13;14;15;16;17;18;19;20;21,Hayward,1219,1500219,1000023,-122.087041,37.669630999999995,1,3,Orange-N,Berryessa/North San Jose to Richmond,metro_service_node,3.2,3.2:0;1;2;3;4;6;7;8;9;10;11;12;13;14;15;16;17;18;19;20;21,,Bay Area Rapid Transit,POINT (-122.087041 37.669630999999995),0,,
3.2.HAYW:0;1;3;4;5;6;7;8;9;10;11;12;13;14;15;16;17;18,Hayward,1220,1500220,1000023,-122.087041,37.669630999999995,1,3,Orange-N,Berryessa/North San Jose to Richmond,metro_service_node,3.2,3.2:0;1;3;4;5;6;7;8;9;10;11;12;13;14;15;16;17;18,,Bay Area Rapid Transit,POINT (-122.087041 37.669630999999995),0,,
3.2.LAKE:0;1;2;3;4;5;6;7;8;9;10;11;12;13;14;15,Lake Merritt,1221,1500221,1000025,-122.265332,37.797256999999995,1,3,Orange-N,Berryessa/North San Jose to Richmond,metro_service_node,3.2,3.2:0;1;2;3;4;5;6;7;8;9;10;11;12;13;14;15,,Bay Area Rapid Transit,POINT (-122.265332 37.797256999999995),0,,
3.2.LAKE:0;1;2;3;4;6;7;8;9;10;11;12;13;14;15;16;17;18;19;20;21,Lake Merritt,1222,1500222,1000025,-122.265332,37.797256999999995,1,3,Orange-N,Berryessa/North San Jose to Richmond,metro_service_node,3.2,3.2:0;1;2;3;4;6;7;8;9;10;11;12;13;14;15;16;17;18;19;20;21,,Bay Area Rapid Transit,POINT (-122.265332 37.797256999999995),0,,
3.2.LAKE:0;1;3;4;5;6;7;8;9;10;11;12;13;14;15;16;17;18,Lake Merritt,1223,1500223,1000025,-122.265332,37.797256999999995,1,3,Orange-N,Berryessa/North San Jose to Richmond,metro_service_node,3.2,3.2:0;1;3;4;5;6;7;8;9;10;11;12;13;14;15;16;17;18,,Bay Area Rapid Transit,POINT (-122.265332 37.797256999999995),0,,
3.2.MCAR:0;1;2;3;4;5;6;7;8;9;10;11;12;13;14;15,MacArthur,1224,1500224,1000026,-122.267263,37.828714,1,3,Orange-N,Berryessa/North San Jose to Richmond,metro_service_node,3.2,3.2:0;1;2;3;4;5;6;7;8;9;10;11;12;13;14;15,,Bay Area Rapid Transit,POINT (-122.267263 37.828714),0,,
3.2.MCAR:0;1;2;3;4;6;7;8;9;10;11;12;13;14;15;16;17;18;19;20;21,MacArthur,1225,1500225,1000026,-122.267263,37.828714,1,3,Orange-N,Berryessa/North San Jose to Richmond,metro_service_node,3.2,3.2:0;1;2;3;4;6;7;8;9;10;11;12;13;14;15;16;17;18;19;20;21,,Bay Area Rapid Transit,POINT (-122.267263 37.828714),0,,
3.2.MCAR:0;1;3;4;5;6;7;8;9;10;11;12;13;14;15;16;17;18,MacArthur,1226,1500226,1000026,-122.267263,37.828714,1,3,Orange-N,Berryessa/North San Jose to Richmond,metro_service_node,3.2,3.2:0;1;3;4;5;6;7;8;9;10;11;12;13;14;15;16;17;18,,Bay Area Rapid Transit,POINT (-122.267263 37.828714),0,,
3.2.MLPT:0;1;2;3;4;6;7;8;9;10;11;12;13;14;15;16;17;18;19;20;21,Milpitas,1227,1500227,1000028,-121.890903,37.409735999999995,1,3,Orange-N,Berryessa/North San Jose to Richmond,metro_service_node,3.2,3.2:0;1;2;3;4;6;7;8;9;10;11;12;13;14;15;16;17;18;19;20;21,,Bay Area Rapid Transit,POINT (-121.89090300000001 37.409735999999995),0,,
3.2.NBRK:0;1;2;3;4;5;6;7;8;9;10;11;12;13;14;15,North Berkeley,1228,1500228,1000030,-122.283608,37.873932,1,3,Orange-N,Berryessa/North San Jose to Richmond,metro_service_node,3.2,3.2:0;1;2;3;4;5;6;7;8;9;10;11;12;13;14;15,,Bay Area Rapid Transit,POINT (-122.283608 37.873931999999996),0,,
3.2.NBRK:0;1;2;3;4;6;7;8;9;10;11;12;13;14;15;16;17;18;19;20;21,North Berkeley,1229,1500229,1000030,-122.283608,37.873932,1,3,Orange-N,Berryessa/North San Jose to Richmond,metro_service_node,3.2,3.2:0;1;2;3;4;6;7;8;9;10;11;12;13;14;15;16;17;18;19;20;21,,Bay Area Rapid Transit,POINT (-122.283608 37.873931999999996),0,,
3.2.NBRK:0;1;3;4;5;6;7;8;9;10;11;12;13;14;15;16;17;18,North Berkeley,1230,1500230,1000030,-122.283608,37.873932,1,3,Orange-N,Berryessa/North San Jose to Richmond,metro_service_node,3.2,3.2:0;1;3;4;5;6;7;8;9;10;11;12;13;14;15;16;17;18,,Bay Area Rapid Transit,POINT (-122.283608 37.873931999999996),0,,
3.2.PLZA:0;1;2;3;4;5;6;7;8;9;10;11;12;13;14;15,El Cerrito Plaza,1231,1500231,1000037,-122.298995,37.902533,1,3,Orange-N,Berryessa/North San Jose to Richmond,metro_service_node,3.2,3.2:0;1;2;3;4;5;6;7;8;9;10;11;12;13;14;15,,Bay Area Rapid Transit,POINT (-122.298995 37.902533),0,,
3.2.PLZA:0;1;2;3;4;6;7;8;9;10;11;12;13;14;15;16;17;18;19;20;21,El Cerrito Plaza,1232,1500232,1000037,-122.298995,37.902533,1,3,Orange-N,Berryessa/North San Jose to Richmond,metro_service_node,3.2,3.2:0;1;2;3;4;6;7;8;9;10;11;12;13;14;15;16;17;18;19;20;21,,Bay Area Rapid Transit,POINT (-122.298995 37.902533),0,,
3.2.PLZA:0;1;3;4;5;6;7;8;9;10;11;12;13;14;15;16;17;18,El Cerrito Plaza,1233,1500233,1000037,-122.298995,37.902533,1,3,Orange-N,Berryessa/North San Jose to Richmond,metro_service_node,3.2,3.2:0;1;3;4;5;6;7;8;9;10;11;12;13;14;15;16;17;18,,Bay Area Rapid Transit,POINT (-122.298995 37.902533),0,,
3.2.RICH:0;1;2;3;4;5;6;7;8;9;10;11;12;13;14;15,Richmond,1234,1500234,1000039,-122.353104,37.93669499999999,1,3,Orange-N,Berryessa/North San Jose to Richmond,metro_service_node,3.2,3.2:0;1;2;3;4;5;6;7;8;9;10;11;12;13;14;15,,Bay Area Rapid Transit,POINT (-122.353104 37.93669499999999),1,,
3.2.RICH:0;1;2;3;4;6;7;8;9;10;11;12;13;14;15;16;17;18;19;20;21,Richmond,1235,1500235,1000039,-122.353104,37.93669499999999,1,3,Orange-N,Berryessa/North San Jose to Richmond,metro_service_node,3.2,3.2:0;1;2;3;4;6;7;8;9;10;11;12;13;14;15;16;17;18;19;20;21,,Bay Area Rapid Transit,POINT (-122.353104 37.93669499999999),1,,
3.2.RICH:0;1;3;4;5;6;7;8;9;10;11;12;13;14;15;16;17;18,Richmond,1236,1500236,1000039,-122.353104,37.93669499999999,1,3,Orange-N,Berryessa/North San Jose to Richmond,metro_service_node,3.2,3.2:0;1;3;4;5;6;7;8;9;10;11;12;13;14;15;16;17;18,,Bay Area Rapid Transit,POINT (-122.353104 37.93669499999999),1,,
3.2.SANL:0;1;2;3;4;5;6;7;8;9;10;11;12;13;14;15,San Leandro,1237,1500237,1000041,-122.160813,37.721706,1,3,Orange-N,Berryessa/North San Jose to Richmond,metro_service_node,3.2,3.2:0;1;2;3;4;5;6;7;8;9;10;11;12;13;14;15,,Bay Area Rapid Transit,POINT (-122.160813 37.721706),0,,
3.2.SANL:0;1;2;3;4;6;7;8;9;10;11;12;13;14;15;16;17;18;19;20;21,San Leandro,1238,1500238,1000041,-122.160813,37.721706,1,3,Orange-N,Berryessa/North San Jose to Richmond,metro_service_node,3.2,3.2:0;1;2;3;4;6;7;8;9;10;11;12;13;14;15;16;17;18;19;20;21,,Bay Area Rapid Transit,POINT (-122.160813 37.721706),0,,
3.2.SANL:0;1;3;4;5;6;7;8;9;10;11;12;13;14;15;16;17;18,San Leandro,1239,1500239,1000041,-122.160813,37.721706,1,3,Orange-N,Berryessa/North San Jose to Richmond,metro_service_node,3.2,3.2:0;1;3;4;5;6;7;8;9;10;11;12;13;14;15;16;17;18,,Bay Area Rapid Transit,POINT (-122.160813 37.721706),0,,
3.2.SHAY:0;1;2;3;4;5;6;7;8;9;10;11;12;13;14;15,South Hayward,1240,1500240,1000044,-122.057258,37.634263,1,3,Orange-N,Berryessa/North San Jose to Richmond,metro_service_node,3.2,3.2:0;1;2;3;4;5;6;7;8;9;10;11;12;13;14;15,,Bay Area Rapid Transit,POINT (-122.057258 37.634263),1,,
3.2.SHAY:0;1;2;3;4;6;7;8;9;10;11;12;13;14;15;16;17;18;19;20;21,South Hayward,1241,1500241,1000044,-122.057258,37.634263,1,3,Orange-N,Berryessa/North San Jose to Richmond,metro_service_node,3.2,3.2:0;1;2;3;4;6;7;8;9;10;11;12;13;14;15;16;17;18;19;20;21,,Bay Area Rapid Transit,POINT (-122.057258 37.634263),0,,
3.2.SHAY:0;1;3;4;5;6;7;8;9;10;11;12;13;14;15;16;17;18,South Hayward,1242,1500242,1000044,-122.057258,37.634263,1,3,Orange-N,Berryessa/North San Jose to Richmond,metro_service_node,3.2,3.2:0;1;3;4;5;6;7;8;9;10;11;12;13;14;15;16;17;18,,Bay Area Rapid Transit,POINT (-122.057258 37.634263),0,,
3.2.UCTY:0;1;2;3;4;6;7;8;9;10;11;12;13;14;15;16;17;18;19;20;21,Union City,1243,1500243,1000046,-122.01733,37.590664999999994,1,3,Orange-N,Berryessa/North San Jose to Richmond,metro_service_node,3.2,3.2:0;1;2;3;4;6;7;8;9;10;11;12;13;14;15;16;17;18;19;20;21,,Bay Area Rapid Transit,POINT (-122.01733 37.590664999999994),0,,
3.2.UCTY:0;1;3;4;5;6;7;8;9;10;11;12;13;14;15;16;17;18,Union City,1244,1500244,1000046,-122.01733,37.590664999999994,1,3,Orange-N,Berryessa/North San Jose to Richmond,metro_service_node,3.2,3.2:0;1;3;4;5;6;7;8;9;10;11;12;13;14;15;16;17;18,,Bay Area Rapid Transit,POINT (-122.01733 37.590664999999994),0,,
3.2.WARM:0;1;2;3;4;6;7;8;9;10;11;12;13;14;15;16;17;18;19;20;21,Warm Springs / South Fremont,1245,1500245,1000047,-121.939458,37.502207,1,3,Orange-N,Berryessa/North San Jose to Richmond,metro_service_node,3.2,3.2:0;1;2;3;4;6;7;8;9;10;11;12;13;14;15;16;17;18;19;20;21,,Bay Area Rapid Transit,POINT (-121.939458 37.502207),0,,
4.1.12TH:0;1;2;3;4;5;6;7;8;9;10;11;12;13;14;15;17;18;19;20;21,12th Street / Oakland City Center,1246,1500246,1000001,-122.271689,37.803371,1,4,Orange-S,Richmond to Berryessa/North San Jose,metro_service_node,4.1,4.1:0;1;2;3;4;5;6;7;8;9;10;11;12;13;14;15;17;18;19;20;21,,Bay Area Rapid Transit,POINT (-122.27168900000001 37.803371),0,,
4.1.19TH:0;1;2;3;4;5;6;7;8;9;10;11;12;13;14;15;17;18;19;20;21,19th Street Oakland,1247,1500247,1000003,-122.268822,37.807959999999994,1,4,Orange-S,Richmond to Berryessa/North San Jose,metro_service_node,4.1,4.1:0;1;2;3;4;5;6;7;8;9;10;11;12;13;14;15;17;18;19;20;21,,Bay Area Rapid Transit,POINT (-122.268822 37.807959999999994),0,,
4.1.ASHB:0;1;2;3;4;5;6;7;8;9;10;11;12;13;14;15;17;18;19;20;21,Ashby,1248,1500248,1000006,-122.26985,37.852968999999995,1,4,Orange-S,Richmond to Berryessa/North San Jose,metro_service_node,4.1,4.1:0;1;2;3;4;5;6;7;8;9;10;11;12;13;14;15;17;18;19;20;21,,Bay Area Rapid Transit,POINT (-122.26985 37.852968999999995),0,,
4.1.BAYF:0;1;2;3;4;5;6;7;8;9;10;11;12;13;14;15;17;18;19;20;21,Bay Fair,1249,1500249,1000008,-122.126531,37.696838,1,4,Orange-S,Richmond to Berryessa/North San Jose,metro_service_node,4.1,4.1:0;1;2;3;4;5;6;7;8;9;10;11;12;13;14;15;17;18;19;20;21,,Bay Area Rapid Transit,POINT (-122.126531 37.696838),0,,
4.1.BERY:0;1;2;3;4;5;6;7;8;9;10;11;12;13;14;15;17;18;19;20;21,Berryessa / North San Jose,1250,1500250,1000009,-121.874761,37.368395,1,4,Orange-S,Richmond to Berryessa/North San Jose,metro_service_node,4.1,4.1:0;1;2;3;4;5;6;7;8;9;10;11;12;13;14;15;17;18;19;20;21,,Bay Area Rapid Transit,POINT (-121.874761 37.368395),1,,
4.1.COLS:0;1;2;3;4;5;6;7;8;9;10;11;12;13;14;15;17;18;19;20;21,Coliseum,1251,1500251,1000013,-122.196798,37.753504,1,4,Orange-S,Richmond to Berryessa/North San Jose,metro_service_node,4.1,4.1:0;1;2;3;4;5;6;7;8;9;10;11;12;13;14;15;17;18;19;20;21,,Bay Area Rapid Transit,POINT (-122.196798 37.753504),0,,
4.1.DBRK:0;1;2;3;4;5;6;7;8;9;10;11;12;13;14;15;17;18;19;20;21,Downtown Berkeley,1252,1500252,1000016,-122.268178,37.870017,1,4,Orange-S,Richmond to Berryessa/North San Jose,metro_service_node,4.1,4.1:0;1;2;3;4;5;6;7;8;9;10;11;12;13;14;15;17;18;19;20;21,,Bay Area Rapid Transit,POINT (-122.268178 37.870017),0,,
4.1.DELN:0;1;2;3;4;5;6;7;8;9;10;11;12;13;14;15;17;18;19;20;21,El Cerrito Del Norte,1253,1500253,1000017,-122.316968,37.925104999999995,1,4,Orange-S,Richmond to Berryessa/North San Jose,metro_service_node,4.1,4.1:0;1;2;3;4;5;6;7;8;9;10;11;12;13;14;15;17;18;19;20;21,,Bay Area Rapid Transit,POINT (-122.316968 37.925104999999995),0,,
4.1.FRMT:0;1;2;3;4;5;6;7;8;9;10;11;12;13;14;15;17;18;19;20;21,Fremont,1254,1500254,1000020,-121.976705,37.557413,1,4,Orange-S,Richmond to Berryessa/North San Jose,metro_service_node,4.1,4.1:0;1;2;3;4;5;6;7;8;9;10;11;12;13;14;15;17;18;19;20;21,,Bay Area Rapid Transit,POINT (-121.97670500000001 37.557413),0,,
4.1.FTVL:0;1;2;3;4;5;6;7;8;9;10;11;12;13;14;15;17;18;19;20;21,Fruitvale,1255,1500255,1000021,-122.224167,37.774773,1,4,Orange-S,Richmond to Berryessa/North San Jose,metro_service_node,4.1,4.1:0;1;2;3;4;5;6;7;8;9;10;11;12;13;14;15;17;18;19;20;21,,Bay Area Rapid Transit,POINT (-122.22416700000001 37.774772999999996),0,,
4.1.HAYW:0;1;2;3;4;5;6;7;8;9;10;11;12;13;14;15;17;18;19;20;21,Hayward,1256,1500256,1000023,-122.087041,37.669630999999995,1,4,Orange-S,Richmond to Berryessa/North San Jose,metro_service_node,4.1,4.1:0;1;2;3;4;5;6;7;8;9;10;11;12;13;14;15;17;18;19;20;21,,Bay Area Rapid Transit,POINT (-122.087041 37.669630999999995),0,,
4.1.LAKE:0;1;2;3;4;5;6;7;8;9;10;11;12;13;14;15;17;18;19;20;21,Lake Merritt,1257,1500257,1000025,-122.265332,37.797256999999995,1,4,Orange-S,Richmond to Berryessa/North San Jose,metro_service_node,4.1,4.1:0;1;2;3;4;5;6;7;8;9;10;11;12;13;14;15;17;18;19;20;21,,Bay Area Rapid Transit,POINT (-122.265332 37.797256999999995),0,,
4.1.MCAR:0;1;2;3;4;5;6;7;8;9;10;11;12;13;14;15;17;18;19;20;21,MacArthur,1258,1500258,1000026,-122.267263,37.828714,1,4,Orange-S,Richmond to Berryessa/North San Jose,metro_service_node,4.1,4.1:0;1;2;3;4;5;6;7;8;9;10;11;12;13;14;15;17;18;19;20;21,,Bay Area Rapid Transit,POINT (-122.267263 37.828714),0,,
4.1.MLPT:0;1;2;3;4;5;6;7;8;9;10;11;12;13;14;15;17;18;19;20;21,Milpitas,1259,1500259,1000028,-121.890903,37.409735999999995,1,4,Orange-S,Richmond to Berryessa/North San Jose,metro_service_node,4.1,4.1:0;1;2;3;4;5;6;7;8;9;10;11;12;13;14;15;17;18;19;20;21,,Bay Area Rapid Transit,POINT (-121.89090300000001 37.409735999999995),0,,
4.1.NBRK:0;1;2;3;4;5;6;7;8;9;10;11;12;13;14;15;17;18;19;20;21,North Berkeley,1260,1500260,1000030,-122.283608,37.873932,1,4,Orange-S,Richmond to Berryessa/North San Jose,metro_service_node,4.1,4.1:0;1;2;3;4;5;6;7;8;9;10;11;12;13;14;15;17;18;19;20;21,,Bay Area Rapid Transit,POINT (-122.283608 37.873931999999996),0,,
4.1.PLZA:0;1;2;3;4;5;6;7;8;9;10;11;12;13;14;15;17;18;19;20;21,El Cerrito Plaza,1261,1500261,1000037,-122.298995,37.902533,1,4,Orange-S,Richmond to Berryessa/North San Jose,metro_service_node,4.1,4.1:0;1;2;3;4;5;6;7;8;9;10;11;12;13;14;15;17;18;19;20;21,,Bay Area Rapid Transit,POINT (-122.298995 37.902533),0,,
4.1.RICH:0;1;2;3;4;5;6;7;8;9;10;11;12;13;14;15;17;18;19;20;21,Richmond,1262,1500262,1000039,-122.353104,37.93669499999999,1,4,Orange-S,Richmond to Berryessa/North San Jose,metro_service_node,4.1,4.1:0;1;2;3;4;5;6;7;8;9;10;11;12;13;14;15;17;18;19;20;21,,Bay Area Rapid Transit,POINT (-122.353104 37.93669499999999),1,,
4.1.SANL:0;1;2;3;4;5;6;7;8;9;10;11;12;13;14;15;17;18;19;20;21,San Leandro,1263,1500263,1000041,-122.160813,37.721706,1,4,Orange-S,Richmond to Berryessa/North San Jose,metro_service_node,4.1,4.1:0;1;2;3;4;5;6;7;8;9;10;11;12;13;14;15;17;18;19;20;21,,Bay Area Rapid Transit,POINT (-122.160813 37.721706),0,,
4.1.SHAY:0;1;2;3;4;5;6;7;8;9;10;11;12;13;14;15;17;18;19;20;21,South Hayward,1264,1500264,1000044,-122.057258,37.634263,1,4,Orange-S,Richmond to Berryessa/North San Jose,metro_service_node,4.1,4.1:0;1;2;3;4;5;6;7;8;9;10;11;12;13;14;15;17;18;19;20;21,,Bay Area Rapid Transit,POINT (-122.057258 37.634263),0,,
4.1.UCTY:0;1;2;3;4;5;6;7;8;9;10;11;12;13;14;15;17;18;19;20;21,Union City,1265,1500265,1000046,-122.01733,37.590664999999994,1,4,Orange-S,Richmond to Berryessa/North San Jose,metro_service_node,4.1,4.1:0;1;2;3;4;5;6;7;8;9;10;11;12;13;14;15;17;18;19;20;21,,Bay Area Rapid Transit,POINT (-122.01733 37.590664999999994),0,,
4.1.WARM:0;1;2;3;4;5;6;7;8;9;10;11;12;13;14;15;17;18;19;20;21,Warm Springs / South Fremont,1266,1500266,1000047,-121.939458,37.502207,1,4,Orange-S,Richmond to Berryessa/North San Jose,metro_service_node,4.1,4.1:0;1;2;3;4;5;6;7;8;9;10;11;12;13;14;15;17;18;19;20;21,,Bay Area Rapid Transit,POINT (-121.939458 37.502207),0,,
5.1.16TH:0;1;2;3;4;5;6;7;8;9;10;11;12;13;14;15;16,16th Street / Mission,1267,1500267,1000002,-122.419855,37.76507599999999,1,5,Green-S,Berryessa/North San Jose to Daly City,metro_service_node,5.1,5.1:0;1;2;3;4;5;6;7;8;9;10;11;12;13;14;15;16,,Bay Area Rapid Transit,POINT (-122.419855 37.76507599999999),0,,
5.1.16TH:0;1;2;3;4;6;7;8;9;10;11;12;13;14;15;16;17;18;19;20;21;22,16th Street / Mission,1268,1500268,1000002,-122.419855,37.76507599999999,1,5,Green-S,Berryessa/North San Jose to Daly City,metro_service_node,5.1,5.1:0;1;2;3;4;6;7;8;9;10;11;12;13;14;15;16;17;18;19;20;21;22,,Bay Area Rapid Transit,POINT (-122.419855 37.76507599999999),0,,
5.1.24TH:0;1;2;3;4;5;6;7;8;9;10;11;12;13;14;15;16,24th Street / Mission,1269,1500269,1000004,-122.418618,37.752322,1,5,Green-S,Berryessa/North San Jose to Daly City,metro_service_node,5.1,5.1:0;1;2;3;4;5;6;7;8;9;10;11;12;13;14;15;16,,Bay Area Rapid Transit,POINT (-122.41861800000001 37.752322),0,,
5.1.24TH:0;1;2;3;4;6;7;8;9;10;11;12;13;14;15;16;17;18;19;20;21;22,24th Street / Mission,1270,1500270,1000004,-122.418618,37.752322,1,5,Green-S,Berryessa/North San Jose to Daly City,metro_service_node,5.1,5.1:0;1;2;3;4;6;7;8;9;10;11;12;13;14;15;16;17;18;19;20;21;22,,Bay Area Rapid Transit,POINT (-122.41861800000001 37.752322),0,,
5.1.BALB:0;1;2;3;4;5;6;7;8;9;10;11;12;13;14;15;16,Balboa Park,1271,1500271,1000007,-122.44761,37.721658,1,5,Green-S,Berryessa/North San Jose to Daly City,metro_service_node,5.1,5.1:0;1;2;3;4;5;6;7;8;9;10;11;12;13;14;15;16,,Bay Area Rapid Transit,POINT (-122.44761 37.721658),0,,
5.1.BALB:0;1;2;3;4;6;7;8;9;10;11;12;13;14;15;16;17;18;19;20;21;22,Balboa Park,1272,1500272,1000007,-122.44761,37.721658,1,5,Green-S,Berryessa/North San Jose to Daly City,metro_service_node,5.1,5.1:0;1;2;3;4;6;7;8;9;10;11;12;13;14;15;16;17;18;19;20;21;22,,Bay Area Rapid Transit,POINT (-122.44761 37.721658),0,,
5.1.BAYF:0;1;2;3;4;5;6;7;8;9;10;11;12;13;14;15;16,Bay Fair,1273,1500273,1000008,-122.126531,37.696838,1,5,Green-S,Berryessa/North San Jose to Daly City,metro_service_node,5.1,5.1:0;1;2;3;4;5;6;7;8;9;10;11;12;13;14;15;16,,Bay Area Rapid Transit,POINT (-122.126531 37.696838),0,,
5.1.BAYF:0;1;2;3;4;6;7;8;9;10;11;12;13;14;15;16;17;18;19;20;21;22,Bay Fair,1274,1500274,1000008,-122.126531,37.696838,1,5,Green-S,Berryessa/North San Jose to Daly City,metro_service_node,5.1,5.1:0;1;2;3;4;6;7;8;9;10;11;12;13;14;15;16;17;18;19;20;21;22,,Bay Area Rapid Transit,POINT (-122.126531 37.696838),0,,
5.1.BERY:0;1;2;3;4;6;7;8;9;10;11;12;13;14;15;16;17;18;19;20;21;22,Berryessa / North San Jose,1275,1500275,1000009,-121.874761,37.368395,1,5,Green-S,Berryessa/North San Jose to Daly City,metro_service_node,5.1,5.1:0;1;2;3;4;6;7;8;9;10;11;12;13;14;15;16;17;18;19;20;21;22,,Bay Area Rapid Transit,POINT (-121.874761 37.368395),1,,
5.1.CIVC:0;1;2;3;4;5;6;7;8;9;10;11;12;13;14;15;16,Civic Center / UN Plaza,1276,1500276,1000011,-122.413979,37.779349999999994,1,5,Green-S,Berryessa/North San Jose to Daly City,metro_service_node,5.1,5.1:0;1;2;3;4;5;6;7;8;9;10;11;12;13;14;15;16,,Bay Area Rapid Transit,POINT (-122.413979 37.779349999999994),0,,
5.1.CIVC:0;1;2;3;4;6;7;8;9;10;11;12;13;14;15;16;17;18;19;20;21;22,Civic Center / UN Plaza,1277,1500277,1000011,-122.413979,37.779349999999994,1,5,Green-S,Berryessa/North San Jose to Daly City,metro_service_node,5.1,5.1:0;1;2;3;4;6;7;8;9;10;11;12;13;14;15;16;17;18;19;20;21;22,,Bay Area Rapid Transit,POINT (-122.413979 37.779349999999994),0,,
5.1.COLS:0;1;2;3;4;5;6;7;8;9;10;11;12;13;14;15;16,Coliseum,1278,1500278,1000013,-122.196798,37.753504,1,5,Green-S,Berryessa/North San Jose to Daly City,metro_service_node,5.1,5.1:0;1;2;3;4;5;6;7;8;9;10;11;12;13;14;15;16,,Bay Area Rapid Transit,POINT (-122.196798 37.753504),0,,
5.1.COLS:0;1;2;3;4;6;7;8;9;10;11;12;13;14;15;16;17;18;19;20;21;22,Coliseum,1279,1500279,1000013,-122.196798,37.753504,1,5,Green-S,Berryessa/North San Jose to Daly City,metro_service_node,5.1,5.1:0;1;2;3;4;6;7;8;9;10;11;12;13;14;15;16;17;18;19;20;21;22,,Bay Area Rapid Transit,POINT (-122.196798 37.753504),0,,
5.1.DALY:0;1;2;3;4;5;6;7;8;9;10;11;12;13;14;15;16,Daly City,1280,1500280,1000015,-122.469094,37.706204,1,5,Green-S,Berryessa/North San Jose to Daly City,metro_service_node,5.1,5.1:0;1;2;3;4;5;6;7;8;9;10;11;12;13;14;15;16,,Bay Area Rapid Transit,POINT (-122.469094 37.706204),1,,
5.1.DALY:0;1;2;3;4;6;7;8;9;10;11;12;13;14;15;16;17;18;19;20;21;22,Daly City,1281,1500281,1000015,-122.469094,37.706204,1,5,Green-S,Berryessa/North San Jose to Daly City,metro_service_node,5.1,5.1:0;1;2;3;4;6;7;8;9;10;11;12;13;14;15;16;17;18;19;20;21;22,,Bay Area Rapid Transit,POINT (-122.469094 37.706204),1,,
5.1.EMBR:0;1;2;3;4;5;6;7;8;9;10;11;12;13;14;15;16,Embarcadero,1282,1500282,1000019,-122.39718,37.792689,1,5,Green-S,Berryessa/North San Jose to Daly City,metro_service_node,5.1,5.1:0;1;2;3;4;5;6;7;8;9;10;11;12;13;14;15;16,,Bay Area Rapid Transit,POINT (-122.39718 37.792688999999996),0,,
5.1.EMBR:0;1;2;3;4;6;7;8;9;10;11;12;13;14;15;16;17;18;19;20;21;22,Embarcadero,1283,1500283,1000019,-122.39718,37.792689,1,5,Green-S,Berryessa/North San Jose to Daly City,metro_service_node,5.1,5.1:0;1;2;3;4;6;7;8;9;10;11;12;13;14;15;16;17;18;19;20;21;22,,Bay Area Rapid Transit,POINT (-122.39718 37.792688999999996),0,,
5.1.FRMT:0;1;2;3;4;6;7;8;9;10;11;12;13;14;15;16;17;18;19;20;21;22,Fremont,1284,1500284,1000020,-121.976705,37.557413,1,5,Green-S,Berryessa/North San Jose to Daly City,metro_service_node,5.1,5.1:0;1;2;3;4;6;7;8;9;10;11;12;13;14;15;16;17;18;19;20;21;22,,Bay Area Rapid Transit,POINT (-121.97670500000001 37.557413),0,,
5.1.FTVL:0;1;2;3;4;5;6;7;8;9;10;11;12;13;14;15;16,Fruitvale,1285,1500285,1000021,-122.224167,37.774773,1,5,Green-S,Berryessa/North San Jose to Daly City,metro_service_node,5.1,5.1:0;1;2;3;4;5;6;7;8;9;10;11;12;13;14;15;16,,Bay Area Rapid Transit,POINT (-122.22416700000001 37.774772999999996),0,,
5.1.FTVL:0;1;2;3;4;6;7;8;9;10;11;12;13;14;15;16;17;18;19;20;21;22,Fruitvale,1286,1500286,1000021,-122.224167,37.774773,1,5,Green-S,Berryessa/North San Jose to Daly City,metro_service_node,5.1,5.1:0;1;2;3;4;6;7;8;9;10;11;12;13;14;15;16;17;18;19;20;21;22,,Bay Area Rapid Transit,POINT (-122.22416700000001 37.774772999999996),0,,
5.1.GLEN:0;1;2;3;4;5;6;7;8;9;10;11;12;13;14;15;16,Glen Park,1287,1500287,1000022,-122.433657,37.733169,1,5,Green-S,Berryessa/North San Jose to Daly City,metro_service_node,5.1,5.1:0;1;2;3;4;5;6;7;8;9;10;11;12;13;14;15;16,,Bay Area Rapid Transit,POINT (-122.433657 37.733169),0,,
5.1.GLEN:0;1;2;3;4;6;7;8;9;10;11;12;13;14;15;16;17;18;19;20;21;22,Glen Park,1288,1500288,1000022,-122.433657,37.733169,1,5,Green-S,Berryessa/North San Jose to Daly City,metro_service_node,5.1,5.1:0;1;2;3;4;6;7;8;9;10;11;12;13;14;15;16;17;18;19;20;21;22,,Bay Area Rapid Transit,POINT (-122.433657 37.733169),0,,
5.1.HAYW:0;1;2;3;4;5;6;7;8;9;10;11;12;13;14;15;16,Hayward,1289,1500289,1000023,-122.087041,37.669630999999995,1,5,Green-S,Berryessa/North San Jose to Daly City,metro_service_node,5.1,5.1:0;1;2;3;4;5;6;7;8;9;10;11;12;13;14;15;16,,Bay Area Rapid Transit,POINT (-122.087041 37.669630999999995),0,,
5.1.HAYW:0;1;2;3;4;6;7;8;9;10;11;12;13;14;15;16;17;18;19;20;21;22,Hayward,1290,1500290,1000023,-122.087041,37.669630999999995,1,5,Green-S,Berryessa/North San Jose to Daly City,metro_service_node,5.1,5.1:0;1;2;3;4;6;7;8;9;10;11;12;13;14;15;16;17;18;19;20;21;22,,Bay Area Rapid Transit,POINT (-122.087041 37.669630999999995),0,,
5.1.LAKE:0;1;2;3;4;5;6;7;8;9;10;11;12;13;14;15;16,Lake Merritt,1291,1500291,1000025,-122.265332,37.797256999999995,1,5,Green-S,Berryessa/North San Jose to Daly City,metro_service_node,5.1,5.1:0;1;2;3;4;5;6;7;8;9;10;11;12;13;14;15;16,,Bay Area Rapid Transit,POINT (-122.265332 37.797256999999995),0,,
5.1.LAKE:0;1;2;3;4;6;7;8;9;10;11;12;13;14;15;16;17;18;19;20;21;22,Lake Merritt,1292,1500292,1000025,-122.265332,37.797256999999995,1,5,Green-S,Berryessa/North San Jose to Daly City,metro_service_node,5.1,5.1:0;1;2;3;4;6;7;8;9;10;11;12;13;14;15;16;17;18;19;20;21;22,,Bay Area Rapid Transit,POINT (-122.265332 37.797256999999995),0,,
5.1.MLPT:0;1;2;3;4;6;7;8;9;10;11;12;13;14;15;16;17;18;19;20;21;22,Milpitas,1293,1500293,1000028,-121.890903,37.409735999999995,1,5,Green-S,Berryessa/North San Jose to Daly City,metro_service_node,5.1,5.1:0;1;2;3;4;6;7;8;9;10;11;12;13;14;15;16;17;18;19;20;21;22,,Bay Area Rapid Transit,POINT (-121.89090300000001 37.409735999999995),0,,
5.1.MONT:0;1;2;3;4;5;6;7;8;9;10;11;12;13;14;15;16,Montgomery Street,1294,1500294,1000029,-122.401742,37.78911299999999,1,5,Green-S,Berryessa/North San Jose to Daly City,metro_service_node,5.1,5.1:0;1;2;3;4;5;6;7;8;9;10;11;12;13;14;15;16,,Bay Area Rapid Transit,POINT (-122.401742 37.78911299999999),0,,
5.1.MONT:0;1;2;3;4;6;7;8;9;10;11;12;13;14;15;16;17;18;19;20;21;22,Montgomery Street,1295,1500295,1000029,-122.401742,37.78911299999999,1,5,Green-S,Berryessa/North San Jose to Daly City,metro_service_node,5.1,5.1:0;1;2;3;4;6;7;8;9;10;11;12;13;14;15;16;17;18;19;20;21;22,,Bay Area Rapid Transit,POINT (-122.401742 37.78911299999999),0,,
5.1.POWL:0;1;2;3;4;5;6;7;8;9;10;11;12;13;14;15;16,Powell Street,1296,1500296,1000038,-122.407487,37.784544999999994,1,5,Green-S,Berryessa/North San Jose to Daly City,metro_service_node,5.1,5.1:0;1;2;3;4;5;6;7;8;9;10;11;12;13;14;15;16,,Bay Area Rapid Transit,POINT (-122.407487 37.784544999999994),0,,
5.1.POWL:0;1;2;3;4;6;7;8;9;10;11;12;13;14;15;16;17;18;19;20;21;22,Powell Street,1297,1500297,1000038,-122.407487,37.784544999999994,1,5,Green-S,Berryessa/North San Jose to Daly City,metro_service_node,5.1,5.1:0;1;2;3;4;6;7;8;9;10;11;12;13;14;15;16;17;18;19;20;21;22,,Bay Area Rapid Transit,POINT (-122.407487 37.784544999999994),0,,
5.1.SANL:0;1;2;3;4;5;6;7;8;9;10;11;12;13;14;15;16,San Leandro,1298,1500298,1000041,-122.160813,37.721706,1,5,Green-S,Berryessa/North San Jose to Daly City,metro_service_node,5.1,5.1:0;1;2;3;4;5;6;7;8;9;10;11;12;13;14;15;16,,Bay Area Rapid Transit,POINT (-122.160813 37.721706),0,,
5.1.SANL:0;1;2;3;4;6;7;8;9;10;11;12;13;14;15;16;17;18;19;20;21;22,San Leandro,1299,1500299,1000041,-122.160813,37.721706,1,5,Green-S,Berryessa/North San Jose to Daly City,metro_service_node,5.1,5.1:0;1;2;3;4;6;7;8;9;10;11;12;13;14;15;16;17;18;19;20;21;22,,Bay Area Rapid Transit,POINT (-122.160813 37.721706),0,,
5.1.SHAY:0;1;2;3;4;5;6;7;8;9;10;11;12;13;14;15;16,South Hayward,1300,1500300,1000044,-122.057258,37.634263,1,5,Green-S,Berryessa/North San Jose to Daly City,metro_service_node,5.1,5.1:0;1;2;3;4;5;6;7;8;9;10;11;12;13;14;15;16,,Bay Area Rapid Transit,POINT (-122.057258 37.634263),1,,
5.1.SHAY:0;1;2;3;4;6;7;8;9;10;11;12;13;14;15;16;17;18;19;20;21;22,South Hayward,1301,1500301,1000044,-122.057258,37.634263,1,5,Green-S,Berryessa/North San Jose to Daly City,metro_service_node,5.1,5.1:0;1;2;3;4;6;7;8;9;10;11;12;13;14;15;16;17;18;19;20;21;22,,Bay Area Rapid Transit,POINT (-122.057258 37.634263),0,,
5.1.UCTY:0;1;2;3;4;6;7;8;9;10;11;12;13;14;15;16;17;18;19;20;21;22,Union City,1302,1500302,1000046,-122.01733,37.590664999999994,1,5,Green-S,Berryessa/North San Jose to Daly City,metro_service_node,5.1,5.1:0;1;2;3;4;6;7;8;9;10;11;12;13;14;15;16;17;18;19;20;21;22,,Bay Area Rapid Transit,POINT (-122.01733 37.590664999999994),0,,
5.1.WARM:0;1;2;3;4;6;7;8;9;10;11;12;13;14;15;16;17;18;19;20;21;22,Warm Springs / South Fremont,1303,1500303,1000047,-121.939458,37.502207,1,5,Green-S,Berryessa/North San Jose to Daly City,metro_service_node,5.1,5.1:0;1;2;3;4;6;7;8;9;10;11;12;13;14;15;16;17;18;19;20;21;22,,Bay Area Rapid Transit,POINT (-121.939458 37.502207),0,,
5.1.WOAK:0;1;2;3;4;5;6;7;8;9;10;11;12;13;14;15;16,West Oakland,1304,1500304,1000050,-122.295244,37.804823,1,5,Green-S,Berryessa/North San Jose to Daly City,metro_service_node,5.1,5.1:0;1;2;3;4;5;6;7;8;9;10;11;12;13;14;15;16,,Bay Area Rapid Transit,POINT (-122.295244 37.804823),0,,
5.1.WOAK:0;1;2;3;4;6;7;8;9;10;11;12;13;14;15;16;17;18;19;20;21;22,West Oakland,1305,1500305,1000050,-122.295244,37.804823,1,5,Green-S,Berryessa/North San Jose to Daly City,metro_service_node,5.1,5.1:0;1;2;3;4;6;7;8;9;10;11;12;13;14;15;16;17;18;19;20;21;22,,Bay Area Rapid Transit,POINT (-122.295244 37.804823),0,,
6.2.16TH:0;1;2;3;4;5;6;7;8;9;10;11;12;13;14;15;16;18;19;20;21;22,16th Street / Mission,1306,1500306,1000002,-122.419855,37.76507599999999,1,6,Green-N,Daly City to Berryessa/North San Jose,metro_service_node,6.2,6.2:0;1;2;3;4;5;6;7;8;9;10;11;12;13;14;15;16;18;19;20;21;22,,Bay Area Rapid Transit,POINT (-122.419855 37.76507599999999),0,,
6.2.24TH:0;1;2;3;4;5;6;7;8;9;10;11;12;13;14;15;16;18;19;20;21;22,24th Street / Mission,1307,1500307,1000004,-122.418618,37.752322,1,6,Green-N,Daly City to Berryessa/North San Jose,metro_service_node,6.2,6.2:0;1;2;3;4;5;6;7;8;9;10;11;12;13;14;15;16;18;19;20;21;22,,Bay Area Rapid Transit,POINT (-122.41861800000001 37.752322),0,,
6.2.BALB:0;1;2;3;4;5;6;7;8;9;10;11;12;13;14;15;16;18;19;20;21;22,Balboa Park,1308,1500308,1000007,-122.44761,37.721658,1,6,Green-N,Daly City to Berryessa/North San Jose,metro_service_node,6.2,6.2:0;1;2;3;4;5;6;7;8;9;10;11;12;13;14;15;16;18;19;20;21;22,,Bay Area Rapid Transit,POINT (-122.44761 37.721658),0,,
6.2.BAYF:0;1;2;3;4;5;6;7;8;9;10;11;12;13;14;15;16;18;19;20;21;22,Bay Fair,1309,1500309,1000008,-122.126531,37.696838,1,6,Green-N,Daly City to Berryessa/North San Jose,metro_service_node,6.2,6.2:0;1;2;3;4;5;6;7;8;9;10;11;12;13;14;15;16;18;19;20;21;22,,Bay Area Rapid Transit,POINT (-122.126531 37.696838),0,,
6.2.BERY:0;1;2;3;4,Berryessa / North San Jose,1310,1500310,1000009,-121.874761,37.368395,1,6,Green-N,Daly City to Berryessa/North San Jose,metro_service_node,6.2,6.2:0;1;2;3;4,,Bay Area Rapid Transit,POINT (-121.874761 37.368395),1,,
6.2.BERY:0;1;2;3;4;5;6;7;8;9;10;11;12;13;14;15;16;18;19;20;21;22,Berryessa / North San Jose,1311,1500311,1000009,-121.874761,37.368395,1,6,Green-N,Daly City to Berryessa/North San Jose,metro_service_node,6.2,6.2:0;1;2;3;4;5;6;7;8;9;10;11;12;13;14;15;16;18;19;20;21;22,,Bay Area Rapid Transit,POINT (-121.874761 37.368395),1,,
6.2.CIVC:0;1;2;3;4;5;6;7;8;9;10;11;12;13;14;15;16;18;19;20;21;22,Civic Center / UN Plaza,1312,1500312,1000011,-122.413979,37.779349999999994,1,6,Green-N,Daly City to Berryessa/North San Jose,metro_service_node,6.2,6.2:0;1;2;3;4;5;6;7;8;9;10;11;12;13;14;15;16;18;19;20;21;22,,Bay Area Rapid Transit,POINT (-122.413979 37.779349999999994),0,,
6.2.COLS:0;1;2;3;4;5;6;7;8;9;10;11;12;13;14;15;16;18;19;20;21;22,Coliseum,1313,1500313,1000013,-122.196798,37.753504,1,6,Green-N,Daly City to Berryessa/North San Jose,metro_service_node,6.2,6.2:0;1;2;3;4;5;6;7;8;9;10;11;12;13;14;15;16;18;19;20;21;22,,Bay Area Rapid Transit,POINT (-122.196798 37.753504),0,,
6.2.DALY:0;1;2;3;4;5;6;7;8;9;10;11;12;13;14;15;16;18;19;20;21;22,Daly City,1314,1500314,1000015,-122.469094,37.706204,1,6,Green-N,Daly City to Berryessa/North San Jose,metro_service_node,6.2,6.2:0;1;2;3;4;5;6;7;8;9;10;11;12;13;14;15;16;18;19;20;21;22,,Bay Area Rapid Transit,POINT (-122.469094 37.706204),1,,
6.2.EMBR:0;1;2;3;4;5;6;7;8;9;10;11;12;13;14;15;16;18;19;20;21;22,Embarcadero,1315,1500315,1000019,-122.39718,37.792689,1,6,Green-N,Daly City to Berryessa/North San Jose,metro_service_node,6.2,6.2:0;1;2;3;4;5;6;7;8;9;10;11;12;13;14;15;16;18;19;20;21;22,,Bay Area Rapid Transit,POINT (-122.39718 37.792688999999996),0,,
6.2.FRMT:0;1;2;3;4,Fremont,1316,1500316,1000020,-121.976705,37.557413,1,6,Green-N,Daly City to Berryessa/North San Jose,metro_service_node,6.2,6.2:0;1;2;3;4,,Bay Area Rapid Transit,POINT (-121.97670500000001 37.557413),0,,
6.2.FRMT:0;1;2;3;4;5;6;7;8;9;10;11;12;13;14;15;16;18;19;20;21;22,Fremont,1317,1500317,1000020,-121.976705,37.557413,1,6,Green-N,Daly City to Berryessa/North San Jose,metro_service_node,6.2,6.2:0;1;2;3;4;5;6;7;8;9;10;11;12;13;14;15;16;18;19;20;21;22,,Bay Area Rapid Transit,POINT (-121.97670500000001 37.557413),0,,
6.2.FTVL:0;1;2;3;4;5;6;7;8;9;10;11;12;13;14;15;16;18;19;20;21;22,Fruitvale,1318,1500318,1000021,-122.224167,37.774773,1,6,Green-N,Daly City to Berryessa/North San Jose,metro_service_node,6.2,6.2:0;1;2;3;4;5;6;7;8;9;10;11;12;13;14;15;16;18;19;20;21;22,,Bay Area Rapid Transit,POINT (-122.22416700000001 37.774772999999996),0,,
6.2.GLEN:0;1;2;3;4;5;6;7;8;9;10;11;12;13;14;15;16;18;19;20;21;22,Glen Park,1319,1500319,1000022,-122.433657,37.733169,1,6,Green-N,Daly City to Berryessa/North San Jose,metro_service_node,6.2,6.2:0;1;2;3;4;5;6;7;8;9;10;11;12;13;14;15;16;18;19;20;21;22,,Bay Area Rapid Transit,POINT (-122.433657 37.733169),0,,
6.2.HAYW:0;1;2;3;4;5;6;7;8;9;10;11;12;13;14;15;16;18;19;20;21;22,Hayward,1320,1500320,1000023,-122.087041,37.669630999999995,1,6,Green-N,Daly City to Berryessa/North San Jose,metro_service_node,6.2,6.2:0;1;2;3;4;5;6;7;8;9;10;11;12;13;14;15;16;18;19;20;21;22,,Bay Area Rapid Transit,POINT (-122.087041 37.669630999999995),0,,
6.2.LAKE:0;1;2;3;4;5;6;7;8;9;10;11;12;13;14;15;16;18;19;20;21;22,Lake Merritt,1321,1500321,1000025,-122.265332,37.797256999999995,1,6,Green-N,Daly City to Berryessa/North San Jose,metro_service_node,6.2,6.2:0;1;2;3;4;5;6;7;8;9;10;11;12;13;14;15;16;18;19;20;21;22,,Bay Area Rapid Transit,POINT (-122.265332 37.797256999999995),0,,
6.2.MLPT:0;1;2;3;4,Milpitas,1322,1500322,1000028,-121.890903,37.409735999999995,1,6,Green-N,Daly City to Berryessa/North San Jose,metro_service_node,6.2,6.2:0;1;2;3;4,,Bay Area Rapid Transit,POINT (-121.89090300000001 37.409735999999995),0,,
6.2.MLPT:0;1;2;3;4;5;6;7;8;9;10;11;12;13;14;15;16;18;19;20;21;22,Milpitas,1323,1500323,1000028,-121.890903,37.409735999999995,1,6,Green-N,Daly City to Berryessa/North San Jose,metro_service_node,6.2,6.2:0;1;2;3;4;5;6;7;8;9;10;11;12;13;14;15;16;18;19;20;21;22,,Bay Area Rapid Transit,POINT (-121.89090300000001 37.409735999999995),0,,
6.2.MONT:0;1;2;3;4;5;6;7;8;9;10;11;12;13;14;15;16;18;19;20;21;22,Montgomery Street,1324,1500324,1000029,-122.401742,37.78911299999999,1,6,Green-N,Daly City to Berryessa/North San Jose,metro_service_node,6.2,6.2:0;1;2;3;4;5;6;7;8;9;10;11;12;13;14;15;16;18;19;20;21;22,,Bay Area Rapid Transit,POINT (-122.401742 37.78911299999999),0,,
6.2.POWL:0;1;2;3;4;5;6;7;8;9;10;11;12;13;14;15;16;18;19;20;21;22,Powell Street,1325,1500325,1000038,-122.407487,37.784544999999994,1,6,Green-N,Daly City to Berryessa/North San Jose,metro_service_node,6.2,6.2:0;1;2;3;4;5;6;7;8;9;10;11;12;13;14;15;16;18;19;20;21;22,,Bay Area Rapid Transit,POINT (-122.407487 37.784544999999994),0,,
6.2.SANL:0;1;2;3;4;5;6;7;8;9;10;11;12;13;14;15;16;18;19;20;21;22,San Leandro,1326,1500326,1000041,-122.160813,37.721706,1,6,Green-N,Daly City to Berryessa/North San Jose,metro_service_node,6.2,6.2:0;1;2;3;4;5;6;7;8;9;10;11;12;13;14;15;16;18;19;20;21;22,,Bay Area Rapid Transit,POINT (-122.160813 37.721706),0,,
6.2.SHAY:0;1;2;3;4;5;6;7;8;9;10;11;12;13;14;15;16;18;19;20;21;22,South Hayward,1327,1500327,1000044,-122.057258,37.634263,1,6,Green-N,Daly City to Berryessa/North San Jose,metro_service_node,6.2,6.2:0;1;2;3;4;5;6;7;8;9;10;11;12;13;14;15;16;18;19;20;21;22,,Bay Area Rapid Transit,POINT (-122.057258 37.634263),0,,
6.2.UCTY:0;1;2;3;4,Union City,1328,1500328,1000046,-122.01733,37.590664999999994,1,6,Green-N,Daly City to Berryessa/North San Jose,metro_service_node,6.2,6.2:0;1;2;3;4,,Bay Area Rapid Transit,POINT (-122.01733 37.590664999999994),1,,
6.2.UCTY:0;1;2;3;4;5;6;7;8;9;10;11;12;13;14;15;16;18;19;20;21;22,Union City,1329,1500329,1000046,-122.01733,37.590664999999994,1,6,Green-N,Daly City to Berryessa/North San Jose,metro_service_node,6.2,6.2:0;1;2;3;4;5;6;7;8;9;10;11;12;13;14;15;16;18;19;20;21;22,,Bay Area Rapid Transit,POINT (-122.01733 37.590664999999994),0,,
6.2.WARM:0;1;2;3;4,Warm Springs / South Fremont,1330,1500330,1000047,-121.939458,37.502207,1,6,Green-N,Daly City to Berryessa/North San Jose,metro_service_node,6.2,6.2:0;1;2;3;4,,Bay Area Rapid Transit,POINT (-121.939458 37.502207),0,,
6.2.WARM:0;1;2;3;4;5;6;7;8;9;10;11;12;13;14;15;16;18;19;20;21;22,Warm Springs / South Fremont,1331,1500331,1000047,-121.939458,37.502207,1,6,Green-N,Daly City to Berryessa/North San Jose,metro_service_node,6.2,6.2:0;1;2;3;4;5;6;7;8;9;10;11;12;13;14;15;16;18;19;20;21;22,,Bay Area Rapid Transit,POINT (-121.939458 37.502207),0,,
6.2.WOAK:0;1;2;3;4;5;6;7;8;9;10;11;12;13;14;15;16;18;19;20;21;22,West Oakland,1332,1500332,1000050,-122.295244,37.804823,1,6,Green-N,Daly City to Berryessa/North San Jose,metro_service_node,6.2,6.2:0;1;2;3;4;5;6;7;8;9;10;11;12;13;14;15;16;18;19;20;21;22,,Bay Area Rapid Transit,POINT (-122.295244 37.804823),0,,
7.1.12TH:0;1;2;3;4;5;6;7;8;9;10;11;12;13;14;15;16;17;18;19;20;21;22;23;24,12th Street / Oakland City Center,1333,1500333,1000001,-122.271689,37.803371,1,7,Red-S,Richmond to Daly City/Millbrae,metro_service_node,7.1,7.1:0;1;2;3;4;5;6;7;8;9;10;11;12;13;14;15;16;17;18;19;20;21;22;23;24,,Bay Area Rapid Transit,POINT (-122.27168900000001 37.803371),0,,
7.1.16TH:0;1;2;3;4;5;6;7;8;9;10;11;12;13;14;15;16;17;18;19;20;21;22;23;24,16th Street / Mission,1334,1500334,1000002,-122.419855,37.76507599999999,1,7,Red-S,Richmond to Daly City/Millbrae,metro_service_node,7.1,7.1:0;1;2;3;4;5;6;7;8;9;10;11;12;13;14;15;16;17;18;19;20;21;22;23;24,,Bay Area Rapid Transit,POINT (-122.419855 37.76507599999999),0,,
7.1.19TH:0;1;2;3;4;5;6;7;8;9;10;11;12;13;14;15;16;17;18;19;20;21;22;23;24,19th Street Oakland,1335,1500335,1000003,-122.268822,37.807959999999994,1,7,Red-S,Richmond to Daly City/Millbrae,metro_service_node,7.1,7.1:0;1;2;3;4;5;6;7;8;9;10;11;12;13;14;15;16;17;18;19;20;21;22;23;24,,Bay Area Rapid Transit,POINT (-122.268822 37.807959999999994),0,,
7.1.24TH:0;1;2;3;4;5;6;7;8;9;10;11;12;13;14;15;16;17;18;19;20;21;22;23;24,24th Street / Mission,1336,1500336,1000004,-122.418618,37.752322,1,7,Red-S,Richmond to Daly City/Millbrae,metro_service_node,7.1,7.1:0;1;2;3;4;5;6;7;8;9;10;11;12;13;14;15;16;17;18;19;20;21;22;23;24,,Bay Area Rapid Transit,POINT (-122.41861800000001 37.752322),0,,
7.1.ASHB:0;1;2;3;4;5;6;7;8;9;10;11;12;13;14;15;16;17;18;19;20;21;22;23;24,Ashby,1337,1500337,1000006,-122.26985,37.852968999999995,1,7,Red-S,Richmond to Daly City/Millbrae,metro_service_node,7.1,7.1:0;1;2;3;4;5;6;7;8;9;10;11;12;13;14;15;16;17;18;19;20;21;22;23;24,,Bay Area Rapid Transit,POINT (-122.26985 37.852968999999995),0,,
7.1.BALB:0;1;2;3;4;5;6;7;8;9;10;11;12;13;14;15;16;17;18;19;20;21;22;23;24,Balboa Park,1338,1500338,1000007,-122.44761,37.721658,1,7,Red-S,Richmond to Daly City/Millbrae,metro_service_node,7.1,7.1:0;1;2;3;4;5;6;7;8;9;10;11;12;13;14;15;16;17;18;19;20;21;22;23;24,,Bay Area Rapid Transit,POINT (-122.44761 37.721658),0,,
7.1.CIVC:0;1;2;3;4;5;6;7;8;9;10;11;12;13;14;15;16;17;18;19;20;21;22;23;24,Civic Center / UN Plaza,1339,1500339,1000011,-122.413979,37.779349999999994,1,7,Red-S,Richmond to Daly City/Millbrae,metro_service_node,7.1,7.1:0;1;2;3;4;5;6;7;8;9;10;11;12;13;14;15;16;17;18;19;20;21;22;23;24,,Bay Area Rapid Transit,POINT (-122.413979 37.779349999999994),0,,
7.1.COLM:0;1;2;3;4;5;6;7;8;9;10;11;12;13;14;15;16;17;18;19;20;21;22;23;24,Colma,1340,1500340,1000012,-122.466267,37.68454199999999,1,7,Red-S,Richmond to Daly City/Millbrae,metro_service_node,7.1,7.1:0;1;2;3;4;5;6;7;8;9;10;11;12;13;14;15;16;17;18;19;20;21;22;23;24,,Bay Area Rapid Transit,POINT (-122.466267 37.68454199999999),0,,
7.1.DALY:0;1;2;3;4;5;6;7;8;9;10;11;12;13;14;15;16;17;18;19;20;21;22;23;24,Daly City,1341,1500341,1000015,-122.469094,37.706204,1,7,Red-S,Richmond to Daly City/Millbrae,metro_service_node,7.1,7.1:0;1;2;3;4;5;6;7;8;9;10;11;12;13;14;15;16;17;18;19;20;21;22;23;24,,Bay Area Rapid Transit,POINT (-122.469094 37.706204),0,,
7.1.DBRK:0;1;2;3;4;5;6;7;8;9;10;11;12;13;14;15;16;17;18;19;20;21;22;23;24,Downtown Berkeley,1342,1500342,1000016,-122.268178,37.870017,1,7,Red-S,Richmond to Daly City/Millbrae,metro_service_node,7.1,7.1:0;1;2;3;4;5;6;7;8;9;10;11;12;13;14;15;16;17;18;19;20;21;22;23;24,,Bay Area Rapid Transit,POINT (-122.268178 37.870017),0,,
7.1.DELN:0;1;2;3;4;5;6;7;8;9;10;11;12;13;14;15;16;17;18;19;20;21;22;23;24,El Cerrito Del Norte,1343,1500343,1000017,-122.316968,37.925104999999995,1,7,Red-S,Richmond to Daly City/Millbrae,metro_service_node,7.1,7.1:0;1;2;3;4;5;6;7;8;9;10;11;12;13;14;15;16;17;18;19;20;21;22;23;24,,Bay Area Rapid Transit,POINT (-122.316968 37.925104999999995),0,,
7.1.EMBR:0;1;2;3;4;5;6;7;8;9;10;11;12;13;14;15;16;17;18;19;20;21;22;23;24,Embarcadero,1344,1500344,1000019,-122.39718,37.792689,1,7,Red-S,Richmond to Daly City/Millbrae,metro_service_node,7.1,7.1:0;1;2;3;4;5;6;7;8;9;10;11;12;13;14;15;16;17;18;19;20;21;22;23;24,,Bay Area Rapid Transit,POINT (-122.39718 37.792688999999996),0,,
7.1.GLEN:0;1;2;3;4;5;6;7;8;9;10;11;12;13;14;15;16;17;18;19;20;21;22;23;24,Glen Park,1345,1500345,1000022,-122.433657,37.733169,1,7,Red-S,Richmond to Daly City/Millbrae,metro_service_node,7.1,7.1:0;1;2;3;4;5;6;7;8;9;10;11;12;13;14;15;16;17;18;19;20;21;22;23;24,,Bay Area Rapid Transit,POINT (-122.433657 37.733169),0,,
7.1.MCAR:0;1;2;3;4;5;6;7;8;9;10;11;12;13;14;15;16;17;18;19;20;21;22;23;24,MacArthur,1346,1500346,1000026,-122.267263,37.828714,1,7,Red-S,Richmond to Daly City/Millbrae,metro_service_node,7.1,7.1:0;1;2;3;4;5;6;7;8;9;10;11;12;13;14;15;16;17;18;19;20;21;22;23;24,,Bay Area Rapid Transit,POINT (-122.267263 37.828714),0,,
7.1.MLBR:0;1;2;3;4;5;6;7;8;9;10;11;12;13;14;15;16;17;18;19;20;21;22;23;24,Millbrae (Caltrain Transfer Platform),1347,1500347,1000027,-122.38694,37.600099,1,7,Red-S,Richmond to Daly City/Millbrae,metro_service_node,7.1,7.1:0;1;2;3;4;5;6;7;8;9;10;11;12;13;14;15;16;17;18;19;20;21;22;23;24,,Bay Area Rapid Transit,POINT (-122.38694000000001 37.600099),1,,
7.1.MONT:0;1;2;3;4;5;6;7;8;9;10;11;12;13;14;15;16;17;18;19;20;21;22;23;24,Montgomery Street,1348,1500348,1000029,-122.401742,37.78911299999999,1,7,Red-S,Richmond to Daly City/Millbrae,metro_service_node,7.1,7.1:0;1;2;3;4;5;6;7;8;9;10;11;12;13;14;15;16;17;18;19;20;21;22;23;24,,Bay Area Rapid Transit,POINT (-122.401742 37.78911299999999),0,,
7.1.NBRK:0;1;2;3;4;5;6;7;8;9;10;11;12;13;14;15;16;17;18;19;20;21;22;23;24,North Berkeley,1349,1500349,1000030,-122.283608,37.873932,1,7,Red-S,Richmond to Daly City/Millbrae,metro_service_node,7.1,7.1:0;1;2;3;4;5;6;7;8;9;10;11;12;13;14;15;16;17;18;19;20;21;22;23;24,,Bay Area Rapid Transit,POINT (-122.283608 37.873931999999996),0,,
7.1.PLZA:0;1;2;3;4;5;6;7;8;9;10;11;12;13;14;15;16;17;18;19;20;21;22;23;24,El Cerrito Plaza,1350,1500350,1000037,-122.298995,37.902533,1,7,Red-S,Richmond to Daly City/Millbrae,metro_service_node,7.1,7.1:0;1;2;3;4;5;6;7;8;9;10;11;12;13;14;15;16;17;18;19;20;21;22;23;24,,Bay Area Rapid Transit,POINT (-122.298995 37.902533),0,,
7.1.POWL:0;1;2;3;4;5;6;7;8;9;10;11;12;13;14;15;16;17;18;19;20;21;22;23;24,Powell Street,1351,1500351,1000038,-122.407487,37.784544999999994,1,7,Red-S,Richmond to Daly City/Millbrae,metro_service_node,7.1,7.1:0;1;2;3;4;5;6;7;8;9;10;11;12;13;14;15;16;17;18;19;20;21;22;23;24,,Bay Area Rapid Transit,POINT (-122.407487 37.784544999999994),0,,
7.1.RICH:0;1;2;3;4;5;6;7;8;9;10;11;12;13;14;15;16;17;18;19;20;21;22;23;24,Richmond,1352,1500352,1000039,-122.353104,37.93669499999999,1,7,Red-S,Richmond to Daly City/Millbrae,metro_service_node,7.1,7.1:0;1;2;3;4;5;6;7;8;9;10;11;12;13;14;15;16;17;18;19;20;21;22;23;24,,Bay Area Rapid Transit,POINT (-122.353104 37.93669499999999),1,,
7.1.SBRN:0;1;2;3;4;5;6;7;8;9;10;11;12;13;14;15;16;17;18;19;20;21;22;23;24,San Bruno,1353,1500353,1000042,-122.416484,37.63762,1,7,Red-S,Richmond to Daly City/Millbrae,metro_service_node,7.1,7.1:0;1;2;3;4;5;6;7;8;9;10;11;12;13;14;15;16;17;18;19;20;21;22;23;24,,Bay Area Rapid Transit,POINT (-122.416484 37.63762),0,,
7.1.SFIA:0;1;2;3;4;5;6;7;8;9;10;11;12;13;14;15;16;17;18;19;20;21;22;23;24,San Francisco International Airport,1354,1500354,1000043,-122.391995,37.615922999999995,1,7,Red-S,Richmond to Daly City/Millbrae,metro_service_node,7.1,7.1:0;1;2;3;4;5;6;7;8;9;10;11;12;13;14;15;16;17;18;19;20;21;22;23;24,,Bay Area Rapid Transit,POINT (-122.39199500000001 37.615922999999995),0,,
7.1.SSAN:0;1;2;3;4;5;6;7;8;9;10;11;12;13;14;15;16;17;18;19;20;21;22;23;24,South San Francisco,1355,1500355,1000045,-122.444354,37.664337,1,7,Red-S,Richmond to Daly City/Millbrae,metro_service_node,7.1,7.1:0;1;2;3;4;5;6;7;8;9;10;11;12;13;14;15;16;17;18;19;20;21;22;23;24,,Bay Area Rapid Transit,POINT (-122.444354 37.664336999999996),0,,
7.1.WOAK:0;1;2;3;4;5;6;7;8;9;10;11;12;13;14;15;16;17;18;19;20;21;22;23;24,West Oakland,1356,1500356,1000050,-122.295244,37.804823,1,7,Red-S,Richmond to Daly City/Millbrae,metro_service_node,7.1,7.1:0;1;2;3;4;5;6;7;8;9;10;11;12;13;14;15;16;17;18;19;20;21;22;23;24,,Bay Area Rapid Transit,POINT (-122.295244 37.804823),0,,
8.2.12TH:0;1;2;3;4;5;6;7;8;9;10;11;12;13;14;15;16;17;18;19;20;21;22;23;24,12th Street / Oakland City Center,1357,1500357,1000001,-122.271689,37.803371,1,8,Red-N,Millbrae/Daly City to Richmond,metro_service_node,8.2,8.2:0;1;2;3;4;5;6;7;8;9;10;11;12;13;14;15;16;17;18;19;20;21;22;23;24,,Bay Area Rapid Transit,POINT (-122.27168900000001 37.803371),0,,
8.2.16TH:0;1;2;3;4;5;6;7;8;9;10;11;12;13;14;15;16;17;18;19;20;21;22;23;24,16th Street / Mission,1358,1500358,1000002,-122.419855,37.76507599999999,1,8,Red-N,Millbrae/Daly City to Richmond,metro_service_node,8.2,8.2:0;1;2;3;4;5;6;7;8;9;10;11;12;13;14;15;16;17;18;19;20;21;22;23;24,,Bay Area Rapid Transit,POINT (-122.419855 37.76507599999999),0,,
8.2.19TH:0;1;2;3;4;5;6;7;8;9;10;11;12;13;14;15;16;17;18;19;20;21;22;23;24,19th Street Oakland,1359,1500359,1000003,-122.268822,37.807959999999994,1,8,Red-N,Millbrae/Daly City to Richmond,metro_service_node,8.2,8.2:0;1;2;3;4;5;6;7;8;9;10;11;12;13;14;15;16;17;18;19;20;21;22;23;24,,Bay Area Rapid Transit,POINT (-122.268822 37.807959999999994),0,,
8.2.24TH:0;1;2;3;4;5;6;7;8;9;10;11;12;13;14;15;16;17;18;19;20;21;22;23;24,24th Street / Mission,1360,1500360,1000004,-122.418618,37.752322,1,8,Red-N,Millbrae/Daly City to Richmond,metro_service_node,8.2,8.2:0;1;2;3;4;5;6;7;8;9;10;11;12;13;14;15;16;17;18;19;20;21;22;23;24,,Bay Area Rapid Transit,POINT (-122.41861800000001 37.752322),0,,
8.2.ASHB:0;1;2;3;4;5;6;7;8;9;10;11;12;13;14;15;16;17;18;19;20;21;22;23;24,Ashby,1361,1500361,1000006,-122.26985,37.852968999999995,1,8,Red-N,Millbrae/Daly City to Richmond,metro_service_node,8.2,8.2:0;1;2;3;4;5;6;7;8;9;10;11;12;13;14;15;16;17;18;19;20;21;22;23;24,,Bay Area Rapid Transit,POINT (-122.26985 37.852968999999995),0,,
8.2.BALB:0;1;2;3;4;5;6;7;8;9;10;11;12;13;14;15;16;17;18;19;20;21;22;23;24,Balboa Park,1362,1500362,1000007,-122.44761,37.721658,1,8,Red-N,Millbrae/Daly City to Richmond,metro_service_node,8.2,8.2:0;1;2;3;4;5;6;7;8;9;10;11;12;13;14;15;16;17;18;19;20;21;22;23;24,,Bay Area Rapid Transit,POINT (-122.44761 37.721658),0,,
8.2.CIVC:0;1;2;3;4;5;6;7;8;9;10;11;12;13;14;15;16;17;18;19;20;21;22;23;24,Civic Center / UN Plaza,1363,1500363,1000011,-122.413979,37.779349999999994,1,8,Red-N,Millbrae/Daly City to Richmond,metro_service_node,8.2,8.2:0;1;2;3;4;5;6;7;8;9;10;11;12;13;14;15;16;17;18;19;20;21;22;23;24,,Bay Area Rapid Transit,POINT (-122.413979 37.779349999999994),0,,
8.2.COLM:0;1;2;3;4;5;6;7;8;9;10;11;12;13;14;15;16;17;18;19;20;21;22;23;24,Colma,1364,1500364,1000012,-122.466267,37.68454199999999,1,8,Red-N,Millbrae/Daly City to Richmond,metro_service_node,8.2,8.2:0;1;2;3;4;5;6;7;8;9;10;11;12;13;14;15;16;17;18;19;20;21;22;23;24,,Bay Area Rapid Transit,POINT (-122.466267 37.68454199999999),0,,
8.2.DALY:0;1;2;3;4;5;6;7;8;9;10;11;12;13;14;15;16;17;18;19;20;21;22;23;24,Daly City,1365,1500365,1000015,-122.469094,37.706204,1,8,Red-N,Millbrae/Daly City to Richmond,metro_service_node,8.2,8.2:0;1;2;3;4;5;6;7;8;9;10;11;12;13;14;15;16;17;18;19;20;21;22;23;24,,Bay Area Rapid Transit,POINT (-122.469094 37.706204),0,,
8.2.DBRK:0;1;2;3;4;5;6;7;8;9;10;11;12;13;14;15;16;17;18;19;20;21;22;23;24,Downtown Berkeley,1366,1500366,1000016,-122.268178,37.870017,1,8,Red-N,Millbrae/Daly City to Richmond,metro_service_node,8.2,8.2:0;1;2;3;4;5;6;7;8;9;10;11;12;13;14;15;16;17;18;19;20;21;22;23;24,,Bay Area Rapid Transit,POINT (-122.268178 37.870017),0,,
8.2.DELN:0;1;2;3;4;5;6;7;8;9;10;11;12;13;14;15;16;17;18;19;20;21;22;23;24,El Cerrito Del Norte,1367,1500367,1000017,-122.316968,37.925104999999995,1,8,Red-N,Millbrae/Daly City to Richmond,metro_service_node,8.2,8.2:0;1;2;3;4;5;6;7;8;9;10;11;12;13;14;15;16;17;18;19;20;21;22;23;24,,Bay Area Rapid Transit,POINT (-122.316968 37.925104999999995),0,,
8.2.EMBR:0;1;2;3;4;5;6;7;8;9;10;11;12;13;14;15;16;17;18;19;20;21;22;23;24,Embarcadero,1368,1500368,1000019,-122.39718,37.792689,1,8,Red-N,Millbrae/Daly City to Richmond,metro_service_node,8.2,8.2:0;1;2;3;4;5;6;7;8;9;10;11;12;13;14;15;16;17;18;19;20;21;22;23;24,,Bay Area Rapid Transit,POINT (-122.39718 37.792688999999996),0,,
8.2.GLEN:0;1;2;3;4;5;6;7;8;9;10;11;12;13;14;15;16;17;18;19;20;21;22;23;24,Glen Park,1369,1500369,1000022,-122.433657,37.733169,1,8,Red-N,Millbrae/Daly City to Richmond,metro_service_node,8.2,8.2:0;1;2;3;4;5;6;7;8;9;10;11;12;13;14;15;16;17;18;19;20;21;22;23;24,,Bay Area Rapid Transit,POINT (-122.433657 37.733169),0,,
8.2.MCAR:0;1;2;3;4;5;6;7;8;9;10;11;12;13;14;15;16;17;18;19;20;21;22;23;24,MacArthur,1370,1500370,1000026,-122.267263,37.828714,1,8,Red-N,Millbrae/Daly City to Richmond,metro_service_node,8.2,8.2:0;1;2;3;4;5;6;7;8;9;10;11;12;13;14;15;16;17;18;19;20;21;22;23;24,,Bay Area Rapid Transit,POINT (-122.267263 37.828714),0,,
8.2.MLBR:0;1;2;3;4;5;6;7;8;9;10;11;12;13;14;15;16;17;18;19;20;21;22;23;24,Millbrae (Caltrain Transfer Platform),1371,1500371,1000027,-122.38694,37.600099,1,8,Red-N,Millbrae/Daly City to Richmond,metro_service_node,8.2,8.2:0;1;2;3;4;5;6;7;8;9;10;11;12;13;14;15;16;17;18;19;20;21;22;23;24,,Bay Area Rapid Transit,POINT (-122.38694000000001 37.600099),1,,
8.2.MONT:0;1;2;3;4;5;6;7;8;9;10;11;12;13;14;15;16;17;18;19;20;21;22;23;24,Montgomery Street,1372,1500372,1000029,-122.401742,37.78911299999999,1,8,Red-N,Millbrae/Daly City to Richmond,metro_service_node,8.2,8.2:0;1;2;3;4;5;6;7;8;9;10;11;12;13;14;15;16;17;18;19;20;21;22;23;24,,Bay Area Rapid Transit,POINT (-122.401742 37.78911299999999),0,,
8.2.NBRK:0;1;2;3;4;5;6;7;8;9;10;11;12;13;14;15;16;17;18;19;20;21;22;23;24,North Berkeley,1373,1500373,1000030,-122.283608,37.873932,1,8,Red-N,Millbrae/Daly City to Richmond,metro_service_node,8.2,8.2:0;1;2;3;4;5;6;7;8;9;10;11;12;13;14;15;16;17;18;19;20;21;22;23;24,,Bay Area Rapid Transit,POINT (-122.283608 37.873931999999996),0,,
8.2.PLZA:0;1;2;3;4;5;6;7;8;9;10;11;12;13;14;15;16;17;18;19;20;21;22;23;24,El Cerrito Plaza,1374,1500374,1000037,-122.298995,37.902533,1,8,Red-N,Millbrae/Daly City to Richmond,metro_service_node,8.2,8.2:0;1;2;3;4;5;6;7;8;9;10;11;12;13;14;15;16;17;18;19;20;21;22;23;24,,Bay Area Rapid Transit,POINT (-122.298995 37.902533),0,,
8.2.POWL:0;1;2;3;4;5;6;7;8;9;10;11;12;13;14;15;16;17;18;19;20;21;22;23;24,Powell Street,1375,1500375,1000038,-122.407487,37.784544999999994,1,8,Red-N,Millbrae/Daly City to Richmond,metro_service_node,8.2,8.2:0;1;2;3;4;5;6;7;8;9;10;11;12;13;14;15;16;17;18;19;20;21;22;23;24,,Bay Area Rapid Transit,POINT (-122.407487 37.784544999999994),0,,
8.2.RICH:0;1;2;3;4;5;6;7;8;9;10;11;12;13;14;15;16;17;18;19;20;21;22;23;24,Richmond,1376,1500376,1000039,-122.353104,37.93669499999999,1,8,Red-N,Millbrae/Daly City to Richmond,metro_service_node,8.2,8.2:0;1;2;3;4;5;6;7;8;9;10;11;12;13;14;15;16;17;18;19;20;21;22;23;24,,Bay Area Rapid Transit,POINT (-122.353104 37.93669499999999),1,,
8.2.SBRN:0;1;2;3;4;5;6;7;8;9;10;11;12;13;14;15;16;17;18;19;20;21;22;23;24,San Bruno,1377,1500377,1000042,-122.416484,37.63762,1,8,Red-N,Millbrae/Daly City to Richmond,metro_service_node,8.2,8.2:0;1;2;3;4;5;6;7;8;9;10;11;12;13;14;15;16;17;18;19;20;21;22;23;24,,Bay Area Rapid Transit,POINT (-122.416484 37.63762),0,,
8.2.SFIA:0;1;2;3;4;5;6;7;8;9;10;11;12;13;14;15;16;17;18;19;20;21;22;23;24,San Francisco International Airport,1378,1500378,1000043,-122.391995,37.615922999999995,1,8,Red-N,Millbrae/Daly City to Richmond,metro_service_node,8.2,8.2:0;1;2;3;4;5;6;7;8;9;10;11;12;13;14;15;16;17;18;19;20;21;22;23;24,,Bay Area Rapid Transit,POINT (-122.39199500000001 37.615922999999995),0,,
8.2.SSAN:0;1;2;3;4;5;6;7;8;9;10;11;12;13;14;15;16;17;18;19;20;21;22;23;24,South San Francisco,1379,1500379,1000045,-122.444354,37.664337,1,8,Red-N,Millbrae/Daly City to Richmond,metro_service_node,8.2,8.2:0;1;2;3;4;5;6;7;8;9;10;11;12;13;14;15;16;17;18;19;20;21;22;23;24,,Bay Area Rapid Transit,POINT (-122.444354 37.664336999999996),0,,
8.2.WOAK:0;1;2;3;4;5;6;7;8;9;10;11;12;13;14;15;16;17;18;19;20;21;22;23;24,West Oakland,1380,1500380,1000050,-122.295244,37.804823,1,8,Red-N,Millbrae/Daly City to Richmond,metro_service_node,8.2,8.2:0;1;2;3;4;5;6;7;8;9;10;11;12;13;14;15;16;17;18;19;20;21;22;23;24,,Bay Area Rapid Transit,POINT (-122.295244 37.804823),0,,
