route_key,mode,o_zone_id,d_zone_id,o_x_coord,o_y_coord,d_x_coord,d_y_coord,total_distance_mile,total_distance_km,straight_line_distance_mile,straight_line_distance_km,distance_ratio,total_free_flow_travel_time,total_congestion_travel_time,volume,WKT_geometry
1_2_transit,transit,1,2,-122.272,37.8035,-122.42,37.7652,9.27491,14.9233,8.51251,13.6966,1.08956,19.8564,21.6631,10,"LINESTRING(-122.271589 37.803471,-122.271689 37.803371,-122.295244 37.804823,-122.397180 37.792689,-122.401742 37.789113,-122.407487 37.784545,-122.413979 37.779350,-122.419855 37.765076,-122.419755 37.765176)"
1_3_transit,transit,1,3,-122.272,37.8035,-122.269,37.8081,0.371284,0.597396,0.353597,0.568938,1.05002,1.85128,1.8513,4,"LINESTRING(-122.271589 37.803471,-122.271689 37.803371,-122.268822 37.807960,-122.268722 37.808060)"
1_4_transit,transit,1,4,-122.272,37.8035,-122.419,37.7524,10.1589,16.3457,8.76501,14.1029,1.15903,21.8574,23.6649,12,"LINESTRING(-122.271589 37.803471,-122.271689 37.803371,-122.295244 37.804823,-122.397180 37.792689,-122.401742 37.789113,-122.407487 37.784545,-122.413979 37.779350,-122.419855 37.765076,-122.418618 37.752322,-122.418518 37.752422)"
1_6_transit,transit,1,6,-122.272,37.8035,-122.27,37.8531,3.49023,5.61578,3.4284,5.51629,1.01803,9.85318,9.85349,5,"LINESTRING(-122.271589 37.803471,-122.271689 37.803371,-122.268822 37.807960,-122.267263 37.828714,-122.269850 37.852969,-122.269750 37.853069)"
1_7_transit,transit,1,7,-122.272,37.8035,-122.448,37.7218,12.819,20.6257,11.1451,17.9325,1.15018,26.8595,28.6677,4,"LINESTRING(-122.271589 37.803471,-122.271689 37.803371,-122.295244 37.804823,-122.397180 37.792689,-122.401742 37.789113,-122.407487 37.784545,-122.413979 37.779350,-122.419855 37.765076,-122.418618 37.752322,-122.433657 37.733169,-122.447610 37.721658,-122.447510 37.721758)"
1_8_transit,transit,1,8,-122.272,37.8035,-122.126,37.6969,10.8861,17.5158,10.8199,17.4092,1.00612,19.8555,19.8718,3,"LINESTRING(-122.271589 37.803471,-122.271689 37.803371,-122.265332 37.797257,-122.224167 37.774773,-122.196798 37.753504,-122.160813 37.721706,-122.126531 37.696838,-122.126431 37.696938)"
1_9_transit,transit,1,9,-122.272,37.8035,-121.875,37.3685,37.8501,60.9009,37.0887,59.6757,1.02053,57.8633,57.8901,1,"LINESTRING(-122.271589 37.803471,-122.271689 37.803371,-122.265332 37.797257,-122.224167 37.774773,-122.196798 37.753504,-122.160813 37.721706,-122.126531 37.696838,-122.087041 37.669631,-122.057258 37.634263,-122.017330 37.590665,-121.976705 37.557413,-121.939458 37.502207,-121.890903 37.409736,-121.874761 37.368395,-121.874661 37.368495)"
1_11_transit,transit,1,11,-122.272,37.8035,-122.414,37.7794,8.23755,13.2542,7.94453,12.7827,1.03688,17.8553,19.6607,44,"LINESTRING(-122.271589 37.803471,-122.271689 37.803371,-122.295244 37.804823,-122.397180 37.792689,-122.401742 37.789113,-122.407487 37.784545,-122.413979 37.779350,-122.413879 37.779450)"
1_13_transit,transit,1,13,-122.272,37.8035,-122.197,37.7536,5.39415,8.67919,5.34776,8.60455,1.00867,10.8534,10.866,6,"LINESTRING(-122.271589 37.803471,-122.271689 37.803371,-122.265332 37.797257,-122.224167 37.774773,-122.196798 37.753504,-122.196698 37.753604)"
1_14_transit,transit,1,14,-122.272,37.8035,-122.029,37.9738,19.3338,31.1081,17.6993,28.4781,1.09235,31.8579,31.858,2,"LINESTRING(-122.271589 37.803471,-122.271689 37.803371,-122.268822 37.807960,-122.267263 37.828714,-122.251371 37.844695,-122.183817 37.878403,-122.124744 37.893120,-122.067479 37.905712,-122.056115 37.928363,-122.029226 37.973673,-122.029126 37.973773)"
1_15_transit,transit,1,15,-122.272,37.8035,-122.469,37.7063,14.4065,23.18,12.703,20.4391,1.1341,30.8605,32.6689,4,"LINESTRING(-122.271589 37.803471,-122.271689 37.803371,-122.295244 37.804823,-122.397180 37.792689,-122.401742 37.789113,-122.407487 37.784545,-122.413979 37.779350,-122.419855 37.765076,-122.418618 37.752322,-122.433657 37.733169,-122.447610 37.721658,-122.469094 37.706204,-122.468994 37.706304)"
1_16_transit,transit,1,16,-122.272,37.8035,-122.268,37.8701,4.67191,7.5171,4.60883,7.41561,1.01369,11.8541,11.8545,17,"LINESTRING(-122.271589 37.803471,-122.271689 37.803371,-122.268822 37.807960,-122.267263 37.828714,-122.269850 37.852969,-122.268178 37.870017,-122.268078 37.870117)"
1_17_transit,transit,1,17,-122.272,37.8035,-122.317,37.9252,9.54557,15.3588,8.76623,14.1049,1.0889,19.857,19.8574,8,"LINESTRING(-122.271589 37.803471,-122.271689 37.803371,-122.268822 37.807960,-122.267263 37.828714,-122.269850 37.852969,-122.268178 37.870017,-122.283608 37.873932,-122.298995 37.902533,-122.316968 37.925105,-122.316868 37.925205)"
1_19_transit,transit,1,19,-122.272,37.8035,-122.397,37.7928,6.93693,11.1615,6.891,11.0876,1.00667,12.8523,14.5776,79,"LINESTRING(-122.271589 37.803471,-122.271689 37.803371,-122.295244 37.804823,-122.397180 37.792689,-122.397080 37.792789)"
1_20_transit,transit,1,20,-122.272,37.8035,-121.977,37.5575,23.6084,37.9859,23.4308,37.7001,1.00758,37.8598,37.8865,3,"LINESTRING(-122.271589 37.803471,-122.271689 37.803371,-122.265332 37.797257,-122.224167 37.774773,-122.196798 37.753504,-122.160813 37.721706,-122.126531 37.696838,-122.087041 37.669631,-122.057258 37.634263,-122.017330 37.590665,-121.976705 37.557413,-121.976605 37.557513)"
1_21_transit,transit,1,21,-122.272,37.8035,-122.224,37.7749,3.29743,5.30556,3.26154,5.24781,1.011,7.85235,7.86166,1,"LINESTRING(-122.271589 37.803471,-122.271689 37.803371,-122.265332 37.797257,-122.224167 37.774773,-122.224067 37.774873)"
1_22_transit,transit,1,22,-122.272,37.8035,-122.434,37.7333,11.7169,18.8525,10.089,16.2331,1.16136,24.8584,26.6665,8,"LINESTRING(-122.271589 37.803471,-122.271689 37.803371,-122.295244 37.804823,-122.397180 37.792689,-122.401742 37.789113,-122.407487 37.784545,-122.413979 37.779350,-122.419855 37.765076,-122.418618 37.752322,-122.433657 37.733169,-122.433557 37.733269)"
1_23_transit,transit,1,23,-122.272,37.8035,-122.087,37.6697,13.7497,22.1232,13.6817,22.0138,1.00497,23.8566,23.876,3,"LINESTRING(-122.271589 37.803471,-122.271689 37.803371,-122.265332 37.797257,-122.224167 37.774773,-122.196798 37.753504,-122.160813 37.721706,-122.126531 37.696838,-122.087041 37.669631,-122.086941 37.669731)"
1_24_transit,transit,1,24,-122.272,37.8035,-122.125,37.8932,10.9513,17.6207,10.1356,16.3081,1.08048,18.8551,18.8551,2,"LINESTRING(-122.271589 37.803471,-122.271689 37.803371,-122.268822 37.807960,-122.267263 37.828714,-122.251371 37.844695,-122.183817 37.878403,-122.124744 37.893120,-122.124644 37.893220)"
1_26_transit,transit,1,26,-122.272,37.8035,-122.267,37.8288,1.80808,2.90919,1.76764,2.84413,1.02288,5.85223,5.85227,8,"LINESTRING(-122.271589 37.803471,-122.271689 37.803371,-122.268822 37.807960,-122.267263 37.828714,-122.267163 37.828814)"
1_27_transit,transit,1,27,-122.272,37.8035,-122.387,37.6002,23.2856,37.4665,15.3933,24.7679,1.5127,50.8657,59.146,2,"LINESTRING(-122.271589 37.803471,-122.271689 37.803371,-122.295244 37.804823,-122.397180 37.792689,-122.401742 37.789113,-122.407487 37.784545,-122.413979 37.779350,-122.419855 37.765076,-122.418618 37.752322,-122.433657 37.733169,-122.447610 37.721658,-122.469094 37.706204,-122.466267 37.684542,-122.444354 37.664337,-122.416484 37.637620,-122.391995 37.615923,-122.386940 37.600099,-122.386840 37.600199)"
1_28_transit,transit,1,28,-122.272,37.8035,-121.891,37.4098,34.8588,56.0878,34.266,55.1341,1.0173,52.8622,52.8891,2,"LINESTRING(-122.271589 37.803471,-122.271689 37.803371,-122.265332 37.797257,-122.224167 37.774773,-122.196798 37.753504,-122.160813 37.721706,-122.126531 37.696838,-122.087041 37.669631,-122.057258 37.634263,-122.017330 37.590665,-121.976705 37.557413,-121.939458 37.502207,-121.890903 37.409736,-121.890803 37.409836)"
1_29_transit,transit,1,29,-122.272,37.8035,-122.402,37.7892,7.28785,11.7262,7.16861,11.5343,1.01663,13.8533,15.6276,58,"LINESTRING(-122.271589 37.803471,-122.271689 37.803371,-122.295244 37.804823,-122.397180 37.792689,-122.401742 37.789113,-122.401642 37.789213)"
1_30_transit,transit,1,30,-122.272,37.8035,-122.284,37.874,5.55607,8.93972,4.91854,7.91393,1.12962,13.8551,13.8555,4,"LINESTRING(-122.271589 37.803471,-122.271689 37.803371,-122.268822 37.807960,-122.267263 37.828714,-122.269850 37.852969,-122.268178 37.870017,-122.283608 37.873932,-122.283508 37.874032)"
1_31_transit,transit,1,31,-122.272,37.8035,-122.025,38.0034,21.3968,34.4274,19.2928,31.0422,1.10905,34.8588,34.8589,2,"LINESTRING(-122.271589 37.803471,-122.271689 37.803371,-122.268822 37.807960,-122.267263 37.828714,-122.251371 37.844695,-122.183817 37.878403,-122.124744 37.893120,-122.067479 37.905712,-122.056115 37.928363,-122.029226 37.973673,-122.024661 38.003307,-122.024561 38.003407)"
1_33_transit,transit,1,33,-122.272,37.8035,-122.184,37.8785,7.5726,12.1843,7.06158,11.3621,1.07237,13.8541,13.8542,3,"LINESTRING(-122.271589 37.803471,-122.271689 37.803371,-122.268822 37.807960,-122.267263 37.828714,-122.251371 37.844695,-122.183817 37.878403,-122.183717 37.878503)"
1_35_transit,transit,1,35,-122.272,37.8035,-122.056,37.9285,15.8766,25.5455,14.5895,23.4744,1.08823,25.857,25.8571,5,"LINESTRING(-122.271589 37.803471,-122.271689 37.803371,-122.268822 37.807960,-122.267263 37.828714,-122.251371 37.844695,-122.183817 37.878403,-122.124744 37.893120,-122.067479 37.905712,-122.056115 37.928363,-122.056015 37.928463)"
1_37_transit,transit,1,37,-122.272,37.8035,-122.299,37.9026,7.70341,12.3948,7.01159,11.2816,1.09867,16.8561,16.8564,3,"LINESTRING(-122.271589 37.803471,-122.271689 37.803371,-122.268822 37.807960,-122.267263 37.828714,-122.269850 37.852969,-122.268178 37.870017,-122.283608 37.873932,-122.298995 37.902533,-122.298895 37.902633)"
1_38_transit,transit,1,38,-122.272,37.8035,-122.407,37.7846,7.73295,12.4423,7.52773,12.1121,1.02726,15.8543,17.6513,46,"LINESTRING(-122.271589 37.803471,-122.271689 37.803371,-122.295244 37.804823,-122.397180 37.792689,-122.401742 37.789113,-122.407487 37.784545,-122.407387 37.784645)"
1_39_transit,transit,1,39,-122.272,37.8035,-122.353,37.9368,11.6719,18.7802,10.2264,16.4542,1.14136,24.858,24.8584,2,"LINESTRING(-122.271589 37.803471,-122.271689 37.803371,-122.268822 37.807960,-122.267263 37.828714,-122.269850 37.852969,-122.268178 37.870017,-122.283608 37.873932,-122.298995 37.902533,-122.316968 37.925105,-122.353104 37.936695,-122.353004 37.936795)"
1_40_transit,transit,1,40,-122.272,37.8035,-122.251,37.8448,3.21238,5.16871,3.06302,4.9284,1.04876,8.8532,8.85323,3,"LINESTRING(-122.271589 37.803471,-122.271689 37.803371,-122.268822 37.807960,-122.267263 37.828714,-122.251371 37.844695,-122.251271 37.844795)"
1_41_transit,transit,1,41,-122.272,37.8035,-122.161,37.7218,8.34318,13.4242,8.27755,13.3186,1.00793,15.8545,15.8689,7,"LINESTRING(-122.271589 37.803471,-122.271689 37.803371,-122.265332 37.797257,-122.224167 37.774773,-122.196798 37.753504,-122.160813 37.721706,-122.160713 37.721806)"
1_43_transit,transit,1,43,-122.272,37.8035,-122.392,37.616,22.1575,35.6515,14.5254,23.3714,1.52543,46.8647,48.6732,11,"LINESTRING(-122.271589 37.803471,-122.271689 37.803371,-122.295244 37.804823,-122.397180 37.792689,-122.401742 37.789113,-122.407487 37.784545,-122.413979 37.779350,-122.419855 37.765076,-122.418618 37.752322,-122.433657 37.733169,-122.447610 37.721658,-122.469094 37.706204,-122.466267 37.684542,-122.444354 37.664337,-122.416484 37.637620,-122.391995 37.615923,-122.391895 37.616023)"
1_44_transit,transit,1,44,-122.272,37.8035,-122.057,37.6344,16.6873,26.8499,16.5492,26.6276,1.00835,27.8577,27.88,3,"LINESTRING(-122.271589 37.803471,-122.271689 37.803371,-122.265332 37.797257,-122.224167 37.774773,-122.196798 37.753504,-122.160813 37.721706,-122.126531 37.696838,-122.087041 37.669631,-122.057258 37.634263,-122.057158 37.634363)"
1_45_transit,transit,1,45,-122.272,37.8035,-122.444,37.6644,17.7517,28.5624,13.4649,21.6651,1.31836,38.8626,40.6711,2,"LINESTRING(-122.271589 37.803471,-122.271689 37.803371,-122.295244 37.804823,-122.397180 37.792689,-122.401742 37.789113,-122.407487 37.784545,-122.413979 37.779350,-122.419855 37.765076,-122.418618 37.752322,-122.433657 37.733169,-122.447610 37.721658,-122.469094 37.706204,-122.466267 37.684542,-122.444354 37.664337,-122.444254 37.664437)"
1_46_transit,transit,1,46,-122.272,37.8035,-122.017,37.5908,20.4097,32.8392,20.2329,32.5548,1.00874,32.8588,32.8843,1,"LINESTRING(-122.271589 37.803471,-122.271689 37.803371,-122.265332 37.797257,-122.224167 37.774773,-122.196798 37.753504,-122.160813 37.721706,-122.126531 37.696838,-122.087041 37.669631,-122.057258 37.634263,-122.017330 37.590665,-122.017230 37.590765)"
1_47_transit,transit,1,47,-122.272,37.8035,-121.939,37.5023,27.9354,44.948,27.6279,44.4533,1.01113,43.861,43.8878,1,"LINESTRING(-122.271589 37.803471,-122.271689 37.803371,-122.265332 37.797257,-122.224167 37.774773,-122.196798 37.753504,-122.160813 37.721706,-122.126531 37.696838,-122.087041 37.669631,-122.057258 37.634263,-122.017330 37.590665,-121.976705 37.557413,-121.939458 37.502207,-121.939358 37.502307)"
1_48_transit,transit,1,48,-122.272,37.8035,-122.067,37.9058,14.1931,22.8367,13.1952,21.2311,1.07562,23.8561,23.8562,5,"LINESTRING(-122.271589 37.803471,-122.271689 37.803371,-122.268822 37.807960,-122.267263 37.828714,-122.251371 37.844695,-122.183817 37.878403,-122.124744 37.893120,-122.067479 37.905712,-122.067379 37.905812)"
1_50_transit,transit,1,50,-122.272,37.8035,-122.295,37.8049,1.3077,2.10409,1.28982,2.07532,1.01386,5.85129,6.32749,5,"LINESTRING(-122.271589 37.803471,-122.271689 37.803371,-122.295244 37.804823,-122.295144 37.804923)"
2_1_transit,transit,2,1,-122.42,37.7652,-122.272,37.8035,9.27491,14.9233,8.51251,13.6966,1.08956,18.8564,19.1497,5,"LINESTRING(-122.419755 37.765176,-122.419855 37.765076,-122.413979 37.779350,-122.407487 37.784545,-122.401742 37.789113,-122.397180 37.792689,-122.295244 37.804823,-122.271689 37.803371,-122.271589 37.803471)"
2_3_transit,transit,2,3,-122.42,37.7652,-122.269,37.8081,9.62858,15.4924,8.76327,14.1001,1.09874,19.8574,20.1522,10,"LINESTRING(-122.419755 37.765176,-122.419855 37.765076,-122.413979 37.779350,-122.407487 37.784545,-122.401742 37.789113,-122.397180 37.792689,-122.295244 37.804823,-122.271689 37.803371,-122.268822 37.807960,-122.268722 37.808060)"
2_4_transit,transit,2,4,-122.42,37.7652,-122.419,37.7524,0.901611,1.45069,0.883813,1.42206,1.02014,2.85149,2.85224,3,"LINESTRING(-122.419755 37.765176,-122.419855 37.765076,-122.418618 37.752322,-122.418518 37.752422)"
2_6_transit,transit,2,6,-122.42,37.7652,-122.27,37.8531,12.7475,20.5108,10.1947,16.4033,1.25041,27.8593,28.1583,1,"LINESTRING(-122.419755 37.765176,-122.419855 37.765076,-122.413979 37.779350,-122.407487 37.784545,-122.401742 37.789113,-122.397180 37.792689,-122.295244 37.804823,-122.271689 37.803371,-122.268822 37.807960,-122.267263 37.828714,-122.269850 37.852969,-122.269750 37.853069)"
2_7_transit,transit,2,7,-122.42,37.7652,-122.448,37.7218,3.56167,5.73073,3.36142,5.40853,1.05957,7.85356,7.85501,14,"LINESTRING(-122.419755 37.765176,-122.419855 37.765076,-122.418618 37.752322,-122.433657 37.733169,-122.447610 37.721658,-122.447510 37.721758)"
2_9_transit,transit,2,9,-122.42,37.7652,-121.875,37.3685,46.9855,75.5997,40.5267,65.2074,1.15937,73.8683,73.9537,1,"LINESTRING(-122.419755 37.765176,-122.419855 37.765076,-122.413979 37.779350,-122.407487 37.784545,-122.401742 37.789113,-122.397180 37.792689,-122.295244 37.804823,-122.265332 37.797257,-122.224167 37.774773,-122.196798 37.753504,-122.160813 37.721706,-122.126531 37.696838,-122.087041 37.669631,-122.057258 37.634263,-122.017330 37.590665,-121.976705 37.557413,-121.939458 37.502207,-121.890903 37.409736,-121.874761 37.368395,-121.874661 37.368495)"
2_11_transit,transit,2,11,-122.42,37.7652,-122.414,37.7794,1.05498,1.69746,1.03715,1.66877,1.01719,2.85143,2.90468,7,"LINESTRING(-122.419755 37.765176,-122.419855 37.765076,-122.413979 37.779350,-122.413879 37.779450)"
2_12_transit,transit,2,12,-122.42,37.7652,-122.466,37.6846,6.65415,10.7065,6.11525,9.83944,1.08812,16.8556,16.8573,4,"LINESTRING(-122.419755 37.765176,-122.419855 37.765076,-122.418618 37.752322,-122.433657 37.733169,-122.447610 37.721658,-122.469094 37.706204,-122.466267 37.684542,-122.466167 37.684642)"
2_13_transit,transit,2,13,-122.42,37.7652,-122.197,37.7536,14.5295,23.378,12.2107,19.647,1.1899,28.8585,28.9275,6,"LINESTRING(-122.419755 37.765176,-122.419855 37.765076,-122.413979 37.779350,-122.407487 37.784545,-122.401742 37.789113,-122.397180 37.792689,-122.295244 37.804823,-122.265332 37.797257,-122.224167 37.774773,-122.196798 37.753504,-122.196698 37.753604)"
2_14_transit,transit,2,14,-122.42,37.7652,-122.029,37.9738,28.5911,46.003,25.7233,41.3888,1.11149,49.864,49.8836,1,"LINESTRING(-122.419755 37.765176,-122.419855 37.765076,-122.413979 37.779350,-122.407487 37.784545,-122.401742 37.789113,-122.397180 37.792689,-122.295244 37.804823,-122.271689 37.803371,-122.268822 37.807960,-122.267263 37.828714,-122.251371 37.844695,-122.183817 37.878403,-122.124744 37.893120,-122.067479 37.905712,-122.056115 37.928363,-122.029226 37.973673,-122.029126 37.973773)"
2_15_transit,transit,2,15,-122.42,37.7652,-122.469,37.7063,5.14916,8.28501,4.87701,7.84711,1.0558,11.8546,11.8562,11,"LINESTRING(-122.419755 37.765176,-122.419855 37.765076,-122.418618 37.752322,-122.433657 37.733169,-122.447610 37.721658,-122.469094 37.706204,-122.468994 37.706304)"
2_16_transit,transit,2,16,-122.42,37.7652,-122.268,37.8701,13.9292,22.4121,11.0051,17.7073,1.2657,29.8602,30.1598,7,"LINESTRING(-122.419755 37.765176,-122.419855 37.765076,-122.413979 37.779350,-122.407487 37.784545,-122.401742 37.789113,-122.397180 37.792689,-122.295244 37.804823,-122.271689 37.803371,-122.268822 37.807960,-122.267263 37.828714,-122.269850 37.852969,-122.268178 37.870017,-122.268078 37.870117)"
2_17_transit,transit,2,17,-122.42,37.7652,-122.317,37.9252,18.8029,30.2538,12.4005,19.9524,1.5163,37.8631,38.1628,1,"LINESTRING(-122.419755 37.765176,-122.419855 37.765076,-122.413979 37.779350,-122.407487 37.784545,-122.401742 37.789113,-122.397180 37.792689,-122.295244 37.804823,-122.271689 37.803371,-122.268822 37.807960,-122.267263 37.828714,-122.269850 37.852969,-122.268178 37.870017,-122.283608 37.873932,-122.298995 37.902533,-122.316968 37.925105,-122.316868 37.925205)"
2_18_transit,transit,2,18,-122.42,37.7652,-121.899,37.7017,32.5069,52.3035,28.7792,46.3058,1.12953,53.8636,53.8817,4,"LINESTRING(-122.419755 37.765176,-122.419855 37.765076,-122.413979 37.779350,-122.407487 37.784545,-122.401742 37.789113,-122.397180 37.792689,-122.295244 37.804823,-122.265332 37.797257,-122.224167 37.774773,-122.196798 37.753504,-122.160813 37.721706,-122.126531 37.696838,-122.075715 37.690676,-121.928401 37.699660,-121.899342 37.701592,-121.899242 37.701692)"
2_19_transit,transit,2,19,-122.42,37.7652,-122.397,37.7928,2.3556,3.79016,2.27452,3.6597,1.03565,7.8544,8.12398,51,"LINESTRING(-122.419755 37.765176,-122.419855 37.765076,-122.413979 37.779350,-122.407487 37.784545,-122.401742 37.789113,-122.397180 37.792689,-122.397080 37.792789)"
2_20_transit,transit,2,20,-122.42,37.7652,-121.977,37.5575,32.7438,52.6848,28.1675,45.3215,1.16247,54.8649,54.9497,1,"LINESTRING(-122.419755 37.765176,-122.419855 37.765076,-122.413979 37.779350,-122.407487 37.784545,-122.401742 37.789113,-122.397180 37.792689,-122.295244 37.804823,-122.265332 37.797257,-122.224167 37.774773,-122.196798 37.753504,-122.160813 37.721706,-122.126531 37.696838,-122.087041 37.669631,-122.057258 37.634263,-122.017330 37.590665,-121.976705 37.557413,-121.976605 37.557513)"
2_21_transit,transit,2,21,-122.42,37.7652,-122.224,37.7749,12.4328,20.0044,10.7089,17.2306,1.16098,24.8574,24.925,3,"LINESTRING(-122.419755 37.765176,-122.419855 37.765076,-122.413979 37.779350,-122.407487 37.784545,-122.401742 37.789113,-122.397180 37.792689,-122.295244 37.804823,-122.265332 37.797257,-122.224167 37.774773,-122.224067 37.774873)"
2_22_transit,transit,2,22,-122.42,37.7652,-122.434,37.7333,2.45964,3.95755,2.32997,3.74893,1.05565,5.85253,5.85379,10,"LINESTRING(-122.419755 37.765176,-122.419855 37.765076,-122.418618 37.752322,-122.433657 37.733169,-122.433557 37.733269)"
2_23_transit,transit,2,23,-122.42,37.7652,-122.087,37.6697,22.8851,36.8221,19.3488,31.1322,1.18276,40.8617,40.9395,2,"LINESTRING(-122.419755 37.765176,-122.419855 37.765076,-122.413979 37.779350,-122.407487 37.784545,-122.401742 37.789113,-122.397180 37.792689,-122.295244 37.804823,-122.265332 37.797257,-122.224167 37.774773,-122.196798 37.753504,-122.160813 37.721706,-122.126531 37.696838,-122.087041 37.669631,-122.086941 37.669731)"
2_24_transit,transit,2,24,-122.42,37.7652,-122.125,37.8932,20.2086,32.5156,18.3752,29.5657,1.09977,37.8612,37.8657,1,"LINESTRING(-122.419755 37.765176,-122.419855 37.765076,-122.413979 37.779350,-122.407487 37.784545,-122.401742 37.789113,-122.397180 37.792689,-122.295244 37.804823,-122.271689 37.803371,-122.268822 37.807960,-122.267263 37.828714,-122.251371 37.844695,-122.183817 37.878403,-122.124744 37.893120,-122.124644 37.893220)"
2_26_transit,transit,2,26,-122.42,37.7652,-122.267,37.8288,11.0654,17.8042,9.42024,15.1572,1.17464,23.8583,24.1557,7,"LINESTRING(-122.419755 37.765176,-122.419855 37.765076,-122.413979 37.779350,-122.407487 37.784545,-122.401742 37.789113,-122.397180 37.792689,-122.295244 37.804823,-122.271689 37.803371,-122.268822 37.807960,-122.267263 37.828714,-122.267163 37.828814)"
2_27_transit,transit,2,27,-122.42,37.7652,-122.387,37.6002,14.0283,22.5715,11.5402,18.5681,1.21561,31.8598,31.8667,6,"LINESTRING(-122.419755 37.765176,-122.419855 37.765076,-122.418618 37.752322,-122.433657 37.733169,-122.447610 37.721658,-122.469094 37.706204,-122.466267 37.684542,-122.444354 37.664337,-122.416484 37.637620,-122.391995 37.615923,-122.386940 37.600099,-122.386840 37.600199)"
2_28_transit,transit,2,28,-122.42,37.7652,-121.891,37.4098,43.9942,70.7867,37.9675,61.0896,1.15873,69.8672,69.9526,1,"LINESTRING(-122.419755 37.765176,-122.419855 37.765076,-122.413979 37.779350,-122.407487 37.784545,-122.401742 37.789113,-122.397180 37.792689,-122.295244 37.804823,-122.265332 37.797257,-122.224167 37.774773,-122.196798 37.753504,-122.160813 37.721706,-122.126531 37.696838,-122.087041 37.669631,-122.057258 37.634263,-122.017330 37.590665,-121.976705 37.557413,-121.939458 37.502207,-121.890903 37.409736,-121.890803 37.409836)"
2_29_transit,transit,2,29,-122.42,37.7652,-122.402,37.7892,2.00468,3.22552,1.93308,3.11032,1.03704,5.85341,6.10736,53,"LINESTRING(-122.419755 37.765176,-122.419855 37.765076,-122.413979 37.779350,-122.407487 37.784545,-122.401742 37.789113,-122.401642 37.789213)"
2_31_transit,transit,2,31,-122.42,37.7652,-122.025,38.0034,30.6541,49.3224,27.118,43.6329,1.1304,53.8649,53.8845,1,"LINESTRING(-122.419755 37.765176,-122.419855 37.765076,-122.413979 37.779350,-122.407487 37.784545,-122.401742 37.789113,-122.397180 37.792689,-122.295244 37.804823,-122.271689 37.803371,-122.268822 37.807960,-122.267263 37.828714,-122.251371 37.844695,-122.183817 37.878403,-122.124744 37.893120,-122.067479 37.905712,-122.056115 37.928363,-122.029226 37.973673,-122.024661 38.003307,-122.024561 38.003407)"
2_33_transit,transit,2,33,-122.42,37.7652,-122.184,37.8785,16.8299,27.0793,15.0757,24.2568,1.11636,32.8602,32.8647,1,"LINESTRING(-122.419755 37.765176,-122.419855 37.765076,-122.413979 37.779350,-122.407487 37.784545,-122.401742 37.789113,-122.397180 37.792689,-122.295244 37.804823,-122.271689 37.803371,-122.268822 37.807960,-122.267263 37.828714,-122.251371 37.844695,-122.183817 37.878403,-122.183717 37.878503)"
2_38_transit,transit,2,38,-122.42,37.7652,-122.407,37.7846,1.55958,2.50937,1.50525,2.42195,1.03609,4.85242,4.91043,18,"LINESTRING(-122.419755 37.765176,-122.419855 37.765076,-122.413979 37.779350,-122.407487 37.784545,-122.407387 37.784645)"
2_39_transit,transit,2,39,-122.42,37.7652,-122.353,37.9368,20.9292,33.6751,12.4045,19.9588,1.68723,42.8641,43.1638,1,"LINESTRING(-122.419755 37.765176,-122.419855 37.765076,-122.413979 37.779350,-122.407487 37.784545,-122.401742 37.789113,-122.397180 37.792689,-122.295244 37.804823,-122.271689 37.803371,-122.268822 37.807960,-122.267263 37.828714,-122.269850 37.852969,-122.268178 37.870017,-122.283608 37.873932,-122.298995 37.902533,-122.316968 37.925105,-122.353104 37.936695,-122.353004 37.936795)"
2_40_transit,transit,2,40,-122.42,37.7652,-122.251,37.8448,12.4697,20.0637,10.7174,17.2443,1.1635,27.8593,27.8638,1,"LINESTRING(-122.419755 37.765176,-122.419855 37.765076,-122.413979 37.779350,-122.407487 37.784545,-122.401742 37.789113,-122.397180 37.792689,-122.295244 37.804823,-122.271689 37.803371,-122.268822 37.807960,-122.267263 37.828714,-122.251371 37.844695,-122.251271 37.844795)"
2_41_transit,transit,2,41,-122.42,37.7652,-122.161,37.7218,17.4786,28.123,14.467,23.2774,1.20817,32.8596,32.9308,1,"LINESTRING(-122.419755 37.765176,-122.419855 37.765076,-122.413979 37.779350,-122.407487 37.784545,-122.401742 37.789113,-122.397180 37.792689,-122.295244 37.804823,-122.265332 37.797257,-122.224167 37.774773,-122.196798 37.753504,-122.160813 37.721706,-122.160713 37.721806)"
2_42_transit,transit,2,42,-122.42,37.7652,-122.416,37.6377,10.889,17.5205,8.80838,14.1727,1.23621,22.8577,22.8595,7,"LINESTRING(-122.419755 37.765176,-122.419855 37.765076,-122.418618 37.752322,-122.433657 37.733169,-122.447610 37.721658,-122.469094 37.706204,-122.466267 37.684542,-122.444354 37.664337,-122.416484 37.637620,-122.416384 37.637720)"
2_43_transit,transit,2,43,-122.42,37.7652,-122.392,37.616,12.9002,20.7565,10.4176,16.7619,1.23832,27.8588,27.8606,9,"LINESTRING(-122.419755 37.765176,-122.419855 37.765076,-122.418618 37.752322,-122.433657 37.733169,-122.447610 37.721658,-122.469094 37.706204,-122.466267 37.684542,-122.444354 37.664337,-122.416484 37.637620,-122.391995 37.615923,-122.391895 37.616023)"
2_45_transit,transit,2,45,-122.42,37.7652,-122.444,37.6644,8.49437,13.6674,7.08811,11.4048,1.1984,19.8567,19.8584,3,"LINESTRING(-122.419755 37.765176,-122.419855 37.765076,-122.418618 37.752322,-122.433657 37.733169,-122.447610 37.721658,-122.469094 37.706204,-122.466267 37.684542,-122.444354 37.664337,-122.444254 37.664437)"
2_47_transit,transit,2,47,-122.42,37.7652,-121.939,37.5023,37.0708,59.6469,31.9506,51.4086,1.16025,60.866,60.9512,1,"LINESTRING(-122.419755 37.765176,-122.419855 37.765076,-122.413979 37.779350,-122.407487 37.784545,-122.401742 37.789113,-122.397180 37.792689,-122.295244 37.804823,-122.265332 37.797257,-122.224167 37.774773,-122.196798 37.753504,-122.160813 37.721706,-122.126531 37.696838,-122.087041 37.669631,-122.057258 37.634263,-122.017330 37.590665,-121.976705 37.557413,-121.939458 37.502207,-121.939358 37.502307)"
2_48_transit,transit,2,48,-122.42,37.7652,-122.067,37.9058,23.4504,37.7317,21.5445,34.6651,1.08846,41.8621,41.8818,1,"LINESTRING(-122.419755 37.765176,-122.419855 37.765076,-122.413979 37.779350,-122.407487 37.784545,-122.401742 37.789113,-122.397180 37.792689,-122.295244 37.804823,-122.271689 37.803371,-122.268822 37.807960,-122.267263 37.828714,-122.251371 37.844695,-122.183817 37.878403,-122.124744 37.893120,-122.067479 37.905712,-122.067379 37.905812)"
2_50_transit,transit,2,50,-122.42,37.7652,-122.295,37.8049,7.98483,12.8476,7.33782,11.8065,1.08817,14.8554,15.1403,7,"LINESTRING(-122.419755 37.765176,-122.419855 37.765076,-122.413979 37.779350,-122.407487 37.784545,-122.401742 37.789113,-122.397180 37.792689,-122.295244 37.804823,-122.295144 37.804923)"
3_1_transit,transit,3,1,-122.269,37.8081,-122.272,37.8035,0.371284,0.597396,0.353597,0.568938,1.05002,1.85128,1.93706,1,"LINESTRING(-122.268722 37.808060,-122.268822 37.807960,-122.271689 37.803371,-122.271589 37.803471)"
3_2_transit,transit,3,2,-122.269,37.8081,-122.42,37.7652,9.62858,15.4924,8.76327,14.1001,1.09874,20.8574,22.7499,19,"LINESTRING(-122.268722 37.808060,-122.268822 37.807960,-122.271689 37.803371,-122.295244 37.804823,-122.397180 37.792689,-122.401742 37.789113,-122.407487 37.784545,-122.413979 37.779350,-122.419855 37.765076,-122.419755 37.765176)"
3_4_transit,transit,3,4,-122.269,37.8081,-122.419,37.7524,10.5126,16.9147,9.03857,14.5431,1.16308,22.8584,24.7517,9,"LINESTRING(-122.268722 37.808060,-122.268822 37.807960,-122.271689 37.803371,-122.295244 37.804823,-122.397180 37.792689,-122.401742 37.789113,-122.407487 37.784545,-122.413979 37.779350,-122.419855 37.765076,-122.418618 37.752322,-122.418518 37.752422)"
3_6_transit,transit,3,6,-122.269,37.8081,-122.27,37.8531,3.13656,5.04672,3.11036,5.00457,1.00842,8.85217,8.85239,2,"LINESTRING(-122.268722 37.808060,-122.268822 37.807960,-122.267263 37.828714,-122.269850 37.852969,-122.269750 37.853069)"
3_8_transit,transit,3,8,-122.269,37.8081,-122.126,37.6969,11.2398,18.0848,10.9259,17.5798,1.02873,21.8565,21.8777,1,"LINESTRING(-122.268722 37.808060,-122.268822 37.807960,-122.271689 37.803371,-122.265332 37.797257,-122.224167 37.774773,-122.196798 37.753504,-122.160813 37.721706,-122.126531 37.696838,-122.126431 37.696938)"
3_9_transit,transit,3,9,-122.269,37.8081,-121.875,37.3685,38.2038,61.4699,37.2546,59.9426,1.02548,59.8642,59.8961,5,"LINESTRING(-122.268722 37.808060,-122.268822 37.807960,-122.271689 37.803371,-122.265332 37.797257,-122.224167 37.774773,-122.196798 37.753504,-122.160813 37.721706,-122.126531 37.696838,-122.087041 37.669631,-122.057258 37.634263,-122.017330 37.590665,-121.976705 37.557413,-121.939458 37.502207,-121.890903 37.409736,-121.874761 37.368395,-121.874661 37.368495)"
3_11_transit,transit,3,11,-122.269,37.8081,-122.414,37.7794,8.59122,13.8233,8.16833,13.1428,1.05177,18.8563,20.7475,53,"LINESTRING(-122.268722 37.808060,-122.268822 37.807960,-122.271689 37.803371,-122.295244 37.804823,-122.397180 37.792689,-122.401742 37.789113,-122.407487 37.784545,-122.413979 37.779350,-122.413879 37.779450)"
3_13_transit,transit,3,13,-122.269,37.8081,-122.197,37.7536,5.74782,9.24824,5.44306,8.75789,1.05599,12.8544,12.8719,12,"LINESTRING(-122.268722 37.808060,-122.268822 37.807960,-122.271689 37.803371,-122.265332 37.797257,-122.224167 37.774773,-122.196798 37.753504,-122.196698 37.753604)"
3_14_transit,transit,3,14,-122.269,37.8081,-122.029,37.9738,18.9801,30.539,17.3719,27.9513,1.09258,29.8569,29.857,2,"LINESTRING(-122.268722 37.808060,-122.268822 37.807960,-122.267263 37.828714,-122.251371 37.844695,-122.183817 37.878403,-122.124744 37.893120,-122.067479 37.905712,-122.056115 37.928363,-122.029226 37.973673,-122.029126 37.973773)"
3_15_transit,transit,3,15,-122.269,37.8081,-122.469,37.7063,14.7601,23.749,13.0046,20.9244,1.13499,31.8615,33.7556,1,"LINESTRING(-122.268722 37.808060,-122.268822 37.807960,-122.271689 37.803371,-122.295244 37.804823,-122.397180 37.792689,-122.401742 37.789113,-122.407487 37.784545,-122.413979 37.779350,-122.419855 37.765076,-122.418618 37.752322,-122.433657 37.733169,-122.447610 37.721658,-122.469094 37.706204,-122.468994 37.706304)"
3_16_transit,transit,3,16,-122.269,37.8081,-122.268,37.8701,4.31824,6.94805,4.28792,6.89926,1.00707,10.8531,10.8534,10,"LINESTRING(-122.268722 37.808060,-122.268822 37.807960,-122.267263 37.828714,-122.269850 37.852969,-122.268178 37.870017,-122.268078 37.870117)"
3_17_transit,transit,3,17,-122.269,37.8081,-122.317,37.9252,9.1919,14.7898,8.50941,13.6916,1.08021,18.856,18.8563,6,"LINESTRING(-122.268722 37.808060,-122.268822 37.807960,-122.267263 37.828714,-122.269850 37.852969,-122.268178 37.870017,-122.283608 37.873932,-122.298995 37.902533,-122.316968 37.925105,-122.316868 37.925205)"
3_19_transit,transit,3,19,-122.269,37.8081,-122.397,37.7928,7.2906,11.7306,7.08666,11.4024,1.02878,13.8533,15.6643,87,"LINESTRING(-122.268722 37.808060,-122.268822 37.807960,-122.271689 37.803371,-122.295244 37.804823,-122.397180 37.792689,-122.397080 37.792789)"
3_20_transit,transit,3,20,-122.269,37.8081,-121.977,37.5575,23.9621,38.555,23.5548,37.8997,1.01729,39.8608,39.8924,2,"LINESTRING(-122.268722 37.808060,-122.268822 37.807960,-122.271689 37.803371,-122.265332 37.797257,-122.224167 37.774773,-122.196798 37.753504,-122.160813 37.721706,-122.126531 37.696838,-122.087041 37.669631,-122.057258 37.634263,-122.017330 37.590665,-121.976705 37.557413,-121.976605 37.557513)"
3_21_transit,transit,3,21,-122.269,37.8081,-122.224,37.7749,3.6511,5.87462,3.34707,5.38544,1.09083,9.85334,9.8676,3,"LINESTRING(-122.268722 37.808060,-122.268822 37.807960,-122.271689 37.803371,-122.265332 37.797257,-122.224167 37.774773,-122.224067 37.774873)"
3_22_transit,transit,3,22,-122.269,37.8081,-122.434,37.7333,12.0706,19.4216,10.3804,16.7021,1.16282,25.8594,27.7532,6,"LINESTRING(-122.268722 37.808060,-122.268822 37.807960,-122.271689 37.803371,-122.295244 37.804823,-122.397180 37.792689,-122.401742 37.789113,-122.407487 37.784545,-122.413979 37.779350,-122.419855 37.765076,-122.418618 37.752322,-122.433657 37.733169,-122.433557 37.733269)"
3_23_transit,transit,3,23,-122.269,37.8081,-122.087,37.6697,14.1033,22.6923,13.7842,22.1788,1.02315,25.8576,25.882,2,"LINESTRING(-122.268722 37.808060,-122.268822 37.807960,-122.271689 37.803371,-122.265332 37.797257,-122.224167 37.774773,-122.196798 37.753504,-122.160813 37.721706,-122.126531 37.696838,-122.087041 37.669631,-122.086941 37.669731)"
3_26_transit,transit,3,26,-122.269,37.8081,-122.267,37.8288,1.45441,2.34014,1.4365,2.31133,1.01246,4.85122,4.85123,3,"LINESTRING(-122.268722 37.808060,-122.268822 37.807960,-122.267263 37.828714,-122.267163 37.828814)"
3_27_transit,transit,3,27,-122.269,37.8081,-122.387,37.6002,23.6393,38.0356,15.7467,25.3365,1.50122,52.8667,62.635,4,"LINESTRING(-122.268722 37.808060,-122.268822 37.807960,-122.271689 37.803371,-122.295244 37.804823,-122.397180 37.792689,-122.401742 37.789113,-122.407487 37.784545,-122.413979 37.779350,-122.419855 37.765076,-122.418618 37.752322,-122.433657 37.733169,-122.447610 37.721658,-122.469094 37.706204,-122.466267 37.684542,-122.444354 37.664337,-122.416484 37.637620,-122.391995 37.615923,-122.386940 37.600099,-122.386840 37.600199)"
3_28_transit,transit,3,28,-122.269,37.8081,-121.891,37.4098,35.2125,56.6569,34.4233,55.3872,1.02292,54.8631,54.895,4,"LINESTRING(-122.268722 37.808060,-122.268822 37.807960,-122.271689 37.803371,-122.265332 37.797257,-122.224167 37.774773,-122.196798 37.753504,-122.160813 37.721706,-122.126531 37.696838,-122.087041 37.669631,-122.057258 37.634263,-122.017330 37.590665,-121.976705 37.557413,-121.939458 37.502207,-121.890903 37.409736,-121.890803 37.409836)"
3_29_transit,transit,3,29,-122.269,37.8081,-122.402,37.7892,7.64152,12.2952,7.37282,11.8629,1.03644,14.8543,16.7143,68,"LINESTRING(-122.268722 37.808060,-122.268822 37.807960,-122.271689 37.803371,-122.295244 37.804823,-122.397180 37.792689,-122.401742 37.789113,-122.401642 37.789213)"
3_30_transit,transit,3,30,-122.269,37.8081,-122.284,37.874,5.2024,8.37066,4.62912,7.44826,1.12384,12.8541,12.8544,3,"LINESTRING(-122.268722 37.808060,-122.268822 37.807960,-122.267263 37.828714,-122.269850 37.852969,-122.268178 37.870017,-122.283608 37.873932,-122.283508 37.874032)"
3_31_transit,transit,3,31,-122.269,37.8081,-122.025,38.0034,21.0431,33.8584,18.9567,30.5013,1.11006,33.8578,33.858,2,"LINESTRING(-122.268722 37.808060,-122.268822 37.807960,-122.267263 37.828714,-122.251371 37.844695,-122.183817 37.878403,-122.124744 37.893120,-122.067479 37.905712,-122.056115 37.928363,-122.029226 37.973673,-122.024661 38.003307,-122.024561 38.003407)"
3_33_transit,transit,3,33,-122.269,37.8081,-122.184,37.8785,7.21893,11.6153,6.72323,10.8177,1.07373,12.8531,12.8532,1,"LINESTRING(-122.268722 37.808060,-122.268822 37.807960,-122.267263 37.828714,-122.251371 37.844695,-122.183817 37.878403,-122.183717 37.878503)"
3_35_transit,transit,3,35,-122.269,37.8081,-122.056,37.9285,15.5229,24.9764,14.2764,22.9707,1.08732,24.856,24.8561,3,"LINESTRING(-122.268722 37.808060,-122.268822 37.807960,-122.267263 37.828714,-122.251371 37.844695,-122.183817 37.878403,-122.124744 37.893120,-122.067479 37.905712,-122.056115 37.928363,-122.056015 37.928463)"
3_37_transit,transit,3,37,-122.269,37.8081,-122.299,37.9026,7.34974,11.8257,6.73857,10.8424,1.0907,15.8551,15.8553,1,"LINESTRING(-122.268722 37.808060,-122.268822 37.807960,-122.267263 37.828714,-122.269850 37.852969,-122.268178 37.870017,-122.283608 37.873932,-122.298995 37.902533,-122.298895 37.902633)"
3_38_transit,transit,3,38,-122.269,37.8081,-122.407,37.7846,8.08661,13.0114,7.74173,12.4564,1.04455,16.8553,18.7381,32,"LINESTRING(-122.268722 37.808060,-122.268822 37.807960,-122.271689 37.803371,-122.295244 37.804823,-122.397180 37.792689,-122.401742 37.789113,-122.407487 37.784545,-122.407387 37.784645)"
3_39_transit,transit,3,39,-122.269,37.8081,-122.353,37.9368,11.3183,18.2111,10.0124,16.11,1.13042,23.857,23.8573,4,"LINESTRING(-122.268722 37.808060,-122.268822 37.807960,-122.267263 37.828714,-122.269850 37.852969,-122.268178 37.870017,-122.283608 37.873932,-122.298995 37.902533,-122.316968 37.925105,-122.353104 37.936695,-122.353004 37.936795)"
3_40_transit,transit,3,40,-122.269,37.8081,-122.251,37.8448,2.85871,4.59966,2.71097,4.36196,1.0545,7.85219,7.85221,1,"LINESTRING(-122.268722 37.808060,-122.268822 37.807960,-122.267263 37.828714,-122.251371 37.844695,-122.251271 37.844795)"
3_41_transit,transit,3,41,-122.269,37.8081,-122.161,37.7218,8.69684,13.9932,8.38582,13.4928,1.03709,17.8555,17.8749,6,"LINESTRING(-122.268722 37.808060,-122.268822 37.807960,-122.271689 37.803371,-122.265332 37.797257,-122.224167 37.774773,-122.196798 37.753504,-122.160813 37.721706,-122.160713 37.721806)"
3_42_transit,transit,3,42,-122.269,37.8081,-122.416,37.6377,20.5,32.9845,14.2705,22.9612,1.43653,42.8646,44.7589,2,"LINESTRING(-122.268722 37.808060,-122.268822 37.807960,-122.271689 37.803371,-122.295244 37.804823,-122.397180 37.792689,-122.401742 37.789113,-122.407487 37.784545,-122.413979 37.779350,-122.419855 37.765076,-122.418618 37.752322,-122.433657 37.733169,-122.447610 37.721658,-122.469094 37.706204,-122.466267 37.684542,-122.444354 37.664337,-122.416484 37.637620,-122.416384 37.637720)"
3_43_transit,transit,3,43,-122.269,37.8081,-122.392,37.616,22.5112,36.2205,14.879,23.9403,1.51295,47.8657,49.76,9,"LINESTRING(-122.268722 37.808060,-122.268822 37.807960,-122.271689 37.803371,-122.295244 37.804823,-122.397180 37.792689,-122.401742 37.789113,-122.407487 37.784545,-122.413979 37.779350,-122.419855 37.765076,-122.418618 37.752322,-122.433657 37.733169,-122.447610 37.721658,-122.469094 37.706204,-122.466267 37.684542,-122.444354 37.664337,-122.416484 37.637620,-122.391995 37.615923,-122.391895 37.616023)"
3_44_transit,transit,3,44,-122.269,37.8081,-122.057,37.6344,17.041,27.419,16.6652,26.8143,1.02255,29.8587,29.8859,2,"LINESTRING(-122.268722 37.808060,-122.268822 37.807960,-122.271689 37.803371,-122.265332 37.797257,-122.224167 37.774773,-122.196798 37.753504,-122.160813 37.721706,-122.126531 37.696838,-122.087041 37.669631,-122.057258 37.634263,-122.057158 37.634363)"
3_45_transit,transit,3,45,-122.269,37.8081,-122.444,37.6644,18.1053,29.1315,13.8011,22.206,1.31187,39.8636,41.7579,1,"LINESTRING(-122.268722 37.808060,-122.268822 37.807960,-122.271689 37.803371,-122.295244 37.804823,-122.397180 37.792689,-122.401742 37.789113,-122.407487 37.784545,-122.413979 37.779350,-122.419855 37.765076,-122.418618 37.752322,-122.433657 37.733169,-122.447610 37.721658,-122.469094 37.706204,-122.466267 37.684542,-122.444354 37.664337,-122.444254 37.664437)"
3_46_transit,transit,3,46,-122.269,37.8081,-122.017,37.5908,20.7633,33.4082,20.3579,32.7559,1.01991,34.8598,34.8903,2,"LINESTRING(-122.268722 37.808060,-122.268822 37.807960,-122.271689 37.803371,-122.265332 37.797257,-122.224167 37.774773,-122.196798 37.753504,-122.160813 37.721706,-122.126531 37.696838,-122.087041 37.669631,-122.057258 37.634263,-122.017330 37.590665,-122.017230 37.590765)"
3_47_transit,transit,3,47,-122.269,37.8081,-121.939,37.5023,28.2891,45.5171,27.7651,44.674,1.01887,45.8619,45.8937,4,"LINESTRING(-122.268722 37.808060,-122.268822 37.807960,-122.271689 37.803371,-122.265332 37.797257,-122.224167 37.774773,-122.196798 37.753504,-122.160813 37.721706,-122.126531 37.696838,-122.087041 37.669631,-122.057258 37.634263,-122.017330 37.590665,-121.976705 37.557413,-121.939458 37.502207,-121.939358 37.502307)"
3_48_transit,transit,3,48,-122.269,37.8081,-122.067,37.9058,13.8394,22.2676,12.8943,20.7469,1.0733,21.8551,21.8552,5,"LINESTRING(-122.268722 37.808060,-122.268822 37.807960,-122.267263 37.828714,-122.251371 37.844695,-122.183817 37.878403,-122.124744 37.893120,-122.067479 37.905712,-122.067379 37.905812)"
3_50_transit,transit,3,50,-122.269,37.8081,-122.295,37.8049,1.66137,2.67314,1.45858,2.34685,1.13903,6.85228,7.41427,1,"LINESTRING(-122.268722 37.808060,-122.268822 37.807960,-122.271689 37.803371,-122.295244 37.804823,-122.295144 37.804923)"
4_1_transit,transit,4,1,-122.419,37.7524,-122.272,37.8035,10.1589,16.3457,8.76501,14.1029,1.15903,20.8574,21.2045,10,"LINESTRING(-122.418518 37.752422,-122.418618 37.752322,-122.419855 37.765076,-122.413979 37.779350,-122.407487 37.784545,-122.401742 37.789113,-122.397180 37.792689,-122.295244 37.804823,-122.271689 37.803371,-122.271589 37.803471)"
4_2_transit,transit,4,2,-122.419,37.7524,-122.42,37.7652,0.901611,1.45069,0.883813,1.42206,1.02014,2.85149,2.86176,10,"LINESTRING(-122.418518 37.752422,-122.418618 37.752322,-122.419855 37.765076,-122.419755 37.765176)"
4_3_transit,transit,4,3,-122.419,37.7524,-122.269,37.8081,10.5126,16.9147,9.03857,14.5431,1.16308,21.8584,22.207,11,"LINESTRING(-122.418518 37.752422,-122.418618 37.752322,-122.419855 37.765076,-122.413979 37.779350,-122.407487 37.784545,-122.401742 37.789113,-122.397180 37.792689,-122.295244 37.804823,-122.271689 37.803371,-122.268822 37.807960,-122.268722 37.808060)"
4_6_transit,transit,4,6,-122.419,37.7524,-122.27,37.8531,13.6315,21.9331,10.6921,17.2036,1.27491,29.8603,30.2131,3,"LINESTRING(-122.418518 37.752422,-122.418618 37.752322,-122.419855 37.765076,-122.413979 37.779350,-122.407487 37.784545,-122.401742 37.789113,-122.397180 37.792689,-122.295244 37.804823,-122.271689 37.803371,-122.268822 37.807960,-122.267263 37.828714,-122.269850 37.852969,-122.269750 37.853069)"
4_7_transit,transit,4,7,-122.419,37.7524,-122.448,37.7218,2.67768,4.30839,2.64546,4.25655,1.01218,5.85258,5.85329,13,"LINESTRING(-122.418518 37.752422,-122.418618 37.752322,-122.433657 37.733169,-122.447610 37.721658,-122.447510 37.721758)"
4_8_transit,transit,4,8,-122.419,37.7524,-122.126,37.6969,20.9055,33.6369,16.4166,26.4144,1.27343,37.8616,37.9815,3,"LINESTRING(-122.418518 37.752422,-122.418618 37.752322,-122.419855 37.765076,-122.413979 37.779350,-122.407487 37.784545,-122.401742 37.789113,-122.397180 37.792689,-122.295244 37.804823,-122.265332 37.797257,-122.224167 37.774773,-122.196798 37.753504,-122.160813 37.721706,-122.126531 37.696838,-122.126431 37.696938)"
4_11_transit,transit,4,11,-122.419,37.7524,-122.414,37.7794,1.93897,3.1198,1.88459,3.0323,1.02886,4.85246,4.95123,32,"LINESTRING(-122.418518 37.752422,-122.418618 37.752322,-122.419855 37.765076,-122.413979 37.779350,-122.413879 37.779450)"
4_12_transit,transit,4,12,-122.419,37.7524,-122.466,37.6846,5.77015,9.28418,5.35859,8.62198,1.0768,14.8547,14.8556,2,"LINESTRING(-122.418518 37.752422,-122.418618 37.752322,-122.433657 37.733169,-122.447610 37.721658,-122.469094 37.706204,-122.466267 37.684542,-122.466167 37.684642)"
4_13_transit,transit,4,13,-122.419,37.7524,-122.197,37.7536,15.4135,24.8004,12.1182,19.4983,1.27193,30.8595,30.974,5,"LINESTRING(-122.418518 37.752422,-122.418618 37.752322,-122.419855 37.765076,-122.413979 37.779350,-122.407487 37.784545,-122.401742 37.789113,-122.397180 37.792689,-122.295244 37.804823,-122.265332 37.797257,-122.224167 37.774773,-122.196798 37.753504,-122.196698 37.753604)"
4_14_transit,transit,4,14,-122.419,37.7524,-122.029,37.9738,29.4751,47.4254,26.1739,42.1138,1.12612,51.865,51.8885,1,"LINESTRING(-122.418518 37.752422,-122.418618 37.752322,-122.419855 37.765076,-122.413979 37.779350,-122.407487 37.784545,-122.401742 37.789113,-122.397180 37.792689,-122.295244 37.804823,-122.271689 37.803371,-122.268822 37.807960,-122.267263 37.828714,-122.251371 37.844695,-122.183817 37.878403,-122.124744 37.893120,-122.067479 37.905712,-122.056115 37.928363,-122.029226 37.973673,-122.029126 37.973773)"
4_15_transit,transit,4,15,-122.419,37.7524,-122.469,37.7063,4.26517,6.86266,4.21453,6.78118,1.01202,9.85362,9.85448,9,"LINESTRING(-122.418518 37.752422,-122.418618 37.752322,-122.433657 37.733169,-122.447610 37.721658,-122.469094 37.706204,-122.468994 37.706304)"
4_16_transit,transit,4,16,-122.419,37.7524,-122.268,37.8701,14.8132,23.8344,11.5571,18.5954,1.28174,31.8613,32.2146,9,"LINESTRING(-122.418518 37.752422,-122.418618 37.752322,-122.419855 37.765076,-122.413979 37.779350,-122.407487 37.784545,-122.401742 37.789113,-122.397180 37.792689,-122.295244 37.804823,-122.271689 37.803371,-122.268822 37.807960,-122.267263 37.828714,-122.269850 37.852969,-122.268178 37.870017,-122.268078 37.870117)"
4_17_transit,transit,4,17,-122.419,37.7524,-122.317,37.9252,19.6869,31.6762,13.1639,21.1807,1.49552,39.8641,40.2176,1,"LINESTRING(-122.418518 37.752422,-122.418618 37.752322,-122.419855 37.765076,-122.413979 37.779350,-122.407487 37.784545,-122.401742 37.789113,-122.397180 37.792689,-122.295244 37.804823,-122.271689 37.803371,-122.268822 37.807960,-122.267263 37.828714,-122.269850 37.852969,-122.268178 37.870017,-122.283608 37.873932,-122.298995 37.902533,-122.316968 37.925105,-122.316868 37.925205)"
4_18_transit,transit,4,18,-122.419,37.7524,-121.899,37.7017,33.3908,53.7259,28.5935,46.0069,1.16778,55.8646,55.893,1,"LINESTRING(-122.418518 37.752422,-122.418618 37.752322,-122.419855 37.765076,-122.413979 37.779350,-122.407487 37.784545,-122.401742 37.789113,-122.397180 37.792689,-122.295244 37.804823,-122.265332 37.797257,-122.224167 37.774773,-122.196798 37.753504,-122.160813 37.721706,-122.126531 37.696838,-122.075715 37.690676,-121.928401 37.699660,-121.899342 37.701592,-121.899242 37.701692)"
4_19_transit,transit,4,19,-122.419,37.7524,-122.397,37.7928,3.23959,5.2125,3.02491,4.86708,1.07097,9.85543,10.1788,72,"LINESTRING(-122.418518 37.752422,-122.418618 37.752322,-122.419855 37.765076,-122.413979 37.779350,-122.407487 37.784545,-122.401742 37.789113,-122.397180 37.792689,-122.397080 37.792789)"
4_20_transit,transit,4,20,-122.419,37.7524,-121.977,37.5575,33.6278,54.1071,27.6716,44.5237,1.21524,56.8659,56.9962,1,"LINESTRING(-122.418518 37.752422,-122.418618 37.752322,-122.419855 37.765076,-122.413979 37.779350,-122.407487 37.784545,-122.401742 37.789113,-122.397180 37.792689,-122.295244 37.804823,-122.265332 37.797257,-122.224167 37.774773,-122.196798 37.753504,-122.160813 37.721706,-122.126531 37.696838,-122.087041 37.669631,-122.057258 37.634263,-122.017330 37.590665,-121.976705 37.557413,-121.976605 37.557513)"
4_21_transit,transit,4,21,-122.419,37.7524,-122.224,37.7749,13.3168,21.4267,10.734,17.2709,1.24062,26.8585,26.9716,6,"LINESTRING(-122.418518 37.752422,-122.418618 37.752322,-122.419855 37.765076,-122.413979 37.779350,-122.407487 37.784545,-122.401742 37.789113,-122.397180 37.792689,-122.295244 37.804823,-122.265332 37.797257,-122.224167 37.774773,-122.224067 37.774873)"
4_22_transit,transit,4,22,-122.419,37.7524,-122.434,37.7333,1.57564,2.53521,1.55771,2.50635,1.01152,3.85156,3.85207,5,"LINESTRING(-122.418518 37.752422,-122.418618 37.752322,-122.433657 37.733169,-122.433557 37.733269)"
4_23_transit,transit,4,23,-122.419,37.7524,-122.087,37.6697,23.7691,38.2444,19.0034,30.5765,1.25078,42.8627,42.986,2,"LINESTRING(-122.418518 37.752422,-122.418618 37.752322,-122.419855 37.765076,-122.413979 37.779350,-122.407487 37.784545,-122.401742 37.789113,-122.397180 37.792689,-122.295244 37.804823,-122.265332 37.797257,-122.224167 37.774773,-122.196798 37.753504,-122.160813 37.721706,-122.126531 37.696838,-122.087041 37.669631,-122.086941 37.669731)"
4_24_transit,transit,4,24,-122.419,37.7524,-122.125,37.8932,21.0926,33.938,18.7588,30.1829,1.12441,39.8622,39.8695,2,"LINESTRING(-122.418518 37.752422,-122.418618 37.752322,-122.419855 37.765076,-122.413979 37.779350,-122.407487 37.784545,-122.401742 37.789113,-122.397180 37.792689,-122.295244 37.804823,-122.271689 37.803371,-122.268822 37.807960,-122.267263 37.828714,-122.251371 37.844695,-122.183817 37.878403,-122.124744 37.893120,-122.124644 37.893220)"
4_25_transit,transit,4,25,-122.419,37.7524,-122.265,37.7974,10.5838,17.0294,8.92869,14.3663,1.18537,22.8574,22.9695,2,"LINESTRING(-122.418518 37.752422,-122.418618 37.752322,-122.419855 37.765076,-122.413979 37.779350,-122.407487 37.784545,-122.401742 37.789113,-122.397180 37.792689,-122.295244 37.804823,-122.265332 37.797257,-122.265232 37.797357)"
4_26_transit,transit,4,26,-122.419,37.7524,-122.267,37.8288,11.9494,19.2265,9.80602,15.7779,1.21857,25.8593,26.2105,6,"LINESTRING(-122.418518 37.752422,-122.418618 37.752322,-122.419855 37.765076,-122.413979 37.779350,-122.407487 37.784545,-122.401742 37.789113,-122.397180 37.792689,-122.295244 37.804823,-122.271689 37.803371,-122.268822 37.807960,-122.267263 37.828714,-122.267163 37.828814)"
4_27_transit,transit,4,27,-122.419,37.7524,-122.387,37.6002,13.1443,21.1492,10.6594,17.151,1.23312,29.8589,29.8637,6,"LINESTRING(-122.418518 37.752422,-122.418618 37.752322,-122.433657 37.733169,-122.447610 37.721658,-122.469094 37.706204,-122.466267 37.684542,-122.444354 37.664337,-122.416484 37.637620,-122.391995 37.615923,-122.386940 37.600099,-122.386840 37.600199)"
4_28_transit,transit,4,28,-122.419,37.7524,-121.891,37.4098,44.8782,72.209,37.3531,60.1012,1.20146,71.8683,71.9991,1,"LINESTRING(-122.418518 37.752422,-122.418618 37.752322,-122.419855 37.765076,-122.413979 37.779350,-122.407487 37.784545,-122.401742 37.789113,-122.397180 37.792689,-122.295244 37.804823,-122.265332 37.797257,-122.224167 37.774773,-122.196798 37.753504,-122.160813 37.721706,-122.126531 37.696838,-122.087041 37.669631,-122.057258 37.634263,-122.017330 37.590665,-121.976705 37.557413,-121.939458 37.502207,-121.890903 37.409736,-121.890803 37.409836)"
4_29_transit,transit,4,29,-122.419,37.7524,-122.402,37.7892,2.88867,4.64787,2.70398,4.35071,1.0683,7.85444,8.16217,109,"LINESTRING(-122.418518 37.752422,-122.418618 37.752322,-122.419855 37.765076,-122.413979 37.779350,-122.407487 37.784545,-122.401742 37.789113,-122.401642 37.789213)"
4_35_transit,transit,4,35,-122.419,37.7524,-122.056,37.9285,26.0179,41.8628,23.2206,37.3619,1.12047,46.8641,46.8876,1,"LINESTRING(-122.418518 37.752422,-122.418618 37.752322,-122.419855 37.765076,-122.413979 37.779350,-122.407487 37.784545,-122.401742 37.789113,-122.397180 37.792689,-122.295244 37.804823,-122.271689 37.803371,-122.268822 37.807960,-122.267263 37.828714,-122.251371 37.844695,-122.183817 37.878403,-122.124744 37.893120,-122.067479 37.905712,-122.056115 37.928363,-122.056015 37.928463)"
4_37_transit,transit,4,37,-122.419,37.7524,-122.299,37.9026,17.8447,28.7121,12.2612,19.7283,1.45538,37.8632,38.2166,1,"LINESTRING(-122.418518 37.752422,-122.418618 37.752322,-122.419855 37.765076,-122.413979 37.779350,-122.407487 37.784545,-122.401742 37.789113,-122.397180 37.792689,-122.295244 37.804823,-122.271689 37.803371,-122.268822 37.807960,-122.267263 37.828714,-122.269850 37.852969,-122.268178 37.870017,-122.283608 37.873932,-122.298995 37.902533,-122.298895 37.902633)"
4_38_transit,transit,4,38,-122.419,37.7524,-122.407,37.7846,2.44357,3.93171,2.30793,3.71346,1.05877,6.85345,6.95698,32,"LINESTRING(-122.418518 37.752422,-122.418618 37.752322,-122.419855 37.765076,-122.413979 37.779350,-122.407487 37.784545,-122.407387 37.784645)"
4_39_transit,transit,4,39,-122.419,37.7524,-122.353,37.9368,21.8132,35.0975,13.2311,21.2888,1.64863,44.8651,45.2186,4,"LINESTRING(-122.418518 37.752422,-122.418618 37.752322,-122.419855 37.765076,-122.413979 37.779350,-122.407487 37.784545,-122.401742 37.789113,-122.397180 37.792689,-122.295244 37.804823,-122.271689 37.803371,-122.268822 37.807960,-122.267263 37.828714,-122.269850 37.852969,-122.268178 37.870017,-122.283608 37.873932,-122.298995 37.902533,-122.316968 37.925105,-122.353104 37.936695,-122.353004 37.936795)"
4_40_transit,transit,4,40,-122.419,37.7524,-122.251,37.8448,13.3537,21.486,11.1405,17.9251,1.19866,29.8603,29.8676,4,"LINESTRING(-122.418518 37.752422,-122.418618 37.752322,-122.419855 37.765076,-122.413979 37.779350,-122.407487 37.784545,-122.401742 37.789113,-122.397180 37.792689,-122.295244 37.804823,-122.271689 37.803371,-122.268822 37.807960,-122.267263 37.828714,-122.251371 37.844695,-122.251271 37.844795)"
4_41_transit,transit,4,41,-122.419,37.7524,-122.161,37.7218,18.3626,29.5453,14.2448,22.9199,1.28907,34.8606,34.9774,1,"LINESTRING(-122.418518 37.752422,-122.418618 37.752322,-122.419855 37.765076,-122.413979 37.779350,-122.407487 37.784545,-122.401742 37.789113,-122.397180 37.792689,-122.295244 37.804823,-122.265332 37.797257,-122.224167 37.774773,-122.196798 37.753504,-122.160813 37.721706,-122.160713 37.721806)"
4_42_transit,transit,4,42,-122.419,37.7524,-122.416,37.6377,10.0051,16.0981,7.92609,12.7531,1.26229,20.8568,20.8578,6,"LINESTRING(-122.418518 37.752422,-122.418618 37.752322,-122.433657 37.733169,-122.447610 37.721658,-122.469094 37.706204,-122.466267 37.684542,-122.444354 37.664337,-122.416484 37.637620,-122.416384 37.637720)"
4_43_transit,transit,4,43,-122.419,37.7524,-122.392,37.616,12.0163,19.3342,9.53614,15.3436,1.26008,25.8578,25.8589,3,"LINESTRING(-122.418518 37.752422,-122.418618 37.752322,-122.433657 37.733169,-122.447610 37.721658,-122.469094 37.706204,-122.466267 37.684542,-122.444354 37.664337,-122.416484 37.637620,-122.391995 37.615923,-122.391895 37.616023)"
4_44_transit,transit,4,44,-122.419,37.7524,-122.057,37.6344,26.7067,42.9711,21.3746,34.3917,1.24946,46.8638,46.9895,2,"LINESTRING(-122.418518 37.752422,-122.418618 37.752322,-122.419855 37.765076,-122.413979 37.779350,-122.407487 37.784545,-122.401742 37.789113,-122.397180 37.792689,-122.295244 37.804823,-122.265332 37.797257,-122.224167 37.774773,-122.196798 37.753504,-122.160813 37.721706,-122.126531 37.696838,-122.087041 37.669631,-122.057258 37.634263,-122.057158 37.634363)"
4_45_transit,transit,4,45,-122.419,37.7524,-122.444,37.6644,7.61038,12.2451,6.23989,10.04,1.21963,17.8557,17.8567,5,"LINESTRING(-122.418518 37.752422,-122.418618 37.752322,-122.433657 37.733169,-122.447610 37.721658,-122.469094 37.706204,-122.466267 37.684542,-122.444354 37.664337,-122.444254 37.664437)"
4_46_transit,transit,4,46,-122.419,37.7524,-122.017,37.5908,30.429,48.9603,24.6252,39.6219,1.23569,51.8649,51.994,3,"LINESTRING(-122.418518 37.752422,-122.418618 37.752322,-122.419855 37.765076,-122.413979 37.779350,-122.407487 37.784545,-122.401742 37.789113,-122.397180 37.792689,-122.295244 37.804823,-122.265332 37.797257,-122.224167 37.774773,-122.196798 37.753504,-122.160813 37.721706,-122.126531 37.696838,-122.087041 37.669631,-122.057258 37.634263,-122.017330 37.590665,-122.017230 37.590765)"
4_47_transit,transit,4,47,-122.419,37.7524,-121.939,37.5023,37.9548,61.0692,31.4034,50.5281,1.20862,62.8671,62.9978,2,"LINESTRING(-122.418518 37.752422,-122.418618 37.752322,-122.419855 37.765076,-122.413979 37.779350,-122.407487 37.784545,-122.401742 37.789113,-122.397180 37.792689,-122.295244 37.804823,-122.265332 37.797257,-122.224167 37.774773,-122.196798 37.753504,-122.160813 37.721706,-122.126531 37.696838,-122.087041 37.669631,-122.057258 37.634263,-122.017330 37.590665,-121.976705 37.557413,-121.939458 37.502207,-121.939358 37.502307)"
4_48_transit,transit,4,48,-122.419,37.7524,-122.067,37.9058,24.3344,39.154,21.8984,35.2345,1.11124,43.8632,43.8867,3,"LINESTRING(-122.418518 37.752422,-122.418618 37.752322,-122.419855 37.765076,-122.413979 37.779350,-122.407487 37.784545,-122.401742 37.789113,-122.397180 37.792689,-122.295244 37.804823,-122.271689 37.803371,-122.268822 37.807960,-122.267263 37.828714,-122.251371 37.844695,-122.183817 37.878403,-122.124744 37.893120,-122.067479 37.905712,-122.067379 37.905812)"
4_50_transit,transit,4,50,-122.419,37.7524,-122.295,37.8049,8.86882,14.2699,7.65202,12.3121,1.15902,16.8564,17.1951,7,"LINESTRING(-122.418518 37.752422,-122.418618 37.752322,-122.419855 37.765076,-122.413979 37.779350,-122.407487 37.784545,-122.401742 37.789113,-122.397180 37.792689,-122.295244 37.804823,-122.295144 37.804923)"
5_1_transit,transit,5,1,-121.78,37.9954,-122.272,37.8035,35.0104,56.3317,29.8866,48.0875,1.17144,57.8619,59.3078,25,"LINESTRING(-121.780353 37.995415,-121.780453 37.995315,-121.889111 38.016773,-121.944348 38.018850,-122.024661 38.003307,-122.029226 37.973673,-122.056115 37.928363,-122.067479 37.905712,-122.124744 37.893120,-122.183817 37.878403,-122.251371 37.844695,-122.267263 37.828714,-122.268822 37.807960,-122.271689 37.803371,-122.271589 37.803471)"
5_2_transit,transit,5,2,-121.78,37.9954,-122.42,37.7652,44.2677,71.2267,38.3274,61.6688,1.15499,76.868,80.1206,19,"LINESTRING(-121.780353 37.995415,-121.780453 37.995315,-121.889111 38.016773,-121.944348 38.018850,-122.024661 38.003307,-122.029226 37.973673,-122.056115 37.928363,-122.067479 37.905712,-122.124744 37.893120,-122.183817 37.878403,-122.251371 37.844695,-122.267263 37.828714,-122.268822 37.807960,-122.271689 37.803371,-122.295244 37.804823,-122.397180 37.792689,-122.401742 37.789113,-122.407487 37.784545,-122.413979 37.779350,-122.419855 37.765076,-122.419755 37.765176)"
5_3_transit,transit,5,3,-121.78,37.9954,-122.269,37.8081,34.6567,55.7626,29.6058,47.6358,1.1706,56.8609,58.221,19,"LINESTRING(-121.780353 37.995415,-121.780453 37.995315,-121.889111 38.016773,-121.944348 38.018850,-122.024661 38.003307,-122.029226 37.973673,-122.056115 37.928363,-122.067479 37.905712,-122.124744 37.893120,-122.183817 37.878403,-122.251371 37.844695,-122.267263 37.828714,-122.268822 37.807960,-122.268722 37.808060)"
5_4_transit,transit,5,4,-121.78,37.9954,-122.419,37.7524,45.1517,72.649,38.6434,62.1773,1.16842,78.869,82.1224,8,"LINESTRING(-121.780353 37.995415,-121.780453 37.995315,-121.889111 38.016773,-121.944348 38.018850,-122.024661 38.003307,-122.029226 37.973673,-122.056115 37.928363,-122.067479 37.905712,-122.124744 37.893120,-122.183817 37.878403,-122.251371 37.844695,-122.267263 37.828714,-122.268822 37.807960,-122.271689 37.803371,-122.295244 37.804823,-122.397180 37.792689,-122.401742 37.789113,-122.407487 37.784545,-122.413979 37.779350,-122.419855 37.765076,-122.418618 37.752322,-122.418518 37.752422)"
5_7_transit,transit,5,7,-121.78,37.9954,-122.448,37.7218,47.8117,76.9291,41.013,65.9899,1.16577,83.871,87.1252,5,"LINESTRING(-121.780353 37.995415,-121.780453 37.995315,-121.889111 38.016773,-121.944348 38.018850,-122.024661 38.003307,-122.029226 37.973673,-122.056115 37.928363,-122.067479 37.905712,-122.124744 37.893120,-122.183817 37.878403,-122.251371 37.844695,-122.267263 37.828714,-122.268822 37.807960,-122.271689 37.803371,-122.295244 37.804823,-122.397180 37.792689,-122.401742 37.789113,-122.407487 37.784545,-122.413979 37.779350,-122.419855 37.765076,-122.418618 37.752322,-122.433657 37.733169,-122.447610 37.721658,-122.447510 37.721758)"
5_11_transit,transit,5,11,-121.78,37.9954,-122.414,37.7794,43.2303,69.5576,37.6312,60.5486,1.14879,74.8669,78.1182,45,"LINESTRING(-121.780353 37.995415,-121.780453 37.995315,-121.889111 38.016773,-121.944348 38.018850,-122.024661 38.003307,-122.029226 37.973673,-122.056115 37.928363,-122.067479 37.905712,-122.124744 37.893120,-122.183817 37.878403,-122.251371 37.844695,-122.267263 37.828714,-122.268822 37.807960,-122.271689 37.803371,-122.295244 37.804823,-122.397180 37.792689,-122.401742 37.789113,-122.407487 37.784545,-122.413979 37.779350,-122.413879 37.779450)"
5_12_transit,transit,5,12,-121.78,37.9954,-122.466,37.6846,50.9042,81.9048,43.1444,69.4194,1.17986,92.8731,96.1275,2,"LINESTRING(-121.780353 37.995415,-121.780453 37.995315,-121.889111 38.016773,-121.944348 38.018850,-122.024661 38.003307,-122.029226 37.973673,-122.056115 37.928363,-122.067479 37.905712,-122.124744 37.893120,-122.183817 37.878403,-122.251371 37.844695,-122.267263 37.828714,-122.268822 37.807960,-122.271689 37.803371,-122.295244 37.804823,-122.397180 37.792689,-122.401742 37.789113,-122.407487 37.784545,-122.413979 37.779350,-122.419855 37.765076,-122.418618 37.752322,-122.433657 37.733169,-122.447610 37.721658,-122.469094 37.706204,-122.466267 37.684542,-122.466167 37.684642)"
5_14_transit,transit,5,14,-121.78,37.9954,-122.029,37.9738,15.6942,25.2519,13.63,21.9307,1.15144,26.8535,27.069,21,"LINESTRING(-121.780353 37.995415,-121.780453 37.995315,-121.889111 38.016773,-121.944348 38.018850,-122.024661 38.003307,-122.029226 37.973673,-122.029126 37.973773)"
5_15_transit,transit,5,15,-121.78,37.9954,-122.469,37.7063,49.3992,79.4833,42.5507,68.4641,1.16095,87.8721,91.1264,6,"LINESTRING(-121.780353 37.995415,-121.780453 37.995315,-121.889111 38.016773,-121.944348 38.018850,-122.024661 38.003307,-122.029226 37.973673,-122.056115 37.928363,-122.067479 37.905712,-122.124744 37.893120,-122.183817 37.878403,-122.251371 37.844695,-122.267263 37.828714,-122.268822 37.807960,-122.271689 37.803371,-122.295244 37.804823,-122.397180 37.792689,-122.401742 37.789113,-122.407487 37.784545,-122.413979 37.779350,-122.419855 37.765076,-122.418618 37.752322,-122.433657 37.733169,-122.447610 37.721658,-122.469094 37.706204,-122.468994 37.706304)"
5_19_transit,transit,5,19,-121.78,37.9954,-122.397,37.7928,41.9297,67.4649,36.4252,58.6081,1.15112,69.8639,73.035,49,"LINESTRING(-121.780353 37.995415,-121.780453 37.995315,-121.889111 38.016773,-121.944348 38.018850,-122.024661 38.003307,-122.029226 37.973673,-122.056115 37.928363,-122.067479 37.905712,-122.124744 37.893120,-122.183817 37.878403,-122.251371 37.844695,-122.267263 37.828714,-122.268822 37.807960,-122.271689 37.803371,-122.295244 37.804823,-122.397180 37.792689,-122.397080 37.792789)"
5_22_transit,transit,5,22,-121.78,37.9954,-122.434,37.7333,46.7097,75.1559,39.97,64.3117,1.16862,81.87,85.1239,6,"LINESTRING(-121.780353 37.995415,-121.780453 37.995315,-121.889111 38.016773,-121.944348 38.018850,-122.024661 38.003307,-122.029226 37.973673,-122.056115 37.928363,-122.067479 37.905712,-122.124744 37.893120,-122.183817 37.878403,-122.251371 37.844695,-122.267263 37.828714,-122.268822 37.807960,-122.271689 37.803371,-122.295244 37.804823,-122.397180 37.792689,-122.401742 37.789113,-122.407487 37.784545,-122.413979 37.779350,-122.419855 37.765076,-122.418618 37.752322,-122.433657 37.733169,-122.433557 37.733269)"
5_24_transit,transit,5,24,-121.78,37.9954,-122.125,37.8932,24.0767,38.7394,20.0447,32.2518,1.20115,39.8567,40.3726,8,"LINESTRING(-121.780353 37.995415,-121.780453 37.995315,-121.889111 38.016773,-121.944348 38.018850,-122.024661 38.003307,-122.029226 37.973673,-122.056115 37.928363,-122.067479 37.905712,-122.124744 37.893120,-122.124644 37.893220)"
5_26_transit,transit,5,26,-121.78,37.9954,-122.267,37.8288,33.2199,53.4508,28.9261,46.542,1.14844,52.8598,53.9156,17,"LINESTRING(-121.780353 37.995415,-121.780453 37.995315,-121.889111 38.016773,-121.944348 38.018850,-122.024661 38.003307,-122.029226 37.973673,-122.056115 37.928363,-122.067479 37.905712,-122.124744 37.893120,-122.183817 37.878403,-122.251371 37.844695,-122.267263 37.828714,-122.267163 37.828814)"
5_29_transit,transit,5,29,-121.78,37.9954,-122.402,37.7892,42.2806,68.0295,36.7508,59.132,1.15047,70.8649,74.0851,54,"LINESTRING(-121.780353 37.995415,-121.780453 37.995315,-121.889111 38.016773,-121.944348 38.018850,-122.024661 38.003307,-122.029226 37.973673,-122.056115 37.928363,-122.067479 37.905712,-122.124744 37.893120,-122.183817 37.878403,-122.251371 37.844695,-122.267263 37.828714,-122.268822 37.807960,-122.271689 37.803371,-122.295244 37.804823,-122.397180 37.792689,-122.401742 37.789113,-122.401642 37.789213)"
5_31_transit,transit,5,31,-121.78,37.9954,-122.025,38.0034,13.6312,21.9326,13.3079,21.4125,1.02429,23.8524,24.0076,5,"LINESTRING(-121.780353 37.995415,-121.780453 37.995315,-121.889111 38.016773,-121.944348 38.018850,-122.024661 38.003307,-122.024561 38.003407)"
5_33_transit,transit,5,33,-121.78,37.9954,-122.184,37.8785,27.4554,44.1757,23.4181,37.6797,1.1724,44.8577,45.5076,1,"LINESTRING(-121.780353 37.995415,-121.780453 37.995315,-121.889111 38.016773,-121.944348 38.018850,-122.024661 38.003307,-122.029226 37.973673,-122.056115 37.928363,-122.067479 37.905712,-122.124744 37.893120,-122.183817 37.878403,-122.183717 37.878503)"
5_34_transit,transit,5,34,-121.78,37.9954,-121.889,38.0169,6.1174,9.8429,6.09856,9.81258,1.00309,7.85039,7.86525,10,"LINESTRING(-121.780353 37.995415,-121.780453 37.995315,-121.889111 38.016773,-121.889011 38.016873)"
5_35_transit,transit,5,35,-121.78,37.9954,-122.056,37.9285,19.1514,30.8145,15.7131,25.2824,1.21881,31.8546,32.1677,9,"LINESTRING(-121.780353 37.995415,-121.780453 37.995315,-121.889111 38.016773,-121.944348 38.018850,-122.024661 38.003307,-122.029226 37.973673,-122.056115 37.928363,-122.056015 37.928463)"
5_38_transit,transit,5,38,-121.78,37.9954,-122.407,37.7846,42.7257,68.7456,37.1633,59.7957,1.14968,72.8659,76.1088,45,"LINESTRING(-121.780353 37.995415,-121.780453 37.995315,-121.889111 38.016773,-121.944348 38.018850,-122.024661 38.003307,-122.029226 37.973673,-122.056115 37.928363,-122.067479 37.905712,-122.124744 37.893120,-122.183817 37.878403,-122.251371 37.844695,-122.267263 37.828714,-122.268822 37.807960,-122.271689 37.803371,-122.295244 37.804823,-122.397180 37.792689,-122.401742 37.789113,-122.407487 37.784545,-122.407387 37.784645)"
5_40_transit,transit,5,40,-121.78,37.9954,-122.251,37.8448,31.8156,51.1913,27.6974,44.5651,1.14869,49.8588,50.7284,3,"LINESTRING(-121.780353 37.995415,-121.780453 37.995315,-121.889111 38.016773,-121.944348 38.018850,-122.024661 38.003307,-122.029226 37.973673,-122.056115 37.928363,-122.067479 37.905712,-122.124744 37.893120,-122.183817 37.878403,-122.251371 37.844695,-122.251271 37.844795)"
5_42_transit,transit,5,42,-121.78,37.9954,-122.416,37.6377,55.1391,88.7188,42.6148,68.5672,1.2939,98.8752,102.13,2,"LINESTRING(-121.780353 37.995415,-121.780453 37.995315,-121.889111 38.016773,-121.944348 38.018850,-122.024661 38.003307,-122.029226 37.973673,-122.056115 37.928363,-122.067479 37.905712,-122.124744 37.893120,-122.183817 37.878403,-122.251371 37.844695,-122.267263 37.828714,-122.268822 37.807960,-122.271689 37.803371,-122.295244 37.804823,-122.397180 37.792689,-122.401742 37.789113,-122.407487 37.784545,-122.413979 37.779350,-122.419855 37.765076,-122.418618 37.752322,-122.433657 37.733169,-122.447610 37.721658,-122.469094 37.706204,-122.466267 37.684542,-122.444354 37.664337,-122.416484 37.637620,-122.416384 37.637720)"
5_43_transit,transit,5,43,-121.78,37.9954,-122.392,37.616,57.1503,91.9548,42.4461,68.2958,1.34642,103.876,107.131,11,"LINESTRING(-121.780353 37.995415,-121.780453 37.995315,-121.889111 38.016773,-121.944348 38.018850,-122.024661 38.003307,-122.029226 37.973673,-122.056115 37.928363,-122.067479 37.905712,-122.124744 37.893120,-122.183817 37.878403,-122.251371 37.844695,-122.267263 37.828714,-122.268822 37.807960,-122.271689 37.803371,-122.295244 37.804823,-122.397180 37.792689,-122.401742 37.789113,-122.407487 37.784545,-122.413979 37.779350,-122.419855 37.765076,-122.418618 37.752322,-122.433657 37.733169,-122.447610 37.721658,-122.469094 37.706204,-122.466267 37.684542,-122.444354 37.664337,-122.416484 37.637620,-122.391995 37.615923,-122.391895 37.616023)"
5_45_transit,transit,5,45,-121.78,37.9954,-122.444,37.6644,52.7444,84.8658,42.8444,68.9367,1.23107,95.8742,99.1286,5,"LINESTRING(-121.780353 37.995415,-121.780453 37.995315,-121.889111 38.016773,-121.944348 38.018850,-122.024661 38.003307,-122.029226 37.973673,-122.056115 37.928363,-122.067479 37.905712,-122.124744 37.893120,-122.183817 37.878403,-122.251371 37.844695,-122.267263 37.828714,-122.268822 37.807960,-122.271689 37.803371,-122.295244 37.804823,-122.397180 37.792689,-122.401742 37.789113,-122.407487 37.784545,-122.413979 37.779350,-122.419855 37.765076,-122.418618 37.752322,-122.433657 37.733169,-122.447610 37.721658,-122.469094 37.706204,-122.466267 37.684542,-122.444354 37.664337,-122.444254 37.664437)"
5_48_transit,transit,5,48,-121.78,37.9954,-122.067,37.9058,20.8349,33.5233,16.8191,27.0619,1.23876,34.8556,35.2432,15,"LINESTRING(-121.780353 37.995415,-121.780453 37.995315,-121.889111 38.016773,-121.944348 38.018850,-122.024661 38.003307,-122.029226 37.973673,-122.056115 37.928363,-122.067479 37.905712,-122.067379 37.905812)"
5_50_transit,transit,5,50,-121.78,37.9954,-122.295,37.8049,36.3005,58.4074,30.9997,49.8785,1.17099,62.8629,64.785,1,"LINESTRING(-121.780353 37.995415,-121.780453 37.995315,-121.889111 38.016773,-121.944348 38.018850,-122.024661 38.003307,-122.029226 37.973673,-122.056115 37.928363,-122.067479 37.905712,-122.124744 37.893120,-122.183817 37.878403,-122.251371 37.844695,-122.267263 37.828714,-122.268822 37.807960,-122.271689 37.803371,-122.295244 37.804823,-122.295144 37.804923)"
6_1_transit,transit,6,1,-122.27,37.8531,-122.272,37.8035,3.49023,5.61578,3.4284,5.51629,1.01803,9.85318,16.9362,6,"LINESTRING(-122.269750 37.853069,-122.269850 37.852969,-122.267263 37.828714,-122.268822 37.807960,-122.271689 37.803371,-122.271589 37.803471)"
6_2_transit,transit,6,2,-122.27,37.8531,-122.42,37.7652,12.7475,20.5108,10.1947,16.4033,1.25041,28.8593,44.2157,12,"LINESTRING(-122.269750 37.853069,-122.269850 37.852969,-122.267263 37.828714,-122.268822 37.807960,-122.271689 37.803371,-122.295244 37.804823,-122.397180 37.792689,-122.401742 37.789113,-122.407487 37.784545,-122.413979 37.779350,-122.419855 37.765076,-122.419755 37.765176)"
6_3_transit,transit,6,3,-122.27,37.8531,-122.269,37.8081,3.13656,5.04672,3.11036,5.00457,1.00842,7.85217,13.4473,3,"LINESTRING(-122.269750 37.853069,-122.269850 37.852969,-122.267263 37.828714,-122.268822 37.807960,-122.268722 37.808060)"
6_4_transit,transit,6,4,-122.27,37.8531,-122.419,37.7524,13.6315,21.9331,10.6921,17.2036,1.27491,30.8603,46.2188,7,"LINESTRING(-122.269750 37.853069,-122.269850 37.852969,-122.267263 37.828714,-122.268822 37.807960,-122.271689 37.803371,-122.295244 37.804823,-122.397180 37.792689,-122.401742 37.789113,-122.407487 37.784545,-122.413979 37.779350,-122.419855 37.765076,-122.418618 37.752322,-122.418518 37.752422)"
6_7_transit,transit,6,7,-122.27,37.8531,-122.448,37.7218,16.2916,26.2131,13.2865,21.378,1.22617,35.8624,51.2219,4,"LINESTRING(-122.269750 37.853069,-122.269850 37.852969,-122.267263 37.828714,-122.268822 37.807960,-122.271689 37.803371,-122.295244 37.804823,-122.397180 37.792689,-122.401742 37.789113,-122.407487 37.784545,-122.413979 37.779350,-122.419855 37.765076,-122.418618 37.752322,-122.433657 37.733169,-122.447610 37.721658,-122.447510 37.721758)"
6_9_transit,transit,6,9,-122.27,37.8531,-121.875,37.3685,41.3228,66.4883,39.8576,64.1308,1.03676,68.8661,68.9244,3,"LINESTRING(-122.269750 37.853069,-122.269850 37.852969,-122.267263 37.828714,-122.268822 37.807960,-122.271689 37.803371,-122.265332 37.797257,-122.224167 37.774773,-122.196798 37.753504,-122.160813 37.721706,-122.126531 37.696838,-122.087041 37.669631,-122.057258 37.634263,-122.017330 37.590665,-121.976705 37.557413,-121.939458 37.502207,-121.890903 37.409736,-121.874761 37.368395,-121.874661 37.368495)"
6_11_transit,transit,6,11,-122.27,37.8531,-122.414,37.7794,11.7102,18.8417,9.36822,15.0735,1.24999,26.8582,42.209,23,"LINESTRING(-122.269750 37.853069,-122.269850 37.852969,-122.267263 37.828714,-122.268822 37.807960,-122.271689 37.803371,-122.295244 37.804823,-122.397180 37.792689,-122.401742 37.789113,-122.407487 37.784545,-122.413979 37.779350,-122.413879 37.779450)"
6_12_transit,transit,6,12,-122.27,37.8531,-122.466,37.6846,19.384,31.1889,15.8277,25.4667,1.22469,44.8644,60.2258,1,"LINESTRING(-122.269750 37.853069,-122.269850 37.852969,-122.267263 37.828714,-122.268822 37.807960,-122.271689 37.803371,-122.295244 37.804823,-122.397180 37.792689,-122.401742 37.789113,-122.407487 37.784545,-122.413979 37.779350,-122.419855 37.765076,-122.418618 37.752322,-122.433657 37.733169,-122.447610 37.721658,-122.469094 37.706204,-122.466267 37.684542,-122.466167 37.684642)"
6_13_transit,transit,6,13,-122.27,37.8531,-122.197,37.7536,8.86676,14.2666,7.94578,12.7848,1.11591,21.8563,21.9002,4,"LINESTRING(-122.269750 37.853069,-122.269850 37.852969,-122.267263 37.828714,-122.268822 37.807960,-122.271689 37.803371,-122.265332 37.797257,-122.224167 37.774773,-122.196798 37.753504,-122.196698 37.753604)"
6_15_transit,transit,6,15,-122.27,37.8531,-122.469,37.7063,17.8791,28.7674,14.8735,23.9315,1.20207,39.8634,55.2238,1,"LINESTRING(-122.269750 37.853069,-122.269850 37.852969,-122.267263 37.828714,-122.268822 37.807960,-122.271689 37.803371,-122.295244 37.804823,-122.397180 37.792689,-122.401742 37.789113,-122.407487 37.784545,-122.413979 37.779350,-122.419855 37.765076,-122.418618 37.752322,-122.433657 37.733169,-122.447610 37.721658,-122.469094 37.706204,-122.468994 37.706304)"
6_16_transit,transit,6,16,-122.27,37.8531,-122.268,37.8701,1.19929,1.92966,1.18144,1.90094,1.01511,2.85103,2.85108,10,"LINESTRING(-122.269750 37.853069,-122.269850 37.852969,-122.268178 37.870017,-122.268078 37.870117)"
6_17_transit,transit,6,17,-122.27,37.8531,-122.317,37.9252,6.07296,9.77139,5.60743,9.02236,1.08302,10.8539,10.854,4,"LINESTRING(-122.269750 37.853069,-122.269850 37.852969,-122.268178 37.870017,-122.283608 37.873932,-122.298995 37.902533,-122.316968 37.925105,-122.316868 37.925205)"
6_19_transit,transit,6,19,-122.27,37.8531,-122.397,37.7928,10.4095,16.749,8.10196,13.036,1.28482,21.8552,36.7854,33,"LINESTRING(-122.269750 37.853069,-122.269850 37.852969,-122.267263 37.828714,-122.268822 37.807960,-122.271689 37.803371,-122.295244 37.804823,-122.397180 37.792689,-122.397080 37.792789)"
6_20_transit,transit,6,20,-122.27,37.8531,-121.977,37.5575,27.081,43.5734,25.958,41.7664,1.04327,48.8627,48.9207,1,"LINESTRING(-122.269750 37.853069,-122.269850 37.852969,-122.267263 37.828714,-122.268822 37.807960,-122.271689 37.803371,-122.265332 37.797257,-122.224167 37.774773,-122.196798 37.753504,-122.160813 37.721706,-122.126531 37.696838,-122.087041 37.669631,-122.057258 37.634263,-122.017330 37.590665,-121.976705 37.557413,-121.976605 37.557513)"
6_22_transit,transit,6,22,-122.27,37.8531,-122.434,37.7333,15.1895,24.44,12.1864,19.608,1.24643,33.8613,49.2205,1,"LINESTRING(-122.269750 37.853069,-122.269850 37.852969,-122.267263 37.828714,-122.268822 37.807960,-122.271689 37.803371,-122.295244 37.804823,-122.397180 37.792689,-122.401742 37.789113,-122.407487 37.784545,-122.413979 37.779350,-122.419855 37.765076,-122.418618 37.752322,-122.433657 37.733169,-122.433557 37.733269)"
6_23_transit,transit,6,23,-122.27,37.8531,-122.087,37.6697,17.2223,27.7107,16.1301,25.9534,1.06771,34.8595,34.9103,3,"LINESTRING(-122.269750 37.853069,-122.269850 37.852969,-122.267263 37.828714,-122.268822 37.807960,-122.271689 37.803371,-122.265332 37.797257,-122.224167 37.774773,-122.196798 37.753504,-122.160813 37.721706,-122.126531 37.696838,-122.087041 37.669631,-122.086941 37.669731)"
6_26_transit,transit,6,26,-122.27,37.8531,-122.267,37.8288,1.69976,2.73492,1.68181,2.70603,1.01067,3.85113,3.86113,1,"LINESTRING(-122.269750 37.853069,-122.269850 37.852969,-122.267263 37.828714,-122.267163 37.828814)"
6_27_transit,transit,6,27,-122.27,37.8531,-122.387,37.6002,26.7582,43.0539,18.6067,29.9382,1.43809,59.8686,75.232,1,"LINESTRING(-122.269750 37.853069,-122.269850 37.852969,-122.267263 37.828714,-122.268822 37.807960,-122.271689 37.803371,-122.295244 37.804823,-122.397180 37.792689,-122.401742 37.789113,-122.407487 37.784545,-122.413979 37.779350,-122.419855 37.765076,-122.418618 37.752322,-122.433657 37.733169,-122.447610 37.721658,-122.469094 37.706204,-122.466267 37.684542,-122.444354 37.664337,-122.416484 37.637620,-122.391995 37.615923,-122.386940 37.600099,-122.386840 37.600199)"
6_29_transit,transit,6,29,-122.27,37.8531,-122.402,37.7892,10.7605,17.3136,8.44311,13.585,1.27447,22.8562,38.0275,29,"LINESTRING(-122.269750 37.853069,-122.269850 37.852969,-122.267263 37.828714,-122.268822 37.807960,-122.271689 37.803371,-122.295244 37.804823,-122.397180 37.792689,-122.401742 37.789113,-122.401642 37.789213)"
6_30_transit,transit,6,30,-122.27,37.8531,-122.284,37.874,2.08346,3.35228,1.6313,2.62476,1.27718,4.85203,4.85208,2,"LINESTRING(-122.269750 37.853069,-122.269850 37.852969,-122.268178 37.870017,-122.283608 37.873932,-122.283508 37.874032)"
6_37_transit,transit,6,37,-122.27,37.8531,-122.299,37.9026,4.2308,6.80735,3.77548,6.07474,1.1206,7.85296,7.85302,2,"LINESTRING(-122.269750 37.853069,-122.269850 37.852969,-122.268178 37.870017,-122.283608 37.873932,-122.298995 37.902533,-122.298895 37.902633)"
6_38_transit,transit,6,38,-122.27,37.8531,-122.407,37.7846,11.2056,18.0297,8.8762,14.2818,1.26243,24.8572,40.1608,9,"LINESTRING(-122.269750 37.853069,-122.269850 37.852969,-122.267263 37.828714,-122.268822 37.807960,-122.271689 37.803371,-122.295244 37.804823,-122.397180 37.792689,-122.401742 37.789113,-122.407487 37.784545,-122.407387 37.784645)"
6_39_transit,transit,6,39,-122.27,37.8531,-122.353,37.9368,8.19932,13.1927,7.35337,11.8316,1.11504,15.8549,15.8549,4,"LINESTRING(-122.269750 37.853069,-122.269850 37.852969,-122.268178 37.870017,-122.283608 37.873932,-122.298995 37.902533,-122.316968 37.925105,-122.353104 37.936695,-122.353004 37.936795)"
6_42_transit,transit,6,42,-122.27,37.8531,-122.416,37.6377,23.6189,38.0029,16.899,27.1905,1.39765,50.8665,66.229,1,"LINESTRING(-122.269750 37.853069,-122.269850 37.852969,-122.267263 37.828714,-122.268822 37.807960,-122.271689 37.803371,-122.295244 37.804823,-122.397180 37.792689,-122.401742 37.789113,-122.407487 37.784545,-122.413979 37.779350,-122.419855 37.765076,-122.418618 37.752322,-122.433657 37.733169,-122.447610 37.721658,-122.469094 37.706204,-122.466267 37.684542,-122.444354 37.664337,-122.416484 37.637620,-122.416384 37.637720)"
6_43_transit,transit,6,43,-122.27,37.8531,-122.392,37.616,25.6302,41.2389,17.6862,28.4571,1.44916,55.8676,71.2307,2,"LINESTRING(-122.269750 37.853069,-122.269850 37.852969,-122.267263 37.828714,-122.268822 37.807960,-122.271689 37.803371,-122.295244 37.804823,-122.397180 37.792689,-122.401742 37.789113,-122.407487 37.784545,-122.413979 37.779350,-122.419855 37.765076,-122.418618 37.752322,-122.433657 37.733169,-122.447610 37.721658,-122.469094 37.706204,-122.466267 37.684542,-122.444354 37.664337,-122.416484 37.637620,-122.391995 37.615923,-122.391895 37.616023)"
6_44_transit,transit,6,44,-122.27,37.8531,-122.057,37.6344,20.1599,32.4373,19.0595,30.6668,1.05773,38.8606,38.9143,1,"LINESTRING(-122.269750 37.853069,-122.269850 37.852969,-122.267263 37.828714,-122.268822 37.807960,-122.271689 37.803371,-122.265332 37.797257,-122.224167 37.774773,-122.196798 37.753504,-122.160813 37.721706,-122.126531 37.696838,-122.087041 37.669631,-122.057258 37.634263,-122.057158 37.634363)"
6_45_transit,transit,6,45,-122.27,37.8531,-122.444,37.6644,21.2243,34.1499,16.1473,25.981,1.31442,47.8655,63.2274,1,"LINESTRING(-122.269750 37.853069,-122.269850 37.852969,-122.267263 37.828714,-122.268822 37.807960,-122.271689 37.803371,-122.295244 37.804823,-122.397180 37.792689,-122.401742 37.789113,-122.407487 37.784545,-122.413979 37.779350,-122.419855 37.765076,-122.418618 37.752322,-122.433657 37.733169,-122.447610 37.721658,-122.469094 37.706204,-122.466267 37.684542,-122.444354 37.664337,-122.444254 37.664437)"
6_46_transit,transit,6,46,-122.27,37.8531,-122.017,37.5908,23.8823,38.4266,22.7801,36.6531,1.04839,43.8617,43.9186,1,"LINESTRING(-122.269750 37.853069,-122.269850 37.852969,-122.267263 37.828714,-122.268822 37.807960,-122.271689 37.803371,-122.265332 37.797257,-122.224167 37.774773,-122.196798 37.753504,-122.160813 37.721706,-122.126531 37.696838,-122.087041 37.669631,-122.057258 37.634263,-122.017330 37.590665,-122.017230 37.590765)"
6_47_transit,transit,6,47,-122.27,37.8531,-121.939,37.5023,31.408,50.5355,30.2291,48.6386,1.039,54.8638,54.9221,1,"LINESTRING(-122.269750 37.853069,-122.269850 37.852969,-122.267263 37.828714,-122.268822 37.807960,-122.271689 37.803371,-122.265332 37.797257,-122.224167 37.774773,-122.196798 37.753504,-122.160813 37.721706,-122.126531 37.696838,-122.087041 37.669631,-122.057258 37.634263,-122.017330 37.590665,-121.976705 37.557413,-121.939458 37.502207,-121.939358 37.502307)"
7_1_transit,transit,7,1,-122.448,37.7218,-122.272,37.8035,12.819,20.6257,11.1451,17.9325,1.15018,25.8595,26.2302,9,"LINESTRING(-122.447510 37.721758,-122.447610 37.721658,-122.433657 37.733169,-122.418618 37.752322,-122.419855 37.765076,-122.413979 37.779350,-122.407487 37.784545,-122.401742 37.789113,-122.397180 37.792689,-122.295244 37.804823,-122.271689 37.803371,-122.271589 37.803471)"
7_2_transit,transit,7,2,-122.448,37.7218,-122.42,37.7652,3.56167,5.73073,3.36142,5.40853,1.05957,7.85356,7.88681,41,"LINESTRING(-122.447510 37.721758,-122.447610 37.721658,-122.433657 37.733169,-122.418618 37.752322,-122.419855 37.765076,-122.419755 37.765176)"
7_3_transit,transit,7,3,-122.448,37.7218,-122.269,37.8081,13.1726,21.1948,11.4422,18.4105,1.15124,26.8605,27.2327,2,"LINESTRING(-122.447510 37.721758,-122.447610 37.721658,-122.433657 37.733169,-122.418618 37.752322,-122.419855 37.765076,-122.413979 37.779350,-122.407487 37.784545,-122.401742 37.789113,-122.397180 37.792689,-122.295244 37.804823,-122.271689 37.803371,-122.268822 37.807960,-122.268722 37.808060)"
7_4_transit,transit,7,4,-122.448,37.7218,-122.419,37.7524,2.67768,4.30839,2.64546,4.25655,1.01218,5.85258,5.87557,17,"LINESTRING(-122.447510 37.721758,-122.447610 37.721658,-122.433657 37.733169,-122.418618 37.752322,-122.418518 37.752422)"
7_8_transit,transit,7,8,-122.448,37.7218,-122.126,37.6969,23.5656,37.917,17.6344,28.3737,1.33634,42.8637,43.0521,1,"LINESTRING(-122.447510 37.721758,-122.447610 37.721658,-122.433657 37.733169,-122.418618 37.752322,-122.419855 37.765076,-122.413979 37.779350,-122.407487 37.784545,-122.401742 37.789113,-122.397180 37.792689,-122.295244 37.804823,-122.265332 37.797257,-122.224167 37.774773,-122.196798 37.753504,-122.160813 37.721706,-122.126531 37.696838,-122.126431 37.696938)"
7_10_transit,transit,7,10,-122.448,37.7218,-122.076,37.6908,26.3768,42.4403,20.4417,32.8908,1.29034,48.8647,48.9154,2,"LINESTRING(-122.447510 37.721758,-122.447610 37.721658,-122.433657 37.733169,-122.418618 37.752322,-122.419855 37.765076,-122.413979 37.779350,-122.407487 37.784545,-122.401742 37.789113,-122.397180 37.792689,-122.295244 37.804823,-122.265332 37.797257,-122.224167 37.774773,-122.196798 37.753504,-122.160813 37.721706,-122.126531 37.696838,-122.075715 37.690676,-122.075615 37.690776)"
7_11_transit,transit,7,11,-122.448,37.7218,-122.414,37.7794,4.59903,7.39984,4.38923,7.06227,1.0478,9.85453,10.0218,94,"LINESTRING(-122.447510 37.721758,-122.447610 37.721658,-122.433657 37.733169,-122.418618 37.752322,-122.419855 37.765076,-122.413979 37.779350,-122.413879 37.779450)"
7_12_transit,transit,7,12,-122.448,37.7218,-122.466,37.6846,3.11009,5.00414,2.75987,4.44063,1.1269,9.85273,9.85299,4,"LINESTRING(-122.447510 37.721758,-122.447610 37.721658,-122.469094 37.706204,-122.466267 37.684542,-122.466167 37.684642)"
7_13_transit,transit,7,13,-122.448,37.7218,-122.197,37.7536,18.0736,29.0804,13.8802,22.3332,1.30212,35.8616,36.0446,3,"LINESTRING(-122.447510 37.721758,-122.447610 37.721658,-122.433657 37.733169,-122.418618 37.752322,-122.419855 37.765076,-122.413979 37.779350,-122.407487 37.784545,-122.401742 37.789113,-122.397180 37.792689,-122.295244 37.804823,-122.265332 37.797257,-122.224167 37.774773,-122.196798 37.753504,-122.196698 37.753604)"
7_14_transit,transit,7,14,-122.448,37.7218,-122.029,37.9738,32.1351,51.7054,28.7101,46.1945,1.1193,56.8671,56.8952,1,"LINESTRING(-122.447510 37.721758,-122.447610 37.721658,-122.433657 37.733169,-122.418618 37.752322,-122.419855 37.765076,-122.413979 37.779350,-122.407487 37.784545,-122.401742 37.789113,-122.397180 37.792689,-122.295244 37.804823,-122.271689 37.803371,-122.268822 37.807960,-122.267263 37.828714,-122.251371 37.844695,-122.183817 37.878403,-122.124744 37.893120,-122.067479 37.905712,-122.056115 37.928363,-122.029226 37.973673,-122.029126 37.973773)"
7_15_transit,transit,7,15,-122.448,37.7218,-122.469,37.7063,1.60511,2.58263,1.58717,2.55375,1.01131,4.85169,4.85184,5,"LINESTRING(-122.447510 37.721758,-122.447610 37.721658,-122.469094 37.706204,-122.468994 37.706304)"
7_16_transit,transit,7,16,-122.448,37.7218,-122.268,37.8701,17.4733,28.1145,14.1793,22.8144,1.23231,36.8633,37.2403,3,"LINESTRING(-122.447510 37.721758,-122.447610 37.721658,-122.433657 37.733169,-122.418618 37.752322,-122.419855 37.765076,-122.413979 37.779350,-122.407487 37.784545,-122.401742 37.789113,-122.397180 37.792689,-122.295244 37.804823,-122.271689 37.803371,-122.268822 37.807960,-122.267263 37.828714,-122.269850 37.852969,-122.268178 37.870017,-122.268078 37.870117)"
7_17_transit,transit,7,17,-122.448,37.7218,-122.317,37.9252,22.3469,35.9562,15.7619,25.3609,1.41778,44.8662,45.2433,3,"LINESTRING(-122.447510 37.721758,-122.447610 37.721658,-122.433657 37.733169,-122.418618 37.752322,-122.419855 37.765076,-122.413979 37.779350,-122.407487 37.784545,-122.401742 37.789113,-122.397180 37.792689,-122.295244 37.804823,-122.271689 37.803371,-122.268822 37.807960,-122.267263 37.828714,-122.269850 37.852969,-122.268178 37.870017,-122.283608 37.873932,-122.298995 37.902533,-122.316968 37.925105,-122.316868 37.925205)"
7_18_transit,transit,7,18,-122.448,37.7218,-121.899,37.7017,36.0509,58.0059,30.0005,48.2707,1.20168,60.8667,60.9181,1,"LINESTRING(-122.447510 37.721758,-122.447610 37.721658,-122.433657 37.733169,-122.418618 37.752322,-122.419855 37.765076,-122.413979 37.779350,-122.407487 37.784545,-122.401742 37.789113,-122.397180 37.792689,-122.295244 37.804823,-122.265332 37.797257,-122.224167 37.774773,-122.196798 37.753504,-122.160813 37.721706,-122.126531 37.696838,-122.075715 37.690676,-121.928401 37.699660,-121.899342 37.701592,-121.899242 37.701692)"
7_19_transit,transit,7,19,-122.448,37.7218,-122.397,37.7928,5.89965,9.49254,5.62812,9.05565,1.04825,14.8575,15.2045,77,"LINESTRING(-122.447510 37.721758,-122.447610 37.721658,-122.433657 37.733169,-122.418618 37.752322,-122.419855 37.765076,-122.413979 37.779350,-122.407487 37.784545,-122.401742 37.789113,-122.397180 37.792689,-122.397080 37.792789)"
7_20_transit,transit,7,20,-122.448,37.7218,-121.977,37.5575,36.2879,58.3872,28.1533,45.2986,1.28894,61.868,62.0668,1,"LINESTRING(-122.447510 37.721758,-122.447610 37.721658,-122.433657 37.733169,-122.418618 37.752322,-122.419855 37.765076,-122.413979 37.779350,-122.407487 37.784545,-122.401742 37.789113,-122.397180 37.792689,-122.295244 37.804823,-122.265332 37.797257,-122.224167 37.774773,-122.196798 37.753504,-122.160813 37.721706,-122.126531 37.696838,-122.087041 37.669631,-122.057258 37.634263,-122.017330 37.590665,-121.976705 37.557413,-121.976605 37.557513)"
7_22_transit,transit,7,22,-122.448,37.7218,-122.434,37.7333,1.11966,1.80153,1.10181,1.77282,1.0162,2.85163,2.8535,7,"LINESTRING(-122.447510 37.721758,-122.447610 37.721658,-122.433657 37.733169,-122.433557 37.733269)"
7_24_transit,transit,7,24,-122.448,37.7218,-122.125,37.8932,23.7527,38.218,21.2366,34.1697,1.11848,44.8643,44.8788,1,"LINESTRING(-122.447510 37.721758,-122.447610 37.721658,-122.433657 37.733169,-122.418618 37.752322,-122.419855 37.765076,-122.413979 37.779350,-122.407487 37.784545,-122.401742 37.789113,-122.397180 37.792689,-122.295244 37.804823,-122.271689 37.803371,-122.268822 37.807960,-122.267263 37.828714,-122.251371 37.844695,-122.183817 37.878403,-122.124744 37.893120,-122.124644 37.893220)"
7_26_transit,transit,7,26,-122.448,37.7218,-122.267,37.8288,14.6094,23.5066,12.3176,19.8191,1.18606,30.8614,31.2362,1,"LINESTRING(-122.447510 37.721758,-122.447610 37.721658,-122.433657 37.733169,-122.418618 37.752322,-122.419855 37.765076,-122.413979 37.779350,-122.407487 37.784545,-122.401742 37.789113,-122.397180 37.792689,-122.295244 37.804823,-122.271689 37.803371,-122.268822 37.807960,-122.267263 37.828714,-122.267163 37.828814)"
7_27_transit,transit,7,27,-122.448,37.7218,-122.387,37.6002,10.4842,16.8691,9.03083,14.5306,1.16094,24.8569,24.8607,17,"LINESTRING(-122.447510 37.721758,-122.447610 37.721658,-122.469094 37.706204,-122.466267 37.684542,-122.444354 37.664337,-122.416484 37.637620,-122.391995 37.615923,-122.386940 37.600099,-122.386840 37.600199)"
7_29_transit,transit,7,29,-122.448,37.7218,-122.402,37.7892,5.54873,8.92791,5.29159,8.51417,1.04859,12.8565,13.1879,116,"LINESTRING(-122.447510 37.721758,-122.447610 37.721658,-122.433657 37.733169,-122.418618 37.752322,-122.419855 37.765076,-122.413979 37.779350,-122.407487 37.784545,-122.401742 37.789113,-122.401642 37.789213)"
7_35_transit,transit,7,35,-122.448,37.7218,-122.056,37.9285,28.678,46.1428,25.7002,41.3516,1.11587,51.8662,51.8943,1,"LINESTRING(-122.447510 37.721758,-122.447610 37.721658,-122.433657 37.733169,-122.418618 37.752322,-122.419855 37.765076,-122.413979 37.779350,-122.407487 37.784545,-122.401742 37.789113,-122.397180 37.792689,-122.295244 37.804823,-122.271689 37.803371,-122.268822 37.807960,-122.267263 37.828714,-122.251371 37.844695,-122.183817 37.878403,-122.124744 37.893120,-122.067479 37.905712,-122.056115 37.928363,-122.056015 37.928463)"
7_38_transit,transit,7,38,-122.448,37.7218,-122.407,37.7846,5.10364,8.21175,4.86667,7.83048,1.04869,11.8555,11.901,120,"LINESTRING(-122.447510 37.721758,-122.447610 37.721658,-122.433657 37.733169,-122.418618 37.752322,-122.419855 37.765076,-122.413979 37.779350,-122.407487 37.784545,-122.407387 37.784645)"
7_39_transit,transit,7,39,-122.448,37.7218,-122.353,37.9368,24.4733,39.3775,15.7275,25.3055,1.55608,49.8672,50.2443,2,"LINESTRING(-122.447510 37.721758,-122.447610 37.721658,-122.433657 37.733169,-122.418618 37.752322,-122.419855 37.765076,-122.413979 37.779350,-122.407487 37.784545,-122.401742 37.789113,-122.397180 37.792689,-122.295244 37.804823,-122.271689 37.803371,-122.268822 37.807960,-122.267263 37.828714,-122.269850 37.852969,-122.268178 37.870017,-122.283608 37.873932,-122.298995 37.902533,-122.316968 37.925105,-122.353104 37.936695,-122.353004 37.936795)"
7_41_transit,transit,7,41,-122.448,37.7218,-122.161,37.7218,21.0226,33.8254,15.6743,25.2199,1.34122,39.8627,40.0479,3,"LINESTRING(-122.447510 37.721758,-122.447610 37.721658,-122.433657 37.733169,-122.418618 37.752322,-122.419855 37.765076,-122.413979 37.779350,-122.407487 37.784545,-122.401742 37.789113,-122.397180 37.792689,-122.295244 37.804823,-122.265332 37.797257,-122.224167 37.774773,-122.196798 37.753504,-122.160813 37.721706,-122.160713 37.721806)"
7_42_transit,transit,7,42,-122.448,37.7218,-122.416,37.6377,7.34499,11.8181,6.05086,9.73583,1.21388,15.8548,15.8552,1,"LINESTRING(-122.447510 37.721758,-122.447610 37.721658,-122.469094 37.706204,-122.466267 37.684542,-122.444354 37.664337,-122.416484 37.637620,-122.416384 37.637720)"
7_43_transit,transit,7,43,-122.448,37.7218,-122.392,37.616,9.3562,15.0541,7.91357,12.7329,1.1823,20.8559,20.8562,9,"LINESTRING(-122.447510 37.721758,-122.447610 37.721658,-122.469094 37.706204,-122.466267 37.684542,-122.444354 37.664337,-122.416484 37.637620,-122.391995 37.615923,-122.391895 37.616023)"
7_44_transit,transit,7,44,-122.448,37.7218,-122.057,37.6344,29.3668,47.2511,22.184,35.6941,1.32378,51.8658,52.0601,1,"LINESTRING(-122.447510 37.721758,-122.447610 37.721658,-122.433657 37.733169,-122.418618 37.752322,-122.419855 37.765076,-122.413979 37.779350,-122.407487 37.784545,-122.401742 37.789113,-122.397180 37.792689,-122.295244 37.804823,-122.265332 37.797257,-122.224167 37.774773,-122.196798 37.753504,-122.160813 37.721706,-122.126531 37.696838,-122.087041 37.669631,-122.057258 37.634263,-122.057158 37.634363)"
7_45_transit,transit,7,45,-122.448,37.7218,-122.444,37.6644,4.95032,7.96506,3.96454,6.37895,1.24865,12.8538,12.8541,3,"LINESTRING(-122.447510 37.721758,-122.447610 37.721658,-122.469094 37.706204,-122.466267 37.684542,-122.444354 37.664337,-122.444254 37.664437)"
7_46_transit,transit,7,46,-122.448,37.7218,-122.017,37.5908,33.0891,53.2404,25.217,40.5741,1.31218,56.8669,57.0646,1,"LINESTRING(-122.447510 37.721758,-122.447610 37.721658,-122.433657 37.733169,-122.418618 37.752322,-122.419855 37.765076,-122.413979 37.779350,-122.407487 37.784545,-122.401742 37.789113,-122.397180 37.792689,-122.295244 37.804823,-122.265332 37.797257,-122.224167 37.774773,-122.196798 37.753504,-122.160813 37.721706,-122.126531 37.696838,-122.087041 37.669631,-122.057258 37.634263,-122.017330 37.590665,-122.017230 37.590765)"
7_47_transit,transit,7,47,-122.448,37.7218,-121.939,37.5023,40.6148,65.3493,31.6776,50.9692,1.28213,67.8691,68.0683,1,"LINESTRING(-122.447510 37.721758,-122.447610 37.721658,-122.433657 37.733169,-122.418618 37.752322,-122.419855 37.765076,-122.413979 37.779350,-122.407487 37.784545,-122.401742 37.789113,-122.397180 37.792689,-122.295244 37.804823,-122.265332 37.797257,-122.224167 37.774773,-122.196798 37.753504,-122.160813 37.721706,-122.126531 37.696838,-122.087041 37.669631,-122.057258 37.634263,-122.017330 37.590665,-121.976705 37.557413,-121.939458 37.502207,-121.939358 37.502307)"
7_50_transit,transit,7,50,-122.448,37.7218,-122.295,37.8049,11.5289,18.55,10.1135,16.2727,1.13994,21.8585,22.2208,5,"LINESTRING(-122.447510 37.721758,-122.447610 37.721658,-122.433657 37.733169,-122.418618 37.752322,-122.419855 37.765076,-122.413979 37.779350,-122.407487 37.784545,-122.401742 37.789113,-122.397180 37.792689,-122.295244 37.804823,-122.295144 37.804923)"
8_1_transit,transit,8,1,-122.126,37.6969,-122.272,37.8035,10.8861,17.5158,10.8199,17.4092,1.00612,18.8555,18.8608,24,"LINESTRING(-122.126431 37.696938,-122.126531 37.696838,-122.160813 37.721706,-122.196798 37.753504,-122.224167 37.774773,-122.265332 37.797257,-122.271689 37.803371,-122.271589 37.803471)"
8_2_transit,transit,8,2,-122.126,37.6969,-122.42,37.7652,20.0215,32.2146,16.708,26.8832,1.19832,35.8606,39.0764,18,"LINESTRING(-122.126431 37.696938,-122.126531 37.696838,-122.160813 37.721706,-122.196798 37.753504,-122.224167 37.774773,-122.265332 37.797257,-122.295244 37.804823,-122.397180 37.792689,-122.401742 37.789113,-122.407487 37.784545,-122.413979 37.779350,-122.419855 37.765076,-122.419755 37.765176)"
8_3_transit,transit,8,3,-122.126,37.6969,-122.269,37.8081,11.2398,18.0848,10.9259,17.5798,1.02873,19.8565,19.8619,13,"LINESTRING(-122.126431 37.696938,-122.126531 37.696838,-122.160813 37.721706,-122.196798 37.753504,-122.224167 37.774773,-122.265332 37.797257,-122.271689 37.803371,-122.268822 37.807960,-122.268722 37.808060)"
8_4_transit,transit,8,4,-122.126,37.6969,-122.419,37.7524,20.9055,33.6369,16.4166,26.4144,1.27343,37.8616,41.0776,9,"LINESTRING(-122.126431 37.696938,-122.126531 37.696838,-122.160813 37.721706,-122.196798 37.753504,-122.224167 37.774773,-122.265332 37.797257,-122.295244 37.804823,-122.397180 37.792689,-122.401742 37.789113,-122.407487 37.784545,-122.413979 37.779350,-122.419855 37.765076,-122.418618 37.752322,-122.418518 37.752422)"
8_7_transit,transit,8,7,-122.126,37.6969,-122.448,37.7218,23.5656,37.917,17.6344,28.3737,1.33634,42.8637,46.0797,9,"LINESTRING(-122.126431 37.696938,-122.126531 37.696838,-122.160813 37.721706,-122.196798 37.753504,-122.224167 37.774773,-122.265332 37.797257,-122.295244 37.804823,-122.397180 37.792689,-122.401742 37.789113,-122.407487 37.784545,-122.413979 37.779350,-122.419855 37.765076,-122.418618 37.752322,-122.433657 37.733169,-122.447610 37.721658,-122.447510 37.721758)"
8_9_transit,transit,8,9,-122.126,37.6969,-121.875,37.3685,26.9817,43.4135,26.5574,42.7308,1.01598,38.8585,38.8695,5,"LINESTRING(-122.126431 37.696938,-122.126531 37.696838,-122.087041 37.669631,-122.057258 37.634263,-122.017330 37.590665,-121.976705 37.557413,-121.939458 37.502207,-121.890903 37.409736,-121.874761 37.368395,-121.874661 37.368495)"
8_10_transit,transit,8,10,-122.126,37.6969,-122.076,37.6908,2.82892,4.55173,2.81072,4.52244,1.00647,5.85178,5.85218,1,"LINESTRING(-122.126431 37.696938,-122.126531 37.696838,-122.075715 37.690676,-122.075615 37.690776)"
8_11_transit,transit,8,11,-122.126,37.6969,-122.414,37.7794,18.9841,30.5455,16.709,26.8848,1.13616,33.8596,37.0745,35,"LINESTRING(-122.126431 37.696938,-122.126531 37.696838,-122.160813 37.721706,-122.196798 37.753504,-122.224167 37.774773,-122.265332 37.797257,-122.295244 37.804823,-122.397180 37.792689,-122.401742 37.789113,-122.407487 37.784545,-122.413979 37.779350,-122.413879 37.779450)"
8_13_transit,transit,8,13,-122.126,37.6969,-122.197,37.7536,5.50959,8.86492,5.48415,8.824,1.00464,7.85264,7.85453,5,"LINESTRING(-122.126431 37.696938,-122.126531 37.696838,-122.160813 37.721706,-122.196798 37.753504,-122.196698 37.753604)"
8_15_transit,transit,8,15,-122.126,37.6969,-122.469,37.7063,25.153,40.4712,18.7383,30.1499,1.34233,46.8647,50.0807,5,"LINESTRING(-122.126431 37.696938,-122.126531 37.696838,-122.160813 37.721706,-122.196798 37.753504,-122.224167 37.774773,-122.265332 37.797257,-122.295244 37.804823,-122.397180 37.792689,-122.401742 37.789113,-122.407487 37.784545,-122.413979 37.779350,-122.419855 37.765076,-122.418618 37.752322,-122.433657 37.733169,-122.447610 37.721658,-122.469094 37.706204,-122.468994 37.706304)"
8_16_transit,transit,8,16,-122.126,37.6969,-122.268,37.8701,15.5404,25.0045,14.248,22.9251,1.09071,29.8594,29.865,4,"LINESTRING(-122.126431 37.696938,-122.126531 37.696838,-122.160813 37.721706,-122.196798 37.753504,-122.224167 37.774773,-122.265332 37.797257,-122.271689 37.803371,-122.268822 37.807960,-122.267263 37.828714,-122.269850 37.852969,-122.268178 37.870017,-122.268078 37.870117)"
8_17_transit,transit,8,17,-122.126,37.6969,-122.317,37.9252,20.4141,32.8462,18.8896,30.3933,1.08071,37.8623,37.8679,2,"LINESTRING(-122.126431 37.696938,-122.126531 37.696838,-122.160813 37.721706,-122.196798 37.753504,-122.224167 37.774773,-122.265332 37.797257,-122.271689 37.803371,-122.268822 37.807960,-122.267263 37.828714,-122.269850 37.852969,-122.268178 37.870017,-122.283608 37.873932,-122.298995 37.902533,-122.316968 37.925105,-122.316868 37.925205)"
8_18_transit,transit,8,18,-122.126,37.6969,-121.899,37.7017,12.503,20.1173,12.4246,19.9912,1.00631,17.8538,17.8548,8,"LINESTRING(-122.126431 37.696938,-122.126531 37.696838,-122.075715 37.690676,-121.928401 37.699660,-121.899342 37.701592,-121.899242 37.701692)"
8_19_transit,transit,8,19,-122.126,37.6969,-122.397,37.7928,17.6835,28.4528,16.2024,26.0697,1.09141,28.8566,31.9739,77,"LINESTRING(-122.126431 37.696938,-122.126531 37.696838,-122.160813 37.721706,-122.196798 37.753504,-122.224167 37.774773,-122.265332 37.797257,-122.295244 37.804823,-122.397180 37.792689,-122.397080 37.792789)"
8_20_transit,transit,8,20,-122.126,37.6969,-121.977,37.5575,12.7399,20.4986,12.6501,20.354,1.0071,18.8551,18.8655,11,"LINESTRING(-122.126431 37.696938,-122.126531 37.696838,-122.087041 37.669631,-122.057258 37.634263,-122.017330 37.590665,-121.976705 37.557413,-121.976605 37.557513)"
8_21_transit,transit,8,21,-122.126,37.6969,-122.224,37.7749,7.6063,12.2385,7.5802,12.1965,1.00344,11.8536,11.8567,13,"LINESTRING(-122.126431 37.696938,-122.126531 37.696838,-122.160813 37.721706,-122.196798 37.753504,-122.224167 37.774773,-122.224067 37.774873)"
8_22_transit,transit,8,22,-122.126,37.6969,-122.434,37.7333,22.4635,36.1438,16.9735,27.3103,1.32345,40.8627,44.0786,3,"LINESTRING(-122.126431 37.696938,-122.126531 37.696838,-122.160813 37.721706,-122.196798 37.753504,-122.224167 37.774773,-122.265332 37.797257,-122.295244 37.804823,-122.397180 37.792689,-122.401742 37.789113,-122.407487 37.784545,-122.413979 37.779350,-122.419855 37.765076,-122.418618 37.752322,-122.433657 37.733169,-122.433557 37.733269)"
8_23_transit,transit,8,23,-122.126,37.6969,-122.087,37.6697,2.88119,4.63583,2.86298,4.60653,1.00636,4.85182,4.85505,1,"LINESTRING(-122.126431 37.696938,-122.126531 37.696838,-122.087041 37.669631,-122.086941 37.669731)"
8_25_transit,transit,8,25,-122.126,37.6969,-122.265,37.7974,10.3393,16.6359,10.2785,16.538,1.00592,15.8545,15.8591,8,"LINESTRING(-122.126431 37.696938,-122.126531 37.696838,-122.160813 37.721706,-122.196798 37.753504,-122.224167 37.774773,-122.265332 37.797257,-122.265232 37.797357)"
8_26_transit,transit,8,26,-122.126,37.6969,-122.267,37.8288,12.6766,20.3966,11.9213,19.1814,1.06335,23.8575,23.8629,5,"LINESTRING(-122.126431 37.696938,-122.126531 37.696838,-122.160813 37.721706,-122.196798 37.753504,-122.224167 37.774773,-122.265332 37.797257,-122.271689 37.803371,-122.268822 37.807960,-122.267263 37.828714,-122.267163 37.828814)"
8_28_transit,transit,8,28,-122.126,37.6969,-121.891,37.4098,23.9903,38.6004,23.6664,38.0792,1.01369,33.8574,33.8681,6,"LINESTRING(-122.126431 37.696938,-122.126531 37.696838,-122.087041 37.669631,-122.057258 37.634263,-122.017330 37.590665,-121.976705 37.557413,-121.939458 37.502207,-121.890903 37.409736,-121.890803 37.409836)"
8_29_transit,transit,8,29,-122.126,37.6969,-122.402,37.7892,18.0344,29.0174,16.3325,26.2791,1.1042,29.8576,33.0456,66,"LINESTRING(-122.126431 37.696938,-122.126531 37.696838,-122.160813 37.721706,-122.196798 37.753504,-122.224167 37.774773,-122.265332 37.797257,-122.295244 37.804823,-122.397180 37.792689,-122.401742 37.789113,-122.401642 37.789213)"
8_38_transit,transit,8,38,-122.126,37.6969,-122.407,37.7846,18.4795,29.7336,16.5039,26.5548,1.1197,31.8586,35.0691,33,"LINESTRING(-122.126431 37.696938,-122.126531 37.696838,-122.160813 37.721706,-122.196798 37.753504,-122.224167 37.774773,-122.265332 37.797257,-122.295244 37.804823,-122.397180 37.792689,-122.401742 37.789113,-122.407487 37.784545,-122.407387 37.784645)"
8_44_transit,transit,8,44,-122.126,37.6969,-122.057,37.6344,5.81883,9.3625,5.74878,9.24978,1.01219,8.8529,8.85901,3,"LINESTRING(-122.126431 37.696938,-122.126531 37.696838,-122.087041 37.669631,-122.057258 37.634263,-122.057158 37.634363)"
8_46_transit,transit,8,46,-122.126,37.6969,-122.017,37.5908,9.54118,15.3518,9.46094,15.2227,1.00848,13.854,13.8633,11,"LINESTRING(-122.126431 37.696938,-122.126531 37.696838,-122.087041 37.669631,-122.057258 37.634263,-122.017330 37.590665,-122.017230 37.590765)"
8_47_transit,transit,8,47,-122.126,37.6969,-121.939,37.5023,17.0669,27.4606,16.9033,27.1974,1.00968,24.8562,24.8668,6,"LINESTRING(-122.126431 37.696938,-122.126531 37.696838,-122.087041 37.669631,-122.057258 37.634263,-122.017330 37.590665,-121.976705 37.557413,-121.939458 37.502207,-121.939358 37.502307)"
8_49_transit,transit,8,49,-122.126,37.6969,-121.928,37.6998,10.9085,17.5517,10.8335,17.4312,1.00692,14.8528,14.8538,4,"LINESTRING(-122.126431 37.696938,-122.126531 37.696838,-122.075715 37.690676,-121.928401 37.699660,-121.928301 37.699760)"
8_50_transit,transit,8,50,-122.126,37.6969,-122.295,37.8049,12.0543,19.3953,11.8584,19.0802,1.01652,21.8555,23.73,2,"LINESTRING(-122.126431 37.696938,-122.126531 37.696838,-122.160813 37.721706,-122.196798 37.753504,-122.224167 37.774773,-122.265332 37.797257,-122.295244 37.804823,-122.295144 37.804923)"
9_1_transit,transit,9,1,-121.875,37.3685,-122.272,37.8035,37.8501,60.9009,37.0887,59.6757,1.02053,54.8633,54.877,8,"LINESTRING(-121.874661 37.368495,-121.874761 37.368395,-121.890903 37.409736,-121.939458 37.502207,-121.976705 37.557413,-122.017330 37.590665,-122.057258 37.634263,-122.087041 37.669631,-122.126531 37.696838,-122.160813 37.721706,-122.196798 37.753504,-122.224167 37.774773,-122.265332 37.797257,-122.271689 37.803371,-122.271589 37.803471)"
9_2_transit,transit,9,2,-121.875,37.3685,-122.42,37.7652,46.9855,75.5997,40.5267,65.2074,1.15937,71.8683,75.1713,2,"LINESTRING(-121.874661 37.368495,-121.874761 37.368395,-121.890903 37.409736,-121.939458 37.502207,-121.976705 37.557413,-122.017330 37.590665,-122.057258 37.634263,-122.087041 37.669631,-122.126531 37.696838,-122.160813 37.721706,-122.196798 37.753504,-122.224167 37.774773,-122.265332 37.797257,-122.295244 37.804823,-122.397180 37.792689,-122.401742 37.789113,-122.407487 37.784545,-122.413979 37.779350,-122.419855 37.765076,-122.419755 37.765176)"
9_3_transit,transit,9,3,-121.875,37.3685,-122.269,37.8081,38.2038,61.4699,37.2546,59.9426,1.02548,55.8642,55.8781,17,"LINESTRING(-121.874661 37.368495,-121.874761 37.368395,-121.890903 37.409736,-121.939458 37.502207,-121.976705 37.557413,-122.017330 37.590665,-122.057258 37.634263,-122.087041 37.669631,-122.126531 37.696838,-122.160813 37.721706,-122.196798 37.753504,-122.224167 37.774773,-122.265332 37.797257,-122.271689 37.803371,-122.268822 37.807960,-122.268722 37.808060)"
9_4_transit,transit,9,4,-121.875,37.3685,-122.419,37.7524,47.8695,77.022,39.8873,64.1786,1.20012,73.8694,77.1724,1,"LINESTRING(-121.874661 37.368495,-121.874761 37.368395,-121.890903 37.409736,-121.939458 37.502207,-121.976705 37.557413,-122.017330 37.590665,-122.057258 37.634263,-122.087041 37.669631,-122.126531 37.696838,-122.160813 37.721706,-122.196798 37.753504,-122.224167 37.774773,-122.265332 37.797257,-122.295244 37.804823,-122.397180 37.792689,-122.401742 37.789113,-122.407487 37.784545,-122.413979 37.779350,-122.419855 37.765076,-122.418618 37.752322,-122.418518 37.752422)"
9_7_transit,transit,9,7,-121.875,37.3685,-122.448,37.7218,50.5296,81.3021,39.7569,63.9688,1.27097,78.8714,82.1745,1,"LINESTRING(-121.874661 37.368495,-121.874761 37.368395,-121.890903 37.409736,-121.939458 37.502207,-121.976705 37.557413,-122.017330 37.590665,-122.057258 37.634263,-122.087041 37.669631,-122.126531 37.696838,-122.160813 37.721706,-122.196798 37.753504,-122.224167 37.774773,-122.265332 37.797257,-122.295244 37.804823,-122.397180 37.792689,-122.401742 37.789113,-122.407487 37.784545,-122.413979 37.779350,-122.419855 37.765076,-122.418618 37.752322,-122.433657 37.733169,-122.447610 37.721658,-122.447510 37.721758)"
9_8_transit,transit,9,8,-121.875,37.3685,-122.126,37.6969,26.9817,43.4135,26.5574,42.7308,1.01598,36.8585,36.8666,1,"LINESTRING(-121.874661 37.368495,-121.874761 37.368395,-121.890903 37.409736,-121.939458 37.502207,-121.976705 37.557413,-122.017330 37.590665,-122.057258 37.634263,-122.087041 37.669631,-122.126531 37.696838,-122.126431 37.696938)"
9_11_transit,transit,9,11,-121.875,37.3685,-122.414,37.7794,45.9482,73.9306,40.9655,65.9134,1.12163,69.8673,73.1699,5,"LINESTRING(-121.874661 37.368495,-121.874761 37.368395,-121.890903 37.409736,-121.939458 37.502207,-121.976705 37.557413,-122.017330 37.590665,-122.057258 37.634263,-122.087041 37.669631,-122.126531 37.696838,-122.160813 37.721706,-122.196798 37.753504,-122.224167 37.774773,-122.265332 37.797257,-122.295244 37.804823,-122.397180 37.792689,-122.401742 37.789113,-122.407487 37.784545,-122.413979 37.779350,-122.413879 37.779450)"
9_15_transit,transit,9,15,-121.875,37.3685,-122.469,37.7063,52.1171,83.8564,40.0637,64.4625,1.30086,82.8725,86.1755,1,"LINESTRING(-121.874661 37.368495,-121.874761 37.368395,-121.890903 37.409736,-121.939458 37.502207,-121.976705 37.557413,-122.017330 37.590665,-122.057258 37.634263,-122.087041 37.669631,-122.126531 37.696838,-122.160813 37.721706,-122.196798 37.753504,-122.224167 37.774773,-122.265332 37.797257,-122.295244 37.804823,-122.397180 37.792689,-122.401742 37.789113,-122.407487 37.784545,-122.413979 37.779350,-122.419855 37.765076,-122.418618 37.752322,-122.433657 37.733169,-122.447610 37.721658,-122.469094 37.706204,-122.468994 37.706304)"
9_16_transit,transit,9,16,-121.875,37.3685,-122.268,37.8701,42.5044,68.3896,40.8024,65.651,1.04172,65.8671,65.8812,2,"LINESTRING(-121.874661 37.368495,-121.874761 37.368395,-121.890903 37.409736,-121.939458 37.502207,-121.976705 37.557413,-122.017330 37.590665,-122.057258 37.634263,-122.087041 37.669631,-122.126531 37.696838,-122.160813 37.721706,-122.196798 37.753504,-122.224167 37.774773,-122.265332 37.797257,-122.271689 37.803371,-122.268822 37.807960,-122.267263 37.828714,-122.269850 37.852969,-122.268178 37.870017,-122.268078 37.870117)"
9_17_transit,transit,9,17,-121.875,37.3685,-122.317,37.9252,47.3781,76.2314,45.4405,73.1137,1.04264,73.87,73.884,1,"LINESTRING(-121.874661 37.368495,-121.874761 37.368395,-121.890903 37.409736,-121.939458 37.502207,-121.976705 37.557413,-122.017330 37.590665,-122.057258 37.634263,-122.087041 37.669631,-122.126531 37.696838,-122.160813 37.721706,-122.196798 37.753504,-122.224167 37.774773,-122.265332 37.797257,-122.271689 37.803371,-122.268822 37.807960,-122.267263 37.828714,-122.269850 37.852969,-122.268178 37.870017,-122.283608 37.873932,-122.298995 37.902533,-122.316968 37.925105,-122.316868 37.925205)"
9_19_transit,transit,9,19,-121.875,37.3685,-122.397,37.7928,44.6475,71.8379,40.9601,65.9048,1.09003,64.8643,68.107,26,"LINESTRING(-121.874661 37.368495,-121.874761 37.368395,-121.890903 37.409736,-121.939458 37.502207,-121.976705 37.557413,-122.017330 37.590665,-122.057258 37.634263,-122.087041 37.669631,-122.126531 37.696838,-122.160813 37.721706,-122.196798 37.753504,-122.224167 37.774773,-122.265332 37.797257,-122.295244 37.804823,-122.397180 37.792689,-122.397080 37.792789)"
9_20_transit,transit,9,20,-121.875,37.3685,-121.977,37.5575,14.2594,22.9433,14.2064,22.8582,1.00373,18.8548,18.8566,9,"LINESTRING(-121.874661 37.368495,-121.874761 37.368395,-121.890903 37.409736,-121.939458 37.502207,-121.976705 37.557413,-121.976605 37.557513)"
9_21_transit,transit,9,21,-121.875,37.3685,-122.224,37.7749,34.5703,55.6237,33.9783,54.671,1.01742,47.8613,47.8732,4,"LINESTRING(-121.874661 37.368495,-121.874761 37.368395,-121.890903 37.409736,-121.939458 37.502207,-121.976705 37.557413,-122.017330 37.590665,-122.057258 37.634263,-122.087041 37.669631,-122.126531 37.696838,-122.160813 37.721706,-122.196798 37.753504,-122.224167 37.774773,-122.224067 37.774873)"
9_23_transit,transit,9,23,-121.875,37.3685,-122.087,37.6697,24.1181,38.806,23.8441,38.3652,1.01149,32.8575,32.8645,3,"LINESTRING(-121.874661 37.368495,-121.874761 37.368395,-121.890903 37.409736,-121.939458 37.502207,-121.976705 37.557413,-122.017330 37.590665,-122.057258 37.634263,-122.087041 37.669631,-122.086941 37.669731)"
9_25_transit,transit,9,25,-121.875,37.3685,-122.265,37.7974,37.3033,60.021,36.543,58.7977,1.02081,51.8623,51.8754,3,"LINESTRING(-121.874661 37.368495,-121.874761 37.368395,-121.890903 37.409736,-121.939458 37.502207,-121.976705 37.557413,-122.017330 37.590665,-122.057258 37.634263,-122.087041 37.669631,-122.126531 37.696838,-122.160813 37.721706,-122.196798 37.753504,-122.224167 37.774773,-122.265332 37.797257,-122.265232 37.797357)"
9_26_transit,transit,9,26,-121.875,37.3685,-122.267,37.8288,39.6406,63.7817,38.3831,61.7584,1.03276,59.8652,59.8792,3,"LINESTRING(-121.874661 37.368495,-121.874761 37.368395,-121.890903 37.409736,-121.939458 37.502207,-121.976705 37.557413,-122.017330 37.590665,-122.057258 37.634263,-122.087041 37.669631,-122.126531 37.696838,-122.160813 37.721706,-122.196798 37.753504,-122.224167 37.774773,-122.265332 37.797257,-122.271689 37.803371,-122.268822 37.807960,-122.267263 37.828714,-122.267163 37.828814)"
9_28_transit,transit,9,28,-121.875,37.3685,-121.891,37.4098,3.00898,4.84145,2.99072,4.81207,1.00611,4.85312,4.85315,1,"LINESTRING(-121.874661 37.368495,-121.874761 37.368395,-121.890903 37.409736,-121.890803 37.409836)"
9_29_transit,transit,9,29,-121.875,37.3685,-122.402,37.7892,44.9985,72.4025,40.9597,65.9042,1.0986,65.8653,69.151,16,"LINESTRING(-121.874661 37.368495,-121.874761 37.368395,-121.890903 37.409736,-121.939458 37.502207,-121.976705 37.557413,-122.017330 37.590665,-122.057258 37.634263,-122.087041 37.669631,-122.126531 37.696838,-122.160813 37.721706,-122.196798 37.753504,-122.224167 37.774773,-122.265332 37.797257,-122.295244 37.804823,-122.397180 37.792689,-122.401742 37.789113,-122.401642 37.789213)"
9_30_transit,transit,9,30,-121.875,37.3685,-122.284,37.874,43.3886,69.8123,41.4814,66.7436,1.04598,67.8681,67.8822,1,"LINESTRING(-121.874661 37.368495,-121.874761 37.368395,-121.890903 37.409736,-121.939458 37.502207,-121.976705 37.557413,-122.017330 37.590665,-122.057258 37.634263,-122.087041 37.669631,-122.126531 37.696838,-122.160813 37.721706,-122.196798 37.753504,-122.224167 37.774773,-122.265332 37.797257,-122.271689 37.803371,-122.268822 37.807960,-122.267263 37.828714,-122.269850 37.852969,-122.268178 37.870017,-122.283608 37.873932,-122.283508 37.874032)"
9_38_transit,transit,9,38,-121.875,37.3685,-122.407,37.7846,45.4436,73.1187,40.9604,65.9053,1.10945,67.8663,71.1654,4,"LINESTRING(-121.874661 37.368495,-121.874761 37.368395,-121.890903 37.409736,-121.939458 37.502207,-121.976705 37.557413,-122.017330 37.590665,-122.057258 37.634263,-122.087041 37.669631,-122.126531 37.696838,-122.160813 37.721706,-122.196798 37.753504,-122.224167 37.774773,-122.265332 37.797257,-122.295244 37.804823,-122.397180 37.792689,-122.401742 37.789113,-122.407487 37.784545,-122.407387 37.784645)"
9_41_transit,transit,9,41,-121.875,37.3685,-122.161,37.7218,29.5246,47.5051,29.0086,46.6749,1.01779,39.8594,39.8686,2,"LINESTRING(-121.874661 37.368495,-121.874761 37.368395,-121.890903 37.409736,-121.939458 37.502207,-121.976705 37.557413,-122.017330 37.590665,-122.057258 37.634263,-122.087041 37.669631,-122.126531 37.696838,-122.160813 37.721706,-122.160713 37.721806)"
9_44_transit,transit,9,44,-121.875,37.3685,-122.057,37.6344,21.1805,34.0793,20.9171,33.6556,1.01259,28.8566,28.8623,3,"LINESTRING(-121.874661 37.368495,-121.874761 37.368395,-121.890903 37.409736,-121.939458 37.502207,-121.976705 37.557413,-122.017330 37.590665,-122.057258 37.634263,-122.057158 37.634363)"
9_46_transit,transit,9,46,-121.875,37.3685,-122.017,37.5908,17.4581,28.0901,17.2326,27.7273,1.01309,23.8557,23.8593,6,"LINESTRING(-121.874661 37.368495,-121.874761 37.368395,-121.890903 37.409736,-121.939458 37.502207,-121.976705 37.557413,-122.017330 37.590665,-122.017230 37.590765)"
9_47_transit,transit,9,47,-121.875,37.3685,-121.939,37.5023,9.93239,15.9812,9.90355,15.9348,1.00291,12.8539,12.8543,5,"LINESTRING(-121.874661 37.368495,-121.874761 37.368395,-121.890903 37.409736,-121.939458 37.502207,-121.939358 37.502307)"
10_2_transit,transit,10,2,-122.076,37.6908,-122.42,37.7652,22.8328,36.738,19.4965,31.3699,1.17112,40.8616,45.3478,9,"LINESTRING(-122.075615 37.690776,-122.075715 37.690676,-122.126531 37.696838,-122.160813 37.721706,-122.196798 37.753504,-122.224167 37.774773,-122.265332 37.797257,-122.295244 37.804823,-122.397180 37.792689,-122.401742 37.789113,-122.407487 37.784545,-122.413979 37.779350,-122.419855 37.765076,-122.419755 37.765176)"
10_8_transit,transit,10,8,-122.076,37.6908,-122.126,37.6969,2.82892,4.55173,2.81072,4.52244,1.00647,4.85178,5.07592,1,"LINESTRING(-122.075615 37.690776,-122.075715 37.690676,-122.126531 37.696838,-122.126431 37.696938)"
10_11_transit,transit,10,11,-122.076,37.6908,-122.414,37.7794,21.7954,35.0688,19.4727,31.3316,1.11928,37.8606,42.3467,35,"LINESTRING(-122.075615 37.690776,-122.075715 37.690676,-122.126531 37.696838,-122.160813 37.721706,-122.196798 37.753504,-122.224167 37.774773,-122.265332 37.797257,-122.295244 37.804823,-122.397180 37.792689,-122.401742 37.789113,-122.407487 37.784545,-122.413979 37.779350,-122.413879 37.779450)"
10_13_transit,transit,10,13,-122.076,37.6908,-122.197,37.7536,8.32088,13.3883,7.91428,12.7341,1.05138,12.8537,13.6585,3,"LINESTRING(-122.075615 37.690776,-122.075715 37.690676,-122.126531 37.696838,-122.160813 37.721706,-122.196798 37.753504,-122.196698 37.753604)"
10_18_transit,transit,10,18,-122.076,37.6908,-121.899,37.7017,9.69169,15.5939,9.67205,15.5623,1.00203,12.8528,12.8534,9,"LINESTRING(-122.075615 37.690776,-122.075715 37.690676,-121.928401 37.699660,-121.899342 37.701592,-121.899242 37.701692)"
10_19_transit,transit,10,19,-122.076,37.6908,-122.397,37.7928,20.4948,32.9761,18.9257,30.4515,1.08291,32.8576,37.2733,34,"LINESTRING(-122.075615 37.690776,-122.075715 37.690676,-122.126531 37.696838,-122.160813 37.721706,-122.196798 37.753504,-122.224167 37.774773,-122.265332 37.797257,-122.295244 37.804823,-122.397180 37.792689,-122.397080 37.792789)"
10_21_transit,transit,10,21,-122.076,37.6908,-122.224,37.7749,10.4176,16.7619,9.97845,16.0553,1.04401,16.8546,18.0667,2,"LINESTRING(-122.075615 37.690776,-122.075715 37.690676,-122.126531 37.696838,-122.160813 37.721706,-122.196798 37.753504,-122.224167 37.774773,-122.224067 37.774873)"
10_22_transit,transit,10,22,-122.076,37.6908,-122.434,37.7333,25.2748,40.6672,19.7842,31.8327,1.27753,45.8637,50.3499,1,"LINESTRING(-122.075615 37.690776,-122.075715 37.690676,-122.126531 37.696838,-122.160813 37.721706,-122.196798 37.753504,-122.224167 37.774773,-122.265332 37.797257,-122.295244 37.804823,-122.397180 37.792689,-122.401742 37.789113,-122.407487 37.784545,-122.413979 37.779350,-122.419855 37.765076,-122.418618 37.752322,-122.433657 37.733169,-122.433557 37.733269)"
10_25_transit,transit,10,25,-122.076,37.6908,-122.265,37.7974,13.1506,21.1593,12.7106,20.4514,1.03461,20.8556,22.7656,8,"LINESTRING(-122.075615 37.690776,-122.075715 37.690676,-122.126531 37.696838,-122.160813 37.721706,-122.196798 37.753504,-122.224167 37.774773,-122.265332 37.797257,-122.265232 37.797357)"
10_29_transit,transit,10,29,-122.076,37.6908,-122.402,37.7892,20.8457,33.5408,19.0681,30.6806,1.09322,34.8586,39.3301,42,"LINESTRING(-122.075615 37.690776,-122.075715 37.690676,-122.126531 37.696838,-122.160813 37.721706,-122.196798 37.753504,-122.224167 37.774773,-122.265332 37.797257,-122.295244 37.804823,-122.397180 37.792689,-122.401742 37.789113,-122.401642 37.789213)"
10_38_transit,transit,10,38,-122.076,37.6908,-122.407,37.7846,21.2908,34.2569,19.2536,30.9791,1.10581,36.8596,41.3428,18,"LINESTRING(-122.075615 37.690776,-122.075715 37.690676,-122.126531 37.696838,-122.160813 37.721706,-122.196798 37.753504,-122.224167 37.774773,-122.265332 37.797257,-122.295244 37.804823,-122.397180 37.792689,-122.401742 37.789113,-122.407487 37.784545,-122.407387 37.784645)"
10_41_transit,transit,10,41,-122.076,37.6908,-122.161,37.7218,5.37185,8.64331,5.12212,8.24149,1.04876,8.85272,9.3049,1,"LINESTRING(-122.075615 37.690776,-122.075715 37.690676,-122.126531 37.696838,-122.160813 37.721706,-122.160713 37.721806)"
10_49_transit,transit,10,49,-122.076,37.6908,-121.928,37.6998,8.09716,13.0283,8.07789,12.9973,1.00239,9.85177,9.85237,4,"LINESTRING(-122.075615 37.690776,-122.075715 37.690676,-121.928401 37.699660,-121.928301 37.699760)"
11_1_transit,transit,11,1,-122.414,37.7794,-122.272,37.8035,8.23755,13.2542,7.94453,12.7827,1.03688,15.8553,15.8673,13,"LINESTRING(-122.413879 37.779450,-122.413979 37.779350,-122.407487 37.784545,-122.401742 37.789113,-122.397180 37.792689,-122.295244 37.804823,-122.271689 37.803371,-122.271589 37.803471)"
11_2_transit,transit,11,2,-122.414,37.7794,-122.42,37.7652,1.05498,1.69746,1.03715,1.66877,1.01719,2.85143,2.85284,6,"LINESTRING(-122.413879 37.779450,-122.413979 37.779350,-122.419855 37.765076,-122.419755 37.765176)"
11_3_transit,transit,11,3,-122.414,37.7794,-122.269,37.8081,8.59122,13.8233,8.16833,13.1428,1.05177,17.8563,18.0522,20,"LINESTRING(-122.413879 37.779450,-122.413979 37.779350,-122.407487 37.784545,-122.401742 37.789113,-122.397180 37.792689,-122.295244 37.804823,-122.271689 37.803371,-122.268822 37.807960,-122.268722 37.808060)"
11_4_transit,transit,11,4,-122.414,37.7794,-122.419,37.7524,1.93897,3.1198,1.88459,3.0323,1.02886,4.85246,4.85461,24,"LINESTRING(-122.413879 37.779450,-122.413979 37.779350,-122.419855 37.765076,-122.418618 37.752322,-122.418518 37.752422)"
11_6_transit,transit,11,6,-122.414,37.7794,-122.27,37.8531,11.7102,18.8417,9.36822,15.0735,1.24999,25.8582,26.0583,1,"LINESTRING(-122.413879 37.779450,-122.413979 37.779350,-122.407487 37.784545,-122.401742 37.789113,-122.397180 37.792689,-122.295244 37.804823,-122.271689 37.803371,-122.268822 37.807960,-122.267263 37.828714,-122.269850 37.852969,-122.269750 37.853069)"
11_7_transit,transit,11,7,-122.414,37.7794,-122.448,37.7218,4.59903,7.39984,4.38923,7.06227,1.0478,9.85453,9.85738,18,"LINESTRING(-122.413879 37.779450,-122.413979 37.779350,-122.419855 37.765076,-122.418618 37.752322,-122.433657 37.733169,-122.447610 37.721658,-122.447510 37.721758)"
11_8_transit,transit,11,8,-122.414,37.7794,-122.126,37.6969,18.9841,30.5455,16.709,26.8848,1.13616,33.8596,33.8807,2,"LINESTRING(-122.413879 37.779450,-122.413979 37.779350,-122.407487 37.784545,-122.401742 37.789113,-122.397180 37.792689,-122.295244 37.804823,-122.265332 37.797257,-122.224167 37.774773,-122.196798 37.753504,-122.160813 37.721706,-122.126531 37.696838,-122.126431 37.696938)"
11_9_transit,transit,11,9,-122.414,37.7794,-121.875,37.3685,45.9482,73.9306,40.9655,65.9134,1.12163,71.8673,71.8994,1,"LINESTRING(-122.413879 37.779450,-122.413979 37.779350,-122.407487 37.784545,-122.401742 37.789113,-122.397180 37.792689,-122.295244 37.804823,-122.265332 37.797257,-122.224167 37.774773,-122.196798 37.753504,-122.160813 37.721706,-122.126531 37.696838,-122.087041 37.669631,-122.057258 37.634263,-122.017330 37.590665,-121.976705 37.557413,-121.939458 37.502207,-121.890903 37.409736,-121.874761 37.368395,-121.874661 37.368495)"
11_10_transit,transit,11,10,-122.414,37.7794,-122.076,37.6908,21.7954,35.0688,19.4727,31.3316,1.11928,38.8606,38.869,1,"LINESTRING(-122.413879 37.779450,-122.413979 37.779350,-122.407487 37.784545,-122.401742 37.789113,-122.397180 37.792689,-122.295244 37.804823,-122.265332 37.797257,-122.224167 37.774773,-122.196798 37.753504,-122.160813 37.721706,-122.126531 37.696838,-122.075715 37.690676,-122.075615 37.690776)"
11_12_transit,transit,11,12,-122.414,37.7794,-122.466,37.6846,7.6915,12.3756,7.14671,11.4991,1.07623,18.8566,18.8597,7,"LINESTRING(-122.413879 37.779450,-122.413979 37.779350,-122.419855 37.765076,-122.418618 37.752322,-122.433657 37.733169,-122.447610 37.721658,-122.469094 37.706204,-122.466267 37.684542,-122.466167 37.684642)"
11_13_transit,transit,11,13,-122.414,37.7794,-122.197,37.7536,13.4922,21.7089,11.996,19.3016,1.12472,25.8575,25.8645,9,"LINESTRING(-122.413879 37.779450,-122.413979 37.779350,-122.407487 37.784545,-122.401742 37.789113,-122.397180 37.792689,-122.295244 37.804823,-122.265332 37.797257,-122.224167 37.774773,-122.196798 37.753504,-122.196698 37.753604)"
11_14_transit,transit,11,14,-122.414,37.7794,-122.029,37.9738,27.5537,44.3339,24.9117,40.0829,1.10606,46.863,46.875,3,"LINESTRING(-122.413879 37.779450,-122.413979 37.779350,-122.407487 37.784545,-122.401742 37.789113,-122.397180 37.792689,-122.295244 37.804823,-122.271689 37.803371,-122.268822 37.807960,-122.267263 37.828714,-122.251371 37.844695,-122.183817 37.878403,-122.124744 37.893120,-122.067479 37.905712,-122.056115 37.928363,-122.029226 37.973673,-122.029126 37.973773)"
11_15_transit,transit,11,15,-122.414,37.7794,-122.469,37.7063,6.18652,9.95411,5.88308,9.46587,1.05158,13.8556,13.8586,10,"LINESTRING(-122.413879 37.779450,-122.413979 37.779350,-122.419855 37.765076,-122.418618 37.752322,-122.433657 37.733169,-122.447610 37.721658,-122.469094 37.706204,-122.468994 37.706304)"
11_16_transit,transit,11,16,-122.414,37.7794,-122.268,37.8701,12.8918,20.743,10.1274,16.295,1.27297,27.8592,28.0598,7,"LINESTRING(-122.413879 37.779450,-122.413979 37.779350,-122.407487 37.784545,-122.401742 37.789113,-122.397180 37.792689,-122.295244 37.804823,-122.271689 37.803371,-122.268822 37.807960,-122.267263 37.828714,-122.269850 37.852969,-122.268178 37.870017,-122.268078 37.870117)"
11_17_transit,transit,11,17,-122.414,37.7794,-122.317,37.9252,17.7655,28.5847,11.3768,18.3053,1.56155,35.8621,36.0628,4,"LINESTRING(-122.413879 37.779450,-122.413979 37.779350,-122.407487 37.784545,-122.401742 37.789113,-122.397180 37.792689,-122.295244 37.804823,-122.271689 37.803371,-122.268822 37.807960,-122.267263 37.828714,-122.269850 37.852969,-122.268178 37.870017,-122.283608 37.873932,-122.298995 37.902533,-122.316968 37.925105,-122.316868 37.925205)"
11_18_transit,transit,11,18,-122.414,37.7794,-121.899,37.7017,31.4695,50.6344,28.6278,46.0622,1.09926,50.8626,50.8716,3,"LINESTRING(-122.413879 37.779450,-122.413979 37.779350,-122.407487 37.784545,-122.401742 37.789113,-122.397180 37.792689,-122.295244 37.804823,-122.265332 37.797257,-122.224167 37.774773,-122.196798 37.753504,-122.160813 37.721706,-122.126531 37.696838,-122.075715 37.690676,-121.928401 37.699660,-121.899342 37.701592,-121.899242 37.701692)"
11_19_transit,transit,11,19,-122.414,37.7794,-122.397,37.7928,1.31824,2.12104,1.30035,2.09226,1.01376,4.85337,4.86379,9,"LINESTRING(-122.413879 37.779450,-122.413979 37.779350,-122.407487 37.784545,-122.401742 37.789113,-122.397180 37.792689,-122.397080 37.792789)"
11_20_transit,transit,11,20,-122.414,37.7794,-121.977,37.5575,31.7064,51.0157,28.4094,45.7107,1.11606,52.8639,52.8954,1,"LINESTRING(-122.413879 37.779450,-122.413979 37.779350,-122.407487 37.784545,-122.401742 37.789113,-122.397180 37.792689,-122.295244 37.804823,-122.265332 37.797257,-122.224167 37.774773,-122.196798 37.753504,-122.160813 37.721706,-122.126531 37.696838,-122.087041 37.669631,-122.057258 37.634263,-122.017330 37.590665,-121.976705 37.557413,-121.976605 37.557513)"
11_21_transit,transit,11,21,-122.414,37.7794,-122.224,37.7749,11.3955,18.3353,10.3708,16.6866,1.0988,22.8564,22.8708,4,"LINESTRING(-122.413879 37.779450,-122.413979 37.779350,-122.407487 37.784545,-122.401742 37.789113,-122.397180 37.792689,-122.295244 37.804823,-122.265332 37.797257,-122.224167 37.774773,-122.224067 37.774873)"
11_22_transit,transit,11,22,-122.414,37.7794,-122.434,37.7333,3.49699,5.62666,3.36704,5.41757,1.0386,7.8535,7.85617,10,"LINESTRING(-122.413879 37.779450,-122.413979 37.779350,-122.419855 37.765076,-122.418618 37.752322,-122.433657 37.733169,-122.433557 37.733269)"
11_23_transit,transit,11,23,-122.414,37.7794,-122.087,37.6697,21.8477,35.1529,19.4091,31.2293,1.12564,38.8606,38.8852,2,"LINESTRING(-122.413879 37.779450,-122.413979 37.779350,-122.407487 37.784545,-122.401742 37.789113,-122.397180 37.792689,-122.295244 37.804823,-122.265332 37.797257,-122.224167 37.774773,-122.196798 37.753504,-122.160813 37.721706,-122.126531 37.696838,-122.087041 37.669631,-122.086941 37.669731)"
11_24_transit,transit,11,24,-122.414,37.7794,-122.125,37.8932,19.1712,30.8465,17.6323,28.3703,1.08728,34.8601,34.8613,2,"LINESTRING(-122.413879 37.779450,-122.413979 37.779350,-122.407487 37.784545,-122.401742 37.789113,-122.397180 37.792689,-122.295244 37.804823,-122.271689 37.803371,-122.268822 37.807960,-122.267263 37.828714,-122.251371 37.844695,-122.183817 37.878403,-122.124744 37.893120,-122.124644 37.893220)"
11_25_transit,transit,11,25,-122.414,37.7794,-122.265,37.7974,8.66247,13.9379,8.21042,13.2106,1.05506,18.8554,18.8687,2,"LINESTRING(-122.413879 37.779450,-122.413979 37.779350,-122.407487 37.784545,-122.401742 37.789113,-122.397180 37.792689,-122.295244 37.804823,-122.265332 37.797257,-122.265232 37.797357)"
11_26_transit,transit,11,26,-122.414,37.7794,-122.267,37.8288,10.028,16.1351,8.7055,14.0071,1.15192,21.8573,22.0557,11,"LINESTRING(-122.413879 37.779450,-122.413979 37.779350,-122.407487 37.784545,-122.401742 37.789113,-122.397180 37.792689,-122.295244 37.804823,-122.271689 37.803371,-122.268822 37.807960,-122.267263 37.828714,-122.267163 37.828814)"
11_27_transit,transit,11,27,-122.414,37.7794,-122.387,37.6002,15.0656,24.2406,12.4731,20.0692,1.20785,33.8608,33.8734,10,"LINESTRING(-122.413879 37.779450,-122.413979 37.779350,-122.419855 37.765076,-122.418618 37.752322,-122.433657 37.733169,-122.447610 37.721658,-122.469094 37.706204,-122.466267 37.684542,-122.444354 37.664337,-122.416484 37.637620,-122.391995 37.615923,-122.386940 37.600099,-122.386840 37.600199)"
11_28_transit,transit,11,28,-122.414,37.7794,-121.891,37.4098,42.9568,69.1175,38.3698,61.737,1.11955,67.8662,67.8983,3,"LINESTRING(-122.413879 37.779450,-122.413979 37.779350,-122.407487 37.784545,-122.401742 37.789113,-122.397180 37.792689,-122.295244 37.804823,-122.265332 37.797257,-122.224167 37.774773,-122.196798 37.753504,-122.160813 37.721706,-122.126531 37.696838,-122.087041 37.669631,-122.057258 37.634263,-122.017330 37.590665,-121.976705 37.557413,-121.939458 37.502207,-121.890903 37.409736,-121.890803 37.409836)"
11_29_transit,transit,11,29,-122.414,37.7794,-122.402,37.7892,0.967316,1.55641,0.949504,1.52775,1.01876,3.85238,4.00734,7,"LINESTRING(-122.413879 37.779450,-122.413979 37.779350,-122.407487 37.784545,-122.401742 37.789113,-122.401642 37.789213)"
11_30_transit,transit,11,30,-122.414,37.7794,-122.284,37.874,13.776,22.1656,9.66078,15.5442,1.42597,29.8602,30.0608,1,"LINESTRING(-122.413879 37.779450,-122.413979 37.779350,-122.407487 37.784545,-122.401742 37.789113,-122.397180 37.792689,-122.295244 37.804823,-122.271689 37.803371,-122.268822 37.807960,-122.267263 37.828714,-122.269850 37.852969,-122.268178 37.870017,-122.283608 37.873932,-122.283508 37.874032)"
11_33_transit,transit,11,33,-122.414,37.7794,-122.184,37.8785,15.7925,25.4102,14.3043,23.0156,1.10404,29.8592,29.8603,1,"LINESTRING(-122.413879 37.779450,-122.413979 37.779350,-122.407487 37.784545,-122.401742 37.789113,-122.397180 37.792689,-122.295244 37.804823,-122.271689 37.803371,-122.268822 37.807960,-122.267263 37.828714,-122.251371 37.844695,-122.183817 37.878403,-122.183717 37.878503)"
11_35_transit,transit,11,35,-122.414,37.7794,-122.056,37.9285,24.0965,38.7713,22.0718,35.5135,1.09173,41.8621,41.8741,1,"LINESTRING(-122.413879 37.779450,-122.413979 37.779350,-122.407487 37.784545,-122.401742 37.789113,-122.397180 37.792689,-122.295244 37.804823,-122.271689 37.803371,-122.268822 37.807960,-122.267263 37.828714,-122.251371 37.844695,-122.183817 37.878403,-122.124744 37.893120,-122.067479 37.905712,-122.056115 37.928363,-122.056015 37.928463)"
11_36_transit,transit,11,36,-122.414,37.7794,-121.944,38.0189,34.1197,54.8986,30.4869,49.0535,1.11916,56.8649,56.8769,1,"LINESTRING(-122.413879 37.779450,-122.413979 37.779350,-122.407487 37.784545,-122.401742 37.789113,-122.397180 37.792689,-122.295244 37.804823,-122.271689 37.803371,-122.268822 37.807960,-122.267263 37.828714,-122.251371 37.844695,-122.183817 37.878403,-122.124744 37.893120,-122.067479 37.905712,-122.056115 37.928363,-122.029226 37.973673,-122.024661 38.003307,-121.944348 38.018850,-121.944248 38.018950)"
11_37_transit,transit,11,37,-122.414,37.7794,-122.299,37.9026,15.9233,25.6207,10.5738,17.0132,1.50593,33.8611,34.0618,2,"LINESTRING(-122.413879 37.779450,-122.413979 37.779350,-122.407487 37.784545,-122.401742 37.789113,-122.397180 37.792689,-122.295244 37.804823,-122.271689 37.803371,-122.268822 37.807960,-122.267263 37.828714,-122.269850 37.852969,-122.268178 37.870017,-122.283608 37.873932,-122.298995 37.902533,-122.298895 37.902633)"
11_38_transit,transit,11,38,-122.414,37.7794,-122.407,37.7846,0.522223,0.840256,0.504503,0.811745,1.03512,1.85139,1.85454,3,"LINESTRING(-122.413879 37.779450,-122.413979 37.779350,-122.407487 37.784545,-122.407387 37.784645)"
11_40_transit,transit,11,40,-122.414,37.7794,-122.251,37.8448,11.4323,18.3946,9.95844,16.0231,1.148,24.8583,24.8594,1,"LINESTRING(-122.413879 37.779450,-122.413979 37.779350,-122.407487 37.784545,-122.401742 37.789113,-122.397180 37.792689,-122.295244 37.804823,-122.271689 37.803371,-122.268822 37.807960,-122.267263 37.828714,-122.251371 37.844695,-122.251271 37.844795)"
11_41_transit,transit,11,41,-122.414,37.7794,-122.161,37.7218,16.4412,26.4539,14.3929,23.1582,1.14231,29.8585,29.8662,2,"LINESTRING(-122.413879 37.779450,-122.413979 37.779350,-122.407487 37.784545,-122.401742 37.789113,-122.397180 37.792689,-122.295244 37.804823,-122.265332 37.797257,-122.224167 37.774773,-122.196798 37.753504,-122.160813 37.721706,-122.160713 37.721806)"
11_42_transit,transit,11,42,-122.414,37.7794,-122.416,37.6377,11.9264,19.1896,9.79366,15.758,1.21777,24.8587,24.8619,3,"LINESTRING(-122.413879 37.779450,-122.413979 37.779350,-122.419855 37.765076,-122.418618 37.752322,-122.433657 37.733169,-122.447610 37.721658,-122.469094 37.706204,-122.466267 37.684542,-122.444354 37.664337,-122.416484 37.637620,-122.416384 37.637720)"
11_43_transit,transit,11,43,-122.414,37.7794,-122.392,37.616,13.9376,22.4256,11.3556,18.2712,1.22737,29.8598,29.863,15,"LINESTRING(-122.413879 37.779450,-122.413979 37.779350,-122.419855 37.765076,-122.418618 37.752322,-122.433657 37.733169,-122.447610 37.721658,-122.469094 37.706204,-122.466267 37.684542,-122.444354 37.664337,-122.416484 37.637620,-122.391995 37.615923,-122.391895 37.616023)"
11_44_transit,transit,11,44,-122.414,37.7794,-122.057,37.6344,24.7853,39.8796,21.9256,35.2783,1.13043,42.8617,42.8887,1,"LINESTRING(-122.413879 37.779450,-122.413979 37.779350,-122.407487 37.784545,-122.401742 37.789113,-122.397180 37.792689,-122.295244 37.804823,-122.265332 37.797257,-122.224167 37.774773,-122.196798 37.753504,-122.160813 37.721706,-122.126531 37.696838,-122.087041 37.669631,-122.057258 37.634263,-122.057158 37.634363)"
11_45_transit,transit,11,45,-122.414,37.7794,-122.444,37.6644,9.53173,15.3365,8.11826,13.0623,1.17411,21.8577,21.8608,8,"LINESTRING(-122.413879 37.779450,-122.413979 37.779350,-122.419855 37.765076,-122.418618 37.752322,-122.433657 37.733169,-122.447610 37.721658,-122.469094 37.706204,-122.466267 37.684542,-122.444354 37.664337,-122.444254 37.664437)"
11_46_transit,transit,11,46,-122.414,37.7794,-122.017,37.5908,28.5077,45.8689,25.3054,40.7164,1.12655,47.8628,47.8932,3,"LINESTRING(-122.413879 37.779450,-122.413979 37.779350,-122.407487 37.784545,-122.401742 37.789113,-122.397180 37.792689,-122.295244 37.804823,-122.265332 37.797257,-122.224167 37.774773,-122.196798 37.753504,-122.160813 37.721706,-122.126531 37.696838,-122.087041 37.669631,-122.057258 37.634263,-122.017330 37.590665,-122.017230 37.590765)"
11_47_transit,transit,11,47,-122.414,37.7794,-121.939,37.5023,36.0334,57.9778,32.2601,51.9065,1.11697,58.865,58.897,2,"LINESTRING(-122.413879 37.779450,-122.413979 37.779350,-122.407487 37.784545,-122.401742 37.789113,-122.397180 37.792689,-122.295244 37.804823,-122.265332 37.797257,-122.224167 37.774773,-122.196798 37.753504,-122.160813 37.721706,-122.126531 37.696838,-122.087041 37.669631,-122.057258 37.634263,-122.017330 37.590665,-121.976705 37.557413,-121.939458 37.502207,-121.939358 37.502307)"
11_48_transit,transit,11,48,-122.414,37.7794,-122.067,37.9058,22.413,36.0626,20.8248,33.5072,1.07626,38.8611,38.8732,4,"LINESTRING(-122.413879 37.779450,-122.413979 37.779350,-122.407487 37.784545,-122.401742 37.789113,-122.397180 37.792689,-122.295244 37.804823,-122.271689 37.803371,-122.268822 37.807960,-122.267263 37.828714,-122.251371 37.844695,-122.183817 37.878403,-122.124744 37.893120,-122.067479 37.905712,-122.067379 37.905812)"
11_49_transit,transit,11,49,-122.414,37.7794,-121.928,37.6998,29.875,48.0688,27.0971,43.5992,1.10252,47.8616,47.8706,2,"LINESTRING(-122.413879 37.779450,-122.413979 37.779350,-122.407487 37.784545,-122.401742 37.789113,-122.397180 37.792689,-122.295244 37.804823,-122.265332 37.797257,-122.224167 37.774773,-122.196798 37.753504,-122.160813 37.721706,-122.126531 37.696838,-122.075715 37.690676,-121.928401 37.699660,-121.928301 37.699760)"
11_50_transit,transit,11,50,-122.414,37.7794,-122.295,37.8049,6.94747,11.1785,6.71769,10.8088,1.0342,11.8543,11.8659,11,"LINESTRING(-122.413879 37.779450,-122.413979 37.779350,-122.407487 37.784545,-122.401742 37.789113,-122.397180 37.792689,-122.295244 37.804823,-122.295144 37.804923)"
12_1_transit,transit,12,1,-122.466,37.6846,-122.272,37.8035,15.9114,25.6015,13.4324,21.6127,1.18456,32.8616,32.8911,9,"LINESTRING(-122.466167 37.684642,-122.466267 37.684542,-122.469094 37.706204,-122.447610 37.721658,-122.433657 37.733169,-122.418618 37.752322,-122.419855 37.765076,-122.413979 37.779350,-122.407487 37.784545,-122.401742 37.789113,-122.397180 37.792689,-122.295244 37.804823,-122.271689 37.803371,-122.271589 37.803471)"
12_2_transit,transit,12,2,-122.466,37.6846,-122.42,37.7652,6.65415,10.7065,6.11525,9.83944,1.08812,14.8556,14.8765,18,"LINESTRING(-122.466167 37.684642,-122.466267 37.684542,-122.469094 37.706204,-122.447610 37.721658,-122.433657 37.733169,-122.418618 37.752322,-122.419855 37.765076,-122.419755 37.765176)"
12_3_transit,transit,12,3,-122.466,37.6846,-122.269,37.8081,16.2651,26.1706,13.7508,22.125,1.18285,34.8625,34.888,7,"LINESTRING(-122.466167 37.684642,-122.466267 37.684542,-122.469094 37.706204,-122.447610 37.721658,-122.433657 37.733169,-122.418618 37.752322,-122.419855 37.765076,-122.413979 37.779350,-122.407487 37.784545,-122.401742 37.789113,-122.397180 37.792689,-122.295244 37.804823,-122.271689 37.803371,-122.268822 37.807960,-122.268722 37.808060)"
12_4_transit,transit,12,4,-122.466,37.6846,-122.419,37.7524,5.77015,9.28418,5.35859,8.62198,1.0768,12.8547,12.8728,7,"LINESTRING(-122.466167 37.684642,-122.466267 37.684542,-122.469094 37.706204,-122.447610 37.721658,-122.433657 37.733169,-122.418618 37.752322,-122.418518 37.752422)"
12_7_transit,transit,12,7,-122.466,37.6846,-122.448,37.7218,3.11009,5.00414,2.75987,4.44063,1.1269,7.85273,7.85428,3,"LINESTRING(-122.466167 37.684642,-122.466267 37.684542,-122.469094 37.706204,-122.447610 37.721658,-122.447510 37.721758)"
12_11_transit,transit,12,11,-122.466,37.6846,-122.414,37.7794,7.6915,12.3756,7.14671,11.4991,1.07623,17.8566,17.8809,34,"LINESTRING(-122.466167 37.684642,-122.466267 37.684542,-122.469094 37.706204,-122.447610 37.721658,-122.433657 37.733169,-122.418618 37.752322,-122.419855 37.765076,-122.413979 37.779350,-122.413879 37.779450)"
12_15_transit,transit,12,15,-122.466,37.6846,-122.469,37.7063,1.52261,2.44987,1.50468,2.42102,1.01192,3.85177,3.85236,7,"LINESTRING(-122.466167 37.684642,-122.466267 37.684542,-122.469094 37.706204,-122.468994 37.706304)"
12_16_transit,transit,12,16,-122.466,37.6846,-122.268,37.8701,20.5657,33.0903,16.7708,26.9842,1.22628,44.8654,45.2435,5,"LINESTRING(-122.466167 37.684642,-122.466267 37.684542,-122.469094 37.706204,-122.447610 37.721658,-122.433657 37.733169,-122.418618 37.752322,-122.419855 37.765076,-122.413979 37.779350,-122.407487 37.784545,-122.401742 37.789113,-122.397180 37.792689,-122.295244 37.804823,-122.271689 37.803371,-122.268822 37.807960,-122.267263 37.828714,-122.269850 37.852969,-122.268178 37.870017,-122.268078 37.870117)"
12_19_transit,transit,12,19,-122.466,37.6846,-122.397,37.7928,8.99212,14.4683,8.37172,13.4701,1.07411,21.8596,21.8876,34,"LINESTRING(-122.466167 37.684642,-122.466267 37.684542,-122.469094 37.706204,-122.447610 37.721658,-122.433657 37.733169,-122.418618 37.752322,-122.419855 37.765076,-122.413979 37.779350,-122.407487 37.784545,-122.401742 37.789113,-122.397180 37.792689,-122.397080 37.792789)"
12_22_transit,transit,12,22,-122.466,37.6846,-122.434,37.7333,4.21213,6.77732,3.80341,6.11969,1.10746,9.85371,9.85712,4,"LINESTRING(-122.466167 37.684642,-122.466267 37.684542,-122.469094 37.706204,-122.447610 37.721658,-122.433657 37.733169,-122.433557 37.733269)"
12_26_transit,transit,12,26,-122.466,37.6846,-122.267,37.8288,17.7019,28.4824,14.7448,23.7243,1.20055,38.8635,38.8889,1,"LINESTRING(-122.466167 37.684642,-122.466267 37.684542,-122.469094 37.706204,-122.447610 37.721658,-122.433657 37.733169,-122.418618 37.752322,-122.419855 37.765076,-122.413979 37.779350,-122.407487 37.784545,-122.401742 37.789113,-122.397180 37.792689,-122.295244 37.804823,-122.271689 37.803371,-122.268822 37.807960,-122.267263 37.828714,-122.267163 37.828814)"
12_27_transit,transit,12,27,-122.466,37.6846,-122.387,37.6002,7.39177,11.8934,7.27172,11.7002,1.01651,15.855,15.857,9,"LINESTRING(-122.466167 37.684642,-122.466267 37.684542,-122.444354 37.664337,-122.416484 37.637620,-122.391995 37.615923,-122.386940 37.600099,-122.386840 37.600199)"
12_29_transit,transit,12,29,-122.466,37.6846,-122.402,37.7892,8.6412,13.9037,8.03959,12.9357,1.07483,20.8586,20.8838,54,"LINESTRING(-122.466167 37.684642,-122.466267 37.684542,-122.469094 37.706204,-122.447610 37.721658,-122.433657 37.733169,-122.418618 37.752322,-122.419855 37.765076,-122.413979 37.779350,-122.407487 37.784545,-122.401742 37.789113,-122.401642 37.789213)"
12_33_transit,transit,12,33,-122.466,37.6846,-122.184,37.8785,23.4664,37.7575,20.4285,32.8694,1.14871,46.8654,46.8908,1,"LINESTRING(-122.466167 37.684642,-122.466267 37.684542,-122.469094 37.706204,-122.447610 37.721658,-122.433657 37.733169,-122.418618 37.752322,-122.419855 37.765076,-122.413979 37.779350,-122.407487 37.784545,-122.401742 37.789113,-122.397180 37.792689,-122.295244 37.804823,-122.271689 37.803371,-122.268822 37.807960,-122.267263 37.828714,-122.251371 37.844695,-122.183817 37.878403,-122.183717 37.878503)"
12_35_transit,transit,12,35,-122.466,37.6846,-122.056,37.9285,31.7704,51.1186,28.0202,45.0844,1.13384,58.8683,58.898,2,"LINESTRING(-122.466167 37.684642,-122.466267 37.684542,-122.469094 37.706204,-122.447610 37.721658,-122.433657 37.733169,-122.418618 37.752322,-122.419855 37.765076,-122.413979 37.779350,-122.407487 37.784545,-122.401742 37.789113,-122.397180 37.792689,-122.295244 37.804823,-122.271689 37.803371,-122.268822 37.807960,-122.267263 37.828714,-122.251371 37.844695,-122.183817 37.878403,-122.124744 37.893120,-122.067479 37.905712,-122.056115 37.928363,-122.056015 37.928463)"
12_38_transit,transit,12,38,-122.466,37.6846,-122.407,37.7846,8.19611,13.1875,7.61967,12.26,1.07565,18.8576,18.8824,32,"LINESTRING(-122.466167 37.684642,-122.466267 37.684542,-122.469094 37.706204,-122.447610 37.721658,-122.433657 37.733169,-122.418618 37.752322,-122.419855 37.765076,-122.413979 37.779350,-122.407487 37.784545,-122.407387 37.784645)"
12_39_transit,transit,12,39,-122.466,37.6846,-122.353,37.9368,27.5658,44.3533,18.485,29.7423,1.49125,57.8693,58.2475,1,"LINESTRING(-122.466167 37.684642,-122.466267 37.684542,-122.469094 37.706204,-122.447610 37.721658,-122.433657 37.733169,-122.418618 37.752322,-122.419855 37.765076,-122.413979 37.779350,-122.407487 37.784545,-122.401742 37.789113,-122.397180 37.792689,-122.295244 37.804823,-122.271689 37.803371,-122.268822 37.807960,-122.267263 37.828714,-122.269850 37.852969,-122.268178 37.870017,-122.283608 37.873932,-122.298995 37.902533,-122.316968 37.925105,-122.353104 37.936695,-122.353004 37.936795)"
12_42_transit,transit,12,42,-122.466,37.6846,-122.416,37.6377,4.25253,6.84232,4.23386,6.81227,1.00441,6.85292,6.85299,5,"LINESTRING(-122.466167 37.684642,-122.466267 37.684542,-122.444354 37.664337,-122.416484 37.637620,-122.416384 37.637720)"
12_43_transit,transit,12,43,-122.466,37.6846,-122.392,37.616,6.26373,10.0783,6.24398,10.0466,1.00316,11.854,11.8541,16,"LINESTRING(-122.466167 37.684642,-122.466267 37.684542,-122.444354 37.664337,-122.416484 37.637620,-122.391995 37.615923,-122.391895 37.616023)"
12_45_transit,transit,12,45,-122.466,37.6846,-122.444,37.6644,1.85785,2.98928,1.83985,2.96031,1.00978,3.85186,3.8519,1,"LINESTRING(-122.466167 37.684642,-122.466267 37.684542,-122.444354 37.664337,-122.444254 37.664437)"
12_48_transit,transit,12,48,-122.466,37.6846,-122.067,37.9058,30.0869,48.4099,26.6007,42.8005,1.13106,55.8673,55.897,1,"LINESTRING(-122.466167 37.684642,-122.466267 37.684542,-122.469094 37.706204,-122.447610 37.721658,-122.433657 37.733169,-122.418618 37.752322,-122.419855 37.765076,-122.413979 37.779350,-122.407487 37.784545,-122.401742 37.789113,-122.397180 37.792689,-122.295244 37.804823,-122.271689 37.803371,-122.268822 37.807960,-122.267263 37.828714,-122.251371 37.844695,-122.183817 37.878403,-122.124744 37.893120,-122.067479 37.905712,-122.067379 37.905812)"
13_1_transit,transit,13,1,-122.197,37.7536,-122.272,37.8035,5.39415,8.67919,5.34776,8.60455,1.00867,11.8534,11.8568,4,"LINESTRING(-122.196698 37.753604,-122.196798 37.753504,-122.224167 37.774773,-122.265332 37.797257,-122.271689 37.803371,-122.271589 37.803471)"
13_2_transit,transit,13,2,-122.197,37.7536,-122.42,37.7652,14.5295,23.378,12.2107,19.647,1.1899,28.8585,31.9039,7,"LINESTRING(-122.196698 37.753604,-122.196798 37.753504,-122.224167 37.774773,-122.265332 37.797257,-122.295244 37.804823,-122.397180 37.792689,-122.401742 37.789113,-122.407487 37.784545,-122.413979 37.779350,-122.419855 37.765076,-122.419755 37.765176)"
13_3_transit,transit,13,3,-122.197,37.7536,-122.269,37.8081,5.74782,9.24824,5.44306,8.75789,1.05599,12.8544,12.8578,4,"LINESTRING(-122.196698 37.753604,-122.196798 37.753504,-122.224167 37.774773,-122.265332 37.797257,-122.271689 37.803371,-122.268822 37.807960,-122.268722 37.808060)"
13_4_transit,transit,13,4,-122.197,37.7536,-122.419,37.7524,15.4135,24.8004,12.1182,19.4983,1.27193,30.8595,33.905,4,"LINESTRING(-122.196698 37.753604,-122.196798 37.753504,-122.224167 37.774773,-122.265332 37.797257,-122.295244 37.804823,-122.397180 37.792689,-122.401742 37.789113,-122.407487 37.784545,-122.413979 37.779350,-122.419855 37.765076,-122.418618 37.752322,-122.418518 37.752422)"
13_6_transit,transit,13,6,-122.197,37.7536,-122.27,37.8531,8.86676,14.2666,7.94578,12.7848,1.11591,20.8563,20.86,1,"LINESTRING(-122.196698 37.753604,-122.196798 37.753504,-122.224167 37.774773,-122.265332 37.797257,-122.271689 37.803371,-122.268822 37.807960,-122.267263 37.828714,-122.269850 37.852969,-122.269750 37.853069)"
13_7_transit,transit,13,7,-122.197,37.7536,-122.448,37.7218,18.0736,29.0804,13.8802,22.3332,1.30212,35.8616,38.9071,4,"LINESTRING(-122.196698 37.753604,-122.196798 37.753504,-122.224167 37.774773,-122.265332 37.797257,-122.295244 37.804823,-122.397180 37.792689,-122.401742 37.789113,-122.407487 37.784545,-122.413979 37.779350,-122.419855 37.765076,-122.418618 37.752322,-122.433657 37.733169,-122.447610 37.721658,-122.447510 37.721758)"
13_8_transit,transit,13,8,-122.197,37.7536,-122.126,37.6969,5.50959,8.86492,5.48415,8.824,1.00464,7.85264,7.85802,6,"LINESTRING(-122.196698 37.753604,-122.196798 37.753504,-122.160813 37.721706,-122.126531 37.696838,-122.126431 37.696938)"
13_9_transit,transit,13,9,-122.197,37.7536,-121.875,37.3685,32.4736,52.25,31.9239,51.3655,1.01722,45.8604,45.8767,3,"LINESTRING(-122.196698 37.753604,-122.196798 37.753504,-122.160813 37.721706,-122.126531 37.696838,-122.087041 37.669631,-122.057258 37.634263,-122.017330 37.590665,-121.976705 37.557413,-121.939458 37.502207,-121.890903 37.409736,-121.874761 37.368395,-121.874661 37.368495)"
13_10_transit,transit,13,10,-122.197,37.7536,-122.076,37.6908,8.32088,13.3883,7.91428,12.7341,1.05138,13.8537,13.855,3,"LINESTRING(-122.196698 37.753604,-122.196798 37.753504,-122.160813 37.721706,-122.126531 37.696838,-122.075715 37.690676,-122.075615 37.690776)"
13_11_transit,transit,13,11,-122.197,37.7536,-122.414,37.7794,13.4922,21.7089,11.996,19.3016,1.12472,25.8575,29.5387,19,"LINESTRING(-122.196698 37.753604,-122.196798 37.753504,-122.224167 37.774773,-122.265332 37.797257,-122.295244 37.804823,-122.397180 37.792689,-122.401742 37.789113,-122.407487 37.784545,-122.413979 37.779350,-122.413879 37.779450)"
13_15_transit,transit,13,15,-122.197,37.7536,-122.469,37.7063,19.6611,31.6347,15.2348,24.5127,1.29054,39.8626,42.9082,4,"LINESTRING(-122.196698 37.753604,-122.196798 37.753504,-122.224167 37.774773,-122.265332 37.797257,-122.295244 37.804823,-122.397180 37.792689,-122.401742 37.789113,-122.407487 37.784545,-122.413979 37.779350,-122.419855 37.765076,-122.418618 37.752322,-122.433657 37.733169,-122.447610 37.721658,-122.469094 37.706204,-122.468994 37.706304)"
13_16_transit,transit,13,16,-122.197,37.7536,-122.268,37.8701,10.0484,16.1679,8.94371,14.3904,1.12352,22.8573,22.861,4,"LINESTRING(-122.196698 37.753604,-122.196798 37.753504,-122.224167 37.774773,-122.265332 37.797257,-122.271689 37.803371,-122.268822 37.807960,-122.267263 37.828714,-122.269850 37.852969,-122.268178 37.870017,-122.268078 37.870117)"
13_17_transit,transit,13,17,-122.197,37.7536,-122.317,37.9252,14.9221,24.0097,13.549,21.8004,1.10134,30.8601,30.8639,5,"LINESTRING(-122.196698 37.753604,-122.196798 37.753504,-122.224167 37.774773,-122.265332 37.797257,-122.271689 37.803371,-122.268822 37.807960,-122.267263 37.828714,-122.269850 37.852969,-122.268178 37.870017,-122.283608 37.873932,-122.298995 37.902533,-122.316968 37.925105,-122.316868 37.925205)"
13_18_transit,transit,13,18,-122.197,37.7536,-121.899,37.7017,17.9949,28.9539,16.6465,26.7843,1.081,25.8556,25.8576,5,"LINESTRING(-122.196698 37.753604,-122.196798 37.753504,-122.160813 37.721706,-122.126531 37.696838,-122.075715 37.690676,-121.928401 37.699660,-121.899342 37.701592,-121.899242 37.701692)"
13_19_transit,transit,13,19,-122.197,37.7536,-122.397,37.7928,12.1915,19.6162,11.2738,18.1395,1.08141,20.8544,24.4653,28,"LINESTRING(-122.196698 37.753604,-122.196798 37.753504,-122.224167 37.774773,-122.265332 37.797257,-122.295244 37.804823,-122.397180 37.792689,-122.397080 37.792789)"
13_20_transit,transit,13,20,-122.197,37.7536,-121.977,37.5575,18.2319,29.3351,18.125,29.1631,1.0059,26.8569,26.8727,1,"LINESTRING(-122.196698 37.753604,-122.196798 37.753504,-122.160813 37.721706,-122.126531 37.696838,-122.087041 37.669631,-122.057258 37.634263,-122.017330 37.590665,-121.976705 37.557413,-121.976605 37.557513)"
13_21_transit,transit,13,21,-122.197,37.7536,-122.224,37.7749,2.11434,3.40197,2.09629,3.37294,1.00861,4.85146,5.25872,7,"LINESTRING(-122.196698 37.753604,-122.196798 37.753504,-122.224167 37.774773,-122.224067 37.774873)"
13_22_transit,transit,13,22,-122.197,37.7536,-122.434,37.7333,16.9715,27.3072,13.0173,20.9448,1.30377,33.8606,36.9061,1,"LINESTRING(-122.196698 37.753604,-122.196798 37.753504,-122.224167 37.774773,-122.265332 37.797257,-122.295244 37.804823,-122.397180 37.792689,-122.401742 37.789113,-122.407487 37.784545,-122.413979 37.779350,-122.419855 37.765076,-122.418618 37.752322,-122.433657 37.733169,-122.433557 37.733269)"
13_23_transit,transit,13,23,-122.197,37.7536,-122.087,37.6697,8.37315,13.4724,8.3412,13.421,1.00383,12.8537,12.8625,7,"LINESTRING(-122.196698 37.753604,-122.196798 37.753504,-122.160813 37.721706,-122.126531 37.696838,-122.087041 37.669631,-122.086941 37.669731)"
13_25_transit,transit,13,25,-122.197,37.7536,-122.265,37.7974,4.84731,7.79933,4.81123,7.74127,1.0075,8.85241,9.95761,7,"LINESTRING(-122.196698 37.753604,-122.196798 37.753504,-122.224167 37.774773,-122.265332 37.797257,-122.265232 37.797357)"
13_26_transit,transit,13,26,-122.197,37.7536,-122.267,37.8288,7.18461,11.56,6.46587,10.4036,1.11116,16.8553,16.8589,4,"LINESTRING(-122.196698 37.753604,-122.196798 37.753504,-122.224167 37.774773,-122.265332 37.797257,-122.271689 37.803371,-122.268822 37.807960,-122.267263 37.828714,-122.267163 37.828814)"
13_28_transit,transit,13,28,-122.197,37.7536,-121.891,37.4098,29.4823,47.437,29.0641,46.7641,1.01439,41.8593,41.8756,2,"LINESTRING(-122.196698 37.753604,-122.196798 37.753504,-122.160813 37.721706,-122.126531 37.696838,-122.087041 37.669631,-122.057258 37.634263,-122.017330 37.590665,-121.976705 37.557413,-121.939458 37.502207,-121.890903 37.409736,-121.890803 37.409836)"
13_29_transit,transit,13,29,-122.197,37.7536,-122.402,37.7892,12.5425,20.1808,11.4605,18.4399,1.09441,22.8554,25.8731,30,"LINESTRING(-122.196698 37.753604,-122.196798 37.753504,-122.224167 37.774773,-122.265332 37.797257,-122.295244 37.804823,-122.397180 37.792689,-122.401742 37.789113,-122.401642 37.789213)"
13_30_transit,transit,13,30,-122.197,37.7536,-122.284,37.874,10.9326,17.5906,9.5755,15.407,1.14173,24.8582,24.862,2,"LINESTRING(-122.196698 37.753604,-122.196798 37.753504,-122.224167 37.774773,-122.265332 37.797257,-122.271689 37.803371,-122.268822 37.807960,-122.267263 37.828714,-122.269850 37.852969,-122.268178 37.870017,-122.283608 37.873932,-122.283508 37.874032)"
13_37_transit,transit,13,37,-122.197,37.7536,-122.299,37.9026,13.0799,21.0456,11.7105,18.8422,1.11694,27.8592,27.8629,1,"LINESTRING(-122.196698 37.753604,-122.196798 37.753504,-122.224167 37.774773,-122.265332 37.797257,-122.271689 37.803371,-122.268822 37.807960,-122.267263 37.828714,-122.269850 37.852969,-122.268178 37.870017,-122.283608 37.873932,-122.298995 37.902533,-122.298895 37.902633)"
13_38_transit,transit,13,38,-122.197,37.7536,-122.407,37.7846,12.9876,20.897,11.7055,18.8342,1.10952,24.8564,27.8966,22,"LINESTRING(-122.196698 37.753604,-122.196798 37.753504,-122.224167 37.774773,-122.265332 37.797257,-122.295244 37.804823,-122.397180 37.792689,-122.401742 37.789113,-122.407487 37.784545,-122.407387 37.784645)"
13_39_transit,transit,13,39,-122.197,37.7536,-122.353,37.9368,17.0485,27.431,15.2624,24.5573,1.11702,35.8611,35.8648,2,"LINESTRING(-122.196698 37.753604,-122.196798 37.753504,-122.224167 37.774773,-122.265332 37.797257,-122.271689 37.803371,-122.268822 37.807960,-122.267263 37.828714,-122.269850 37.852969,-122.268178 37.870017,-122.283608 37.873932,-122.298995 37.902533,-122.316968 37.925105,-122.353104 37.936695,-122.353004 37.936795)"
13_41_transit,transit,13,41,-122.197,37.7536,-122.161,37.7218,2.96665,4.77333,2.94843,4.74402,1.00618,4.85158,4.8522,6,"LINESTRING(-122.196698 37.753604,-122.196798 37.753504,-122.160813 37.721706,-122.160713 37.721806)"
13_44_transit,transit,13,44,-122.197,37.7536,-122.057,37.6344,11.3108,18.1991,11.2286,18.0669,1.00732,16.8548,16.866,6,"LINESTRING(-122.196698 37.753604,-122.196798 37.753504,-122.160813 37.721706,-122.126531 37.696838,-122.087041 37.669631,-122.057258 37.634263,-122.057158 37.634363)"
13_46_transit,transit,13,46,-122.197,37.7536,-122.017,37.5908,15.0331,24.1883,14.9306,24.0234,1.00687,21.8559,21.8705,7,"LINESTRING(-122.196698 37.753604,-122.196798 37.753504,-122.160813 37.721706,-122.126531 37.696838,-122.087041 37.669631,-122.057258 37.634263,-122.017330 37.590665,-122.017230 37.590765)"
13_47_transit,transit,13,47,-122.197,37.7536,-121.939,37.5023,22.5589,36.2972,22.3559,35.9706,1.00908,32.8581,32.8743,4,"LINESTRING(-122.196698 37.753604,-122.196798 37.753504,-122.160813 37.721706,-122.126531 37.696838,-122.087041 37.669631,-122.057258 37.634263,-122.017330 37.590665,-121.976705 37.557413,-121.939458 37.502207,-121.939358 37.502307)"
13_49_transit,transit,13,49,-122.197,37.7536,-121.928,37.6998,16.4004,26.3883,15.1321,24.3476,1.08381,22.8546,22.8565,3,"LINESTRING(-122.196698 37.753604,-122.196798 37.753504,-122.160813 37.721706,-122.126531 37.696838,-122.075715 37.690676,-121.928401 37.699660,-121.928301 37.699760)"
13_50_transit,transit,13,50,-122.197,37.7536,-122.295,37.8049,6.56232,10.5588,6.4402,10.3623,1.01896,13.8534,15.9935,5,"LINESTRING(-122.196698 37.753604,-122.196798 37.753504,-122.224167 37.774773,-122.265332 37.797257,-122.295244 37.804823,-122.295144 37.804923)"
14_1_transit,transit,14,1,-122.029,37.9738,-122.272,37.8035,19.3338,31.1081,17.6993,28.4781,1.09235,31.8579,33.1053,28,"LINESTRING(-122.029126 37.973773,-122.029226 37.973673,-122.056115 37.928363,-122.067479 37.905712,-122.124744 37.893120,-122.183817 37.878403,-122.251371 37.844695,-122.267263 37.828714,-122.268822 37.807960,-122.271689 37.803371,-122.271589 37.803471)"
14_2_transit,transit,14,2,-122.029,37.9738,-122.42,37.7652,28.5911,46.003,25.7233,41.3888,1.11149,50.864,53.9505,13,"LINESTRING(-122.029126 37.973773,-122.029226 37.973673,-122.056115 37.928363,-122.067479 37.905712,-122.124744 37.893120,-122.183817 37.878403,-122.251371 37.844695,-122.267263 37.828714,-122.268822 37.807960,-122.271689 37.803371,-122.295244 37.804823,-122.397180 37.792689,-122.401742 37.789113,-122.407487 37.784545,-122.413979 37.779350,-122.419855 37.765076,-122.419755 37.765176)"
14_3_transit,transit,14,3,-122.029,37.9738,-122.269,37.8081,18.9801,30.539,17.3719,27.9513,1.09258,30.8569,32.0171,40,"LINESTRING(-122.029126 37.973773,-122.029226 37.973673,-122.056115 37.928363,-122.067479 37.905712,-122.124744 37.893120,-122.183817 37.878403,-122.251371 37.844695,-122.267263 37.828714,-122.268822 37.807960,-122.268722 37.808060)"
14_4_transit,transit,14,4,-122.029,37.9738,-122.419,37.7524,29.4751,47.4254,26.1739,42.1138,1.12612,52.865,55.9519,15,"LINESTRING(-122.029126 37.973773,-122.029226 37.973673,-122.056115 37.928363,-122.067479 37.905712,-122.124744 37.893120,-122.183817 37.878403,-122.251371 37.844695,-122.267263 37.828714,-122.268822 37.807960,-122.271689 37.803371,-122.295244 37.804823,-122.397180 37.792689,-122.401742 37.789113,-122.407487 37.784545,-122.413979 37.779350,-122.419855 37.765076,-122.418618 37.752322,-122.418518 37.752422)"
14_5_transit,transit,14,5,-122.029,37.9738,-121.78,37.9954,15.6942,25.2519,13.63,21.9307,1.15144,31.8535,31.8535,1,"LINESTRING(-122.029126 37.973773,-122.029226 37.973673,-122.024661 38.003307,-121.944348 38.018850,-121.889111 38.016773,-121.780453 37.995315,-121.780353 37.995415)"
14_7_transit,transit,14,7,-122.029,37.9738,-122.448,37.7218,32.1351,51.7054,28.7101,46.1945,1.1193,57.8671,60.9542,3,"LINESTRING(-122.029126 37.973773,-122.029226 37.973673,-122.056115 37.928363,-122.067479 37.905712,-122.124744 37.893120,-122.183817 37.878403,-122.251371 37.844695,-122.267263 37.828714,-122.268822 37.807960,-122.271689 37.803371,-122.295244 37.804823,-122.397180 37.792689,-122.401742 37.789113,-122.407487 37.784545,-122.413979 37.779350,-122.419855 37.765076,-122.418618 37.752322,-122.433657 37.733169,-122.447610 37.721658,-122.447510 37.721758)"
14_11_transit,transit,14,11,-122.029,37.9738,-122.414,37.7794,27.5537,44.3339,24.9117,40.0829,1.10606,48.863,51.9486,55,"LINESTRING(-122.029126 37.973773,-122.029226 37.973673,-122.056115 37.928363,-122.067479 37.905712,-122.124744 37.893120,-122.183817 37.878403,-122.251371 37.844695,-122.267263 37.828714,-122.268822 37.807960,-122.271689 37.803371,-122.295244 37.804823,-122.397180 37.792689,-122.401742 37.789113,-122.407487 37.784545,-122.413979 37.779350,-122.413879 37.779450)"
14_12_transit,transit,14,12,-122.029,37.9738,-122.466,37.6846,35.2276,56.6812,31.1119,50.059,1.13229,66.8692,69.9565,2,"LINESTRING(-122.029126 37.973773,-122.029226 37.973673,-122.056115 37.928363,-122.067479 37.905712,-122.124744 37.893120,-122.183817 37.878403,-122.251371 37.844695,-122.267263 37.828714,-122.268822 37.807960,-122.271689 37.803371,-122.295244 37.804823,-122.397180 37.792689,-122.401742 37.789113,-122.407487 37.784545,-122.413979 37.779350,-122.419855 37.765076,-122.418618 37.752322,-122.433657 37.733169,-122.447610 37.721658,-122.469094 37.706204,-122.466267 37.684542,-122.466167 37.684642)"
14_15_transit,transit,14,15,-122.029,37.9738,-122.469,37.7063,33.7226,54.2597,30.292,48.7397,1.11325,61.8681,64.9554,6,"LINESTRING(-122.029126 37.973773,-122.029226 37.973673,-122.056115 37.928363,-122.067479 37.905712,-122.124744 37.893120,-122.183817 37.878403,-122.251371 37.844695,-122.267263 37.828714,-122.268822 37.807960,-122.271689 37.803371,-122.295244 37.804823,-122.397180 37.792689,-122.401742 37.789113,-122.407487 37.784545,-122.413979 37.779350,-122.419855 37.765076,-122.418618 37.752322,-122.433657 37.733169,-122.447610 37.721658,-122.469094 37.706204,-122.468994 37.706304)"
14_19_transit,transit,14,19,-122.029,37.9738,-122.397,37.7928,26.2531,42.2412,23.6433,38.0421,1.11038,43.8599,46.8762,79,"LINESTRING(-122.029126 37.973773,-122.029226 37.973673,-122.056115 37.928363,-122.067479 37.905712,-122.124744 37.893120,-122.183817 37.878403,-122.251371 37.844695,-122.267263 37.828714,-122.268822 37.807960,-122.271689 37.803371,-122.295244 37.804823,-122.397180 37.792689,-122.397080 37.792789)"
14_22_transit,transit,14,22,-122.029,37.9738,-122.434,37.7333,31.0331,49.9323,27.6216,44.4431,1.12351,55.8661,58.9531,2,"LINESTRING(-122.029126 37.973773,-122.029226 37.973673,-122.056115 37.928363,-122.067479 37.905712,-122.124744 37.893120,-122.183817 37.878403,-122.251371 37.844695,-122.267263 37.828714,-122.268822 37.807960,-122.271689 37.803371,-122.295244 37.804823,-122.397180 37.792689,-122.401742 37.789113,-122.407487 37.784545,-122.413979 37.779350,-122.419855 37.765076,-122.418618 37.752322,-122.433657 37.733169,-122.433557 37.733269)"
14_24_transit,transit,14,24,-122.029,37.9738,-122.125,37.8932,8.40008,13.5157,7.62058,12.2615,1.10229,13.8527,14.1531,13,"LINESTRING(-122.029126 37.973773,-122.029226 37.973673,-122.056115 37.928363,-122.067479 37.905712,-122.124744 37.893120,-122.124644 37.893220)"
14_26_transit,transit,14,26,-122.029,37.9738,-122.267,37.8288,17.5433,28.2272,16.3933,26.3768,1.07015,26.8559,27.7177,20,"LINESTRING(-122.029126 37.973773,-122.029226 37.973673,-122.056115 37.928363,-122.067479 37.905712,-122.124744 37.893120,-122.183817 37.878403,-122.251371 37.844695,-122.267263 37.828714,-122.267163 37.828814)"
14_29_transit,transit,14,29,-122.029,37.9738,-122.402,37.7892,26.604,42.8059,23.9857,38.593,1.10916,44.8609,47.9222,61,"LINESTRING(-122.029126 37.973773,-122.029226 37.973673,-122.056115 37.928363,-122.067479 37.905712,-122.124744 37.893120,-122.183817 37.878403,-122.251371 37.844695,-122.267263 37.828714,-122.268822 37.807960,-122.271689 37.803371,-122.295244 37.804823,-122.397180 37.792689,-122.401742 37.789113,-122.401642 37.789213)"
14_33_transit,transit,14,33,-122.029,37.9738,-122.184,37.8785,11.7788,18.9521,10.692,17.2034,1.10164,17.8537,18.2664,3,"LINESTRING(-122.029126 37.973773,-122.029226 37.973673,-122.056115 37.928363,-122.067479 37.905712,-122.124744 37.893120,-122.183817 37.878403,-122.183717 37.878503)"
14_34_transit,transit,14,34,-122.029,37.9738,-121.889,38.0169,9.59438,15.4374,8.18991,13.1776,1.17149,23.8524,23.8524,1,"LINESTRING(-122.029126 37.973773,-122.029226 37.973673,-122.024661 38.003307,-121.944348 38.018850,-121.889111 38.016773,-121.889011 38.016873)"
14_35_transit,transit,14,35,-122.029,37.9738,-122.056,37.9285,3.47478,5.59092,3.45647,5.56147,1.0053,5.85064,5.94818,7,"LINESTRING(-122.029126 37.973773,-122.029226 37.973673,-122.056115 37.928363,-122.056015 37.928463)"
14_36_transit,transit,14,36,-122.029,37.9738,-121.944,38.0189,6.58359,10.593,5.57696,8.97333,1.1805,9.85144,9.85144,6,"LINESTRING(-122.029126 37.973773,-122.029226 37.973673,-122.024661 38.003307,-121.944348 38.018850,-121.944248 38.018950)"
14_38_transit,transit,14,38,-122.029,37.9738,-122.407,37.7846,27.0491,43.522,24.4196,39.2912,1.10768,46.862,49.9412,25,"LINESTRING(-122.029126 37.973773,-122.029226 37.973673,-122.056115 37.928363,-122.067479 37.905712,-122.124744 37.893120,-122.183817 37.878403,-122.251371 37.844695,-122.267263 37.828714,-122.268822 37.807960,-122.271689 37.803371,-122.295244 37.804823,-122.397180 37.792689,-122.401742 37.789113,-122.407487 37.784545,-122.407387 37.784645)"
14_40_transit,transit,14,40,-122.029,37.9738,-122.251,37.8448,16.139,25.9677,15.0356,24.1923,1.07339,23.8548,24.5379,12,"LINESTRING(-122.029126 37.973773,-122.029226 37.973673,-122.056115 37.928363,-122.067479 37.905712,-122.124744 37.893120,-122.183817 37.878403,-122.251371 37.844695,-122.251271 37.844795)"
14_42_transit,transit,14,42,-122.029,37.9738,-122.416,37.6377,39.4625,63.4952,31.4016,50.5252,1.2567,72.8713,75.9587,4,"LINESTRING(-122.029126 37.973773,-122.029226 37.973673,-122.056115 37.928363,-122.067479 37.905712,-122.124744 37.893120,-122.183817 37.878403,-122.251371 37.844695,-122.267263 37.828714,-122.268822 37.807960,-122.271689 37.803371,-122.295244 37.804823,-122.397180 37.792689,-122.401742 37.789113,-122.407487 37.784545,-122.413979 37.779350,-122.419855 37.765076,-122.418618 37.752322,-122.433657 37.733169,-122.447610 37.721658,-122.469094 37.706204,-122.466267 37.684542,-122.444354 37.664337,-122.416484 37.637620,-122.416384 37.637720)"
14_43_transit,transit,14,43,-122.029,37.9738,-122.392,37.616,41.4737,66.7312,31.675,50.965,1.30935,77.8723,80.9598,8,"LINESTRING(-122.029126 37.973773,-122.029226 37.973673,-122.056115 37.928363,-122.067479 37.905712,-122.124744 37.893120,-122.183817 37.878403,-122.251371 37.844695,-122.267263 37.828714,-122.268822 37.807960,-122.271689 37.803371,-122.295244 37.804823,-122.397180 37.792689,-122.401742 37.789113,-122.407487 37.784545,-122.413979 37.779350,-122.419855 37.765076,-122.418618 37.752322,-122.433657 37.733169,-122.447610 37.721658,-122.469094 37.706204,-122.466267 37.684542,-122.444354 37.664337,-122.416484 37.637620,-122.391995 37.615923,-122.391895 37.616023)"
14_48_transit,transit,14,48,-122.029,37.9738,-122.067,37.9058,5.15829,8.2997,5.13757,8.26635,1.00403,8.85169,9.02371,23,"LINESTRING(-122.029126 37.973773,-122.029226 37.973673,-122.056115 37.928363,-122.067479 37.905712,-122.067379 37.905812)"
14_50_transit,transit,14,50,-122.029,37.9738,-122.295,37.8049,20.6239,33.1838,18.6151,29.9517,1.10791,36.8589,38.6505,3,"LINESTRING(-122.029126 37.973773,-122.029226 37.973673,-122.056115 37.928363,-122.067479 37.905712,-122.124744 37.893120,-122.183817 37.878403,-122.251371 37.844695,-122.267263 37.828714,-122.268822 37.807960,-122.271689 37.803371,-122.295244 37.804823,-122.295144 37.804923)"
15_1_transit,transit,15,1,-122.469,37.7063,-122.272,37.8035,14.4065,23.18,12.703,20.4391,1.1341,29.8605,29.8895,21,"LINESTRING(-122.468994 37.706304,-122.469094 37.706204,-122.447610 37.721658,-122.433657 37.733169,-122.418618 37.752322,-122.419855 37.765076,-122.413979 37.779350,-122.407487 37.784545,-122.401742 37.789113,-122.397180 37.792689,-122.295244 37.804823,-122.271689 37.803371,-122.271589 37.803471)"
15_2_transit,transit,15,2,-122.469,37.7063,-122.42,37.7652,5.14916,8.28501,4.87701,7.84711,1.0558,10.8546,10.8924,31,"LINESTRING(-122.468994 37.706304,-122.469094 37.706204,-122.447610 37.721658,-122.433657 37.733169,-122.418618 37.752322,-122.419855 37.765076,-122.419755 37.765176)"
15_3_transit,transit,15,3,-122.469,37.7063,-122.269,37.8081,14.7601,23.749,13.0046,20.9244,1.13499,31.8615,31.8822,9,"LINESTRING(-122.468994 37.706304,-122.469094 37.706204,-122.447610 37.721658,-122.433657 37.733169,-122.418618 37.752322,-122.419855 37.765076,-122.413979 37.779350,-122.407487 37.784545,-122.401742 37.789113,-122.397180 37.792689,-122.295244 37.804823,-122.271689 37.803371,-122.268822 37.807960,-122.268722 37.808060)"
15_4_transit,transit,15,4,-122.469,37.7063,-122.419,37.7524,4.26517,6.86266,4.21453,6.78118,1.01202,8.85362,8.88115,21,"LINESTRING(-122.468994 37.706304,-122.469094 37.706204,-122.447610 37.721658,-122.433657 37.733169,-122.418618 37.752322,-122.418518 37.752422)"
15_6_transit,transit,15,6,-122.469,37.7063,-122.27,37.8531,17.8791,28.7674,14.8735,23.9315,1.20207,39.8634,40.2405,2,"LINESTRING(-122.468994 37.706304,-122.469094 37.706204,-122.447610 37.721658,-122.433657 37.733169,-122.418618 37.752322,-122.419855 37.765076,-122.413979 37.779350,-122.407487 37.784545,-122.401742 37.789113,-122.397180 37.792689,-122.295244 37.804823,-122.271689 37.803371,-122.268822 37.807960,-122.267263 37.828714,-122.269850 37.852969,-122.269750 37.853069)"
15_7_transit,transit,15,7,-122.469,37.7063,-122.448,37.7218,1.60511,2.58263,1.58717,2.55375,1.01131,3.85169,3.85624,13,"LINESTRING(-122.468994 37.706304,-122.469094 37.706204,-122.447610 37.721658,-122.447510 37.721758)"
15_8_transit,transit,15,8,-122.469,37.7063,-122.126,37.6969,25.153,40.4712,18.7383,30.1499,1.34233,45.8647,46.0706,1,"LINESTRING(-122.468994 37.706304,-122.469094 37.706204,-122.447610 37.721658,-122.433657 37.733169,-122.418618 37.752322,-122.419855 37.765076,-122.413979 37.779350,-122.407487 37.784545,-122.401742 37.789113,-122.397180 37.792689,-122.295244 37.804823,-122.265332 37.797257,-122.224167 37.774773,-122.196798 37.753504,-122.160813 37.721706,-122.126531 37.696838,-122.126431 37.696938)"
15_11_transit,transit,15,11,-122.469,37.7063,-122.414,37.7794,6.18652,9.95411,5.88308,9.46587,1.05158,12.8556,13.0402,129,"LINESTRING(-122.468994 37.706304,-122.469094 37.706204,-122.447610 37.721658,-122.433657 37.733169,-122.418618 37.752322,-122.419855 37.765076,-122.413979 37.779350,-122.413879 37.779450)"
15_13_transit,transit,15,13,-122.469,37.7063,-122.197,37.7536,19.6611,31.6347,15.2348,24.5127,1.29054,38.8626,39.063,6,"LINESTRING(-122.468994 37.706304,-122.469094 37.706204,-122.447610 37.721658,-122.433657 37.733169,-122.418618 37.752322,-122.419855 37.765076,-122.413979 37.779350,-122.407487 37.784545,-122.401742 37.789113,-122.397180 37.792689,-122.295244 37.804823,-122.265332 37.797257,-122.224167 37.774773,-122.196798 37.753504,-122.196698 37.753604)"
15_14_transit,transit,15,14,-122.469,37.7063,-122.029,37.9738,33.7226,54.2597,30.292,48.7397,1.11325,60.8681,60.8972,1,"LINESTRING(-122.468994 37.706304,-122.469094 37.706204,-122.447610 37.721658,-122.433657 37.733169,-122.418618 37.752322,-122.419855 37.765076,-122.413979 37.779350,-122.407487 37.784545,-122.401742 37.789113,-122.397180 37.792689,-122.295244 37.804823,-122.271689 37.803371,-122.268822 37.807960,-122.267263 37.828714,-122.251371 37.844695,-122.183817 37.878403,-122.124744 37.893120,-122.067479 37.905712,-122.056115 37.928363,-122.029226 37.973673,-122.029126 37.973773)"
15_16_transit,transit,15,16,-122.469,37.7063,-122.268,37.8701,19.0607,30.6687,15.7628,25.3624,1.20922,41.8644,42.242,6,"LINESTRING(-122.468994 37.706304,-122.469094 37.706204,-122.447610 37.721658,-122.433657 37.733169,-122.418618 37.752322,-122.419855 37.765076,-122.413979 37.779350,-122.407487 37.784545,-122.401742 37.789113,-122.397180 37.792689,-122.295244 37.804823,-122.271689 37.803371,-122.268822 37.807960,-122.267263 37.828714,-122.269850 37.852969,-122.268178 37.870017,-122.268078 37.870117)"
15_17_transit,transit,15,17,-122.469,37.7063,-122.317,37.9252,23.9344,38.5105,17.2542,27.762,1.38716,49.8672,50.2449,2,"LINESTRING(-122.468994 37.706304,-122.469094 37.706204,-122.447610 37.721658,-122.433657 37.733169,-122.418618 37.752322,-122.419855 37.765076,-122.413979 37.779350,-122.407487 37.784545,-122.401742 37.789113,-122.397180 37.792689,-122.295244 37.804823,-122.271689 37.803371,-122.268822 37.807960,-122.267263 37.828714,-122.269850 37.852969,-122.268178 37.870017,-122.283608 37.873932,-122.298995 37.902533,-122.316968 37.925105,-122.316868 37.925205)"
15_18_transit,transit,15,18,-122.469,37.7063,-121.899,37.7017,37.6384,60.5602,31.1476,50.1165,1.20839,63.8677,63.9236,2,"LINESTRING(-122.468994 37.706304,-122.469094 37.706204,-122.447610 37.721658,-122.433657 37.733169,-122.418618 37.752322,-122.419855 37.765076,-122.413979 37.779350,-122.407487 37.784545,-122.401742 37.789113,-122.397180 37.792689,-122.295244 37.804823,-122.265332 37.797257,-122.224167 37.774773,-122.196798 37.753504,-122.160813 37.721706,-122.126531 37.696838,-122.075715 37.690676,-121.928401 37.699660,-121.899342 37.701592,-121.899242 37.701692)"
15_19_transit,transit,15,19,-122.469,37.7063,-122.397,37.7928,7.48714,12.0468,7.15147,11.5067,1.04694,17.8585,18.0542,118,"LINESTRING(-122.468994 37.706304,-122.469094 37.706204,-122.447610 37.721658,-122.433657 37.733169,-122.418618 37.752322,-122.419855 37.765076,-122.413979 37.779350,-122.407487 37.784545,-122.401742 37.789113,-122.397180 37.792689,-122.397080 37.792789)"
15_21_transit,transit,15,21,-122.469,37.7063,-122.224,37.7749,17.5644,28.261,14.1964,22.842,1.23724,34.8616,35.0606,1,"LINESTRING(-122.468994 37.706304,-122.469094 37.706204,-122.447610 37.721658,-122.433657 37.733169,-122.418618 37.752322,-122.419855 37.765076,-122.413979 37.779350,-122.407487 37.784545,-122.401742 37.789113,-122.397180 37.792689,-122.295244 37.804823,-122.265332 37.797257,-122.224167 37.774773,-122.224067 37.774873)"
15_22_transit,transit,15,22,-122.469,37.7063,-122.434,37.7333,2.70715,4.3558,2.68744,4.3241,1.00733,5.85266,5.89788,7,"LINESTRING(-122.468994 37.706304,-122.469094 37.706204,-122.447610 37.721658,-122.433657 37.733169,-122.433557 37.733269)"
15_25_transit,transit,15,25,-122.469,37.7063,-122.265,37.7974,14.8314,23.8637,12.7864,20.5734,1.15993,30.8605,31.0585,2,"LINESTRING(-122.468994 37.706304,-122.469094 37.706204,-122.447610 37.721658,-122.433657 37.733169,-122.418618 37.752322,-122.419855 37.765076,-122.413979 37.779350,-122.407487 37.784545,-122.401742 37.789113,-122.397180 37.792689,-122.295244 37.804823,-122.265332 37.797257,-122.265232 37.797357)"
15_26_transit,transit,15,26,-122.469,37.7063,-122.267,37.8288,16.1969,26.0608,13.8988,22.3631,1.16535,35.8624,35.8832,5,"LINESTRING(-122.468994 37.706304,-122.469094 37.706204,-122.447610 37.721658,-122.433657 37.733169,-122.418618 37.752322,-122.419855 37.765076,-122.413979 37.779350,-122.407487 37.784545,-122.401742 37.789113,-122.397180 37.792689,-122.295244 37.804823,-122.271689 37.803371,-122.268822 37.807960,-122.267263 37.828714,-122.267163 37.828814)"
15_27_transit,transit,15,27,-122.469,37.7063,-122.387,37.6002,8.89675,14.3149,8.59906,13.8359,1.03462,20.856,20.8589,15,"LINESTRING(-122.468994 37.706304,-122.469094 37.706204,-122.466267 37.684542,-122.444354 37.664337,-122.416484 37.637620,-122.391995 37.615923,-122.386940 37.600099,-122.386840 37.600199)"
15_28_transit,transit,15,28,-122.469,37.7063,-121.891,37.4098,49.1257,79.0433,37.7167,60.6861,1.30249,79.8714,80.0882,1,"LINESTRING(-122.468994 37.706304,-122.469094 37.706204,-122.447610 37.721658,-122.433657 37.733169,-122.418618 37.752322,-122.419855 37.765076,-122.413979 37.779350,-122.407487 37.784545,-122.401742 37.789113,-122.397180 37.792689,-122.295244 37.804823,-122.265332 37.797257,-122.224167 37.774773,-122.196798 37.753504,-122.160813 37.721706,-122.126531 37.696838,-122.087041 37.669631,-122.057258 37.634263,-122.017330 37.590665,-121.976705 37.557413,-121.939458 37.502207,-121.890903 37.409736,-121.890803 37.409836)"
15_29_transit,transit,15,29,-122.469,37.7063,-122.402,37.7892,7.13622,11.4822,6.80853,10.9549,1.04813,16.8575,16.9084,142,"LINESTRING(-122.468994 37.706304,-122.469094 37.706204,-122.447610 37.721658,-122.433657 37.733169,-122.418618 37.752322,-122.419855 37.765076,-122.413979 37.779350,-122.407487 37.784545,-122.401742 37.789113,-122.401642 37.789213)"
15_30_transit,transit,15,30,-122.469,37.7063,-122.284,37.874,19.9449,32.0914,15.3909,24.764,1.29589,43.8653,44.243,2,"LINESTRING(-122.468994 37.706304,-122.469094 37.706204,-122.447610 37.721658,-122.433657 37.733169,-122.418618 37.752322,-122.419855 37.765076,-122.413979 37.779350,-122.407487 37.784545,-122.401742 37.789113,-122.397180 37.792689,-122.295244 37.804823,-122.271689 37.803371,-122.268822 37.807960,-122.267263 37.828714,-122.269850 37.852969,-122.268178 37.870017,-122.283608 37.873932,-122.283508 37.874032)"
15_38_transit,transit,15,38,-122.469,37.7063,-122.407,37.7846,6.69113,10.766,6.37408,10.2559,1.04974,14.8565,14.9066,94,"LINESTRING(-122.468994 37.706304,-122.469094 37.706204,-122.447610 37.721658,-122.433657 37.733169,-122.418618 37.752322,-122.419855 37.765076,-122.413979 37.779350,-122.407487 37.784545,-122.407387 37.784645)"
15_39_transit,transit,15,39,-122.469,37.7063,-122.353,37.9368,26.0608,41.9318,17.1377,27.5745,1.52067,54.8682,55.2459,2,"LINESTRING(-122.468994 37.706304,-122.469094 37.706204,-122.447610 37.721658,-122.433657 37.733169,-122.418618 37.752322,-122.419855 37.765076,-122.413979 37.779350,-122.407487 37.784545,-122.401742 37.789113,-122.397180 37.792689,-122.295244 37.804823,-122.271689 37.803371,-122.268822 37.807960,-122.267263 37.828714,-122.269850 37.852969,-122.268178 37.870017,-122.283608 37.873932,-122.298995 37.902533,-122.316968 37.925105,-122.353104 37.936695,-122.353004 37.936795)"
15_40_transit,transit,15,40,-122.469,37.7063,-122.251,37.8448,17.6012,28.3204,15.2627,24.5576,1.15322,38.8634,38.8842,2,"LINESTRING(-122.468994 37.706304,-122.469094 37.706204,-122.447610 37.721658,-122.433657 37.733169,-122.418618 37.752322,-122.419855 37.765076,-122.413979 37.779350,-122.407487 37.784545,-122.401742 37.789113,-122.397180 37.792689,-122.295244 37.804823,-122.271689 37.803371,-122.268822 37.807960,-122.267263 37.828714,-122.251371 37.844695,-122.251271 37.844795)"
15_41_transit,transit,15,41,-122.469,37.7063,-122.161,37.7218,22.6101,36.3797,16.8842,27.1666,1.33913,42.8637,43.0664,2,"LINESTRING(-122.468994 37.706304,-122.469094 37.706204,-122.447610 37.721658,-122.433657 37.733169,-122.418618 37.752322,-122.419855 37.765076,-122.413979 37.779350,-122.407487 37.784545,-122.401742 37.789113,-122.397180 37.792689,-122.295244 37.804823,-122.265332 37.797257,-122.224167 37.774773,-122.196798 37.753504,-122.160813 37.721706,-122.160713 37.721806)"
15_42_transit,transit,15,42,-122.469,37.7063,-122.416,37.6377,5.75751,9.26383,5.54384,8.92003,1.03854,11.8539,11.854,6,"LINESTRING(-122.468994 37.706304,-122.469094 37.706204,-122.466267 37.684542,-122.444354 37.664337,-122.416484 37.637620,-122.416384 37.637720)"
15_43_transit,transit,15,43,-122.469,37.7063,-122.392,37.616,7.76871,12.4999,7.52963,12.1152,1.03175,16.8549,16.8551,23,"LINESTRING(-122.468994 37.706304,-122.469094 37.706204,-122.466267 37.684542,-122.444354 37.664337,-122.416484 37.637620,-122.391995 37.615923,-122.391895 37.616023)"
15_45_transit,transit,15,45,-122.469,37.7063,-122.444,37.6644,3.36283,5.41079,3.19344,5.13825,1.05304,8.85281,8.85295,4,"LINESTRING(-122.468994 37.706304,-122.469094 37.706204,-122.466267 37.684542,-122.444354 37.664337,-122.444254 37.664437)"
15_47_transit,transit,15,47,-122.469,37.7063,-121.939,37.5023,42.2023,67.9035,32.2366,51.8686,1.30914,70.8702,71.0868,1,"LINESTRING(-122.468994 37.706304,-122.469094 37.706204,-122.447610 37.721658,-122.433657 37.733169,-122.418618 37.752322,-122.419855 37.765076,-122.413979 37.779350,-122.407487 37.784545,-122.401742 37.789113,-122.397180 37.792689,-122.295244 37.804823,-122.265332 37.797257,-122.224167 37.774773,-122.196798 37.753504,-122.160813 37.721706,-122.126531 37.696838,-122.087041 37.669631,-122.057258 37.634263,-122.017330 37.590665,-121.976705 37.557413,-121.939458 37.502207,-121.939358 37.502307)"
15_48_transit,transit,15,48,-122.469,37.7063,-122.067,37.9058,28.5819,45.9883,25.8978,41.6696,1.10364,52.8663,52.8954,2,"LINESTRING(-122.468994 37.706304,-122.469094 37.706204,-122.447610 37.721658,-122.433657 37.733169,-122.418618 37.752322,-122.419855 37.765076,-122.413979 37.779350,-122.407487 37.784545,-122.401742 37.789113,-122.397180 37.792689,-122.295244 37.804823,-122.271689 37.803371,-122.268822 37.807960,-122.267263 37.828714,-122.251371 37.844695,-122.183817 37.878403,-122.124744 37.893120,-122.067479 37.905712,-122.067379 37.905812)"
15_49_transit,transit,15,49,-122.469,37.7063,-121.928,37.6998,36.0439,57.9946,29.5613,47.5641,1.21929,60.8667,60.9226,2,"LINESTRING(-122.468994 37.706304,-122.469094 37.706204,-122.447610 37.721658,-122.433657 37.733169,-122.418618 37.752322,-122.419855 37.765076,-122.413979 37.779350,-122.407487 37.784545,-122.401742 37.789113,-122.397180 37.792689,-122.295244 37.804823,-122.265332 37.797257,-122.224167 37.774773,-122.196798 37.753504,-122.160813 37.721706,-122.126531 37.696838,-122.075715 37.690676,-121.928401 37.699660,-121.928301 37.699760)"
15_50_transit,transit,15,50,-122.469,37.7063,-122.295,37.8049,13.1164,21.1042,11.6886,18.807,1.12215,24.8595,25.0564,2,"LINESTRING(-122.468994 37.706304,-122.469094 37.706204,-122.447610 37.721658,-122.433657 37.733169,-122.418618 37.752322,-122.419855 37.765076,-122.413979 37.779350,-122.407487 37.784545,-122.401742 37.789113,-122.397180 37.792689,-122.295244 37.804823,-122.295144 37.804923)"
16_1_transit,transit,16,1,-122.268,37.8701,-122.272,37.8035,4.67191,7.5171,4.60883,7.41561,1.01369,11.8541,19.9296,9,"LINESTRING(-122.268078 37.870117,-122.268178 37.870017,-122.269850 37.852969,-122.267263 37.828714,-122.268822 37.807960,-122.271689 37.803371,-122.271589 37.803471)"
16_2_transit,transit,16,2,-122.268,37.8701,-122.42,37.7652,13.9292,22.4121,11.0051,17.7073,1.2657,30.8602,47.2091,5,"LINESTRING(-122.268078 37.870117,-122.268178 37.870017,-122.269850 37.852969,-122.267263 37.828714,-122.268822 37.807960,-122.271689 37.803371,-122.295244 37.804823,-122.397180 37.792689,-122.401742 37.789113,-122.407487 37.784545,-122.413979 37.779350,-122.419855 37.765076,-122.419755 37.765176)"
16_3_transit,transit,16,3,-122.268,37.8701,-122.269,37.8081,4.31824,6.94805,4.28792,6.89926,1.00707,9.85313,16.4406,10,"LINESTRING(-122.268078 37.870117,-122.268178 37.870017,-122.269850 37.852969,-122.267263 37.828714,-122.268822 37.807960,-122.268722 37.808060)"
16_4_transit,transit,16,4,-122.268,37.8701,-122.419,37.7524,14.8132,23.8344,11.5571,18.5954,1.28174,32.8613,49.2121,4,"LINESTRING(-122.268078 37.870117,-122.268178 37.870017,-122.269850 37.852969,-122.267263 37.828714,-122.268822 37.807960,-122.271689 37.803371,-122.295244 37.804823,-122.397180 37.792689,-122.401742 37.789113,-122.407487 37.784545,-122.413979 37.779350,-122.419855 37.765076,-122.418618 37.752322,-122.418518 37.752422)"
16_6_transit,transit,16,6,-122.268,37.8701,-122.27,37.8531,1.19929,1.92966,1.18144,1.90094,1.01511,2.85103,2.8598,4,"LINESTRING(-122.268078 37.870117,-122.268178 37.870017,-122.269850 37.852969,-122.269750 37.853069)"
16_7_transit,transit,16,7,-122.268,37.8701,-122.448,37.7218,17.4733,28.1145,14.1793,22.8144,1.23231,37.8633,54.2153,2,"LINESTRING(-122.268078 37.870117,-122.268178 37.870017,-122.269850 37.852969,-122.267263 37.828714,-122.268822 37.807960,-122.271689 37.803371,-122.295244 37.804823,-122.397180 37.792689,-122.401742 37.789113,-122.407487 37.784545,-122.413979 37.779350,-122.419855 37.765076,-122.418618 37.752322,-122.433657 37.733169,-122.447610 37.721658,-122.447510 37.721758)"
16_9_transit,transit,16,9,-122.268,37.8701,-121.875,37.3685,42.5044,68.3896,40.8024,65.651,1.04172,70.8671,70.9342,1,"LINESTRING(-122.268078 37.870117,-122.268178 37.870017,-122.269850 37.852969,-122.267263 37.828714,-122.268822 37.807960,-122.271689 37.803371,-122.265332 37.797257,-122.224167 37.774773,-122.196798 37.753504,-122.160813 37.721706,-122.126531 37.696838,-122.087041 37.669631,-122.057258 37.634263,-122.017330 37.590665,-121.976705 37.557413,-121.939458 37.502207,-121.890903 37.409736,-121.874761 37.368395,-121.874661 37.368495)"
16_11_transit,transit,16,11,-122.268,37.8701,-122.414,37.7794,12.8918,20.743,10.1274,16.295,1.27297,28.8592,45.2023,18,"LINESTRING(-122.268078 37.870117,-122.268178 37.870017,-122.269850 37.852969,-122.267263 37.828714,-122.268822 37.807960,-122.271689 37.803371,-122.295244 37.804823,-122.397180 37.792689,-122.401742 37.789113,-122.407487 37.784545,-122.413979 37.779350,-122.413879 37.779450)"
16_13_transit,transit,16,13,-122.268,37.8701,-122.197,37.7536,10.0484,16.1679,8.94371,14.3904,1.12352,23.8573,23.91,1,"LINESTRING(-122.268078 37.870117,-122.268178 37.870017,-122.269850 37.852969,-122.267263 37.828714,-122.268822 37.807960,-122.271689 37.803371,-122.265332 37.797257,-122.224167 37.774773,-122.196798 37.753504,-122.196698 37.753604)"
16_15_transit,transit,16,15,-122.268,37.8701,-122.469,37.7063,19.0607,30.6687,15.7628,25.3624,1.20922,41.8644,58.2172,1,"LINESTRING(-122.268078 37.870117,-122.268178 37.870017,-122.269850 37.852969,-122.267263 37.828714,-122.268822 37.807960,-122.271689 37.803371,-122.295244 37.804823,-122.397180 37.792689,-122.401742 37.789113,-122.407487 37.784545,-122.413979 37.779350,-122.419855 37.765076,-122.418618 37.752322,-122.433657 37.733169,-122.447610 37.721658,-122.469094 37.706204,-122.468994 37.706304)"
16_17_transit,transit,16,17,-122.268,37.8701,-122.317,37.9252,4.89127,7.87006,4.64371,7.47173,1.05331,8.85287,8.85288,2,"LINESTRING(-122.268078 37.870117,-122.268178 37.870017,-122.283608 37.873932,-122.298995 37.902533,-122.316968 37.925105,-122.316868 37.925205)"
16_19_transit,transit,16,19,-122.268,37.8701,-122.397,37.7928,11.5912,18.6503,8.83778,14.22,1.31155,23.8562,39.7788,22,"LINESTRING(-122.268078 37.870117,-122.268178 37.870017,-122.269850 37.852969,-122.267263 37.828714,-122.268822 37.807960,-122.271689 37.803371,-122.295244 37.804823,-122.397180 37.792689,-122.397080 37.792789)"
16_21_transit,transit,16,21,-122.268,37.8701,-122.224,37.7749,7.95172,12.7943,7.00548,11.2718,1.13507,20.8562,20.9057,1,"LINESTRING(-122.268078 37.870117,-122.268178 37.870017,-122.269850 37.852969,-122.267263 37.828714,-122.268822 37.807960,-122.271689 37.803371,-122.265332 37.797257,-122.224167 37.774773,-122.224067 37.774873)"
16_23_transit,transit,16,23,-122.268,37.8701,-122.087,37.6697,18.404,29.612,17.0168,27.3801,1.08152,36.8604,36.9201,2,"LINESTRING(-122.268078 37.870117,-122.268178 37.870017,-122.269850 37.852969,-122.267263 37.828714,-122.268822 37.807960,-122.271689 37.803371,-122.265332 37.797257,-122.224167 37.774773,-122.196798 37.753504,-122.160813 37.721706,-122.126531 37.696838,-122.087041 37.669631,-122.086941 37.669731)"
16_25_transit,transit,16,25,-122.268,37.8701,-122.265,37.7974,5.21874,8.39696,5.02968,8.09276,1.03759,16.8552,16.8996,1,"LINESTRING(-122.268078 37.870117,-122.268178 37.870017,-122.269850 37.852969,-122.267263 37.828714,-122.268822 37.807960,-122.271689 37.803371,-122.265332 37.797257,-122.265232 37.797357)"
16_26_transit,transit,16,26,-122.268,37.8701,-122.267,37.8288,2.88144,4.63624,2.85423,4.59246,1.00953,5.85209,5.87086,3,"LINESTRING(-122.268078 37.870117,-122.268178 37.870017,-122.269850 37.852969,-122.267263 37.828714,-122.267163 37.828814)"
16_27_transit,transit,16,27,-122.268,37.8701,-122.387,37.6002,27.9399,44.9553,19.7466,31.7722,1.41492,61.8696,78.2253,5,"LINESTRING(-122.268078 37.870117,-122.268178 37.870017,-122.269850 37.852969,-122.267263 37.828714,-122.268822 37.807960,-122.271689 37.803371,-122.295244 37.804823,-122.397180 37.792689,-122.401742 37.789113,-122.407487 37.784545,-122.413979 37.779350,-122.419855 37.765076,-122.418618 37.752322,-122.433657 37.733169,-122.447610 37.721658,-122.469094 37.706204,-122.466267 37.684542,-122.444354 37.664337,-122.416484 37.637620,-122.391995 37.615923,-122.386940 37.600099,-122.386840 37.600199)"
16_28_transit,transit,16,28,-122.268,37.8701,-121.891,37.4098,39.5131,63.5766,37.9143,61.0041,1.04217,65.866,65.9331,1,"LINESTRING(-122.268078 37.870117,-122.268178 37.870017,-122.269850 37.852969,-122.267263 37.828714,-122.268822 37.807960,-122.271689 37.803371,-122.265332 37.797257,-122.224167 37.774773,-122.196798 37.753504,-122.160813 37.721706,-122.126531 37.696838,-122.087041 37.669631,-122.057258 37.634263,-122.017330 37.590665,-121.976705 37.557413,-121.939458 37.502207,-121.890903 37.409736,-121.890803 37.409836)"
16_29_transit,transit,16,29,-122.268,37.8701,-122.402,37.7892,11.9421,19.2149,9.18572,14.7798,1.30008,24.8572,41.0208,27,"LINESTRING(-122.268078 37.870117,-122.268178 37.870017,-122.269850 37.852969,-122.267263 37.828714,-122.268822 37.807960,-122.271689 37.803371,-122.295244 37.804823,-122.397180 37.792689,-122.401742 37.789113,-122.401642 37.789213)"
16_37_transit,transit,16,37,-122.268,37.8701,-122.299,37.9026,3.04911,4.90603,2.80562,4.51425,1.08679,5.85192,5.85193,3,"LINESTRING(-122.268078 37.870117,-122.268178 37.870017,-122.283608 37.873932,-122.298995 37.902533,-122.298895 37.902633)"
16_38_transit,transit,16,38,-122.268,37.8701,-122.407,37.7846,12.3872,19.9311,9.62695,15.4898,1.28672,26.8582,43.1542,11,"LINESTRING(-122.268078 37.870117,-122.268178 37.870017,-122.269850 37.852969,-122.267263 37.828714,-122.268822 37.807960,-122.271689 37.803371,-122.295244 37.804823,-122.397180 37.792689,-122.401742 37.789113,-122.407487 37.784545,-122.407387 37.784645)"
16_39_transit,transit,16,39,-122.268,37.8701,-122.353,37.9368,7.01764,11.2914,6.53163,10.5094,1.07441,13.8538,13.8539,3,"LINESTRING(-122.268078 37.870117,-122.268178 37.870017,-122.283608 37.873932,-122.298995 37.902533,-122.316968 37.925105,-122.353104 37.936695,-122.353004 37.936795)"
16_41_transit,transit,16,41,-122.268,37.8701,-122.161,37.7218,12.9975,20.9129,11.8056,18.9952,1.10096,28.8583,28.9129,2,"LINESTRING(-122.268078 37.870117,-122.268178 37.870017,-122.269850 37.852969,-122.267263 37.828714,-122.268822 37.807960,-122.271689 37.803371,-122.265332 37.797257,-122.224167 37.774773,-122.196798 37.753504,-122.160813 37.721706,-122.160713 37.721806)"
16_42_transit,transit,16,42,-122.268,37.8701,-122.416,37.6377,24.8006,39.9042,17.9854,28.9385,1.37893,52.8675,69.2224,1,"LINESTRING(-122.268078 37.870117,-122.268178 37.870017,-122.269850 37.852969,-122.267263 37.828714,-122.268822 37.807960,-122.271689 37.803371,-122.295244 37.804823,-122.397180 37.792689,-122.401742 37.789113,-122.407487 37.784545,-122.413979 37.779350,-122.419855 37.765076,-122.418618 37.752322,-122.433657 37.733169,-122.447610 37.721658,-122.469094 37.706204,-122.466267 37.684542,-122.444354 37.664337,-122.416484 37.637620,-122.416384 37.637720)"
16_43_transit,transit,16,43,-122.268,37.8701,-122.392,37.616,26.8118,43.1402,18.8147,30.2728,1.42505,57.8686,74.224,7,"LINESTRING(-122.268078 37.870117,-122.268178 37.870017,-122.269850 37.852969,-122.267263 37.828714,-122.268822 37.807960,-122.271689 37.803371,-122.295244 37.804823,-122.397180 37.792689,-122.401742 37.789113,-122.407487 37.784545,-122.413979 37.779350,-122.419855 37.765076,-122.418618 37.752322,-122.433657 37.733169,-122.447610 37.721658,-122.469094 37.706204,-122.466267 37.684542,-122.444354 37.664337,-122.416484 37.637620,-122.391995 37.615923,-122.391895 37.616023)"
16_44_transit,transit,16,44,-122.268,37.8701,-122.057,37.6344,21.3416,34.3387,19.9527,32.1038,1.06961,40.8615,40.924,1,"LINESTRING(-122.268078 37.870117,-122.268178 37.870017,-122.269850 37.852969,-122.267263 37.828714,-122.268822 37.807960,-122.271689 37.803371,-122.265332 37.797257,-122.224167 37.774773,-122.196798 37.753504,-122.160813 37.721706,-122.126531 37.696838,-122.087041 37.669631,-122.057258 37.634263,-122.057158 37.634363)"
16_46_transit,transit,16,46,-122.268,37.8701,-122.017,37.5908,25.064,40.3279,23.674,38.0914,1.05871,45.8626,45.9284,1,"LINESTRING(-122.268078 37.870117,-122.268178 37.870017,-122.269850 37.852969,-122.267263 37.828714,-122.268822 37.807960,-122.271689 37.803371,-122.265332 37.797257,-122.224167 37.774773,-122.196798 37.753504,-122.160813 37.721706,-122.126531 37.696838,-122.087041 37.669631,-122.057258 37.634263,-122.017330 37.590665,-122.017230 37.590765)"
16_50_transit,transit,16,50,-122.268,37.8701,-122.295,37.8049,5.96199,9.59284,4.74046,7.62741,1.25768,16.8551,28.2563,3,"LINESTRING(-122.268078 37.870117,-122.268178 37.870017,-122.269850 37.852969,-122.267263 37.828714,-122.268822 37.807960,-122.271689 37.803371,-122.295244 37.804823,-122.295144 37.804923)"
17_1_transit,transit,17,1,-122.317,37.9252,-122.272,37.8035,9.54557,15.3588,8.76623,14.1049,1.0889,20.857,30.3813,43,"LINESTRING(-122.316868 37.925205,-122.316968 37.925105,-122.298995 37.902533,-122.283608 37.873932,-122.268178 37.870017,-122.269850 37.852969,-122.267263 37.828714,-122.268822 37.807960,-122.271689 37.803371,-122.271589 37.803471)"
17_2_transit,transit,17,2,-122.317,37.9252,-122.42,37.7652,18.8029,30.2538,12.4005,19.9524,1.5163,39.8631,57.6608,29,"LINESTRING(-122.316868 37.925205,-122.316968 37.925105,-122.298995 37.902533,-122.283608 37.873932,-122.268178 37.870017,-122.269850 37.852969,-122.267263 37.828714,-122.268822 37.807960,-122.271689 37.803371,-122.295244 37.804823,-122.397180 37.792689,-122.401742 37.789113,-122.407487 37.784545,-122.413979 37.779350,-122.419855 37.765076,-122.419755 37.765176)"
17_3_transit,transit,17,3,-122.317,37.9252,-122.269,37.8081,9.1919,14.7898,8.50941,13.6916,1.08021,18.856,26.8924,33,"LINESTRING(-122.316868 37.925205,-122.316968 37.925105,-122.298995 37.902533,-122.283608 37.873932,-122.268178 37.870017,-122.269850 37.852969,-122.267263 37.828714,-122.268822 37.807960,-122.268722 37.808060)"
17_4_transit,transit,17,4,-122.317,37.9252,-122.419,37.7524,19.6869,31.6762,13.1639,21.1807,1.49552,41.8641,59.6638,19,"LINESTRING(-122.316868 37.925205,-122.316968 37.925105,-122.298995 37.902533,-122.283608 37.873932,-122.268178 37.870017,-122.269850 37.852969,-122.267263 37.828714,-122.268822 37.807960,-122.271689 37.803371,-122.295244 37.804823,-122.397180 37.792689,-122.401742 37.789113,-122.407487 37.784545,-122.413979 37.779350,-122.419855 37.765076,-122.418618 37.752322,-122.418518 37.752422)"
17_6_transit,transit,17,6,-122.317,37.9252,-122.27,37.8531,6.07296,9.77139,5.60743,9.02236,1.08302,11.8539,11.9484,19,"LINESTRING(-122.316868 37.925205,-122.316968 37.925105,-122.298995 37.902533,-122.283608 37.873932,-122.268178 37.870017,-122.269850 37.852969,-122.269750 37.853069)"
17_7_transit,transit,17,7,-122.317,37.9252,-122.448,37.7218,22.3469,35.9562,15.7619,25.3609,1.41778,46.8662,64.667,5,"LINESTRING(-122.316868 37.925205,-122.316968 37.925105,-122.298995 37.902533,-122.283608 37.873932,-122.268178 37.870017,-122.269850 37.852969,-122.267263 37.828714,-122.268822 37.807960,-122.271689 37.803371,-122.295244 37.804823,-122.397180 37.792689,-122.401742 37.789113,-122.407487 37.784545,-122.413979 37.779350,-122.419855 37.765076,-122.418618 37.752322,-122.433657 37.733169,-122.447610 37.721658,-122.447510 37.721758)"
17_8_transit,transit,17,8,-122.317,37.9252,-122.126,37.6969,20.4141,32.8462,18.8896,30.3933,1.08071,41.8623,42.0044,1,"LINESTRING(-122.316868 37.925205,-122.316968 37.925105,-122.298995 37.902533,-122.283608 37.873932,-122.268178 37.870017,-122.269850 37.852969,-122.267263 37.828714,-122.268822 37.807960,-122.271689 37.803371,-122.265332 37.797257,-122.224167 37.774773,-122.196798 37.753504,-122.160813 37.721706,-122.126531 37.696838,-122.126431 37.696938)"
17_11_transit,transit,17,11,-122.317,37.9252,-122.414,37.7794,17.7655,28.5847,11.3768,18.3053,1.56155,37.8621,55.6541,70,"LINESTRING(-122.316868 37.925205,-122.316968 37.925105,-122.298995 37.902533,-122.283608 37.873932,-122.268178 37.870017,-122.269850 37.852969,-122.267263 37.828714,-122.268822 37.807960,-122.271689 37.803371,-122.295244 37.804823,-122.397180 37.792689,-122.401742 37.789113,-122.407487 37.784545,-122.413979 37.779350,-122.413879 37.779450)"
17_12_transit,transit,17,12,-122.317,37.9252,-122.466,37.6846,25.4394,40.932,18.5122,29.7862,1.37419,55.8683,73.6709,2,"LINESTRING(-122.316868 37.925205,-122.316968 37.925105,-122.298995 37.902533,-122.283608 37.873932,-122.268178 37.870017,-122.269850 37.852969,-122.267263 37.828714,-122.268822 37.807960,-122.271689 37.803371,-122.295244 37.804823,-122.397180 37.792689,-122.401742 37.789113,-122.407487 37.784545,-122.413979 37.779350,-122.419855 37.765076,-122.418618 37.752322,-122.433657 37.733169,-122.447610 37.721658,-122.469094 37.706204,-122.466267 37.684542,-122.466167 37.684642)"
17_13_transit,transit,17,13,-122.317,37.9252,-122.197,37.7536,14.9221,24.0097,13.549,21.8004,1.10134,32.8601,32.9986,7,"LINESTRING(-122.316868 37.925205,-122.316968 37.925105,-122.298995 37.902533,-122.283608 37.873932,-122.268178 37.870017,-122.269850 37.852969,-122.267263 37.828714,-122.268822 37.807960,-122.271689 37.803371,-122.265332 37.797257,-122.224167 37.774773,-122.196798 37.753504,-122.196698 37.753604)"
17_15_transit,transit,17,15,-122.317,37.9252,-122.469,37.7063,23.9344,38.5105,17.2542,27.762,1.38716,50.8672,68.6689,11,"LINESTRING(-122.316868 37.925205,-122.316968 37.925105,-122.298995 37.902533,-122.283608 37.873932,-122.268178 37.870017,-122.269850 37.852969,-122.267263 37.828714,-122.268822 37.807960,-122.271689 37.803371,-122.295244 37.804823,-122.397180 37.792689,-122.401742 37.789113,-122.407487 37.784545,-122.413979 37.779350,-122.419855 37.765076,-122.418618 37.752322,-122.433657 37.733169,-122.447610 37.721658,-122.469094 37.706204,-122.468994 37.706304)"
17_16_transit,transit,17,16,-122.317,37.9252,-122.268,37.8701,4.89127,7.87006,4.64371,7.47173,1.05331,9.85287,9.93861,63,"LINESTRING(-122.316868 37.925205,-122.316968 37.925105,-122.298995 37.902533,-122.283608 37.873932,-122.268178 37.870017,-122.268078 37.870117)"
17_19_transit,transit,17,19,-122.317,37.9252,-122.397,37.7928,16.4649,26.492,10.1417,16.318,1.62349,32.859,50.2305,65,"LINESTRING(-122.316868 37.925205,-122.316968 37.925105,-122.298995 37.902533,-122.283608 37.873932,-122.268178 37.870017,-122.269850 37.852969,-122.267263 37.828714,-122.268822 37.807960,-122.271689 37.803371,-122.295244 37.804823,-122.397180 37.792689,-122.397080 37.792789)"
17_20_transit,transit,17,20,-122.317,37.9252,-121.977,37.5575,33.1364,53.3164,31.4812,50.6533,1.05258,59.8666,60.0191,2,"LINESTRING(-122.316868 37.925205,-122.316968 37.925105,-122.298995 37.902533,-122.283608 37.873932,-122.268178 37.870017,-122.269850 37.852969,-122.267263 37.828714,-122.268822 37.807960,-122.271689 37.803371,-122.265332 37.797257,-122.224167 37.774773,-122.196798 37.753504,-122.160813 37.721706,-122.126531 37.696838,-122.087041 37.669631,-122.057258 37.634263,-122.017330 37.590665,-121.976705 37.557413,-121.976605 37.557513)"
17_21_transit,transit,17,21,-122.317,37.9252,-122.224,37.7749,12.8254,20.636,11.5553,18.5925,1.10991,29.8591,29.9943,7,"LINESTRING(-122.316868 37.925205,-122.316968 37.925105,-122.298995 37.902533,-122.283608 37.873932,-122.268178 37.870017,-122.269850 37.852969,-122.267263 37.828714,-122.268822 37.807960,-122.271689 37.803371,-122.265332 37.797257,-122.224167 37.774773,-122.224067 37.774873)"
17_22_transit,transit,17,22,-122.317,37.9252,-122.434,37.7333,21.2449,34.183,14.7114,23.6706,1.44411,44.8652,62.6656,5,"LINESTRING(-122.316868 37.925205,-122.316968 37.925105,-122.298995 37.902533,-122.283608 37.873932,-122.268178 37.870017,-122.269850 37.852969,-122.267263 37.828714,-122.268822 37.807960,-122.271689 37.803371,-122.295244 37.804823,-122.397180 37.792689,-122.401742 37.789113,-122.407487 37.784545,-122.413979 37.779350,-122.419855 37.765076,-122.418618 37.752322,-122.433657 37.733169,-122.433557 37.733269)"
17_23_transit,transit,17,23,-122.317,37.9252,-122.087,37.6697,23.2776,37.4537,21.6603,34.8514,1.07467,45.8633,46.0087,3,"LINESTRING(-122.316868 37.925205,-122.316968 37.925105,-122.298995 37.902533,-122.283608 37.873932,-122.268178 37.870017,-122.269850 37.852969,-122.267263 37.828714,-122.268822 37.807960,-122.271689 37.803371,-122.265332 37.797257,-122.224167 37.774773,-122.196798 37.753504,-122.160813 37.721706,-122.126531 37.696838,-122.087041 37.669631,-122.086941 37.669731)"
17_25_transit,transit,17,25,-122.317,37.9252,-122.265,37.7974,10.0924,16.2387,9.27175,14.9183,1.08851,25.858,25.9882,4,"LINESTRING(-122.316868 37.925205,-122.316968 37.925105,-122.298995 37.902533,-122.283608 37.873932,-122.268178 37.870017,-122.269850 37.852969,-122.267263 37.828714,-122.268822 37.807960,-122.271689 37.803371,-122.265332 37.797257,-122.265232 37.797357)"
17_26_transit,transit,17,26,-122.317,37.9252,-122.267,37.8288,7.75511,12.478,7.1906,11.5697,1.07851,14.855,14.9595,20,"LINESTRING(-122.316868 37.925205,-122.316968 37.925105,-122.298995 37.902533,-122.283608 37.873932,-122.268178 37.870017,-122.269850 37.852969,-122.267263 37.828714,-122.267163 37.828814)"
17_27_transit,transit,17,27,-122.317,37.9252,-122.387,37.6002,32.8135,52.797,22.7789,36.6513,1.44052,70.8725,88.677,5,"LINESTRING(-122.316868 37.925205,-122.316968 37.925105,-122.298995 37.902533,-122.283608 37.873932,-122.268178 37.870017,-122.269850 37.852969,-122.267263 37.828714,-122.268822 37.807960,-122.271689 37.803371,-122.295244 37.804823,-122.397180 37.792689,-122.401742 37.789113,-122.407487 37.784545,-122.413979 37.779350,-122.419855 37.765076,-122.418618 37.752322,-122.433657 37.733169,-122.447610 37.721658,-122.469094 37.706204,-122.466267 37.684542,-122.444354 37.664337,-122.416484 37.637620,-122.391995 37.615923,-122.386940 37.600099,-122.386840 37.600199)"
17_28_transit,transit,17,28,-122.317,37.9252,-121.891,37.4098,44.3868,71.4183,42.5559,68.4724,1.04302,74.8689,75.0217,2,"LINESTRING(-122.316868 37.925205,-122.316968 37.925105,-122.298995 37.902533,-122.283608 37.873932,-122.268178 37.870017,-122.269850 37.852969,-122.267263 37.828714,-122.268822 37.807960,-122.271689 37.803371,-122.265332 37.797257,-122.224167 37.774773,-122.196798 37.753504,-122.160813 37.721706,-122.126531 37.696838,-122.087041 37.669631,-122.057258 37.634263,-122.017330 37.590665,-121.976705 37.557413,-121.939458 37.502207,-121.890903 37.409736,-121.890803 37.409836)"
17_29_transit,transit,17,29,-122.317,37.9252,-122.402,37.7892,16.8158,27.0566,10.4727,16.8505,1.60569,33.8601,51.4726,71,"LINESTRING(-122.316868 37.925205,-122.316968 37.925105,-122.298995 37.902533,-122.283608 37.873932,-122.268178 37.870017,-122.269850 37.852969,-122.267263 37.828714,-122.268822 37.807960,-122.271689 37.803371,-122.295244 37.804823,-122.397180 37.792689,-122.401742 37.789113,-122.401642 37.789213)"
17_30_transit,transit,17,30,-122.317,37.9252,-122.284,37.874,4.00711,6.44744,3.97614,6.39761,1.00779,6.85187,6.89754,4,"LINESTRING(-122.316868 37.925205,-122.316968 37.925105,-122.298995 37.902533,-122.283608 37.873932,-122.283508 37.874032)"
17_37_transit,transit,17,37,-122.317,37.9252,-122.299,37.9026,1.85977,2.99236,1.84179,2.96344,1.00976,3.8508,3.86548,8,"LINESTRING(-122.316868 37.925205,-122.316968 37.925105,-122.298995 37.902533,-122.298895 37.902633)"
17_38_transit,transit,17,38,-122.317,37.9252,-122.407,37.7846,17.2609,27.7728,10.8952,17.5304,1.58426,35.8611,53.6059,45,"LINESTRING(-122.316868 37.925205,-122.316968 37.925105,-122.298995 37.902533,-122.283608 37.873932,-122.268178 37.870017,-122.269850 37.852969,-122.267263 37.828714,-122.268822 37.807960,-122.271689 37.803371,-122.295244 37.804823,-122.397180 37.792689,-122.401742 37.789113,-122.407487 37.784545,-122.407387 37.784645)"
17_39_transit,transit,17,39,-122.317,37.9252,-122.353,37.9368,2.14397,3.44965,2.12593,3.42063,1.00848,5.85073,5.85073,6,"LINESTRING(-122.316868 37.925205,-122.316968 37.925105,-122.353104 37.936695,-122.353004 37.936795)"
17_42_transit,transit,17,42,-122.317,37.9252,-122.416,37.6377,29.6743,47.7459,20.5935,33.1349,1.44095,61.8704,79.6741,4,"LINESTRING(-122.316868 37.925205,-122.316968 37.925105,-122.298995 37.902533,-122.283608 37.873932,-122.268178 37.870017,-122.269850 37.852969,-122.267263 37.828714,-122.268822 37.807960,-122.271689 37.803371,-122.295244 37.804823,-122.397180 37.792689,-122.401742 37.789113,-122.407487 37.784545,-122.413979 37.779350,-122.419855 37.765076,-122.418618 37.752322,-122.433657 37.733169,-122.447610 37.721658,-122.469094 37.706204,-122.466267 37.684542,-122.444354 37.664337,-122.416484 37.637620,-122.416384 37.637720)"
17_43_transit,transit,17,43,-122.317,37.9252,-122.392,37.616,31.6855,50.982,21.7521,34.9991,1.45666,66.8714,84.6758,10,"LINESTRING(-122.316868 37.925205,-122.316968 37.925105,-122.298995 37.902533,-122.283608 37.873932,-122.268178 37.870017,-122.269850 37.852969,-122.267263 37.828714,-122.268822 37.807960,-122.271689 37.803371,-122.295244 37.804823,-122.397180 37.792689,-122.401742 37.789113,-122.407487 37.784545,-122.413979 37.779350,-122.419855 37.765076,-122.418618 37.752322,-122.433657 37.733169,-122.447610 37.721658,-122.469094 37.706204,-122.466267 37.684542,-122.444354 37.664337,-122.416484 37.637620,-122.391995 37.615923,-122.391895 37.616023)"
17_44_transit,transit,17,44,-122.317,37.9252,-122.057,37.6344,26.2153,42.1804,24.5963,39.5754,1.06582,49.8644,50.0126,3,"LINESTRING(-122.316868 37.925205,-122.316968 37.925105,-122.298995 37.902533,-122.283608 37.873932,-122.268178 37.870017,-122.269850 37.852969,-122.267263 37.828714,-122.268822 37.807960,-122.271689 37.803371,-122.265332 37.797257,-122.224167 37.774773,-122.196798 37.753504,-122.160813 37.721706,-122.126531 37.696838,-122.087041 37.669631,-122.057258 37.634263,-122.057158 37.634363)"
17_45_transit,transit,17,45,-122.317,37.9252,-122.444,37.6644,27.2796,43.8929,19.3133,31.0752,1.41248,58.8693,76.6725,3,"LINESTRING(-122.316868 37.925205,-122.316968 37.925105,-122.298995 37.902533,-122.283608 37.873932,-122.268178 37.870017,-122.269850 37.852969,-122.267263 37.828714,-122.268822 37.807960,-122.271689 37.803371,-122.295244 37.804823,-122.397180 37.792689,-122.401742 37.789113,-122.407487 37.784545,-122.413979 37.779350,-122.419855 37.765076,-122.418618 37.752322,-122.433657 37.733169,-122.447610 37.721658,-122.469094 37.706204,-122.466267 37.684542,-122.444354 37.664337,-122.444254 37.664437)"
17_47_transit,transit,17,47,-122.317,37.9252,-121.939,37.5023,37.4633,60.2785,35.7709,57.5554,1.04731,65.8677,66.0204,1,"LINESTRING(-122.316868 37.925205,-122.316968 37.925105,-122.298995 37.902533,-122.283608 37.873932,-122.268178 37.870017,-122.269850 37.852969,-122.267263 37.828714,-122.268822 37.807960,-122.271689 37.803371,-122.265332 37.797257,-122.224167 37.774773,-122.196798 37.753504,-122.160813 37.721706,-122.126531 37.696838,-122.087041 37.669631,-122.057258 37.634263,-122.017330 37.590665,-121.976705 37.557413,-121.939458 37.502207,-121.939358 37.502307)"
17_50_transit,transit,17,50,-122.317,37.9252,-122.295,37.8049,10.8357,17.4346,8.39483,13.5073,1.29075,25.858,38.708,1,"LINESTRING(-122.316868 37.925205,-122.316968 37.925105,-122.298995 37.902533,-122.283608 37.873932,-122.268178 37.870017,-122.269850 37.852969,-122.267263 37.828714,-122.268822 37.807960,-122.271689 37.803371,-122.295244 37.804823,-122.295144 37.804923)"
18_2_transit,transit,18,2,-121.899,37.7017,-122.42,37.7652,32.5069,52.3035,28.7792,46.3058,1.12953,53.8636,58.5438,8,"LINESTRING(-121.899242 37.701692,-121.899342 37.701592,-121.928401 37.699660,-122.075715 37.690676,-122.126531 37.696838,-122.160813 37.721706,-122.196798 37.753504,-122.224167 37.774773,-122.265332 37.797257,-122.295244 37.804823,-122.397180 37.792689,-122.401742 37.789113,-122.407487 37.784545,-122.413979 37.779350,-122.419855 37.765076,-122.419755 37.765176)"
18_4_transit,transit,18,4,-121.899,37.7017,-122.419,37.7524,33.3908,53.7259,28.5935,46.0069,1.16778,55.8646,60.5448,2,"LINESTRING(-121.899242 37.701692,-121.899342 37.701592,-121.928401 37.699660,-122.075715 37.690676,-122.126531 37.696838,-122.160813 37.721706,-122.196798 37.753504,-122.224167 37.774773,-122.265332 37.797257,-122.295244 37.804823,-122.397180 37.792689,-122.401742 37.789113,-122.407487 37.784545,-122.413979 37.779350,-122.419855 37.765076,-122.418618 37.752322,-122.418518 37.752422)"
18_7_transit,transit,18,7,-121.899,37.7017,-122.448,37.7218,36.0509,58.0059,30.0005,48.2707,1.20168,60.8667,65.5469,3,"LINESTRING(-121.899242 37.701692,-121.899342 37.701592,-121.928401 37.699660,-122.075715 37.690676,-122.126531 37.696838,-122.160813 37.721706,-122.196798 37.753504,-122.224167 37.774773,-122.265332 37.797257,-122.295244 37.804823,-122.397180 37.792689,-122.401742 37.789113,-122.407487 37.784545,-122.413979 37.779350,-122.419855 37.765076,-122.418618 37.752322,-122.433657 37.733169,-122.447610 37.721658,-122.447510 37.721758)"
18_8_transit,transit,18,8,-121.899,37.7017,-122.126,37.6969,12.503,20.1173,12.4246,19.9912,1.00631,17.8538,18.2719,1,"LINESTRING(-121.899242 37.701692,-121.899342 37.701592,-121.928401 37.699660,-122.075715 37.690676,-122.126531 37.696838,-122.126431 37.696938)"
18_10_transit,transit,18,10,-121.899,37.7017,-122.076,37.6908,9.69169,15.5939,9.67205,15.5623,1.00203,13.8528,14.0468,4,"LINESTRING(-121.899242 37.701692,-121.899342 37.701592,-121.928401 37.699660,-122.075715 37.690676,-122.075615 37.690776)"
18_11_transit,transit,18,11,-121.899,37.7017,-122.414,37.7794,31.4695,50.6344,28.6278,46.0622,1.09926,50.8626,55.5427,55,"LINESTRING(-121.899242 37.701692,-121.899342 37.701592,-121.928401 37.699660,-122.075715 37.690676,-122.126531 37.696838,-122.160813 37.721706,-122.196798 37.753504,-122.224167 37.774773,-122.265332 37.797257,-122.295244 37.804823,-122.397180 37.792689,-122.401742 37.789113,-122.407487 37.784545,-122.413979 37.779350,-122.413879 37.779450)"
18_13_transit,transit,18,13,-121.899,37.7017,-122.197,37.7536,17.9949,28.9539,16.6465,26.7843,1.081,25.8556,26.8545,8,"LINESTRING(-121.899242 37.701692,-121.899342 37.701592,-121.928401 37.699660,-122.075715 37.690676,-122.126531 37.696838,-122.160813 37.721706,-122.196798 37.753504,-122.196698 37.753604)"
18_15_transit,transit,18,15,-121.899,37.7017,-122.469,37.7063,37.6384,60.5602,31.1476,50.1165,1.20839,64.8677,69.5479,3,"LINESTRING(-121.899242 37.701692,-121.899342 37.701592,-121.928401 37.699660,-122.075715 37.690676,-122.126531 37.696838,-122.160813 37.721706,-122.196798 37.753504,-122.224167 37.774773,-122.265332 37.797257,-122.295244 37.804823,-122.397180 37.792689,-122.401742 37.789113,-122.407487 37.784545,-122.413979 37.779350,-122.419855 37.765076,-122.418618 37.752322,-122.433657 37.733169,-122.447610 37.721658,-122.469094 37.706204,-122.468994 37.706304)"
18_19_transit,transit,18,19,-121.899,37.7017,-122.397,37.7928,30.1689,48.5417,27.9177,44.9195,1.08064,45.8595,50.4693,112,"LINESTRING(-121.899242 37.701692,-121.899342 37.701592,-121.928401 37.699660,-122.075715 37.690676,-122.126531 37.696838,-122.160813 37.721706,-122.196798 37.753504,-122.224167 37.774773,-122.265332 37.797257,-122.295244 37.804823,-122.397180 37.792689,-122.397080 37.792789)"
18_21_transit,transit,18,21,-121.899,37.7017,-122.224,37.7749,20.0917,32.3275,18.4548,29.6938,1.08869,29.8566,31.2627,3,"LINESTRING(-121.899242 37.701692,-121.899342 37.701592,-121.928401 37.699660,-122.075715 37.690676,-122.126531 37.696838,-122.160813 37.721706,-122.196798 37.753504,-122.224167 37.774773,-122.224067 37.774873)"
18_22_transit,transit,18,22,-121.899,37.7017,-122.434,37.7333,34.9489,56.2327,29.2849,47.1193,1.19341,58.8657,63.5459,5,"LINESTRING(-121.899242 37.701692,-121.899342 37.701592,-121.928401 37.699660,-122.075715 37.690676,-122.126531 37.696838,-122.160813 37.721706,-122.196798 37.753504,-122.224167 37.774773,-122.265332 37.797257,-122.295244 37.804823,-122.397180 37.792689,-122.401742 37.789113,-122.407487 37.784545,-122.413979 37.779350,-122.419855 37.765076,-122.418618 37.752322,-122.433657 37.733169,-122.433557 37.733269)"
18_25_transit,transit,18,25,-121.899,37.7017,-122.265,37.7974,22.8246,36.7248,21.0591,33.8841,1.08384,33.8575,35.9616,4,"LINESTRING(-121.899242 37.701692,-121.899342 37.701592,-121.928401 37.699660,-122.075715 37.690676,-122.126531 37.696838,-122.160813 37.721706,-122.196798 37.753504,-122.224167 37.774773,-122.265332 37.797257,-122.265232 37.797357)"
18_29_transit,transit,18,29,-121.899,37.7017,-122.402,37.7892,30.5198,49.1064,28.107,45.2241,1.08584,47.8605,52.5262,75,"LINESTRING(-121.899242 37.701692,-121.899342 37.701592,-121.928401 37.699660,-122.075715 37.690676,-122.126531 37.696838,-122.160813 37.721706,-122.196798 37.753504,-122.224167 37.774773,-122.265332 37.797257,-122.295244 37.804823,-122.397180 37.792689,-122.401742 37.789113,-122.401642 37.789213)"
18_38_transit,transit,18,38,-121.899,37.7017,-122.407,37.7846,30.9649,49.8225,28.3489,45.6134,1.09228,49.8616,54.5388,33,"LINESTRING(-121.899242 37.701692,-121.899342 37.701592,-121.928401 37.699660,-122.075715 37.690676,-122.126531 37.696838,-122.160813 37.721706,-122.196798 37.753504,-122.224167 37.774773,-122.265332 37.797257,-122.295244 37.804823,-122.397180 37.792689,-122.401742 37.789113,-122.407487 37.784545,-122.407387 37.784645)"
18_41_transit,transit,18,41,-121.899,37.7017,-122.161,37.7218,15.0459,24.2089,14.3595,23.1044,1.0478,21.8547,22.5009,8,"LINESTRING(-121.899242 37.701692,-121.899342 37.701592,-121.928401 37.699660,-122.075715 37.690676,-122.126531 37.696838,-122.160813 37.721706,-122.160713 37.721806)"
18_50_transit,transit,18,50,-121.899,37.7017,-122.295,37.8049,24.5396,39.4843,22.7737,36.6429,1.07754,38.8585,41.9975,2,"LINESTRING(-121.899242 37.701692,-121.899342 37.701592,-121.928401 37.699660,-122.075715 37.690676,-122.126531 37.696838,-122.160813 37.721706,-122.196798 37.753504,-122.224167 37.774773,-122.265332 37.797257,-122.295244 37.804823,-122.295144 37.804923)"
19_1_transit,transit,19,1,-122.397,37.7928,-122.272,37.8035,6.93693,11.1615,6.891,11.0876,1.00667,11.8523,11.8538,33,"LINESTRING(-122.397080 37.792789,-122.397180 37.792689,-122.295244 37.804823,-122.271689 37.803371,-122.271589 37.803471)"
19_2_transit,transit,19,2,-122.397,37.7928,-122.42,37.7652,2.3556,3.79016,2.27452,3.6597,1.03565,7.8544,7.93592,8,"LINESTRING(-122.397080 37.792789,-122.397180 37.792689,-122.401742 37.789113,-122.407487 37.784545,-122.413979 37.779350,-122.419855 37.765076,-122.419755 37.765176)"
19_3_transit,transit,19,3,-122.397,37.7928,-122.269,37.8081,7.2906,11.7306,7.08666,11.4024,1.02878,12.8533,12.8535,28,"LINESTRING(-122.397080 37.792789,-122.397180 37.792689,-122.295244 37.804823,-122.271689 37.803371,-122.268822 37.807960,-122.268722 37.808060)"
19_4_transit,transit,19,4,-122.397,37.7928,-122.419,37.7524,3.23959,5.2125,3.02491,4.86708,1.07097,9.85543,9.9377,13,"LINESTRING(-122.397080 37.792789,-122.397180 37.792689,-122.401742 37.789113,-122.407487 37.784545,-122.413979 37.779350,-122.419855 37.765076,-122.418618 37.752322,-122.418518 37.752422)"
19_7_transit,transit,19,7,-122.397,37.7928,-122.448,37.7218,5.89965,9.49254,5.62812,9.05565,1.04825,14.8575,14.9405,9,"LINESTRING(-122.397080 37.792789,-122.397180 37.792689,-122.401742 37.789113,-122.407487 37.784545,-122.413979 37.779350,-122.419855 37.765076,-122.418618 37.752322,-122.433657 37.733169,-122.447610 37.721658,-122.447510 37.721758)"
19_8_transit,transit,19,8,-122.397,37.7928,-122.126,37.6969,17.6835,28.4528,16.2024,26.0697,1.09141,28.8566,28.8667,1,"LINESTRING(-122.397080 37.792789,-122.397180 37.792689,-122.295244 37.804823,-122.265332 37.797257,-122.224167 37.774773,-122.196798 37.753504,-122.160813 37.721706,-122.126531 37.696838,-122.126431 37.696938)"
19_9_transit,transit,19,9,-122.397,37.7928,-121.875,37.3685,44.6475,71.8379,40.9601,65.9048,1.09003,66.8643,66.8854,1,"LINESTRING(-122.397080 37.792789,-122.397180 37.792689,-122.295244 37.804823,-122.265332 37.797257,-122.224167 37.774773,-122.196798 37.753504,-122.160813 37.721706,-122.126531 37.696838,-122.087041 37.669631,-122.057258 37.634263,-122.017330 37.590665,-121.976705 37.557413,-121.939458 37.502207,-121.890903 37.409736,-121.874761 37.368395,-121.874661 37.368495)"
19_11_transit,transit,19,11,-122.397,37.7928,-122.414,37.7794,1.31824,2.12104,1.30035,2.09226,1.01376,5.85337,5.93348,23,"LINESTRING(-122.397080 37.792789,-122.397180 37.792689,-122.401742 37.789113,-122.407487 37.784545,-122.413979 37.779350,-122.413879 37.779450)"
19_12_transit,transit,19,12,-122.397,37.7928,-122.466,37.6846,8.99212,14.4683,8.37172,13.4701,1.07411,23.8596,23.9428,1,"LINESTRING(-122.397080 37.792789,-122.397180 37.792689,-122.401742 37.789113,-122.407487 37.784545,-122.413979 37.779350,-122.419855 37.765076,-122.418618 37.752322,-122.433657 37.733169,-122.447610 37.721658,-122.469094 37.706204,-122.466267 37.684542,-122.466167 37.684642)"
19_13_transit,transit,19,13,-122.397,37.7928,-122.197,37.7536,12.1915,19.6162,11.2738,18.1395,1.08141,20.8544,20.8575,4,"LINESTRING(-122.397080 37.792789,-122.397180 37.792689,-122.295244 37.804823,-122.265332 37.797257,-122.224167 37.774773,-122.196798 37.753504,-122.196698 37.753604)"
19_14_transit,transit,19,14,-122.397,37.7928,-122.029,37.9738,26.2531,42.2412,23.6433,38.0421,1.11038,42.8599,42.8616,3,"LINESTRING(-122.397080 37.792789,-122.397180 37.792689,-122.295244 37.804823,-122.271689 37.803371,-122.268822 37.807960,-122.267263 37.828714,-122.251371 37.844695,-122.183817 37.878403,-122.124744 37.893120,-122.067479 37.905712,-122.056115 37.928363,-122.029226 37.973673,-122.029126 37.973773)"
19_15_transit,transit,19,15,-122.397,37.7928,-122.469,37.7063,7.48714,12.0468,7.15147,11.5067,1.04694,18.8585,18.9417,3,"LINESTRING(-122.397080 37.792789,-122.397180 37.792689,-122.401742 37.789113,-122.407487 37.784545,-122.413979 37.779350,-122.419855 37.765076,-122.418618 37.752322,-122.433657 37.733169,-122.447610 37.721658,-122.469094 37.706204,-122.468994 37.706304)"
19_16_transit,transit,19,16,-122.397,37.7928,-122.268,37.8701,11.5912,18.6503,8.83778,14.22,1.31155,22.8562,22.8862,11,"LINESTRING(-122.397080 37.792789,-122.397180 37.792689,-122.295244 37.804823,-122.271689 37.803371,-122.268822 37.807960,-122.267263 37.828714,-122.269850 37.852969,-122.268178 37.870017,-122.268078 37.870117)"
19_17_transit,transit,19,17,-122.397,37.7928,-122.317,37.9252,16.4649,26.492,10.1417,16.318,1.62349,30.859,30.8892,3,"LINESTRING(-122.397080 37.792789,-122.397180 37.792689,-122.295244 37.804823,-122.271689 37.803371,-122.268822 37.807960,-122.267263 37.828714,-122.269850 37.852969,-122.268178 37.870017,-122.283608 37.873932,-122.298995 37.902533,-122.316968 37.925105,-122.316868 37.925205)"
19_18_transit,transit,19,18,-122.397,37.7928,-121.899,37.7017,30.1689,48.5417,27.9177,44.9195,1.08064,45.8595,45.8646,6,"LINESTRING(-122.397080 37.792789,-122.397180 37.792689,-122.295244 37.804823,-122.265332 37.797257,-122.224167 37.774773,-122.196798 37.753504,-122.160813 37.721706,-122.126531 37.696838,-122.075715 37.690676,-121.928401 37.699660,-121.899342 37.701592,-121.899242 37.701692)"
19_20_transit,transit,19,20,-122.397,37.7928,-121.977,37.5575,30.4058,48.923,28.1605,45.3102,1.07973,47.8609,47.8814,1,"LINESTRING(-122.397080 37.792789,-122.397180 37.792689,-122.295244 37.804823,-122.265332 37.797257,-122.224167 37.774773,-122.196798 37.753504,-122.160813 37.721706,-122.126531 37.696838,-122.087041 37.669631,-122.057258 37.634263,-122.017330 37.590665,-121.976705 37.557413,-121.976605 37.557513)"
19_21_transit,transit,19,21,-122.397,37.7928,-122.224,37.7749,10.0948,16.2426,9.52847,15.3313,1.05944,17.8534,17.8551,6,"LINESTRING(-122.397080 37.792789,-122.397180 37.792689,-122.295244 37.804823,-122.265332 37.797257,-122.224167 37.774773,-122.224067 37.774873)"
19_22_transit,transit,19,22,-122.397,37.7928,-122.434,37.7333,4.79761,7.71936,4.56973,7.35269,1.04987,12.8565,12.9393,5,"LINESTRING(-122.397080 37.792789,-122.397180 37.792689,-122.401742 37.789113,-122.407487 37.784545,-122.413979 37.779350,-122.419855 37.765076,-122.418618 37.752322,-122.433657 37.733169,-122.433557 37.733269)"
19_23_transit,transit,19,23,-122.397,37.7928,-122.087,37.6697,20.5471,33.0602,18.961,30.5083,1.08365,33.8576,33.8712,2,"LINESTRING(-122.397080 37.792789,-122.397180 37.792689,-122.295244 37.804823,-122.265332 37.797257,-122.224167 37.774773,-122.196798 37.753504,-122.160813 37.721706,-122.126531 37.696838,-122.087041 37.669631,-122.086941 37.669731)"
19_24_transit,transit,19,24,-122.397,37.7928,-122.125,37.8932,17.8706,28.7538,16.4049,26.3954,1.08935,29.8571,29.8573,2,"LINESTRING(-122.397080 37.792789,-122.397180 37.792689,-122.295244 37.804823,-122.271689 37.803371,-122.268822 37.807960,-122.267263 37.828714,-122.251371 37.844695,-122.183817 37.878403,-122.124744 37.893120,-122.124644 37.893220)"
19_25_transit,transit,19,25,-122.397,37.7928,-122.265,37.7974,7.36185,11.8452,7.20564,11.5939,1.02168,13.8523,13.8534,8,"LINESTRING(-122.397080 37.792789,-122.397180 37.792689,-122.295244 37.804823,-122.265332 37.797257,-122.265232 37.797357)"
19_26_transit,transit,19,26,-122.397,37.7928,-122.267,37.8288,8.72739,14.0424,7.51592,12.0931,1.16119,16.8543,16.8545,7,"LINESTRING(-122.397080 37.792789,-122.397180 37.792689,-122.295244 37.804823,-122.271689 37.803371,-122.268822 37.807960,-122.267263 37.828714,-122.267163 37.828814)"
19_28_transit,transit,19,28,-122.397,37.7928,-121.891,37.4098,41.6562,67.0248,38.3171,61.6522,1.08714,62.8632,62.8843,1,"LINESTRING(-122.397080 37.792789,-122.397180 37.792689,-122.295244 37.804823,-122.265332 37.797257,-122.224167 37.774773,-122.196798 37.753504,-122.160813 37.721706,-122.126531 37.696838,-122.087041 37.669631,-122.057258 37.634263,-122.017330 37.590665,-121.976705 37.557413,-121.939458 37.502207,-121.890903 37.409736,-121.890803 37.409836)"
19_29_transit,transit,19,29,-122.397,37.7928,-122.402,37.7892,0.368538,0.592978,0.35085,0.564518,1.05041,1.85135,1.90036,3,"LINESTRING(-122.397080 37.792789,-122.397180 37.792689,-122.401742 37.789113,-122.401642 37.789213)"
19_30_transit,transit,19,30,-122.397,37.7928,-122.284,37.874,12.4754,20.0729,8.3619,13.4543,1.49193,24.8572,24.8872,2,"LINESTRING(-122.397080 37.792789,-122.397180 37.792689,-122.295244 37.804823,-122.271689 37.803371,-122.268822 37.807960,-122.267263 37.828714,-122.269850 37.852969,-122.268178 37.870017,-122.283608 37.873932,-122.283508 37.874032)"
19_33_transit,transit,19,33,-122.397,37.7928,-122.184,37.8785,14.4919,23.3175,13.0626,21.0177,1.10942,24.8561,24.8564,2,"LINESTRING(-122.397080 37.792789,-122.397180 37.792689,-122.295244 37.804823,-122.271689 37.803371,-122.268822 37.807960,-122.267263 37.828714,-122.251371 37.844695,-122.183817 37.878403,-122.183717 37.878503)"
19_35_transit,transit,19,35,-122.397,37.7928,-122.056,37.9285,22.7959,36.6786,20.8333,33.5209,1.0942,36.859,36.8593,4,"LINESTRING(-122.397080 37.792789,-122.397180 37.792689,-122.295244 37.804823,-122.271689 37.803371,-122.268822 37.807960,-122.267263 37.828714,-122.251371 37.844695,-122.183817 37.878403,-122.124744 37.893120,-122.067479 37.905712,-122.056115 37.928363,-122.056015 37.928463)"
19_36_transit,transit,19,36,-122.397,37.7928,-121.944,38.0189,32.8191,52.8059,29.2168,47.0099,1.12329,51.8618,51.8621,1,"LINESTRING(-122.397080 37.792789,-122.397180 37.792689,-122.295244 37.804823,-122.271689 37.803371,-122.268822 37.807960,-122.267263 37.828714,-122.251371 37.844695,-122.183817 37.878403,-122.124744 37.893120,-122.067479 37.905712,-122.056115 37.928363,-122.029226 37.973673,-122.024661 38.003307,-121.944348 38.018850,-121.944248 38.018950)"
19_37_transit,transit,19,37,-122.397,37.7928,-122.299,37.9026,14.6227,23.528,9.2897,14.9471,1.57408,28.8581,28.8882,1,"LINESTRING(-122.397080 37.792789,-122.397180 37.792689,-122.295244 37.804823,-122.271689 37.803371,-122.268822 37.807960,-122.267263 37.828714,-122.269850 37.852969,-122.268178 37.870017,-122.283608 37.873932,-122.298995 37.902533,-122.298895 37.902633)"
19_38_transit,transit,19,38,-122.397,37.7928,-122.407,37.7846,0.813632,1.30913,0.795848,1.28052,1.02235,3.85236,3.92411,6,"LINESTRING(-122.397080 37.792789,-122.397180 37.792689,-122.401742 37.789113,-122.407487 37.784545,-122.407387 37.784645)"
19_39_transit,transit,19,39,-122.397,37.7928,-122.353,37.9368,18.5913,29.9133,10.2363,16.4702,1.81621,35.86,35.8901,3,"LINESTRING(-122.397080 37.792789,-122.397180 37.792689,-122.295244 37.804823,-122.271689 37.803371,-122.268822 37.807960,-122.267263 37.828714,-122.269850 37.852969,-122.268178 37.870017,-122.283608 37.873932,-122.298995 37.902533,-122.316968 37.925105,-122.353104 37.936695,-122.353004 37.936795)"
19_41_transit,transit,19,41,-122.397,37.7928,-122.161,37.7218,15.1406,24.3612,13.812,22.2235,1.09619,24.8555,24.8592,5,"LINESTRING(-122.397080 37.792789,-122.397180 37.792689,-122.295244 37.804823,-122.265332 37.797257,-122.224167 37.774773,-122.196798 37.753504,-122.160813 37.721706,-122.160713 37.721806)"
19_43_transit,transit,19,43,-122.397,37.7928,-122.392,37.616,15.2382,24.5183,12.2168,19.6568,1.24732,34.8627,34.946,9,"LINESTRING(-122.397080 37.792789,-122.397180 37.792689,-122.401742 37.789113,-122.407487 37.784545,-122.413979 37.779350,-122.419855 37.765076,-122.418618 37.752322,-122.433657 37.733169,-122.447610 37.721658,-122.469094 37.706204,-122.466267 37.684542,-122.444354 37.664337,-122.416484 37.637620,-122.391995 37.615923,-122.391895 37.616023)"
19_45_transit,transit,19,45,-122.397,37.7928,-122.444,37.6644,10.8323,17.4292,9.23546,14.8599,1.17291,26.8606,26.9439,1,"LINESTRING(-122.397080 37.792789,-122.397180 37.792689,-122.401742 37.789113,-122.407487 37.784545,-122.413979 37.779350,-122.419855 37.765076,-122.418618 37.752322,-122.433657 37.733169,-122.447610 37.721658,-122.469094 37.706204,-122.466267 37.684542,-122.444354 37.664337,-122.444254 37.664437)"
19_46_transit,transit,19,46,-122.397,37.7928,-122.017,37.5908,27.2071,43.7762,25.0233,40.2624,1.08727,42.8598,42.8792,4,"LINESTRING(-122.397080 37.792789,-122.397180 37.792689,-122.295244 37.804823,-122.265332 37.797257,-122.224167 37.774773,-122.196798 37.753504,-122.160813 37.721706,-122.126531 37.696838,-122.087041 37.669631,-122.057258 37.634263,-122.017330 37.590665,-122.017230 37.590765)"
19_47_transit,transit,19,47,-122.397,37.7928,-121.939,37.5023,34.7328,55.8851,32.0915,51.6353,1.0823,53.862,53.883,1,"LINESTRING(-122.397080 37.792789,-122.397180 37.792689,-122.295244 37.804823,-122.265332 37.797257,-122.224167 37.774773,-122.196798 37.753504,-122.160813 37.721706,-122.126531 37.696838,-122.087041 37.669631,-122.057258 37.634263,-122.017330 37.590665,-121.976705 37.557413,-121.939458 37.502207,-121.939358 37.502307)"
19_48_transit,transit,19,48,-122.397,37.7928,-122.067,37.9058,21.1124,33.9699,19.61,31.5525,1.07661,34.8581,34.8597,5,"LINESTRING(-122.397080 37.792789,-122.397180 37.792689,-122.295244 37.804823,-122.271689 37.803371,-122.268822 37.807960,-122.267263 37.828714,-122.251371 37.844695,-122.183817 37.878403,-122.124744 37.893120,-122.067479 37.905712,-122.067379 37.905812)"
19_49_transit,transit,19,49,-122.397,37.7928,-121.928,37.6998,28.5743,45.9761,26.4059,42.487,1.08212,42.8585,42.8635,3,"LINESTRING(-122.397080 37.792789,-122.397180 37.792689,-122.295244 37.804823,-122.265332 37.797257,-122.224167 37.774773,-122.196798 37.753504,-122.160813 37.721706,-122.126531 37.696838,-122.075715 37.690676,-121.928401 37.699660,-121.928301 37.699760)"
19_50_transit,transit,19,50,-122.397,37.7928,-122.295,37.8049,5.64685,9.08577,5.62808,9.05558,1.00333,7.85131,7.85177,13,"LINESTRING(-122.397080 37.792789,-122.397180 37.792689,-122.295244 37.804823,-122.295144 37.804923)"
20_1_transit,transit,20,1,-121.977,37.5575,-122.272,37.8035,23.6084,37.9859,23.4308,37.7001,1.00758,36.8598,36.8718,10,"LINESTRING(-121.976605 37.557513,-121.976705 37.557413,-122.017330 37.590665,-122.057258 37.634263,-122.087041 37.669631,-122.126531 37.696838,-122.160813 37.721706,-122.196798 37.753504,-122.224167 37.774773,-122.265332 37.797257,-122.271689 37.803371,-122.271589 37.803471)"
20_2_transit,transit,20,2,-121.977,37.5575,-122.42,37.7652,32.7438,52.6848,28.1675,45.3215,1.16247,53.8649,57.1661,3,"LINESTRING(-121.976605 37.557513,-121.976705 37.557413,-122.017330 37.590665,-122.057258 37.634263,-122.087041 37.669631,-122.126531 37.696838,-122.160813 37.721706,-122.196798 37.753504,-122.224167 37.774773,-122.265332 37.797257,-122.295244 37.804823,-122.397180 37.792689,-122.401742 37.789113,-122.407487 37.784545,-122.413979 37.779350,-122.419855 37.765076,-122.419755 37.765176)"
20_3_transit,transit,20,3,-121.977,37.5575,-122.269,37.8081,23.9621,38.555,23.5548,37.8997,1.01729,37.8608,37.8729,20,"LINESTRING(-121.976605 37.557513,-121.976705 37.557413,-122.017330 37.590665,-122.057258 37.634263,-122.087041 37.669631,-122.126531 37.696838,-122.160813 37.721706,-122.196798 37.753504,-122.224167 37.774773,-122.265332 37.797257,-122.271689 37.803371,-122.268822 37.807960,-122.268722 37.808060)"
20_4_transit,transit,20,4,-121.977,37.5575,-122.419,37.7524,33.6278,54.1071,27.6716,44.5237,1.21524,55.8659,59.1672,4,"LINESTRING(-121.976605 37.557513,-121.976705 37.557413,-122.017330 37.590665,-122.057258 37.634263,-122.087041 37.669631,-122.126531 37.696838,-122.160813 37.721706,-122.196798 37.753504,-122.224167 37.774773,-122.265332 37.797257,-122.295244 37.804823,-122.397180 37.792689,-122.401742 37.789113,-122.407487 37.784545,-122.413979 37.779350,-122.419855 37.765076,-122.418618 37.752322,-122.418518 37.752422)"
20_6_transit,transit,20,6,-121.977,37.5575,-122.27,37.8531,27.081,43.5734,25.958,41.7664,1.04327,45.8627,45.875,1,"LINESTRING(-121.976605 37.557513,-121.976705 37.557413,-122.017330 37.590665,-122.057258 37.634263,-122.087041 37.669631,-122.126531 37.696838,-122.160813 37.721706,-122.196798 37.753504,-122.224167 37.774773,-122.265332 37.797257,-122.271689 37.803371,-122.268822 37.807960,-122.267263 37.828714,-122.269850 37.852969,-122.269750 37.853069)"
20_7_transit,transit,20,7,-121.977,37.5575,-122.448,37.7218,36.2879,58.3872,28.1533,45.2986,1.28894,60.868,64.1693,2,"LINESTRING(-121.976605 37.557513,-121.976705 37.557413,-122.017330 37.590665,-122.057258 37.634263,-122.087041 37.669631,-122.126531 37.696838,-122.160813 37.721706,-122.196798 37.753504,-122.224167 37.774773,-122.265332 37.797257,-122.295244 37.804823,-122.397180 37.792689,-122.401742 37.789113,-122.407487 37.784545,-122.413979 37.779350,-122.419855 37.765076,-122.418618 37.752322,-122.433657 37.733169,-122.447610 37.721658,-122.447510 37.721758)"
20_8_transit,transit,20,8,-121.977,37.5575,-122.126,37.6969,12.7399,20.4986,12.6501,20.354,1.0071,18.8551,18.8614,1,"LINESTRING(-121.976605 37.557513,-121.976705 37.557413,-122.017330 37.590665,-122.057258 37.634263,-122.087041 37.669631,-122.126531 37.696838,-122.126431 37.696938)"
20_9_transit,transit,20,9,-121.977,37.5575,-121.875,37.3685,14.2594,22.9433,14.2064,22.8582,1.00373,19.8548,19.8548,15,"LINESTRING(-121.976605 37.557513,-121.976705 37.557413,-121.939458 37.502207,-121.890903 37.409736,-121.874761 37.368395,-121.874661 37.368495)"
20_11_transit,transit,20,11,-121.977,37.5575,-122.414,37.7794,31.7064,51.0157,28.4094,45.7107,1.11606,51.8639,55.1647,15,"LINESTRING(-121.976605 37.557513,-121.976705 37.557413,-122.017330 37.590665,-122.057258 37.634263,-122.087041 37.669631,-122.126531 37.696838,-122.160813 37.721706,-122.196798 37.753504,-122.224167 37.774773,-122.265332 37.797257,-122.295244 37.804823,-122.397180 37.792689,-122.401742 37.789113,-122.407487 37.784545,-122.413979 37.779350,-122.413879 37.779450)"
20_13_transit,transit,20,13,-121.977,37.5575,-122.197,37.7536,18.2319,29.3351,18.125,29.1631,1.0059,25.8569,25.8658,1,"LINESTRING(-121.976605 37.557513,-121.976705 37.557413,-122.017330 37.590665,-122.057258 37.634263,-122.087041 37.669631,-122.126531 37.696838,-122.160813 37.721706,-122.196798 37.753504,-122.196698 37.753604)"
20_15_transit,transit,20,15,-121.977,37.5575,-122.469,37.7063,37.8753,60.9414,28.8378,46.3999,1.31339,64.869,68.1704,4,"LINESTRING(-121.976605 37.557513,-121.976705 37.557413,-122.017330 37.590665,-122.057258 37.634263,-122.087041 37.669631,-122.126531 37.696838,-122.160813 37.721706,-122.196798 37.753504,-122.224167 37.774773,-122.265332 37.797257,-122.295244 37.804823,-122.397180 37.792689,-122.401742 37.789113,-122.407487 37.784545,-122.413979 37.779350,-122.419855 37.765076,-122.418618 37.752322,-122.433657 37.733169,-122.447610 37.721658,-122.469094 37.706204,-122.468994 37.706304)"
20_16_transit,transit,20,16,-121.977,37.5575,-122.268,37.8701,28.2627,45.4747,26.839,43.184,1.05305,47.8637,47.876,6,"LINESTRING(-121.976605 37.557513,-121.976705 37.557413,-122.017330 37.590665,-122.057258 37.634263,-122.087041 37.669631,-122.126531 37.696838,-122.160813 37.721706,-122.196798 37.753504,-122.224167 37.774773,-122.265332 37.797257,-122.271689 37.803371,-122.268822 37.807960,-122.267263 37.828714,-122.269850 37.852969,-122.268178 37.870017,-122.268078 37.870117)"
20_17_transit,transit,20,17,-121.977,37.5575,-122.317,37.9252,33.1364,53.3164,31.4812,50.6533,1.05258,55.8666,55.8788,2,"LINESTRING(-121.976605 37.557513,-121.976705 37.557413,-122.017330 37.590665,-122.057258 37.634263,-122.087041 37.669631,-122.126531 37.696838,-122.160813 37.721706,-122.196798 37.753504,-122.224167 37.774773,-122.265332 37.797257,-122.271689 37.803371,-122.268822 37.807960,-122.267263 37.828714,-122.269850 37.852969,-122.268178 37.870017,-122.283608 37.873932,-122.298995 37.902533,-122.316968 37.925105,-122.316868 37.925205)"
20_19_transit,transit,20,19,-121.977,37.5575,-122.397,37.7928,30.4058,48.923,28.1605,45.3102,1.07973,46.8609,50.1018,43,"LINESTRING(-121.976605 37.557513,-121.976705 37.557413,-122.017330 37.590665,-122.057258 37.634263,-122.087041 37.669631,-122.126531 37.696838,-122.160813 37.721706,-122.196798 37.753504,-122.224167 37.774773,-122.265332 37.797257,-122.295244 37.804823,-122.397180 37.792689,-122.397080 37.792789)"
20_21_transit,transit,20,21,-121.977,37.5575,-122.224,37.7749,20.3286,32.7087,20.2172,32.5295,1.00551,29.8579,29.868,3,"LINESTRING(-121.976605 37.557513,-121.976705 37.557413,-122.017330 37.590665,-122.057258 37.634263,-122.087041 37.669631,-122.126531 37.696838,-122.160813 37.721706,-122.196798 37.753504,-122.224167 37.774773,-122.224067 37.774873)"
20_23_transit,transit,20,23,-121.977,37.5575,-122.087,37.6697,9.87637,15.8911,9.82789,15.8131,1.00493,14.8541,14.8593,8,"LINESTRING(-121.976605 37.557513,-121.976705 37.557413,-122.017330 37.590665,-122.057258 37.634263,-122.087041 37.669631,-122.086941 37.669731)"
20_25_transit,transit,20,25,-121.977,37.5575,-122.265,37.7974,23.0616,37.1061,22.8856,36.8229,1.00769,33.8588,33.8702,4,"LINESTRING(-121.976605 37.557513,-121.976705 37.557413,-122.017330 37.590665,-122.057258 37.634263,-122.087041 37.669631,-122.126531 37.696838,-122.160813 37.721706,-122.196798 37.753504,-122.224167 37.774773,-122.265332 37.797257,-122.265232 37.797357)"
20_26_transit,transit,20,26,-121.977,37.5575,-122.267,37.8288,25.3989,40.8668,24.5713,39.5352,1.03368,41.8618,41.874,2,"LINESTRING(-121.976605 37.557513,-121.976705 37.557413,-122.017330 37.590665,-122.057258 37.634263,-122.087041 37.669631,-122.126531 37.696838,-122.160813 37.721706,-122.196798 37.753504,-122.224167 37.774773,-122.265332 37.797257,-122.271689 37.803371,-122.268822 37.807960,-122.267263 37.828714,-122.267163 37.828814)"
20_28_transit,transit,20,28,-121.977,37.5575,-121.891,37.4098,11.268,18.1303,11.2359,18.0785,1.00286,15.8537,15.854,8,"LINESTRING(-121.976605 37.557513,-121.976705 37.557413,-121.939458 37.502207,-121.890903 37.409736,-121.890803 37.409836)"
20_29_transit,transit,20,29,-121.977,37.5575,-122.402,37.7892,30.7567,49.4876,28.2241,45.4126,1.08973,47.8619,51.1458,28,"LINESTRING(-121.976605 37.557513,-121.976705 37.557413,-122.017330 37.590665,-122.057258 37.634263,-122.087041 37.669631,-122.126531 37.696838,-122.160813 37.721706,-122.196798 37.753504,-122.224167 37.774773,-122.265332 37.797257,-122.295244 37.804823,-122.397180 37.792689,-122.401742 37.789113,-122.401642 37.789213)"
20_37_transit,transit,20,37,-121.977,37.5575,-122.299,37.9026,31.2942,50.3524,29.6446,47.6982,1.05565,52.8656,52.8779,1,"LINESTRING(-121.976605 37.557513,-121.976705 37.557413,-122.017330 37.590665,-122.057258 37.634263,-122.087041 37.669631,-122.126531 37.696838,-122.160813 37.721706,-122.196798 37.753504,-122.224167 37.774773,-122.265332 37.797257,-122.271689 37.803371,-122.268822 37.807960,-122.267263 37.828714,-122.269850 37.852969,-122.268178 37.870017,-122.283608 37.873932,-122.298995 37.902533,-122.298895 37.902633)"
20_38_transit,transit,20,38,-121.977,37.5575,-122.407,37.7846,31.2018,50.2038,28.3079,45.5473,1.10223,49.8629,53.1602,10,"LINESTRING(-121.976605 37.557513,-121.976705 37.557413,-122.017330 37.590665,-122.057258 37.634263,-122.087041 37.669631,-122.126531 37.696838,-122.160813 37.721706,-122.196798 37.753504,-122.224167 37.774773,-122.265332 37.797257,-122.295244 37.804823,-122.397180 37.792689,-122.401742 37.789113,-122.407487 37.784545,-122.407387 37.784645)"
20_41_transit,transit,20,41,-121.977,37.5575,-122.161,37.7218,15.2829,24.5901,15.1766,24.4191,1.007,21.856,21.8634,6,"LINESTRING(-121.976605 37.557513,-121.976705 37.557413,-122.017330 37.590665,-122.057258 37.634263,-122.087041 37.669631,-122.126531 37.696838,-122.160813 37.721706,-122.160713 37.721806)"
20_44_transit,transit,20,44,-121.977,37.5575,-122.057,37.6344,6.93873,11.1644,6.90233,11.1059,1.00527,10.8532,10.8571,4,"LINESTRING(-121.976605 37.557513,-121.976705 37.557413,-122.017330 37.590665,-122.057258 37.634263,-122.057158 37.634363)"
20_46_transit,transit,20,46,-121.977,37.5575,-122.017,37.5908,3.21638,5.17516,3.1981,5.14574,1.00572,5.8523,5.85414,3,"LINESTRING(-121.976605 37.557513,-121.976705 37.557413,-122.017330 37.590665,-122.017230 37.590765)"
20_47_transit,transit,20,47,-121.977,37.5575,-121.939,37.5023,4.34461,6.99047,4.32609,6.96068,1.00428,6.8525,6.85273,9,"LINESTRING(-121.976605 37.557513,-121.976705 37.557413,-121.939458 37.502207,-121.939358 37.502307)"
20_50_transit,transit,20,50,-121.977,37.5575,-122.295,37.8049,24.7766,39.8655,24.4055,39.2685,1.0152,39.8598,41.8673,1,"LINESTRING(-121.976605 37.557513,-121.976705 37.557413,-122.017330 37.590665,-122.057258 37.634263,-122.087041 37.669631,-122.126531 37.696838,-122.160813 37.721706,-122.196798 37.753504,-122.224167 37.774773,-122.265332 37.797257,-122.295244 37.804823,-122.295144 37.804923)"
21_1_transit,transit,21,1,-122.224,37.7749,-122.272,37.8035,3.29743,5.30556,3.26154,5.24781,1.011,7.85235,7.85447,4,"LINESTRING(-122.224067 37.774873,-122.224167 37.774773,-122.265332 37.797257,-122.271689 37.803371,-122.271589 37.803471)"
21_2_transit,transit,21,2,-122.224,37.7749,-122.42,37.7652,12.4328,20.0044,10.7089,17.2306,1.16098,24.8574,27.694,23,"LINESTRING(-122.224067 37.774873,-122.224167 37.774773,-122.265332 37.797257,-122.295244 37.804823,-122.397180 37.792689,-122.401742 37.789113,-122.407487 37.784545,-122.413979 37.779350,-122.419855 37.765076,-122.419755 37.765176)"
21_3_transit,transit,21,3,-122.224,37.7749,-122.269,37.8081,3.6511,5.87462,3.34707,5.38544,1.09083,8.85334,8.85555,5,"LINESTRING(-122.224067 37.774873,-122.224167 37.774773,-122.265332 37.797257,-122.271689 37.803371,-122.268822 37.807960,-122.268722 37.808060)"
21_4_transit,transit,21,4,-122.224,37.7749,-122.419,37.7524,13.3168,21.4267,10.734,17.2709,1.24062,26.8585,29.6951,18,"LINESTRING(-122.224067 37.774873,-122.224167 37.774773,-122.265332 37.797257,-122.295244 37.804823,-122.397180 37.792689,-122.401742 37.789113,-122.407487 37.784545,-122.413979 37.779350,-122.419855 37.765076,-122.418618 37.752322,-122.418518 37.752422)"
21_6_transit,transit,21,6,-122.224,37.7749,-122.27,37.8531,6.77004,10.893,5.95056,9.57445,1.13772,16.8552,16.8577,2,"LINESTRING(-122.224067 37.774873,-122.224167 37.774773,-122.265332 37.797257,-122.271689 37.803371,-122.268822 37.807960,-122.267263 37.828714,-122.269850 37.852969,-122.269750 37.853069)"
21_7_transit,transit,21,7,-122.224,37.7749,-122.448,37.7218,15.9769,25.7068,12.7471,20.5101,1.25337,31.8605,34.6972,6,"LINESTRING(-122.224067 37.774873,-122.224167 37.774773,-122.265332 37.797257,-122.295244 37.804823,-122.397180 37.792689,-122.401742 37.789113,-122.407487 37.784545,-122.413979 37.779350,-122.419855 37.765076,-122.418618 37.752322,-122.433657 37.733169,-122.447610 37.721658,-122.447510 37.721758)"
21_8_transit,transit,21,8,-122.224,37.7749,-122.126,37.6969,7.6063,12.2385,7.5802,12.1965,1.00344,11.8536,11.8604,6,"LINESTRING(-122.224067 37.774873,-122.224167 37.774773,-122.196798 37.753504,-122.160813 37.721706,-122.126531 37.696838,-122.126431 37.696938)"
21_9_transit,transit,21,9,-122.224,37.7749,-121.875,37.3685,34.5703,55.6237,33.9783,54.671,1.01742,49.8613,49.8791,7,"LINESTRING(-122.224067 37.774873,-122.224167 37.774773,-122.196798 37.753504,-122.160813 37.721706,-122.126531 37.696838,-122.087041 37.669631,-122.057258 37.634263,-122.017330 37.590665,-121.976705 37.557413,-121.939458 37.502207,-121.890903 37.409736,-121.874761 37.368395,-121.874661 37.368495)"
21_10_transit,transit,21,10,-122.224,37.7749,-122.076,37.6908,10.4176,16.7619,9.97845,16.0553,1.04401,16.8546,16.8573,3,"LINESTRING(-122.224067 37.774873,-122.224167 37.774773,-122.196798 37.753504,-122.160813 37.721706,-122.126531 37.696838,-122.075715 37.690676,-122.075615 37.690776)"
21_11_transit,transit,21,11,-122.224,37.7749,-122.414,37.7794,11.3955,18.3353,10.3708,16.6866,1.0988,21.8564,25.1304,65,"LINESTRING(-122.224067 37.774873,-122.224167 37.774773,-122.265332 37.797257,-122.295244 37.804823,-122.397180 37.792689,-122.401742 37.789113,-122.407487 37.784545,-122.413979 37.779350,-122.413879 37.779450)"
21_13_transit,transit,21,13,-122.224,37.7749,-122.197,37.7536,2.11434,3.40197,2.09629,3.37294,1.00861,3.85146,3.85283,11,"LINESTRING(-122.224067 37.774873,-122.224167 37.774773,-122.196798 37.753504,-122.196698 37.753604)"
21_15_transit,transit,21,15,-122.224,37.7749,-122.469,37.7063,17.5644,28.261,14.1964,22.842,1.23724,35.8616,38.6983,14,"LINESTRING(-122.224067 37.774873,-122.224167 37.774773,-122.265332 37.797257,-122.295244 37.804823,-122.397180 37.792689,-122.401742 37.789113,-122.407487 37.784545,-122.413979 37.779350,-122.419855 37.765076,-122.418618 37.752322,-122.433657 37.733169,-122.447610 37.721658,-122.469094 37.706204,-122.468994 37.706304)"
21_16_transit,transit,21,16,-122.224,37.7749,-122.268,37.8701,7.95172,12.7943,7.00548,11.2718,1.13507,18.8562,18.8587,15,"LINESTRING(-122.224067 37.774873,-122.224167 37.774773,-122.265332 37.797257,-122.271689 37.803371,-122.268822 37.807960,-122.267263 37.828714,-122.269850 37.852969,-122.268178 37.870017,-122.268078 37.870117)"
21_17_transit,transit,21,17,-122.224,37.7749,-122.317,37.9252,12.8254,20.636,11.5553,18.5925,1.10991,26.8591,26.8616,12,"LINESTRING(-122.224067 37.774873,-122.224167 37.774773,-122.265332 37.797257,-122.271689 37.803371,-122.268822 37.807960,-122.267263 37.828714,-122.269850 37.852969,-122.268178 37.870017,-122.283608 37.873932,-122.298995 37.902533,-122.316968 37.925105,-122.316868 37.925205)"
21_18_transit,transit,21,18,-122.224,37.7749,-121.899,37.7017,20.0917,32.3275,18.4548,29.6938,1.08869,28.8566,28.8599,16,"LINESTRING(-122.224067 37.774873,-122.224167 37.774773,-122.196798 37.753504,-122.160813 37.721706,-122.126531 37.696838,-122.075715 37.690676,-121.928401 37.699660,-121.899342 37.701592,-121.899242 37.701692)"
21_19_transit,transit,21,19,-122.224,37.7749,-122.397,37.7928,10.0948,16.2426,9.52847,15.3313,1.05944,16.8534,20.057,77,"LINESTRING(-122.224067 37.774873,-122.224167 37.774773,-122.265332 37.797257,-122.295244 37.804823,-122.397180 37.792689,-122.397080 37.792789)"
21_20_transit,transit,21,20,-122.224,37.7749,-121.977,37.5575,20.3286,32.7087,20.2172,32.5295,1.00551,30.8579,30.875,12,"LINESTRING(-122.224067 37.774873,-122.224167 37.774773,-122.196798 37.753504,-122.160813 37.721706,-122.126531 37.696838,-122.087041 37.669631,-122.057258 37.634263,-122.017330 37.590665,-121.976705 37.557413,-121.976605 37.557513)"
21_22_transit,transit,21,22,-122.224,37.7749,-122.434,37.7333,14.8748,23.9336,11.7997,18.9858,1.26061,29.8595,32.6962,6,"LINESTRING(-122.224067 37.774873,-122.224167 37.774773,-122.265332 37.797257,-122.295244 37.804823,-122.397180 37.792689,-122.401742 37.789113,-122.407487 37.784545,-122.413979 37.779350,-122.419855 37.765076,-122.418618 37.752322,-122.433657 37.733169,-122.433557 37.733269)"
21_23_transit,transit,21,23,-122.224,37.7749,-122.087,37.6697,10.4699,16.846,10.4374,16.7938,1.00311,16.8546,16.8648,9,"LINESTRING(-122.224067 37.774873,-122.224167 37.774773,-122.196798 37.753504,-122.160813 37.721706,-122.126531 37.696838,-122.087041 37.669631,-122.086941 37.669731)"
21_25_transit,transit,21,25,-122.224,37.7749,-122.265,37.7974,2.75059,4.42571,2.73242,4.39647,1.00665,4.85137,5.54931,10,"LINESTRING(-122.224067 37.774873,-122.224167 37.774773,-122.265332 37.797257,-122.265232 37.797357)"
21_26_transit,transit,21,26,-122.224,37.7749,-122.267,37.8288,5.08789,8.18641,4.4075,7.09167,1.15437,12.8543,12.8566,8,"LINESTRING(-122.224067 37.774873,-122.224167 37.774773,-122.265332 37.797257,-122.271689 37.803371,-122.268822 37.807960,-122.267263 37.828714,-122.267163 37.828814)"
21_28_transit,transit,21,28,-122.224,37.7749,-121.891,37.4098,31.579,50.8106,31.1294,50.0873,1.01444,45.8602,45.878,7,"LINESTRING(-122.224067 37.774873,-122.224167 37.774773,-122.196798 37.753504,-122.160813 37.721706,-122.126531 37.696838,-122.087041 37.669631,-122.057258 37.634263,-122.017330 37.590665,-121.976705 37.557413,-121.939458 37.502207,-121.890903 37.409736,-121.890803 37.409836)"
21_29_transit,transit,21,29,-122.224,37.7749,-122.402,37.7892,10.4458,16.8072,9.74756,15.6838,1.07163,18.8544,21.6632,52,"LINESTRING(-122.224067 37.774873,-122.224167 37.774773,-122.265332 37.797257,-122.295244 37.804823,-122.397180 37.792689,-122.401742 37.789113,-122.401642 37.789213)"
21_30_transit,transit,21,30,-122.224,37.7749,-122.284,37.874,8.83588,14.2169,7.58054,12.1971,1.1656,20.8572,20.8597,8,"LINESTRING(-122.224067 37.774873,-122.224167 37.774773,-122.265332 37.797257,-122.271689 37.803371,-122.268822 37.807960,-122.267263 37.828714,-122.269850 37.852969,-122.268178 37.870017,-122.283608 37.873932,-122.283508 37.874032)"
21_37_transit,transit,21,37,-122.224,37.7749,-122.299,37.9026,10.9832,17.672,9.72603,15.6492,1.12926,23.8581,23.8606,3,"LINESTRING(-122.224067 37.774873,-122.224167 37.774773,-122.265332 37.797257,-122.271689 37.803371,-122.268822 37.807960,-122.267263 37.828714,-122.269850 37.852969,-122.268178 37.870017,-122.283608 37.873932,-122.298995 37.902533,-122.298895 37.902633)"
21_38_transit,transit,21,38,-122.224,37.7749,-122.407,37.7846,10.8908,17.5234,10.0338,16.1445,1.08541,20.8554,23.6867,57,"LINESTRING(-122.224067 37.774873,-122.224167 37.774773,-122.265332 37.797257,-122.295244 37.804823,-122.397180 37.792689,-122.401742 37.789113,-122.407487 37.784545,-122.407387 37.784645)"
21_39_transit,transit,21,39,-122.224,37.7749,-122.353,37.9368,14.9518,24.0574,13.2153,21.2635,1.13139,31.8601,31.8625,2,"LINESTRING(-122.224067 37.774873,-122.224167 37.774773,-122.265332 37.797257,-122.271689 37.803371,-122.268822 37.807960,-122.267263 37.828714,-122.269850 37.852969,-122.268178 37.870017,-122.283608 37.873932,-122.298995 37.902533,-122.316968 37.925105,-122.353104 37.936695,-122.353004 37.936795)"
21_41_transit,transit,21,41,-122.224,37.7749,-122.161,37.7218,5.06337,8.14695,5.04224,8.11297,1.00419,7.85254,7.85452,19,"LINESTRING(-122.224067 37.774873,-122.224167 37.774773,-122.196798 37.753504,-122.160813 37.721706,-122.160713 37.721806)"
21_44_transit,transit,21,44,-122.224,37.7749,-122.057,37.6344,13.4075,21.5727,13.323,21.4368,1.00634,20.8557,20.8684,6,"LINESTRING(-122.224067 37.774873,-122.224167 37.774773,-122.196798 37.753504,-122.160813 37.721706,-122.126531 37.696838,-122.087041 37.669631,-122.057258 37.634263,-122.057158 37.634363)"
21_46_transit,transit,21,46,-122.224,37.7749,-122.017,37.5908,17.1299,27.5619,17.0217,27.3879,1.00636,25.8568,25.8729,11,"LINESTRING(-122.224067 37.774873,-122.224167 37.774773,-122.196798 37.753504,-122.160813 37.721706,-122.126531 37.696838,-122.087041 37.669631,-122.057258 37.634263,-122.017330 37.590665,-122.017230 37.590765)"
21_47_transit,transit,21,47,-122.224,37.7749,-121.939,37.5023,24.6556,39.6708,24.4404,39.3245,1.00881,36.859,36.8766,5,"LINESTRING(-122.224067 37.774873,-122.224167 37.774773,-122.196798 37.753504,-122.160813 37.721706,-122.126531 37.696838,-122.087041 37.669631,-122.057258 37.634263,-122.017330 37.590665,-121.976705 37.557413,-121.939458 37.502207,-121.939358 37.502307)"
21_49_transit,transit,21,49,-122.224,37.7749,-121.928,37.6998,18.4971,29.7619,16.9739,27.311,1.08974,25.8556,25.8589,4,"LINESTRING(-122.224067 37.774873,-122.224167 37.774773,-122.196798 37.753504,-122.160813 37.721706,-122.126531 37.696838,-122.075715 37.690676,-121.928401 37.699660,-121.928301 37.699760)"
21_50_transit,transit,21,50,-122.224,37.7749,-122.295,37.8049,4.4656,7.18515,4.40147,7.08197,1.01457,9.85235,11.5852,6,"LINESTRING(-122.224067 37.774873,-122.224167 37.774773,-122.265332 37.797257,-122.295244 37.804823,-122.295144 37.804923)"
22_1_transit,transit,22,1,-122.434,37.7333,-122.272,37.8035,11.7169,18.8525,10.089,16.2331,1.16136,23.8584,24.2244,7,"LINESTRING(-122.433557 37.733269,-122.433657 37.733169,-122.418618 37.752322,-122.419855 37.765076,-122.413979 37.779350,-122.407487 37.784545,-122.401742 37.789113,-122.397180 37.792689,-122.295244 37.804823,-122.271689 37.803371,-122.271589 37.803471)"
22_2_transit,transit,22,2,-122.434,37.7333,-122.42,37.7652,2.45964,3.95755,2.32997,3.74893,1.05565,4.85253,4.87538,19,"LINESTRING(-122.433557 37.733269,-122.433657 37.733169,-122.418618 37.752322,-122.419855 37.765076,-122.419755 37.765176)"
22_3_transit,transit,22,3,-122.434,37.7333,-122.269,37.8081,12.0706,19.4216,10.3804,16.7021,1.16282,24.8594,25.2269,6,"LINESTRING(-122.433557 37.733269,-122.433657 37.733169,-122.418618 37.752322,-122.419855 37.765076,-122.413979 37.779350,-122.407487 37.784545,-122.401742 37.789113,-122.397180 37.792689,-122.295244 37.804823,-122.271689 37.803371,-122.268822 37.807960,-122.268722 37.808060)"
22_4_transit,transit,22,4,-122.434,37.7333,-122.419,37.7524,1.57564,2.53521,1.55771,2.50635,1.01152,2.85156,2.86414,6,"LINESTRING(-122.433557 37.733269,-122.433657 37.733169,-122.418618 37.752322,-122.418518 37.752422)"
22_6_transit,transit,22,6,-122.434,37.7333,-122.27,37.8531,15.1895,24.44,12.1864,19.608,1.24643,32.8613,33.233,1,"LINESTRING(-122.433557 37.733269,-122.433657 37.733169,-122.418618 37.752322,-122.419855 37.765076,-122.413979 37.779350,-122.407487 37.784545,-122.401742 37.789113,-122.397180 37.792689,-122.295244 37.804823,-122.271689 37.803371,-122.268822 37.807960,-122.267263 37.828714,-122.269850 37.852969,-122.269750 37.853069)"
22_7_transit,transit,22,7,-122.434,37.7333,-122.448,37.7218,1.11966,1.80153,1.10181,1.77282,1.0162,2.85163,2.85181,2,"LINESTRING(-122.433557 37.733269,-122.433657 37.733169,-122.447610 37.721658,-122.447510 37.721758)"
22_11_transit,transit,22,11,-122.434,37.7333,-122.414,37.7794,3.49699,5.62666,3.36704,5.41757,1.0386,7.8535,7.88543,60,"LINESTRING(-122.433557 37.733269,-122.433657 37.733169,-122.418618 37.752322,-122.419855 37.765076,-122.413979 37.779350,-122.413879 37.779450)"
22_12_transit,transit,22,12,-122.434,37.7333,-122.466,37.6846,4.21213,6.77732,3.80341,6.11969,1.10746,11.8537,11.8541,2,"LINESTRING(-122.433557 37.733269,-122.433657 37.733169,-122.447610 37.721658,-122.469094 37.706204,-122.466267 37.684542,-122.466167 37.684642)"
22_13_transit,transit,22,13,-122.434,37.7333,-122.197,37.7536,16.9715,27.3072,13.0173,20.9448,1.30377,32.8606,32.8996,2,"LINESTRING(-122.433557 37.733269,-122.433657 37.733169,-122.418618 37.752322,-122.419855 37.765076,-122.413979 37.779350,-122.407487 37.784545,-122.401742 37.789113,-122.397180 37.792689,-122.295244 37.804823,-122.265332 37.797257,-122.224167 37.774773,-122.196798 37.753504,-122.196698 37.753604)"
22_14_transit,transit,22,14,-122.434,37.7333,-122.029,37.9738,31.0331,49.9323,27.6216,44.4431,1.12351,54.8661,54.8923,1,"LINESTRING(-122.433557 37.733269,-122.433657 37.733169,-122.418618 37.752322,-122.419855 37.765076,-122.413979 37.779350,-122.407487 37.784545,-122.401742 37.789113,-122.397180 37.792689,-122.295244 37.804823,-122.271689 37.803371,-122.268822 37.807960,-122.267263 37.828714,-122.251371 37.844695,-122.183817 37.878403,-122.124744 37.893120,-122.067479 37.905712,-122.056115 37.928363,-122.029226 37.973673,-122.029126 37.973773)"
22_15_transit,transit,22,15,-122.434,37.7333,-122.469,37.7063,2.70715,4.3558,2.68744,4.3241,1.00733,6.85266,6.853,6,"LINESTRING(-122.433557 37.733269,-122.433657 37.733169,-122.447610 37.721658,-122.469094 37.706204,-122.468994 37.706304)"
22_16_transit,transit,22,16,-122.434,37.7333,-122.268,37.8701,16.3712,26.3413,13.0774,21.0416,1.25187,34.8623,35.2345,7,"LINESTRING(-122.433557 37.733269,-122.433657 37.733169,-122.418618 37.752322,-122.419855 37.765076,-122.413979 37.779350,-122.407487 37.784545,-122.401742 37.789113,-122.397180 37.792689,-122.295244 37.804823,-122.271689 37.803371,-122.268822 37.807960,-122.267263 37.828714,-122.269850 37.852969,-122.268178 37.870017,-122.268078 37.870117)"
22_17_transit,transit,22,17,-122.434,37.7333,-122.317,37.9252,21.2449,34.183,14.7114,23.6706,1.44411,42.8652,43.2375,2,"LINESTRING(-122.433557 37.733269,-122.433657 37.733169,-122.418618 37.752322,-122.419855 37.765076,-122.413979 37.779350,-122.407487 37.784545,-122.401742 37.789113,-122.397180 37.792689,-122.295244 37.804823,-122.271689 37.803371,-122.268822 37.807960,-122.267263 37.828714,-122.269850 37.852969,-122.268178 37.870017,-122.283608 37.873932,-122.298995 37.902533,-122.316968 37.925105,-122.316868 37.925205)"
22_19_transit,transit,22,19,-122.434,37.7333,-122.397,37.7928,4.79761,7.71936,4.56973,7.35269,1.04987,12.8565,13.1987,77,"LINESTRING(-122.433557 37.733269,-122.433657 37.733169,-122.418618 37.752322,-122.419855 37.765076,-122.413979 37.779350,-122.407487 37.784545,-122.401742 37.789113,-122.397180 37.792689,-122.397080 37.792789)"
22_24_transit,transit,22,24,-122.434,37.7333,-122.125,37.8932,22.6506,36.4449,20.1611,32.4392,1.12348,41.8632,41.8734,1,"LINESTRING(-122.433557 37.733269,-122.433657 37.733169,-122.418618 37.752322,-122.419855 37.765076,-122.413979 37.779350,-122.407487 37.784545,-122.401742 37.789113,-122.397180 37.792689,-122.295244 37.804823,-122.271689 37.803371,-122.268822 37.807960,-122.267263 37.828714,-122.251371 37.844695,-122.183817 37.878403,-122.124744 37.893120,-122.124644 37.893220)"
22_25_transit,transit,22,25,-122.434,37.7333,-122.265,37.7974,12.1418,19.5362,10.2048,16.4195,1.18982,25.8585,25.8954,2,"LINESTRING(-122.433557 37.733269,-122.433657 37.733169,-122.418618 37.752322,-122.419855 37.765076,-122.413979 37.779350,-122.407487 37.784545,-122.401742 37.789113,-122.397180 37.792689,-122.295244 37.804823,-122.265332 37.797257,-122.265232 37.797357)"
22_26_transit,transit,22,26,-122.434,37.7333,-122.267,37.8288,13.5074,21.7334,11.2315,18.0716,1.20263,28.8604,29.2304,2,"LINESTRING(-122.433557 37.733269,-122.433657 37.733169,-122.418618 37.752322,-122.419855 37.765076,-122.413979 37.779350,-122.407487 37.784545,-122.401742 37.789113,-122.397180 37.792689,-122.295244 37.804823,-122.271689 37.803371,-122.268822 37.807960,-122.267263 37.828714,-122.267163 37.828814)"
22_27_transit,transit,22,27,-122.434,37.7333,-122.387,37.6002,11.5863,18.6423,9.54278,15.3543,1.21414,26.8579,26.862,9,"LINESTRING(-122.433557 37.733269,-122.433657 37.733169,-122.447610 37.721658,-122.469094 37.706204,-122.466267 37.684542,-122.444354 37.664337,-122.416484 37.637620,-122.391995 37.615923,-122.386940 37.600099,-122.386840 37.600199)"
22_29_transit,transit,22,29,-122.434,37.7333,-122.402,37.7892,4.44669,7.15473,4.24034,6.8227,1.04866,10.8555,11.182,85,"LINESTRING(-122.433557 37.733269,-122.433657 37.733169,-122.418618 37.752322,-122.419855 37.765076,-122.413979 37.779350,-122.407487 37.784545,-122.401742 37.789113,-122.401642 37.789213)"
22_33_transit,transit,22,33,-122.434,37.7333,-122.184,37.8785,19.2719,31.0085,16.9327,27.2448,1.13814,36.8623,36.8725,1,"LINESTRING(-122.433557 37.733269,-122.433657 37.733169,-122.418618 37.752322,-122.419855 37.765076,-122.413979 37.779350,-122.407487 37.784545,-122.401742 37.789113,-122.397180 37.792689,-122.295244 37.804823,-122.271689 37.803371,-122.268822 37.807960,-122.267263 37.828714,-122.251371 37.844695,-122.183817 37.878403,-122.183717 37.878503)"
22_35_transit,transit,22,35,-122.434,37.7333,-122.056,37.9285,27.5759,44.3697,24.6249,39.6215,1.11984,48.8652,48.8753,1,"LINESTRING(-122.433557 37.733269,-122.433657 37.733169,-122.418618 37.752322,-122.419855 37.765076,-122.413979 37.779350,-122.407487 37.784545,-122.401742 37.789113,-122.397180 37.792689,-122.295244 37.804823,-122.271689 37.803371,-122.268822 37.807960,-122.267263 37.828714,-122.251371 37.844695,-122.183817 37.878403,-122.124744 37.893120,-122.067479 37.905712,-122.056115 37.928363,-122.056015 37.928463)"
22_36_transit,transit,22,36,-122.434,37.7333,-121.944,38.0189,37.5991,60.4969,33.193,53.4075,1.13274,63.868,63.8781,1,"LINESTRING(-122.433557 37.733269,-122.433657 37.733169,-122.418618 37.752322,-122.419855 37.765076,-122.413979 37.779350,-122.407487 37.784545,-122.401742 37.789113,-122.397180 37.792689,-122.295244 37.804823,-122.271689 37.803371,-122.268822 37.807960,-122.267263 37.828714,-122.251371 37.844695,-122.183817 37.878403,-122.124744 37.893120,-122.067479 37.905712,-122.056115 37.928363,-122.029226 37.973673,-122.024661 38.003307,-121.944348 38.018850,-121.944248 38.018950)"
22_37_transit,transit,22,37,-122.434,37.7333,-122.299,37.9026,19.4027,31.219,13.8189,22.2346,1.40407,40.8642,41.2365,2,"LINESTRING(-122.433557 37.733269,-122.433657 37.733169,-122.418618 37.752322,-122.419855 37.765076,-122.413979 37.779350,-122.407487 37.784545,-122.401742 37.789113,-122.397180 37.792689,-122.295244 37.804823,-122.271689 37.803371,-122.268822 37.807960,-122.267263 37.828714,-122.269850 37.852969,-122.268178 37.870017,-122.283608 37.873932,-122.298995 37.902533,-122.298895 37.902633)"
22_38_transit,transit,22,38,-122.434,37.7333,-122.407,37.7846,4.0016,6.43857,3.82682,6.15735,1.04567,8.85449,8.88957,43,"LINESTRING(-122.433557 37.733269,-122.433657 37.733169,-122.418618 37.752322,-122.419855 37.765076,-122.413979 37.779350,-122.407487 37.784545,-122.407387 37.784645)"
22_39_transit,transit,22,39,-122.434,37.7333,-122.353,37.9368,23.3713,37.6043,14.7334,23.7061,1.58627,47.8662,48.2385,1,"LINESTRING(-122.433557 37.733269,-122.433657 37.733169,-122.418618 37.752322,-122.419855 37.765076,-122.413979 37.779350,-122.407487 37.784545,-122.401742 37.789113,-122.397180 37.792689,-122.295244 37.804823,-122.271689 37.803371,-122.268822 37.807960,-122.267263 37.828714,-122.269850 37.852969,-122.268178 37.870017,-122.283608 37.873932,-122.298995 37.902533,-122.316968 37.925105,-122.353104 37.936695,-122.353004 37.936795)"
22_40_transit,transit,22,40,-122.434,37.7333,-122.251,37.8448,14.9117,23.9929,12.5877,20.2535,1.18463,31.8614,31.8715,1,"LINESTRING(-122.433557 37.733269,-122.433657 37.733169,-122.418618 37.752322,-122.419855 37.765076,-122.413979 37.779350,-122.407487 37.784545,-122.401742 37.789113,-122.397180 37.792689,-122.295244 37.804823,-122.271689 37.803371,-122.268822 37.807960,-122.267263 37.828714,-122.251371 37.844695,-122.251271 37.844795)"
22_41_transit,transit,22,41,-122.434,37.7333,-122.161,37.7218,19.9206,32.0522,14.9315,24.0249,1.33413,36.8616,36.9012,1,"LINESTRING(-122.433557 37.733269,-122.433657 37.733169,-122.418618 37.752322,-122.419855 37.765076,-122.413979 37.779350,-122.407487 37.784545,-122.401742 37.789113,-122.397180 37.792689,-122.295244 37.804823,-122.265332 37.797257,-122.224167 37.774773,-122.196798 37.753504,-122.160813 37.721706,-122.160713 37.721806)"
22_43_transit,transit,22,43,-122.434,37.7333,-122.392,37.616,10.4582,16.8273,8.41531,13.5402,1.24276,22.8569,22.8574,5,"LINESTRING(-122.433557 37.733269,-122.433657 37.733169,-122.447610 37.721658,-122.469094 37.706204,-122.466267 37.684542,-122.444354 37.664337,-122.416484 37.637620,-122.391995 37.615923,-122.391895 37.616023)"
22_46_transit,transit,22,46,-122.434,37.7333,-122.017,37.5908,31.9871,51.4672,24.8093,39.9181,1.28932,54.8659,55.0358,2,"LINESTRING(-122.433557 37.733269,-122.433657 37.733169,-122.418618 37.752322,-122.419855 37.765076,-122.413979 37.779350,-122.407487 37.784545,-122.401742 37.789113,-122.397180 37.792689,-122.295244 37.804823,-122.265332 37.797257,-122.224167 37.774773,-122.196798 37.753504,-122.160813 37.721706,-122.126531 37.696838,-122.087041 37.669631,-122.057258 37.634263,-122.017330 37.590665,-122.017230 37.590765)"
22_47_transit,transit,22,47,-122.434,37.7333,-121.939,37.5023,39.5128,63.5761,31.404,50.529,1.25821,65.8681,66.0395,2,"LINESTRING(-122.433557 37.733269,-122.433657 37.733169,-122.418618 37.752322,-122.419855 37.765076,-122.413979 37.779350,-122.407487 37.784545,-122.401742 37.789113,-122.397180 37.792689,-122.295244 37.804823,-122.265332 37.797257,-122.224167 37.774773,-122.196798 37.753504,-122.160813 37.721706,-122.126531 37.696838,-122.087041 37.669631,-122.057258 37.634263,-122.017330 37.590665,-121.976705 37.557413,-121.939458 37.502207,-121.939358 37.502307)"
22_48_transit,transit,22,48,-122.434,37.7333,-122.067,37.9058,25.8924,41.6609,23.2718,37.4442,1.11261,46.8642,46.8905,1,"LINESTRING(-122.433557 37.733269,-122.433657 37.733169,-122.418618 37.752322,-122.419855 37.765076,-122.413979 37.779350,-122.407487 37.784545,-122.401742 37.789113,-122.397180 37.792689,-122.295244 37.804823,-122.271689 37.803371,-122.268822 37.807960,-122.267263 37.828714,-122.251371 37.844695,-122.183817 37.878403,-122.124744 37.893120,-122.067479 37.905712,-122.067379 37.905812)"
22_50_transit,transit,22,50,-122.434,37.7333,-122.295,37.8049,10.4268,16.7768,9.0367,14.5401,1.15383,19.8574,20.215,3,"LINESTRING(-122.433557 37.733269,-122.433657 37.733169,-122.418618 37.752322,-122.419855 37.765076,-122.413979 37.779350,-122.407487 37.784545,-122.401742 37.789113,-122.397180 37.792689,-122.295244 37.804823,-122.295144 37.804923)"
23_1_transit,transit,23,1,-122.087,37.6697,-122.272,37.8035,13.7497,22.1232,13.6817,22.0138,1.00497,22.8566,22.8621,20,"LINESTRING(-122.086941 37.669731,-122.087041 37.669631,-122.126531 37.696838,-122.160813 37.721706,-122.196798 37.753504,-122.224167 37.774773,-122.265332 37.797257,-122.271689 37.803371,-122.271589 37.803471)"
23_2_transit,transit,23,2,-122.087,37.6697,-122.42,37.7652,22.8851,36.8221,19.3488,31.1322,1.18276,39.8617,43.0804,15,"LINESTRING(-122.086941 37.669731,-122.087041 37.669631,-122.126531 37.696838,-122.160813 37.721706,-122.196798 37.753504,-122.224167 37.774773,-122.265332 37.797257,-122.295244 37.804823,-122.397180 37.792689,-122.401742 37.789113,-122.407487 37.784545,-122.413979 37.779350,-122.419855 37.765076,-122.419755 37.765176)"
23_3_transit,transit,23,3,-122.087,37.6697,-122.269,37.8081,14.1033,22.6923,13.7842,22.1788,1.02315,23.8576,23.8632,14,"LINESTRING(-122.086941 37.669731,-122.087041 37.669631,-122.126531 37.696838,-122.160813 37.721706,-122.196798 37.753504,-122.224167 37.774773,-122.265332 37.797257,-122.271689 37.803371,-122.268822 37.807960,-122.268722 37.808060)"
23_4_transit,transit,23,4,-122.087,37.6697,-122.419,37.7524,23.7691,38.2444,19.0034,30.5765,1.25078,41.8627,45.0816,7,"LINESTRING(-122.086941 37.669731,-122.087041 37.669631,-122.126531 37.696838,-122.160813 37.721706,-122.196798 37.753504,-122.224167 37.774773,-122.265332 37.797257,-122.295244 37.804823,-122.397180 37.792689,-122.401742 37.789113,-122.407487 37.784545,-122.413979 37.779350,-122.419855 37.765076,-122.418618 37.752322,-122.418518 37.752422)"
23_6_transit,transit,23,6,-122.087,37.6697,-122.27,37.8531,17.2223,27.7107,16.1301,25.9534,1.06771,31.8595,31.8653,1,"LINESTRING(-122.086941 37.669731,-122.087041 37.669631,-122.126531 37.696838,-122.160813 37.721706,-122.196798 37.753504,-122.224167 37.774773,-122.265332 37.797257,-122.271689 37.803371,-122.268822 37.807960,-122.267263 37.828714,-122.269850 37.852969,-122.269750 37.853069)"
23_8_transit,transit,23,8,-122.087,37.6697,-122.126,37.6969,2.88119,4.63583,2.86298,4.60653,1.00636,4.85182,4.85212,5,"LINESTRING(-122.086941 37.669731,-122.087041 37.669631,-122.126531 37.696838,-122.126431 37.696938)"
23_9_transit,transit,23,9,-122.087,37.6697,-121.875,37.3685,24.1181,38.806,23.8441,38.3652,1.01149,33.8575,33.8651,5,"LINESTRING(-122.086941 37.669731,-122.087041 37.669631,-122.057258 37.634263,-122.017330 37.590665,-121.976705 37.557413,-121.939458 37.502207,-121.890903 37.409736,-121.874761 37.368395,-121.874661 37.368495)"
23_11_transit,transit,23,11,-122.087,37.6697,-122.414,37.7794,21.8477,35.1529,19.4091,31.2293,1.12564,37.8606,41.0786,23,"LINESTRING(-122.086941 37.669731,-122.087041 37.669631,-122.126531 37.696838,-122.160813 37.721706,-122.196798 37.753504,-122.224167 37.774773,-122.265332 37.797257,-122.295244 37.804823,-122.397180 37.792689,-122.401742 37.789113,-122.407487 37.784545,-122.413979 37.779350,-122.413879 37.779450)"
23_13_transit,transit,23,13,-122.087,37.6697,-122.197,37.7536,8.37315,13.4724,8.3412,13.421,1.00383,11.8537,11.8559,13,"LINESTRING(-122.086941 37.669731,-122.087041 37.669631,-122.126531 37.696838,-122.160813 37.721706,-122.196798 37.753504,-122.196698 37.753604)"
23_15_transit,transit,23,15,-122.087,37.6697,-122.469,37.7063,28.0166,45.0787,21.0421,33.8567,1.33146,50.8658,54.0847,3,"LINESTRING(-122.086941 37.669731,-122.087041 37.669631,-122.126531 37.696838,-122.160813 37.721706,-122.196798 37.753504,-122.224167 37.774773,-122.265332 37.797257,-122.295244 37.804823,-122.397180 37.792689,-122.401742 37.789113,-122.407487 37.784545,-122.413979 37.779350,-122.419855 37.765076,-122.418618 37.752322,-122.433657 37.733169,-122.447610 37.721658,-122.469094 37.706204,-122.468994 37.706304)"
23_16_transit,transit,23,16,-122.087,37.6697,-122.268,37.8701,18.404,29.612,17.0168,27.3801,1.08152,33.8604,33.8663,9,"LINESTRING(-122.086941 37.669731,-122.087041 37.669631,-122.126531 37.696838,-122.160813 37.721706,-122.196798 37.753504,-122.224167 37.774773,-122.265332 37.797257,-122.271689 37.803371,-122.268822 37.807960,-122.267263 37.828714,-122.269850 37.852969,-122.268178 37.870017,-122.268078 37.870117)"
23_17_transit,transit,23,17,-122.087,37.6697,-122.317,37.9252,23.2776,37.4537,21.6603,34.8514,1.07467,41.8633,41.8692,2,"LINESTRING(-122.086941 37.669731,-122.087041 37.669631,-122.126531 37.696838,-122.160813 37.721706,-122.196798 37.753504,-122.224167 37.774773,-122.265332 37.797257,-122.271689 37.803371,-122.268822 37.807960,-122.267263 37.828714,-122.269850 37.852969,-122.268178 37.870017,-122.283608 37.873932,-122.298995 37.902533,-122.316968 37.925105,-122.316868 37.925205)"
23_19_transit,transit,23,19,-122.087,37.6697,-122.397,37.7928,20.5471,33.0602,18.961,30.5083,1.08365,32.8576,35.978,40,"LINESTRING(-122.086941 37.669731,-122.087041 37.669631,-122.126531 37.696838,-122.160813 37.721706,-122.196798 37.753504,-122.224167 37.774773,-122.265332 37.797257,-122.295244 37.804823,-122.397180 37.792689,-122.397080 37.792789)"
23_20_transit,transit,23,20,-122.087,37.6697,-121.977,37.5575,9.87637,15.8911,9.82789,15.8131,1.00493,14.8541,14.8613,14,"LINESTRING(-122.086941 37.669731,-122.087041 37.669631,-122.057258 37.634263,-122.017330 37.590665,-121.976705 37.557413,-121.976605 37.557513)"
23_21_transit,transit,23,21,-122.087,37.6697,-122.224,37.7749,10.4699,16.846,10.4374,16.7938,1.00311,15.8546,15.8581,14,"LINESTRING(-122.086941 37.669731,-122.087041 37.669631,-122.126531 37.696838,-122.160813 37.721706,-122.196798 37.753504,-122.224167 37.774773,-122.224067 37.774873)"
23_22_transit,transit,23,22,-122.087,37.6697,-122.434,37.7333,25.3271,40.7513,19.4506,31.296,1.30212,44.8637,48.0826,2,"LINESTRING(-122.086941 37.669731,-122.087041 37.669631,-122.126531 37.696838,-122.160813 37.721706,-122.196798 37.753504,-122.224167 37.774773,-122.265332 37.797257,-122.295244 37.804823,-122.397180 37.792689,-122.401742 37.789113,-122.407487 37.784545,-122.413979 37.779350,-122.419855 37.765076,-122.418618 37.752322,-122.433657 37.733169,-122.433557 37.733269)"
23_25_transit,transit,23,25,-122.087,37.6697,-122.265,37.7974,13.2028,21.2434,13.1407,21.1434,1.00473,19.8556,19.8604,6,"LINESTRING(-122.086941 37.669731,-122.087041 37.669631,-122.126531 37.696838,-122.160813 37.721706,-122.196798 37.753504,-122.224167 37.774773,-122.265332 37.797257,-122.265232 37.797357)"
23_26_transit,transit,23,26,-122.087,37.6697,-122.267,37.8288,15.5401,25.0041,14.7567,23.7435,1.05309,27.8585,27.8643,2,"LINESTRING(-122.086941 37.669731,-122.087041 37.669631,-122.126531 37.696838,-122.160813 37.721706,-122.196798 37.753504,-122.224167 37.774773,-122.265332 37.797257,-122.271689 37.803371,-122.268822 37.807960,-122.267263 37.828714,-122.267163 37.828814)"
23_28_transit,transit,23,28,-122.087,37.6697,-121.891,37.4098,21.1268,33.993,20.9268,33.6713,1.00955,29.8565,29.8639,16,"LINESTRING(-122.086941 37.669731,-122.087041 37.669631,-122.057258 37.634263,-122.017330 37.590665,-121.976705 37.557413,-121.939458 37.502207,-121.890903 37.409736,-121.890803 37.409836)"
23_29_transit,transit,23,29,-122.087,37.6697,-122.402,37.7892,20.898,33.6249,19.0763,30.6938,1.09549,33.8586,37.0497,35,"LINESTRING(-122.086941 37.669731,-122.087041 37.669631,-122.126531 37.696838,-122.160813 37.721706,-122.196798 37.753504,-122.224167 37.774773,-122.265332 37.797257,-122.295244 37.804823,-122.397180 37.792689,-122.401742 37.789113,-122.401642 37.789213)"
23_30_transit,transit,23,30,-122.087,37.6697,-122.284,37.874,19.2881,31.0346,17.7346,28.5349,1.0876,35.8614,35.8673,2,"LINESTRING(-122.086941 37.669731,-122.087041 37.669631,-122.126531 37.696838,-122.160813 37.721706,-122.196798 37.753504,-122.224167 37.774773,-122.265332 37.797257,-122.271689 37.803371,-122.268822 37.807960,-122.267263 37.828714,-122.269850 37.852969,-122.268178 37.870017,-122.283608 37.873932,-122.283508 37.874032)"
23_37_transit,transit,23,37,-122.087,37.6697,-122.299,37.9026,21.4355,34.4897,19.822,31.8935,1.0814,38.8624,38.8683,1,"LINESTRING(-122.086941 37.669731,-122.087041 37.669631,-122.126531 37.696838,-122.160813 37.721706,-122.196798 37.753504,-122.224167 37.774773,-122.265332 37.797257,-122.271689 37.803371,-122.268822 37.807960,-122.267263 37.828714,-122.269850 37.852969,-122.268178 37.870017,-122.283608 37.873932,-122.298995 37.902533,-122.298895 37.902633)"
23_38_transit,transit,23,38,-122.087,37.6697,-122.407,37.7846,21.3431,34.341,19.2279,30.9376,1.11001,35.8596,39.0731,19,"LINESTRING(-122.086941 37.669731,-122.087041 37.669631,-122.126531 37.696838,-122.160813 37.721706,-122.196798 37.753504,-122.224167 37.774773,-122.265332 37.797257,-122.295244 37.804823,-122.397180 37.792689,-122.401742 37.789113,-122.407487 37.784545,-122.407387 37.784645)"
23_39_transit,transit,23,39,-122.087,37.6697,-122.353,37.9368,25.404,40.875,23.4835,37.7849,1.08178,46.8643,46.8702,2,"LINESTRING(-122.086941 37.669731,-122.087041 37.669631,-122.126531 37.696838,-122.160813 37.721706,-122.196798 37.753504,-122.224167 37.774773,-122.265332 37.797257,-122.271689 37.803371,-122.268822 37.807960,-122.267263 37.828714,-122.269850 37.852969,-122.268178 37.870017,-122.283608 37.873932,-122.298995 37.902533,-122.316968 37.925105,-122.353104 37.936695,-122.353004 37.936795)"
23_41_transit,transit,23,41,-122.087,37.6697,-122.161,37.7218,5.42412,8.72741,5.40494,8.69654,1.00355,7.85277,7.85364,8,"LINESTRING(-122.086941 37.669731,-122.087041 37.669631,-122.126531 37.696838,-122.160813 37.721706,-122.160713 37.721806)"
23_44_transit,transit,23,44,-122.087,37.6697,-122.057,37.6344,2.95527,4.75503,2.93705,4.72571,1.00621,4.85196,4.85484,2,"LINESTRING(-122.086941 37.669731,-122.087041 37.669631,-122.057258 37.634263,-122.057158 37.634363)"
23_46_transit,transit,23,46,-122.087,37.6697,-122.017,37.5908,6.67762,10.7443,6.65733,10.7116,1.00305,9.85306,9.85917,22,"LINESTRING(-122.086941 37.669731,-122.087041 37.669631,-122.057258 37.634263,-122.017330 37.590665,-122.017230 37.590765)"
23_47_transit,transit,23,47,-122.087,37.6697,-121.939,37.5023,14.2033,22.8532,14.1108,22.7043,1.00656,20.8553,20.8626,11,"LINESTRING(-122.086941 37.669731,-122.087041 37.669631,-122.057258 37.634263,-122.017330 37.590665,-121.976705 37.557413,-121.939458 37.502207,-121.939358 37.502307)"
23_50_transit,transit,23,50,-122.087,37.6697,-122.295,37.8049,14.9178,24.0028,14.72,23.6845,1.01344,25.8566,27.734,7,"LINESTRING(-122.086941 37.669731,-122.087041 37.669631,-122.126531 37.696838,-122.160813 37.721706,-122.196798 37.753504,-122.224167 37.774773,-122.265332 37.797257,-122.295244 37.804823,-122.295144 37.804923)"
24_1_transit,transit,24,1,-122.125,37.8932,-122.272,37.8035,10.9513,17.6207,10.1356,16.3081,1.08048,18.8551,19.8753,14,"LINESTRING(-122.124644 37.893220,-122.124744 37.893120,-122.183817 37.878403,-122.251371 37.844695,-122.267263 37.828714,-122.268822 37.807960,-122.271689 37.803371,-122.271589 37.803471)"
24_2_transit,transit,24,2,-122.125,37.8932,-122.42,37.7652,20.2086,32.5156,18.3752,29.5657,1.09977,37.8612,40.7204,4,"LINESTRING(-122.124644 37.893220,-122.124744 37.893120,-122.183817 37.878403,-122.251371 37.844695,-122.267263 37.828714,-122.268822 37.807960,-122.271689 37.803371,-122.295244 37.804823,-122.397180 37.792689,-122.401742 37.789113,-122.407487 37.784545,-122.413979 37.779350,-122.419855 37.765076,-122.419755 37.765176)"
24_3_transit,transit,24,3,-122.125,37.8932,-122.269,37.8081,10.5976,17.0516,9.81887,15.7986,1.07931,17.8541,18.787,15,"LINESTRING(-122.124644 37.893220,-122.124744 37.893120,-122.183817 37.878403,-122.251371 37.844695,-122.267263 37.828714,-122.268822 37.807960,-122.268722 37.808060)"
24_4_transit,transit,24,4,-122.125,37.8932,-122.419,37.7524,21.0926,33.938,18.7588,30.1829,1.12441,39.8622,42.7218,2,"LINESTRING(-122.124644 37.893220,-122.124744 37.893120,-122.183817 37.878403,-122.251371 37.844695,-122.267263 37.828714,-122.268822 37.807960,-122.271689 37.803371,-122.295244 37.804823,-122.397180 37.792689,-122.401742 37.789113,-122.407487 37.784545,-122.413979 37.779350,-122.419855 37.765076,-122.418618 37.752322,-122.418518 37.752422)"
24_7_transit,transit,24,7,-122.125,37.8932,-122.448,37.7218,23.7527,38.218,21.2366,34.1697,1.11848,44.8643,47.7242,5,"LINESTRING(-122.124644 37.893220,-122.124744 37.893120,-122.183817 37.878403,-122.251371 37.844695,-122.267263 37.828714,-122.268822 37.807960,-122.271689 37.803371,-122.295244 37.804823,-122.397180 37.792689,-122.401742 37.789113,-122.407487 37.784545,-122.413979 37.779350,-122.419855 37.765076,-122.418618 37.752322,-122.433657 37.733169,-122.447610 37.721658,-122.447510 37.721758)"
24_11_transit,transit,24,11,-122.125,37.8932,-122.414,37.7794,19.1712,30.8465,17.6323,28.3703,1.08728,35.8601,38.7185,20,"LINESTRING(-122.124644 37.893220,-122.124744 37.893120,-122.183817 37.878403,-122.251371 37.844695,-122.267263 37.828714,-122.268822 37.807960,-122.271689 37.803371,-122.295244 37.804823,-122.397180 37.792689,-122.401742 37.789113,-122.407487 37.784545,-122.413979 37.779350,-122.413879 37.779450)"
24_14_transit,transit,24,14,-122.125,37.8932,-122.029,37.9738,8.40008,13.5157,7.62058,12.2615,1.10229,12.8527,12.8528,2,"LINESTRING(-122.124644 37.893220,-122.124744 37.893120,-122.067479 37.905712,-122.056115 37.928363,-122.029226 37.973673,-122.029126 37.973773)"
24_15_transit,transit,24,15,-122.125,37.8932,-122.469,37.7063,25.3402,40.7723,22.8085,36.6988,1.111,48.8653,51.7253,2,"LINESTRING(-122.124644 37.893220,-122.124744 37.893120,-122.183817 37.878403,-122.251371 37.844695,-122.267263 37.828714,-122.268822 37.807960,-122.271689 37.803371,-122.295244 37.804823,-122.397180 37.792689,-122.401742 37.789113,-122.407487 37.784545,-122.413979 37.779350,-122.419855 37.765076,-122.418618 37.752322,-122.433657 37.733169,-122.447610 37.721658,-122.469094 37.706204,-122.468994 37.706304)"
24_19_transit,transit,24,19,-122.125,37.8932,-122.397,37.7928,17.8706,28.7538,16.4049,26.3954,1.08935,30.8571,33.6461,92,"LINESTRING(-122.124644 37.893220,-122.124744 37.893120,-122.183817 37.878403,-122.251371 37.844695,-122.267263 37.828714,-122.268822 37.807960,-122.271689 37.803371,-122.295244 37.804823,-122.397180 37.792689,-122.397080 37.792789)"
24_26_transit,transit,24,26,-122.125,37.8932,-122.267,37.8288,9.16085,14.7398,8.95792,14.4133,1.02265,13.853,14.4877,9,"LINESTRING(-122.124644 37.893220,-122.124744 37.893120,-122.183817 37.878403,-122.251371 37.844695,-122.267263 37.828714,-122.267163 37.828814)"
24_29_transit,transit,24,29,-122.125,37.8932,-122.402,37.7892,18.2215,29.3185,16.7357,26.9277,1.08878,31.8581,34.6921,70,"LINESTRING(-122.124644 37.893220,-122.124744 37.893120,-122.183817 37.878403,-122.251371 37.844695,-122.267263 37.828714,-122.268822 37.807960,-122.271689 37.803371,-122.295244 37.804823,-122.397180 37.792689,-122.401742 37.789113,-122.401642 37.789213)"
24_35_transit,transit,24,35,-122.125,37.8932,-122.056,37.9285,4.94291,7.95314,4.46386,7.18234,1.10732,7.85182,7.85185,2,"LINESTRING(-122.124644 37.893220,-122.124744 37.893120,-122.067479 37.905712,-122.056115 37.928363,-122.056015 37.928463)"
24_38_transit,transit,24,38,-122.125,37.8932,-122.407,37.7846,18.6666,30.0346,17.1554,27.6031,1.08809,33.8591,36.7111,14,"LINESTRING(-122.124644 37.893220,-122.124744 37.893120,-122.183817 37.878403,-122.251371 37.844695,-122.267263 37.828714,-122.268822 37.807960,-122.271689 37.803371,-122.295244 37.804823,-122.397180 37.792689,-122.401742 37.789113,-122.407487 37.784545,-122.407387 37.784645)"
24_40_transit,transit,24,40,-122.125,37.8932,-122.251,37.8448,7.75655,12.4803,7.6745,12.3483,1.01069,10.852,11.3078,1,"LINESTRING(-122.124644 37.893220,-122.124744 37.893120,-122.183817 37.878403,-122.251371 37.844695,-122.251271 37.844795)"
24_43_transit,transit,24,43,-122.125,37.8932,-122.392,37.616,33.0912,53.2438,24.0826,38.7489,1.37407,64.8695,67.7297,7,"LINESTRING(-122.124644 37.893220,-122.124744 37.893120,-122.183817 37.878403,-122.251371 37.844695,-122.267263 37.828714,-122.268822 37.807960,-122.271689 37.803371,-122.295244 37.804823,-122.397180 37.792689,-122.401742 37.789113,-122.407487 37.784545,-122.413979 37.779350,-122.419855 37.765076,-122.418618 37.752322,-122.433657 37.733169,-122.447610 37.721658,-122.469094 37.706204,-122.466267 37.684542,-122.444354 37.664337,-122.416484 37.637620,-122.391995 37.615923,-122.391895 37.616023)"
24_48_transit,transit,24,48,-122.125,37.8932,-122.067,37.9058,3.25939,5.24436,3.24113,5.21497,1.00564,4.85087,4.8509,3,"LINESTRING(-122.124644 37.893220,-122.124744 37.893120,-122.067479 37.905712,-122.067379 37.905812)"
25_2_transit,transit,25,2,-122.265,37.7974,-122.42,37.7652,9.69983,15.607,8.72636,14.0407,1.11155,20.8564,23.2273,9,"LINESTRING(-122.265232 37.797357,-122.265332 37.797257,-122.295244 37.804823,-122.397180 37.792689,-122.401742 37.789113,-122.407487 37.784545,-122.413979 37.779350,-122.419855 37.765076,-122.419755 37.765176)"
25_3_transit,transit,25,3,-122.265,37.7974,-122.269,37.8081,0.918119,1.47725,0.763664,1.22874,1.20226,4.85229,4.85312,1,"LINESTRING(-122.265232 37.797357,-122.265332 37.797257,-122.271689 37.803371,-122.268822 37.807960,-122.268722 37.808060)"
25_4_transit,transit,25,4,-122.265,37.7974,-122.419,37.7524,10.5838,17.0294,8.92869,14.3663,1.18537,22.8574,25.2285,12,"LINESTRING(-122.265232 37.797357,-122.265332 37.797257,-122.295244 37.804823,-122.397180 37.792689,-122.401742 37.789113,-122.407487 37.784545,-122.413979 37.779350,-122.419855 37.765076,-122.418618 37.752322,-122.418518 37.752422)"
25_6_transit,transit,25,6,-122.265,37.7974,-122.27,37.8531,4.03706,6.49563,3.85726,6.20633,1.04661,12.8542,12.8552,1,"LINESTRING(-122.265232 37.797357,-122.265332 37.797257,-122.271689 37.803371,-122.268822 37.807960,-122.267263 37.828714,-122.269850 37.852969,-122.269750 37.853069)"
25_7_transit,transit,25,7,-122.265,37.7974,-122.448,37.7218,13.2439,21.3094,11.2439,18.0914,1.17788,27.8595,30.2306,5,"LINESTRING(-122.265232 37.797357,-122.265332 37.797257,-122.295244 37.804823,-122.397180 37.792689,-122.401742 37.789113,-122.407487 37.784545,-122.413979 37.779350,-122.419855 37.765076,-122.418618 37.752322,-122.433657 37.733169,-122.447610 37.721658,-122.447510 37.721758)"
25_8_transit,transit,25,8,-122.265,37.7974,-122.126,37.6969,10.3393,16.6359,10.2785,16.538,1.00592,15.8545,15.8623,4,"LINESTRING(-122.265232 37.797357,-122.265332 37.797257,-122.224167 37.774773,-122.196798 37.753504,-122.160813 37.721706,-122.126531 37.696838,-122.126431 37.696938)"
25_9_transit,transit,25,9,-122.265,37.7974,-121.875,37.3685,37.3033,60.021,36.543,58.7977,1.02081,53.8623,53.881,5,"LINESTRING(-122.265232 37.797357,-122.265332 37.797257,-122.224167 37.774773,-122.196798 37.753504,-122.160813 37.721706,-122.126531 37.696838,-122.087041 37.669631,-122.057258 37.634263,-122.017330 37.590665,-121.976705 37.557413,-121.939458 37.502207,-121.890903 37.409736,-121.874761 37.368395,-121.874661 37.368495)"
25_10_transit,transit,25,10,-122.265,37.7974,-122.076,37.6908,13.1506,21.1593,12.7106,20.4514,1.03461,20.8556,20.8589,1,"LINESTRING(-122.265232 37.797357,-122.265332 37.797257,-122.224167 37.774773,-122.196798 37.753504,-122.160813 37.721706,-122.126531 37.696838,-122.075715 37.690676,-122.075615 37.690776)"
25_11_transit,transit,25,11,-122.265,37.7974,-122.414,37.7794,8.66247,13.9379,8.21042,13.2106,1.05506,17.8554,20.4314,25,"LINESTRING(-122.265232 37.797357,-122.265332 37.797257,-122.295244 37.804823,-122.397180 37.792689,-122.401742 37.789113,-122.407487 37.784545,-122.413979 37.779350,-122.413879 37.779450)"
25_13_transit,transit,25,13,-122.265,37.7974,-122.197,37.7536,4.84731,7.79933,4.81123,7.74127,1.0075,7.85241,7.85443,11,"LINESTRING(-122.265232 37.797357,-122.265332 37.797257,-122.224167 37.774773,-122.196798 37.753504,-122.196698 37.753604)"
25_15_transit,transit,25,15,-122.265,37.7974,-122.469,37.7063,14.8314,23.8637,12.7864,20.5734,1.15993,31.8605,34.2316,5,"LINESTRING(-122.265232 37.797357,-122.265332 37.797257,-122.295244 37.804823,-122.397180 37.792689,-122.401742 37.789113,-122.407487 37.784545,-122.413979 37.779350,-122.419855 37.765076,-122.418618 37.752322,-122.433657 37.733169,-122.447610 37.721658,-122.469094 37.706204,-122.468994 37.706304)"
25_16_transit,transit,25,16,-122.265,37.7974,-122.268,37.8701,5.21874,8.39696,5.02968,8.09276,1.03759,14.8552,14.8562,3,"LINESTRING(-122.265232 37.797357,-122.265332 37.797257,-122.271689 37.803371,-122.268822 37.807960,-122.267263 37.828714,-122.269850 37.852969,-122.268178 37.870017,-122.268078 37.870117)"
25_17_transit,transit,25,17,-122.265,37.7974,-122.317,37.9252,10.0924,16.2387,9.27175,14.9183,1.08851,22.858,22.8591,3,"LINESTRING(-122.265232 37.797357,-122.265332 37.797257,-122.271689 37.803371,-122.268822 37.807960,-122.267263 37.828714,-122.269850 37.852969,-122.268178 37.870017,-122.283608 37.873932,-122.298995 37.902533,-122.316968 37.925105,-122.316868 37.925205)"
25_18_transit,transit,25,18,-122.265,37.7974,-121.899,37.7017,22.8246,36.7248,21.0591,33.8841,1.08384,32.8575,32.8615,5,"LINESTRING(-122.265232 37.797357,-122.265332 37.797257,-122.224167 37.774773,-122.196798 37.753504,-122.160813 37.721706,-122.126531 37.696838,-122.075715 37.690676,-121.928401 37.699660,-121.899342 37.701592,-121.899242 37.701692)"
25_19_transit,transit,25,19,-122.265,37.7974,-122.397,37.7928,7.36185,11.8452,7.20564,11.5939,1.02168,12.8523,15.358,57,"LINESTRING(-122.265232 37.797357,-122.265332 37.797257,-122.295244 37.804823,-122.397180 37.792689,-122.397080 37.792789)"
25_20_transit,transit,25,20,-122.265,37.7974,-121.977,37.5575,23.0616,37.1061,22.8856,36.8229,1.00769,34.8588,34.877,4,"LINESTRING(-122.265232 37.797357,-122.265332 37.797257,-122.224167 37.774773,-122.196798 37.753504,-122.160813 37.721706,-122.126531 37.696838,-122.087041 37.669631,-122.057258 37.634263,-122.017330 37.590665,-121.976705 37.557413,-121.976605 37.557513)"
25_21_transit,transit,25,21,-122.265,37.7974,-122.224,37.7749,2.75059,4.42571,2.73242,4.39647,1.00665,4.85137,4.85202,2,"LINESTRING(-122.265232 37.797357,-122.265332 37.797257,-122.224167 37.774773,-122.224067 37.774873)"
25_22_transit,transit,25,22,-122.265,37.7974,-122.434,37.7333,12.1418,19.5362,10.2048,16.4195,1.18982,25.8585,28.2295,4,"LINESTRING(-122.265232 37.797357,-122.265332 37.797257,-122.295244 37.804823,-122.397180 37.792689,-122.401742 37.789113,-122.407487 37.784545,-122.413979 37.779350,-122.419855 37.765076,-122.418618 37.752322,-122.433657 37.733169,-122.433557 37.733269)"
25_23_transit,transit,25,23,-122.265,37.7974,-122.087,37.6697,13.2028,21.2434,13.1407,21.1434,1.00473,20.8556,20.8668,8,"LINESTRING(-122.265232 37.797357,-122.265332 37.797257,-122.224167 37.774773,-122.196798 37.753504,-122.160813 37.721706,-122.126531 37.696838,-122.087041 37.669631,-122.086941 37.669731)"
25_26_transit,transit,25,26,-122.265,37.7974,-122.267,37.8288,2.35491,3.78905,2.17605,3.50126,1.0822,8.85325,8.85421,4,"LINESTRING(-122.265232 37.797357,-122.265332 37.797257,-122.271689 37.803371,-122.268822 37.807960,-122.267263 37.828714,-122.267163 37.828814)"
25_28_transit,transit,25,28,-122.265,37.7974,-121.891,37.4098,34.312,55.208,33.7196,54.2549,1.01757,49.8612,49.8799,6,"LINESTRING(-122.265232 37.797357,-122.265332 37.797257,-122.224167 37.774773,-122.196798 37.753504,-122.160813 37.721706,-122.126531 37.696838,-122.087041 37.669631,-122.057258 37.634263,-122.017330 37.590665,-121.976705 37.557413,-121.939458 37.502207,-121.890903 37.409736,-121.890803 37.409836)"
25_29_transit,transit,25,29,-122.265,37.7974,-122.402,37.7892,7.71277,12.4099,7.46921,12.018,1.03261,14.8533,17.1966,41,"LINESTRING(-122.265232 37.797357,-122.265332 37.797257,-122.295244 37.804823,-122.397180 37.792689,-122.401742 37.789113,-122.401642 37.789213)"
25_30_transit,transit,25,30,-122.265,37.7974,-122.284,37.874,6.10291,9.81958,5.39084,8.67386,1.13209,16.8561,16.8572,1,"LINESTRING(-122.265232 37.797357,-122.265332 37.797257,-122.271689 37.803371,-122.268822 37.807960,-122.267263 37.828714,-122.269850 37.852969,-122.268178 37.870017,-122.283608 37.873932,-122.283508 37.874032)"
25_37_transit,transit,25,37,-122.265,37.7974,-122.299,37.9026,8.25025,13.2746,7.50223,12.0711,1.09971,19.8571,19.8582,2,"LINESTRING(-122.265232 37.797357,-122.265332 37.797257,-122.271689 37.803371,-122.268822 37.807960,-122.267263 37.828714,-122.269850 37.852969,-122.268178 37.870017,-122.283608 37.873932,-122.298995 37.902533,-122.298895 37.902633)"
25_38_transit,transit,25,38,-122.265,37.7974,-122.407,37.7846,8.15787,13.126,7.81144,12.5686,1.04435,16.8543,19.22,22,"LINESTRING(-122.265232 37.797357,-122.265332 37.797257,-122.295244 37.804823,-122.397180 37.792689,-122.401742 37.789113,-122.407487 37.784545,-122.407387 37.784645)"
25_39_transit,transit,25,39,-122.265,37.7974,-122.353,37.9368,12.2188,19.66,10.7583,17.3101,1.13575,27.859,27.8601,2,"LINESTRING(-122.265232 37.797357,-122.265332 37.797257,-122.271689 37.803371,-122.268822 37.807960,-122.267263 37.828714,-122.269850 37.852969,-122.268178 37.870017,-122.283608 37.873932,-122.298995 37.902533,-122.316968 37.925105,-122.353104 37.936695,-122.353004 37.936795)"
25_41_transit,transit,25,41,-122.265,37.7974,-122.161,37.7218,7.79634,12.5443,7.73604,12.4473,1.0078,11.8535,11.8561,4,"LINESTRING(-122.265232 37.797357,-122.265332 37.797257,-122.224167 37.774773,-122.196798 37.753504,-122.160813 37.721706,-122.160713 37.721806)"
25_44_transit,transit,25,44,-122.265,37.7974,-122.057,37.6344,16.1405,25.97,16.0053,25.7525,1.00845,24.8567,24.8703,4,"LINESTRING(-122.265232 37.797357,-122.265332 37.797257,-122.224167 37.774773,-122.196798 37.753504,-122.160813 37.721706,-122.126531 37.696838,-122.087041 37.669631,-122.057258 37.634263,-122.057158 37.634363)"
25_46_transit,transit,25,46,-122.265,37.7974,-122.017,37.5908,19.8628,31.9593,19.6876,31.6774,1.0089,29.8578,29.8748,2,"LINESTRING(-122.265232 37.797357,-122.265332 37.797257,-122.224167 37.774773,-122.196798 37.753504,-122.160813 37.721706,-122.126531 37.696838,-122.087041 37.669631,-122.057258 37.634263,-122.017330 37.590665,-122.017230 37.590765)"
25_47_transit,transit,25,47,-122.265,37.7974,-121.939,37.5023,27.3886,44.0682,27.0815,43.5741,1.01134,40.86,40.8786,5,"LINESTRING(-122.265232 37.797357,-122.265332 37.797257,-122.224167 37.774773,-122.196798 37.753504,-122.160813 37.721706,-122.126531 37.696838,-122.087041 37.669631,-122.057258 37.634263,-122.017330 37.590665,-121.976705 37.557413,-121.939458 37.502207,-121.939358 37.502307)"
25_49_transit,transit,25,49,-122.265,37.7974,-121.928,37.6998,21.2301,34.1592,19.6039,31.5426,1.08296,29.8565,29.8605,1,"LINESTRING(-122.265232 37.797357,-122.265332 37.797257,-122.224167 37.774773,-122.196798 37.753504,-122.160813 37.721706,-122.126531 37.696838,-122.075715 37.690676,-121.928401 37.699660,-121.928301 37.699760)"
26_1_transit,transit,26,1,-122.267,37.8288,-122.272,37.8035,1.80808,2.90919,1.76764,2.84413,1.02288,5.85223,6.24231,4,"LINESTRING(-122.267163 37.828814,-122.267263 37.828714,-122.268822 37.807960,-122.271689 37.803371,-122.271589 37.803471)"
26_2_transit,transit,26,2,-122.267,37.8288,-122.42,37.7652,11.0654,17.8042,9.42024,15.1572,1.17464,24.8583,27.0551,26,"LINESTRING(-122.267163 37.828814,-122.267263 37.828714,-122.268822 37.807960,-122.271689 37.803371,-122.295244 37.804823,-122.397180 37.792689,-122.401742 37.789113,-122.407487 37.784545,-122.413979 37.779350,-122.419855 37.765076,-122.419755 37.765176)"
26_3_transit,transit,26,3,-122.267,37.8288,-122.269,37.8081,1.45441,2.34014,1.4365,2.31133,1.01246,3.85122,6.26517,4,"LINESTRING(-122.267163 37.828814,-122.267263 37.828714,-122.268822 37.807960,-122.268722 37.808060)"
26_4_transit,transit,26,4,-122.267,37.8288,-122.419,37.7524,11.9494,19.2265,9.80602,15.7779,1.21857,26.8593,29.0569,13,"LINESTRING(-122.267163 37.828814,-122.267263 37.828714,-122.268822 37.807960,-122.271689 37.803371,-122.295244 37.804823,-122.397180 37.792689,-122.401742 37.789113,-122.407487 37.784545,-122.413979 37.779350,-122.419855 37.765076,-122.418618 37.752322,-122.418518 37.752422)"
26_5_transit,transit,26,5,-122.267,37.8288,-121.78,37.9954,33.2199,53.4508,28.9261,46.542,1.14844,57.8598,57.8598,2,"LINESTRING(-122.267163 37.828814,-122.267263 37.828714,-122.251371 37.844695,-122.183817 37.878403,-122.124744 37.893120,-122.067479 37.905712,-122.056115 37.928363,-122.029226 37.973673,-122.024661 38.003307,-121.944348 38.018850,-121.889111 38.016773,-121.780453 37.995315,-121.780353 37.995415)"
26_6_transit,transit,26,6,-122.267,37.8288,-122.27,37.8531,1.69976,2.73492,1.68181,2.70603,1.01067,4.85113,4.85121,2,"LINESTRING(-122.267163 37.828814,-122.267263 37.828714,-122.269850 37.852969,-122.269750 37.853069)"
26_7_transit,transit,26,7,-122.267,37.8288,-122.448,37.7218,14.6094,23.5066,12.3176,19.8191,1.18606,31.8614,34.0597,4,"LINESTRING(-122.267163 37.828814,-122.267263 37.828714,-122.268822 37.807960,-122.271689 37.803371,-122.295244 37.804823,-122.397180 37.792689,-122.401742 37.789113,-122.407487 37.784545,-122.413979 37.779350,-122.419855 37.765076,-122.418618 37.752322,-122.433657 37.733169,-122.447610 37.721658,-122.447510 37.721758)"
26_8_transit,transit,26,8,-122.267,37.8288,-122.126,37.6969,12.6766,20.3966,11.9213,19.1814,1.06335,27.8575,27.8951,2,"LINESTRING(-122.267163 37.828814,-122.267263 37.828714,-122.268822 37.807960,-122.271689 37.803371,-122.265332 37.797257,-122.224167 37.774773,-122.196798 37.753504,-122.160813 37.721706,-122.126531 37.696838,-122.126431 37.696938)"
26_9_transit,transit,26,9,-122.267,37.8288,-121.875,37.3685,39.6406,63.7817,38.3831,61.7584,1.03276,65.8652,65.9135,1,"LINESTRING(-122.267163 37.828814,-122.267263 37.828714,-122.268822 37.807960,-122.271689 37.803371,-122.265332 37.797257,-122.224167 37.774773,-122.196798 37.753504,-122.160813 37.721706,-122.126531 37.696838,-122.087041 37.669631,-122.057258 37.634263,-122.017330 37.590665,-121.976705 37.557413,-121.939458 37.502207,-121.890903 37.409736,-121.874761 37.368395,-121.874661 37.368495)"
26_11_transit,transit,26,11,-122.267,37.8288,-122.414,37.7794,10.028,16.1351,8.7055,14.0071,1.15192,22.8573,25.0527,49,"LINESTRING(-122.267163 37.828814,-122.267263 37.828714,-122.268822 37.807960,-122.271689 37.803371,-122.295244 37.804823,-122.397180 37.792689,-122.401742 37.789113,-122.407487 37.784545,-122.413979 37.779350,-122.413879 37.779450)"
26_13_transit,transit,26,13,-122.267,37.8288,-122.197,37.7536,7.18461,11.56,6.46587,10.4036,1.11116,18.8553,18.8893,10,"LINESTRING(-122.267163 37.828814,-122.267263 37.828714,-122.268822 37.807960,-122.271689 37.803371,-122.265332 37.797257,-122.224167 37.774773,-122.196798 37.753504,-122.196698 37.753604)"
26_14_transit,transit,26,14,-122.267,37.8288,-122.029,37.9738,17.5433,28.2272,16.3933,26.3768,1.07015,25.8559,25.856,3,"LINESTRING(-122.267163 37.828814,-122.267263 37.828714,-122.251371 37.844695,-122.183817 37.878403,-122.124744 37.893120,-122.067479 37.905712,-122.056115 37.928363,-122.029226 37.973673,-122.029126 37.973773)"
26_15_transit,transit,26,15,-122.267,37.8288,-122.469,37.7063,16.1969,26.0608,13.8988,22.3631,1.16535,35.8624,38.0609,6,"LINESTRING(-122.267163 37.828814,-122.267263 37.828714,-122.268822 37.807960,-122.271689 37.803371,-122.295244 37.804823,-122.397180 37.792689,-122.401742 37.789113,-122.407487 37.784545,-122.413979 37.779350,-122.419855 37.765076,-122.418618 37.752322,-122.433657 37.733169,-122.447610 37.721658,-122.469094 37.706204,-122.468994 37.706304)"
26_16_transit,transit,26,16,-122.267,37.8288,-122.268,37.8701,2.88144,4.63624,2.85423,4.59246,1.00953,6.85209,6.85222,11,"LINESTRING(-122.267163 37.828814,-122.267263 37.828714,-122.269850 37.852969,-122.268178 37.870017,-122.268078 37.870117)"
26_17_transit,transit,26,17,-122.267,37.8288,-122.317,37.9252,7.75511,12.478,7.1906,11.5697,1.07851,14.855,14.8551,5,"LINESTRING(-122.267163 37.828814,-122.267263 37.828714,-122.269850 37.852969,-122.268178 37.870017,-122.283608 37.873932,-122.298995 37.902533,-122.316968 37.925105,-122.316868 37.925205)"
26_19_transit,transit,26,19,-122.267,37.8288,-122.397,37.7928,8.72739,14.0424,7.51592,12.0931,1.16119,17.8543,19.9696,77,"LINESTRING(-122.267163 37.828814,-122.267263 37.828714,-122.268822 37.807960,-122.271689 37.803371,-122.295244 37.804823,-122.397180 37.792689,-122.397080 37.792789)"
26_20_transit,transit,26,20,-122.267,37.8288,-121.977,37.5575,25.3989,40.8668,24.5713,39.5352,1.03368,45.8618,45.9098,2,"LINESTRING(-122.267163 37.828814,-122.267263 37.828714,-122.268822 37.807960,-122.271689 37.803371,-122.265332 37.797257,-122.224167 37.774773,-122.196798 37.753504,-122.160813 37.721706,-122.126531 37.696838,-122.087041 37.669631,-122.057258 37.634263,-122.017330 37.590665,-121.976705 37.557413,-121.976605 37.557513)"
26_21_transit,transit,26,21,-122.267,37.8288,-122.224,37.7749,5.08789,8.18641,4.4075,7.09167,1.15437,15.8543,15.885,4,"LINESTRING(-122.267163 37.828814,-122.267263 37.828714,-122.268822 37.807960,-122.271689 37.803371,-122.265332 37.797257,-122.224167 37.774773,-122.224067 37.774873)"
26_22_transit,transit,26,22,-122.267,37.8288,-122.434,37.7333,13.5074,21.7334,11.2315,18.0716,1.20263,29.8604,32.0585,5,"LINESTRING(-122.267163 37.828814,-122.267263 37.828714,-122.268822 37.807960,-122.271689 37.803371,-122.295244 37.804823,-122.397180 37.792689,-122.401742 37.789113,-122.407487 37.784545,-122.413979 37.779350,-122.419855 37.765076,-122.418618 37.752322,-122.433657 37.733169,-122.433557 37.733269)"
26_23_transit,transit,26,23,-122.267,37.8288,-122.087,37.6697,15.5401,25.0041,14.7567,23.7435,1.05309,31.8585,31.8994,7,"LINESTRING(-122.267163 37.828814,-122.267263 37.828714,-122.268822 37.807960,-122.271689 37.803371,-122.265332 37.797257,-122.224167 37.774773,-122.196798 37.753504,-122.160813 37.721706,-122.126531 37.696838,-122.087041 37.669631,-122.086941 37.669731)"
26_24_transit,transit,26,24,-122.267,37.8288,-122.125,37.8932,9.16085,14.7398,8.95792,14.4133,1.02265,13.853,13.8531,1,"LINESTRING(-122.267163 37.828814,-122.267263 37.828714,-122.251371 37.844695,-122.183817 37.878403,-122.124744 37.893120,-122.124644 37.893220)"
26_25_transit,transit,26,25,-122.267,37.8288,-122.265,37.7974,2.35491,3.78905,2.17605,3.50126,1.0822,11.8532,11.8789,2,"LINESTRING(-122.267163 37.828814,-122.267263 37.828714,-122.268822 37.807960,-122.271689 37.803371,-122.265332 37.797257,-122.265232 37.797357)"
26_27_transit,transit,26,27,-122.267,37.8288,-122.387,37.6002,25.076,40.3474,17.0968,27.5088,1.46671,55.8677,68.0499,2,"LINESTRING(-122.267163 37.828814,-122.267263 37.828714,-122.268822 37.807960,-122.271689 37.803371,-122.295244 37.804823,-122.397180 37.792689,-122.401742 37.789113,-122.407487 37.784545,-122.413979 37.779350,-122.419855 37.765076,-122.418618 37.752322,-122.433657 37.733169,-122.447610 37.721658,-122.469094 37.706204,-122.466267 37.684542,-122.444354 37.664337,-122.416484 37.637620,-122.391995 37.615923,-122.386940 37.600099,-122.386840 37.600199)"
26_28_transit,transit,26,28,-122.267,37.8288,-121.891,37.4098,36.6493,58.9687,35.5288,57.1658,1.03154,60.8641,60.9124,3,"LINESTRING(-122.267163 37.828814,-122.267263 37.828714,-122.268822 37.807960,-122.271689 37.803371,-122.265332 37.797257,-122.224167 37.774773,-122.196798 37.753504,-122.160813 37.721706,-122.126531 37.696838,-122.087041 37.669631,-122.057258 37.634263,-122.017330 37.590665,-121.976705 37.557413,-121.939458 37.502207,-121.890903 37.409736,-121.890803 37.409836)"
26_29_transit,transit,26,29,-122.267,37.8288,-122.402,37.7892,9.07831,14.607,7.83434,12.6055,1.15878,18.8553,21.0196,50,"LINESTRING(-122.267163 37.828814,-122.267263 37.828714,-122.268822 37.807960,-122.271689 37.803371,-122.295244 37.804823,-122.397180 37.792689,-122.401742 37.789113,-122.401642 37.789213)"
26_33_transit,transit,26,33,-122.267,37.8288,-122.184,37.8785,5.78214,9.30346,5.70189,9.17434,1.01407,8.85207,8.85211,1,"LINESTRING(-122.267163 37.828814,-122.267263 37.828714,-122.251371 37.844695,-122.183817 37.878403,-122.183717 37.878503)"
26_34_transit,transit,26,34,-122.267,37.8288,-121.889,38.0169,27.1201,43.6362,24.3648,39.203,1.11309,49.8588,49.8588,1,"LINESTRING(-122.267163 37.828814,-122.267263 37.828714,-122.251371 37.844695,-122.183817 37.878403,-122.124744 37.893120,-122.067479 37.905712,-122.056115 37.928363,-122.029226 37.973673,-122.024661 38.003307,-121.944348 38.018850,-121.889111 38.016773,-121.889011 38.016873)"
26_35_transit,transit,26,35,-122.267,37.8288,-122.056,37.9285,14.0861,22.6646,13.4167,21.5875,1.04989,20.855,20.8551,3,"LINESTRING(-122.267163 37.828814,-122.267263 37.828714,-122.251371 37.844695,-122.183817 37.878403,-122.124744 37.893120,-122.067479 37.905712,-122.056115 37.928363,-122.056015 37.928463)"
26_37_transit,transit,26,37,-122.267,37.8288,-122.299,37.9026,5.91295,9.51394,5.38615,8.66631,1.09781,11.854,11.8542,1,"LINESTRING(-122.267163 37.828814,-122.267263 37.828714,-122.269850 37.852969,-122.268178 37.870017,-122.283608 37.873932,-122.298995 37.902533,-122.298895 37.902633)"
26_38_transit,transit,26,38,-122.267,37.8288,-122.407,37.7846,9.52341,15.3232,8.24076,13.2594,1.15565,20.8563,23.0433,38,"LINESTRING(-122.267163 37.828814,-122.267263 37.828714,-122.268822 37.807960,-122.271689 37.803371,-122.295244 37.804823,-122.397180 37.792689,-122.401742 37.789113,-122.407487 37.784545,-122.407387 37.784645)"
26_39_transit,transit,26,39,-122.267,37.8288,-122.353,37.9368,9.88148,15.8993,8.80785,14.1718,1.12189,19.8559,19.8561,4,"LINESTRING(-122.267163 37.828814,-122.267263 37.828714,-122.269850 37.852969,-122.268178 37.870017,-122.283608 37.873932,-122.298995 37.902533,-122.316968 37.925105,-122.353104 37.936695,-122.353004 37.936795)"
26_40_transit,transit,26,40,-122.267,37.8288,-122.251,37.8448,1.42191,2.28786,1.40402,2.25906,1.01275,3.85114,3.85116,1,"LINESTRING(-122.267163 37.828814,-122.267263 37.828714,-122.251371 37.844695,-122.251271 37.844795)"
26_41_transit,transit,26,41,-122.267,37.8288,-122.161,37.7218,10.1336,16.305,9.4055,15.1334,1.07742,23.8564,23.8923,4,"LINESTRING(-122.267163 37.828814,-122.267263 37.828714,-122.268822 37.807960,-122.271689 37.803371,-122.265332 37.797257,-122.224167 37.774773,-122.196798 37.753504,-122.160813 37.721706,-122.160713 37.721806)"
26_42_transit,transit,26,42,-122.267,37.8288,-122.416,37.6377,21.9368,35.2963,15.5184,24.9691,1.4136,46.8656,49.0642,1,"LINESTRING(-122.267163 37.828814,-122.267263 37.828714,-122.268822 37.807960,-122.271689 37.803371,-122.295244 37.804823,-122.397180 37.792689,-122.401742 37.789113,-122.407487 37.784545,-122.413979 37.779350,-122.419855 37.765076,-122.418618 37.752322,-122.433657 37.733169,-122.447610 37.721658,-122.469094 37.706204,-122.466267 37.684542,-122.444354 37.664337,-122.416484 37.637620,-122.416384 37.637720)"
26_43_transit,transit,26,43,-122.267,37.8288,-122.392,37.616,23.948,38.5323,16.2061,26.0756,1.47772,51.8666,54.0653,4,"LINESTRING(-122.267163 37.828814,-122.267263 37.828714,-122.268822 37.807960,-122.271689 37.803371,-122.295244 37.804823,-122.397180 37.792689,-122.401742 37.789113,-122.407487 37.784545,-122.413979 37.779350,-122.419855 37.765076,-122.418618 37.752322,-122.433657 37.733169,-122.447610 37.721658,-122.469094 37.706204,-122.466267 37.684542,-122.444354 37.664337,-122.416484 37.637620,-122.391995 37.615923,-122.391895 37.616023)"
26_45_transit,transit,26,45,-122.267,37.8288,-122.444,37.6644,19.5421,31.4433,14.9199,24.0061,1.3098,43.8645,46.0631,1,"LINESTRING(-122.267163 37.828814,-122.267263 37.828714,-122.268822 37.807960,-122.271689 37.803371,-122.295244 37.804823,-122.397180 37.792689,-122.401742 37.789113,-122.407487 37.784545,-122.413979 37.779350,-122.419855 37.765076,-122.418618 37.752322,-122.433657 37.733169,-122.447610 37.721658,-122.469094 37.706204,-122.466267 37.684542,-122.444354 37.664337,-122.444254 37.664437)"
26_46_transit,transit,26,46,-122.267,37.8288,-122.017,37.5908,22.2001,35.72,21.3816,34.403,1.03828,40.8607,40.9077,3,"LINESTRING(-122.267163 37.828814,-122.267263 37.828714,-122.268822 37.807960,-122.271689 37.803371,-122.265332 37.797257,-122.224167 37.774773,-122.196798 37.753504,-122.160813 37.721706,-122.126531 37.696838,-122.087041 37.669631,-122.057258 37.634263,-122.017330 37.590665,-122.017230 37.590765)"
26_47_transit,transit,26,47,-122.267,37.8288,-121.939,37.5023,29.7259,47.8289,28.8165,46.3657,1.03156,51.8629,51.9111,2,"LINESTRING(-122.267163 37.828814,-122.267263 37.828714,-122.268822 37.807960,-122.271689 37.803371,-122.265332 37.797257,-122.224167 37.774773,-122.196798 37.753504,-122.160813 37.721706,-122.126531 37.696838,-122.087041 37.669631,-122.057258 37.634263,-122.017330 37.590665,-121.976705 37.557413,-121.939458 37.502207,-121.939358 37.502307)"
26_48_transit,transit,26,48,-122.267,37.8288,-122.067,37.9058,12.4026,19.9558,12.1266,19.5117,1.02276,17.854,17.8541,7,"LINESTRING(-122.267163 37.828814,-122.267263 37.828714,-122.251371 37.844695,-122.183817 37.878403,-122.124744 37.893120,-122.067479 37.905712,-122.067379 37.905812)"
26_50_transit,transit,26,50,-122.267,37.8288,-122.295,37.8049,3.09816,4.98494,2.24888,3.61845,1.37764,10.8532,11.7195,2,"LINESTRING(-122.267163 37.828814,-122.267263 37.828714,-122.268822 37.807960,-122.271689 37.803371,-122.295244 37.804823,-122.295144 37.804923)"
27_1_transit,transit,27,1,-122.387,37.6002,-122.272,37.8035,23.2856,37.4665,15.3933,24.7679,1.5127,48.8657,49.2393,3,"LINESTRING(-122.386840 37.600199,-122.386940 37.600099,-122.391995 37.615923,-122.416484 37.637620,-122.444354 37.664337,-122.466267 37.684542,-122.469094 37.706204,-122.447610 37.721658,-122.433657 37.733169,-122.418618 37.752322,-122.419855 37.765076,-122.413979 37.779350,-122.407487 37.784545,-122.401742 37.789113,-122.397180 37.792689,-122.295244 37.804823,-122.271689 37.803371,-122.271589 37.803471)"
27_2_transit,transit,27,2,-122.387,37.6002,-122.42,37.7652,14.0283,22.5715,11.5402,18.5681,1.21561,30.8598,30.9401,4,"LINESTRING(-122.386840 37.600199,-122.386940 37.600099,-122.391995 37.615923,-122.416484 37.637620,-122.444354 37.664337,-122.466267 37.684542,-122.469094 37.706204,-122.447610 37.721658,-122.433657 37.733169,-122.418618 37.752322,-122.419855 37.765076,-122.419755 37.765176)"
27_3_transit,transit,27,3,-122.387,37.6002,-122.269,37.8081,23.6393,38.0356,15.7467,25.3365,1.50122,49.8667,50.2418,5,"LINESTRING(-122.386840 37.600199,-122.386940 37.600099,-122.391995 37.615923,-122.416484 37.637620,-122.444354 37.664337,-122.466267 37.684542,-122.469094 37.706204,-122.447610 37.721658,-122.433657 37.733169,-122.418618 37.752322,-122.419855 37.765076,-122.413979 37.779350,-122.407487 37.784545,-122.401742 37.789113,-122.397180 37.792689,-122.295244 37.804823,-122.271689 37.803371,-122.268822 37.807960,-122.268722 37.808060)"
27_4_transit,transit,27,4,-122.387,37.6002,-122.419,37.7524,13.1443,21.1492,10.6594,17.151,1.23312,28.8589,28.8853,1,"LINESTRING(-122.386840 37.600199,-122.386940 37.600099,-122.391995 37.615923,-122.416484 37.637620,-122.444354 37.664337,-122.466267 37.684542,-122.469094 37.706204,-122.447610 37.721658,-122.433657 37.733169,-122.418618 37.752322,-122.418518 37.752422)"
27_7_transit,transit,27,7,-122.387,37.6002,-122.448,37.7218,10.4842,16.8691,9.03083,14.5306,1.16094,23.8569,23.8598,6,"LINESTRING(-122.386840 37.600199,-122.386940 37.600099,-122.391995 37.615923,-122.416484 37.637620,-122.444354 37.664337,-122.466267 37.684542,-122.469094 37.706204,-122.447610 37.721658,-122.447510 37.721758)"
27_11_transit,transit,27,11,-122.387,37.6002,-122.414,37.7794,15.0656,24.2406,12.4731,20.0692,1.20785,32.8608,33.0401,19,"LINESTRING(-122.386840 37.600199,-122.386940 37.600099,-122.391995 37.615923,-122.416484 37.637620,-122.444354 37.664337,-122.466267 37.684542,-122.469094 37.706204,-122.447610 37.721658,-122.433657 37.733169,-122.418618 37.752322,-122.419855 37.765076,-122.413979 37.779350,-122.413879 37.779450)"
27_12_transit,transit,27,12,-122.387,37.6002,-122.466,37.6846,7.39177,11.8934,7.27172,11.7002,1.01651,15.855,15.8568,3,"LINESTRING(-122.386840 37.600199,-122.386940 37.600099,-122.391995 37.615923,-122.416484 37.637620,-122.444354 37.664337,-122.466267 37.684542,-122.466167 37.684642)"
27_15_transit,transit,27,15,-122.387,37.6002,-122.469,37.7063,8.89675,14.3149,8.59906,13.8359,1.03462,18.856,18.8582,12,"LINESTRING(-122.386840 37.600199,-122.386940 37.600099,-122.391995 37.615923,-122.416484 37.637620,-122.444354 37.664337,-122.466267 37.684542,-122.469094 37.706204,-122.468994 37.706304)"
27_16_transit,transit,27,16,-122.387,37.6002,-122.268,37.8701,27.9399,44.9553,19.7466,31.7722,1.41492,59.8696,60.2495,2,"LINESTRING(-122.386840 37.600199,-122.386940 37.600099,-122.391995 37.615923,-122.416484 37.637620,-122.444354 37.664337,-122.466267 37.684542,-122.469094 37.706204,-122.447610 37.721658,-122.433657 37.733169,-122.418618 37.752322,-122.419855 37.765076,-122.413979 37.779350,-122.407487 37.784545,-122.401742 37.789113,-122.397180 37.792689,-122.295244 37.804823,-122.271689 37.803371,-122.268822 37.807960,-122.267263 37.828714,-122.269850 37.852969,-122.268178 37.870017,-122.268078 37.870117)"
27_19_transit,transit,27,19,-122.387,37.6002,-122.397,37.7928,16.3663,26.3333,13.3186,21.4296,1.22883,37.8638,38.2136,25,"LINESTRING(-122.386840 37.600199,-122.386940 37.600099,-122.391995 37.615923,-122.416484 37.637620,-122.444354 37.664337,-122.466267 37.684542,-122.469094 37.706204,-122.447610 37.721658,-122.433657 37.733169,-122.418618 37.752322,-122.419855 37.765076,-122.413979 37.779350,-122.407487 37.784545,-122.401742 37.789113,-122.397180 37.792689,-122.397080 37.792789)"
27_29_transit,transit,27,29,-122.387,37.6002,-122.402,37.7892,16.0153,25.7687,13.0848,21.0534,1.22397,35.8628,36.197,24,"LINESTRING(-122.386840 37.600199,-122.386940 37.600099,-122.391995 37.615923,-122.416484 37.637620,-122.444354 37.664337,-122.466267 37.684542,-122.469094 37.706204,-122.447610 37.721658,-122.433657 37.733169,-122.418618 37.752322,-122.419855 37.765076,-122.413979 37.779350,-122.407487 37.784545,-122.401742 37.789113,-122.401642 37.789213)"
27_38_transit,transit,27,38,-122.387,37.6002,-122.407,37.7846,15.5703,25.0525,12.7935,20.5848,1.21704,34.8618,35.1301,5,"LINESTRING(-122.386840 37.600199,-122.386940 37.600099,-122.391995 37.615923,-122.416484 37.637620,-122.444354 37.664337,-122.466267 37.684542,-122.469094 37.706204,-122.447610 37.721658,-122.433657 37.733169,-122.418618 37.752322,-122.419855 37.765076,-122.413979 37.779350,-122.407487 37.784545,-122.407387 37.784645)"
27_42_transit,transit,27,42,-122.387,37.6002,-122.416,37.6377,3.15688,5.07941,3.05538,4.9161,1.03322,9.85311,9.85406,1,"LINESTRING(-122.386840 37.600199,-122.386940 37.600099,-122.391995 37.615923,-122.416484 37.637620,-122.416384 37.637720)"
27_43_transit,transit,27,43,-122.387,37.6002,-122.392,37.616,1.14567,1.84339,1.12781,1.81465,1.01584,5.85215,5.85275,15,"LINESTRING(-122.386840 37.600199,-122.386940 37.600099,-122.391995 37.615923,-122.391895 37.616023)"
27_45_transit,transit,27,45,-122.387,37.6002,-122.444,37.6644,5.55155,8.93245,5.43781,8.74944,1.02092,12.854,12.8553,2,"LINESTRING(-122.386840 37.600199,-122.386940 37.600099,-122.391995 37.615923,-122.416484 37.637620,-122.444354 37.664337,-122.444254 37.664437)"
28_1_transit,transit,28,1,-121.891,37.4098,-122.272,37.8035,34.8588,56.0878,34.266,55.1341,1.0173,50.8622,50.8759,3,"LINESTRING(-121.890803 37.409836,-121.890903 37.409736,-121.939458 37.502207,-121.976705 37.557413,-122.017330 37.590665,-122.057258 37.634263,-122.087041 37.669631,-122.126531 37.696838,-122.160813 37.721706,-122.196798 37.753504,-122.224167 37.774773,-122.265332 37.797257,-122.271689 37.803371,-122.271589 37.803471)"
28_3_transit,transit,28,3,-121.891,37.4098,-122.269,37.8081,35.2125,56.6569,34.4233,55.3872,1.02292,51.8631,51.877,8,"LINESTRING(-121.890803 37.409836,-121.890903 37.409736,-121.939458 37.502207,-121.976705 37.557413,-122.017330 37.590665,-122.057258 37.634263,-122.087041 37.669631,-122.126531 37.696838,-122.160813 37.721706,-122.196798 37.753504,-122.224167 37.774773,-122.265332 37.797257,-122.271689 37.803371,-122.268822 37.807960,-122.268722 37.808060)"
28_6_transit,transit,28,6,-121.891,37.4098,-122.27,37.8531,38.3314,61.6753,36.9843,59.5078,1.03642,59.865,59.879,1,"LINESTRING(-121.890803 37.409836,-121.890903 37.409736,-121.939458 37.502207,-121.976705 37.557413,-122.017330 37.590665,-122.057258 37.634263,-122.087041 37.669631,-122.126531 37.696838,-122.160813 37.721706,-122.196798 37.753504,-122.224167 37.774773,-122.265332 37.797257,-122.271689 37.803371,-122.268822 37.807960,-122.267263 37.828714,-122.269850 37.852969,-122.269750 37.853069)"
28_9_transit,transit,28,9,-121.891,37.4098,-121.875,37.3685,3.00898,4.84145,2.99072,4.81207,1.00611,4.85312,4.85312,2,"LINESTRING(-121.890803 37.409836,-121.890903 37.409736,-121.874761 37.368395,-121.874661 37.368495)"
28_11_transit,transit,28,11,-121.891,37.4098,-122.414,37.7794,42.9568,69.1175,38.3698,61.737,1.11955,65.8662,69.1688,4,"LINESTRING(-121.890803 37.409836,-121.890903 37.409736,-121.939458 37.502207,-121.976705 37.557413,-122.017330 37.590665,-122.057258 37.634263,-122.087041 37.669631,-122.126531 37.696838,-122.160813 37.721706,-122.196798 37.753504,-122.224167 37.774773,-122.265332 37.797257,-122.295244 37.804823,-122.397180 37.792689,-122.401742 37.789113,-122.407487 37.784545,-122.413979 37.779350,-122.413879 37.779450)"
28_13_transit,transit,28,13,-121.891,37.4098,-122.197,37.7536,29.4823,47.437,29.0641,46.7641,1.01439,39.8593,39.8698,2,"LINESTRING(-121.890803 37.409836,-121.890903 37.409736,-121.939458 37.502207,-121.976705 37.557413,-122.017330 37.590665,-122.057258 37.634263,-122.087041 37.669631,-122.126531 37.696838,-122.160813 37.721706,-122.196798 37.753504,-122.196698 37.753604)"
28_15_transit,transit,28,15,-121.891,37.4098,-122.469,37.7063,49.1257,79.0433,37.7167,60.6861,1.30249,78.8714,82.1744,1,"LINESTRING(-121.890803 37.409836,-121.890903 37.409736,-121.939458 37.502207,-121.976705 37.557413,-122.017330 37.590665,-122.057258 37.634263,-122.087041 37.669631,-122.126531 37.696838,-122.160813 37.721706,-122.196798 37.753504,-122.224167 37.774773,-122.265332 37.797257,-122.295244 37.804823,-122.397180 37.792689,-122.401742 37.789113,-122.407487 37.784545,-122.413979 37.779350,-122.419855 37.765076,-122.418618 37.752322,-122.433657 37.733169,-122.447610 37.721658,-122.469094 37.706204,-122.468994 37.706304)"
28_17_transit,transit,28,17,-121.891,37.4098,-122.317,37.9252,44.3868,71.4183,42.5559,68.4724,1.04302,69.8689,69.8829,1,"LINESTRING(-121.890803 37.409836,-121.890903 37.409736,-121.939458 37.502207,-121.976705 37.557413,-122.017330 37.590665,-122.057258 37.634263,-122.087041 37.669631,-122.126531 37.696838,-122.160813 37.721706,-122.196798 37.753504,-122.224167 37.774773,-122.265332 37.797257,-122.271689 37.803371,-122.268822 37.807960,-122.267263 37.828714,-122.269850 37.852969,-122.268178 37.870017,-122.283608 37.873932,-122.298995 37.902533,-122.316968 37.925105,-122.316868 37.925205)"
28_19_transit,transit,28,19,-121.891,37.4098,-122.397,37.7928,41.6562,67.0248,38.3171,61.6522,1.08714,60.8632,64.1059,22,"LINESTRING(-121.890803 37.409836,-121.890903 37.409736,-121.939458 37.502207,-121.976705 37.557413,-122.017330 37.590665,-122.057258 37.634263,-122.087041 37.669631,-122.126531 37.696838,-122.160813 37.721706,-122.196798 37.753504,-122.224167 37.774773,-122.265332 37.797257,-122.295244 37.804823,-122.397180 37.792689,-122.397080 37.792789)"
28_20_transit,transit,28,20,-121.891,37.4098,-121.977,37.5575,11.268,18.1303,11.2359,18.0785,1.00286,14.8537,14.8555,5,"LINESTRING(-121.890803 37.409836,-121.890903 37.409736,-121.939458 37.502207,-121.976705 37.557413,-121.976605 37.557513)"
28_21_transit,transit,28,21,-121.891,37.4098,-122.224,37.7749,31.579,50.8106,31.1294,50.0873,1.01444,43.8602,43.872,1,"LINESTRING(-121.890803 37.409836,-121.890903 37.409736,-121.939458 37.502207,-121.976705 37.557413,-122.017330 37.590665,-122.057258 37.634263,-122.087041 37.669631,-122.126531 37.696838,-122.160813 37.721706,-122.196798 37.753504,-122.224167 37.774773,-122.224067 37.774873)"
28_22_transit,transit,28,22,-121.891,37.4098,-122.434,37.7333,46.4362,74.7159,37.1868,59.8335,1.24873,72.8693,76.1723,1,"LINESTRING(-121.890803 37.409836,-121.890903 37.409736,-121.939458 37.502207,-121.976705 37.557413,-122.017330 37.590665,-122.057258 37.634263,-122.087041 37.669631,-122.126531 37.696838,-122.160813 37.721706,-122.196798 37.753504,-122.224167 37.774773,-122.265332 37.797257,-122.295244 37.804823,-122.397180 37.792689,-122.401742 37.789113,-122.407487 37.784545,-122.413979 37.779350,-122.419855 37.765076,-122.418618 37.752322,-122.433657 37.733169,-122.433557 37.733269)"
28_23_transit,transit,28,23,-121.891,37.4098,-122.087,37.6697,21.1268,33.993,20.9268,33.6713,1.00955,28.8565,28.8634,1,"LINESTRING(-121.890803 37.409836,-121.890903 37.409736,-121.939458 37.502207,-121.976705 37.557413,-122.017330 37.590665,-122.057258 37.634263,-122.087041 37.669631,-122.086941 37.669731)"
28_25_transit,transit,28,25,-121.891,37.4098,-122.265,37.7974,34.312,55.208,33.7196,54.2549,1.01757,47.8612,47.8742,1,"LINESTRING(-121.890803 37.409836,-121.890903 37.409736,-121.939458 37.502207,-121.976705 37.557413,-122.017330 37.590665,-122.057258 37.634263,-122.087041 37.669631,-122.126531 37.696838,-122.160813 37.721706,-122.196798 37.753504,-122.224167 37.774773,-122.265332 37.797257,-122.265232 37.797357)"
28_26_transit,transit,28,26,-121.891,37.4098,-122.267,37.8288,36.6493,58.9687,35.5288,57.1658,1.03154,55.8641,55.878,2,"LINESTRING(-121.890803 37.409836,-121.890903 37.409736,-121.939458 37.502207,-121.976705 37.557413,-122.017330 37.590665,-122.057258 37.634263,-122.087041 37.669631,-122.126531 37.696838,-122.160813 37.721706,-122.196798 37.753504,-122.224167 37.774773,-122.265332 37.797257,-122.271689 37.803371,-122.268822 37.807960,-122.267263 37.828714,-122.267163 37.828814)"
28_29_transit,transit,28,29,-121.891,37.4098,-122.402,37.7892,42.0071,67.5895,38.3292,61.6717,1.09596,61.8642,65.1499,7,"LINESTRING(-121.890803 37.409836,-121.890903 37.409736,-121.939458 37.502207,-121.976705 37.557413,-122.017330 37.590665,-122.057258 37.634263,-122.087041 37.669631,-122.126531 37.696838,-122.160813 37.721706,-122.196798 37.753504,-122.224167 37.774773,-122.265332 37.797257,-122.295244 37.804823,-122.397180 37.792689,-122.401742 37.789113,-122.401642 37.789213)"
28_37_transit,transit,28,37,-121.891,37.4098,-122.299,37.9026,42.5446,68.4543,40.7145,65.5096,1.04495,66.8679,66.882,1,"LINESTRING(-121.890803 37.409836,-121.890903 37.409736,-121.939458 37.502207,-121.976705 37.557413,-122.017330 37.590665,-122.057258 37.634263,-122.087041 37.669631,-122.126531 37.696838,-122.160813 37.721706,-122.196798 37.753504,-122.224167 37.774773,-122.265332 37.797257,-122.271689 37.803371,-122.268822 37.807960,-122.267263 37.828714,-122.269850 37.852969,-122.268178 37.870017,-122.283608 37.873932,-122.298995 37.902533,-122.298895 37.902633)"
28_38_transit,transit,28,38,-121.891,37.4098,-122.407,37.7846,42.4522,68.3056,38.346,61.6987,1.10708,63.8652,67.1643,5,"LINESTRING(-121.890803 37.409836,-121.890903 37.409736,-121.939458 37.502207,-121.976705 37.557413,-122.017330 37.590665,-122.057258 37.634263,-122.087041 37.669631,-122.126531 37.696838,-122.160813 37.721706,-122.196798 37.753504,-122.224167 37.774773,-122.265332 37.797257,-122.295244 37.804823,-122.397180 37.792689,-122.401742 37.789113,-122.407487 37.784545,-122.407387 37.784645)"
28_44_transit,transit,28,44,-121.891,37.4098,-122.057,37.6344,18.1891,29.2663,17.9937,28.9519,1.01086,24.8555,24.8612,1,"LINESTRING(-121.890803 37.409836,-121.890903 37.409736,-121.939458 37.502207,-121.976705 37.557413,-122.017330 37.590665,-122.057258 37.634263,-122.057158 37.634363)"
28_46_transit,transit,28,46,-121.891,37.4098,-122.017,37.5908,14.4668,23.277,14.2936,22.9983,1.01212,19.8546,19.8582,4,"LINESTRING(-121.890803 37.409836,-121.890903 37.409736,-121.939458 37.502207,-121.976705 37.557413,-122.017330 37.590665,-122.017230 37.590765)"
28_47_transit,transit,28,47,-121.891,37.4098,-121.939,37.5023,6.94107,11.1682,6.92201,11.1375,1.00275,8.85282,8.85314,8,"LINESTRING(-121.890803 37.409836,-121.890903 37.409736,-121.939458 37.502207,-121.939358 37.502307)"
29_1_transit,transit,29,1,-122.402,37.7892,-122.272,37.8035,7.28785,11.7262,7.16861,11.5343,1.01663,12.8533,12.8575,21,"LINESTRING(-122.401642 37.789213,-122.401742 37.789113,-122.397180 37.792689,-122.295244 37.804823,-122.271689 37.803371,-122.271589 37.803471)"
29_2_transit,transit,29,2,-122.402,37.7892,-122.42,37.7652,2.00468,3.22552,1.93308,3.11032,1.03704,6.85341,6.88592,2,"LINESTRING(-122.401642 37.789213,-122.401742 37.789113,-122.407487 37.784545,-122.413979 37.779350,-122.419855 37.765076,-122.419755 37.765176)"
29_3_transit,transit,29,3,-122.402,37.7892,-122.269,37.8081,7.64152,12.2952,7.37282,11.8629,1.03644,14.8543,14.8546,15,"LINESTRING(-122.401642 37.789213,-122.401742 37.789113,-122.397180 37.792689,-122.295244 37.804823,-122.271689 37.803371,-122.268822 37.807960,-122.268722 37.808060)"
29_4_transit,transit,29,4,-122.402,37.7892,-122.419,37.7524,2.88867,4.64787,2.70398,4.35071,1.0683,8.85444,8.88769,1,"LINESTRING(-122.401642 37.789213,-122.401742 37.789113,-122.407487 37.784545,-122.413979 37.779350,-122.419855 37.765076,-122.418618 37.752322,-122.418518 37.752422)"
29_5_transit,transit,29,5,-122.402,37.7892,-121.78,37.9954,42.2806,68.0295,36.7508,59.132,1.15047,75.8649,75.8652,1,"LINESTRING(-122.401642 37.789213,-122.401742 37.789113,-122.397180 37.792689,-122.295244 37.804823,-122.271689 37.803371,-122.268822 37.807960,-122.267263 37.828714,-122.251371 37.844695,-122.183817 37.878403,-122.124744 37.893120,-122.067479 37.905712,-122.056115 37.928363,-122.029226 37.973673,-122.024661 38.003307,-121.944348 38.018850,-121.889111 38.016773,-121.780453 37.995315,-121.780353 37.995415)"
29_6_transit,transit,29,6,-122.402,37.7892,-122.27,37.8531,10.7605,17.3136,8.44311,13.585,1.27447,22.8562,22.9013,3,"LINESTRING(-122.401642 37.789213,-122.401742 37.789113,-122.397180 37.792689,-122.295244 37.804823,-122.271689 37.803371,-122.268822 37.807960,-122.267263 37.828714,-122.269850 37.852969,-122.269750 37.853069)"
29_7_transit,transit,29,7,-122.402,37.7892,-122.448,37.7218,5.54873,8.92791,5.29159,8.51417,1.04859,13.8565,13.8905,4,"LINESTRING(-122.401642 37.789213,-122.401742 37.789113,-122.407487 37.784545,-122.413979 37.779350,-122.419855 37.765076,-122.418618 37.752322,-122.433657 37.733169,-122.447610 37.721658,-122.447510 37.721758)"
29_8_transit,transit,29,8,-122.402,37.7892,-122.126,37.6969,18.0344,29.0174,16.3325,26.2791,1.1042,29.8576,29.8695,3,"LINESTRING(-122.401642 37.789213,-122.401742 37.789113,-122.397180 37.792689,-122.295244 37.804823,-122.265332 37.797257,-122.224167 37.774773,-122.196798 37.753504,-122.160813 37.721706,-122.126531 37.696838,-122.126431 37.696938)"
29_10_transit,transit,29,10,-122.402,37.7892,-122.076,37.6908,20.8457,33.5408,19.0681,30.6806,1.09322,35.8586,35.863,1,"LINESTRING(-122.401642 37.789213,-122.401742 37.789113,-122.397180 37.792689,-122.295244 37.804823,-122.265332 37.797257,-122.224167 37.774773,-122.196798 37.753504,-122.160813 37.721706,-122.126531 37.696838,-122.075715 37.690676,-122.075615 37.690776)"
29_11_transit,transit,29,11,-122.402,37.7892,-122.414,37.7794,0.967316,1.55641,0.949504,1.52775,1.01876,3.85238,3.86689,4,"LINESTRING(-122.401642 37.789213,-122.401742 37.789113,-122.407487 37.784545,-122.413979 37.779350,-122.413879 37.779450)"
29_12_transit,transit,29,12,-122.402,37.7892,-122.466,37.6846,8.6412,13.9037,8.03959,12.9357,1.07483,22.8586,22.8928,1,"LINESTRING(-122.401642 37.789213,-122.401742 37.789113,-122.407487 37.784545,-122.413979 37.779350,-122.419855 37.765076,-122.418618 37.752322,-122.433657 37.733169,-122.447610 37.721658,-122.469094 37.706204,-122.466267 37.684542,-122.466167 37.684642)"
29_13_transit,transit,29,13,-122.402,37.7892,-122.197,37.7536,12.5425,20.1808,11.4605,18.4399,1.09441,22.8554,22.862,5,"LINESTRING(-122.401642 37.789213,-122.401742 37.789113,-122.397180 37.792689,-122.295244 37.804823,-122.265332 37.797257,-122.224167 37.774773,-122.196798 37.753504,-122.196698 37.753604)"
29_14_transit,transit,29,14,-122.402,37.7892,-122.029,37.9738,26.604,42.8059,23.9857,38.593,1.10916,43.8609,43.8653,4,"LINESTRING(-122.401642 37.789213,-122.401742 37.789113,-122.397180 37.792689,-122.295244 37.804823,-122.271689 37.803371,-122.268822 37.807960,-122.267263 37.828714,-122.251371 37.844695,-122.183817 37.878403,-122.124744 37.893120,-122.067479 37.905712,-122.056115 37.928363,-122.029226 37.973673,-122.029126 37.973773)"
29_15_transit,transit,29,15,-122.402,37.7892,-122.469,37.7063,7.13622,11.4822,6.80853,10.9549,1.04813,17.8575,17.8917,1,"LINESTRING(-122.401642 37.789213,-122.401742 37.789113,-122.407487 37.784545,-122.413979 37.779350,-122.419855 37.765076,-122.418618 37.752322,-122.433657 37.733169,-122.447610 37.721658,-122.469094 37.706204,-122.468994 37.706304)"
29_16_transit,transit,29,16,-122.402,37.7892,-122.268,37.8701,11.9421,19.2149,9.18572,14.7798,1.30008,24.8572,24.9028,7,"LINESTRING(-122.401642 37.789213,-122.401742 37.789113,-122.397180 37.792689,-122.295244 37.804823,-122.271689 37.803371,-122.268822 37.807960,-122.267263 37.828714,-122.269850 37.852969,-122.268178 37.870017,-122.268078 37.870117)"
29_17_transit,transit,29,17,-122.402,37.7892,-122.317,37.9252,16.8158,27.0566,10.4727,16.8505,1.60569,32.8601,32.9058,3,"LINESTRING(-122.401642 37.789213,-122.401742 37.789113,-122.397180 37.792689,-122.295244 37.804823,-122.271689 37.803371,-122.268822 37.807960,-122.267263 37.828714,-122.269850 37.852969,-122.268178 37.870017,-122.283608 37.873932,-122.298995 37.902533,-122.316968 37.925105,-122.316868 37.925205)"
29_19_transit,transit,29,19,-122.402,37.7892,-122.397,37.7928,0.368538,0.592978,0.35085,0.564518,1.05041,1.85135,1.85403,1,"LINESTRING(-122.401642 37.789213,-122.401742 37.789113,-122.397180 37.792689,-122.397080 37.792789)"
29_21_transit,transit,29,21,-122.402,37.7892,-122.224,37.7749,10.4458,16.8072,9.74756,15.6838,1.07163,18.8544,18.8596,5,"LINESTRING(-122.401642 37.789213,-122.401742 37.789113,-122.397180 37.792689,-122.295244 37.804823,-122.265332 37.797257,-122.224167 37.774773,-122.224067 37.774873)"
29_22_transit,transit,29,22,-122.402,37.7892,-122.434,37.7333,4.44669,7.15473,4.24034,6.8227,1.04866,11.8555,11.8893,2,"LINESTRING(-122.401642 37.789213,-122.401742 37.789113,-122.407487 37.784545,-122.413979 37.779350,-122.419855 37.765076,-122.418618 37.752322,-122.433657 37.733169,-122.433557 37.733269)"
29_24_transit,transit,29,24,-122.402,37.7892,-122.125,37.8932,18.2215,29.3185,16.7357,26.9277,1.08878,31.8581,31.8584,2,"LINESTRING(-122.401642 37.789213,-122.401742 37.789113,-122.397180 37.792689,-122.295244 37.804823,-122.271689 37.803371,-122.268822 37.807960,-122.267263 37.828714,-122.251371 37.844695,-122.183817 37.878403,-122.124744 37.893120,-122.124644 37.893220)"
29_25_transit,transit,29,25,-122.402,37.7892,-122.265,37.7974,7.71277,12.4099,7.46921,12.018,1.03261,14.8533,14.8575,4,"LINESTRING(-122.401642 37.789213,-122.401742 37.789113,-122.397180 37.792689,-122.295244 37.804823,-122.265332 37.797257,-122.265232 37.797357)"
29_26_transit,transit,29,26,-122.402,37.7892,-122.267,37.8288,9.07831,14.607,7.83434,12.6055,1.15878,18.8553,18.8555,5,"LINESTRING(-122.401642 37.789213,-122.401742 37.789113,-122.397180 37.792689,-122.295244 37.804823,-122.271689 37.803371,-122.268822 37.807960,-122.267263 37.828714,-122.267163 37.828814)"
29_30_transit,transit,29,30,-122.402,37.7892,-122.284,37.874,12.8263,20.6375,8.71241,14.0183,1.47219,26.8582,26.9039,1,"LINESTRING(-122.401642 37.789213,-122.401742 37.789113,-122.397180 37.792689,-122.295244 37.804823,-122.271689 37.803371,-122.268822 37.807960,-122.267263 37.828714,-122.269850 37.852969,-122.268178 37.870017,-122.283608 37.873932,-122.283508 37.874032)"
29_33_transit,transit,29,33,-122.402,37.7892,-122.184,37.8785,14.8428,23.8821,13.3972,21.5561,1.10791,26.8572,26.8574,1,"LINESTRING(-122.401642 37.789213,-122.401742 37.789113,-122.397180 37.792689,-122.295244 37.804823,-122.271689 37.803371,-122.268822 37.807960,-122.267263 37.828714,-122.251371 37.844695,-122.183817 37.878403,-122.183717 37.878503)"
29_35_transit,transit,29,35,-122.402,37.7892,-122.056,37.9285,23.1468,37.2433,21.1675,34.0584,1.09351,38.86,38.8644,5,"LINESTRING(-122.401642 37.789213,-122.401742 37.789113,-122.397180 37.792689,-122.295244 37.804823,-122.271689 37.803371,-122.268822 37.807960,-122.267263 37.828714,-122.251371 37.844695,-122.183817 37.878403,-122.124744 37.893120,-122.067479 37.905712,-122.056115 37.928363,-122.056015 37.928463)"
29_37_transit,transit,29,37,-122.402,37.7892,-122.299,37.9026,14.9736,24.0926,9.63536,15.5033,1.55403,30.8591,30.9048,3,"LINESTRING(-122.401642 37.789213,-122.401742 37.789113,-122.397180 37.792689,-122.295244 37.804823,-122.271689 37.803371,-122.268822 37.807960,-122.267263 37.828714,-122.269850 37.852969,-122.268178 37.870017,-122.283608 37.873932,-122.298995 37.902533,-122.298895 37.902633)"
29_38_transit,transit,29,38,-122.402,37.7892,-122.407,37.7846,0.46271,0.7445,0.445003,0.716009,1.03979,2.85136,2.87411,2,"LINESTRING(-122.401642 37.789213,-122.401742 37.789113,-122.407487 37.784545,-122.407387 37.784645)"
29_39_transit,transit,29,39,-122.402,37.7892,-122.353,37.9368,18.9422,30.478,10.5365,16.9533,1.79776,37.861,37.9068,1,"LINESTRING(-122.401642 37.789213,-122.401742 37.789113,-122.397180 37.792689,-122.295244 37.804823,-122.271689 37.803371,-122.268822 37.807960,-122.267263 37.828714,-122.269850 37.852969,-122.268178 37.870017,-122.283608 37.873932,-122.298995 37.902533,-122.316968 37.925105,-122.353104 37.936695,-122.353004 37.936795)"
29_40_transit,transit,29,40,-122.402,37.7892,-122.251,37.8448,10.4826,16.8665,9.06166,14.5802,1.15681,21.8562,21.8565,4,"LINESTRING(-122.401642 37.789213,-122.401742 37.789113,-122.397180 37.792689,-122.295244 37.804823,-122.271689 37.803371,-122.268822 37.807960,-122.267263 37.828714,-122.251371 37.844695,-122.251271 37.844795)"
29_41_transit,transit,29,41,-122.402,37.7892,-122.161,37.7218,15.4915,24.9258,13.9612,22.4636,1.10961,26.8565,26.8653,4,"LINESTRING(-122.401642 37.789213,-122.401742 37.789113,-122.397180 37.792689,-122.295244 37.804823,-122.265332 37.797257,-122.224167 37.774773,-122.196798 37.753504,-122.160813 37.721706,-122.160713 37.721806)"
29_42_transit,transit,29,42,-122.402,37.7892,-122.416,37.6377,12.8761,20.7176,10.4982,16.8917,1.2265,28.8607,28.895,2,"LINESTRING(-122.401642 37.789213,-122.401742 37.789113,-122.407487 37.784545,-122.413979 37.779350,-122.419855 37.765076,-122.418618 37.752322,-122.433657 37.733169,-122.447610 37.721658,-122.469094 37.706204,-122.466267 37.684542,-122.444354 37.664337,-122.416484 37.637620,-122.416384 37.637720)"
29_43_transit,transit,29,43,-122.402,37.7892,-122.392,37.616,14.8873,23.9537,11.9783,19.273,1.24286,33.8617,33.896,10,"LINESTRING(-122.401642 37.789213,-122.401742 37.789113,-122.407487 37.784545,-122.413979 37.779350,-122.419855 37.765076,-122.418618 37.752322,-122.433657 37.733169,-122.447610 37.721658,-122.469094 37.706204,-122.466267 37.684542,-122.444354 37.664337,-122.416484 37.637620,-122.391995 37.615923,-122.391895 37.616023)"
29_44_transit,transit,29,44,-122.402,37.7892,-122.057,37.6344,23.8356,38.3516,21.657,34.8461,1.1006,38.8597,38.8775,1,"LINESTRING(-122.401642 37.789213,-122.401742 37.789113,-122.397180 37.792689,-122.295244 37.804823,-122.265332 37.797257,-122.224167 37.774773,-122.196798 37.753504,-122.160813 37.721706,-122.126531 37.696838,-122.087041 37.669631,-122.057258 37.634263,-122.057158 37.634363)"
29_45_transit,transit,29,45,-122.402,37.7892,-122.444,37.6644,10.4814,16.8646,8.93025,14.3688,1.1737,25.8596,25.8939,1,"LINESTRING(-122.401642 37.789213,-122.401742 37.789113,-122.407487 37.784545,-122.413979 37.779350,-122.419855 37.765076,-122.418618 37.752322,-122.433657 37.733169,-122.447610 37.721658,-122.469094 37.706204,-122.466267 37.684542,-122.444354 37.664337,-122.444254 37.664437)"
29_48_transit,transit,29,48,-122.402,37.7892,-122.067,37.9058,21.4633,34.5345,19.9375,32.0795,1.07653,35.8591,35.8634,5,"LINESTRING(-122.401642 37.789213,-122.401742 37.789113,-122.397180 37.792689,-122.295244 37.804823,-122.271689 37.803371,-122.268822 37.807960,-122.267263 37.828714,-122.251371 37.844695,-122.183817 37.878403,-122.124744 37.893120,-122.067479 37.905712,-122.067379 37.905812)"
29_49_transit,transit,29,49,-122.402,37.7892,-121.928,37.6998,28.9253,46.5408,26.5898,42.7829,1.08783,44.8596,44.8646,2,"LINESTRING(-122.401642 37.789213,-122.401742 37.789113,-122.397180 37.792689,-122.295244 37.804823,-122.265332 37.797257,-122.224167 37.774773,-122.196798 37.753504,-122.160813 37.721706,-122.126531 37.696838,-122.075715 37.690676,-121.928401 37.699660,-121.928301 37.699760)"
29_50_transit,transit,29,50,-122.402,37.7892,-122.295,37.8049,5.99777,9.65041,5.91495,9.51715,1.014,8.85232,8.85617,7,"LINESTRING(-122.401642 37.789213,-122.401742 37.789113,-122.397180 37.792689,-122.295244 37.804823,-122.295144 37.804923)"
30_1_transit,transit,30,1,-122.284,37.874,-122.272,37.8035,5.55607,8.93972,4.91854,7.91393,1.12962,13.8551,22.5777,10,"LINESTRING(-122.283508 37.874032,-122.283608 37.873932,-122.268178 37.870017,-122.269850 37.852969,-122.267263 37.828714,-122.268822 37.807960,-122.271689 37.803371,-122.271589 37.803471)"
30_2_transit,transit,30,2,-122.284,37.874,-122.42,37.7652,14.8134,23.8347,10.5769,17.0182,1.40054,32.8612,49.8572,5,"LINESTRING(-122.283508 37.874032,-122.283608 37.873932,-122.268178 37.870017,-122.269850 37.852969,-122.267263 37.828714,-122.268822 37.807960,-122.271689 37.803371,-122.295244 37.804823,-122.397180 37.792689,-122.401742 37.789113,-122.407487 37.784545,-122.413979 37.779350,-122.419855 37.765076,-122.419755 37.765176)"
30_3_transit,transit,30,3,-122.284,37.874,-122.269,37.8081,5.2024,8.37066,4.62912,7.44826,1.12384,11.8541,19.0888,8,"LINESTRING(-122.283508 37.874032,-122.283608 37.873932,-122.268178 37.870017,-122.269850 37.852969,-122.267263 37.828714,-122.268822 37.807960,-122.268722 37.808060)"
30_4_transit,transit,30,4,-122.284,37.874,-122.419,37.7524,15.6974,25.2571,11.1764,17.9829,1.4045,34.8622,51.8603,6,"LINESTRING(-122.283508 37.874032,-122.283608 37.873932,-122.268178 37.870017,-122.269850 37.852969,-122.267263 37.828714,-122.268822 37.807960,-122.271689 37.803371,-122.295244 37.804823,-122.397180 37.792689,-122.401742 37.789113,-122.407487 37.784545,-122.413979 37.779350,-122.419855 37.765076,-122.418618 37.752322,-122.418518 37.752422)"
30_6_transit,transit,30,6,-122.284,37.874,-122.27,37.8531,2.08346,3.35228,1.6313,2.62476,1.27718,4.85203,6.49157,1,"LINESTRING(-122.283508 37.874032,-122.283608 37.873932,-122.268178 37.870017,-122.269850 37.852969,-122.269750 37.853069)"
30_7_transit,transit,30,7,-122.284,37.874,-122.448,37.7218,18.3574,29.5371,13.8156,22.2292,1.32875,39.8643,56.8634,1,"LINESTRING(-122.283508 37.874032,-122.283608 37.873932,-122.268178 37.870017,-122.269850 37.852969,-122.267263 37.828714,-122.268822 37.807960,-122.271689 37.803371,-122.295244 37.804823,-122.397180 37.792689,-122.401742 37.789113,-122.407487 37.784545,-122.413979 37.779350,-122.419855 37.765076,-122.418618 37.752322,-122.433657 37.733169,-122.447610 37.721658,-122.447510 37.721758)"
30_11_transit,transit,30,11,-122.284,37.874,-122.414,37.7794,13.776,22.1656,9.66078,15.5442,1.42597,30.8602,47.8505,28,"LINESTRING(-122.283508 37.874032,-122.283608 37.873932,-122.268178 37.870017,-122.269850 37.852969,-122.267263 37.828714,-122.268822 37.807960,-122.271689 37.803371,-122.295244 37.804823,-122.397180 37.792689,-122.401742 37.789113,-122.407487 37.784545,-122.413979 37.779350,-122.413879 37.779450)"
30_12_transit,transit,30,12,-122.284,37.874,-122.466,37.6846,21.4499,34.5129,16.4541,26.4747,1.30362,48.8664,65.8673,1,"LINESTRING(-122.283508 37.874032,-122.283608 37.873932,-122.268178 37.870017,-122.269850 37.852969,-122.267263 37.828714,-122.268822 37.807960,-122.271689 37.803371,-122.295244 37.804823,-122.397180 37.792689,-122.401742 37.789113,-122.407487 37.784545,-122.413979 37.779350,-122.419855 37.765076,-122.418618 37.752322,-122.433657 37.733169,-122.447610 37.721658,-122.469094 37.706204,-122.466267 37.684542,-122.466167 37.684642)"
30_13_transit,transit,30,13,-122.284,37.874,-122.197,37.7536,10.9326,17.5906,9.5755,15.407,1.14173,26.8582,26.951,2,"LINESTRING(-122.283508 37.874032,-122.283608 37.873932,-122.268178 37.870017,-122.269850 37.852969,-122.267263 37.828714,-122.268822 37.807960,-122.271689 37.803371,-122.265332 37.797257,-122.224167 37.774773,-122.196798 37.753504,-122.196698 37.753604)"
30_16_transit,transit,30,16,-122.284,37.874,-122.268,37.8701,0.901773,1.45095,0.883984,1.42233,1.02012,2.85099,3.49813,9,"LINESTRING(-122.283508 37.874032,-122.283608 37.873932,-122.268178 37.870017,-122.268078 37.870117)"
30_17_transit,transit,30,17,-122.284,37.874,-122.317,37.9252,4.00711,6.44744,3.97614,6.39761,1.00779,6.85187,6.85187,4,"LINESTRING(-122.283508 37.874032,-122.283608 37.873932,-122.298995 37.902533,-122.316968 37.925105,-122.316868 37.925205)"
30_19_transit,transit,30,19,-122.284,37.874,-122.397,37.7928,12.4754,20.0729,8.3619,13.4543,1.49193,25.8572,42.4269,38,"LINESTRING(-122.283508 37.874032,-122.283608 37.873932,-122.268178 37.870017,-122.269850 37.852969,-122.267263 37.828714,-122.268822 37.807960,-122.271689 37.803371,-122.295244 37.804823,-122.397180 37.792689,-122.397080 37.792789)"
30_20_transit,transit,30,20,-122.284,37.874,-121.977,37.5575,29.1469,46.8973,27.5619,44.3471,1.05751,53.8647,53.9715,3,"LINESTRING(-122.283508 37.874032,-122.283608 37.873932,-122.268178 37.870017,-122.269850 37.852969,-122.267263 37.828714,-122.268822 37.807960,-122.271689 37.803371,-122.265332 37.797257,-122.224167 37.774773,-122.196798 37.753504,-122.160813 37.721706,-122.126531 37.696838,-122.087041 37.669631,-122.057258 37.634263,-122.017330 37.590665,-121.976705 37.557413,-121.976605 37.557513)"
30_21_transit,transit,30,21,-122.284,37.874,-122.224,37.7749,8.83588,14.2169,7.58054,12.1971,1.1656,23.8572,23.9467,2,"LINESTRING(-122.283508 37.874032,-122.283608 37.873932,-122.268178 37.870017,-122.269850 37.852969,-122.267263 37.828714,-122.268822 37.807960,-122.271689 37.803371,-122.265332 37.797257,-122.224167 37.774773,-122.224067 37.774873)"
30_22_transit,transit,30,22,-122.284,37.874,-122.434,37.7333,17.2554,27.7639,12.7159,20.4599,1.35699,37.8633,54.862,5,"LINESTRING(-122.283508 37.874032,-122.283608 37.873932,-122.268178 37.870017,-122.269850 37.852969,-122.267263 37.828714,-122.268822 37.807960,-122.271689 37.803371,-122.295244 37.804823,-122.397180 37.792689,-122.401742 37.789113,-122.407487 37.784545,-122.413979 37.779350,-122.419855 37.765076,-122.418618 37.752322,-122.433657 37.733169,-122.433557 37.733269)"
30_23_transit,transit,30,23,-122.284,37.874,-122.087,37.6697,19.2881,31.0346,17.7346,28.5349,1.0876,39.8614,39.9611,1,"LINESTRING(-122.283508 37.874032,-122.283608 37.873932,-122.268178 37.870017,-122.269850 37.852969,-122.267263 37.828714,-122.268822 37.807960,-122.271689 37.803371,-122.265332 37.797257,-122.224167 37.774773,-122.196798 37.753504,-122.160813 37.721706,-122.126531 37.696838,-122.087041 37.669631,-122.086941 37.669731)"
30_25_transit,transit,30,25,-122.284,37.874,-122.265,37.7974,6.10291,9.81958,5.39084,8.67386,1.13209,19.8561,19.9406,4,"LINESTRING(-122.283508 37.874032,-122.283608 37.873932,-122.268178 37.870017,-122.269850 37.852969,-122.267263 37.828714,-122.268822 37.807960,-122.271689 37.803371,-122.265332 37.797257,-122.265232 37.797357)"
30_26_transit,transit,30,26,-122.284,37.874,-122.267,37.8288,3.76561,6.05886,3.24906,5.22774,1.15898,8.85308,8.91191,3,"LINESTRING(-122.283508 37.874032,-122.283608 37.873932,-122.268178 37.870017,-122.269850 37.852969,-122.267263 37.828714,-122.267163 37.828814)"
30_27_transit,transit,30,27,-122.284,37.874,-122.387,37.6002,28.824,46.3779,19.7448,31.7693,1.45983,63.8706,80.8735,1,"LINESTRING(-122.283508 37.874032,-122.283608 37.873932,-122.268178 37.870017,-122.269850 37.852969,-122.267263 37.828714,-122.268822 37.807960,-122.271689 37.803371,-122.295244 37.804823,-122.397180 37.792689,-122.401742 37.789113,-122.407487 37.784545,-122.413979 37.779350,-122.419855 37.765076,-122.418618 37.752322,-122.433657 37.733169,-122.447610 37.721658,-122.469094 37.706204,-122.466267 37.684542,-122.444354 37.664337,-122.416484 37.637620,-122.391995 37.615923,-122.386940 37.600099,-122.386840 37.600199)"
30_29_transit,transit,30,29,-122.284,37.874,-122.402,37.7892,12.8263,20.6375,8.71241,14.0183,1.47219,26.8582,43.669,31,"LINESTRING(-122.283508 37.874032,-122.283608 37.873932,-122.268178 37.870017,-122.269850 37.852969,-122.267263 37.828714,-122.268822 37.807960,-122.271689 37.803371,-122.295244 37.804823,-122.397180 37.792689,-122.401742 37.789113,-122.401642 37.789213)"
30_38_transit,transit,30,38,-122.284,37.874,-122.407,37.7846,13.2714,21.3537,9.15689,14.7334,1.44934,28.8592,45.8023,20,"LINESTRING(-122.283508 37.874032,-122.283608 37.873932,-122.268178 37.870017,-122.269850 37.852969,-122.267263 37.828714,-122.268822 37.807960,-122.271689 37.803371,-122.295244 37.804823,-122.397180 37.792689,-122.401742 37.789113,-122.407487 37.784545,-122.407387 37.784645)"
30_39_transit,transit,30,39,-122.284,37.874,-122.353,37.9368,6.13348,9.86876,5.75848,9.26539,1.06512,11.8528,11.8528,3,"LINESTRING(-122.283508 37.874032,-122.283608 37.873932,-122.298995 37.902533,-122.316968 37.925105,-122.353104 37.936695,-122.353004 37.936795)"
30_41_transit,transit,30,41,-122.284,37.874,-122.161,37.7218,13.8816,22.3355,12.4729,20.0689,1.11295,31.8593,31.954,1,"LINESTRING(-122.283508 37.874032,-122.283608 37.873932,-122.268178 37.870017,-122.269850 37.852969,-122.267263 37.828714,-122.268822 37.807960,-122.271689 37.803371,-122.265332 37.797257,-122.224167 37.774773,-122.196798 37.753504,-122.160813 37.721706,-122.160713 37.721806)"
30_43_transit,transit,30,43,-122.284,37.874,-122.392,37.616,27.696,44.5629,18.7847,30.2246,1.47439,59.8695,76.8722,3,"LINESTRING(-122.283508 37.874032,-122.283608 37.873932,-122.268178 37.870017,-122.269850 37.852969,-122.267263 37.828714,-122.268822 37.807960,-122.271689 37.803371,-122.295244 37.804823,-122.397180 37.792689,-122.401742 37.789113,-122.407487 37.784545,-122.413979 37.779350,-122.419855 37.765076,-122.418618 37.752322,-122.433657 37.733169,-122.447610 37.721658,-122.469094 37.706204,-122.466267 37.684542,-122.444354 37.664337,-122.416484 37.637620,-122.391995 37.615923,-122.391895 37.616023)"
30_46_transit,transit,30,46,-122.284,37.874,-122.017,37.5908,25.9481,41.7505,24.3883,39.2408,1.06396,48.8636,48.9694,4,"LINESTRING(-122.283508 37.874032,-122.283608 37.873932,-122.268178 37.870017,-122.269850 37.852969,-122.267263 37.828714,-122.268822 37.807960,-122.271689 37.803371,-122.265332 37.797257,-122.224167 37.774773,-122.196798 37.753504,-122.160813 37.721706,-122.126531 37.696838,-122.087041 37.669631,-122.057258 37.634263,-122.017330 37.590665,-122.017230 37.590765)"
30_47_transit,transit,30,47,-122.284,37.874,-121.939,37.5023,33.4738,53.8594,31.8395,51.2298,1.05133,59.8658,59.9729,1,"LINESTRING(-122.283508 37.874032,-122.283608 37.873932,-122.268178 37.870017,-122.269850 37.852969,-122.267263 37.828714,-122.268822 37.807960,-122.271689 37.803371,-122.265332 37.797257,-122.224167 37.774773,-122.196798 37.753504,-122.160813 37.721706,-122.126531 37.696838,-122.087041 37.669631,-122.057258 37.634263,-122.017330 37.590665,-121.976705 37.557413,-121.939458 37.502207,-121.939358 37.502307)"
31_1_transit,transit,31,1,-122.025,38.0034,-122.272,37.8035,21.3968,34.4274,19.2928,31.0422,1.10905,34.8588,36.1118,8,"LINESTRING(-122.024561 38.003407,-122.024661 38.003307,-122.029226 37.973673,-122.056115 37.928363,-122.067479 37.905712,-122.124744 37.893120,-122.183817 37.878403,-122.251371 37.844695,-122.267263 37.828714,-122.268822 37.807960,-122.271689 37.803371,-122.271589 37.803471)"
31_2_transit,transit,31,2,-122.025,38.0034,-122.42,37.7652,30.6541,49.3224,27.118,43.6329,1.1304,53.8649,56.957,3,"LINESTRING(-122.024561 38.003407,-122.024661 38.003307,-122.029226 37.973673,-122.056115 37.928363,-122.067479 37.905712,-122.124744 37.893120,-122.183817 37.878403,-122.251371 37.844695,-122.267263 37.828714,-122.268822 37.807960,-122.271689 37.803371,-122.295244 37.804823,-122.397180 37.792689,-122.401742 37.789113,-122.407487 37.784545,-122.413979 37.779350,-122.419855 37.765076,-122.419755 37.765176)"
31_3_transit,transit,31,3,-122.025,38.0034,-122.269,37.8081,21.0431,33.8584,18.9567,30.5013,1.11006,33.8578,35.0235,14,"LINESTRING(-122.024561 38.003407,-122.024661 38.003307,-122.029226 37.973673,-122.056115 37.928363,-122.067479 37.905712,-122.124744 37.893120,-122.183817 37.878403,-122.251371 37.844695,-122.267263 37.828714,-122.268822 37.807960,-122.268722 37.808060)"
31_4_transit,transit,31,4,-122.025,38.0034,-122.419,37.7524,31.5381,50.7447,27.6107,44.4256,1.14224,55.866,58.9584,4,"LINESTRING(-122.024561 38.003407,-122.024661 38.003307,-122.029226 37.973673,-122.056115 37.928363,-122.067479 37.905712,-122.124744 37.893120,-122.183817 37.878403,-122.251371 37.844695,-122.267263 37.828714,-122.268822 37.807960,-122.271689 37.803371,-122.295244 37.804823,-122.397180 37.792689,-122.401742 37.789113,-122.407487 37.784545,-122.413979 37.779350,-122.419855 37.765076,-122.418618 37.752322,-122.418518 37.752422)"
31_7_transit,transit,31,7,-122.025,38.0034,-122.448,37.7218,34.1981,55.0248,30.1825,48.5637,1.13304,60.868,63.9607,1,"LINESTRING(-122.024561 38.003407,-122.024661 38.003307,-122.029226 37.973673,-122.056115 37.928363,-122.067479 37.905712,-122.124744 37.893120,-122.183817 37.878403,-122.251371 37.844695,-122.267263 37.828714,-122.268822 37.807960,-122.271689 37.803371,-122.295244 37.804823,-122.397180 37.792689,-122.401742 37.789113,-122.407487 37.784545,-122.413979 37.779350,-122.419855 37.765076,-122.418618 37.752322,-122.433657 37.733169,-122.447610 37.721658,-122.447510 37.721758)"
31_11_transit,transit,31,11,-122.025,38.0034,-122.414,37.7794,29.6167,47.6533,26.2697,42.2679,1.12741,51.8639,54.9551,19,"LINESTRING(-122.024561 38.003407,-122.024661 38.003307,-122.029226 37.973673,-122.056115 37.928363,-122.067479 37.905712,-122.124744 37.893120,-122.183817 37.878403,-122.251371 37.844695,-122.267263 37.828714,-122.268822 37.807960,-122.271689 37.803371,-122.295244 37.804823,-122.397180 37.792689,-122.401742 37.789113,-122.407487 37.784545,-122.413979 37.779350,-122.413879 37.779450)"
31_12_transit,transit,31,12,-122.025,38.0034,-122.466,37.6846,37.2906,60.0006,32.6445,52.5249,1.14233,69.8701,72.963,1,"LINESTRING(-122.024561 38.003407,-122.024661 38.003307,-122.029226 37.973673,-122.056115 37.928363,-122.067479 37.905712,-122.124744 37.893120,-122.183817 37.878403,-122.251371 37.844695,-122.267263 37.828714,-122.268822 37.807960,-122.271689 37.803371,-122.295244 37.804823,-122.397180 37.792689,-122.401742 37.789113,-122.407487 37.784545,-122.413979 37.779350,-122.419855 37.765076,-122.418618 37.752322,-122.433657 37.733169,-122.447610 37.721658,-122.469094 37.706204,-122.466267 37.684542,-122.466167 37.684642)"
31_14_transit,transit,31,14,-122.025,38.0034,-122.029,37.9738,2.08059,3.34766,2.06257,3.31867,1.00873,3.85047,3.91089,6,"LINESTRING(-122.024561 38.003407,-122.024661 38.003307,-122.029226 37.973673,-122.029126 37.973773)"
31_15_transit,transit,31,15,-122.025,38.0034,-122.469,37.7063,35.7856,57.579,31.7688,51.116,1.12644,64.8691,67.9618,2,"LINESTRING(-122.024561 38.003407,-122.024661 38.003307,-122.029226 37.973673,-122.056115 37.928363,-122.067479 37.905712,-122.124744 37.893120,-122.183817 37.878403,-122.251371 37.844695,-122.267263 37.828714,-122.268822 37.807960,-122.271689 37.803371,-122.295244 37.804823,-122.397180 37.792689,-122.401742 37.789113,-122.407487 37.784545,-122.413979 37.779350,-122.419855 37.765076,-122.418618 37.752322,-122.433657 37.733169,-122.447610 37.721658,-122.469094 37.706204,-122.468994 37.706304)"
31_19_transit,transit,31,19,-122.025,38.0034,-122.397,37.7928,28.3161,45.5606,24.9859,40.2023,1.13328,46.8609,49.8826,26,"LINESTRING(-122.024561 38.003407,-122.024661 38.003307,-122.029226 37.973673,-122.056115 37.928363,-122.067479 37.905712,-122.124744 37.893120,-122.183817 37.878403,-122.251371 37.844695,-122.267263 37.828714,-122.268822 37.807960,-122.271689 37.803371,-122.295244 37.804823,-122.397180 37.792689,-122.397080 37.792789)"
31_22_transit,transit,31,22,-122.025,38.0034,-122.434,37.7333,33.0961,53.2516,29.0869,46.8007,1.13784,58.867,61.9596,2,"LINESTRING(-122.024561 38.003407,-122.024661 38.003307,-122.029226 37.973673,-122.056115 37.928363,-122.067479 37.905712,-122.124744 37.893120,-122.183817 37.878403,-122.251371 37.844695,-122.267263 37.828714,-122.268822 37.807960,-122.271689 37.803371,-122.295244 37.804823,-122.397180 37.792689,-122.401742 37.789113,-122.407487 37.784545,-122.413979 37.779350,-122.419855 37.765076,-122.418618 37.752322,-122.433657 37.733169,-122.433557 37.733269)"
31_24_transit,transit,31,24,-122.025,38.0034,-122.125,37.8932,10.4631,16.8351,9.3647,15.0678,1.11729,16.8536,17.2144,2,"LINESTRING(-122.024561 38.003407,-122.024661 38.003307,-122.029226 37.973673,-122.056115 37.928363,-122.067479 37.905712,-122.124744 37.893120,-122.124644 37.893220)"
31_26_transit,transit,31,26,-122.025,38.0034,-122.267,37.8288,19.6063,31.5466,17.8997,28.8006,1.09534,29.8568,30.7242,6,"LINESTRING(-122.024561 38.003407,-122.024661 38.003307,-122.029226 37.973673,-122.056115 37.928363,-122.067479 37.905712,-122.124744 37.893120,-122.183817 37.878403,-122.251371 37.844695,-122.267263 37.828714,-122.267163 37.828814)"
31_29_transit,transit,31,29,-122.025,38.0034,-122.402,37.7892,28.667,46.1252,25.3325,40.7599,1.13163,47.8619,50.9287,20,"LINESTRING(-122.024561 38.003407,-122.024661 38.003307,-122.029226 37.973673,-122.056115 37.928363,-122.067479 37.905712,-122.124744 37.893120,-122.183817 37.878403,-122.251371 37.844695,-122.267263 37.828714,-122.268822 37.807960,-122.271689 37.803371,-122.295244 37.804823,-122.397180 37.792689,-122.401742 37.789113,-122.401642 37.789213)"
31_35_transit,transit,31,35,-122.025,38.0034,-122.056,37.9285,5.53776,8.91026,5.45429,8.77595,1.0153,8.85157,9.00953,4,"LINESTRING(-122.024561 38.003407,-122.024661 38.003307,-122.029226 37.973673,-122.056115 37.928363,-122.056015 37.928463)"
31_36_transit,transit,31,36,-122.025,38.0034,-121.944,38.0189,4.5206,7.27365,4.50209,7.24386,1.00411,6.85037,6.85037,3,"LINESTRING(-122.024561 38.003407,-122.024661 38.003307,-121.944348 38.018850,-121.944248 38.018950)"
31_38_transit,transit,31,38,-122.025,38.0034,-122.407,37.7846,29.1121,46.8414,25.7717,41.4667,1.12962,49.8629,52.9477,17,"LINESTRING(-122.024561 38.003407,-122.024661 38.003307,-122.029226 37.973673,-122.056115 37.928363,-122.067479 37.905712,-122.124744 37.893120,-122.183817 37.878403,-122.251371 37.844695,-122.267263 37.828714,-122.268822 37.807960,-122.271689 37.803371,-122.295244 37.804823,-122.397180 37.792689,-122.401742 37.789113,-122.407487 37.784545,-122.407387 37.784645)"
31_40_transit,transit,31,40,-122.025,38.0034,-122.251,37.8448,18.202,29.287,16.5162,26.5745,1.10207,26.8558,27.5444,1,"LINESTRING(-122.024561 38.003407,-122.024661 38.003307,-122.029226 37.973673,-122.056115 37.928363,-122.067479 37.905712,-122.124744 37.893120,-122.183817 37.878403,-122.251371 37.844695,-122.251271 37.844795)"
31_42_transit,transit,31,42,-122.025,38.0034,-122.416,37.6377,41.5255,66.8145,33.1021,53.2614,1.25447,75.8722,78.9652,1,"LINESTRING(-122.024561 38.003407,-122.024661 38.003307,-122.029226 37.973673,-122.056115 37.928363,-122.067479 37.905712,-122.124744 37.893120,-122.183817 37.878403,-122.251371 37.844695,-122.267263 37.828714,-122.268822 37.807960,-122.271689 37.803371,-122.295244 37.804823,-122.397180 37.792689,-122.401742 37.789113,-122.407487 37.784545,-122.413979 37.779350,-122.419855 37.765076,-122.418618 37.752322,-122.433657 37.733169,-122.447610 37.721658,-122.469094 37.706204,-122.466267 37.684542,-122.444354 37.664337,-122.416484 37.637620,-122.416384 37.637720)"
31_43_transit,transit,31,43,-122.025,38.0034,-122.392,37.616,43.5367,70.0505,33.4439,53.8112,1.30178,80.8733,83.9662,2,"LINESTRING(-122.024561 38.003407,-122.024661 38.003307,-122.029226 37.973673,-122.056115 37.928363,-122.067479 37.905712,-122.124744 37.893120,-122.183817 37.878403,-122.251371 37.844695,-122.267263 37.828714,-122.268822 37.807960,-122.271689 37.803371,-122.295244 37.804823,-122.397180 37.792689,-122.401742 37.789113,-122.407487 37.784545,-122.413979 37.779350,-122.419855 37.765076,-122.418618 37.752322,-122.433657 37.733169,-122.447610 37.721658,-122.469094 37.706204,-122.466267 37.684542,-122.444354 37.664337,-122.416484 37.637620,-122.391995 37.615923,-122.391895 37.616023)"
31_45_transit,transit,31,45,-122.025,38.0034,-122.444,37.6644,39.1308,62.9615,32.7576,52.707,1.19456,72.8712,75.9641,1,"LINESTRING(-122.024561 38.003407,-122.024661 38.003307,-122.029226 37.973673,-122.056115 37.928363,-122.067479 37.905712,-122.124744 37.893120,-122.183817 37.878403,-122.251371 37.844695,-122.267263 37.828714,-122.268822 37.807960,-122.271689 37.803371,-122.295244 37.804823,-122.397180 37.792689,-122.401742 37.789113,-122.407487 37.784545,-122.413979 37.779350,-122.419855 37.765076,-122.418618 37.752322,-122.433657 37.733169,-122.447610 37.721658,-122.469094 37.706204,-122.466267 37.684542,-122.444354 37.664337,-122.444254 37.664437)"
31_48_transit,transit,31,48,-122.025,38.0034,-122.067,37.9058,7.22128,11.619,7.13533,11.4808,1.01205,11.8526,12.0851,4,"LINESTRING(-122.024561 38.003407,-122.024661 38.003307,-122.029226 37.973673,-122.056115 37.928363,-122.067479 37.905712,-122.067379 37.905812)"
31_50_transit,transit,31,50,-122.025,38.0034,-122.295,37.8049,22.6869,36.5031,20.1416,32.4079,1.12637,39.8598,41.657,2,"LINESTRING(-122.024561 38.003407,-122.024661 38.003307,-122.029226 37.973673,-122.056115 37.928363,-122.067479 37.905712,-122.124744 37.893120,-122.183817 37.878403,-122.251371 37.844695,-122.267263 37.828714,-122.268822 37.807960,-122.271689 37.803371,-122.295244 37.804823,-122.295144 37.804923)"
33_1_transit,transit,33,1,-122.184,37.8785,-122.272,37.8035,7.5726,12.1843,7.06158,11.3621,1.07237,13.8541,14.6502,6,"LINESTRING(-122.183717 37.878503,-122.183817 37.878403,-122.251371 37.844695,-122.267263 37.828714,-122.268822 37.807960,-122.271689 37.803371,-122.271589 37.803471)"
33_3_transit,transit,33,3,-122.184,37.8785,-122.269,37.8081,7.21893,11.6153,6.72323,10.8177,1.07373,12.8531,13.5634,4,"LINESTRING(-122.183717 37.878503,-122.183817 37.878403,-122.251371 37.844695,-122.267263 37.828714,-122.268822 37.807960,-122.268722 37.808060)"
33_4_transit,transit,33,4,-122.184,37.8785,-122.419,37.7524,17.7139,28.5016,15.4967,24.9341,1.14308,34.8612,37.4648,5,"LINESTRING(-122.183717 37.878503,-122.183817 37.878403,-122.251371 37.844695,-122.267263 37.828714,-122.268822 37.807960,-122.271689 37.803371,-122.295244 37.804823,-122.397180 37.792689,-122.401742 37.789113,-122.407487 37.784545,-122.413979 37.779350,-122.419855 37.765076,-122.418618 37.752322,-122.418518 37.752422)"
33_11_transit,transit,33,11,-122.184,37.8785,-122.414,37.7794,15.7925,25.4102,14.3043,23.0156,1.10404,30.8592,33.4606,19,"LINESTRING(-122.183717 37.878503,-122.183817 37.878403,-122.251371 37.844695,-122.267263 37.828714,-122.268822 37.807960,-122.271689 37.803371,-122.295244 37.804823,-122.397180 37.792689,-122.401742 37.789113,-122.407487 37.784545,-122.413979 37.779350,-122.413879 37.779450)"
33_14_transit,transit,33,14,-122.184,37.8785,-122.029,37.9738,11.7788,18.9521,10.692,17.2034,1.10164,17.8537,17.8538,2,"LINESTRING(-122.183717 37.878503,-122.183817 37.878403,-122.124744 37.893120,-122.067479 37.905712,-122.056115 37.928363,-122.029226 37.973673,-122.029126 37.973773)"
33_19_transit,transit,33,19,-122.184,37.8785,-122.397,37.7928,14.4919,23.3175,13.0626,21.0177,1.10942,25.8561,28.3774,87,"LINESTRING(-122.183717 37.878503,-122.183817 37.878403,-122.251371 37.844695,-122.267263 37.828714,-122.268822 37.807960,-122.271689 37.803371,-122.295244 37.804823,-122.397180 37.792689,-122.397080 37.792789)"
33_22_transit,transit,33,22,-122.184,37.8785,-122.434,37.7333,19.2719,31.0085,16.9327,27.2448,1.13814,37.8623,40.4663,2,"LINESTRING(-122.183717 37.878503,-122.183817 37.878403,-122.251371 37.844695,-122.267263 37.828714,-122.268822 37.807960,-122.271689 37.803371,-122.295244 37.804823,-122.397180 37.792689,-122.401742 37.789113,-122.407487 37.784545,-122.413979 37.779350,-122.419855 37.765076,-122.418618 37.752322,-122.433657 37.733169,-122.433557 37.733269)"
33_26_transit,transit,33,26,-122.184,37.8785,-122.267,37.8288,5.78214,9.30346,5.70189,9.17434,1.01407,8.85207,9.25802,5,"LINESTRING(-122.183717 37.878503,-122.183817 37.878403,-122.251371 37.844695,-122.267263 37.828714,-122.267163 37.828814)"
33_29_transit,transit,33,29,-122.184,37.8785,-122.402,37.7892,14.8428,23.8821,13.3972,21.5561,1.10791,26.8572,29.4274,57,"LINESTRING(-122.183717 37.878503,-122.183817 37.878403,-122.251371 37.844695,-122.267263 37.828714,-122.268822 37.807960,-122.271689 37.803371,-122.295244 37.804823,-122.397180 37.792689,-122.401742 37.789113,-122.401642 37.789213)"
33_35_transit,transit,33,35,-122.184,37.8785,-122.056,37.9285,8.32162,13.3895,7.7709,12.5034,1.07087,12.8528,12.8529,2,"LINESTRING(-122.183717 37.878503,-122.183817 37.878403,-122.124744 37.893120,-122.067479 37.905712,-122.056115 37.928363,-122.056015 37.928463)"
33_36_transit,transit,33,36,-122.184,37.8785,-121.944,38.0189,18.3448,29.5168,16.2605,26.1632,1.12818,27.8556,27.8557,1,"LINESTRING(-122.183717 37.878503,-122.183817 37.878403,-122.124744 37.893120,-122.067479 37.905712,-122.056115 37.928363,-122.029226 37.973673,-122.024661 38.003307,-121.944348 38.018850,-121.944248 38.018950)"
33_38_transit,transit,33,38,-122.184,37.8785,-122.407,37.7846,15.2879,24.5983,13.8218,22.2393,1.10607,28.8582,31.4512,9,"LINESTRING(-122.183717 37.878503,-122.183817 37.878403,-122.251371 37.844695,-122.267263 37.828714,-122.268822 37.807960,-122.271689 37.803371,-122.295244 37.804823,-122.397180 37.792689,-122.401742 37.789113,-122.407487 37.784545,-122.407387 37.784645)"
33_40_transit,transit,33,40,-122.184,37.8785,-122.251,37.8448,4.37783,7.04394,4.35934,7.01417,1.00424,5.85103,6.07074,6,"LINESTRING(-122.183717 37.878503,-122.183817 37.878403,-122.251371 37.844695,-122.251271 37.844795)"
33_42_transit,transit,33,42,-122.184,37.8785,-122.416,37.6377,27.7013,44.5714,20.936,33.6859,1.32315,54.8675,57.472,1,"LINESTRING(-122.183717 37.878503,-122.183817 37.878403,-122.251371 37.844695,-122.267263 37.828714,-122.268822 37.807960,-122.271689 37.803371,-122.295244 37.804823,-122.397180 37.792689,-122.401742 37.789113,-122.407487 37.784545,-122.413979 37.779350,-122.419855 37.765076,-122.418618 37.752322,-122.433657 37.733169,-122.447610 37.721658,-122.469094 37.706204,-122.466267 37.684542,-122.444354 37.664337,-122.416484 37.637620,-122.416384 37.637720)"
33_43_transit,transit,33,43,-122.184,37.8785,-122.392,37.616,29.7125,47.8075,21.4071,34.4441,1.38797,59.8685,62.4731,5,"LINESTRING(-122.183717 37.878503,-122.183817 37.878403,-122.251371 37.844695,-122.267263 37.828714,-122.268822 37.807960,-122.271689 37.803371,-122.295244 37.804823,-122.397180 37.792689,-122.401742 37.789113,-122.407487 37.784545,-122.413979 37.779350,-122.419855 37.765076,-122.418618 37.752322,-122.433657 37.733169,-122.447610 37.721658,-122.469094 37.706204,-122.466267 37.684542,-122.444354 37.664337,-122.416484 37.637620,-122.391995 37.615923,-122.391895 37.616023)"
33_48_transit,transit,33,48,-122.184,37.8785,-122.067,37.9058,6.6381,10.6807,6.61823,10.6487,1.003,9.8519,9.85197,2,"LINESTRING(-122.183717 37.878503,-122.183817 37.878403,-122.124744 37.893120,-122.067479 37.905712,-122.067379 37.905812)"
34_1_transit,transit,34,1,-121.889,38.0169,-122.272,37.8035,28.9106,46.5171,25.5415,41.0962,1.13191,50.8608,52.2919,3,"LINESTRING(-121.889011 38.016873,-121.889111 38.016773,-121.944348 38.018850,-122.024661 38.003307,-122.029226 37.973673,-122.056115 37.928363,-122.067479 37.905712,-122.124744 37.893120,-122.183817 37.878403,-122.251371 37.844695,-122.267263 37.828714,-122.268822 37.807960,-122.271689 37.803371,-122.271589 37.803471)"
34_3_transit,transit,34,3,-121.889,38.0169,-122.269,37.8081,28.5569,45.948,25.2308,40.5964,1.13182,49.8598,51.2051,3,"LINESTRING(-121.889011 38.016873,-121.889111 38.016773,-121.944348 38.018850,-122.024661 38.003307,-122.029226 37.973673,-122.056115 37.928363,-122.067479 37.905712,-122.124744 37.893120,-122.183817 37.878403,-122.251371 37.844695,-122.267263 37.828714,-122.268822 37.807960,-122.268722 37.808060)"
34_4_transit,transit,34,4,-121.889,38.0169,-122.419,37.7524,39.0519,62.8344,34.1708,54.9808,1.14284,71.8679,75.1065,2,"LINESTRING(-121.889011 38.016873,-121.889111 38.016773,-121.944348 38.018850,-122.024661 38.003307,-122.029226 37.973673,-122.056115 37.928363,-122.067479 37.905712,-122.124744 37.893120,-122.183817 37.878403,-122.251371 37.844695,-122.267263 37.828714,-122.268822 37.807960,-122.271689 37.803371,-122.295244 37.804823,-122.397180 37.792689,-122.401742 37.789113,-122.407487 37.784545,-122.413979 37.779350,-122.419855 37.765076,-122.418618 37.752322,-122.418518 37.752422)"
34_5_transit,transit,34,5,-121.889,38.0169,-121.78,37.9954,6.1174,9.8429,6.09856,9.81258,1.00309,8.85039,8.85039,1,"LINESTRING(-121.889011 38.016873,-121.889111 38.016773,-121.780453 37.995315,-121.780353 37.995415)"
34_7_transit,transit,34,7,-121.889,38.0169,-122.448,37.7218,41.7119,67.1145,36.6571,58.9813,1.13789,76.87,80.1093,3,"LINESTRING(-121.889011 38.016873,-121.889111 38.016773,-121.944348 38.018850,-122.024661 38.003307,-122.029226 37.973673,-122.056115 37.928363,-122.067479 37.905712,-122.124744 37.893120,-122.183817 37.878403,-122.251371 37.844695,-122.267263 37.828714,-122.268822 37.807960,-122.271689 37.803371,-122.295244 37.804823,-122.397180 37.792689,-122.401742 37.789113,-122.407487 37.784545,-122.413979 37.779350,-122.419855 37.765076,-122.418618 37.752322,-122.433657 37.733169,-122.447610 37.721658,-122.447510 37.721758)"
34_11_transit,transit,34,11,-121.889,38.0169,-122.414,37.7794,37.1305,59.743,32.9854,53.0736,1.12566,67.8659,71.1023,15,"LINESTRING(-121.889011 38.016873,-121.889111 38.016773,-121.944348 38.018850,-122.024661 38.003307,-122.029226 37.973673,-122.056115 37.928363,-122.067479 37.905712,-122.124744 37.893120,-122.183817 37.878403,-122.251371 37.844695,-122.267263 37.828714,-122.268822 37.807960,-122.271689 37.803371,-122.295244 37.804823,-122.397180 37.792689,-122.401742 37.789113,-122.407487 37.784545,-122.413979 37.779350,-122.413879 37.779450)"
34_12_transit,transit,34,12,-121.889,38.0169,-122.466,37.6846,44.8044,72.0903,38.9671,62.6981,1.1498,85.8721,89.1116,3,"LINESTRING(-121.889011 38.016873,-121.889111 38.016773,-121.944348 38.018850,-122.024661 38.003307,-122.029226 37.973673,-122.056115 37.928363,-122.067479 37.905712,-122.124744 37.893120,-122.183817 37.878403,-122.251371 37.844695,-122.267263 37.828714,-122.268822 37.807960,-122.271689 37.803371,-122.295244 37.804823,-122.397180 37.792689,-122.401742 37.789113,-122.407487 37.784545,-122.413979 37.779350,-122.419855 37.765076,-122.418618 37.752322,-122.433657 37.733169,-122.447610 37.721658,-122.469094 37.706204,-122.466267 37.684542,-122.466167 37.684642)"
34_14_transit,transit,34,14,-121.889,38.0169,-122.029,37.9738,9.59438,15.4374,8.18991,13.1776,1.17149,19.8524,20.0531,15,"LINESTRING(-121.889011 38.016873,-121.889111 38.016773,-121.944348 38.018850,-122.024661 38.003307,-122.029226 37.973673,-122.029126 37.973773)"
34_15_transit,transit,34,15,-121.889,38.0169,-122.469,37.7063,43.2994,69.6687,38.2283,61.5094,1.13265,80.871,84.1104,1,"LINESTRING(-121.889011 38.016873,-121.889111 38.016773,-121.944348 38.018850,-122.024661 38.003307,-122.029226 37.973673,-122.056115 37.928363,-122.067479 37.905712,-122.124744 37.893120,-122.183817 37.878403,-122.251371 37.844695,-122.267263 37.828714,-122.268822 37.807960,-122.271689 37.803371,-122.295244 37.804823,-122.397180 37.792689,-122.401742 37.789113,-122.407487 37.784545,-122.413979 37.779350,-122.419855 37.765076,-122.418618 37.752322,-122.433657 37.733169,-122.447610 37.721658,-122.469094 37.706204,-122.468994 37.706304)"
34_19_transit,transit,34,19,-121.889,38.0169,-122.397,37.7928,35.8299,57.6503,31.7322,51.057,1.12913,62.8628,66.0191,7,"LINESTRING(-121.889011 38.016873,-121.889111 38.016773,-121.944348 38.018850,-122.024661 38.003307,-122.029226 37.973673,-122.056115 37.928363,-122.067479 37.905712,-122.124744 37.893120,-122.183817 37.878403,-122.251371 37.844695,-122.267263 37.828714,-122.268822 37.807960,-122.271689 37.803371,-122.295244 37.804823,-122.397180 37.792689,-122.397080 37.792789)"
34_26_transit,transit,34,26,-121.889,38.0169,-122.267,37.8288,27.1201,43.6362,24.3648,39.203,1.11309,45.8588,46.8997,1,"LINESTRING(-121.889011 38.016873,-121.889111 38.016773,-121.944348 38.018850,-122.024661 38.003307,-122.029226 37.973673,-122.056115 37.928363,-122.067479 37.905712,-122.124744 37.893120,-122.183817 37.878403,-122.251371 37.844695,-122.267263 37.828714,-122.267163 37.828814)"
34_29_transit,transit,34,29,-121.889,38.0169,-122.402,37.7892,36.1808,58.2149,32.0705,51.6015,1.12816,63.8639,67.0691,13,"LINESTRING(-121.889011 38.016873,-121.889111 38.016773,-121.944348 38.018850,-122.024661 38.003307,-122.029226 37.973673,-122.056115 37.928363,-122.067479 37.905712,-122.124744 37.893120,-122.183817 37.878403,-122.251371 37.844695,-122.267263 37.828714,-122.268822 37.807960,-122.271689 37.803371,-122.295244 37.804823,-122.397180 37.792689,-122.401742 37.789113,-122.401642 37.789213)"
34_31_transit,transit,34,31,-121.889,38.0169,-122.025,38.0034,7.53139,12.118,7.43768,11.9672,1.0126,16.8514,16.9916,6,"LINESTRING(-121.889011 38.016873,-121.889111 38.016773,-121.944348 38.018850,-122.024661 38.003307,-122.024561 38.003407)"
34_35_transit,transit,34,35,-121.889,38.0169,-122.056,37.9285,13.0516,21,10.957,17.6299,1.19116,24.8535,25.1518,3,"LINESTRING(-121.889011 38.016873,-121.889111 38.016773,-121.944348 38.018850,-122.024661 38.003307,-122.029226 37.973673,-122.056115 37.928363,-122.056015 37.928463)"
34_38_transit,transit,34,38,-121.889,38.0169,-122.407,37.7846,36.6259,58.9311,32.4993,52.2913,1.12698,65.8649,69.0929,15,"LINESTRING(-121.889011 38.016873,-121.889111 38.016773,-121.944348 38.018850,-122.024661 38.003307,-122.029226 37.973673,-122.056115 37.928363,-122.067479 37.905712,-122.124744 37.893120,-122.183817 37.878403,-122.251371 37.844695,-122.267263 37.828714,-122.268822 37.807960,-122.271689 37.803371,-122.295244 37.804823,-122.397180 37.792689,-122.401742 37.789113,-122.407487 37.784545,-122.407387 37.784645)"
34_40_transit,transit,34,40,-121.889,38.0169,-122.251,37.8448,25.7158,41.3767,23.0462,37.0813,1.11584,42.8577,43.7125,2,"LINESTRING(-121.889011 38.016873,-121.889111 38.016773,-121.944348 38.018850,-122.024661 38.003307,-122.029226 37.973673,-122.056115 37.928363,-122.067479 37.905712,-122.124744 37.893120,-122.183817 37.878403,-122.251371 37.844695,-122.251271 37.844795)"
34_43_transit,transit,34,43,-121.889,38.0169,-122.392,37.616,51.0505,82.1402,38.9938,62.7411,1.30919,96.8752,100.115,3,"LINESTRING(-121.889011 38.016873,-121.889111 38.016773,-121.944348 38.018850,-122.024661 38.003307,-122.029226 37.973673,-122.056115 37.928363,-122.067479 37.905712,-122.124744 37.893120,-122.183817 37.878403,-122.251371 37.844695,-122.267263 37.828714,-122.268822 37.807960,-122.271689 37.803371,-122.295244 37.804823,-122.397180 37.792689,-122.401742 37.789113,-122.407487 37.784545,-122.413979 37.779350,-122.419855 37.765076,-122.418618 37.752322,-122.433657 37.733169,-122.447610 37.721658,-122.469094 37.706204,-122.466267 37.684542,-122.444354 37.664337,-122.416484 37.637620,-122.391995 37.615923,-122.391895 37.616023)"
34_48_transit,transit,34,48,-121.889,38.0169,-122.067,37.9058,14.7351,23.7087,12.3814,19.9217,1.1901,27.8546,28.2273,3,"LINESTRING(-121.889011 38.016873,-121.889111 38.016773,-121.944348 38.018850,-122.024661 38.003307,-122.029226 37.973673,-122.056115 37.928363,-122.067479 37.905712,-122.067379 37.905812)"
34_50_transit,transit,34,50,-121.889,38.0169,-122.295,37.8049,30.2006,48.5928,26.5446,42.7103,1.13773,55.8618,57.7691,1,"LINESTRING(-121.889011 38.016873,-121.889111 38.016773,-121.944348 38.018850,-122.024661 38.003307,-122.029226 37.973673,-122.056115 37.928363,-122.067479 37.905712,-122.124744 37.893120,-122.183817 37.878403,-122.251371 37.844695,-122.267263 37.828714,-122.268822 37.807960,-122.271689 37.803371,-122.295244 37.804823,-122.295144 37.804923)"
35_1_transit,transit,35,1,-122.056,37.9285,-122.272,37.8035,15.8766,25.5455,14.5895,23.4744,1.08823,26.857,28.0718,20,"LINESTRING(-122.056015 37.928463,-122.056115 37.928363,-122.067479 37.905712,-122.124744 37.893120,-122.183817 37.878403,-122.251371 37.844695,-122.267263 37.828714,-122.268822 37.807960,-122.271689 37.803371,-122.271589 37.803471)"
35_2_transit,transit,35,2,-122.056,37.9285,-122.42,37.7652,25.1339,40.4405,22.8285,36.7311,1.10099,45.8631,48.917,8,"LINESTRING(-122.056015 37.928463,-122.056115 37.928363,-122.067479 37.905712,-122.124744 37.893120,-122.183817 37.878403,-122.251371 37.844695,-122.267263 37.828714,-122.268822 37.807960,-122.271689 37.803371,-122.295244 37.804823,-122.397180 37.792689,-122.401742 37.789113,-122.407487 37.784545,-122.413979 37.779350,-122.419855 37.765076,-122.419755 37.765176)"
35_3_transit,transit,35,3,-122.056,37.9285,-122.269,37.8081,15.5229,24.9764,14.2764,22.9707,1.08732,25.856,26.9835,39,"LINESTRING(-122.056015 37.928463,-122.056115 37.928363,-122.067479 37.905712,-122.124744 37.893120,-122.183817 37.878403,-122.251371 37.844695,-122.267263 37.828714,-122.268822 37.807960,-122.268722 37.808060)"
35_4_transit,transit,35,4,-122.056,37.9285,-122.419,37.7524,26.0179,41.8628,23.2206,37.3619,1.12047,47.8641,50.9184,10,"LINESTRING(-122.056015 37.928463,-122.056115 37.928363,-122.067479 37.905712,-122.124744 37.893120,-122.183817 37.878403,-122.251371 37.844695,-122.267263 37.828714,-122.268822 37.807960,-122.271689 37.803371,-122.295244 37.804823,-122.397180 37.792689,-122.401742 37.789113,-122.407487 37.784545,-122.413979 37.779350,-122.419855 37.765076,-122.418618 37.752322,-122.418518 37.752422)"
35_5_transit,transit,35,5,-122.056,37.9285,-121.78,37.9954,19.1514,30.8145,15.7131,25.2824,1.21881,37.8546,37.8546,1,"LINESTRING(-122.056015 37.928463,-122.056115 37.928363,-122.029226 37.973673,-122.024661 38.003307,-121.944348 38.018850,-121.889111 38.016773,-121.780453 37.995315,-121.780353 37.995415)"
35_7_transit,transit,35,7,-122.056,37.9285,-122.448,37.7218,28.678,46.1428,25.7002,41.3516,1.11587,52.8662,55.9207,1,"LINESTRING(-122.056015 37.928463,-122.056115 37.928363,-122.067479 37.905712,-122.124744 37.893120,-122.183817 37.878403,-122.251371 37.844695,-122.267263 37.828714,-122.268822 37.807960,-122.271689 37.803371,-122.295244 37.804823,-122.397180 37.792689,-122.401742 37.789113,-122.407487 37.784545,-122.413979 37.779350,-122.419855 37.765076,-122.418618 37.752322,-122.433657 37.733169,-122.447610 37.721658,-122.447510 37.721758)"
35_11_transit,transit,35,11,-122.056,37.9285,-122.414,37.7794,24.0965,38.7713,22.0718,35.5135,1.09173,43.8621,46.9151,47,"LINESTRING(-122.056015 37.928463,-122.056115 37.928363,-122.067479 37.905712,-122.124744 37.893120,-122.183817 37.878403,-122.251371 37.844695,-122.267263 37.828714,-122.268822 37.807960,-122.271689 37.803371,-122.295244 37.804823,-122.397180 37.792689,-122.401742 37.789113,-122.407487 37.784545,-122.413979 37.779350,-122.413879 37.779450)"
35_12_transit,transit,35,12,-122.056,37.9285,-122.466,37.6846,31.7704,51.1186,28.0202,45.0844,1.13384,61.8683,64.923,1,"LINESTRING(-122.056015 37.928463,-122.056115 37.928363,-122.067479 37.905712,-122.124744 37.893120,-122.183817 37.878403,-122.251371 37.844695,-122.267263 37.828714,-122.268822 37.807960,-122.271689 37.803371,-122.295244 37.804823,-122.397180 37.792689,-122.401742 37.789113,-122.407487 37.784545,-122.413979 37.779350,-122.419855 37.765076,-122.418618 37.752322,-122.433657 37.733169,-122.447610 37.721658,-122.469094 37.706204,-122.466267 37.684542,-122.466167 37.684642)"
35_14_transit,transit,35,14,-122.056,37.9285,-122.029,37.9738,3.47478,5.59092,3.45647,5.56147,1.0053,5.85064,5.85064,7,"LINESTRING(-122.056015 37.928463,-122.056115 37.928363,-122.029226 37.973673,-122.029126 37.973773)"
35_15_transit,transit,35,15,-122.056,37.9285,-122.469,37.7063,30.2655,48.6971,27.2713,43.8796,1.10979,56.8672,59.9219,1,"LINESTRING(-122.056015 37.928463,-122.056115 37.928363,-122.067479 37.905712,-122.124744 37.893120,-122.183817 37.878403,-122.251371 37.844695,-122.267263 37.828714,-122.268822 37.807960,-122.271689 37.803371,-122.295244 37.804823,-122.397180 37.792689,-122.401742 37.789113,-122.407487 37.784545,-122.413979 37.779350,-122.419855 37.765076,-122.418618 37.752322,-122.433657 37.733169,-122.447610 37.721658,-122.469094 37.706204,-122.468994 37.706304)"
35_19_transit,transit,35,19,-122.056,37.9285,-122.397,37.7928,22.7959,36.6786,20.8333,33.5209,1.0942,38.859,41.8426,111,"LINESTRING(-122.056015 37.928463,-122.056115 37.928363,-122.067479 37.905712,-122.124744 37.893120,-122.183817 37.878403,-122.251371 37.844695,-122.267263 37.828714,-122.268822 37.807960,-122.271689 37.803371,-122.295244 37.804823,-122.397180 37.792689,-122.397080 37.792789)"
35_22_transit,transit,35,22,-122.056,37.9285,-122.434,37.7333,27.5759,44.3697,24.6249,39.6215,1.11984,50.8652,53.9196,3,"LINESTRING(-122.056015 37.928463,-122.056115 37.928363,-122.067479 37.905712,-122.124744 37.893120,-122.183817 37.878403,-122.251371 37.844695,-122.267263 37.828714,-122.268822 37.807960,-122.271689 37.803371,-122.295244 37.804823,-122.397180 37.792689,-122.401742 37.789113,-122.407487 37.784545,-122.413979 37.779350,-122.419855 37.765076,-122.418618 37.752322,-122.433657 37.733169,-122.433557 37.733269)"
35_24_transit,transit,35,24,-122.056,37.9285,-122.125,37.8932,4.94291,7.95314,4.46386,7.18234,1.10732,8.85182,9.05464,8,"LINESTRING(-122.056015 37.928463,-122.056115 37.928363,-122.067479 37.905712,-122.124744 37.893120,-122.124644 37.893220)"
35_26_transit,transit,35,26,-122.056,37.9285,-122.267,37.8288,14.0861,22.6646,13.4167,21.5875,1.04989,21.855,22.6842,10,"LINESTRING(-122.056015 37.928463,-122.056115 37.928363,-122.067479 37.905712,-122.124744 37.893120,-122.183817 37.878403,-122.251371 37.844695,-122.267263 37.828714,-122.267163 37.828814)"
35_29_transit,transit,35,29,-122.056,37.9285,-122.402,37.7892,23.1468,37.2433,21.1675,34.0584,1.09351,39.86,42.8887,110,"LINESTRING(-122.056015 37.928463,-122.056115 37.928363,-122.067479 37.905712,-122.124744 37.893120,-122.183817 37.878403,-122.251371 37.844695,-122.267263 37.828714,-122.268822 37.807960,-122.271689 37.803371,-122.295244 37.804823,-122.397180 37.792689,-122.401742 37.789113,-122.401642 37.789213)"
35_31_transit,transit,35,31,-122.056,37.9285,-122.025,38.0034,5.53776,8.91026,5.45429,8.77595,1.0153,9.85157,9.85157,3,"LINESTRING(-122.056015 37.928463,-122.056115 37.928363,-122.029226 37.973673,-122.024661 38.003307,-122.024561 38.003407)"
35_33_transit,transit,35,33,-122.056,37.9285,-122.184,37.8785,8.32162,13.3895,7.7709,12.5034,1.07087,12.8528,13.2329,3,"LINESTRING(-122.056015 37.928463,-122.056115 37.928363,-122.067479 37.905712,-122.124744 37.893120,-122.183817 37.878403,-122.183717 37.878503)"
35_36_transit,transit,35,36,-122.056,37.9285,-121.944,38.0189,10.0408,16.1556,8.72623,14.0405,1.15064,15.8525,15.8525,4,"LINESTRING(-122.056015 37.928463,-122.056115 37.928363,-122.029226 37.973673,-122.024661 38.003307,-121.944348 38.018850,-121.944248 38.018950)"
35_38_transit,transit,35,38,-122.056,37.9285,-122.407,37.7846,23.5919,37.9594,21.591,34.74,1.09267,41.8611,44.9077,29,"LINESTRING(-122.056015 37.928463,-122.056115 37.928363,-122.067479 37.905712,-122.124744 37.893120,-122.183817 37.878403,-122.251371 37.844695,-122.267263 37.828714,-122.268822 37.807960,-122.271689 37.803371,-122.295244 37.804823,-122.397180 37.792689,-122.401742 37.789113,-122.407487 37.784545,-122.407387 37.784645)"
35_40_transit,transit,35,40,-122.056,37.9285,-122.251,37.8448,12.6818,20.4051,12.1156,19.4941,1.04673,18.8539,19.5044,7,"LINESTRING(-122.056015 37.928463,-122.056115 37.928363,-122.067479 37.905712,-122.124744 37.893120,-122.183817 37.878403,-122.251371 37.844695,-122.251271 37.844795)"
35_42_transit,transit,35,42,-122.056,37.9285,-122.416,37.6377,36.0053,57.9326,28.1213,45.2472,1.28036,67.8704,70.9252,2,"LINESTRING(-122.056015 37.928463,-122.056115 37.928363,-122.067479 37.905712,-122.124744 37.893120,-122.183817 37.878403,-122.251371 37.844695,-122.267263 37.828714,-122.268822 37.807960,-122.271689 37.803371,-122.295244 37.804823,-122.397180 37.792689,-122.401742 37.789113,-122.407487 37.784545,-122.413979 37.779350,-122.419855 37.765076,-122.418618 37.752322,-122.433657 37.733169,-122.447610 37.721658,-122.469094 37.706204,-122.466267 37.684542,-122.444354 37.664337,-122.416484 37.637620,-122.416384 37.637720)"
35_43_transit,transit,35,43,-122.056,37.9285,-122.392,37.616,38.0165,61.1686,28.3292,45.5816,1.34196,72.8714,75.9262,16,"LINESTRING(-122.056015 37.928463,-122.056115 37.928363,-122.067479 37.905712,-122.124744 37.893120,-122.183817 37.878403,-122.251371 37.844695,-122.267263 37.828714,-122.268822 37.807960,-122.271689 37.803371,-122.295244 37.804823,-122.397180 37.792689,-122.401742 37.789113,-122.407487 37.784545,-122.413979 37.779350,-122.419855 37.765076,-122.418618 37.752322,-122.433657 37.733169,-122.447610 37.721658,-122.469094 37.706204,-122.466267 37.684542,-122.444354 37.664337,-122.416484 37.637620,-122.391995 37.615923,-122.391895 37.616023)"
35_45_transit,transit,35,45,-122.056,37.9285,-122.444,37.6644,33.6107,54.0795,27.9661,44.9974,1.20184,64.8693,67.9241,3,"LINESTRING(-122.056015 37.928463,-122.056115 37.928363,-122.067479 37.905712,-122.124744 37.893120,-122.183817 37.878403,-122.251371 37.844695,-122.267263 37.828714,-122.268822 37.807960,-122.271689 37.803371,-122.295244 37.804823,-122.397180 37.792689,-122.401742 37.789113,-122.407487 37.784545,-122.413979 37.779350,-122.419855 37.765076,-122.418618 37.752322,-122.433657 37.733169,-122.447610 37.721658,-122.469094 37.706204,-122.466267 37.684542,-122.444354 37.664337,-122.444254 37.664437)"
35_48_transit,transit,35,48,-122.056,37.9285,-122.067,37.9058,1.70112,2.7371,1.68318,2.70823,1.01066,3.85079,3.92527,7,"LINESTRING(-122.056015 37.928463,-122.056115 37.928363,-122.067479 37.905712,-122.067379 37.905812)"
35_50_transit,transit,35,50,-122.056,37.9285,-122.295,37.8049,17.1667,27.6212,15.5882,25.0815,1.10126,31.858,33.617,2,"LINESTRING(-122.056015 37.928463,-122.056115 37.928363,-122.067479 37.905712,-122.124744 37.893120,-122.183817 37.878403,-122.251371 37.844695,-122.267263 37.828714,-122.268822 37.807960,-122.271689 37.803371,-122.295244 37.804823,-122.295144 37.804923)"
36_1_transit,transit,36,1,-121.944,38.0189,-122.272,37.8035,25.8998,41.6727,23.2396,37.3925,1.11447,40.8598,42.1168,20,"LINESTRING(-121.944248 38.018950,-121.944348 38.018850,-122.024661 38.003307,-122.029226 37.973673,-122.056115 37.928363,-122.067479 37.905712,-122.124744 37.893120,-122.183817 37.878403,-122.251371 37.844695,-122.267263 37.828714,-122.268822 37.807960,-122.271689 37.803371,-122.271589 37.803471)"
36_2_transit,transit,36,2,-121.944,38.0189,-122.42,37.7652,35.1571,56.5677,31.3002,50.3621,1.12322,59.8659,62.962,18,"LINESTRING(-121.944248 38.018950,-121.944348 38.018850,-122.024661 38.003307,-122.029226 37.973673,-122.056115 37.928363,-122.067479 37.905712,-122.124744 37.893120,-122.183817 37.878403,-122.251371 37.844695,-122.267263 37.828714,-122.268822 37.807960,-122.271689 37.803371,-122.295244 37.804823,-122.397180 37.792689,-122.401742 37.789113,-122.407487 37.784545,-122.413979 37.779350,-122.419855 37.765076,-122.419755 37.765176)"
36_3_transit,transit,36,3,-121.944,38.0189,-122.269,37.8081,25.5461,41.1037,22.9165,36.8726,1.11475,39.8588,41.0285,21,"LINESTRING(-121.944248 38.018950,-121.944348 38.018850,-122.024661 38.003307,-122.029226 37.973673,-122.056115 37.928363,-122.067479 37.905712,-122.124744 37.893120,-122.183817 37.878403,-122.251371 37.844695,-122.267263 37.828714,-122.268822 37.807960,-122.268722 37.808060)"
36_4_transit,transit,36,4,-121.944,38.0189,-122.419,37.7524,36.0411,57.9901,31.7491,51.0843,1.13518,61.8669,64.9634,21,"LINESTRING(-121.944248 38.018950,-121.944348 38.018850,-122.024661 38.003307,-122.029226 37.973673,-122.056115 37.928363,-122.067479 37.905712,-122.124744 37.893120,-122.183817 37.878403,-122.251371 37.844695,-122.267263 37.828714,-122.268822 37.807960,-122.271689 37.803371,-122.295244 37.804823,-122.397180 37.792689,-122.401742 37.789113,-122.407487 37.784545,-122.413979 37.779350,-122.419855 37.765076,-122.418618 37.752322,-122.418518 37.752422)"
36_5_transit,transit,36,5,-121.944,38.0189,-121.78,37.9954,9.12818,14.6872,9.06967,14.5931,1.00645,22.8514,22.8514,2,"LINESTRING(-121.944248 38.018950,-121.944348 38.018850,-121.889111 38.016773,-121.780453 37.995315,-121.780353 37.995415)"
36_7_transit,transit,36,7,-121.944,38.0189,-122.448,37.7218,38.7011,62.2701,34.28,55.1565,1.12897,66.869,69.9657,7,"LINESTRING(-121.944248 38.018950,-121.944348 38.018850,-122.024661 38.003307,-122.029226 37.973673,-122.056115 37.928363,-122.067479 37.905712,-122.124744 37.893120,-122.183817 37.878403,-122.251371 37.844695,-122.267263 37.828714,-122.268822 37.807960,-122.271689 37.803371,-122.295244 37.804823,-122.397180 37.792689,-122.401742 37.789113,-122.407487 37.784545,-122.413979 37.779350,-122.419855 37.765076,-122.418618 37.752322,-122.433657 37.733169,-122.447610 37.721658,-122.447510 37.721758)"
36_11_transit,transit,36,11,-121.944,38.0189,-122.414,37.7794,34.1197,54.8986,30.4869,49.0535,1.11916,57.8649,60.9601,53,"LINESTRING(-121.944248 38.018950,-121.944348 38.018850,-122.024661 38.003307,-122.029226 37.973673,-122.056115 37.928363,-122.067479 37.905712,-122.124744 37.893120,-122.183817 37.878403,-122.251371 37.844695,-122.267263 37.828714,-122.268822 37.807960,-122.271689 37.803371,-122.295244 37.804823,-122.397180 37.792689,-122.401742 37.789113,-122.407487 37.784545,-122.413979 37.779350,-122.413879 37.779450)"
36_14_transit,transit,36,14,-121.944,38.0189,-122.029,37.9738,6.58359,10.593,5.57696,8.97333,1.1805,9.85144,10.004,15,"LINESTRING(-121.944248 38.018950,-121.944348 38.018850,-122.024661 38.003307,-122.029226 37.973673,-122.029126 37.973773)"
36_15_transit,transit,36,15,-121.944,38.0189,-122.469,37.7063,40.2886,64.8244,35.8606,57.6997,1.12348,70.87,73.9669,5,"LINESTRING(-121.944248 38.018950,-121.944348 38.018850,-122.024661 38.003307,-122.029226 37.973673,-122.056115 37.928363,-122.067479 37.905712,-122.124744 37.893120,-122.183817 37.878403,-122.251371 37.844695,-122.267263 37.828714,-122.268822 37.807960,-122.271689 37.803371,-122.295244 37.804823,-122.397180 37.792689,-122.401742 37.789113,-122.407487 37.784545,-122.413979 37.779350,-122.419855 37.765076,-122.418618 37.752322,-122.433657 37.733169,-122.447610 37.721658,-122.469094 37.706204,-122.468994 37.706304)"
36_19_transit,transit,36,19,-121.944,38.0189,-122.397,37.7928,32.8191,52.8059,29.2168,47.0099,1.12329,52.8618,55.8876,82,"LINESTRING(-121.944248 38.018950,-121.944348 38.018850,-122.024661 38.003307,-122.029226 37.973673,-122.056115 37.928363,-122.067479 37.905712,-122.124744 37.893120,-122.183817 37.878403,-122.251371 37.844695,-122.267263 37.828714,-122.268822 37.807960,-122.271689 37.803371,-122.295244 37.804823,-122.397180 37.792689,-122.397080 37.792789)"
36_22_transit,transit,36,22,-121.944,38.0189,-122.434,37.7333,37.5991,60.4969,33.193,53.4075,1.13274,64.868,67.9646,2,"LINESTRING(-121.944248 38.018950,-121.944348 38.018850,-122.024661 38.003307,-122.029226 37.973673,-122.056115 37.928363,-122.067479 37.905712,-122.124744 37.893120,-122.183817 37.878403,-122.251371 37.844695,-122.267263 37.828714,-122.268822 37.807960,-122.271689 37.803371,-122.295244 37.804823,-122.397180 37.792689,-122.401742 37.789113,-122.407487 37.784545,-122.413979 37.779350,-122.419855 37.765076,-122.418618 37.752322,-122.433657 37.733169,-122.433557 37.733269)"
36_24_transit,transit,36,24,-121.944,38.0189,-122.125,37.8932,14.9661,24.0804,13.117,21.1052,1.14097,22.8546,23.3075,4,"LINESTRING(-121.944248 38.018950,-121.944348 38.018850,-122.024661 38.003307,-122.029226 37.973673,-122.056115 37.928363,-122.067479 37.905712,-122.124744 37.893120,-122.124644 37.893220)"
36_26_transit,transit,36,26,-121.944,38.0189,-122.267,37.8288,24.1093,38.7919,21.9624,35.3374,1.09776,35.8578,36.7292,26,"LINESTRING(-121.944248 38.018950,-121.944348 38.018850,-122.024661 38.003307,-122.029226 37.973673,-122.056115 37.928363,-122.067479 37.905712,-122.124744 37.893120,-122.183817 37.878403,-122.251371 37.844695,-122.267263 37.828714,-122.267163 37.828814)"
36_29_transit,transit,36,29,-121.944,38.0189,-122.402,37.7892,33.17,53.3706,29.5597,47.5616,1.12213,53.8628,56.9337,65,"LINESTRING(-121.944248 38.018950,-121.944348 38.018850,-122.024661 38.003307,-122.029226 37.973673,-122.056115 37.928363,-122.067479 37.905712,-122.124744 37.893120,-122.183817 37.878403,-122.251371 37.844695,-122.267263 37.828714,-122.268822 37.807960,-122.271689 37.803371,-122.295244 37.804823,-122.397180 37.792689,-122.401742 37.789113,-122.401642 37.789213)"
36_31_transit,transit,36,31,-121.944,38.0189,-122.025,38.0034,4.5206,7.27365,4.50209,7.24386,1.00411,6.85037,6.94248,6,"LINESTRING(-121.944248 38.018950,-121.944348 38.018850,-122.024661 38.003307,-122.024561 38.003407)"
36_33_transit,transit,36,33,-121.944,38.0189,-122.184,37.8785,18.3448,29.5168,16.2605,26.1632,1.12818,26.8556,27.2779,2,"LINESTRING(-121.944248 38.018950,-121.944348 38.018850,-122.024661 38.003307,-122.029226 37.973673,-122.056115 37.928363,-122.067479 37.905712,-122.124744 37.893120,-122.183817 37.878403,-122.183717 37.878503)"
36_35_transit,transit,36,35,-121.944,38.0189,-122.056,37.9285,10.0408,16.1556,8.72623,14.0405,1.15064,14.8525,15.1026,10,"LINESTRING(-121.944248 38.018950,-121.944348 38.018850,-122.024661 38.003307,-122.029226 37.973673,-122.056115 37.928363,-122.056015 37.928463)"
36_38_transit,transit,36,38,-121.944,38.0189,-122.407,37.7846,33.6151,54.0867,29.9943,48.2608,1.12072,55.8639,58.9527,58,"LINESTRING(-121.944248 38.018950,-121.944348 38.018850,-122.024661 38.003307,-122.029226 37.973673,-122.056115 37.928363,-122.067479 37.905712,-122.124744 37.893120,-122.183817 37.878403,-122.251371 37.844695,-122.267263 37.828714,-122.268822 37.807960,-122.271689 37.803371,-122.295244 37.804823,-122.397180 37.792689,-122.401742 37.789113,-122.407487 37.784545,-122.407387 37.784645)"
36_40_transit,transit,36,40,-121.944,38.0189,-122.251,37.8448,22.705,36.5324,20.6095,33.1607,1.10168,32.8567,33.5494,6,"LINESTRING(-121.944248 38.018950,-121.944348 38.018850,-122.024661 38.003307,-122.029226 37.973673,-122.056115 37.928363,-122.067479 37.905712,-122.124744 37.893120,-122.183817 37.878403,-122.251371 37.844695,-122.251271 37.844795)"
36_42_transit,transit,36,42,-121.944,38.0189,-122.416,37.6377,46.0285,74.0599,36.8474,59.2875,1.24916,81.8732,84.9702,1,"LINESTRING(-121.944248 38.018950,-121.944348 38.018850,-122.024661 38.003307,-122.029226 37.973673,-122.056115 37.928363,-122.067479 37.905712,-122.124744 37.893120,-122.183817 37.878403,-122.251371 37.844695,-122.267263 37.828714,-122.268822 37.807960,-122.271689 37.803371,-122.295244 37.804823,-122.397180 37.792689,-122.401742 37.789113,-122.407487 37.784545,-122.413979 37.779350,-122.419855 37.765076,-122.418618 37.752322,-122.433657 37.733169,-122.447610 37.721658,-122.469094 37.706204,-122.466267 37.684542,-122.444354 37.664337,-122.416484 37.637620,-122.416384 37.637720)"
36_43_transit,transit,36,43,-121.944,38.0189,-122.392,37.616,48.0397,77.2959,37.0412,59.5992,1.29693,86.8742,89.9712,9,"LINESTRING(-121.944248 38.018950,-121.944348 38.018850,-122.024661 38.003307,-122.029226 37.973673,-122.056115 37.928363,-122.067479 37.905712,-122.124744 37.893120,-122.183817 37.878403,-122.251371 37.844695,-122.267263 37.828714,-122.268822 37.807960,-122.271689 37.803371,-122.295244 37.804823,-122.397180 37.792689,-122.401742 37.789113,-122.407487 37.784545,-122.413979 37.779350,-122.419855 37.765076,-122.418618 37.752322,-122.433657 37.733169,-122.447610 37.721658,-122.469094 37.706204,-122.466267 37.684542,-122.444354 37.664337,-122.416484 37.637620,-122.391995 37.615923,-122.391895 37.616023)"
36_45_transit,transit,36,45,-121.944,38.0189,-122.444,37.6644,43.6338,70.2068,36.6649,58.9938,1.19007,78.8721,81.9691,4,"LINESTRING(-121.944248 38.018950,-121.944348 38.018850,-122.024661 38.003307,-122.029226 37.973673,-122.056115 37.928363,-122.067479 37.905712,-122.124744 37.893120,-122.183817 37.878403,-122.251371 37.844695,-122.267263 37.828714,-122.268822 37.807960,-122.271689 37.803371,-122.295244 37.804823,-122.397180 37.792689,-122.401742 37.789113,-122.407487 37.784545,-122.413979 37.779350,-122.419855 37.765076,-122.418618 37.752322,-122.433657 37.733169,-122.447610 37.721658,-122.469094 37.706204,-122.466267 37.684542,-122.444354 37.664337,-122.444254 37.664437)"
36_48_transit,transit,36,48,-121.944,38.0189,-122.067,37.9058,11.7243,18.8644,10.3004,16.5734,1.13823,17.8536,18.1781,20,"LINESTRING(-121.944248 38.018950,-121.944348 38.018850,-122.024661 38.003307,-122.029226 37.973673,-122.056115 37.928363,-122.067479 37.905712,-122.067379 37.905812)"
37_1_transit,transit,37,1,-122.299,37.9026,-122.272,37.8035,7.70341,12.3948,7.01159,11.2816,1.09867,17.8561,27.1972,12,"LINESTRING(-122.298895 37.902633,-122.298995 37.902533,-122.283608 37.873932,-122.268178 37.870017,-122.269850 37.852969,-122.267263 37.828714,-122.268822 37.807960,-122.271689 37.803371,-122.271589 37.803471)"
37_2_transit,transit,37,2,-122.299,37.9026,-122.42,37.7652,16.9607,27.2898,11.5629,18.6047,1.46682,36.8622,54.4768,4,"LINESTRING(-122.298895 37.902633,-122.298995 37.902533,-122.283608 37.873932,-122.268178 37.870017,-122.269850 37.852969,-122.267263 37.828714,-122.268822 37.807960,-122.271689 37.803371,-122.295244 37.804823,-122.397180 37.792689,-122.401742 37.789113,-122.407487 37.784545,-122.413979 37.779350,-122.419855 37.765076,-122.419755 37.765176)"
37_3_transit,transit,37,3,-122.299,37.9026,-122.269,37.8081,7.34974,11.8257,6.73857,10.8424,1.0907,15.8551,23.7083,12,"LINESTRING(-122.298895 37.902633,-122.298995 37.902533,-122.283608 37.873932,-122.268178 37.870017,-122.269850 37.852969,-122.267263 37.828714,-122.268822 37.807960,-122.268722 37.808060)"
37_4_transit,transit,37,4,-122.299,37.9026,-122.419,37.7524,17.8447,28.7121,12.2612,19.7283,1.45538,38.8632,56.4798,4,"LINESTRING(-122.298895 37.902633,-122.298995 37.902533,-122.283608 37.873932,-122.268178 37.870017,-122.269850 37.852969,-122.267263 37.828714,-122.268822 37.807960,-122.271689 37.803371,-122.295244 37.804823,-122.397180 37.792689,-122.401742 37.789113,-122.407487 37.784545,-122.413979 37.779350,-122.419855 37.765076,-122.418618 37.752322,-122.418518 37.752422)"
37_6_transit,transit,37,6,-122.299,37.9026,-122.27,37.8531,4.2308,6.80735,3.77548,6.07474,1.1206,8.85296,8.93278,9,"LINESTRING(-122.298895 37.902633,-122.298995 37.902533,-122.283608 37.873932,-122.268178 37.870017,-122.269850 37.852969,-122.269750 37.853069)"
37_7_transit,transit,37,7,-122.299,37.9026,-122.448,37.7218,20.5048,32.9922,14.8995,23.9732,1.37621,43.8653,61.483,1,"LINESTRING(-122.298895 37.902633,-122.298995 37.902533,-122.283608 37.873932,-122.268178 37.870017,-122.269850 37.852969,-122.267263 37.828714,-122.268822 37.807960,-122.271689 37.803371,-122.295244 37.804823,-122.397180 37.792689,-122.401742 37.789113,-122.407487 37.784545,-122.413979 37.779350,-122.419855 37.765076,-122.418618 37.752322,-122.433657 37.733169,-122.447610 37.721658,-122.447510 37.721758)"
37_8_transit,transit,37,8,-122.299,37.9026,-122.126,37.6969,18.5719,29.8822,17.0483,27.4307,1.08937,38.8613,38.9888,1,"LINESTRING(-122.298895 37.902633,-122.298995 37.902533,-122.283608 37.873932,-122.268178 37.870017,-122.269850 37.852969,-122.267263 37.828714,-122.268822 37.807960,-122.271689 37.803371,-122.265332 37.797257,-122.224167 37.774773,-122.196798 37.753504,-122.160813 37.721706,-122.126531 37.696838,-122.126431 37.696938)"
37_11_transit,transit,37,11,-122.299,37.9026,-122.414,37.7794,15.9233,25.6207,10.5738,17.0132,1.50593,34.8611,52.47,32,"LINESTRING(-122.298895 37.902633,-122.298995 37.902533,-122.283608 37.873932,-122.268178 37.870017,-122.269850 37.852969,-122.267263 37.828714,-122.268822 37.807960,-122.271689 37.803371,-122.295244 37.804823,-122.397180 37.792689,-122.401742 37.789113,-122.407487 37.784545,-122.413979 37.779350,-122.413879 37.779450)"
37_13_transit,transit,37,13,-122.299,37.9026,-122.197,37.7536,13.0799,21.0456,11.7105,18.8422,1.11694,29.8592,29.983,1,"LINESTRING(-122.298895 37.902633,-122.298995 37.902533,-122.283608 37.873932,-122.268178 37.870017,-122.269850 37.852969,-122.267263 37.828714,-122.268822 37.807960,-122.271689 37.803371,-122.265332 37.797257,-122.224167 37.774773,-122.196798 37.753504,-122.196698 37.753604)"
37_15_transit,transit,37,15,-122.299,37.9026,-122.469,37.7063,22.0923,35.5464,16.4391,26.4505,1.34389,47.8663,65.4849,2,"LINESTRING(-122.298895 37.902633,-122.298995 37.902533,-122.283608 37.873932,-122.268178 37.870017,-122.269850 37.852969,-122.267263 37.828714,-122.268822 37.807960,-122.271689 37.803371,-122.295244 37.804823,-122.397180 37.792689,-122.401742 37.789113,-122.407487 37.784545,-122.413979 37.779350,-122.419855 37.765076,-122.418618 37.752322,-122.433657 37.733169,-122.447610 37.721658,-122.469094 37.706204,-122.468994 37.706304)"
37_16_transit,transit,37,16,-122.299,37.9026,-122.268,37.8701,3.04911,4.90603,2.80562,4.51425,1.08679,6.85192,6.92298,28,"LINESTRING(-122.298895 37.902633,-122.298995 37.902533,-122.283608 37.873932,-122.268178 37.870017,-122.268078 37.870117)"
37_17_transit,transit,37,17,-122.299,37.9026,-122.317,37.9252,1.85977,2.99236,1.84179,2.96344,1.00976,2.8508,2.85082,4,"LINESTRING(-122.298895 37.902633,-122.298995 37.902533,-122.316968 37.925105,-122.316868 37.925205)"
37_19_transit,transit,37,19,-122.299,37.9026,-122.397,37.7928,14.6227,23.528,9.2897,14.9471,1.57408,29.8581,47.0464,39,"LINESTRING(-122.298895 37.902633,-122.298995 37.902533,-122.283608 37.873932,-122.268178 37.870017,-122.269850 37.852969,-122.267263 37.828714,-122.268822 37.807960,-122.271689 37.803371,-122.295244 37.804823,-122.397180 37.792689,-122.397080 37.792789)"
37_20_transit,transit,37,20,-122.299,37.9026,-121.977,37.5575,31.2942,50.3524,29.6446,47.6982,1.05565,56.8656,57.0034,2,"LINESTRING(-122.298895 37.902633,-122.298995 37.902533,-122.283608 37.873932,-122.268178 37.870017,-122.269850 37.852969,-122.267263 37.828714,-122.268822 37.807960,-122.271689 37.803371,-122.265332 37.797257,-122.224167 37.774773,-122.196798 37.753504,-122.160813 37.721706,-122.126531 37.696838,-122.087041 37.669631,-122.057258 37.634263,-122.017330 37.590665,-121.976705 37.557413,-121.976605 37.557513)"
37_21_transit,transit,37,21,-122.299,37.9026,-122.224,37.7749,10.9832,17.672,9.72603,15.6492,1.12926,26.8581,26.9787,3,"LINESTRING(-122.298895 37.902633,-122.298995 37.902533,-122.283608 37.873932,-122.268178 37.870017,-122.269850 37.852969,-122.267263 37.828714,-122.268822 37.807960,-122.271689 37.803371,-122.265332 37.797257,-122.224167 37.774773,-122.224067 37.774873)"
37_22_transit,transit,37,22,-122.299,37.9026,-122.434,37.7333,19.4027,31.219,13.8189,22.2346,1.40407,41.8642,59.4816,2,"LINESTRING(-122.298895 37.902633,-122.298995 37.902533,-122.283608 37.873932,-122.268178 37.870017,-122.269850 37.852969,-122.267263 37.828714,-122.268822 37.807960,-122.271689 37.803371,-122.295244 37.804823,-122.397180 37.792689,-122.401742 37.789113,-122.407487 37.784545,-122.413979 37.779350,-122.419855 37.765076,-122.418618 37.752322,-122.433657 37.733169,-122.433557 37.733269)"
37_23_transit,transit,37,23,-122.299,37.9026,-122.087,37.6697,21.4355,34.4897,19.822,31.8935,1.0814,42.8624,42.993,1,"LINESTRING(-122.298895 37.902633,-122.298995 37.902533,-122.283608 37.873932,-122.268178 37.870017,-122.269850 37.852969,-122.267263 37.828714,-122.268822 37.807960,-122.271689 37.803371,-122.265332 37.797257,-122.224167 37.774773,-122.196798 37.753504,-122.160813 37.721706,-122.126531 37.696838,-122.087041 37.669631,-122.086941 37.669731)"
37_25_transit,transit,37,25,-122.299,37.9026,-122.265,37.7974,8.25025,13.2746,7.50223,12.0711,1.09971,22.8571,22.9726,1,"LINESTRING(-122.298895 37.902633,-122.298995 37.902533,-122.283608 37.873932,-122.268178 37.870017,-122.269850 37.852969,-122.267263 37.828714,-122.268822 37.807960,-122.271689 37.803371,-122.265332 37.797257,-122.265232 37.797357)"
37_26_transit,transit,37,26,-122.299,37.9026,-122.267,37.8288,5.91295,9.51394,5.38615,8.66631,1.09781,11.854,11.9438,11,"LINESTRING(-122.298895 37.902633,-122.298995 37.902533,-122.283608 37.873932,-122.268178 37.870017,-122.269850 37.852969,-122.267263 37.828714,-122.267163 37.828814)"
37_27_transit,transit,37,27,-122.299,37.9026,-122.387,37.6002,30.9714,49.833,21.4416,34.4996,1.44445,67.8715,85.493,2,"LINESTRING(-122.298895 37.902633,-122.298995 37.902533,-122.283608 37.873932,-122.268178 37.870017,-122.269850 37.852969,-122.267263 37.828714,-122.268822 37.807960,-122.271689 37.803371,-122.295244 37.804823,-122.397180 37.792689,-122.401742 37.789113,-122.407487 37.784545,-122.413979 37.779350,-122.419855 37.765076,-122.418618 37.752322,-122.433657 37.733169,-122.447610 37.721658,-122.469094 37.706204,-122.466267 37.684542,-122.444354 37.664337,-122.416484 37.637620,-122.391995 37.615923,-122.386940 37.600099,-122.386840 37.600199)"
37_29_transit,transit,37,29,-122.299,37.9026,-122.402,37.7892,14.9736,24.0926,9.63536,15.5033,1.55403,30.8591,48.2885,38,"LINESTRING(-122.298895 37.902633,-122.298995 37.902533,-122.283608 37.873932,-122.268178 37.870017,-122.269850 37.852969,-122.267263 37.828714,-122.268822 37.807960,-122.271689 37.803371,-122.295244 37.804823,-122.397180 37.792689,-122.401742 37.789113,-122.401642 37.789213)"
37_30_transit,transit,37,30,-122.299,37.9026,-122.284,37.874,2.16495,3.48341,2.14691,3.45437,1.0084,3.85092,3.88191,2,"LINESTRING(-122.298895 37.902633,-122.298995 37.902533,-122.283608 37.873932,-122.283508 37.874032)"
37_38_transit,transit,37,38,-122.299,37.9026,-122.407,37.7846,15.4187,24.8088,10.0748,16.2103,1.53043,32.8601,50.4218,21,"LINESTRING(-122.298895 37.902633,-122.298995 37.902533,-122.283608 37.873932,-122.268178 37.870017,-122.269850 37.852969,-122.267263 37.828714,-122.268822 37.807960,-122.271689 37.803371,-122.295244 37.804823,-122.397180 37.792689,-122.401742 37.789113,-122.407487 37.784545,-122.407387 37.784645)"
37_39_transit,transit,37,39,-122.299,37.9026,-122.353,37.9368,3.98613,6.41369,3.77753,6.07805,1.05522,7.85178,7.85179,3,"LINESTRING(-122.298895 37.902633,-122.298995 37.902533,-122.316968 37.925105,-122.353104 37.936695,-122.353004 37.936795)"
37_41_transit,transit,37,41,-122.299,37.9026,-122.161,37.7218,16.029,25.7906,14.5944,23.4823,1.0983,34.8603,34.9859,5,"LINESTRING(-122.298895 37.902633,-122.298995 37.902533,-122.283608 37.873932,-122.268178 37.870017,-122.269850 37.852969,-122.267263 37.828714,-122.268822 37.807960,-122.271689 37.803371,-122.265332 37.797257,-122.224167 37.774773,-122.196798 37.753504,-122.160813 37.721706,-122.160713 37.721806)"
37_42_transit,transit,37,42,-122.299,37.9026,-122.416,37.6377,27.8321,44.7819,19.3961,31.2084,1.43493,58.8694,76.49,1,"LINESTRING(-122.298895 37.902633,-122.298995 37.902533,-122.283608 37.873932,-122.268178 37.870017,-122.269850 37.852969,-122.267263 37.828714,-122.268822 37.807960,-122.271689 37.803371,-122.295244 37.804823,-122.397180 37.792689,-122.401742 37.789113,-122.407487 37.784545,-122.413979 37.779350,-122.419855 37.765076,-122.418618 37.752322,-122.433657 37.733169,-122.447610 37.721658,-122.469094 37.706204,-122.466267 37.684542,-122.444354 37.664337,-122.416484 37.637620,-122.416384 37.637720)"
37_43_transit,transit,37,43,-122.299,37.9026,-122.392,37.616,29.8433,48.0179,20.4443,32.8949,1.45974,63.8705,81.4917,1,"LINESTRING(-122.298895 37.902633,-122.298995 37.902533,-122.283608 37.873932,-122.268178 37.870017,-122.269850 37.852969,-122.267263 37.828714,-122.268822 37.807960,-122.271689 37.803371,-122.295244 37.804823,-122.397180 37.792689,-122.401742 37.789113,-122.407487 37.784545,-122.413979 37.779350,-122.419855 37.765076,-122.418618 37.752322,-122.433657 37.733169,-122.447610 37.721658,-122.469094 37.706204,-122.466267 37.684542,-122.444354 37.664337,-122.416484 37.637620,-122.391995 37.615923,-122.391895 37.616023)"
37_45_transit,transit,37,45,-122.299,37.9026,-122.444,37.6644,25.4375,40.9289,18.2721,29.3998,1.39215,55.8684,73.4885,1,"LINESTRING(-122.298895 37.902633,-122.298995 37.902533,-122.283608 37.873932,-122.268178 37.870017,-122.269850 37.852969,-122.267263 37.828714,-122.268822 37.807960,-122.271689 37.803371,-122.295244 37.804823,-122.397180 37.792689,-122.401742 37.789113,-122.407487 37.784545,-122.413979 37.779350,-122.419855 37.765076,-122.418618 37.752322,-122.433657 37.733169,-122.447610 37.721658,-122.469094 37.706204,-122.466267 37.684542,-122.444354 37.664337,-122.444254 37.664437)"
37_47_transit,transit,37,47,-122.299,37.9026,-121.939,37.5023,35.6212,57.3145,33.9322,54.5969,1.04978,62.8667,63.0048,1,"LINESTRING(-122.298895 37.902633,-122.298995 37.902533,-122.283608 37.873932,-122.268178 37.870017,-122.269850 37.852969,-122.267263 37.828714,-122.268822 37.807960,-122.271689 37.803371,-122.265332 37.797257,-122.224167 37.774773,-122.196798 37.753504,-122.160813 37.721706,-122.126531 37.696838,-122.087041 37.669631,-122.057258 37.634263,-122.017330 37.590665,-121.976705 37.557413,-121.939458 37.502207,-121.939358 37.502307)"
37_50_transit,transit,37,50,-122.299,37.9026,-122.295,37.8049,8.9935,14.4705,6.75428,10.8676,1.33152,22.8571,35.524,2,"LINESTRING(-122.298895 37.902633,-122.298995 37.902533,-122.283608 37.873932,-122.268178 37.870017,-122.269850 37.852969,-122.267263 37.828714,-122.268822 37.807960,-122.271689 37.803371,-122.295244 37.804823,-122.295144 37.804923)"
38_1_transit,transit,38,1,-122.407,37.7846,-122.272,37.8035,7.73295,12.4423,7.52773,12.1121,1.02726,14.8543,14.9596,21,"LINESTRING(-122.407387 37.784645,-122.407487 37.784545,-122.401742 37.789113,-122.397180 37.792689,-122.295244 37.804823,-122.271689 37.803371,-122.271589 37.803471)"
38_2_transit,transit,38,2,-122.407,37.7846,-122.42,37.7652,1.55958,2.50937,1.50525,2.42195,1.03609,4.85242,4.86218,11,"LINESTRING(-122.407387 37.784645,-122.407487 37.784545,-122.413979 37.779350,-122.419855 37.765076,-122.419755 37.765176)"
38_3_transit,transit,38,3,-122.407,37.7846,-122.269,37.8081,8.08661,13.0114,7.74173,12.4564,1.04455,15.8553,15.9621,15,"LINESTRING(-122.407387 37.784645,-122.407487 37.784545,-122.401742 37.789113,-122.397180 37.792689,-122.295244 37.804823,-122.271689 37.803371,-122.268822 37.807960,-122.268722 37.808060)"
38_4_transit,transit,38,4,-122.407,37.7846,-122.419,37.7524,2.44357,3.93171,2.30793,3.71346,1.05877,6.85345,6.86396,8,"LINESTRING(-122.407387 37.784645,-122.407487 37.784545,-122.413979 37.779350,-122.419855 37.765076,-122.418618 37.752322,-122.418518 37.752422)"
38_6_transit,transit,38,6,-122.407,37.7846,-122.27,37.8531,11.2056,18.0297,8.8762,14.2818,1.26243,23.8572,23.9682,2,"LINESTRING(-122.407387 37.784645,-122.407487 37.784545,-122.401742 37.789113,-122.397180 37.792689,-122.295244 37.804823,-122.271689 37.803371,-122.268822 37.807960,-122.267263 37.828714,-122.269850 37.852969,-122.269750 37.853069)"
38_7_transit,transit,38,7,-122.407,37.7846,-122.448,37.7218,5.10364,8.21175,4.86667,7.83048,1.04869,11.8555,11.8667,23,"LINESTRING(-122.407387 37.784645,-122.407487 37.784545,-122.413979 37.779350,-122.419855 37.765076,-122.418618 37.752322,-122.433657 37.733169,-122.447610 37.721658,-122.447510 37.721758)"
38_8_transit,transit,38,8,-122.407,37.7846,-122.126,37.6969,18.4795,29.7336,16.5039,26.5548,1.1197,31.8586,31.8749,1,"LINESTRING(-122.407387 37.784645,-122.407487 37.784545,-122.401742 37.789113,-122.397180 37.792689,-122.295244 37.804823,-122.265332 37.797257,-122.224167 37.774773,-122.196798 37.753504,-122.160813 37.721706,-122.126531 37.696838,-122.126431 37.696938)"
38_9_transit,transit,38,9,-122.407,37.7846,-121.875,37.3685,45.4436,73.1187,40.9604,65.9053,1.10945,69.8663,69.8936,1,"LINESTRING(-122.407387 37.784645,-122.407487 37.784545,-122.401742 37.789113,-122.397180 37.792689,-122.295244 37.804823,-122.265332 37.797257,-122.224167 37.774773,-122.196798 37.753504,-122.160813 37.721706,-122.126531 37.696838,-122.087041 37.669631,-122.057258 37.634263,-122.017330 37.590665,-121.976705 37.557413,-121.939458 37.502207,-121.890903 37.409736,-121.874761 37.368395,-121.874661 37.368495)"
38_11_transit,transit,38,11,-122.407,37.7846,-122.414,37.7794,0.522223,0.840256,0.504503,0.811745,1.03512,1.85139,1.85429,3,"LINESTRING(-122.407387 37.784645,-122.407487 37.784545,-122.413979 37.779350,-122.413879 37.779450)"
38_12_transit,transit,38,12,-122.407,37.7846,-122.466,37.6846,8.19611,13.1875,7.61967,12.26,1.07565,20.8576,20.8691,5,"LINESTRING(-122.407387 37.784645,-122.407487 37.784545,-122.413979 37.779350,-122.419855 37.765076,-122.418618 37.752322,-122.433657 37.733169,-122.447610 37.721658,-122.469094 37.706204,-122.466267 37.684542,-122.466167 37.684642)"
38_13_transit,transit,38,13,-122.407,37.7846,-122.197,37.7536,12.9876,20.897,11.7055,18.8342,1.10952,24.8564,24.8674,6,"LINESTRING(-122.407387 37.784645,-122.407487 37.784545,-122.401742 37.789113,-122.397180 37.792689,-122.295244 37.804823,-122.265332 37.797257,-122.224167 37.774773,-122.196798 37.753504,-122.196698 37.753604)"
38_14_transit,transit,38,14,-122.407,37.7846,-122.029,37.9738,27.0491,43.522,24.4196,39.2912,1.10768,45.862,45.8711,7,"LINESTRING(-122.407387 37.784645,-122.407487 37.784545,-122.401742 37.789113,-122.397180 37.792689,-122.295244 37.804823,-122.271689 37.803371,-122.268822 37.807960,-122.267263 37.828714,-122.251371 37.844695,-122.183817 37.878403,-122.124744 37.893120,-122.067479 37.905712,-122.056115 37.928363,-122.029226 37.973673,-122.029126 37.973773)"
38_15_transit,transit,38,15,-122.407,37.7846,-122.469,37.7063,6.69113,10.766,6.37408,10.2559,1.04974,15.8565,15.8679,14,"LINESTRING(-122.407387 37.784645,-122.407487 37.784545,-122.413979 37.779350,-122.419855 37.765076,-122.418618 37.752322,-122.433657 37.733169,-122.447610 37.721658,-122.469094 37.706204,-122.468994 37.706304)"
38_16_transit,transit,38,16,-122.407,37.7846,-122.268,37.8701,12.3872,19.9311,9.62695,15.4898,1.28672,25.8582,25.9697,12,"LINESTRING(-122.407387 37.784645,-122.407487 37.784545,-122.401742 37.789113,-122.397180 37.792689,-122.295244 37.804823,-122.271689 37.803371,-122.268822 37.807960,-122.267263 37.828714,-122.269850 37.852969,-122.268178 37.870017,-122.268078 37.870117)"
38_17_transit,transit,38,17,-122.407,37.7846,-122.317,37.9252,17.2609,27.7728,10.8952,17.5304,1.58426,33.8611,33.9727,7,"LINESTRING(-122.407387 37.784645,-122.407487 37.784545,-122.401742 37.789113,-122.397180 37.792689,-122.295244 37.804823,-122.271689 37.803371,-122.268822 37.807960,-122.267263 37.828714,-122.269850 37.852969,-122.268178 37.870017,-122.283608 37.873932,-122.298995 37.902533,-122.316968 37.925105,-122.316868 37.925205)"
38_18_transit,transit,38,18,-122.407,37.7846,-121.899,37.7017,30.9649,49.8225,28.3489,45.6134,1.09228,49.8616,49.8674,5,"LINESTRING(-122.407387 37.784645,-122.407487 37.784545,-122.401742 37.789113,-122.397180 37.792689,-122.295244 37.804823,-122.265332 37.797257,-122.224167 37.774773,-122.196798 37.753504,-122.160813 37.721706,-122.126531 37.696838,-122.075715 37.690676,-121.928401 37.699660,-121.899342 37.701592,-121.899242 37.701692)"
38_19_transit,transit,38,19,-122.407,37.7846,-122.397,37.7928,0.813632,1.30913,0.795848,1.28052,1.02235,3.85236,3.93388,2,"LINESTRING(-122.407387 37.784645,-122.407487 37.784545,-122.401742 37.789113,-122.397180 37.792689,-122.397080 37.792789)"
38_20_transit,transit,38,20,-122.407,37.7846,-121.977,37.5575,31.2018,50.2038,28.3079,45.5473,1.10223,50.8629,50.8896,2,"LINESTRING(-122.407387 37.784645,-122.407487 37.784545,-122.401742 37.789113,-122.397180 37.792689,-122.295244 37.804823,-122.265332 37.797257,-122.224167 37.774773,-122.196798 37.753504,-122.160813 37.721706,-122.126531 37.696838,-122.087041 37.669631,-122.057258 37.634263,-122.017330 37.590665,-121.976705 37.557413,-121.976605 37.557513)"
38_21_transit,transit,38,21,-122.407,37.7846,-122.224,37.7749,10.8908,17.5234,10.0338,16.1445,1.08541,20.8554,20.865,7,"LINESTRING(-122.407387 37.784645,-122.407487 37.784545,-122.401742 37.789113,-122.397180 37.792689,-122.295244 37.804823,-122.265332 37.797257,-122.224167 37.774773,-122.224067 37.774873)"
38_22_transit,transit,38,22,-122.407,37.7846,-122.434,37.7333,4.0016,6.43857,3.82682,6.15735,1.04567,9.85449,9.86552,14,"LINESTRING(-122.407387 37.784645,-122.407487 37.784545,-122.413979 37.779350,-122.419855 37.765076,-122.418618 37.752322,-122.433657 37.733169,-122.433557 37.733269)"
38_23_transit,transit,38,23,-122.407,37.7846,-122.087,37.6697,21.3431,34.341,19.2279,30.9376,1.11001,36.8596,36.8794,7,"LINESTRING(-122.407387 37.784645,-122.407487 37.784545,-122.401742 37.789113,-122.397180 37.792689,-122.295244 37.804823,-122.265332 37.797257,-122.224167 37.774773,-122.196798 37.753504,-122.160813 37.721706,-122.126531 37.696838,-122.087041 37.669631,-122.086941 37.669731)"
38_24_transit,transit,38,24,-122.407,37.7846,-122.125,37.8932,18.6666,30.0346,17.1554,27.6031,1.08809,33.8591,33.8598,2,"LINESTRING(-122.407387 37.784645,-122.407487 37.784545,-122.401742 37.789113,-122.397180 37.792689,-122.295244 37.804823,-122.271689 37.803371,-122.268822 37.807960,-122.267263 37.828714,-122.251371 37.844695,-122.183817 37.878403,-122.124744 37.893120,-122.124644 37.893220)"
38_25_transit,transit,38,25,-122.407,37.7846,-122.265,37.7974,8.15787,13.126,7.81144,12.5686,1.04435,16.8543,16.8629,7,"LINESTRING(-122.407387 37.784645,-122.407487 37.784545,-122.401742 37.789113,-122.397180 37.792689,-122.295244 37.804823,-122.265332 37.797257,-122.265232 37.797357)"
38_26_transit,transit,38,26,-122.407,37.7846,-122.267,37.8288,9.52341,15.3232,8.24076,13.2594,1.15565,19.8563,19.9656,5,"LINESTRING(-122.407387 37.784645,-122.407487 37.784545,-122.401742 37.789113,-122.397180 37.792689,-122.295244 37.804823,-122.271689 37.803371,-122.268822 37.807960,-122.267263 37.828714,-122.267163 37.828814)"
38_27_transit,transit,38,27,-122.407,37.7846,-122.387,37.6002,15.5703,25.0525,12.7935,20.5848,1.21704,35.8618,35.9215,3,"LINESTRING(-122.407387 37.784645,-122.407487 37.784545,-122.413979 37.779350,-122.419855 37.765076,-122.418618 37.752322,-122.433657 37.733169,-122.447610 37.721658,-122.469094 37.706204,-122.466267 37.684542,-122.444354 37.664337,-122.416484 37.637620,-122.391995 37.615923,-122.386940 37.600099,-122.386840 37.600199)"
38_29_transit,transit,38,29,-122.407,37.7846,-122.402,37.7892,0.46271,0.7445,0.445003,0.716009,1.03979,1.85136,1.91726,3,"LINESTRING(-122.407387 37.784645,-122.407487 37.784545,-122.401742 37.789113,-122.401642 37.789213)"
38_35_transit,transit,38,35,-122.407,37.7846,-122.056,37.9285,23.5919,37.9594,21.591,34.74,1.09267,40.8611,40.8702,6,"LINESTRING(-122.407387 37.784645,-122.407487 37.784545,-122.401742 37.789113,-122.397180 37.792689,-122.295244 37.804823,-122.271689 37.803371,-122.268822 37.807960,-122.267263 37.828714,-122.251371 37.844695,-122.183817 37.878403,-122.124744 37.893120,-122.067479 37.905712,-122.056115 37.928363,-122.056015 37.928463)"
38_36_transit,transit,38,36,-122.407,37.7846,-121.944,38.0189,33.6151,54.0867,29.9943,48.2608,1.12072,55.8639,55.873,6,"LINESTRING(-122.407387 37.784645,-122.407487 37.784545,-122.401742 37.789113,-122.397180 37.792689,-122.295244 37.804823,-122.271689 37.803371,-122.268822 37.807960,-122.267263 37.828714,-122.251371 37.844695,-122.183817 37.878403,-122.124744 37.893120,-122.067479 37.905712,-122.056115 37.928363,-122.029226 37.973673,-122.024661 38.003307,-121.944348 38.018850,-121.944248 38.018950)"
38_37_transit,transit,38,37,-122.407,37.7846,-122.299,37.9026,15.4187,24.8088,10.0748,16.2103,1.53043,31.8601,31.9717,1,"LINESTRING(-122.407387 37.784645,-122.407487 37.784545,-122.401742 37.789113,-122.397180 37.792689,-122.295244 37.804823,-122.271689 37.803371,-122.268822 37.807960,-122.267263 37.828714,-122.269850 37.852969,-122.268178 37.870017,-122.283608 37.873932,-122.298995 37.902533,-122.298895 37.902633)"
38_39_transit,transit,38,39,-122.407,37.7846,-122.353,37.9368,19.3873,31.1941,10.9232,17.5755,1.77487,38.862,38.9737,6,"LINESTRING(-122.407387 37.784645,-122.407487 37.784545,-122.401742 37.789113,-122.397180 37.792689,-122.295244 37.804823,-122.271689 37.803371,-122.268822 37.807960,-122.267263 37.828714,-122.269850 37.852969,-122.268178 37.870017,-122.283608 37.873932,-122.298995 37.902533,-122.316968 37.925105,-122.353104 37.936695,-122.353004 37.936795)"
38_40_transit,transit,38,40,-122.407,37.7846,-122.251,37.8448,10.9277,17.5827,9.48091,15.2548,1.1526,23.8572,23.8579,4,"LINESTRING(-122.407387 37.784645,-122.407487 37.784545,-122.401742 37.789113,-122.397180 37.792689,-122.295244 37.804823,-122.271689 37.803371,-122.268822 37.807960,-122.267263 37.828714,-122.251371 37.844695,-122.251271 37.844795)"
38_41_transit,transit,38,41,-122.407,37.7846,-122.161,37.7218,15.9366,25.642,14.1579,22.78,1.12563,28.8575,28.8708,5,"LINESTRING(-122.407387 37.784645,-122.407487 37.784545,-122.401742 37.789113,-122.397180 37.792689,-122.295244 37.804823,-122.265332 37.797257,-122.224167 37.774773,-122.196798 37.753504,-122.160813 37.721706,-122.160713 37.721806)"
38_42_transit,transit,38,42,-122.407,37.7846,-122.416,37.6377,12.431,20.0015,10.1636,16.3532,1.2231,26.8597,26.8712,6,"LINESTRING(-122.407387 37.784645,-122.407487 37.784545,-122.413979 37.779350,-122.419855 37.765076,-122.418618 37.752322,-122.433657 37.733169,-122.447610 37.721658,-122.469094 37.706204,-122.466267 37.684542,-122.444354 37.664337,-122.416484 37.637620,-122.416384 37.637720)"
38_43_transit,transit,38,43,-122.407,37.7846,-122.392,37.616,14.4422,23.2375,11.6815,18.7956,1.23633,31.8607,31.8723,21,"LINESTRING(-122.407387 37.784645,-122.407487 37.784545,-122.413979 37.779350,-122.419855 37.765076,-122.418618 37.752322,-122.433657 37.733169,-122.447610 37.721658,-122.469094 37.706204,-122.466267 37.684542,-122.444354 37.664337,-122.416484 37.637620,-122.391995 37.615923,-122.391895 37.616023)"
38_45_transit,transit,38,45,-122.407,37.7846,-122.444,37.6644,10.0363,16.1485,8.54655,13.7514,1.17431,23.8586,23.8702,5,"LINESTRING(-122.407387 37.784645,-122.407487 37.784545,-122.413979 37.779350,-122.419855 37.765076,-122.418618 37.752322,-122.433657 37.733169,-122.447610 37.721658,-122.469094 37.706204,-122.466267 37.684542,-122.444354 37.664337,-122.444254 37.664437)"
38_46_transit,transit,38,46,-122.407,37.7846,-122.017,37.5908,28.0031,45.057,25.1902,40.531,1.11167,45.8618,45.8874,1,"LINESTRING(-122.407387 37.784645,-122.407487 37.784545,-122.401742 37.789113,-122.397180 37.792689,-122.295244 37.804823,-122.265332 37.797257,-122.224167 37.774773,-122.196798 37.753504,-122.160813 37.721706,-122.126531 37.696838,-122.087041 37.669631,-122.057258 37.634263,-122.017330 37.590665,-122.017230 37.590765)"
38_47_transit,transit,38,47,-122.407,37.7846,-121.939,37.5023,35.5288,57.1659,32.1905,51.7945,1.10371,56.864,56.8912,1,"LINESTRING(-122.407387 37.784645,-122.407487 37.784545,-122.401742 37.789113,-122.397180 37.792689,-122.295244 37.804823,-122.265332 37.797257,-122.224167 37.774773,-122.196798 37.753504,-122.160813 37.721706,-122.126531 37.696838,-122.087041 37.669631,-122.057258 37.634263,-122.017330 37.590665,-121.976705 37.557413,-121.939458 37.502207,-121.939358 37.502307)"
38_48_transit,transit,38,48,-122.407,37.7846,-122.067,37.9058,21.9084,35.2507,20.3529,32.7479,1.07643,37.8601,37.8693,7,"LINESTRING(-122.407387 37.784645,-122.407487 37.784545,-122.401742 37.789113,-122.397180 37.792689,-122.295244 37.804823,-122.271689 37.803371,-122.268822 37.807960,-122.267263 37.828714,-122.251371 37.844695,-122.183817 37.878403,-122.124744 37.893120,-122.067479 37.905712,-122.067379 37.905812)"
38_49_transit,transit,38,49,-122.407,37.7846,-121.928,37.6998,29.3704,47.2569,26.8252,43.1617,1.09488,46.8606,46.8664,1,"LINESTRING(-122.407387 37.784645,-122.407487 37.784545,-122.401742 37.789113,-122.397180 37.792689,-122.295244 37.804823,-122.265332 37.797257,-122.224167 37.774773,-122.196798 37.753504,-122.160813 37.721706,-122.126531 37.696838,-122.075715 37.690676,-121.928401 37.699660,-121.928301 37.699760)"
38_50_transit,transit,38,50,-122.407,37.7846,-122.295,37.8049,6.44286,10.3666,6.28647,10.1149,1.02488,10.8533,10.9502,11,"LINESTRING(-122.407387 37.784645,-122.407487 37.784545,-122.401742 37.789113,-122.397180 37.792689,-122.295244 37.804823,-122.295144 37.804923)"
39_1_transit,transit,39,1,-122.353,37.9368,-122.272,37.8035,11.6719,18.7802,10.2264,16.4542,1.14136,24.858,34.3877,19,"LINESTRING(-122.353004 37.936795,-122.353104 37.936695,-122.316968 37.925105,-122.298995 37.902533,-122.283608 37.873932,-122.268178 37.870017,-122.269850 37.852969,-122.267263 37.828714,-122.268822 37.807960,-122.271689 37.803371,-122.271589 37.803471)"
39_2_transit,transit,39,2,-122.353,37.9368,-122.42,37.7652,20.9292,33.6751,12.4045,19.9588,1.68723,43.8641,61.6672,16,"LINESTRING(-122.353004 37.936795,-122.353104 37.936695,-122.316968 37.925105,-122.298995 37.902533,-122.283608 37.873932,-122.268178 37.870017,-122.269850 37.852969,-122.267263 37.828714,-122.268822 37.807960,-122.271689 37.803371,-122.295244 37.804823,-122.397180 37.792689,-122.401742 37.789113,-122.407487 37.784545,-122.413979 37.779350,-122.419855 37.765076,-122.419755 37.765176)"
39_3_transit,transit,39,3,-122.353,37.9368,-122.269,37.8081,11.3183,18.2111,10.0124,16.11,1.13042,22.857,30.8988,9,"LINESTRING(-122.353004 37.936795,-122.353104 37.936695,-122.316968 37.925105,-122.298995 37.902533,-122.283608 37.873932,-122.268178 37.870017,-122.269850 37.852969,-122.267263 37.828714,-122.268822 37.807960,-122.268722 37.808060)"
39_4_transit,transit,39,4,-122.353,37.9368,-122.419,37.7524,21.8132,35.0975,13.2311,21.2888,1.64863,45.8651,63.6703,31,"LINESTRING(-122.353004 37.936795,-122.353104 37.936695,-122.316968 37.925105,-122.298995 37.902533,-122.283608 37.873932,-122.268178 37.870017,-122.269850 37.852969,-122.267263 37.828714,-122.268822 37.807960,-122.271689 37.803371,-122.295244 37.804823,-122.397180 37.792689,-122.401742 37.789113,-122.407487 37.784545,-122.413979 37.779350,-122.419855 37.765076,-122.418618 37.752322,-122.418518 37.752422)"
39_6_transit,transit,39,6,-122.353,37.9368,-122.27,37.8531,8.19932,13.1927,7.35337,11.8316,1.11504,15.8549,15.95,9,"LINESTRING(-122.353004 37.936795,-122.353104 37.936695,-122.316968 37.925105,-122.298995 37.902533,-122.283608 37.873932,-122.268178 37.870017,-122.269850 37.852969,-122.269750 37.853069)"
39_8_transit,transit,39,8,-122.353,37.9368,-122.126,37.6969,22.5404,36.2676,20.6784,33.2715,1.09005,45.8632,46.006,4,"LINESTRING(-122.353004 37.936795,-122.353104 37.936695,-122.316968 37.925105,-122.298995 37.902533,-122.283608 37.873932,-122.268178 37.870017,-122.269850 37.852969,-122.267263 37.828714,-122.268822 37.807960,-122.271689 37.803371,-122.265332 37.797257,-122.224167 37.774773,-122.196798 37.753504,-122.160813 37.721706,-122.126531 37.696838,-122.126431 37.696938)"
39_11_transit,transit,39,11,-122.353,37.9368,-122.414,37.7794,19.8919,32.006,11.3675,18.2903,1.74989,41.863,59.6605,34,"LINESTRING(-122.353004 37.936795,-122.353104 37.936695,-122.316968 37.925105,-122.298995 37.902533,-122.283608 37.873932,-122.268178 37.870017,-122.269850 37.852969,-122.267263 37.828714,-122.268822 37.807960,-122.271689 37.803371,-122.295244 37.804823,-122.397180 37.792689,-122.401742 37.789113,-122.407487 37.784545,-122.413979 37.779350,-122.413879 37.779450)"
39_12_transit,transit,39,12,-122.353,37.9368,-122.466,37.6846,27.5658,44.3533,18.485,29.7423,1.49125,59.8693,77.6773,1,"LINESTRING(-122.353004 37.936795,-122.353104 37.936695,-122.316968 37.925105,-122.298995 37.902533,-122.283608 37.873932,-122.268178 37.870017,-122.269850 37.852969,-122.267263 37.828714,-122.268822 37.807960,-122.271689 37.803371,-122.295244 37.804823,-122.397180 37.792689,-122.401742 37.789113,-122.407487 37.784545,-122.413979 37.779350,-122.419855 37.765076,-122.418618 37.752322,-122.433657 37.733169,-122.447610 37.721658,-122.469094 37.706204,-122.466267 37.684542,-122.466167 37.684642)"
39_13_transit,transit,39,13,-122.353,37.9368,-122.197,37.7536,17.0485,27.431,15.2624,24.5573,1.11702,36.8611,37.0002,8,"LINESTRING(-122.353004 37.936795,-122.353104 37.936695,-122.316968 37.925105,-122.298995 37.902533,-122.283608 37.873932,-122.268178 37.870017,-122.269850 37.852969,-122.267263 37.828714,-122.268822 37.807960,-122.271689 37.803371,-122.265332 37.797257,-122.224167 37.774773,-122.196798 37.753504,-122.196698 37.753604)"
39_15_transit,transit,39,15,-122.353,37.9368,-122.469,37.7063,26.0608,41.9318,17.1377,27.5745,1.52067,54.8682,72.6753,6,"LINESTRING(-122.353004 37.936795,-122.353104 37.936695,-122.316968 37.925105,-122.298995 37.902533,-122.283608 37.873932,-122.268178 37.870017,-122.269850 37.852969,-122.267263 37.828714,-122.268822 37.807960,-122.271689 37.803371,-122.295244 37.804823,-122.397180 37.792689,-122.401742 37.789113,-122.407487 37.784545,-122.413979 37.779350,-122.419855 37.765076,-122.418618 37.752322,-122.433657 37.733169,-122.447610 37.721658,-122.469094 37.706204,-122.468994 37.706304)"
39_16_transit,transit,39,16,-122.353,37.9368,-122.268,37.8701,7.01764,11.2914,6.53163,10.5094,1.07441,13.8538,13.9402,40,"LINESTRING(-122.353004 37.936795,-122.353104 37.936695,-122.316968 37.925105,-122.298995 37.902533,-122.283608 37.873932,-122.268178 37.870017,-122.268078 37.870117)"
39_17_transit,transit,39,17,-122.353,37.9368,-122.317,37.9252,2.14397,3.44965,2.12593,3.42063,1.00848,4.85073,4.85135,9,"LINESTRING(-122.353004 37.936795,-122.353104 37.936695,-122.316968 37.925105,-122.316868 37.925205)"
39_19_transit,transit,39,19,-122.353,37.9368,-122.397,37.7928,18.5913,29.9133,10.2363,16.4702,1.81621,36.86,54.2369,41,"LINESTRING(-122.353004 37.936795,-122.353104 37.936695,-122.316968 37.925105,-122.298995 37.902533,-122.283608 37.873932,-122.268178 37.870017,-122.269850 37.852969,-122.267263 37.828714,-122.268822 37.807960,-122.271689 37.803371,-122.295244 37.804823,-122.397180 37.792689,-122.397080 37.792789)"
39_20_transit,transit,39,20,-122.353,37.9368,-121.977,37.5575,35.2627,56.7378,33.3113,53.5979,1.05858,63.8675,64.0207,2,"LINESTRING(-122.353004 37.936795,-122.353104 37.936695,-122.316968 37.925105,-122.298995 37.902533,-122.283608 37.873932,-122.268178 37.870017,-122.269850 37.852969,-122.267263 37.828714,-122.268822 37.807960,-122.271689 37.803371,-122.265332 37.797257,-122.224167 37.774773,-122.196798 37.753504,-122.160813 37.721706,-122.126531 37.696838,-122.087041 37.669631,-122.057258 37.634263,-122.017330 37.590665,-121.976705 37.557413,-121.976605 37.557513)"
39_21_transit,transit,39,21,-122.353,37.9368,-122.224,37.7749,14.9518,24.0574,13.2153,21.2635,1.13139,33.8601,33.9959,10,"LINESTRING(-122.353004 37.936795,-122.353104 37.936695,-122.316968 37.925105,-122.298995 37.902533,-122.283608 37.873932,-122.268178 37.870017,-122.269850 37.852969,-122.267263 37.828714,-122.268822 37.807960,-122.271689 37.803371,-122.265332 37.797257,-122.224167 37.774773,-122.224067 37.774873)"
39_22_transit,transit,39,22,-122.353,37.9368,-122.434,37.7333,23.3713,37.6043,14.7334,23.7061,1.58627,48.8662,66.672,4,"LINESTRING(-122.353004 37.936795,-122.353104 37.936695,-122.316968 37.925105,-122.298995 37.902533,-122.283608 37.873932,-122.268178 37.870017,-122.269850 37.852969,-122.267263 37.828714,-122.268822 37.807960,-122.271689 37.803371,-122.295244 37.804823,-122.397180 37.792689,-122.401742 37.789113,-122.407487 37.784545,-122.413979 37.779350,-122.419855 37.765076,-122.418618 37.752322,-122.433657 37.733169,-122.433557 37.733269)"
39_23_transit,transit,39,23,-122.353,37.9368,-122.087,37.6697,25.404,40.875,23.4835,37.7849,1.08178,49.8643,50.0103,1,"LINESTRING(-122.353004 37.936795,-122.353104 37.936695,-122.316968 37.925105,-122.298995 37.902533,-122.283608 37.873932,-122.268178 37.870017,-122.269850 37.852969,-122.267263 37.828714,-122.268822 37.807960,-122.271689 37.803371,-122.265332 37.797257,-122.224167 37.774773,-122.196798 37.753504,-122.160813 37.721706,-122.126531 37.696838,-122.087041 37.669631,-122.086941 37.669731)"
39_25_transit,transit,39,25,-122.353,37.9368,-122.265,37.7974,12.2188,19.66,10.7583,17.3101,1.13575,29.859,29.9898,3,"LINESTRING(-122.353004 37.936795,-122.353104 37.936695,-122.316968 37.925105,-122.298995 37.902533,-122.283608 37.873932,-122.268178 37.870017,-122.269850 37.852969,-122.267263 37.828714,-122.268822 37.807960,-122.271689 37.803371,-122.265332 37.797257,-122.265232 37.797357)"
39_26_transit,transit,39,26,-122.353,37.9368,-122.267,37.8288,9.88148,15.8993,8.80785,14.1718,1.12189,18.8559,18.9611,16,"LINESTRING(-122.353004 37.936795,-122.353104 37.936695,-122.316968 37.925105,-122.298995 37.902533,-122.283608 37.873932,-122.268178 37.870017,-122.269850 37.852969,-122.267263 37.828714,-122.267163 37.828814)"
39_27_transit,transit,39,27,-122.353,37.9368,-122.387,37.6002,34.9399,56.2183,23.3301,37.5381,1.49763,74.8734,92.6834,3,"LINESTRING(-122.353004 37.936795,-122.353104 37.936695,-122.316968 37.925105,-122.298995 37.902533,-122.283608 37.873932,-122.268178 37.870017,-122.269850 37.852969,-122.267263 37.828714,-122.268822 37.807960,-122.271689 37.803371,-122.295244 37.804823,-122.397180 37.792689,-122.401742 37.789113,-122.407487 37.784545,-122.413979 37.779350,-122.419855 37.765076,-122.418618 37.752322,-122.433657 37.733169,-122.447610 37.721658,-122.469094 37.706204,-122.466267 37.684542,-122.444354 37.664337,-122.416484 37.637620,-122.391995 37.615923,-122.386940 37.600099,-122.386840 37.600199)"
39_29_transit,transit,39,29,-122.353,37.9368,-122.402,37.7892,18.9422,30.478,10.5365,16.9533,1.79776,37.861,55.479,39,"LINESTRING(-122.353004 37.936795,-122.353104 37.936695,-122.316968 37.925105,-122.298995 37.902533,-122.283608 37.873932,-122.268178 37.870017,-122.269850 37.852969,-122.267263 37.828714,-122.268822 37.807960,-122.271689 37.803371,-122.295244 37.804823,-122.397180 37.792689,-122.401742 37.789113,-122.401642 37.789213)"
39_30_transit,transit,39,30,-122.353,37.9368,-122.284,37.874,6.13348,9.86876,5.75848,9.26539,1.06512,10.8528,10.8991,2,"LINESTRING(-122.353004 37.936795,-122.353104 37.936695,-122.316968 37.925105,-122.298995 37.902533,-122.283608 37.873932,-122.283508 37.874032)"
39_37_transit,transit,39,37,-122.353,37.9368,-122.299,37.9026,3.98613,6.41369,3.77753,6.07805,1.05522,7.85178,7.86708,7,"LINESTRING(-122.353004 37.936795,-122.353104 37.936695,-122.316968 37.925105,-122.298995 37.902533,-122.298895 37.902633)"
39_38_transit,transit,39,38,-122.353,37.9368,-122.407,37.7846,19.3873,31.1941,10.9232,17.5755,1.77487,39.862,57.6123,37,"LINESTRING(-122.353004 37.936795,-122.353104 37.936695,-122.316968 37.925105,-122.298995 37.902533,-122.283608 37.873932,-122.268178 37.870017,-122.269850 37.852969,-122.267263 37.828714,-122.268822 37.807960,-122.271689 37.803371,-122.295244 37.804823,-122.397180 37.792689,-122.401742 37.789113,-122.407487 37.784545,-122.407387 37.784645)"
39_41_transit,transit,39,41,-122.353,37.9368,-122.161,37.7218,19.9975,32.176,18.1873,29.2634,1.09953,41.8622,42.0032,5,"LINESTRING(-122.353004 37.936795,-122.353104 37.936695,-122.316968 37.925105,-122.298995 37.902533,-122.283608 37.873932,-122.268178 37.870017,-122.269850 37.852969,-122.267263 37.828714,-122.268822 37.807960,-122.271689 37.803371,-122.265332 37.797257,-122.224167 37.774773,-122.196798 37.753504,-122.160813 37.721706,-122.160713 37.721806)"
39_42_transit,transit,39,42,-122.353,37.9368,-122.416,37.6377,31.8007,51.1673,20.9521,33.712,1.51778,65.8714,83.6805,4,"LINESTRING(-122.353004 37.936795,-122.353104 37.936695,-122.316968 37.925105,-122.298995 37.902533,-122.283608 37.873932,-122.268178 37.870017,-122.269850 37.852969,-122.267263 37.828714,-122.268822 37.807960,-122.271689 37.803371,-122.295244 37.804823,-122.397180 37.792689,-122.401742 37.789113,-122.407487 37.784545,-122.413979 37.779350,-122.419855 37.765076,-122.418618 37.752322,-122.433657 37.733169,-122.447610 37.721658,-122.469094 37.706204,-122.466267 37.684542,-122.444354 37.664337,-122.416484 37.637620,-122.416384 37.637720)"
39_43_transit,transit,39,43,-122.353,37.9368,-122.392,37.616,33.8119,54.4033,22.265,35.8244,1.51861,70.8724,88.6822,1,"LINESTRING(-122.353004 37.936795,-122.353104 37.936695,-122.316968 37.925105,-122.298995 37.902533,-122.283608 37.873932,-122.268178 37.870017,-122.269850 37.852969,-122.267263 37.828714,-122.268822 37.807960,-122.271689 37.803371,-122.295244 37.804823,-122.397180 37.792689,-122.401742 37.789113,-122.407487 37.784545,-122.413979 37.779350,-122.419855 37.765076,-122.418618 37.752322,-122.433657 37.733169,-122.447610 37.721658,-122.469094 37.706204,-122.466267 37.684542,-122.444354 37.664337,-122.416484 37.637620,-122.391995 37.615923,-122.391895 37.616023)"
39_44_transit,transit,39,44,-122.353,37.9368,-122.057,37.6344,28.3416,45.6017,26.4127,42.4981,1.07303,53.8654,54.0142,1,"LINESTRING(-122.353004 37.936795,-122.353104 37.936695,-122.316968 37.925105,-122.298995 37.902533,-122.283608 37.873932,-122.268178 37.870017,-122.269850 37.852969,-122.267263 37.828714,-122.268822 37.807960,-122.271689 37.803371,-122.265332 37.797257,-122.224167 37.774773,-122.196798 37.753504,-122.160813 37.721706,-122.126531 37.696838,-122.087041 37.669631,-122.057258 37.634263,-122.057158 37.634363)"
39_45_transit,transit,39,45,-122.353,37.9368,-122.444,37.6644,29.406,47.3142,19.4666,31.3217,1.51059,62.8703,80.6789,3,"LINESTRING(-122.353004 37.936795,-122.353104 37.936695,-122.316968 37.925105,-122.298995 37.902533,-122.283608 37.873932,-122.268178 37.870017,-122.269850 37.852969,-122.267263 37.828714,-122.268822 37.807960,-122.271689 37.803371,-122.295244 37.804823,-122.397180 37.792689,-122.401742 37.789113,-122.407487 37.784545,-122.413979 37.779350,-122.419855 37.765076,-122.418618 37.752322,-122.433657 37.733169,-122.447610 37.721658,-122.469094 37.706204,-122.466267 37.684542,-122.444354 37.664337,-122.444254 37.664437)"
39_50_transit,transit,39,50,-122.353,37.9368,-122.295,37.8049,12.962,20.8559,9.64262,15.515,1.34424,29.859,42.7144,4,"LINESTRING(-122.353004 37.936795,-122.353104 37.936695,-122.316968 37.925105,-122.298995 37.902533,-122.283608 37.873932,-122.268178 37.870017,-122.269850 37.852969,-122.267263 37.828714,-122.268822 37.807960,-122.271689 37.803371,-122.295244 37.804823,-122.295144 37.804923)"
40_1_transit,transit,40,1,-122.251,37.8448,-122.272,37.8035,3.21238,5.16871,3.06302,4.9284,1.04876,8.8532,9.42952,7,"LINESTRING(-122.251271 37.844795,-122.251371 37.844695,-122.267263 37.828714,-122.268822 37.807960,-122.271689 37.803371,-122.271589 37.803471)"
40_2_transit,transit,40,2,-122.251,37.8448,-122.42,37.7652,12.4697,20.0637,10.7174,17.2443,1.1635,27.8593,30.2424,6,"LINESTRING(-122.251271 37.844795,-122.251371 37.844695,-122.267263 37.828714,-122.268822 37.807960,-122.271689 37.803371,-122.295244 37.804823,-122.397180 37.792689,-122.401742 37.789113,-122.407487 37.784545,-122.413979 37.779350,-122.419855 37.765076,-122.419755 37.765176)"
40_3_transit,transit,40,3,-122.251,37.8448,-122.269,37.8081,2.85871,4.59966,2.71097,4.36196,1.0545,7.85219,8.34273,1,"LINESTRING(-122.251271 37.844795,-122.251371 37.844695,-122.267263 37.828714,-122.268822 37.807960,-122.268722 37.808060)"
40_4_transit,transit,40,4,-122.251,37.8448,-122.419,37.7524,13.3537,21.486,11.1405,17.9251,1.19866,29.8603,32.2441,4,"LINESTRING(-122.251271 37.844795,-122.251371 37.844695,-122.267263 37.828714,-122.268822 37.807960,-122.271689 37.803371,-122.295244 37.804823,-122.397180 37.792689,-122.401742 37.789113,-122.407487 37.784545,-122.413979 37.779350,-122.419855 37.765076,-122.418618 37.752322,-122.418518 37.752422)"
40_11_transit,transit,40,11,-122.251,37.8448,-122.414,37.7794,11.4323,18.3946,9.95844,16.0231,1.148,25.8583,28.2399,34,"LINESTRING(-122.251271 37.844795,-122.251371 37.844695,-122.267263 37.828714,-122.268822 37.807960,-122.271689 37.803371,-122.295244 37.804823,-122.397180 37.792689,-122.401742 37.789113,-122.407487 37.784545,-122.413979 37.779350,-122.413879 37.779450)"
40_14_transit,transit,40,14,-122.251,37.8448,-122.029,37.9738,16.139,25.9677,15.0356,24.1923,1.07339,22.8548,22.8549,5,"LINESTRING(-122.251271 37.844795,-122.251371 37.844695,-122.183817 37.878403,-122.124744 37.893120,-122.067479 37.905712,-122.056115 37.928363,-122.029226 37.973673,-122.029126 37.973773)"
40_15_transit,transit,40,15,-122.251,37.8448,-122.469,37.7063,17.6012,28.3204,15.2627,24.5576,1.15322,38.8634,41.2481,2,"LINESTRING(-122.251271 37.844795,-122.251371 37.844695,-122.267263 37.828714,-122.268822 37.807960,-122.271689 37.803371,-122.295244 37.804823,-122.397180 37.792689,-122.401742 37.789113,-122.407487 37.784545,-122.413979 37.779350,-122.419855 37.765076,-122.418618 37.752322,-122.433657 37.733169,-122.447610 37.721658,-122.469094 37.706204,-122.468994 37.706304)"
40_19_transit,transit,40,19,-122.251,37.8448,-122.397,37.7928,10.1317,16.3019,8.73203,14.0498,1.16029,20.8552,23.1568,94,"LINESTRING(-122.251271 37.844795,-122.251371 37.844695,-122.267263 37.828714,-122.268822 37.807960,-122.271689 37.803371,-122.295244 37.804823,-122.397180 37.792689,-122.397080 37.792789)"
40_22_transit,transit,40,22,-122.251,37.8448,-122.434,37.7333,14.9117,23.9929,12.5877,20.2535,1.18463,32.8614,35.2457,5,"LINESTRING(-122.251271 37.844795,-122.251371 37.844695,-122.267263 37.828714,-122.268822 37.807960,-122.271689 37.803371,-122.295244 37.804823,-122.397180 37.792689,-122.401742 37.789113,-122.407487 37.784545,-122.413979 37.779350,-122.419855 37.765076,-122.418618 37.752322,-122.433657 37.733169,-122.433557 37.733269)"
40_24_transit,transit,40,24,-122.251,37.8448,-122.125,37.8932,7.75655,12.4803,7.6745,12.3483,1.01069,10.852,10.8521,1,"LINESTRING(-122.251271 37.844795,-122.251371 37.844695,-122.183817 37.878403,-122.124744 37.893120,-122.124644 37.893220)"
40_26_transit,transit,40,26,-122.251,37.8448,-122.267,37.8288,1.42191,2.28786,1.40402,2.25906,1.01275,3.85114,4.03739,2,"LINESTRING(-122.251271 37.844795,-122.251371 37.844695,-122.267263 37.828714,-122.267163 37.828814)"
40_29_transit,transit,40,29,-122.251,37.8448,-122.402,37.7892,10.4826,16.8665,9.06166,14.5802,1.15681,21.8562,24.2068,60,"LINESTRING(-122.251271 37.844795,-122.251371 37.844695,-122.267263 37.828714,-122.268822 37.807960,-122.271689 37.803371,-122.295244 37.804823,-122.397180 37.792689,-122.401742 37.789113,-122.401642 37.789213)"
40_33_transit,transit,40,33,-122.251,37.8448,-122.184,37.8785,4.37783,7.04394,4.35934,7.01417,1.00424,5.85103,5.85107,1,"LINESTRING(-122.251271 37.844795,-122.251371 37.844695,-122.183817 37.878403,-122.183717 37.878503)"
40_34_transit,transit,40,34,-122.251,37.8448,-121.889,38.0169,25.7158,41.3767,23.0462,37.0813,1.11584,46.8577,46.8577,1,"LINESTRING(-122.251271 37.844795,-122.251371 37.844695,-122.183817 37.878403,-122.124744 37.893120,-122.067479 37.905712,-122.056115 37.928363,-122.029226 37.973673,-122.024661 38.003307,-121.944348 38.018850,-121.889111 38.016773,-121.889011 38.016873)"
40_38_transit,transit,40,38,-122.251,37.8448,-122.407,37.7846,10.9277,17.5827,9.48091,15.2548,1.1526,23.8572,26.2305,25,"LINESTRING(-122.251271 37.844795,-122.251371 37.844695,-122.267263 37.828714,-122.268822 37.807960,-122.271689 37.803371,-122.295244 37.804823,-122.397180 37.792689,-122.401742 37.789113,-122.407487 37.784545,-122.407387 37.784645)"
40_43_transit,transit,40,43,-122.251,37.8448,-122.392,37.616,25.3523,40.7919,17.5758,28.2794,1.44246,54.8676,57.2525,7,"LINESTRING(-122.251271 37.844795,-122.251371 37.844695,-122.267263 37.828714,-122.268822 37.807960,-122.271689 37.803371,-122.295244 37.804823,-122.397180 37.792689,-122.401742 37.789113,-122.407487 37.784545,-122.413979 37.779350,-122.419855 37.765076,-122.418618 37.752322,-122.433657 37.733169,-122.447610 37.721658,-122.469094 37.706204,-122.466267 37.684542,-122.444354 37.664337,-122.416484 37.637620,-122.391995 37.615923,-122.391895 37.616023)"
40_48_transit,transit,40,48,-122.251,37.8448,-122.067,37.9058,10.9983,17.6963,10.8794,17.505,1.01093,14.853,14.8531,4,"LINESTRING(-122.251271 37.844795,-122.251371 37.844695,-122.183817 37.878403,-122.124744 37.893120,-122.067479 37.905712,-122.067379 37.905812)"
41_1_transit,transit,41,1,-122.161,37.7218,-122.272,37.8035,8.34318,13.4242,8.27755,13.3186,1.00793,15.8545,15.8592,24,"LINESTRING(-122.160713 37.721806,-122.160813 37.721706,-122.196798 37.753504,-122.224167 37.774773,-122.265332 37.797257,-122.271689 37.803371,-122.271589 37.803471)"
41_2_transit,transit,41,2,-122.161,37.7218,-122.42,37.7652,17.4786,28.123,14.467,23.2774,1.20817,32.8596,36.0447,13,"LINESTRING(-122.160713 37.721806,-122.160813 37.721706,-122.196798 37.753504,-122.224167 37.774773,-122.265332 37.797257,-122.295244 37.804823,-122.397180 37.792689,-122.401742 37.789113,-122.407487 37.784545,-122.413979 37.779350,-122.419855 37.765076,-122.419755 37.765176)"
41_3_transit,transit,41,3,-122.161,37.7218,-122.269,37.8081,8.69684,13.9932,8.38582,13.4928,1.03709,16.8555,16.8602,14,"LINESTRING(-122.160713 37.721806,-122.160813 37.721706,-122.196798 37.753504,-122.224167 37.774773,-122.265332 37.797257,-122.271689 37.803371,-122.268822 37.807960,-122.268722 37.808060)"
41_4_transit,transit,41,4,-122.161,37.7218,-122.419,37.7524,18.3626,29.5453,14.2448,22.9199,1.28907,34.8606,38.0459,15,"LINESTRING(-122.160713 37.721806,-122.160813 37.721706,-122.196798 37.753504,-122.224167 37.774773,-122.265332 37.797257,-122.295244 37.804823,-122.397180 37.792689,-122.401742 37.789113,-122.407487 37.784545,-122.413979 37.779350,-122.419855 37.765076,-122.418618 37.752322,-122.418518 37.752422)"
41_7_transit,transit,41,7,-122.161,37.7218,-122.448,37.7218,21.0226,33.8254,15.6743,25.2199,1.34122,39.8627,43.048,10,"LINESTRING(-122.160713 37.721806,-122.160813 37.721706,-122.196798 37.753504,-122.224167 37.774773,-122.265332 37.797257,-122.295244 37.804823,-122.397180 37.792689,-122.401742 37.789113,-122.407487 37.784545,-122.413979 37.779350,-122.419855 37.765076,-122.418618 37.752322,-122.433657 37.733169,-122.447610 37.721658,-122.447510 37.721758)"
41_8_transit,transit,41,8,-122.161,37.7218,-122.126,37.6969,2.56056,4.11994,2.54242,4.09075,1.00714,3.85171,3.85484,5,"LINESTRING(-122.160713 37.721806,-122.160813 37.721706,-122.126531 37.696838,-122.126431 37.696938)"
41_9_transit,transit,41,9,-122.161,37.7218,-121.875,37.3685,29.5246,47.5051,29.0086,46.6749,1.01779,41.8594,41.8735,6,"LINESTRING(-122.160713 37.721806,-122.160813 37.721706,-122.126531 37.696838,-122.087041 37.669631,-122.057258 37.634263,-122.017330 37.590665,-121.976705 37.557413,-121.939458 37.502207,-121.890903 37.409736,-121.874761 37.368395,-121.874661 37.368495)"
41_10_transit,transit,41,10,-122.161,37.7218,-122.076,37.6908,5.37185,8.64331,5.12212,8.24149,1.04876,9.85272,9.8534,6,"LINESTRING(-122.160713 37.721806,-122.160813 37.721706,-122.126531 37.696838,-122.075715 37.690676,-122.075615 37.690776)"
41_11_transit,transit,41,11,-122.161,37.7218,-122.414,37.7794,16.4412,26.4539,14.3929,23.1582,1.14231,29.8585,33.8924,50,"LINESTRING(-122.160713 37.721806,-122.160813 37.721706,-122.196798 37.753504,-122.224167 37.774773,-122.265332 37.797257,-122.295244 37.804823,-122.397180 37.792689,-122.401742 37.789113,-122.407487 37.784545,-122.413979 37.779350,-122.413879 37.779450)"
41_13_transit,transit,41,13,-122.161,37.7218,-122.197,37.7536,2.96665,4.77333,2.94843,4.74402,1.00618,4.85158,5.20425,7,"LINESTRING(-122.160713 37.721806,-122.160813 37.721706,-122.196798 37.753504,-122.196698 37.753604)"
41_15_transit,transit,41,15,-122.161,37.7218,-122.469,37.7063,22.6101,36.3797,16.8842,27.1666,1.33913,43.8637,47.049,7,"LINESTRING(-122.160713 37.721806,-122.160813 37.721706,-122.196798 37.753504,-122.224167 37.774773,-122.265332 37.797257,-122.295244 37.804823,-122.397180 37.792689,-122.401742 37.789113,-122.407487 37.784545,-122.413979 37.779350,-122.419855 37.765076,-122.418618 37.752322,-122.433657 37.733169,-122.447610 37.721658,-122.469094 37.706204,-122.468994 37.706304)"
41_16_transit,transit,41,16,-122.161,37.7218,-122.268,37.8701,12.9975,20.9129,11.8056,18.9952,1.10096,26.8583,26.8634,10,"LINESTRING(-122.160713 37.721806,-122.160813 37.721706,-122.196798 37.753504,-122.224167 37.774773,-122.265332 37.797257,-122.271689 37.803371,-122.268822 37.807960,-122.267263 37.828714,-122.269850 37.852969,-122.268178 37.870017,-122.268078 37.870117)"
41_17_transit,transit,41,17,-122.161,37.7218,-122.317,37.9252,17.8711,28.7547,16.4359,26.4454,1.08732,34.8612,34.8662,2,"LINESTRING(-122.160713 37.721806,-122.160813 37.721706,-122.196798 37.753504,-122.224167 37.774773,-122.265332 37.797257,-122.271689 37.803371,-122.268822 37.807960,-122.267263 37.828714,-122.269850 37.852969,-122.268178 37.870017,-122.283608 37.873932,-122.298995 37.902533,-122.316968 37.925105,-122.316868 37.925205)"
41_18_transit,transit,41,18,-122.161,37.7218,-121.899,37.7017,15.0459,24.2089,14.3595,23.1044,1.0478,21.8547,21.856,15,"LINESTRING(-122.160713 37.721806,-122.160813 37.721706,-122.126531 37.696838,-122.075715 37.690676,-121.928401 37.699660,-121.899342 37.701592,-121.899242 37.701692)"
41_19_transit,transit,41,19,-122.161,37.7218,-122.397,37.7928,15.1406,24.3612,13.812,22.2235,1.09619,24.8555,28.819,73,"LINESTRING(-122.160713 37.721806,-122.160813 37.721706,-122.196798 37.753504,-122.224167 37.774773,-122.265332 37.797257,-122.295244 37.804823,-122.397180 37.792689,-122.397080 37.792789)"
41_20_transit,transit,41,20,-122.161,37.7218,-121.977,37.5575,15.2829,24.5901,15.1766,24.4191,1.007,22.856,22.8695,10,"LINESTRING(-122.160713 37.721806,-122.160813 37.721706,-122.126531 37.696838,-122.087041 37.669631,-122.057258 37.634263,-122.017330 37.590665,-121.976705 37.557413,-121.976605 37.557513)"
41_21_transit,transit,41,21,-122.161,37.7218,-122.224,37.7749,5.06337,8.14695,5.04224,8.11297,1.00419,8.85253,9.61245,8,"LINESTRING(-122.160713 37.721806,-122.160813 37.721706,-122.196798 37.753504,-122.224167 37.774773,-122.224067 37.774873)"
41_22_transit,transit,41,22,-122.161,37.7218,-122.434,37.7333,19.9206,32.0522,14.9315,24.0249,1.33413,37.8616,41.047,4,"LINESTRING(-122.160713 37.721806,-122.160813 37.721706,-122.196798 37.753504,-122.224167 37.774773,-122.265332 37.797257,-122.295244 37.804823,-122.397180 37.792689,-122.401742 37.789113,-122.407487 37.784545,-122.413979 37.779350,-122.419855 37.765076,-122.418618 37.752322,-122.433657 37.733169,-122.433557 37.733269)"
41_23_transit,transit,41,23,-122.161,37.7218,-122.087,37.6697,5.42412,8.72741,5.40494,8.69654,1.00355,8.85277,8.85931,16,"LINESTRING(-122.160713 37.721806,-122.160813 37.721706,-122.126531 37.696838,-122.087041 37.669631,-122.086941 37.669731)"
41_25_transit,transit,41,25,-122.161,37.7218,-122.265,37.7974,7.79634,12.5443,7.73604,12.4473,1.0078,12.8535,14.3114,9,"LINESTRING(-122.160713 37.721806,-122.160813 37.721706,-122.196798 37.753504,-122.224167 37.774773,-122.265332 37.797257,-122.265232 37.797357)"
41_26_transit,transit,41,26,-122.161,37.7218,-122.267,37.8288,10.1336,16.305,9.4055,15.1334,1.07742,20.8564,20.8613,7,"LINESTRING(-122.160713 37.721806,-122.160813 37.721706,-122.196798 37.753504,-122.224167 37.774773,-122.265332 37.797257,-122.271689 37.803371,-122.268822 37.807960,-122.267263 37.828714,-122.267163 37.828814)"
41_28_transit,transit,41,28,-122.161,37.7218,-121.891,37.4098,26.5333,42.692,26.1371,42.0545,1.01516,37.8583,37.8724,9,"LINESTRING(-122.160713 37.721806,-122.160813 37.721706,-122.126531 37.696838,-122.087041 37.669631,-122.057258 37.634263,-122.017330 37.590665,-121.976705 37.557413,-121.939458 37.502207,-121.890903 37.409736,-121.890803 37.409836)"
41_29_transit,transit,41,29,-122.161,37.7218,-122.402,37.7892,15.4915,24.9258,13.9612,22.4636,1.10961,26.8565,30.014,79,"LINESTRING(-122.160713 37.721806,-122.160813 37.721706,-122.196798 37.753504,-122.224167 37.774773,-122.265332 37.797257,-122.295244 37.804823,-122.397180 37.792689,-122.401742 37.789113,-122.401642 37.789213)"
41_30_transit,transit,41,30,-122.161,37.7218,-122.284,37.874,13.8816,22.3355,12.4729,20.0689,1.11295,28.8593,28.8644,1,"LINESTRING(-122.160713 37.721806,-122.160813 37.721706,-122.196798 37.753504,-122.224167 37.774773,-122.265332 37.797257,-122.271689 37.803371,-122.268822 37.807960,-122.267263 37.828714,-122.269850 37.852969,-122.268178 37.870017,-122.283608 37.873932,-122.283508 37.874032)"
41_37_transit,transit,41,37,-122.161,37.7218,-122.299,37.9026,16.029,25.7906,14.5944,23.4823,1.0983,31.8603,31.8653,1,"LINESTRING(-122.160713 37.721806,-122.160813 37.721706,-122.196798 37.753504,-122.224167 37.774773,-122.265332 37.797257,-122.271689 37.803371,-122.268822 37.807960,-122.267263 37.828714,-122.269850 37.852969,-122.268178 37.870017,-122.283608 37.873932,-122.298995 37.902533,-122.298895 37.902633)"
41_38_transit,transit,41,38,-122.161,37.7218,-122.407,37.7846,15.9366,25.642,14.1579,22.78,1.12563,28.8575,32.0374,28,"LINESTRING(-122.160713 37.721806,-122.160813 37.721706,-122.196798 37.753504,-122.224167 37.774773,-122.265332 37.797257,-122.295244 37.804823,-122.397180 37.792689,-122.401742 37.789113,-122.407487 37.784545,-122.407387 37.784645)"
41_39_transit,transit,41,39,-122.161,37.7218,-122.353,37.9368,19.9975,32.176,18.1873,29.2634,1.09953,39.8622,39.8672,2,"LINESTRING(-122.160713 37.721806,-122.160813 37.721706,-122.196798 37.753504,-122.224167 37.774773,-122.265332 37.797257,-122.271689 37.803371,-122.268822 37.807960,-122.267263 37.828714,-122.269850 37.852969,-122.268178 37.870017,-122.283608 37.873932,-122.298995 37.902533,-122.316968 37.925105,-122.353104 37.936695,-122.353004 37.936795)"
41_44_transit,transit,41,44,-122.161,37.7218,-122.057,37.6344,8.36177,13.4541,8.28081,13.3238,1.00978,12.8538,12.8628,17,"LINESTRING(-122.160713 37.721806,-122.160813 37.721706,-122.126531 37.696838,-122.087041 37.669631,-122.057258 37.634263,-122.057158 37.634363)"
41_46_transit,transit,41,46,-122.161,37.7218,-122.017,37.5908,12.0841,19.4433,11.9825,19.2798,1.00848,17.8549,17.8673,8,"LINESTRING(-122.160713 37.721806,-122.160813 37.721706,-122.126531 37.696838,-122.087041 37.669631,-122.057258 37.634263,-122.017330 37.590665,-122.017230 37.590765)"
41_47_transit,transit,41,47,-122.161,37.7218,-121.939,37.5023,19.6098,31.5522,19.4112,31.2327,1.01023,28.8571,28.8711,4,"LINESTRING(-122.160713 37.721806,-122.160813 37.721706,-122.126531 37.696838,-122.087041 37.669631,-122.057258 37.634263,-122.017330 37.590665,-121.976705 37.557413,-121.939458 37.502207,-121.939358 37.502307)"
41_49_transit,transit,41,49,-122.161,37.7218,-121.928,37.6998,13.4514,21.6433,12.7948,20.5869,1.05131,18.8537,18.855,3,"LINESTRING(-122.160713 37.721806,-122.160813 37.721706,-122.126531 37.696838,-122.075715 37.690676,-121.928401 37.699660,-121.928301 37.699760)"
41_50_transit,transit,41,50,-122.161,37.7218,-122.295,37.8049,9.51135,15.3038,9.32197,14.999,1.02032,17.8545,20.3472,2,"LINESTRING(-122.160713 37.721806,-122.160813 37.721706,-122.196798 37.753504,-122.224167 37.774773,-122.265332 37.797257,-122.295244 37.804823,-122.295144 37.804923)"
42_1_transit,transit,42,1,-122.416,37.6377,-122.272,37.8035,20.1463,32.4155,13.9206,22.3982,1.44723,39.8637,39.8913,6,"LINESTRING(-122.416384 37.637720,-122.416484 37.637620,-122.444354 37.664337,-122.466267 37.684542,-122.469094 37.706204,-122.447610 37.721658,-122.433657 37.733169,-122.418618 37.752322,-122.419855 37.765076,-122.413979 37.779350,-122.407487 37.784545,-122.401742 37.789113,-122.397180 37.792689,-122.295244 37.804823,-122.271689 37.803371,-122.271589 37.803471)"
42_2_transit,transit,42,2,-122.416,37.6377,-122.42,37.7652,10.889,17.5205,8.80838,14.1727,1.23621,20.8577,20.8809,10,"LINESTRING(-122.416384 37.637720,-122.416484 37.637620,-122.444354 37.664337,-122.466267 37.684542,-122.469094 37.706204,-122.447610 37.721658,-122.433657 37.733169,-122.418618 37.752322,-122.419855 37.765076,-122.419755 37.765176)"
42_3_transit,transit,42,3,-122.416,37.6377,-122.269,37.8081,20.5,32.9845,14.2705,22.9612,1.43653,40.8646,40.8923,3,"LINESTRING(-122.416384 37.637720,-122.416484 37.637620,-122.444354 37.664337,-122.466267 37.684542,-122.469094 37.706204,-122.447610 37.721658,-122.433657 37.733169,-122.418618 37.752322,-122.419855 37.765076,-122.413979 37.779350,-122.407487 37.784545,-122.401742 37.789113,-122.397180 37.792689,-122.295244 37.804823,-122.271689 37.803371,-122.268822 37.807960,-122.268722 37.808060)"
42_4_transit,transit,42,4,-122.416,37.6377,-122.419,37.7524,10.0051,16.0981,7.92609,12.7531,1.26229,18.8568,18.8772,1,"LINESTRING(-122.416384 37.637720,-122.416484 37.637620,-122.444354 37.664337,-122.466267 37.684542,-122.469094 37.706204,-122.447610 37.721658,-122.433657 37.733169,-122.418618 37.752322,-122.418518 37.752422)"
42_7_transit,transit,42,7,-122.416,37.6377,-122.448,37.7218,7.34499,11.8181,6.05086,9.73583,1.21388,13.8548,13.868,4,"LINESTRING(-122.416384 37.637720,-122.416484 37.637620,-122.444354 37.664337,-122.466267 37.684542,-122.469094 37.706204,-122.447610 37.721658,-122.447510 37.721758)"
42_11_transit,transit,42,11,-122.416,37.6377,-122.414,37.7794,11.9264,19.1896,9.79366,15.758,1.21777,23.8587,23.8853,19,"LINESTRING(-122.416384 37.637720,-122.416484 37.637620,-122.444354 37.664337,-122.466267 37.684542,-122.469094 37.706204,-122.447610 37.721658,-122.433657 37.733169,-122.418618 37.752322,-122.419855 37.765076,-122.413979 37.779350,-122.413879 37.779450)"
42_12_transit,transit,42,12,-122.416,37.6377,-122.466,37.6846,4.25253,6.84232,4.23386,6.81227,1.00441,6.85292,6.85516,1,"LINESTRING(-122.416384 37.637720,-122.416484 37.637620,-122.444354 37.664337,-122.466267 37.684542,-122.466167 37.684642)"
42_15_transit,transit,42,15,-122.416,37.6377,-122.469,37.7063,5.75751,9.26383,5.54384,8.92003,1.03854,9.85387,9.86081,6,"LINESTRING(-122.416384 37.637720,-122.416484 37.637620,-122.444354 37.664337,-122.466267 37.684542,-122.469094 37.706204,-122.468994 37.706304)"
42_16_transit,transit,42,16,-122.416,37.6377,-122.268,37.8701,24.8006,39.9042,17.9854,28.9385,1.37893,50.8675,51.2464,1,"LINESTRING(-122.416384 37.637720,-122.416484 37.637620,-122.444354 37.664337,-122.466267 37.684542,-122.469094 37.706204,-122.447610 37.721658,-122.433657 37.733169,-122.418618 37.752322,-122.419855 37.765076,-122.413979 37.779350,-122.407487 37.784545,-122.401742 37.789113,-122.397180 37.792689,-122.295244 37.804823,-122.271689 37.803371,-122.268822 37.807960,-122.267263 37.828714,-122.269850 37.852969,-122.268178 37.870017,-122.268078 37.870117)"
42_17_transit,transit,42,17,-122.416,37.6377,-122.317,37.9252,29.6743,47.7459,20.5935,33.1349,1.44095,58.8704,59.2494,1,"LINESTRING(-122.416384 37.637720,-122.416484 37.637620,-122.444354 37.664337,-122.466267 37.684542,-122.469094 37.706204,-122.447610 37.721658,-122.433657 37.733169,-122.418618 37.752322,-122.419855 37.765076,-122.413979 37.779350,-122.407487 37.784545,-122.401742 37.789113,-122.397180 37.792689,-122.295244 37.804823,-122.271689 37.803371,-122.268822 37.807960,-122.267263 37.828714,-122.269850 37.852969,-122.268178 37.870017,-122.283608 37.873932,-122.298995 37.902533,-122.316968 37.925105,-122.316868 37.925205)"
42_19_transit,transit,42,19,-122.416,37.6377,-122.397,37.7928,13.227,21.2823,10.7662,17.3228,1.22857,28.8617,28.8891,28,"LINESTRING(-122.416384 37.637720,-122.416484 37.637620,-122.444354 37.664337,-122.466267 37.684542,-122.469094 37.706204,-122.447610 37.721658,-122.433657 37.733169,-122.418618 37.752322,-122.419855 37.765076,-122.413979 37.779350,-122.407487 37.784545,-122.401742 37.789113,-122.397180 37.792689,-122.397080 37.792789)"
42_22_transit,transit,42,22,-122.416,37.6377,-122.434,37.7333,8.44703,13.5913,6.66832,10.7293,1.26674,16.8558,16.8733,2,"LINESTRING(-122.416384 37.637720,-122.416484 37.637620,-122.444354 37.664337,-122.466267 37.684542,-122.469094 37.706204,-122.447610 37.721658,-122.433657 37.733169,-122.433557 37.733269)"
42_29_transit,transit,42,29,-122.416,37.6377,-122.402,37.7892,12.8761,20.7176,10.4982,16.8917,1.2265,26.8607,26.8881,38,"LINESTRING(-122.416384 37.637720,-122.416484 37.637620,-122.444354 37.664337,-122.466267 37.684542,-122.469094 37.706204,-122.447610 37.721658,-122.433657 37.733169,-122.418618 37.752322,-122.419855 37.765076,-122.413979 37.779350,-122.407487 37.784545,-122.401742 37.789113,-122.401642 37.789213)"
42_37_transit,transit,42,37,-122.416,37.6377,-122.299,37.9026,27.8321,44.7819,19.3961,31.2084,1.43493,56.8694,57.2484,1,"LINESTRING(-122.416384 37.637720,-122.416484 37.637620,-122.444354 37.664337,-122.466267 37.684542,-122.469094 37.706204,-122.447610 37.721658,-122.433657 37.733169,-122.418618 37.752322,-122.419855 37.765076,-122.413979 37.779350,-122.407487 37.784545,-122.401742 37.789113,-122.397180 37.792689,-122.295244 37.804823,-122.271689 37.803371,-122.268822 37.807960,-122.267263 37.828714,-122.269850 37.852969,-122.268178 37.870017,-122.283608 37.873932,-122.298995 37.902533,-122.298895 37.902633)"
42_38_transit,transit,42,38,-122.416,37.6377,-122.407,37.7846,12.431,20.0015,10.1636,16.3532,1.2231,24.8597,24.8868,18,"LINESTRING(-122.416384 37.637720,-122.416484 37.637620,-122.444354 37.664337,-122.466267 37.684542,-122.469094 37.706204,-122.447610 37.721658,-122.433657 37.733169,-122.418618 37.752322,-122.419855 37.765076,-122.413979 37.779350,-122.407487 37.784545,-122.407387 37.784645)"
42_43_transit,transit,42,43,-122.416,37.6377,-122.392,37.616,2.02883,3.26439,2.01079,3.23537,1.00897,5.85207,5.85209,5,"LINESTRING(-122.416384 37.637720,-122.416484 37.637620,-122.391995 37.615923,-122.391895 37.616023)"
42_50_transit,transit,42,50,-122.416,37.6377,-122.295,37.8049,18.8563,30.3397,13.3181,21.4288,1.41584,35.8627,35.8902,1,"LINESTRING(-122.416384 37.637720,-122.416484 37.637620,-122.444354 37.664337,-122.466267 37.684542,-122.469094 37.706204,-122.447610 37.721658,-122.433657 37.733169,-122.418618 37.752322,-122.419855 37.765076,-122.413979 37.779350,-122.407487 37.784545,-122.401742 37.789113,-122.397180 37.792689,-122.295244 37.804823,-122.295144 37.804923)"
43_1_transit,transit,43,1,-122.392,37.616,-122.272,37.8035,22.1575,35.6515,14.5254,23.3714,1.52543,42.8647,42.8943,1,"LINESTRING(-122.391895 37.616023,-122.391995 37.615923,-122.416484 37.637620,-122.444354 37.664337,-122.466267 37.684542,-122.469094 37.706204,-122.447610 37.721658,-122.433657 37.733169,-122.418618 37.752322,-122.419855 37.765076,-122.413979 37.779350,-122.407487 37.784545,-122.401742 37.789113,-122.397180 37.792689,-122.295244 37.804823,-122.271689 37.803371,-122.271589 37.803471)"
43_3_transit,transit,43,3,-122.392,37.616,-122.269,37.8081,22.5112,36.2205,14.879,23.9403,1.51295,44.8657,44.8934,2,"LINESTRING(-122.391895 37.616023,-122.391995 37.615923,-122.416484 37.637620,-122.444354 37.664337,-122.466267 37.684542,-122.469094 37.706204,-122.447610 37.721658,-122.433657 37.733169,-122.418618 37.752322,-122.419855 37.765076,-122.413979 37.779350,-122.407487 37.784545,-122.401742 37.789113,-122.397180 37.792689,-122.295244 37.804823,-122.271689 37.803371,-122.268822 37.807960,-122.268722 37.808060)"
43_4_transit,transit,43,4,-122.392,37.616,-122.419,37.7524,12.0163,19.3342,9.53614,15.3436,1.26008,22.8578,22.8782,4,"LINESTRING(-122.391895 37.616023,-122.391995 37.615923,-122.416484 37.637620,-122.444354 37.664337,-122.466267 37.684542,-122.469094 37.706204,-122.447610 37.721658,-122.433657 37.733169,-122.418618 37.752322,-122.418518 37.752422)"
43_7_transit,transit,43,7,-122.392,37.616,-122.448,37.7218,9.3562,15.0541,7.91357,12.7329,1.1823,17.8559,17.8574,4,"LINESTRING(-122.391895 37.616023,-122.391995 37.615923,-122.416484 37.637620,-122.444354 37.664337,-122.466267 37.684542,-122.469094 37.706204,-122.447610 37.721658,-122.447510 37.721758)"
43_11_transit,transit,43,11,-122.392,37.616,-122.414,37.7794,13.9376,22.4256,11.3556,18.2712,1.22737,27.8598,27.8863,6,"LINESTRING(-122.391895 37.616023,-122.391995 37.615923,-122.416484 37.637620,-122.444354 37.664337,-122.466267 37.684542,-122.469094 37.706204,-122.447610 37.721658,-122.433657 37.733169,-122.418618 37.752322,-122.419855 37.765076,-122.413979 37.779350,-122.413879 37.779450)"
43_12_transit,transit,43,12,-122.392,37.616,-122.466,37.6846,6.26373,10.0783,6.24398,10.0466,1.00316,10.854,10.854,3,"LINESTRING(-122.391895 37.616023,-122.391995 37.615923,-122.416484 37.637620,-122.444354 37.664337,-122.466267 37.684542,-122.466167 37.684642)"
43_14_transit,transit,43,14,-122.392,37.616,-122.029,37.9738,41.4737,66.7312,31.675,50.965,1.30935,73.8723,73.902,3,"LINESTRING(-122.391895 37.616023,-122.391995 37.615923,-122.416484 37.637620,-122.444354 37.664337,-122.466267 37.684542,-122.469094 37.706204,-122.447610 37.721658,-122.433657 37.733169,-122.418618 37.752322,-122.419855 37.765076,-122.413979 37.779350,-122.407487 37.784545,-122.401742 37.789113,-122.397180 37.792689,-122.295244 37.804823,-122.271689 37.803371,-122.268822 37.807960,-122.267263 37.828714,-122.251371 37.844695,-122.183817 37.878403,-122.124744 37.893120,-122.067479 37.905712,-122.056115 37.928363,-122.029226 37.973673,-122.029126 37.973773)"
43_15_transit,transit,43,15,-122.392,37.616,-122.469,37.7063,7.76871,12.4999,7.52963,12.1152,1.03175,13.8549,13.8555,8,"LINESTRING(-122.391895 37.616023,-122.391995 37.615923,-122.416484 37.637620,-122.444354 37.664337,-122.466267 37.684542,-122.469094 37.706204,-122.468994 37.706304)"
43_17_transit,transit,43,17,-122.392,37.616,-122.317,37.9252,31.6855,50.982,21.7521,34.9991,1.45666,62.8714,63.2508,3,"LINESTRING(-122.391895 37.616023,-122.391995 37.615923,-122.416484 37.637620,-122.444354 37.664337,-122.466267 37.684542,-122.469094 37.706204,-122.447610 37.721658,-122.433657 37.733169,-122.418618 37.752322,-122.419855 37.765076,-122.413979 37.779350,-122.407487 37.784545,-122.401742 37.789113,-122.397180 37.792689,-122.295244 37.804823,-122.271689 37.803371,-122.268822 37.807960,-122.267263 37.828714,-122.269850 37.852969,-122.268178 37.870017,-122.283608 37.873932,-122.298995 37.902533,-122.316968 37.925105,-122.316868 37.925205)"
43_19_transit,transit,43,19,-122.392,37.616,-122.397,37.7928,15.2382,24.5183,12.2168,19.6568,1.24732,31.8627,31.8908,7,"LINESTRING(-122.391895 37.616023,-122.391995 37.615923,-122.416484 37.637620,-122.444354 37.664337,-122.466267 37.684542,-122.469094 37.706204,-122.447610 37.721658,-122.433657 37.733169,-122.418618 37.752322,-122.419855 37.765076,-122.413979 37.779350,-122.407487 37.784545,-122.401742 37.789113,-122.397180 37.792689,-122.397080 37.792789)"
43_22_transit,transit,43,22,-122.392,37.616,-122.434,37.7333,10.4582,16.8273,8.41531,13.5402,1.24276,19.8569,19.8603,2,"LINESTRING(-122.391895 37.616023,-122.391995 37.615923,-122.416484 37.637620,-122.444354 37.664337,-122.466267 37.684542,-122.469094 37.706204,-122.447610 37.721658,-122.433657 37.733169,-122.433557 37.733269)"
43_27_transit,transit,43,27,-122.392,37.616,-122.387,37.6002,1.14567,1.84339,1.12781,1.81465,1.01584,4.85215,4.8524,4,"LINESTRING(-122.391895 37.616023,-122.391995 37.615923,-122.386940 37.600099,-122.386840 37.600199)"
43_29_transit,transit,43,29,-122.392,37.616,-122.402,37.7892,14.8873,23.9537,11.9783,19.273,1.24286,30.8617,30.8892,3,"LINESTRING(-122.391895 37.616023,-122.391995 37.615923,-122.416484 37.637620,-122.444354 37.664337,-122.466267 37.684542,-122.469094 37.706204,-122.447610 37.721658,-122.433657 37.733169,-122.418618 37.752322,-122.419855 37.765076,-122.413979 37.779350,-122.407487 37.784545,-122.401742 37.789113,-122.401642 37.789213)"
43_33_transit,transit,43,33,-122.392,37.616,-122.184,37.8785,29.7125,47.8075,21.4071,34.4441,1.38797,56.8685,56.8962,1,"LINESTRING(-122.391895 37.616023,-122.391995 37.615923,-122.416484 37.637620,-122.444354 37.664337,-122.466267 37.684542,-122.469094 37.706204,-122.447610 37.721658,-122.433657 37.733169,-122.418618 37.752322,-122.419855 37.765076,-122.413979 37.779350,-122.407487 37.784545,-122.401742 37.789113,-122.397180 37.792689,-122.295244 37.804823,-122.271689 37.803371,-122.268822 37.807960,-122.267263 37.828714,-122.251371 37.844695,-122.183817 37.878403,-122.183717 37.878503)"
43_38_transit,transit,43,38,-122.392,37.616,-122.407,37.7846,14.4422,23.2375,11.6815,18.7956,1.23633,28.8607,28.8878,4,"LINESTRING(-122.391895 37.616023,-122.391995 37.615923,-122.416484 37.637620,-122.444354 37.664337,-122.466267 37.684542,-122.469094 37.706204,-122.447610 37.721658,-122.433657 37.733169,-122.418618 37.752322,-122.419855 37.765076,-122.413979 37.779350,-122.407487 37.784545,-122.407387 37.784645)"
43_39_transit,transit,43,39,-122.392,37.616,-122.353,37.9368,33.8119,54.4033,22.265,35.8244,1.51861,67.8724,68.2518,3,"LINESTRING(-122.391895 37.616023,-122.391995 37.615923,-122.416484 37.637620,-122.444354 37.664337,-122.466267 37.684542,-122.469094 37.706204,-122.447610 37.721658,-122.433657 37.733169,-122.418618 37.752322,-122.419855 37.765076,-122.413979 37.779350,-122.407487 37.784545,-122.401742 37.789113,-122.397180 37.792689,-122.295244 37.804823,-122.271689 37.803371,-122.268822 37.807960,-122.267263 37.828714,-122.269850 37.852969,-122.268178 37.870017,-122.283608 37.873932,-122.298995 37.902533,-122.316968 37.925105,-122.353104 37.936695,-122.353004 37.936795)"
43_42_transit,transit,43,42,-122.392,37.616,-122.416,37.6377,2.02883,3.26439,2.01079,3.23537,1.00897,3.85207,3.85207,3,"LINESTRING(-122.391895 37.616023,-122.391995 37.615923,-122.416484 37.637620,-122.416384 37.637720)"
43_45_transit,transit,43,45,-122.392,37.616,-122.444,37.6644,4.42351,7.11743,4.40414,7.08626,1.0044,6.85301,6.85302,1,"LINESTRING(-122.391895 37.616023,-122.391995 37.615923,-122.416484 37.637620,-122.444354 37.664337,-122.444254 37.664437)"
43_50_transit,transit,43,50,-122.392,37.616,-122.295,37.8049,20.8675,33.5757,14.0826,22.6589,1.48179,38.8637,38.8929,1,"LINESTRING(-122.391895 37.616023,-122.391995 37.615923,-122.416484 37.637620,-122.444354 37.664337,-122.466267 37.684542,-122.469094 37.706204,-122.447610 37.721658,-122.433657 37.733169,-122.418618 37.752322,-122.419855 37.765076,-122.413979 37.779350,-122.407487 37.784545,-122.401742 37.789113,-122.397180 37.792689,-122.295244 37.804823,-122.295144 37.804923)"
44_1_transit,transit,44,1,-122.057,37.6344,-122.272,37.8035,16.6873,26.8499,16.5492,26.6276,1.00835,26.8577,26.8632,14,"LINESTRING(-122.057158 37.634363,-122.057258 37.634263,-122.087041 37.669631,-122.126531 37.696838,-122.160813 37.721706,-122.196798 37.753504,-122.224167 37.774773,-122.265332 37.797257,-122.271689 37.803371,-122.271589 37.803471)"
44_2_transit,transit,44,2,-122.057,37.6344,-122.42,37.7652,25.8227,41.5487,21.7862,35.0539,1.18528,43.8627,47.0816,7,"LINESTRING(-122.057158 37.634363,-122.057258 37.634263,-122.087041 37.669631,-122.126531 37.696838,-122.160813 37.721706,-122.196798 37.753504,-122.224167 37.774773,-122.265332 37.797257,-122.295244 37.804823,-122.397180 37.792689,-122.401742 37.789113,-122.407487 37.784545,-122.413979 37.779350,-122.419855 37.765076,-122.419755 37.765176)"
44_3_transit,transit,44,3,-122.057,37.6344,-122.269,37.8081,17.041,27.419,16.6652,26.8143,1.02255,27.8587,27.8643,14,"LINESTRING(-122.057158 37.634363,-122.057258 37.634263,-122.087041 37.669631,-122.126531 37.696838,-122.160813 37.721706,-122.196798 37.753504,-122.224167 37.774773,-122.265332 37.797257,-122.271689 37.803371,-122.268822 37.807960,-122.268722 37.808060)"
44_4_transit,transit,44,4,-122.057,37.6344,-122.419,37.7524,26.7067,42.9711,21.3746,34.3917,1.24946,45.8638,49.0828,4,"LINESTRING(-122.057158 37.634363,-122.057258 37.634263,-122.087041 37.669631,-122.126531 37.696838,-122.160813 37.721706,-122.196798 37.753504,-122.224167 37.774773,-122.265332 37.797257,-122.295244 37.804823,-122.397180 37.792689,-122.401742 37.789113,-122.407487 37.784545,-122.413979 37.779350,-122.419855 37.765076,-122.418618 37.752322,-122.418518 37.752422)"
44_6_transit,transit,44,6,-122.057,37.6344,-122.27,37.8531,20.1599,32.4373,19.0595,30.6668,1.05773,35.8606,35.8664,1,"LINESTRING(-122.057158 37.634363,-122.057258 37.634263,-122.087041 37.669631,-122.126531 37.696838,-122.160813 37.721706,-122.196798 37.753504,-122.224167 37.774773,-122.265332 37.797257,-122.271689 37.803371,-122.268822 37.807960,-122.267263 37.828714,-122.269850 37.852969,-122.269750 37.853069)"
44_7_transit,transit,44,7,-122.057,37.6344,-122.448,37.7218,29.3668,47.2511,22.184,35.6941,1.32378,50.8658,54.0849,1,"LINESTRING(-122.057158 37.634363,-122.057258 37.634263,-122.087041 37.669631,-122.126531 37.696838,-122.160813 37.721706,-122.196798 37.753504,-122.224167 37.774773,-122.265332 37.797257,-122.295244 37.804823,-122.397180 37.792689,-122.401742 37.789113,-122.407487 37.784545,-122.413979 37.779350,-122.419855 37.765076,-122.418618 37.752322,-122.433657 37.733169,-122.447610 37.721658,-122.447510 37.721758)"
44_8_transit,transit,44,8,-122.057,37.6344,-122.126,37.6969,5.81883,9.3625,5.74878,9.24978,1.01219,8.8529,8.85321,8,"LINESTRING(-122.057158 37.634363,-122.057258 37.634263,-122.087041 37.669631,-122.126531 37.696838,-122.126431 37.696938)"
44_9_transit,transit,44,9,-122.057,37.6344,-121.875,37.3685,21.1805,34.0793,20.9171,33.6556,1.01259,29.8566,29.8617,10,"LINESTRING(-122.057158 37.634363,-122.057258 37.634263,-122.017330 37.590665,-121.976705 37.557413,-121.939458 37.502207,-121.890903 37.409736,-121.874761 37.368395,-121.874661 37.368495)"
44_11_transit,transit,44,11,-122.057,37.6344,-122.414,37.7794,24.7853,39.8796,21.9256,35.2783,1.13043,41.8617,45.0797,18,"LINESTRING(-122.057158 37.634363,-122.057258 37.634263,-122.087041 37.669631,-122.126531 37.696838,-122.160813 37.721706,-122.196798 37.753504,-122.224167 37.774773,-122.265332 37.797257,-122.295244 37.804823,-122.397180 37.792689,-122.401742 37.789113,-122.407487 37.784545,-122.413979 37.779350,-122.413879 37.779450)"
44_13_transit,transit,44,13,-122.057,37.6344,-122.197,37.7536,11.3108,18.1991,11.2286,18.0669,1.00732,15.8548,15.857,4,"LINESTRING(-122.057158 37.634363,-122.057258 37.634263,-122.087041 37.669631,-122.126531 37.696838,-122.160813 37.721706,-122.196798 37.753504,-122.196698 37.753604)"
44_15_transit,transit,44,15,-122.057,37.6344,-122.469,37.7063,30.9542,49.8054,23.0656,37.1125,1.34201,54.8669,58.0859,5,"LINESTRING(-122.057158 37.634363,-122.057258 37.634263,-122.087041 37.669631,-122.126531 37.696838,-122.160813 37.721706,-122.196798 37.753504,-122.224167 37.774773,-122.265332 37.797257,-122.295244 37.804823,-122.397180 37.792689,-122.401742 37.789113,-122.407487 37.784545,-122.413979 37.779350,-122.419855 37.765076,-122.418618 37.752322,-122.433657 37.733169,-122.447610 37.721658,-122.469094 37.706204,-122.468994 37.706304)"
44_16_transit,transit,44,16,-122.057,37.6344,-122.268,37.8701,21.3416,34.3387,19.9527,32.1038,1.06961,37.8615,37.8674,3,"LINESTRING(-122.057158 37.634363,-122.057258 37.634263,-122.087041 37.669631,-122.126531 37.696838,-122.160813 37.721706,-122.196798 37.753504,-122.224167 37.774773,-122.265332 37.797257,-122.271689 37.803371,-122.268822 37.807960,-122.267263 37.828714,-122.269850 37.852969,-122.268178 37.870017,-122.268078 37.870117)"
44_19_transit,transit,44,19,-122.057,37.6344,-122.397,37.7928,23.4847,37.7869,21.5645,34.6973,1.08905,36.8587,39.9792,34,"LINESTRING(-122.057158 37.634363,-122.057258 37.634263,-122.087041 37.669631,-122.126531 37.696838,-122.160813 37.721706,-122.196798 37.753504,-122.224167 37.774773,-122.265332 37.797257,-122.295244 37.804823,-122.397180 37.792689,-122.397080 37.792789)"
44_20_transit,transit,44,20,-122.057,37.6344,-121.977,37.5575,6.93873,11.1644,6.90233,11.1059,1.00527,10.8532,10.8575,12,"LINESTRING(-122.057158 37.634363,-122.057258 37.634263,-122.017330 37.590665,-121.976705 37.557413,-121.976605 37.557513)"
44_21_transit,transit,44,21,-122.057,37.6344,-122.224,37.7749,13.4075,21.5727,13.323,21.4368,1.00634,19.8557,19.8592,4,"LINESTRING(-122.057158 37.634363,-122.057258 37.634263,-122.087041 37.669631,-122.126531 37.696838,-122.160813 37.721706,-122.196798 37.753504,-122.224167 37.774773,-122.224067 37.774873)"
44_23_transit,transit,44,23,-122.057,37.6344,-122.087,37.6697,2.95527,4.75503,2.93705,4.72571,1.00621,4.85196,4.85197,3,"LINESTRING(-122.057158 37.634363,-122.057258 37.634263,-122.087041 37.669631,-122.086941 37.669731)"
44_25_transit,transit,44,25,-122.057,37.6344,-122.265,37.7974,16.1405,25.97,16.0053,25.7525,1.00845,23.8567,23.8615,10,"LINESTRING(-122.057158 37.634363,-122.057258 37.634263,-122.087041 37.669631,-122.126531 37.696838,-122.160813 37.721706,-122.196798 37.753504,-122.224167 37.774773,-122.265332 37.797257,-122.265232 37.797357)"
44_26_transit,transit,44,26,-122.057,37.6344,-122.267,37.8288,18.4778,29.7307,17.6693,28.4299,1.04575,31.8596,31.8654,5,"LINESTRING(-122.057158 37.634363,-122.057258 37.634263,-122.087041 37.669631,-122.126531 37.696838,-122.160813 37.721706,-122.196798 37.753504,-122.224167 37.774773,-122.265332 37.797257,-122.271689 37.803371,-122.268822 37.807960,-122.267263 37.828714,-122.267163 37.828814)"
44_28_transit,transit,44,28,-122.057,37.6344,-121.891,37.4098,18.1891,29.2663,17.9937,28.9519,1.01086,25.8555,25.8601,8,"LINESTRING(-122.057158 37.634363,-122.057258 37.634263,-122.017330 37.590665,-121.976705 37.557413,-121.939458 37.502207,-121.890903 37.409736,-121.890803 37.409836)"
44_29_transit,transit,44,29,-122.057,37.6344,-122.402,37.7892,23.8356,38.3516,21.657,34.8461,1.1006,37.8597,41.0508,33,"LINESTRING(-122.057158 37.634363,-122.057258 37.634263,-122.087041 37.669631,-122.126531 37.696838,-122.160813 37.721706,-122.196798 37.753504,-122.224167 37.774773,-122.265332 37.797257,-122.295244 37.804823,-122.397180 37.792689,-122.401742 37.789113,-122.401642 37.789213)"
44_30_transit,transit,44,30,-122.057,37.6344,-122.284,37.874,22.2258,35.7613,20.6669,33.2531,1.07543,39.8625,39.8684,1,"LINESTRING(-122.057158 37.634363,-122.057258 37.634263,-122.087041 37.669631,-122.126531 37.696838,-122.160813 37.721706,-122.196798 37.753504,-122.224167 37.774773,-122.265332 37.797257,-122.271689 37.803371,-122.268822 37.807960,-122.267263 37.828714,-122.269850 37.852969,-122.268178 37.870017,-122.283608 37.873932,-122.283508 37.874032)"
44_38_transit,transit,44,38,-122.057,37.6344,-122.407,37.7846,24.2807,39.0677,21.7788,35.0421,1.11488,39.8607,43.0743,16,"LINESTRING(-122.057158 37.634363,-122.057258 37.634263,-122.087041 37.669631,-122.126531 37.696838,-122.160813 37.721706,-122.196798 37.753504,-122.224167 37.774773,-122.265332 37.797257,-122.295244 37.804823,-122.397180 37.792689,-122.401742 37.789113,-122.407487 37.784545,-122.407387 37.784645)"
44_41_transit,transit,44,41,-122.057,37.6344,-122.161,37.7218,8.36177,13.4541,8.28081,13.3238,1.00978,11.8538,11.8547,9,"LINESTRING(-122.057158 37.634363,-122.057258 37.634263,-122.087041 37.669631,-122.126531 37.696838,-122.160813 37.721706,-122.160713 37.721806)"
44_46_transit,transit,44,46,-122.057,37.6344,-122.017,37.5908,3.73998,6.01763,3.7216,5.98805,1.00494,5.85213,5.85537,12,"LINESTRING(-122.057158 37.634363,-122.057258 37.634263,-122.017330 37.590665,-122.017230 37.590765)"
44_47_transit,transit,44,47,-122.057,37.6344,-121.939,37.5023,11.2657,18.1265,11.1747,17.9801,1.00815,16.8543,16.8588,13,"LINESTRING(-122.057158 37.634363,-122.057258 37.634263,-122.017330 37.590665,-121.976705 37.557413,-121.939458 37.502207,-121.939358 37.502307)"
45_1_transit,transit,45,1,-122.444,37.6644,-122.272,37.8035,17.7517,28.5624,13.4649,21.6651,1.31836,36.8626,36.8902,3,"LINESTRING(-122.444254 37.664437,-122.444354 37.664337,-122.466267 37.684542,-122.469094 37.706204,-122.447610 37.721658,-122.433657 37.733169,-122.418618 37.752322,-122.419855 37.765076,-122.413979 37.779350,-122.407487 37.784545,-122.401742 37.789113,-122.397180 37.792689,-122.295244 37.804823,-122.271689 37.803371,-122.271589 37.803471)"
45_2_transit,transit,45,2,-122.444,37.6644,-122.42,37.7652,8.49437,13.6674,7.08811,11.4048,1.1984,17.8567,17.8798,6,"LINESTRING(-122.444254 37.664437,-122.444354 37.664337,-122.466267 37.684542,-122.469094 37.706204,-122.447610 37.721658,-122.433657 37.733169,-122.418618 37.752322,-122.419855 37.765076,-122.419755 37.765176)"
45_3_transit,transit,45,3,-122.444,37.6644,-122.269,37.8081,18.1053,29.1315,13.8011,22.206,1.31187,37.8636,37.8912,3,"LINESTRING(-122.444254 37.664437,-122.444354 37.664337,-122.466267 37.684542,-122.469094 37.706204,-122.447610 37.721658,-122.433657 37.733169,-122.418618 37.752322,-122.419855 37.765076,-122.413979 37.779350,-122.407487 37.784545,-122.401742 37.789113,-122.397180 37.792689,-122.295244 37.804823,-122.271689 37.803371,-122.268822 37.807960,-122.268722 37.808060)"
45_4_transit,transit,45,4,-122.444,37.6644,-122.419,37.7524,7.61038,12.2451,6.23989,10.04,1.21963,15.8557,15.8761,7,"LINESTRING(-122.444254 37.664437,-122.444354 37.664337,-122.466267 37.684542,-122.469094 37.706204,-122.447610 37.721658,-122.433657 37.733169,-122.418618 37.752322,-122.418518 37.752422)"
45_6_transit,transit,45,6,-122.444,37.6644,-122.27,37.8531,21.2243,34.1499,16.1473,25.981,1.31442,45.8655,46.2435,1,"LINESTRING(-122.444254 37.664437,-122.444354 37.664337,-122.466267 37.684542,-122.469094 37.706204,-122.447610 37.721658,-122.433657 37.733169,-122.418618 37.752322,-122.419855 37.765076,-122.413979 37.779350,-122.407487 37.784545,-122.401742 37.789113,-122.397180 37.792689,-122.295244 37.804823,-122.271689 37.803371,-122.268822 37.807960,-122.267263 37.828714,-122.269850 37.852969,-122.269750 37.853069)"
45_7_transit,transit,45,7,-122.444,37.6644,-122.448,37.7218,4.95032,7.96506,3.96454,6.37895,1.24865,10.8538,10.8669,3,"LINESTRING(-122.444254 37.664437,-122.444354 37.664337,-122.466267 37.684542,-122.469094 37.706204,-122.447610 37.721658,-122.447510 37.721758)"
45_11_transit,transit,45,11,-122.444,37.6644,-122.414,37.7794,9.53173,15.3365,8.11826,13.0623,1.17411,20.8577,20.8841,50,"LINESTRING(-122.444254 37.664437,-122.444354 37.664337,-122.466267 37.684542,-122.469094 37.706204,-122.447610 37.721658,-122.433657 37.733169,-122.418618 37.752322,-122.419855 37.765076,-122.413979 37.779350,-122.413879 37.779450)"
45_12_transit,transit,45,12,-122.444,37.6644,-122.466,37.6846,1.85785,2.98928,1.83985,2.96031,1.00978,3.85186,3.85404,3,"LINESTRING(-122.444254 37.664437,-122.444354 37.664337,-122.466267 37.684542,-122.466167 37.684642)"
45_14_transit,transit,45,14,-122.444,37.6644,-122.029,37.9738,37.0678,59.6421,31.1481,50.1172,1.19005,67.8702,67.8978,1,"LINESTRING(-122.444254 37.664437,-122.444354 37.664337,-122.466267 37.684542,-122.469094 37.706204,-122.447610 37.721658,-122.433657 37.733169,-122.418618 37.752322,-122.419855 37.765076,-122.413979 37.779350,-122.407487 37.784545,-122.401742 37.789113,-122.397180 37.792689,-122.295244 37.804823,-122.271689 37.803371,-122.268822 37.807960,-122.267263 37.828714,-122.251371 37.844695,-122.183817 37.878403,-122.124744 37.893120,-122.067479 37.905712,-122.056115 37.928363,-122.029226 37.973673,-122.029126 37.973773)"
45_15_transit,transit,45,15,-122.444,37.6644,-122.469,37.7063,3.36283,5.41079,3.19344,5.13825,1.05304,6.85281,6.85968,11,"LINESTRING(-122.444254 37.664437,-122.444354 37.664337,-122.466267 37.684542,-122.469094 37.706204,-122.468994 37.706304)"
45_16_transit,transit,45,16,-122.444,37.6644,-122.268,37.8701,22.406,36.0512,17.1626,27.6146,1.30551,47.8665,48.245,2,"LINESTRING(-122.444254 37.664437,-122.444354 37.664337,-122.466267 37.684542,-122.469094 37.706204,-122.447610 37.721658,-122.433657 37.733169,-122.418618 37.752322,-122.419855 37.765076,-122.413979 37.779350,-122.407487 37.784545,-122.401742 37.789113,-122.397180 37.792689,-122.295244 37.804823,-122.271689 37.803371,-122.268822 37.807960,-122.267263 37.828714,-122.269850 37.852969,-122.268178 37.870017,-122.268078 37.870117)"
45_17_transit,transit,45,17,-122.444,37.6644,-122.317,37.9252,27.2796,43.8929,19.3133,31.0752,1.41248,55.8693,56.248,1,"LINESTRING(-122.444254 37.664437,-122.444354 37.664337,-122.466267 37.684542,-122.469094 37.706204,-122.447610 37.721658,-122.433657 37.733169,-122.418618 37.752322,-122.419855 37.765076,-122.413979 37.779350,-122.407487 37.784545,-122.401742 37.789113,-122.397180 37.792689,-122.295244 37.804823,-122.271689 37.803371,-122.268822 37.807960,-122.267263 37.828714,-122.269850 37.852969,-122.268178 37.870017,-122.283608 37.873932,-122.298995 37.902533,-122.316968 37.925105,-122.316868 37.925205)"
45_19_transit,transit,45,19,-122.444,37.6644,-122.397,37.7928,10.8323,17.4292,9.23546,14.8599,1.17291,25.8606,25.888,24,"LINESTRING(-122.444254 37.664437,-122.444354 37.664337,-122.466267 37.684542,-122.469094 37.706204,-122.447610 37.721658,-122.433657 37.733169,-122.418618 37.752322,-122.419855 37.765076,-122.413979 37.779350,-122.407487 37.784545,-122.401742 37.789113,-122.397180 37.792689,-122.397080 37.792789)"
45_22_transit,transit,45,22,-122.444,37.6644,-122.434,37.7333,6.05235,9.73824,4.7917,7.70985,1.26309,13.8548,13.8722,2,"LINESTRING(-122.444254 37.664437,-122.444354 37.664337,-122.466267 37.684542,-122.469094 37.706204,-122.447610 37.721658,-122.433657 37.733169,-122.433557 37.733269)"
45_26_transit,transit,45,26,-122.444,37.6644,-122.267,37.8288,19.5421,31.4433,14.9199,24.0061,1.3098,41.8645,41.8922,3,"LINESTRING(-122.444254 37.664437,-122.444354 37.664337,-122.466267 37.684542,-122.469094 37.706204,-122.447610 37.721658,-122.433657 37.733169,-122.418618 37.752322,-122.419855 37.765076,-122.413979 37.779350,-122.407487 37.784545,-122.401742 37.789113,-122.397180 37.792689,-122.295244 37.804823,-122.271689 37.803371,-122.268822 37.807960,-122.267263 37.828714,-122.267163 37.828814)"
45_27_transit,transit,45,27,-122.444,37.6644,-122.387,37.6002,5.55155,8.93245,5.43781,8.74944,1.02092,12.854,12.8554,2,"LINESTRING(-122.444254 37.664437,-122.444354 37.664337,-122.416484 37.637620,-122.391995 37.615923,-122.386940 37.600099,-122.386840 37.600199)"
45_29_transit,transit,45,29,-122.444,37.6644,-122.402,37.7892,10.4814,16.8646,8.93025,14.3688,1.1737,23.8596,23.887,47,"LINESTRING(-122.444254 37.664437,-122.444354 37.664337,-122.466267 37.684542,-122.469094 37.706204,-122.447610 37.721658,-122.433657 37.733169,-122.418618 37.752322,-122.419855 37.765076,-122.413979 37.779350,-122.407487 37.784545,-122.401742 37.789113,-122.401642 37.789213)"
45_35_transit,transit,45,35,-122.444,37.6644,-122.056,37.9285,33.6107,54.0795,27.9661,44.9974,1.20184,61.8693,61.8969,1,"LINESTRING(-122.444254 37.664437,-122.444354 37.664337,-122.466267 37.684542,-122.469094 37.706204,-122.447610 37.721658,-122.433657 37.733169,-122.418618 37.752322,-122.419855 37.765076,-122.413979 37.779350,-122.407487 37.784545,-122.401742 37.789113,-122.397180 37.792689,-122.295244 37.804823,-122.271689 37.803371,-122.268822 37.807960,-122.267263 37.828714,-122.251371 37.844695,-122.183817 37.878403,-122.124744 37.893120,-122.067479 37.905712,-122.056115 37.928363,-122.056015 37.928463)"
45_38_transit,transit,45,38,-122.444,37.6644,-122.407,37.7846,10.0363,16.1485,8.54655,13.7514,1.17431,21.8586,21.8856,33,"LINESTRING(-122.444254 37.664437,-122.444354 37.664337,-122.466267 37.684542,-122.469094 37.706204,-122.447610 37.721658,-122.433657 37.733169,-122.418618 37.752322,-122.419855 37.765076,-122.413979 37.779350,-122.407487 37.784545,-122.407387 37.784645)"
45_42_transit,transit,45,42,-122.444,37.6644,-122.416,37.6377,2.41231,3.8814,2.39419,3.85225,1.00757,3.85196,3.85199,2,"LINESTRING(-122.444254 37.664437,-122.444354 37.664337,-122.416484 37.637620,-122.416384 37.637720)"
45_43_transit,transit,45,43,-122.444,37.6644,-122.392,37.616,4.42351,7.11743,4.40414,7.08626,1.0044,8.85301,8.85305,4,"LINESTRING(-122.444254 37.664437,-122.444354 37.664337,-122.416484 37.637620,-122.391995 37.615923,-122.391895 37.616023)"
45_48_transit,transit,45,48,-122.444,37.6644,-122.067,37.9058,31.9271,51.3708,26.4889,42.6206,1.2053,59.8684,59.896,1,"LINESTRING(-122.444254 37.664437,-122.444354 37.664337,-122.466267 37.684542,-122.469094 37.706204,-122.447610 37.721658,-122.433657 37.733169,-122.418618 37.752322,-122.419855 37.765076,-122.413979 37.779350,-122.407487 37.784545,-122.401742 37.789113,-122.397180 37.792689,-122.295244 37.804823,-122.271689 37.803371,-122.268822 37.807960,-122.267263 37.828714,-122.251371 37.844695,-122.183817 37.878403,-122.124744 37.893120,-122.067479 37.905712,-122.067379 37.905812)"
46_1_transit,transit,46,1,-122.017,37.5908,-122.272,37.8035,20.4097,32.8392,20.2329,32.5548,1.00874,31.8588,31.8689,16,"LINESTRING(-122.017230 37.590765,-122.017330 37.590665,-122.057258 37.634263,-122.087041 37.669631,-122.126531 37.696838,-122.160813 37.721706,-122.196798 37.753504,-122.224167 37.774773,-122.265332 37.797257,-122.271689 37.803371,-122.271589 37.803471)"
46_2_transit,transit,46,2,-122.017,37.5908,-122.42,37.7652,29.5451,47.538,25.0949,40.3777,1.17733,48.8638,52.1568,10,"LINESTRING(-122.017230 37.590765,-122.017330 37.590665,-122.057258 37.634263,-122.087041 37.669631,-122.126531 37.696838,-122.160813 37.721706,-122.196798 37.753504,-122.224167 37.774773,-122.265332 37.797257,-122.295244 37.804823,-122.397180 37.792689,-122.401742 37.789113,-122.407487 37.784545,-122.413979 37.779350,-122.419855 37.765076,-122.419755 37.765176)"
46_3_transit,transit,46,3,-122.017,37.5908,-122.269,37.8081,20.7633,33.4082,20.3579,32.7559,1.01991,32.8598,32.87,14,"LINESTRING(-122.017230 37.590765,-122.017330 37.590665,-122.057258 37.634263,-122.087041 37.669631,-122.126531 37.696838,-122.160813 37.721706,-122.196798 37.753504,-122.224167 37.774773,-122.265332 37.797257,-122.271689 37.803371,-122.268822 37.807960,-122.268722 37.808060)"
46_4_transit,transit,46,4,-122.017,37.5908,-122.419,37.7524,30.429,48.9603,24.6252,39.6219,1.23569,50.8649,54.1579,1,"LINESTRING(-122.017230 37.590765,-122.017330 37.590665,-122.057258 37.634263,-122.087041 37.669631,-122.126531 37.696838,-122.160813 37.721706,-122.196798 37.753504,-122.224167 37.774773,-122.265332 37.797257,-122.295244 37.804823,-122.397180 37.792689,-122.401742 37.789113,-122.407487 37.784545,-122.413979 37.779350,-122.419855 37.765076,-122.418618 37.752322,-122.418518 37.752422)"
46_6_transit,transit,46,6,-122.017,37.5908,-122.27,37.8531,23.8823,38.4266,22.7801,36.6531,1.04839,40.8617,40.8721,1,"LINESTRING(-122.017230 37.590765,-122.017330 37.590665,-122.057258 37.634263,-122.087041 37.669631,-122.126531 37.696838,-122.160813 37.721706,-122.196798 37.753504,-122.224167 37.774773,-122.265332 37.797257,-122.271689 37.803371,-122.268822 37.807960,-122.267263 37.828714,-122.269850 37.852969,-122.269750 37.853069)"
46_7_transit,transit,46,7,-122.017,37.5908,-122.448,37.7218,33.0891,53.2404,25.217,40.5741,1.31218,55.8669,59.16,2,"LINESTRING(-122.017230 37.590765,-122.017330 37.590665,-122.057258 37.634263,-122.087041 37.669631,-122.126531 37.696838,-122.160813 37.721706,-122.196798 37.753504,-122.224167 37.774773,-122.265332 37.797257,-122.295244 37.804823,-122.397180 37.792689,-122.401742 37.789113,-122.407487 37.784545,-122.413979 37.779350,-122.419855 37.765076,-122.418618 37.752322,-122.433657 37.733169,-122.447610 37.721658,-122.447510 37.721758)"
46_8_transit,transit,46,8,-122.017,37.5908,-122.126,37.6969,9.54118,15.3518,9.46094,15.2227,1.00848,13.854,13.8585,2,"LINESTRING(-122.017230 37.590765,-122.017330 37.590665,-122.057258 37.634263,-122.087041 37.669631,-122.126531 37.696838,-122.126431 37.696938)"
46_9_transit,transit,46,9,-122.017,37.5908,-121.875,37.3685,17.4581,28.0901,17.2326,27.7273,1.01309,24.8557,24.8558,10,"LINESTRING(-122.017230 37.590765,-122.017330 37.590665,-121.976705 37.557413,-121.939458 37.502207,-121.890903 37.409736,-121.874761 37.368395,-121.874661 37.368495)"
46_11_transit,transit,46,11,-122.017,37.5908,-122.414,37.7794,28.5077,45.8689,25.3054,40.7164,1.12655,46.8628,50.1554,25,"LINESTRING(-122.017230 37.590765,-122.017330 37.590665,-122.057258 37.634263,-122.087041 37.669631,-122.126531 37.696838,-122.160813 37.721706,-122.196798 37.753504,-122.224167 37.774773,-122.265332 37.797257,-122.295244 37.804823,-122.397180 37.792689,-122.401742 37.789113,-122.407487 37.784545,-122.413979 37.779350,-122.413879 37.779450)"
46_13_transit,transit,46,13,-122.017,37.5908,-122.197,37.7536,15.0331,24.1883,14.9306,24.0234,1.00687,20.8559,20.8629,8,"LINESTRING(-122.017230 37.590765,-122.017330 37.590665,-122.057258 37.634263,-122.087041 37.669631,-122.126531 37.696838,-122.160813 37.721706,-122.196798 37.753504,-122.196698 37.753604)"
46_15_transit,transit,46,15,-122.017,37.5908,-122.469,37.7063,34.6766,55.7947,25.9719,41.7887,1.33516,59.868,63.161,1,"LINESTRING(-122.017230 37.590765,-122.017330 37.590665,-122.057258 37.634263,-122.087041 37.669631,-122.126531 37.696838,-122.160813 37.721706,-122.196798 37.753504,-122.224167 37.774773,-122.265332 37.797257,-122.295244 37.804823,-122.397180 37.792689,-122.401742 37.789113,-122.407487 37.784545,-122.413979 37.779350,-122.419855 37.765076,-122.418618 37.752322,-122.433657 37.733169,-122.447610 37.721658,-122.469094 37.706204,-122.468994 37.706304)"
46_16_transit,transit,46,16,-122.017,37.5908,-122.268,37.8701,25.064,40.3279,23.674,38.0914,1.05871,42.8626,42.8731,8,"LINESTRING(-122.017230 37.590765,-122.017330 37.590665,-122.057258 37.634263,-122.087041 37.669631,-122.126531 37.696838,-122.160813 37.721706,-122.196798 37.753504,-122.224167 37.774773,-122.265332 37.797257,-122.271689 37.803371,-122.268822 37.807960,-122.267263 37.828714,-122.269850 37.852969,-122.268178 37.870017,-122.268078 37.870117)"
46_17_transit,transit,46,17,-122.017,37.5908,-122.317,37.9252,29.9376,48.1696,28.3175,45.5629,1.05721,50.8655,50.8759,1,"LINESTRING(-122.017230 37.590765,-122.017330 37.590665,-122.057258 37.634263,-122.087041 37.669631,-122.126531 37.696838,-122.160813 37.721706,-122.196798 37.753504,-122.224167 37.774773,-122.265332 37.797257,-122.271689 37.803371,-122.268822 37.807960,-122.267263 37.828714,-122.269850 37.852969,-122.268178 37.870017,-122.283608 37.873932,-122.298995 37.902533,-122.316968 37.925105,-122.316868 37.925205)"
46_19_transit,transit,46,19,-122.017,37.5908,-122.397,37.7928,27.2071,43.7762,25.0233,40.2624,1.08727,41.8598,45.0925,33,"LINESTRING(-122.017230 37.590765,-122.017330 37.590665,-122.057258 37.634263,-122.087041 37.669631,-122.126531 37.696838,-122.160813 37.721706,-122.196798 37.753504,-122.224167 37.774773,-122.265332 37.797257,-122.295244 37.804823,-122.397180 37.792689,-122.397080 37.792789)"
46_20_transit,transit,46,20,-122.017,37.5908,-121.977,37.5575,3.21638,5.17516,3.1981,5.14574,1.00572,5.8523,5.85334,5,"LINESTRING(-122.017230 37.590765,-122.017330 37.590665,-121.976705 37.557413,-121.976605 37.557513)"
46_21_transit,transit,46,21,-122.017,37.5908,-122.224,37.7749,17.1299,27.5619,17.0217,27.3879,1.00636,24.8568,24.8651,2,"LINESTRING(-122.017230 37.590765,-122.017330 37.590665,-122.057258 37.634263,-122.087041 37.669631,-122.126531 37.696838,-122.160813 37.721706,-122.196798 37.753504,-122.224167 37.774773,-122.224067 37.774873)"
46_23_transit,transit,46,23,-122.017,37.5908,-122.087,37.6697,6.67762,10.7443,6.65733,10.7116,1.00305,9.85306,9.8564,5,"LINESTRING(-122.017230 37.590765,-122.017330 37.590665,-122.057258 37.634263,-122.087041 37.669631,-122.086941 37.669731)"
46_25_transit,transit,46,25,-122.017,37.5908,-122.265,37.7974,19.8628,31.9593,19.6876,31.6774,1.0089,28.8578,28.8673,3,"LINESTRING(-122.017230 37.590765,-122.017330 37.590665,-122.057258 37.634263,-122.087041 37.669631,-122.126531 37.696838,-122.160813 37.721706,-122.196798 37.753504,-122.224167 37.774773,-122.265332 37.797257,-122.265232 37.797357)"
46_26_transit,transit,46,26,-122.017,37.5908,-122.267,37.8288,22.2001,35.72,21.3816,34.403,1.03828,36.8607,36.8711,5,"LINESTRING(-122.017230 37.590765,-122.017330 37.590665,-122.057258 37.634263,-122.087041 37.669631,-122.126531 37.696838,-122.160813 37.721706,-122.196798 37.753504,-122.224167 37.774773,-122.265332 37.797257,-122.271689 37.803371,-122.268822 37.807960,-122.267263 37.828714,-122.267163 37.828814)"
46_28_transit,transit,46,28,-122.017,37.5908,-121.891,37.4098,14.4668,23.277,14.2936,22.9983,1.01212,20.8546,20.8559,5,"LINESTRING(-122.017230 37.590765,-122.017330 37.590665,-121.976705 37.557413,-121.939458 37.502207,-121.890903 37.409736,-121.890803 37.409836)"
46_29_transit,transit,46,29,-122.017,37.5908,-122.402,37.7892,27.558,44.3408,25.0952,40.3782,1.09814,42.8608,46.1365,38,"LINESTRING(-122.017230 37.590765,-122.017330 37.590665,-122.057258 37.634263,-122.087041 37.669631,-122.126531 37.696838,-122.160813 37.721706,-122.196798 37.753504,-122.224167 37.774773,-122.265332 37.797257,-122.295244 37.804823,-122.397180 37.792689,-122.401742 37.789113,-122.401642 37.789213)"
46_30_transit,transit,46,30,-122.017,37.5908,-122.284,37.874,25.9481,41.7505,24.3883,39.2408,1.06396,44.8636,44.8741,1,"LINESTRING(-122.017230 37.590765,-122.017330 37.590665,-122.057258 37.634263,-122.087041 37.669631,-122.126531 37.696838,-122.160813 37.721706,-122.196798 37.753504,-122.224167 37.774773,-122.265332 37.797257,-122.271689 37.803371,-122.268822 37.807960,-122.267263 37.828714,-122.269850 37.852969,-122.268178 37.870017,-122.283608 37.873932,-122.283508 37.874032)"
46_38_transit,transit,46,38,-122.017,37.5908,-122.407,37.7846,28.0031,45.057,25.1902,40.531,1.11167,44.8618,48.1509,16,"LINESTRING(-122.017230 37.590765,-122.017330 37.590665,-122.057258 37.634263,-122.087041 37.669631,-122.126531 37.696838,-122.160813 37.721706,-122.196798 37.753504,-122.224167 37.774773,-122.265332 37.797257,-122.295244 37.804823,-122.397180 37.792689,-122.401742 37.789113,-122.407487 37.784545,-122.407387 37.784645)"
46_41_transit,transit,46,41,-122.017,37.5908,-122.161,37.7218,12.0841,19.4433,11.9825,19.2798,1.00848,16.8549,16.8605,5,"LINESTRING(-122.017230 37.590765,-122.017330 37.590665,-122.057258 37.634263,-122.087041 37.669631,-122.126531 37.696838,-122.160813 37.721706,-122.160713 37.721806)"
46_44_transit,transit,46,44,-122.017,37.5908,-122.057,37.6344,3.73998,6.01763,3.7216,5.98805,1.00494,5.85213,5.85423,3,"LINESTRING(-122.017230 37.590765,-122.017330 37.590665,-122.057258 37.634263,-122.057158 37.634363)"
46_47_transit,transit,46,47,-122.017,37.5908,-121.939,37.5023,7.54335,12.1373,7.45346,11.9926,1.01206,11.8534,11.8547,3,"LINESTRING(-122.017230 37.590765,-122.017330 37.590665,-121.976705 37.557413,-121.939458 37.502207,-121.939358 37.502307)"
47_1_transit,transit,47,1,-121.939,37.5023,-122.272,37.8035,27.9354,44.948,27.6279,44.4533,1.01113,42.861,42.8744,5,"LINESTRING(-121.939358 37.502307,-121.939458 37.502207,-121.976705 37.557413,-122.017330 37.590665,-122.057258 37.634263,-122.087041 37.669631,-122.126531 37.696838,-122.160813 37.721706,-122.196798 37.753504,-122.224167 37.774773,-122.265332 37.797257,-122.271689 37.803371,-122.271589 37.803471)"
47_2_transit,transit,47,2,-121.939,37.5023,-122.42,37.7652,37.0708,59.6469,31.9506,51.4086,1.16025,59.866,63.1685,2,"LINESTRING(-121.939358 37.502307,-121.939458 37.502207,-121.976705 37.557413,-122.017330 37.590665,-122.057258 37.634263,-122.087041 37.669631,-122.126531 37.696838,-122.160813 37.721706,-122.196798 37.753504,-122.224167 37.774773,-122.265332 37.797257,-122.295244 37.804823,-122.397180 37.792689,-122.401742 37.789113,-122.407487 37.784545,-122.413979 37.779350,-122.419855 37.765076,-122.419755 37.765176)"
47_3_transit,transit,47,3,-121.939,37.5023,-122.269,37.8081,28.2891,45.5171,27.7651,44.674,1.01887,43.8619,43.8755,7,"LINESTRING(-121.939358 37.502307,-121.939458 37.502207,-121.976705 37.557413,-122.017330 37.590665,-122.057258 37.634263,-122.087041 37.669631,-122.126531 37.696838,-122.160813 37.721706,-122.196798 37.753504,-122.224167 37.774773,-122.265332 37.797257,-122.271689 37.803371,-122.268822 37.807960,-122.268722 37.808060)"
47_4_transit,transit,47,4,-121.939,37.5023,-122.419,37.7524,37.9548,61.0692,31.4034,50.5281,1.20862,61.8671,65.1696,1,"LINESTRING(-121.939358 37.502307,-121.939458 37.502207,-121.976705 37.557413,-122.017330 37.590665,-122.057258 37.634263,-122.087041 37.669631,-122.126531 37.696838,-122.160813 37.721706,-122.196798 37.753504,-122.224167 37.774773,-122.265332 37.797257,-122.295244 37.804823,-122.397180 37.792689,-122.401742 37.789113,-122.407487 37.784545,-122.413979 37.779350,-122.419855 37.765076,-122.418618 37.752322,-122.418518 37.752422)"
47_6_transit,transit,47,6,-121.939,37.5023,-122.27,37.8531,31.408,50.5355,30.2291,48.6386,1.039,51.8638,51.8775,1,"LINESTRING(-121.939358 37.502307,-121.939458 37.502207,-121.976705 37.557413,-122.017330 37.590665,-122.057258 37.634263,-122.087041 37.669631,-122.126531 37.696838,-122.160813 37.721706,-122.196798 37.753504,-122.224167 37.774773,-122.265332 37.797257,-122.271689 37.803371,-122.268822 37.807960,-122.267263 37.828714,-122.269850 37.852969,-122.269750 37.853069)"
47_7_transit,transit,47,7,-121.939,37.5023,-122.448,37.7218,40.6148,65.3493,31.6776,50.9692,1.28213,66.8691,70.1717,1,"LINESTRING(-121.939358 37.502307,-121.939458 37.502207,-121.976705 37.557413,-122.017330 37.590665,-122.057258 37.634263,-122.087041 37.669631,-122.126531 37.696838,-122.160813 37.721706,-122.196798 37.753504,-122.224167 37.774773,-122.265332 37.797257,-122.295244 37.804823,-122.397180 37.792689,-122.401742 37.789113,-122.407487 37.784545,-122.413979 37.779350,-122.419855 37.765076,-122.418618 37.752322,-122.433657 37.733169,-122.447610 37.721658,-122.447510 37.721758)"
47_8_transit,transit,47,8,-121.939,37.5023,-122.126,37.6969,17.0669,27.4606,16.9033,27.1974,1.00968,24.8562,24.8639,2,"LINESTRING(-121.939358 37.502307,-121.939458 37.502207,-121.976705 37.557413,-122.017330 37.590665,-122.057258 37.634263,-122.087041 37.669631,-122.126531 37.696838,-122.126431 37.696938)"
47_9_transit,transit,47,9,-121.939,37.5023,-121.875,37.3685,9.93239,15.9812,9.90355,15.9348,1.00291,13.8539,13.8539,9,"LINESTRING(-121.939358 37.502307,-121.939458 37.502207,-121.890903 37.409736,-121.874761 37.368395,-121.874661 37.368495)"
47_11_transit,transit,47,11,-121.939,37.5023,-122.414,37.7794,36.0334,57.9778,32.2601,51.9065,1.11697,57.865,61.1671,6,"LINESTRING(-121.939358 37.502307,-121.939458 37.502207,-121.976705 37.557413,-122.017330 37.590665,-122.057258 37.634263,-122.087041 37.669631,-122.126531 37.696838,-122.160813 37.721706,-122.196798 37.753504,-122.224167 37.774773,-122.265332 37.797257,-122.295244 37.804823,-122.397180 37.792689,-122.401742 37.789113,-122.407487 37.784545,-122.413979 37.779350,-122.413879 37.779450)"
47_13_transit,transit,47,13,-121.939,37.5023,-122.197,37.7536,22.5589,36.2972,22.3559,35.9706,1.00908,31.8581,31.8683,8,"LINESTRING(-121.939358 37.502307,-121.939458 37.502207,-121.976705 37.557413,-122.017330 37.590665,-122.057258 37.634263,-122.087041 37.669631,-122.126531 37.696838,-122.160813 37.721706,-122.196798 37.753504,-122.196698 37.753604)"
47_15_transit,transit,47,15,-121.939,37.5023,-122.469,37.7063,42.2023,67.9035,32.2366,51.8686,1.30914,70.8702,74.1727,3,"LINESTRING(-121.939358 37.502307,-121.939458 37.502207,-121.976705 37.557413,-122.017330 37.590665,-122.057258 37.634263,-122.087041 37.669631,-122.126531 37.696838,-122.160813 37.721706,-122.196798 37.753504,-122.224167 37.774773,-122.265332 37.797257,-122.295244 37.804823,-122.397180 37.792689,-122.401742 37.789113,-122.407487 37.784545,-122.413979 37.779350,-122.419855 37.765076,-122.418618 37.752322,-122.433657 37.733169,-122.447610 37.721658,-122.469094 37.706204,-122.468994 37.706304)"
47_16_transit,transit,47,16,-121.939,37.5023,-122.268,37.8701,32.5897,52.4368,31.1273,50.0839,1.04698,53.8648,53.8785,1,"LINESTRING(-121.939358 37.502307,-121.939458 37.502207,-121.976705 37.557413,-122.017330 37.590665,-122.057258 37.634263,-122.087041 37.669631,-122.126531 37.696838,-122.160813 37.721706,-122.196798 37.753504,-122.224167 37.774773,-122.265332 37.797257,-122.271689 37.803371,-122.268822 37.807960,-122.267263 37.828714,-122.269850 37.852969,-122.268178 37.870017,-122.268078 37.870117)"
47_17_transit,transit,47,17,-121.939,37.5023,-122.317,37.9252,37.4633,60.2785,35.7709,57.5554,1.04731,61.8677,61.8814,2,"LINESTRING(-121.939358 37.502307,-121.939458 37.502207,-121.976705 37.557413,-122.017330 37.590665,-122.057258 37.634263,-122.087041 37.669631,-122.126531 37.696838,-122.160813 37.721706,-122.196798 37.753504,-122.224167 37.774773,-122.265332 37.797257,-122.271689 37.803371,-122.268822 37.807960,-122.267263 37.828714,-122.269850 37.852969,-122.268178 37.870017,-122.283608 37.873932,-122.298995 37.902533,-122.316968 37.925105,-122.316868 37.925205)"
47_19_transit,transit,47,19,-121.939,37.5023,-122.397,37.7928,34.7328,55.8851,32.0915,51.6353,1.0823,52.862,56.1042,11,"LINESTRING(-121.939358 37.502307,-121.939458 37.502207,-121.976705 37.557413,-122.017330 37.590665,-122.057258 37.634263,-122.087041 37.669631,-122.126531 37.696838,-122.160813 37.721706,-122.196798 37.753504,-122.224167 37.774773,-122.265332 37.797257,-122.295244 37.804823,-122.397180 37.792689,-122.397080 37.792789)"
47_20_transit,transit,47,20,-121.939,37.5023,-121.977,37.5575,4.34461,6.99047,4.32609,6.96068,1.00428,6.8525,6.85394,4,"LINESTRING(-121.939358 37.502307,-121.939458 37.502207,-121.976705 37.557413,-121.976605 37.557513)"
47_21_transit,transit,47,21,-121.939,37.5023,-122.224,37.7749,24.6556,39.6708,24.4404,39.3245,1.00881,35.859,35.8705,3,"LINESTRING(-121.939358 37.502307,-121.939458 37.502207,-121.976705 37.557413,-122.017330 37.590665,-122.057258 37.634263,-122.087041 37.669631,-122.126531 37.696838,-122.160813 37.721706,-122.196798 37.753504,-122.224167 37.774773,-122.224067 37.774873)"
47_23_transit,transit,47,23,-121.939,37.5023,-122.087,37.6697,14.2033,22.8532,14.1108,22.7043,1.00656,20.8553,20.8619,7,"LINESTRING(-121.939358 37.502307,-121.939458 37.502207,-121.976705 37.557413,-122.017330 37.590665,-122.057258 37.634263,-122.087041 37.669631,-122.086941 37.669731)"
47_25_transit,transit,47,25,-121.939,37.5023,-122.265,37.7974,27.3886,44.0682,27.0815,43.5741,1.01134,39.86,39.8727,2,"LINESTRING(-121.939358 37.502307,-121.939458 37.502207,-121.976705 37.557413,-122.017330 37.590665,-122.057258 37.634263,-122.087041 37.669631,-122.126531 37.696838,-122.160813 37.721706,-122.196798 37.753504,-122.224167 37.774773,-122.265332 37.797257,-122.265232 37.797357)"
47_26_transit,transit,47,26,-121.939,37.5023,-122.267,37.8288,29.7259,47.8289,28.8165,46.3657,1.03156,47.8629,47.8765,1,"LINESTRING(-121.939358 37.502307,-121.939458 37.502207,-121.976705 37.557413,-122.017330 37.590665,-122.057258 37.634263,-122.087041 37.669631,-122.126531 37.696838,-122.160813 37.721706,-122.196798 37.753504,-122.224167 37.774773,-122.265332 37.797257,-122.271689 37.803371,-122.268822 37.807960,-122.267263 37.828714,-122.267163 37.828814)"
47_28_transit,transit,47,28,-121.939,37.5023,-121.891,37.4098,6.94107,11.1682,6.92201,11.1375,1.00275,9.85282,9.85287,5,"LINESTRING(-121.939358 37.502307,-121.939458 37.502207,-121.890903 37.409736,-121.890803 37.409836)"
47_29_transit,transit,47,29,-121.939,37.5023,-122.402,37.7892,35.0837,56.4497,32.1341,51.7038,1.09179,53.863,57.1482,13,"LINESTRING(-121.939358 37.502307,-121.939458 37.502207,-121.976705 37.557413,-122.017330 37.590665,-122.057258 37.634263,-122.087041 37.669631,-122.126531 37.696838,-122.160813 37.721706,-122.196798 37.753504,-122.224167 37.774773,-122.265332 37.797257,-122.295244 37.804823,-122.397180 37.792689,-122.401742 37.789113,-122.401642 37.789213)"
47_38_transit,transit,47,38,-121.939,37.5023,-122.407,37.7846,35.5288,57.1659,32.1905,51.7945,1.10371,55.864,59.1626,1,"LINESTRING(-121.939358 37.502307,-121.939458 37.502207,-121.976705 37.557413,-122.017330 37.590665,-122.057258 37.634263,-122.087041 37.669631,-122.126531 37.696838,-122.160813 37.721706,-122.196798 37.753504,-122.224167 37.774773,-122.265332 37.797257,-122.295244 37.804823,-122.397180 37.792689,-122.401742 37.789113,-122.407487 37.784545,-122.407387 37.784645)"
47_39_transit,transit,47,39,-121.939,37.5023,-122.353,37.9368,39.5897,63.6999,37.581,60.4678,1.05345,66.8687,66.8824,3,"LINESTRING(-121.939358 37.502307,-121.939458 37.502207,-121.976705 37.557413,-122.017330 37.590665,-122.057258 37.634263,-122.087041 37.669631,-122.126531 37.696838,-122.160813 37.721706,-122.196798 37.753504,-122.224167 37.774773,-122.265332 37.797257,-122.271689 37.803371,-122.268822 37.807960,-122.267263 37.828714,-122.269850 37.852969,-122.268178 37.870017,-122.283608 37.873932,-122.298995 37.902533,-122.316968 37.925105,-122.353104 37.936695,-122.353004 37.936795)"
47_41_transit,transit,47,41,-121.939,37.5023,-122.161,37.7218,19.6098,31.5522,19.4112,31.2327,1.01023,27.8571,27.8659,8,"LINESTRING(-121.939358 37.502307,-121.939458 37.502207,-121.976705 37.557413,-122.017330 37.590665,-122.057258 37.634263,-122.087041 37.669631,-122.126531 37.696838,-122.160813 37.721706,-122.160713 37.721806)"
47_44_transit,transit,47,44,-121.939,37.5023,-122.057,37.6344,11.2657,18.1265,11.1747,17.9801,1.00815,16.8543,16.8597,6,"LINESTRING(-121.939358 37.502307,-121.939458 37.502207,-121.976705 37.557413,-122.017330 37.590665,-122.057258 37.634263,-122.057158 37.634363)"
47_46_transit,transit,47,46,-121.939,37.5023,-122.017,37.5908,7.54335,12.1373,7.45346,11.9926,1.01206,11.8534,11.8567,8,"LINESTRING(-121.939358 37.502307,-121.939458 37.502207,-121.976705 37.557413,-122.017330 37.590665,-122.017230 37.590765)"
47_50_transit,transit,47,50,-121.939,37.5023,-122.295,37.8049,29.1036,46.8276,28.5653,45.9615,1.01884,45.861,47.8697,1,"LINESTRING(-121.939358 37.502307,-121.939458 37.502207,-121.976705 37.557413,-122.017330 37.590665,-122.057258 37.634263,-122.087041 37.669631,-122.126531 37.696838,-122.160813 37.721706,-122.196798 37.753504,-122.224167 37.774773,-122.265332 37.797257,-122.295244 37.804823,-122.295144 37.804923)"
48_1_transit,transit,48,1,-122.067,37.9058,-122.272,37.8035,14.1931,22.8367,13.1952,21.2311,1.07562,23.8561,25.0212,14,"LINESTRING(-122.067379 37.905812,-122.067479 37.905712,-122.124744 37.893120,-122.183817 37.878403,-122.251371 37.844695,-122.267263 37.828714,-122.268822 37.807960,-122.271689 37.803371,-122.271589 37.803471)"
48_2_transit,transit,48,2,-122.067,37.9058,-122.42,37.7652,23.4504,37.7317,21.5445,34.6651,1.08846,42.8621,45.8663,10,"LINESTRING(-122.067379 37.905812,-122.067479 37.905712,-122.124744 37.893120,-122.183817 37.878403,-122.251371 37.844695,-122.267263 37.828714,-122.268822 37.807960,-122.271689 37.803371,-122.295244 37.804823,-122.397180 37.792689,-122.401742 37.789113,-122.407487 37.784545,-122.413979 37.779350,-122.419855 37.765076,-122.419755 37.765176)"
48_3_transit,transit,48,3,-122.067,37.9058,-122.269,37.8081,13.8394,22.2676,12.8943,20.7469,1.0733,22.8551,23.9329,35,"LINESTRING(-122.067379 37.905812,-122.067479 37.905712,-122.124744 37.893120,-122.183817 37.878403,-122.251371 37.844695,-122.267263 37.828714,-122.268822 37.807960,-122.268722 37.808060)"
48_4_transit,transit,48,4,-122.067,37.9058,-122.419,37.7524,24.3344,39.154,21.8984,35.2345,1.11124,44.8632,47.8677,6,"LINESTRING(-122.067379 37.905812,-122.067479 37.905712,-122.124744 37.893120,-122.183817 37.878403,-122.251371 37.844695,-122.267263 37.828714,-122.268822 37.807960,-122.271689 37.803371,-122.295244 37.804823,-122.397180 37.792689,-122.401742 37.789113,-122.407487 37.784545,-122.413979 37.779350,-122.419855 37.765076,-122.418618 37.752322,-122.418518 37.752422)"
48_5_transit,transit,48,5,-122.067,37.9058,-121.78,37.9954,20.8349,33.5233,16.8191,27.0619,1.23876,39.8556,39.8556,1,"LINESTRING(-122.067379 37.905812,-122.067479 37.905712,-122.056115 37.928363,-122.029226 37.973673,-122.024661 38.003307,-121.944348 38.018850,-121.889111 38.016773,-121.780453 37.995315,-121.780353 37.995415)"
48_7_transit,transit,48,7,-122.067,37.9058,-122.448,37.7218,26.9944,43.4341,24.3364,39.1572,1.10922,49.8652,52.8701,1,"LINESTRING(-122.067379 37.905812,-122.067479 37.905712,-122.124744 37.893120,-122.183817 37.878403,-122.251371 37.844695,-122.267263 37.828714,-122.268822 37.807960,-122.271689 37.803371,-122.295244 37.804823,-122.397180 37.792689,-122.401742 37.789113,-122.407487 37.784545,-122.413979 37.779350,-122.419855 37.765076,-122.418618 37.752322,-122.433657 37.733169,-122.447610 37.721658,-122.447510 37.721758)"
48_11_transit,transit,48,11,-122.067,37.9058,-122.414,37.7794,22.413,36.0626,20.8248,33.5072,1.07626,40.8611,43.8644,27,"LINESTRING(-122.067379 37.905812,-122.067479 37.905712,-122.124744 37.893120,-122.183817 37.878403,-122.251371 37.844695,-122.267263 37.828714,-122.268822 37.807960,-122.271689 37.803371,-122.295244 37.804823,-122.397180 37.792689,-122.401742 37.789113,-122.407487 37.784545,-122.413979 37.779350,-122.413879 37.779450)"
48_12_transit,transit,48,12,-122.067,37.9058,-122.466,37.6846,30.0869,48.4099,26.6007,42.8005,1.13106,58.8673,61.8723,4,"LINESTRING(-122.067379 37.905812,-122.067479 37.905712,-122.124744 37.893120,-122.183817 37.878403,-122.251371 37.844695,-122.267263 37.828714,-122.268822 37.807960,-122.271689 37.803371,-122.295244 37.804823,-122.397180 37.792689,-122.401742 37.789113,-122.407487 37.784545,-122.413979 37.779350,-122.419855 37.765076,-122.418618 37.752322,-122.433657 37.733169,-122.447610 37.721658,-122.469094 37.706204,-122.466267 37.684542,-122.466167 37.684642)"
48_14_transit,transit,48,14,-122.067,37.9058,-122.029,37.9738,5.15829,8.2997,5.13757,8.26635,1.00403,8.85169,8.85169,6,"LINESTRING(-122.067379 37.905812,-122.067479 37.905712,-122.056115 37.928363,-122.029226 37.973673,-122.029126 37.973773)"
48_15_transit,transit,48,15,-122.067,37.9058,-122.469,37.7063,28.5819,45.9883,25.8978,41.6696,1.10364,53.8663,56.8712,2,"LINESTRING(-122.067379 37.905812,-122.067479 37.905712,-122.124744 37.893120,-122.183817 37.878403,-122.251371 37.844695,-122.267263 37.828714,-122.268822 37.807960,-122.271689 37.803371,-122.295244 37.804823,-122.397180 37.792689,-122.401742 37.789113,-122.407487 37.784545,-122.413979 37.779350,-122.419855 37.765076,-122.418618 37.752322,-122.433657 37.733169,-122.447610 37.721658,-122.469094 37.706204,-122.468994 37.706304)"
48_19_transit,transit,48,19,-122.067,37.9058,-122.397,37.7928,21.1124,33.9699,19.61,31.5525,1.07661,35.8581,38.792,90,"LINESTRING(-122.067379 37.905812,-122.067479 37.905712,-122.124744 37.893120,-122.183817 37.878403,-122.251371 37.844695,-122.267263 37.828714,-122.268822 37.807960,-122.271689 37.803371,-122.295244 37.804823,-122.397180 37.792689,-122.397080 37.792789)"
48_22_transit,transit,48,22,-122.067,37.9058,-122.434,37.7333,25.8924,41.6609,23.2718,37.4442,1.11261,47.8642,50.869,2,"LINESTRING(-122.067379 37.905812,-122.067479 37.905712,-122.124744 37.893120,-122.183817 37.878403,-122.251371 37.844695,-122.267263 37.828714,-122.268822 37.807960,-122.271689 37.803371,-122.295244 37.804823,-122.397180 37.792689,-122.401742 37.789113,-122.407487 37.784545,-122.413979 37.779350,-122.419855 37.765076,-122.418618 37.752322,-122.433657 37.733169,-122.433557 37.733269)"
48_26_transit,transit,48,26,-122.067,37.9058,-122.267,37.8288,12.4026,19.9558,12.1266,19.5117,1.02276,18.854,19.6336,13,"LINESTRING(-122.067379 37.905812,-122.067479 37.905712,-122.124744 37.893120,-122.183817 37.878403,-122.251371 37.844695,-122.267263 37.828714,-122.267163 37.828814)"
48_29_transit,transit,48,29,-122.067,37.9058,-122.402,37.7892,21.4633,34.5345,19.9375,32.0795,1.07653,36.8591,39.838,80,"LINESTRING(-122.067379 37.905812,-122.067479 37.905712,-122.124744 37.893120,-122.183817 37.878403,-122.251371 37.844695,-122.267263 37.828714,-122.268822 37.807960,-122.271689 37.803371,-122.295244 37.804823,-122.397180 37.792689,-122.401742 37.789113,-122.401642 37.789213)"
48_31_transit,transit,48,31,-122.067,37.9058,-122.025,38.0034,7.22128,11.619,7.13533,11.4808,1.01205,11.8526,11.8526,1,"LINESTRING(-122.067379 37.905812,-122.067479 37.905712,-122.056115 37.928363,-122.029226 37.973673,-122.024661 38.003307,-122.024561 38.003407)"
48_33_transit,transit,48,33,-122.067,37.9058,-122.184,37.8785,6.6381,10.6807,6.61823,10.6487,1.003,9.8519,10.1822,1,"LINESTRING(-122.067379 37.905812,-122.067479 37.905712,-122.124744 37.893120,-122.183817 37.878403,-122.183717 37.878503)"
48_35_transit,transit,48,35,-122.067,37.9058,-122.056,37.9285,1.70112,2.7371,1.68318,2.70823,1.01066,2.85079,2.85079,3,"LINESTRING(-122.067379 37.905812,-122.067479 37.905712,-122.056115 37.928363,-122.056015 37.928463)"
48_36_transit,transit,48,36,-122.067,37.9058,-121.944,38.0189,11.7243,18.8644,10.3004,16.5734,1.13823,17.8536,17.8536,1,"LINESTRING(-122.067379 37.905812,-122.067479 37.905712,-122.056115 37.928363,-122.029226 37.973673,-122.024661 38.003307,-121.944348 38.018850,-121.944248 38.018950)"
48_38_transit,transit,48,38,-122.067,37.9058,-122.407,37.7846,21.9084,35.2507,20.3529,32.7479,1.07643,38.8601,41.857,20,"LINESTRING(-122.067379 37.905812,-122.067479 37.905712,-122.124744 37.893120,-122.183817 37.878403,-122.251371 37.844695,-122.267263 37.828714,-122.268822 37.807960,-122.271689 37.803371,-122.295244 37.804823,-122.397180 37.792689,-122.401742 37.789113,-122.407487 37.784545,-122.407387 37.784645)"
48_40_transit,transit,48,40,-122.067,37.9058,-122.251,37.8448,10.9983,17.6963,10.8794,17.505,1.01093,15.853,16.4538,3,"LINESTRING(-122.067379 37.905812,-122.067479 37.905712,-122.124744 37.893120,-122.183817 37.878403,-122.251371 37.844695,-122.251271 37.844795)"
48_42_transit,transit,48,42,-122.067,37.9058,-122.416,37.6377,34.3218,55.2238,26.5791,42.7658,1.29131,64.8694,67.8745,2,"LINESTRING(-122.067379 37.905812,-122.067479 37.905712,-122.124744 37.893120,-122.183817 37.878403,-122.251371 37.844695,-122.267263 37.828714,-122.268822 37.807960,-122.271689 37.803371,-122.295244 37.804823,-122.397180 37.792689,-122.401742 37.789113,-122.407487 37.784545,-122.413979 37.779350,-122.419855 37.765076,-122.418618 37.752322,-122.433657 37.733169,-122.447610 37.721658,-122.469094 37.706204,-122.466267 37.684542,-122.444354 37.664337,-122.416484 37.637620,-122.416384 37.637720)"
48_43_transit,transit,48,43,-122.067,37.9058,-122.392,37.616,36.333,58.4598,26.7419,43.0277,1.35865,69.8705,72.8756,13,"LINESTRING(-122.067379 37.905812,-122.067479 37.905712,-122.124744 37.893120,-122.183817 37.878403,-122.251371 37.844695,-122.267263 37.828714,-122.268822 37.807960,-122.271689 37.803371,-122.295244 37.804823,-122.397180 37.792689,-122.401742 37.789113,-122.407487 37.784545,-122.413979 37.779350,-122.419855 37.765076,-122.418618 37.752322,-122.433657 37.733169,-122.447610 37.721658,-122.469094 37.706204,-122.466267 37.684542,-122.444354 37.664337,-122.416484 37.637620,-122.391995 37.615923,-122.391895 37.616023)"
48_45_transit,transit,48,45,-122.067,37.9058,-122.444,37.6644,31.9271,51.3708,26.4889,42.6206,1.2053,61.8684,64.8734,1,"LINESTRING(-122.067379 37.905812,-122.067479 37.905712,-122.124744 37.893120,-122.183817 37.878403,-122.251371 37.844695,-122.267263 37.828714,-122.268822 37.807960,-122.271689 37.803371,-122.295244 37.804823,-122.397180 37.792689,-122.401742 37.789113,-122.407487 37.784545,-122.413979 37.779350,-122.419855 37.765076,-122.418618 37.752322,-122.433657 37.733169,-122.447610 37.721658,-122.469094 37.706204,-122.466267 37.684542,-122.444354 37.664337,-122.444254 37.664437)"
49_2_transit,transit,49,2,-121.928,37.6998,-122.42,37.7652,30.9123,49.7379,27.2331,43.8181,1.1351,50.8626,55.5272,3,"LINESTRING(-121.928301 37.699760,-121.928401 37.699660,-122.075715 37.690676,-122.126531 37.696838,-122.160813 37.721706,-122.196798 37.753504,-122.224167 37.774773,-122.265332 37.797257,-122.295244 37.804823,-122.397180 37.792689,-122.401742 37.789113,-122.407487 37.784545,-122.413979 37.779350,-122.419855 37.765076,-122.419755 37.765176)"
49_4_transit,transit,49,4,-121.928,37.6998,-122.419,37.7524,31.7963,51.1603,27.0361,43.5011,1.17607,52.8636,57.5283,2,"LINESTRING(-121.928301 37.699760,-121.928401 37.699660,-122.075715 37.690676,-122.126531 37.696838,-122.160813 37.721706,-122.196798 37.753504,-122.224167 37.774773,-122.265332 37.797257,-122.295244 37.804823,-122.397180 37.792689,-122.401742 37.789113,-122.407487 37.784545,-122.413979 37.779350,-122.419855 37.765076,-122.418618 37.752322,-122.418518 37.752422)"
49_8_transit,transit,49,8,-121.928,37.6998,-122.126,37.6969,10.9085,17.5517,10.8335,17.4312,1.00692,14.8528,15.2554,1,"LINESTRING(-121.928301 37.699760,-121.928401 37.699660,-122.075715 37.690676,-122.126531 37.696838,-122.126431 37.696938)"
49_10_transit,transit,49,10,-121.928,37.6998,-122.076,37.6908,8.09716,13.0283,8.07789,12.9973,1.00239,10.8518,11.0302,3,"LINESTRING(-121.928301 37.699760,-121.928401 37.699660,-122.075715 37.690676,-122.075615 37.690776)"
49_11_transit,transit,49,11,-121.928,37.6998,-122.414,37.7794,29.875,48.0688,27.0971,43.5992,1.10252,47.8616,52.5261,15,"LINESTRING(-121.928301 37.699760,-121.928401 37.699660,-122.075715 37.690676,-122.126531 37.696838,-122.160813 37.721706,-122.196798 37.753504,-122.224167 37.774773,-122.265332 37.797257,-122.295244 37.804823,-122.397180 37.792689,-122.401742 37.789113,-122.407487 37.784545,-122.413979 37.779350,-122.413879 37.779450)"
49_13_transit,transit,49,13,-121.928,37.6998,-122.197,37.7536,16.4004,26.3883,15.1321,24.3476,1.08381,22.8546,23.838,1,"LINESTRING(-121.928301 37.699760,-121.928401 37.699660,-122.075715 37.690676,-122.126531 37.696838,-122.160813 37.721706,-122.196798 37.753504,-122.196698 37.753604)"
49_15_transit,transit,49,15,-121.928,37.6998,-122.469,37.7063,36.0439,57.9946,29.5613,47.5641,1.21929,61.8667,66.5314,1,"LINESTRING(-121.928301 37.699760,-121.928401 37.699660,-122.075715 37.690676,-122.126531 37.696838,-122.160813 37.721706,-122.196798 37.753504,-122.224167 37.774773,-122.265332 37.797257,-122.295244 37.804823,-122.397180 37.792689,-122.401742 37.789113,-122.407487 37.784545,-122.413979 37.779350,-122.419855 37.765076,-122.418618 37.752322,-122.433657 37.733169,-122.447610 37.721658,-122.469094 37.706204,-122.468994 37.706304)"
49_19_transit,transit,49,19,-121.928,37.6998,-122.397,37.7928,28.5743,45.9761,26.4059,42.487,1.08212,42.8585,47.4527,35,"LINESTRING(-121.928301 37.699760,-121.928401 37.699660,-122.075715 37.690676,-122.126531 37.696838,-122.160813 37.721706,-122.196798 37.753504,-122.224167 37.774773,-122.265332 37.797257,-122.295244 37.804823,-122.397180 37.792689,-122.397080 37.792789)"
49_22_transit,transit,49,22,-121.928,37.6998,-122.434,37.7333,33.3543,53.6671,27.7125,44.5894,1.20359,55.8647,60.5293,2,"LINESTRING(-121.928301 37.699760,-121.928401 37.699660,-122.075715 37.690676,-122.126531 37.696838,-122.160813 37.721706,-122.196798 37.753504,-122.224167 37.774773,-122.265332 37.797257,-122.295244 37.804823,-122.397180 37.792689,-122.401742 37.789113,-122.407487 37.784545,-122.413979 37.779350,-122.419855 37.765076,-122.418618 37.752322,-122.433657 37.733169,-122.433557 37.733269)"
49_25_transit,transit,49,25,-121.928,37.6998,-122.265,37.7974,21.2301,34.1592,19.6039,31.5426,1.08296,30.8565,32.9451,3,"LINESTRING(-121.928301 37.699760,-121.928401 37.699660,-122.075715 37.690676,-122.126531 37.696838,-122.160813 37.721706,-122.196798 37.753504,-122.224167 37.774773,-122.265332 37.797257,-122.265232 37.797357)"
49_29_transit,transit,49,29,-121.928,37.6998,-122.402,37.7892,28.9253,46.5408,26.5898,42.7829,1.08783,44.8596,49.5096,36,"LINESTRING(-121.928301 37.699760,-121.928401 37.699660,-122.075715 37.690676,-122.126531 37.696838,-122.160813 37.721706,-122.196798 37.753504,-122.224167 37.774773,-122.265332 37.797257,-122.295244 37.804823,-122.397180 37.792689,-122.401742 37.789113,-122.401642 37.789213)"
49_38_transit,transit,49,38,-121.928,37.6998,-122.407,37.7846,29.3704,47.2569,26.8252,43.1617,1.09488,46.8606,51.5222,12,"LINESTRING(-121.928301 37.699760,-121.928401 37.699660,-122.075715 37.690676,-122.126531 37.696838,-122.160813 37.721706,-122.196798 37.753504,-122.224167 37.774773,-122.265332 37.797257,-122.295244 37.804823,-122.397180 37.792689,-122.401742 37.789113,-122.407487 37.784545,-122.407387 37.784645)"
49_41_transit,transit,49,41,-121.928,37.6998,-122.161,37.7218,13.4514,21.6433,12.7948,20.5869,1.05131,18.8537,19.4844,4,"LINESTRING(-121.928301 37.699760,-121.928401 37.699660,-122.075715 37.690676,-122.126531 37.696838,-122.160813 37.721706,-122.160713 37.721806)"
50_1_transit,transit,50,1,-122.295,37.8049,-122.272,37.8035,1.3077,2.10409,1.28982,2.07532,1.01386,4.85129,4.85162,2,"LINESTRING(-122.295144 37.804923,-122.295244 37.804823,-122.271689 37.803371,-122.271589 37.803471)"
50_2_transit,transit,50,2,-122.295,37.8049,-122.42,37.7652,7.98483,12.8476,7.33782,11.8065,1.08817,14.8554,16.1859,21,"LINESTRING(-122.295144 37.804923,-122.295244 37.804823,-122.397180 37.792689,-122.401742 37.789113,-122.407487 37.784545,-122.413979 37.779350,-122.419855 37.765076,-122.419755 37.765176)"
50_3_transit,transit,50,3,-122.295,37.8049,-122.269,37.8081,1.66137,2.67314,1.45858,2.34685,1.13903,5.85228,5.85238,6,"LINESTRING(-122.295144 37.804923,-122.295244 37.804823,-122.271689 37.803371,-122.268822 37.807960,-122.268722 37.808060)"
50_4_transit,transit,50,4,-122.295,37.8049,-122.419,37.7524,8.86882,14.2699,7.65202,12.3121,1.15902,16.8564,18.1877,25,"LINESTRING(-122.295144 37.804923,-122.295244 37.804823,-122.397180 37.792689,-122.401742 37.789113,-122.407487 37.784545,-122.413979 37.779350,-122.419855 37.765076,-122.418618 37.752322,-122.418518 37.752422)"
50_6_transit,transit,50,6,-122.295,37.8049,-122.27,37.8531,4.78031,7.69152,3.60373,5.7984,1.32649,13.8542,13.8683,2,"LINESTRING(-122.295144 37.804923,-122.295244 37.804823,-122.271689 37.803371,-122.268822 37.807960,-122.267263 37.828714,-122.269850 37.852969,-122.269750 37.853069)"
50_7_transit,transit,50,7,-122.295,37.8049,-122.448,37.7218,11.5289,18.55,10.1135,16.2727,1.13994,21.8585,23.1905,4,"LINESTRING(-122.295144 37.804923,-122.295244 37.804823,-122.397180 37.792689,-122.401742 37.789113,-122.407487 37.784545,-122.413979 37.779350,-122.419855 37.765076,-122.418618 37.752322,-122.433657 37.733169,-122.447610 37.721658,-122.447510 37.721758)"
50_8_transit,transit,50,8,-122.295,37.8049,-122.126,37.6969,12.0543,19.3953,11.8584,19.0802,1.01652,21.8555,21.8644,1,"LINESTRING(-122.295144 37.804923,-122.295244 37.804823,-122.265332 37.797257,-122.224167 37.774773,-122.196798 37.753504,-122.160813 37.721706,-122.126531 37.696838,-122.126431 37.696938)"
50_9_transit,transit,50,9,-122.295,37.8049,-121.875,37.3685,39.0183,62.7805,37.9384,61.0429,1.02846,59.8632,59.8831,1,"LINESTRING(-122.295144 37.804923,-122.295244 37.804823,-122.265332 37.797257,-122.224167 37.774773,-122.196798 37.753504,-122.160813 37.721706,-122.126531 37.696838,-122.087041 37.669631,-122.057258 37.634263,-122.017330 37.590665,-121.976705 37.557413,-121.939458 37.502207,-121.890903 37.409736,-121.874761 37.368395,-121.874661 37.368495)"
50_11_transit,transit,50,11,-122.295,37.8049,-122.414,37.7794,6.94747,11.1785,6.71769,10.8088,1.0342,12.8543,14.1835,94,"LINESTRING(-122.295144 37.804923,-122.295244 37.804823,-122.397180 37.792689,-122.401742 37.789113,-122.407487 37.784545,-122.413979 37.779350,-122.413879 37.779450)"
50_12_transit,transit,50,12,-122.295,37.8049,-122.466,37.6846,14.6214,23.5258,12.5051,20.1207,1.16923,30.8606,32.1928,2,"LINESTRING(-122.295144 37.804923,-122.295244 37.804823,-122.397180 37.792689,-122.401742 37.789113,-122.407487 37.784545,-122.413979 37.779350,-122.419855 37.765076,-122.418618 37.752322,-122.433657 37.733169,-122.447610 37.721658,-122.469094 37.706204,-122.466267 37.684542,-122.466167 37.684642)"
50_13_transit,transit,50,13,-122.295,37.8049,-122.197,37.7536,6.56232,10.5588,6.4402,10.3623,1.01896,13.8534,13.856,6,"LINESTRING(-122.295144 37.804923,-122.295244 37.804823,-122.265332 37.797257,-122.224167 37.774773,-122.196798 37.753504,-122.196698 37.753604)"
50_14_transit,transit,50,14,-122.295,37.8049,-122.029,37.9738,20.6239,33.1838,18.6151,29.9517,1.10791,35.8589,35.8594,2,"LINESTRING(-122.295144 37.804923,-122.295244 37.804823,-122.271689 37.803371,-122.268822 37.807960,-122.267263 37.828714,-122.251371 37.844695,-122.183817 37.878403,-122.124744 37.893120,-122.067479 37.905712,-122.056115 37.928363,-122.029226 37.973673,-122.029126 37.973773)"
50_15_transit,transit,50,15,-122.295,37.8049,-122.469,37.7063,13.1164,21.1042,11.6886,18.807,1.12215,25.8595,27.1917,2,"LINESTRING(-122.295144 37.804923,-122.295244 37.804823,-122.397180 37.792689,-122.401742 37.789113,-122.407487 37.784545,-122.413979 37.779350,-122.419855 37.765076,-122.418618 37.752322,-122.433657 37.733169,-122.447610 37.721658,-122.469094 37.706204,-122.468994 37.706304)"
50_16_transit,transit,50,16,-122.295,37.8049,-122.268,37.8701,5.96199,9.59284,4.74046,7.62741,1.25768,15.8551,15.8698,3,"LINESTRING(-122.295144 37.804923,-122.295244 37.804823,-122.271689 37.803371,-122.268822 37.807960,-122.267263 37.828714,-122.269850 37.852969,-122.268178 37.870017,-122.268078 37.870117)"
50_17_transit,transit,50,17,-122.295,37.8049,-122.317,37.9252,10.8357,17.4346,8.39483,13.5073,1.29075,23.858,23.8728,1,"LINESTRING(-122.295144 37.804923,-122.295244 37.804823,-122.271689 37.803371,-122.268822 37.807960,-122.267263 37.828714,-122.269850 37.852969,-122.268178 37.870017,-122.283608 37.873932,-122.298995 37.902533,-122.316968 37.925105,-122.316868 37.925205)"
50_19_transit,transit,50,19,-122.295,37.8049,-122.397,37.7928,5.64685,9.08577,5.62808,9.05558,1.00333,7.85131,9.10035,188,"LINESTRING(-122.295144 37.804923,-122.295244 37.804823,-122.397180 37.792689,-122.397080 37.792789)"
50_21_transit,transit,50,21,-122.295,37.8049,-122.224,37.7749,4.4656,7.18515,4.40147,7.08197,1.01457,10.8524,10.8536,6,"LINESTRING(-122.295144 37.804923,-122.295244 37.804823,-122.265332 37.797257,-122.224167 37.774773,-122.224067 37.774873)"
50_22_transit,transit,50,22,-122.295,37.8049,-122.434,37.7333,10.4268,16.7768,9.0367,14.5401,1.15383,19.8574,21.1893,7,"LINESTRING(-122.295144 37.804923,-122.295244 37.804823,-122.397180 37.792689,-122.401742 37.789113,-122.407487 37.784545,-122.413979 37.779350,-122.419855 37.765076,-122.418618 37.752322,-122.433657 37.733169,-122.433557 37.733269)"
50_23_transit,transit,50,23,-122.295,37.8049,-122.087,37.6697,14.9178,24.0028,14.72,23.6845,1.01344,26.8566,26.8689,2,"LINESTRING(-122.295144 37.804923,-122.295244 37.804823,-122.265332 37.797257,-122.224167 37.774773,-122.196798 37.753504,-122.160813 37.721706,-122.126531 37.696838,-122.087041 37.669631,-122.086941 37.669731)"
50_26_transit,transit,50,26,-122.295,37.8049,-122.267,37.8288,3.09816,4.98494,2.24888,3.61845,1.37764,9.85323,9.85334,3,"LINESTRING(-122.295144 37.804923,-122.295244 37.804823,-122.271689 37.803371,-122.268822 37.807960,-122.267263 37.828714,-122.267163 37.828814)"
50_27_transit,transit,50,27,-122.295,37.8049,-122.387,37.6002,21.9955,35.3908,15.0072,24.1465,1.46567,45.8647,50.8193,2,"LINESTRING(-122.295144 37.804923,-122.295244 37.804823,-122.397180 37.792689,-122.401742 37.789113,-122.407487 37.784545,-122.413979 37.779350,-122.419855 37.765076,-122.418618 37.752322,-122.433657 37.733169,-122.447610 37.721658,-122.469094 37.706204,-122.466267 37.684542,-122.444354 37.664337,-122.416484 37.637620,-122.391995 37.615923,-122.386940 37.600099,-122.386840 37.600199)"
50_29_transit,transit,50,29,-122.295,37.8049,-122.402,37.7892,5.99777,9.65041,5.91495,9.51715,1.014,8.85232,10.1504,113,"LINESTRING(-122.295144 37.804923,-122.295244 37.804823,-122.397180 37.792689,-122.401742 37.789113,-122.401642 37.789213)"
50_30_transit,transit,50,30,-122.295,37.8049,-122.284,37.874,6.84616,11.0155,4.81705,7.75064,1.42123,17.8561,17.8708,1,"LINESTRING(-122.295144 37.804923,-122.295244 37.804823,-122.271689 37.803371,-122.268822 37.807960,-122.267263 37.828714,-122.269850 37.852969,-122.268178 37.870017,-122.283608 37.873932,-122.283508 37.874032)"
50_35_transit,transit,50,35,-122.295,37.8049,-122.056,37.9285,17.1667,27.6212,15.5882,25.0815,1.10126,29.858,29.8581,3,"LINESTRING(-122.295144 37.804923,-122.295244 37.804823,-122.271689 37.803371,-122.268822 37.807960,-122.267263 37.828714,-122.251371 37.844695,-122.183817 37.878403,-122.124744 37.893120,-122.067479 37.905712,-122.056115 37.928363,-122.056015 37.928463)"
50_37_transit,transit,50,37,-122.295,37.8049,-122.299,37.9026,8.9935,14.4705,6.75428,10.8676,1.33152,21.8571,21.8718,1,"LINESTRING(-122.295144 37.804923,-122.295244 37.804823,-122.271689 37.803371,-122.268822 37.807960,-122.267263 37.828714,-122.269850 37.852969,-122.268178 37.870017,-122.283608 37.873932,-122.298995 37.902533,-122.298895 37.902633)"
50_38_transit,transit,50,38,-122.295,37.8049,-122.407,37.7846,6.44286,10.3666,6.28647,10.1149,1.02488,10.8533,12.1741,71,"LINESTRING(-122.295144 37.804923,-122.295244 37.804823,-122.397180 37.792689,-122.401742 37.789113,-122.407487 37.784545,-122.407387 37.784645)"
50_40_transit,transit,50,40,-122.295,37.8049,-122.251,37.8448,4.50246,7.24446,3.65006,5.87295,1.23353,12.8542,12.8543,1,"LINESTRING(-122.295144 37.804923,-122.295244 37.804823,-122.271689 37.803371,-122.268822 37.807960,-122.267263 37.828714,-122.251371 37.844695,-122.251271 37.844795)"
50_41_transit,transit,50,41,-122.295,37.8049,-122.161,37.7218,9.51135,15.3038,9.32197,14.999,1.02032,17.8545,17.8577,2,"LINESTRING(-122.295144 37.804923,-122.295244 37.804823,-122.265332 37.797257,-122.224167 37.774773,-122.196798 37.753504,-122.160813 37.721706,-122.160713 37.721806)"
50_43_transit,transit,50,43,-122.295,37.8049,-122.392,37.616,20.8675,33.5757,14.0826,22.6589,1.48179,41.8637,43.196,10,"LINESTRING(-122.295144 37.804923,-122.295244 37.804823,-122.397180 37.792689,-122.401742 37.789113,-122.407487 37.784545,-122.413979 37.779350,-122.419855 37.765076,-122.418618 37.752322,-122.433657 37.733169,-122.447610 37.721658,-122.469094 37.706204,-122.466267 37.684542,-122.444354 37.664337,-122.416484 37.637620,-122.391995 37.615923,-122.391895 37.616023)"
50_44_transit,transit,50,44,-122.295,37.8049,-122.057,37.6344,17.8555,28.7295,17.5516,28.2406,1.01731,30.8577,30.8724,1,"LINESTRING(-122.295144 37.804923,-122.295244 37.804823,-122.265332 37.797257,-122.224167 37.774773,-122.196798 37.753504,-122.160813 37.721706,-122.126531 37.696838,-122.087041 37.669631,-122.057258 37.634263,-122.057158 37.634363)"
50_46_transit,transit,50,46,-122.295,37.8049,-122.017,37.5908,21.5778,34.7188,21.2085,34.1245,1.01742,35.8588,35.8769,2,"LINESTRING(-122.295144 37.804923,-122.295244 37.804823,-122.265332 37.797257,-122.224167 37.774773,-122.196798 37.753504,-122.160813 37.721706,-122.126531 37.696838,-122.087041 37.669631,-122.057258 37.634263,-122.017330 37.590665,-122.017230 37.590765)"
50_47_transit,transit,50,47,-122.295,37.8049,-121.939,37.5023,29.1036,46.8276,28.5653,45.9615,1.01884,46.861,46.8807,1,"LINESTRING(-122.295144 37.804923,-122.295244 37.804823,-122.265332 37.797257,-122.224167 37.774773,-122.196798 37.753504,-122.160813 37.721706,-122.126531 37.696838,-122.087041 37.669631,-122.057258 37.634263,-122.017330 37.590665,-121.976705 37.557413,-121.939458 37.502207,-121.939358 37.502307)"
50_48_transit,transit,50,48,-122.295,37.8049,-122.067,37.9058,15.4832,24.9124,14.2473,22.9239,1.08674,27.8571,27.8575,1,"LINESTRING(-122.295144 37.804923,-122.295244 37.804823,-122.271689 37.803371,-122.268822 37.807960,-122.267263 37.828714,-122.251371 37.844695,-122.183817 37.878403,-122.124744 37.893120,-122.067479 37.905712,-122.067379 37.905812)"
50_49_transit,transit,50,49,-122.295,37.8049,-121.928,37.6998,22.9451,36.9187,21.3173,34.2995,1.07636,35.8575,35.862,1,"LINESTRING(-122.295144 37.804923,-122.295244 37.804823,-122.265332 37.797257,-122.224167 37.774773,-122.196798 37.753504,-122.160813 37.721706,-122.126531 37.696838,-122.075715 37.690676,-121.928401 37.699660,-121.928301 37.699760)"
