path_id,service_route_id,o_zone_id,d_zone_id,unique_route_id,agent_type,demand_period,toll,travel_time,distance,link_sequence,node_sequence,geometry,prob,node_ids,link_ids,distance_mile,total_distance_km,total_free_flow_travel_time,total_travel_time,route_key,seed_od_volume,target_od_volume,final_est_od_volume,volume
0,6,1,2,4,transit,AM,0,16.0777,14920.1,11;1028;1074;1050;1057;1063;1040;1029,1;383;406;394;398;401;389;384;2,,0.182617,1;383;406;394;398;401;389;384;2,11;1028;1074;1050;1057;1063;1040;1029,9.27291,14.9201,16.0776,16.0777,2758_7352,10,0,10,1.82617
1,1,1,2,2,transit,AM,0,16.0777,14920.1,2;384;525;440;464;492;416;389,1;52;124;80;92;106;68;55;2,,0.143564,1;52;124;80;92;106;68;55;2,2;384;525;440;464;492;416;389,9.27291,14.9201,16.0776,16.0777,580_3112,10,0,10,1.43564
2,2,1,2,3,transit,AM,0,16.0777,14920.1,3;386;527;442;466;494;418;391,1;53;125;81;93;107;69;56;2,,0.0558212,1;53;125;81;93;107;69;56;2,3;386;527;442;466;494;418;391,9.27291,14.9201,16.0776,16.0777,587_3127,10,0,10,0.558212
3,0,1,2,1,transit,AM,0,16.0777,14920.1,1;382;523;438;462;490;414;387,1;51;123;79;91;105;67;54;2,,0.617998,1;51;123;79;91;105;67;54;2,1;382;523;438;462;490;414;387,9.27291,14.9201,16.0776,16.0777,573_3097,10,0,10,6.17998
4,8,1,3,3,transit,AM,0,0.817496,597.268,6;606;617,1;166;172;3,,0,1;166;172;3,6;606;617,0.371205,0.597268,0.817496,0.817496,342_1229,4,0,4,0
5,1,1,3,2,transit,AM,0,0.817496,597.268,5;604;615,1;165;171;3,,0.869169,1;165;171;3,5;604;615,0.371205,0.597268,0.817496,0.817496,340_1224,4,0,4,3.47668
6,0,1,3,1,transit,AM,0,0.817496,597.268,4;602;613,1;164;170;3,,0.130831,1;164;170;3,4;602;613,0.371205,0.597268,0.817496,0.817496,338_1219,4,0,4,0.523324
7,6,1,4,4,transit,AM,0,17.5928,16342.2,11;1028;1074;1050;1057;1063;1040;1030;1033,1;383;406;394;398;401;389;384;386;4,,0.182617,1;383;406;394;398;401;389;384;386;4,11;1028;1074;1050;1057;1063;1040;1030;1033,10.1567,16.3422,17.5927,17.5928,3146_8386,12,0,12,2.19141
8,2,1,4,3,transit,AM,0,17.5928,16342.2,3;386;527;442;466;494;418;392;403,1;53;125;81;93;107;69;56;62;4,,0.0558212,1;53;125;81;93;107;69;56;62;4,3;386;527;442;466;494;418;392;403,10.1567,16.3422,17.5927,17.5928,651_3531,12,0,12,0.669855
9,1,1,4,2,transit,AM,0,17.5928,16342.2,2;384;525;440;464;492;416;390;401,1;52;124;80;92;106;68;55;61;4,,0.143564,1;52;124;80;92;106;68;55;61;4,2;384;525;440;464;492;416;390;401,10.1567,16.3422,17.5927,17.5928,643_3514,12,0,12,1.72276
10,0,1,4,1,transit,AM,0,17.5928,16342.2,1;382;523;438;462;490;414;388;399,1;51;123;79;91;105;67;54;60;4,,0.617998,1;51;123;79;91;105;67;54;60;4,1;382;523;438;462;490;414;388;399,10.1567,16.3422,17.5927,17.5928,635_3497,12,0,12,7.41598
11,2,1,6,3,transit,AM,0,6.16309,5614.57,8;754;760;820;765,1;242;245;275;248;6,,0.800639,1;242;245;275;248;6,8;754;760;820;765,3.48948,5.61457,6.16309,6.16309,1017_3107,5,0,5,4.00319
12,1,1,6,2,transit,AM,0,6.1631,5614.57,9;756;762;822;767,1;243;246;276;249;6,,0.0685305,1;243;246;276;249;6,9;756;762;822;767,3.48948,5.61457,6.16309,6.1631,1021_3116,5,0,5,0.342653
13,0,1,6,1,transit,AM,0,6.16315,5614.57,7;752;758;818;763,1;241;244;274;247;6,,0.130831,1;241;244;274;247;6,7;752;758;818;763,3.48948,5.61457,6.16309,6.16315,1013_3098,5,0,5,0.654155
14,6,1,7,4,transit,AM,0,22.1519,20621.3,11;1028;1074;1050;1057;1063;1040;1030;1034;1052;1037,1;383;406;394;398;401;389;384;386;395;388;7,,0.182617,1;383;406;394;398;401;389;384;386;395;388;7,11;1028;1074;1050;1057;1063;1040;1030;1034;1052;1037,12.8162,20.6213,22.1518,22.1519,3932_10476,4,0,4,0.730469
15,2,1,7,3,transit,AM,0,22.1519,20621.3,3;386;527;442;466;494;418;392;404;448;411,1;53;125;81;93;107;69;56;62;84;66;7,,0.0558212,1;53;125;81;93;107;69;56;62;84;66;7,3;386;527;442;466;494;418;392;404;448;411,12.8162,20.6213,22.1518,22.1519,804_4391,4,0,4,0.223285
16,1,1,7,2,transit,AM,0,22.1519,20621.3,2;384;525;440;464;492;416;390;402;446;409,1;52;124;80;92;106;68;55;61;83;65;7,,0.143564,1;52;124;80;92;106;68;55;61;83;65;7,2;384;525;440;464;492;416;390;402;446;409,12.8162,20.6213,22.1518,22.1519,794_4370,4,0,4,0.574255
17,0,1,7,1,transit,AM,0,22.1519,20621.3,1;382;523;438;462;490;414;388;400;444;407,1;51;123;79;91;105;67;54;60;82;64;7,,0.617998,1;51;123;79;91;105;67;54;60;82;64;7,1;382;523;438;462;490;414;388;400;444;407,12.8162,20.6213,22.1518,22.1519,784_4349,4,0,4,2.47199
18,0,1,8,1,transit,AM,0,18.8391,17512,10;859;880;876;868;892;864,1;296;307;305;301;313;299;8,,1,1;296;307;305;301;313;299;8,10;859;880;876;868;892;864,10.8838,17.512,18.8391,18.8391,1830_5249,3,0,3,3
19,0,1,9,1,transit,AM,0,65.0534,60887.8,10;859;880;876;868;892;865;878;894;896;874;898;884;866,1;296;307;305;301;313;299;306;314;315;304;316;309;300;9,,1,1;296;307;305;301;313;299;306;314;315;304;316;309;300;9,10;859;880;876;868;892;865;878;894;896;874;898;884;866,37.842,60.8878,65.0534,65.0534,3995_11440,1,0,1,1
20,6,1,11,4,transit,AM,0,14.2997,13251.4,11;1028;1074;1050;1057;1063;1039,1;383;406;394;398;401;389;11,,0.182617,1;383;406;394;398;401;389;11,11;1028;1074;1050;1057;1063;1039,8.23578,13.2514,14.2996,14.2997,2383_6322,44,0,44,8.03516
21,2,1,11,3,transit,AM,0,14.2997,13251.4,3;386;527;442;466;494;417,1;53;125;81;93;107;69;11,,0.0558212,1;53;125;81;93;107;69;11,3;386;527;442;466;494;417,8.23578,13.2514,14.2996,14.2997,540_2735,44,0,44,2.45613
22,1,1,11,2,transit,AM,0,14.2997,13251.4,2;384;525;440;464;492;415,1;52;124;80;92;106;68;11,,0.143564,1;52;124;80;92;106;68;11,2;384;525;440;464;492;415,8.23578,13.2514,14.2996,14.2997,534_2722,44,0,44,6.3168
23,0,1,11,1,transit,AM,0,14.2997,13251.4,1;382;523;438;462;490;413,1;51;123;79;91;105;67;11,,0.617998,1;51;123;79;91;105;67;11,1;382;523;438;462;490;413,8.23578,13.2514,14.2996,14.2997,528_2709,44,0,44,27.1919
24,0,1,13,1,transit,AM,0,9.4263,8677.32,10;859;880;876;867,1;296;307;305;301;13,,1,1;296;307;305;301;13,10;859;880;876;867,5.39299,8.67732,9.4263,9.4263,1223_3492,6,0,6,6
25,1,1,14,2,transit,AM,0,33.3176,31101.4,5;604;616;676;721;694;670;739;704;645,1;165;171;202;225;211;199;234;216;187;14,,0.869169,1;165;171;202;225;211;199;234;216;187;14,5;604;616;676;721;694;670;739;704;645,19.3296,31.1014,33.3176,33.3176,1825_6074,2,0,2,1.73834
26,0,1,14,1,transit,AM,0,33.3176,31101.4,4;602;614;674;719;692;668;737;702;643,1;164;170;201;224;210;198;233;215;186;14,,0.130831,1;164;170;201;224;210;198;233;215;186;14,4;602;614;674;719;692;668;737;702;643,19.3296,31.1014,33.3176,33.3176,1816_6055,2,0,2,0.261662
27,6,1,15,4,transit,AM,0,24.8727,23175,11;1028;1074;1050;1057;1063;1040;1030;1034;1052;1038;1043,1;383;406;394;398;401;389;384;386;395;388;391;15,,0.182617,1;383;406;394;398;401;389;384;386;395;388;391;15,11;1028;1074;1050;1057;1063;1040;1030;1034;1052;1038;1043,14.4034,23.175,24.8727,24.8727,4331_11520,4,0,4,0.730469
28,2,1,15,3,transit,AM,0,24.8727,23175,3;386;527;442;466;494;418;392;404;448;412;435,1;53;125;81;93;107;69;56;62;84;66;78;15,,0.0558212,1;53;125;81;93;107;69;56;62;84;66;78;15,3;386;527;442;466;494;418;392;404;448;412;435,14.4034,23.175,24.8727,24.8727,890_4827,4,0,4,0.223285
29,1,1,15,2,transit,AM,0,24.8727,23175,2;384;525;440;464;492;416;390;402;446;410;433,1;52;124;80;92;106;68;55;61;83;65;77;15,,0.143564,1;52;124;80;92;106;68;55;61;83;65;77;15,2;384;525;440;464;492;416;390;402;446;410;433,14.4034,23.175,24.8727,24.8727,879_4804,4,0,4,0.574255
30,0,1,15,1,transit,AM,0,24.8727,23175,1;382;523;438;462;490;414;388;400;444;408;431,1;51;123;79;91;105;67;54;60;82;64;76;15,,0.617998,1;51;123;79;91;105;67;54;60;82;64;76;15,1;382;523;438;462;490;414;388;400;444;408;431,14.4034,23.175,24.8727,24.8727,868_4781,4,0,4,2.47199
31,2,1,16,3,transit,AM,0,8.18839,7515.49,8;754;760;820;766;785,1;242;245;275;248;258;16,,0.800639,1;242;245;275;248;258;16,8;754;760;820;766;785,4.67091,7.51549,8.18839,8.18839,1285_3893,17,0,17,13.6109
32,1,1,16,2,transit,AM,0,8.1884,7515.49,9;756;762;822;768;787,1;243;246;276;249;259;16,,0.0685305,1;243;246;276;249;259;16,9;756;762;822;768;787,4.67091,7.51549,8.18839,8.1884,1290_3904,17,0,17,1.16502
33,0,1,16,1,transit,AM,0,8.18846,7515.49,7;752;758;818;764;783,1;241;244;274;247;257;16,,0.130831,1;241;244;274;247;257;16,7;752;758;818;764;783,4.67091,7.51549,8.18839,8.18846,1280_3882,17,0,17,2.22413
34,2,1,17,3,transit,AM,0,16.5414,15355.5,8;754;760;820;766;786;828;834;791,1;242;245;275;248;258;279;282;261;17,,0.800639,1;242;245;275;248;258;279;282;261;17,8;754;760;820;766;786;828;834;791,9.54353,15.3555,16.5414,16.5414,2108_6347,8,0,8,6.40511
35,1,1,17,2,transit,AM,0,16.5414,15355.5,9;756;762;822;768;788;830;836;793,1;243;246;276;249;259;280;283;262;17,,0.0685305,1;243;246;276;249;259;280;283;262;17,9;756;762;822;768;788;830;836;793,9.54353,15.3555,16.5414,16.5414,2116_6364,8,0,8,0.548244
36,0,1,17,1,transit,AM,0,16.5415,15355.5,7;752;758;818;764;784;826;832;789,1;241;244;274;247;257;278;281;260;17,,0.130831,1;241;244;274;247;257;278;281;260;17,7;752;758;818;764;784;826;832;789,9.54353,15.3555,16.5414,16.5415,2100_6330,8,0,8,1.04665
37,2,1,19,3,transit,AM,0,12.0705,11159.1,3;386;527;441,1;53;125;81;19,,0.0558212,1;53;125;81;19,3;386;527;441,6.93544,11.1591,12.0705,12.0705,279_1357,79,0,79,4.40988
38,6,1,19,4,transit,AM,0,12.0705,11159.1,11;1028;1074;1049,1;383;406;394;19,,0.182617,1;383;406;394;19,11;1028;1074;1049,6.93544,11.1591,12.0705,12.0705,1203_3162,79,0,79,14.4268
39,1,1,19,2,transit,AM,0,12.0705,11159.1,2;384;525;439,1;52;124;80;19,,0.143564,1;52;124;80;19,2;384;525;439,6.93544,11.1591,12.0705,12.0705,276_1350,79,0,79,11.3415
40,0,1,19,1,transit,AM,0,12.0705,11159.1,1;382;523;437,1;51;123;79;19,,0.617998,1;51;123;79;19,1;382;523;437,6.93544,11.1591,12.0705,12.0705,273_1343,79,0,79,48.8218
41,0,1,20,1,transit,AM,0,40.6442,37977.8,10;859;880;876;868;892;865;878;894;896;873,1;296;307;305;301;313;299;306;314;315;304;20,,1,1;296;307;305;301;313;299;306;314;315;304;20,10;859;880;876;868;892;865;878;894;896;873,23.6034,37.9778,40.6442,40.6442,3081_8791,3,0,3,3
42,0,1,21,1,transit,AM,0,5.83268,5304.42,10;859;880;875,1;296;307;305;21,,1,1;296;307;305;21,10;859;880;875,3.29672,5.30442,5.83268,5.83268,930_2624,1,0,1,1
43,6,1,22,4,transit,AM,0,20.2631,18848.5,11;1028;1074;1050;1057;1063;1040;1030;1034;1051,1;383;406;394;398;401;389;384;386;395;22,,0.182617,1;383;406;394;398;401;389;384;386;395;22,11;1028;1074;1050;1057;1063;1040;1030;1034;1051,11.7144,18.8485,20.263,20.2631,3559_9438,8,0,8,1.46094
44,2,1,22,3,transit,AM,0,20.2631,18848.5,3;386;527;442;466;494;418;392;404;447,1;53;125;81;93;107;69;56;62;84;22,,0.0558212,1;53;125;81;93;107;69;56;62;84;22,3;386;527;442;466;494;418;392;404;447,11.7144,18.8485,20.263,20.2631,753_3979,8,0,8,0.44657
45,1,1,22,2,transit,AM,0,20.2631,18848.5,2;384;525;440;464;492;416;390;402;445,1;52;124;80;92;106;68;55;61;83;22,,0.143564,1;52;124;80;92;106;68;55;61;83;22,2;384;525;440;464;492;416;390;402;445,11.7144,18.8485,20.263,20.2631,744_3960,8,0,8,1.14851
46,0,1,22,1,transit,AM,0,20.2631,18848.5,1;382;523;438;462;490;414;388;400;443,1;51;123;79;91;105;67;54;60;82;22,,0.617998,1;51;123;79;91;105;67;54;60;82;22,1;382;523;438;462;490;414;388;400;443,11.7144,18.8485,20.263,20.2631,735_3941,8,0,8,4.94398
47,0,1,23,1,transit,AM,0,23.747,22118.5,10;859;880;876;868;892;865;877,1;296;307;305;301;313;299;306;23,,1,1;296;307;305;301;313;299;306;23,10;859;880;876;868;892;865;877,13.7467,22.1185,23.747,23.747,2151_6127,3,0,3,3
48,1,1,24,2,transit,AM,0,18.9507,17616.9,5;604;616;676;721;694;669,1;165;171;202;225;211;199;24,,0.869169,1;165;171;202;225;211;199;24,5;604;616;676;721;694;669,10.949,17.6169,18.9507,18.9507,1198_3985,2,0,2,1.73834
49,0,1,24,1,transit,AM,0,18.9507,17616.9,4;602;614;674;719;692;667,1;164;170;201;224;210;198;24,,0.130831,1;164;170;201;224;210;198;24,4;602;614;674;719;692;667,10.949,17.6169,18.9507,18.9507,1192_3972,2,0,2,0.261662
50,8,1,26,3,transit,AM,0,3.28003,2908.57,6;606;618;677,1;166;172;203;26,,0,1;166;172;203;26,6;606;618;677,1.80769,2.90857,3.28003,3.28003,568_1907,8,0,8,0
51,1,1,26,2,transit,AM,0,3.28003,2908.57,5;604;616;675,1;165;171;202;26,,0.869169,1;165;171;202;26,5;604;616;675,1.80769,2.90857,3.28003,3.28003,565_1900,8,0,8,6.95335
52,0,1,26,1,transit,AM,0,3.28003,2908.57,4;602;614;673,1;164;170;201;26,,0.130831,1;164;170;201;26,4;602;614;673,1.80769,2.90857,3.28003,3.28003,562_1893,8,0,8,1.04665
53,0,1,27,1,transit,AM,0,40.0909,37458.5,11;1028;1074;1050;1057;1063;1040;1030;1034;1052;1038;1044;1042;1072;1067;1069;1055,1;383;406;394;398;401;389;384;386;395;388;391;390;405;403;404;397;27,,1,1;383;406;394;398;401;389;384;386;395;388;391;390;405;403;404;397;27,11;1028;1074;1050;1057;1063;1040;1030;1034;1052;1038;1044;1042;1072;1067;1069;1055,23.2806,37.4585,40.0908,40.0909,6342_16826,2,0,2,2
54,0,1,28,1,transit,AM,0,59.9265,56075.8,10;859;880;876;868;892;865;878;894;896;874;898;883,1;296;307;305;301;313;299;306;314;315;304;316;309;28,,1,1;296;307;305;301;313;299;306;314;315;304;316;309;28,10;859;880;876;868;892;865;878;894;896;874;898;883,34.8513,56.0758,59.9265,59.9265,3714_10573,2,0,2,2
55,6,1,29,4,transit,AM,0,12.672,11723.6,11;1028;1074;1050;1056,1;383;406;394;398;29,,0.182617,1;383;406;394;398;29,11;1028;1074;1050;1056,7.28628,11.7236,12.6719,12.672,1611_4219,58,0,58,10.5918
56,2,1,29,3,transit,AM,0,12.672,11723.6,3;386;527;442;465,1;53;125;81;93;29,,0.0558212,1;53;125;81;93;29,3;386;527;442;465,7.28628,11.7236,12.6719,12.672,382_1823,58,0,58,3.23763
57,1,1,29,2,transit,AM,0,12.672,11723.6,2;384;525;440;463,1;52;124;80;92;29,,0.143564,1;52;124;80;92;29,2;384;525;440;463,7.28628,11.7236,12.6719,12.672,378_1814,58,0,58,8.32669
58,0,1,29,1,transit,AM,0,12.672,11723.6,1;382;523;438;461,1;51;123;79;91;29,,0.617998,1;51;123;79;91;29,1;382;523;438;461,7.28628,11.7236,12.6719,12.672,374_1805,58,0,58,35.8439
59,2,1,30,3,transit,AM,0,9.70377,8937.8,8;754;760;820;766;786;827,1;242;245;275;248;258;279;30,,0.800639,1;242;245;275;248;258;279;30,8;754;760;820;766;786;827,5.55488,8.9378,9.70377,9.70377,1578_4721,4,0,4,3.20255
60,1,1,30,2,transit,AM,0,9.70378,8937.8,9;756;762;822;768;788;829,1;243;246;276;249;259;280;30,,0.0685305,1;243;246;276;249;259;280;30,9;756;762;822;768;788;829,5.55488,8.9378,9.70377,9.70378,1584_4734,4,0,4,0.274122
61,0,1,30,1,transit,AM,0,9.70384,8937.8,7;752;758;818;764;784;825,1;241;244;274;247;257;278;30,,0.130831,1;241;244;274;247;257;278;30,7;752;758;818;764;784;825,5.55488,8.9378,9.70377,9.70384,1572_4708,4,0,4,0.523324
62,1,1,31,2,transit,AM,0,36.8534,34420,5;604;616;676;721;694;670;739;704;646;687,1;165;171;202;225;211;199;234;216;187;208;31,,0.869169,1;165;171;202;225;211;199;234;216;187;208;31,5;604;616;676;721;694;670;739;704;646;687,21.3922,34.42,36.8534,36.8534,2050_6762,2,0,2,1.73834
63,0,1,31,1,transit,AM,0,36.8534,34420,4;602;614;674;719;692;668;737;702;644;685,1;164;170;201;224;210;198;233;215;186;207;31,,0.130831,1;164;170;201;224;210;198;233;215;186;207;31,4;602;614;674;719;692;668;737;702;644;685,21.3922,34.42,36.8534,36.8534,2040_6741,2,0,2,0.261662
64,8,1,33,3,transit,AM,0,13.1599,12181.7,6;606;618;678;723;695,1;166;172;203;226;212;33,,0,1;166;172;203;226;212;33,6;606;618;678;723;695,7.57097,12.1817,13.1599,13.1599,1013_3326,3,0,3,0
65,1,1,33,2,transit,AM,0,13.1599,12181.7,5;604;616;676;721;693,1;165;171;202;225;211;33,,0.869169,1;165;171;202;225;211;33,5;604;616;676;721;693,7.57097,12.1817,13.1599,13.1599,1008_3315,3,0,3,2.60751
66,0,1,33,1,transit,AM,0,13.1599,12181.7,4;602;614;674;719;691,1;164;170;201;224;210;33,,0.130831,1;164;170;201;224;210;33,4;602;614;674;719;691,7.57097,12.1817,13.1599,13.1599,1003_3304,3,0,3,0.392493
67,1,1,35,2,transit,AM,0,27.3923,25540,5;604;616;676;721;694;670;739;703,1;165;171;202;225;211;199;234;216;35,,0.869169,1;165;171;202;225;211;199;234;216;35,5;604;616;676;721;694;670;739;703,15.8732,25.54,27.3923,27.3923,1659_5428,5,0,5,4.34585
68,0,1,35,1,transit,AM,0,27.3923,25540,4;602;614;674;719;692;668;737;701,1;164;170;201;224;210;198;233;215;35,,0.130831,1;164;170;201;224;210;198;233;215;35,4;602;614;674;719;692;668;737;701,15.8732,25.54,27.3923,27.3923,1651_5411,5,0,5,0.654155
69,2,1,37,3,transit,AM,0,13.3841,12392.1,8;754;760;820;766;786;828;833,1;242;245;275;248;258;279;282;37,,0.800639,1;242;245;275;248;258;279;282;37,8;754;760;820;766;786;828;833,7.70176,12.3921,13.3841,13.3841,1867_5555,3,0,3,2.40192
70,1,1,37,2,transit,AM,0,13.3841,12392.1,9;756;762;822;768;788;830;835,1;243;246;276;249;259;280;283;37,,0.0685305,1;243;246;276;249;259;280;283;37,9;756;762;822;768;788;830;835,7.70176,12.3921,13.3841,13.3841,1874_5570,3,0,3,0.205592
71,0,1,37,1,transit,AM,0,13.3842,12392.1,7;752;758;818;764;784;826;831,1;241;244;274;247;257;278;281;37,,0.130831,1;241;244;274;247;257;278;281;37,7;752;758;818;764;784;826;831,7.70176,12.3921,13.3841,13.3842,1860_5540,3,0,3,0.392493
72,6,1,38,4,transit,AM,0,13.4349,12439.6,11;1028;1074;1050;1057;1062,1;383;406;394;398;401;38,,0.182617,1;383;406;394;398;401;38,11;1028;1074;1050;1057;1062,7.73128,12.4396,13.4348,13.4349,2021_5282,46,0,46,8.40039
73,2,1,38,3,transit,AM,0,13.4348,12439.6,3;386;527;442;466;493,1;53;125;81;93;107;38,,0.0558212,1;53;125;81;93;107;38,3;386;527;442;466;493,7.73128,12.4396,13.4348,13.4348,498_2317,46,0,46,2.56778
74,1,1,38,2,transit,AM,0,13.4348,12439.6,2;384;525;440;464;491,1;52;124;80;92;106;38,,0.143564,1;52;124;80;92;106;38,2;384;525;440;464;491,7.73128,12.4396,13.4348,13.4348,493_2306,46,0,46,6.60393
75,0,1,38,1,transit,AM,0,13.4349,12439.6,1;382;523;438;462;489,1;51;123;79;91;105;38,,0.617998,1;51;123;79;91;105;38,1;382;523;438;462;489,7.73128,12.4396,13.4348,13.4349,488_2295,46,0,46,28.4279
76,2,1,39,3,transit,AM,0,20.1858,18776.1,8;754;760;820;766;786;828;834;792;838,1;242;245;275;248;258;279;282;261;285;39,,0.800639,1;242;245;275;248;258;279;282;261;285;39,8;754;760;820;766;786;828;834;792;838,11.6694,18.7761,20.1858,20.1858,2415_7186,2,0,2,1.60128
77,1,1,39,2,transit,AM,0,20.1858,18776.1,9;756;762;822;768;788;830;836;794;839,1;243;246;276;249;259;280;283;262;286;39,,0.0685305,1;243;246;276;249;259;280;283;262;286;39,9;756;762;822;768;788;830;836;794;839,11.6694,18.7761,20.1858,20.1858,2424_7204,2,0,2,0.137061
78,0,1,39,1,transit,AM,0,20.1859,18776.1,7;752;758;818;764;784;826;832;790;837,1;241;244;274;247;257;278;281;260;284;39,,0.130831,1;241;244;274;247;257;278;281;260;284;39,7;752;758;818;764;784;826;832;790;837,11.6694,18.7761,20.1858,20.1859,2406_7168,2,0,2,0.261662
79,8,1,40,3,transit,AM,0,5.68688,5167.61,6;606;618;678;722,1;166;172;203;226;40,,0,1;166;172;203;226;40,6;606;618;678;722,3.21169,5.16761,5.68688,5.68688,808_2630,3,0,3,0
80,1,1,40,2,transit,AM,0,5.68688,5167.61,5;604;616;676;720,1;165;171;202;225;40,,0.869169,1;165;171;202;225;40,5;604;616;676;720,3.21169,5.16761,5.68688,5.68688,804_2621,3,0,3,2.60751
81,0,1,40,1,transit,AM,0,5.68688,5167.61,4;602;614;674;718,1;164;170;201;224;40,,0.130831,1;164;170;201;224;40,4;602;614;674;718,3.21169,5.16761,5.68688,5.68688,800_2612,3,0,3,0.392493
82,0,1,41,1,transit,AM,0,14.4807,13421.3,10;859;880;876;868;891,1;296;307;305;301;313;41,,1,1;296;307;305;301;313;41,10;859;880;876;868;891,8.34138,13.4213,14.4807,14.4807,1564_4384,7,0,7,7
83,6,1,43,4,transit,AM,0,38.1575,35643.8,11;1028;1074;1050;1057;1063;1040;1030;1034;1052;1038;1044;1042;1072;1067;1068,1;383;406;394;398;401;389;384;386;395;388;391;390;405;403;404;43,,0.182617,1;383;406;394;398;401;389;384;386;395;388;391;390;405;403;404;43,11;1028;1074;1050;1057;1063;1040;1030;1034;1052;1038;1044;1042;1072;1067;1068,22.1528,35.6438,38.1574,38.1575,5961_15770,11,0,11,2.00879
84,2,1,43,3,transit,AM,0,38.1575,35643.8,3;386;527;442;466;494;418;392;404;448;412;436;424;515;506;509,1;53;125;81;93;107;69;56;62;84;66;78;72;119;113;116;43,,0.0558212,1;53;125;81;93;107;69;56;62;84;66;78;72;119;113;116;43,3;386;527;442;466;494;418;392;404;448;412;436;424;515;506;509,22.1528,35.6438,38.1574,38.1575,1338_6782,11,0,11,0.614033
85,1,1,43,2,transit,AM,0,38.1575,35643.8,2;384;525;440;464;492;416;390;402;446;410;434;422;513;504;508,1;52;124;80;92;106;68;55;61;83;65;77;71;118;112;115;43,,0.143564,1;52;124;80;92;106;68;55;61;83;65;77;71;118;112;115;43,2;384;525;440;464;492;416;390;402;446;410;434;422;513;504;508,22.1528,35.6438,38.1574,38.1575,1323_6752,11,0,11,1.5792
86,0,1,43,1,transit,AM,0,38.1575,35643.8,1;382;523;438;462;490;414;388;400;444;408;432;420;511;502;507,1;51;123;79;91;105;67;54;60;82;64;76;70;117;111;114;43,,0.617998,1;51;123;79;91;105;67;54;60;82;64;76;70;117;111;114;43,1;382;523;438;462;490;414;388;400;444;408;432;420;511;502;507,22.1528,35.6438,38.1574,38.1575,1308_6722,11,0,11,6.79798
87,0,1,44,1,transit,AM,0,28.7819,26844.1,10;859;880;876;868;892;865;878;893,1;296;307;305;301;313;299;306;314;44,,1,1;296;307;305;301;313;299;306;314;44,10;859;880;876;868;892;865;878;893,16.6837,26.8441,28.7819,28.7819,2486_7021,3,0,3,3
88,6,1,45,4,transit,AM,0,30.6062,28556.3,11;1028;1074;1050;1057;1063;1040;1030;1034;1052;1038;1044;1042;1071,1;383;406;394;398;401;389;384;386;395;388;391;390;405;45,,0.182617,1;383;406;394;398;401;389;384;386;395;388;391;390;405;45,11;1028;1074;1050;1057;1063;1040;1030;1034;1052;1038;1044;1042;1071,17.7478,28.5563,30.6061,30.6062,5156_13634,2,0,2,0.365234
89,2,1,45,3,transit,AM,0,30.6062,28556.3,3;386;527;442;466;494;418;392;404;448;412;436;424;514,1;53;125;81;93;107;69;56;62;84;66;78;72;119;45,,0.0558212,1;53;125;81;93;107;69;56;62;84;66;78;72;119;45,3;386;527;442;466;494;418;392;404;448;412;436;424;514,17.7478,28.5563,30.6061,30.6062,1111_5766,2,0,2,0.111642
90,1,1,45,2,transit,AM,0,30.6062,28556.3,2;384;525;440;464;492;416;390;402;446;410;434;422;512,1;52;124;80;92;106;68;55;61;83;65;77;71;118;45,,0.143564,1;52;124;80;92;106;68;55;61;83;65;77;71;118;45,2;384;525;440;464;492;416;390;402;446;410;434;422;512,17.7478,28.5563,30.6061,30.6062,1098_5739,2,0,2,0.287127
91,0,1,45,1,transit,AM,0,30.6062,28556.3,1;382;523;438;462;490;414;388;400;444;408;432;420;510,1;51;123;79;91;105;67;54;60;82;64;76;70;117;45,,0.617998,1;51;123;79;91;105;67;54;60;82;64;76;70;117;45,1;382;523;438;462;490;414;388;400;444;408;432;420;510,17.7478,28.5563,30.6061,30.6062,1085_5712,2,0,2,1.236
92,0,1,46,1,transit,AM,0,35.1617,32832.1,10;859;880;876;868;892;865;878;894;895,1;296;307;305;301;313;299;306;314;315;46,,1,1;296;307;305;301;313;299;306;314;315;46,10;859;880;876;868;892;865;878;894;895,20.4053,32.8321,35.1617,35.1617,2803_7917,1,0,1,1
93,0,1,47,1,transit,AM,0,48.0603,44938.4,10;859;880;876;868;892;865;878;894;896;874;897,1;296;307;305;301;313;299;306;314;315;304;316;47,,1,1;296;307;305;301;313;299;306;314;315;304;316;47,10;859;880;876;868;892;865;878;894;896;874;897,27.9294,44.9384,48.0603,48.0603,3424_9689,1,0,1,1
94,1,1,48,2,transit,AM,0,24.5069,22831.8,5;604;616;676;721;694;670;738,1;165;171;202;225;211;199;234;48,,0.869169,1;165;171;202;225;211;199;234;48,5;604;616;676;721;694;670;738,14.19,22.8318,24.5069,24.5069,1456_4724,5,0,5,4.34585
95,0,1,48,1,transit,AM,0,24.5069,22831.8,4;602;614;674;719;692;668;736,1;164;170;201;224;210;198;233;48,,0.130831,1;164;170;201;224;210;198;233;48,4;602;614;674;719;692;668;736,14.19,22.8318,24.5069,24.5069,1449_4709,5,0,5,0.654155
96,7,1,50,4,transit,AM,0,2.42245,2103.63,11;1028;1073,1;383;406;50,,0.15625,1;383;406;50,11;1028;1073,1.30742,2.10363,2.42243,2.42245,840_2112,5,0,5,0.78125
97,2,1,50,3,transit,AM,0,2.42244,2103.63,3;386;526,1;53;125;50,,0.0821884,1;53;125;50,3;386;526,1.30742,2.10363,2.42243,2.42244,229_915,5,0,5,0.410942
98,1,1,50,2,transit,AM,0,2.42244,2103.63,2;384;524,1;52;124;50,,0.143564,1;52;124;50,2;384;524,1.30742,2.10363,2.42243,2.42244,227_910,5,0,5,0.717818
99,0,1,50,1,transit,AM,0,2.42245,2103.63,1;382;522,1;51;123;50,,0.617998,1;51;123;50,1;382;522,1.30742,2.10363,2.42243,2.42245,225_905,5,0,5,3.08999
100,2,2,1,3,transit,AM,0,16.0776,14920.1,20;612;638;717;684;660;747;605,2;169;183;223;206;194;238;166;1,,0.0558212,2;169;183;223;206;194;238;166;1,20;612;638;717;684;660;747;605,9.27291,14.9201,16.0776,16.0776,1382_4683,5,0,5,0.279106
101,1,2,1,2,transit,AM,0,16.0776,14920.1,19;610;636;715;682;658;745;603,2;168;182;222;205;193;237;165;1,,0.738315,2;168;182;222;205;193;237;165;1,19;610;636;715;682;658;745;603,9.27291,14.9201,16.0776,16.0776,1375_4668,5,0,5,3.69157
102,0,2,1,1,transit,AM,0,16.0776,14920.1,18;608;634;713;680;656;743;601,2;167;181;221;204;192;236;164;1,,0.205864,2;167;181;221;204;192;236;164;1,18;608;634;713;680;656;743;601,9.27291,14.9201,16.0776,16.0776,1368_4653,5,0,5,1.02932
103,2,2,3,3,transit,AM,0,16.6838,15489.1,20;612;638;717;684;660;747;606;617,2;169;183;223;206;194;238;166;172;3,,0.0558212,2;169;183;223;206;194;238;166;172;3,20;612;638;717;684;660;747;606;617,9.62651,15.4891,16.6837,16.6838,1556_5301,10,0,10,0.558212
104,1,2,3,2,transit,AM,0,16.6837,15489.1,19;610;636;715;682;658;745;604;615,2;168;182;222;205;193;237;165;171;3,,0.738315,2;168;182;222;205;193;237;165;171;3,19;610;636;715;682;658;745;604;615,9.62651,15.4891,16.6837,16.6837,1548_5284,10,0,10,7.38315
105,0,2,3,1,transit,AM,0,16.6837,15489.1,18;608;634;713;680;656;743;602;613,2;167;181;221;204;192;236;164;170;3,,0.205864,2;167;181;221;204;192;236;164;170;3,18;608;634;713;680;656;743;602;613,9.62651,15.4891,16.6837,16.6837,1540_5267,10,0,10,2.05864
106,5,2,4,6,transit,AM,0,1.72648,1450.38,22;902;905,2;318;320;4,,0.233704,2;318;320;4,22;902;905,0.901418,1.45038,1.72648,1.72648,644_1829,3,0,3,0.701111
107,4,2,4,5,transit,AM,0,1.72648,1450.38,21;900;903,2;317;319;4,,0.0239468,2;317;319;4,21;900;903,0.901418,1.45038,1.72648,1.72648,642_1824,3,0,3,0.0718403
108,3,2,4,4,transit,AM,0,1.72648,1450.38,16;529;530,2;126;127;4,,0.487167,2;126;127;4,16;529;530,0.901418,1.45038,1.72648,1.72648,259_1075,3,0,3,1.4615
109,2,2,4,3,transit,AM,0,1.72648,1450.38,15;392;403,2;56;62;4,,0.0558212,2;56;62;4,15;392;403,0.901418,1.45038,1.72648,1.72648,124_810,3,0,3,0.167464
110,1,2,4,2,transit,AM,0,1.72648,1450.38,14;390;401,2;55;61;4,,0.0685305,2;55;61;4,14;390;401,0.901418,1.45038,1.72648,1.72648,122_805,3,0,3,0.205592
111,0,2,4,1,transit,AM,0,1.72648,1450.38,13;388;399,2;54;60;4,,0.130831,2;54;60;4,13;388;399,0.901418,1.45038,1.72648,1.72648,120_800,3,0,3,0.392493
112,0,2,6,1,transit,AM,0,22.0293,20506.4,25;1078;1088;1112;1106;1098;1122;1076;1080;1102;1083,2;408;413;425;422;418;430;407;409;420;411;6,,1,2;408;413;425;422;418;430;407;409;420;411;6,25;1078;1088;1112;1106;1098;1122;1076;1080;1102;1083,12.7448,20.5064,22.0293,22.0293,4171_10970,1,0,1,1
113,4,2,7,5,transit,AM,0,6.28562,5729.51,21;900;904;938;907,2;317;319;337;321;7,,0.0239468,2;317;319;337;321;7,21;900;904;938;907,3.56091,5.72951,6.28562,6.28562,1303_3670,14,0,14,0.335255
114,2,2,7,3,transit,AM,0,6.28562,5729.51,15;392;404;448;411,2;56;62;84;66;7,,0.0558212,2;56;62;84;66;7,15;392;404;448;411,3.56091,5.72951,6.28562,6.28562,277_1670,14,0,14,0.781497
115,1,2,7,2,transit,AM,0,6.28562,5729.51,14;390;402;446;409,2;55;61;83;65;7,,0.0685305,2;55;61;83;65;7,14;390;402;446;409,3.56091,5.72951,6.28562,6.28562,273_1661,14,0,14,0.959427
116,5,2,7,6,transit,AM,0,6.28562,5729.51,22;902;906;940;909,2;318;320;338;322;7,,0.233704,2;318;320;338;322;7,22;902;906;940;909,3.56091,5.72951,6.28562,6.28562,1307_3679,14,0,14,3.27185
117,3,2,7,4,transit,AM,0,6.28562,5729.51,16;529;531;550;532,2;126;127;137;128;7,,0.487167,2;126;127;137;128;7,16;529;531;550;532,3.56091,5.72951,6.28562,6.28562,527_2158,14,0,14,6.82034
118,0,2,7,1,transit,AM,0,6.28562,5729.51,13;388;400;444;407,2;54;60;82;64;7,,0.130831,2;54;60;82;64;7,13;388;400;444;407,3.56091,5.72951,6.28562,6.28562,269_1652,14,0,14,1.83163
119,0,2,9,1,transit,AM,0,80.7107,75583.5,23;976;986;1012;1010;992;1026;1004;998;988;1014;982;1002;1016;1020;996;1024;1008;984,2;356;362;375;374;365;382;371;368;363;376;359;370;377;379;367;381;373;361;9,,1,2;356;362;375;374;365;382;371;368;363;376;359;370;377;379;367;381;373;361;9,23;976;986;1012;1010;992;1026;1004;998;988;1014;982;1002;1016;1020;996;1024;1008;984,46.9754,75.5835,80.7107,80.7107,6670_18061,1,0,1,1
120,4,2,11,5,transit,AM,0,1.98932,1697.09,25;1078;1087,2;408;413;11,,0.180197,2;408;413;11,25;1078;1087,1.05475,1.69709,1.98932,1.98932,834_2190,7,0,7,1.26138
121,3,2,11,4,transit,AM,0,1.98932,1697.09,23;976;985,2;356;362;11,,0.487167,2;356;362;11,23;976;985,1.05475,1.69709,1.98932,1.98932,731_1984,7,0,7,3.41017
122,5,2,11,6,transit,AM,0,1.98932,1697.09,18;608;633,2;167;181;11,,0.0510864,2;167;181;11,18;608;633,1.05475,1.69709,1.98932,1.98932,361_1259,7,0,7,0.357605
123,1,2,11,2,transit,AM,0,1.98932,1697.09,19;610;635,2;168;182;11,,0.0948977,2;168;182;11,19;610;635,1.05475,1.69709,1.98932,1.98932,363_1264,7,0,7,0.664284
124,2,2,11,3,transit,AM,0,1.98933,1697.09,20;612;637,2;169;183;11,,0.0558212,2;169;183;11,20;612;637,1.05475,1.69709,1.98932,1.98933,365_1269,7,0,7,0.390748
125,0,2,11,1,transit,AM,0,1.98932,1697.09,17;564;573,2;144;149;11,,0.130831,2;144;149;11,17;564;573,1.05475,1.69709,1.98932,1.98932,306_1154,7,0,7,0.915817
126,6,2,12,4,transit,AM,0,11.5859,10704.2,24;1030;1034;1052;1038;1044;1041,2;384;386;395;388;391;390;12,,0.182617,2;384;386;395;388;391;390;12,24;1030;1034;1052;1038;1044;1041,6.65272,10.7042,11.5859,11.5859,2348_6263,4,0,4,0.730469
127,2,2,12,3,transit,AM,0,11.5859,10704.2,15;392;404;448;412;436;423,2;56;62;84;66;78;72;12,,0.0558212,2;56;62;84;66;78;72;12,15;392;404;448;412;436;423,6.65272,10.7042,11.5859,11.5859,432_2530,4,0,4,0.223285
128,1,2,12,2,transit,AM,0,11.5859,10704.2,14;390;402;446;410;434;421,2;55;61;83;65;77;71;12,,0.143564,2;55;61;83;65;77;71;12,14;390;402;446;410;434;421,6.65272,10.7042,11.5859,11.5859,426_2517,4,0,4,0.574255
129,0,2,12,1,transit,AM,0,11.5859,10704.2,13;388;400;444;408;432;419,2;54;60;82;64;76;70;12,,0.617998,2;54;60;82;64;76;70;12,13;388;400;444;408;432;419,6.65272,10.7042,11.5859,11.5859,420_2504,4,0,4,2.47199
130,1,2,13,2,transit,AM,0,25.0836,23373,23;976;986;1012;1010;992;1026;1004;998;987,2;356;362;375;374;365;382;371;368;363;13,,0.611519,2;356;362;375;374;365;382;371;368;363;13,23;976;986;1012;1010;992;1026;1004;998;987,14.5264,23.373,25.0836,25.0836,3331_9014,6,0,6,3.66911
131,0,2,13,1,transit,AM,0,25.0836,23373,17;564;574;591;589;581;597;587;583;575,2;144;149;158;157;153;161;156;154;150;13,,0.388481,2;144;149;158;157;153;161;156;154;150;13,17;564;574;591;589;581;597;587;583;575,14.5264,23.373,25.0836,25.0836,1397_5258,6,0,6,2.33089
132,1,2,14,2,transit,AM,0,49.1838,45993.2,19;610;636;715;682;658;745;604;616;676;721;694;670;739;704;645,2;168;182;222;205;193;237;165;171;202;225;211;199;234;216;187;14,,0.794136,2;168;182;222;205;193;237;165;171;202;225;211;199;234;216;187;14,19;610;636;715;682;658;745;604;616;676;721;694;670;739;704;645,28.5849,45.9932,49.1838,49.1838,3033_10134,1,0,1,0.794136
133,0,2,14,1,transit,AM,0,49.1838,45993.2,18;608;634;713;680;656;743;602;614;674;719;692;668;737;702;643,2;167;181;221;204;192;236;164;170;201;224;210;198;233;215;186;14,,0.205864,2;167;181;221;204;192;236;164;170;201;224;210;198;233;215;186;14,18;608;634;713;680;656;743;602;614;674;719;692;668;737;702;643,28.5849,45.9932,49.1838,49.1838,3018_10103,1,0,1,0.205864
134,5,2,15,6,transit,AM,0,9.00646,8283.23,22;902;906;940;910;926,2;318;320;338;322;331;15,,0.233704,2;318;320;338;322;331;15,22;902;906;940;910;926,5.14806,8.28323,9.00646,9.00646,1646_4606,11,0,11,2.57074
135,4,2,15,5,transit,AM,0,9.00646,8283.23,21;900;904;938;908;925,2;317;319;337;321;330;15,,0.0239468,2;317;319;337;321;330;15,21;900;904;938;908;925,5.14806,8.28323,9.00646,9.00646,1641_4596,11,0,11,0.263414
136,3,2,15,4,transit,AM,0,9.00646,8283.23,16;529;531;550;533;542,2;126;127;137;128;133;15,,0.487167,2;126;127;137;128;133;15,16;529;531;550;533;542,5.14806,8.28323,9.00646,9.00646,668_2701,11,0,11,5.35884
137,2,2,15,3,transit,AM,0,9.00646,8283.23,15;392;404;448;412;435,2;56;62;84;66;78;15,,0.0558212,2;56;62;84;66;78;15,15;392;404;448;412;435,5.14806,8.28323,9.00646,9.00646,363_2106,11,0,11,0.614033
138,1,2,15,2,transit,AM,0,9.00646,8283.23,14;390;402;446;410;433,2;55;61;83;65;77;15,,0.0685305,2;55;61;83;65;77;15,14;390;402;446;410;433,5.14806,8.28323,9.00646,9.00646,358_2095,11,0,11,0.753836
139,0,2,15,1,transit,AM,0,9.00646,8283.23,13;388;400;444;408;431,2;54;60;82;64;76;15,,0.130831,2;54;60;82;64;76;15,13;388;400;444;408;431,5.14806,8.28323,9.00646,9.00646,353_2084,11,0,11,1.43914
140,0,2,16,1,transit,AM,0,24.0546,22407.3,25;1078;1088;1112;1106;1098;1122;1076;1080;1102;1084;1093,2;408;413;425;422;418;430;407;409;420;411;416;16,,1,2;408;413;425;422;418;430;407;409;420;411;416;16,25;1078;1088;1112;1106;1098;1122;1076;1080;1102;1084;1093,13.9262,22.4073,24.0546,24.0546,4597_12064,7,0,7,7
141,0,2,17,1,transit,AM,0,32.4077,30247.3,25;1078;1088;1112;1106;1098;1122;1076;1080;1102;1084;1094;1108;1110;1095,2;408;413;425;422;418;430;407;409;420;411;416;423;424;417;17,,1,2;408;413;425;422;418;430;407;409;420;411;416;423;424;417;17,25;1078;1088;1112;1106;1098;1122;1076;1080;1102;1084;1094;1108;1110;1095,18.7988,30.2473,32.4077,32.4077,5862_15378,1,0,1,1
142,0,2,18,1,transit,AM,0,55.8953,52292.3,17;564;574;591;589;581;597;587;583;576;593;570;572;595;579,2;144;149;158;157;153;161;156;154;150;159;147;148;160;152;18,,1,2;144;149;158;157;153;161;156;154;150;159;147;148;160;152;18,17;564;574;591;589;581;597;587;583;576;593;570;572;595;579,32.4999,52.2923,55.8953,55.8953,2168_8168,4,0,4,4
143,5,2,19,5,transit,AM,0,4.21847,3789.34,18;608;634;713;680;655,2;167;181;221;204;192;19,,0.0510864,2;167;181;221;204;192;19,18;608;634;713;680;655,2.35509,3.78934,4.21847,4.21847,986_3308,51,0,51,2.60541
144,4,2,19,4,transit,AM,0,4.21847,3789.34,25;1078;1088;1112;1106;1097,2;408;413;425;422;418;19,,0.0239468,2;408;413;425;422;418;19,25;1078;1088;1112;1106;1097,2.35509,3.78934,4.21847,4.21847,2107_5506,51,0,51,1.22128
145,2,2,19,3,transit,AM,0,4.21847,3789.34,23;976;986;1012;1010;991,2;356;362;375;374;365;19,,0.0558212,2;356;362;375;374;365;19,23;976;986;1012;1010;991,2.35509,3.78934,4.21847,4.21847,1853_4998,51,0,51,2.84688
146,1,2,19,2,transit,AM,0,4.21847,3789.34,19;610;636;715;682;657,2;168;182;222;205;193;19,,0.582065,2;168;182;222;205;193;19,19;610;636;715;682;657,2.35509,3.78934,4.21847,4.21847,991_3319,51,0,51,29.6853
147,0,2,19,1,transit,AM,0,4.21847,3789.34,17;564;574;591;589;580,2;144;149;158;157;153;19,,0.287081,2;144;149;158;157;153;19,17;564;574;591;589;580,2.35509,3.78934,4.21847,4.21847,782_2915,51,0,51,14.6411
148,0,2,20,1,transit,AM,0,56.3015,52673.5,23;976;986;1012;1010;992;1026;1004;998;988;1014;982;1002;1016;1020;995,2;356;362;375;374;365;382;371;368;363;376;359;370;377;379;367;20,,1,2;356;362;375;374;365;382;371;368;363;376;359;370;377;379;367;20,23;976;986;1012;1010;992;1026;1004;998;988;1014;982;1002;1016;1020;995,32.7368,52.6735,56.3015,56.3015,5566_15044,1,0,1,1
149,1,2,21,2,transit,AM,0,21.49,20000.1,23;976;986;1012;1010;992;1026;1004;997,2;356;362;375;374;365;382;371;368;21,,0.611519,2;356;362;375;374;365;382;371;368;21,23;976;986;1012;1010;992;1026;1004;997,12.4301,20.0001,21.49,21.49,2976_8026,3,0,3,1.83456
150,0,2,21,1,transit,AM,0,21.49,20000.1,17;564;574;591;589;581;597;587;582,2;144;149;158;157;153;161;156;154;21,,0.388481,2;144;149;158;157;153;161;156;154;21,17;564;574;591;589;581;597;587;582,12.4301,20.0001,21.49,21.49,1255_4682,3,0,3,1.16544
151,5,2,22,6,transit,AM,0,4.39681,3956.71,22;902;906;939,2;318;320;338;22,,0.233704,2;318;320;338;22,22;902;906;939,2.45911,3.95671,4.39681,4.39681,1000_2769,10,0,10,2.33704
152,4,2,22,5,transit,AM,0,4.39681,3956.71,21;900;904;937,2;317;319;337;22,,0.0239468,2;317;319;337;22,21;900;904;937,2.45911,3.95671,4.39681,4.39681,997_2762,10,0,10,0.239468
153,3,2,22,4,transit,AM,0,4.39681,3956.71,16;529;531;549,2;126;127;137;22,,0.487167,2;126;127;137;22,16;529;531;549,2.45911,3.95671,4.39681,4.39681,414_1625,10,0,10,4.87167
154,2,2,22,3,transit,AM,0,4.39681,3956.71,15;392;404;447,2;56;62;84;22,,0.0558212,2;56;62;84;22,15;392;404;447,2.45911,3.95671,4.39681,4.39681,226_1258,10,0,10,0.558212
155,1,2,22,2,transit,AM,0,4.39681,3956.71,14;390;402;445,2;55;61;83;22,,0.0685305,2;55;61;83;22,14;390;402;445,2.45911,3.95671,4.39681,4.39681,223_1251,10,0,10,0.685305
156,0,2,22,1,transit,AM,0,4.39681,3956.71,13;388;400;443,2;54;60;82;22,,0.130831,2;54;60;82;22,13;388;400;443,2.45911,3.95671,4.39681,4.39681,220_1244,10,0,10,1.30831
157,0,2,23,1,transit,AM,0,39.4043,36814.1,23;976;986;1012;1010;992;1026;1004;998;988;1014;982;1001,2;356;362;375;374;365;382;371;368;363;376;359;370;23,,1,2;356;362;375;374;365;382;371;368;363;376;359;370;23,23;976;986;1012;1010;992;1026;1004;998;988;1014;982;1001,22.8801,36.8141,39.4043,39.4043,4446_12012,2,0,2,2
158,1,2,24,2,transit,AM,0,34.817,32508.7,19;610;636;715;682;658;745;604;616;676;721;694;669,2;168;182;222;205;193;237;165;171;202;225;211;199;24,,0.794136,2;168;182;222;205;193;237;165;171;202;225;211;199;24,19;610;636;715;682;658;745;604;616;676;721;694;669,20.2043,32.5087,34.817,34.817,2406_8045,1,0,1,0.794136
159,0,2,24,1,transit,AM,0,34.817,32508.7,18;608;634;713;680;656;743;602;614;674;719;692;667,2;167;181;221;204;192;236;164;170;201;224;210;198;24,,0.205864,2;167;181;221;204;192;236;164;170;201;224;210;198;24,18;608;634;713;680;656;743;602;614;674;719;692;667,20.2043,32.5087,34.817,34.817,2394_8020,1,0,1,0.205864
160,1,2,26,2,transit,AM,0,19.1463,17800.4,19;610;636;715;682;658;745;604;616;675,2;168;182;222;205;193;237;165;171;202;26,,0.794136,2;168;182;222;205;193;237;165;171;202;26,19;610;636;715;682;658;745;604;616;675,11.063,17.8004,19.1463,19.1463,1773_5960,7,0,7,5.55895
161,0,2,26,1,transit,AM,0,19.1463,17800.4,18;608;634;713;680;656;743;602;614;673,2;167;181;221;204;192;236;164;170;201;26,,0.205864,2;167;181;221;204;192;236;164;170;201;26,18;608;634;713;680;656;743;602;614;673,11.063,17.8004,19.1463,19.1463,1764_5941,7,0,7,1.44105
162,0,2,27,1,transit,AM,0,24.2246,22566.7,24;1030;1034;1052;1038;1044;1042;1072;1067;1069;1055,2;384;386;395;388;391;390;405;403;404;397;27,,1,2;384;386;395;388;391;390;405;403;404;397;27,24;1030;1034;1052;1038;1044;1042;1072;1067;1069;1055,14.0253,22.5667,24.2246,24.2246,3972_10527,6,0,6,6
163,0,2,28,1,transit,AM,0,75.5838,70771.5,23;976;986;1012;1010;992;1026;1004;998;988;1014;982;1002;1016;1020;996;1024;1007,2;356;362;375;374;365;382;371;368;363;376;359;370;377;379;367;381;373;28,,1,2;356;362;375;374;365;382;371;368;363;376;359;370;377;379;367;381;373;28,23;976;986;1012;1010;992;1026;1004;998;988;1014;982;1002;1016;1020;996;1024;1007,43.9847,70.7715,75.5838,75.5838,6328_17076,1,0,1,1
164,5,2,29,5,transit,AM,0,3.61702,3224.83,18;608;634;713;679,2;167;181;221;204;29,,0.0510864,2;167;181;221;204;29,18;608;634;713;679,2.00425,3.22483,3.61702,3.61702,804_2652,53,0,53,2.70758
165,2,2,29,3,transit,AM,0,3.61702,3224.83,23;976;986;1012;1009,2;356;362;375;374;29,,0.0558212,2;356;362;375;374;29,23;976;986;1012;1009,2.00425,3.22483,3.61702,3.61702,1498_4006,53,0,53,2.95852
166,1,2,29,2,transit,AM,0,3.61702,3224.83,19;610;636;715;681,2;168;182;222;205;29,,0.582065,2;168;182;222;205;29,19;610;636;715;681,2.00425,3.22483,3.61702,3.61702,808_2661,53,0,53,30.8494
167,4,2,29,4,transit,AM,0,3.61702,3224.83,25;1078;1088;1112;1105,2;408;413;425;422;29,,0.180197,2;408;413;425;422;29,25;1078;1088;1112;1105,2.00425,3.22483,3.61702,3.61702,1699_4408,53,0,53,9.55043
168,0,2,29,1,transit,AM,0,3.61702,3224.83,17;564;574;591;588,2;144;149;158;157;29,,0.130831,2;144;149;158;157;29,17;564;574;591;588,2.00425,3.22483,3.61702,3.61702,639_2334,53,0,53,6.93404
169,1,2,31,2,transit,AM,0,52.7196,49311.8,19;610;636;715;682;658;745;604;616;676;721;694;670;739;704;646;687,2;168;182;222;205;193;237;165;171;202;225;211;199;234;216;187;208;31,,0.794136,2;168;182;222;205;193;237;165;171;202;225;211;199;234;216;187;208;31,19;610;636;715;682;658;745;604;616;676;721;694;670;739;704;646;687,30.6475,49.3118,52.7196,52.7196,3258_10822,1,0,1,0.794136
170,0,2,31,1,transit,AM,0,52.7196,49311.8,18;608;634;713;680;656;743;602;614;674;719;692;668;737;702;644;685,2;167;181;221;204;192;236;164;170;201;224;210;198;233;215;186;207;31,,0.205864,2;167;181;221;204;192;236;164;170;201;224;210;198;233;215;186;207;31,18;608;634;713;680;656;743;602;614;674;719;692;668;737;702;644;685,30.6475,49.3118,52.7196,52.7196,3242_10789,1,0,1,0.205864
171,1,2,33,2,transit,AM,0,29.0262,27073.5,19;610;636;715;682;658;745;604;616;676;721;693,2;168;182;222;205;193;237;165;171;202;225;211;33,,0.794136,2;168;182;222;205;193;237;165;171;202;225;211;33,19;610;636;715;682;658;745;604;616;676;721;693,16.8263,27.0735,29.0262,29.0262,2216_7375,1,0,1,0.794136
172,0,2,33,1,transit,AM,0,29.0262,27073.5,18;608;634;713;680;656;743;602;614;674;719;691,2;167;181;221;204;192;236;164;170;201;224;210;33,,0.205864,2;167;181;221;204;192;236;164;170;201;224;210;33,18;608;634;713;680;656;743;602;614;674;719;691,16.8263,27.0735,29.0262,29.0262,2205_7352,1,0,1,0.205864
173,5,2,38,6,transit,AM,0,2.85417,2508.83,18;608;634;712,2;167;181;221;38,,0.0510864,2;167;181;221;38,18;608;634;712,1.55925,2.50883,2.85417,2.85417,609_1972,18,0,18,0.919556
174,4,2,38,5,transit,AM,0,2.85417,2508.83,25;1078;1088;1111,2;408;413;425;38,,0.180197,2;408;413;425;38,25;1078;1088;1111,1.55925,2.50883,2.85417,2.85417,1286_3302,18,0,18,3.24354
175,3,2,38,4,transit,AM,0,2.85417,2508.83,23;976;986;1011,2;356;362;375;38,,0.487167,2;356;362;375;38,23;976;986;1011,1.55925,2.50883,2.85417,2.85417,1133_2996,18,0,18,8.769
176,2,2,38,3,transit,AM,0,2.85418,2508.83,20;612;638;716,2;169;183;223;38,,0.0558212,2;169;183;223;38,20;612;638;716,1.55925,2.50883,2.85417,2.85418,615_1986,18,0,18,1.00478
177,1,2,38,2,transit,AM,0,2.85417,2508.83,19;610;636;714,2;168;182;222;38,,0.0948977,2;168;182;222;38,19;610;636;714,1.55925,2.50883,2.85417,2.85417,612_1979,18,0,18,1.70816
178,0,2,38,1,transit,AM,0,2.85417,2508.83,17;564;574;590,2;144;149;158;38,,0.130831,2;144;149;158;38,17;564;574;590,1.55925,2.50883,2.85417,2.85417,491_1745,18,0,18,2.35496
179,0,2,39,1,transit,AM,0,36.0521,33667.9,25;1078;1088;1112;1106;1098;1122;1076;1080;1102;1084;1094;1108;1110;1096;1113,2;408;413;425;422;418;430;407;409;420;411;416;423;424;417;426;39,,1,2;408;413;425;422;418;430;407;409;420;411;416;423;424;417;426;39,25;1078;1088;1112;1106;1098;1122;1076;1080;1102;1084;1094;1108;1110;1096;1113,20.9247,33.6679,36.0521,36.0521,6310_16492,1,0,1,1
180,1,2,40,2,transit,AM,0,21.5531,20059.4,19;610;636;715;682;658;745;604;616;676;720,2;168;182;222;205;193;237;165;171;202;225;40,,0.794136,2;168;182;222;205;193;237;165;171;202;225;40,19;610;636;715;682;658;745;604;616;676;720,12.467,20.0594,21.5531,21.5531,2012_6681,1,0,1,0.794136
181,0,2,40,1,transit,AM,0,21.5531,20059.4,18;608;634;713;680;656;743;602;614;674;718,2;167;181;221;204;192;236;164;170;201;224;40,,0.205864,2;167;181;221;204;192;236;164;170;201;224;40,18;608;634;713;680;656;743;602;614;674;718,12.467,20.0594,21.5531,21.5531,2002_6660,1,0,1,0.205864
182,1,2,41,2,transit,AM,0,30.138,28117,23;976;986;1012;1010;992;1026;1004;998;988;1013,2;356;362;375;374;365;382;371;368;363;376;41,,0.611519,2;356;362;375;374;365;382;371;368;363;376;41,23;976;986;1012;1010;992;1026;1004;998;988;1013,17.4748,28.117,30.138,30.138,3735_10028,1,0,1,0.611519
183,0,2,41,1,transit,AM,0,30.138,28117,17;564;574;591;589;581;597;587;583;576;592,2;144;149;158;157;153;161;156;154;150;159;41,,0.388481,2;144;149;158;157;153;161;156;154;150;159;41,17;564;574;591;589;581;597;587;583;576;592,17.4748,28.117,30.138,30.138,1584_5851,1,0,1,0.388481
184,6,2,42,4,transit,AM,0,18.8442,17516.7,24;1030;1034;1052;1038;1044;1042;1072;1066,2;384;386;395;388;391;390;405;403;42,,0.0263672,2;384;386;395;388;391;390;405;403;42,24;1030;1034;1052;1038;1044;1042;1072;1066,10.8867,17.5167,18.8442,18.8442,3186_8402,7,0,7,0.18457
185,2,2,42,3,transit,AM,0,18.8442,17516.7,15;392;404;448;412;436;424;515;505,2;56;62;84;66;78;72;119;113;42,,0.0558212,2;56;62;84;66;78;72;119;113;42,15;392;404;448;412;436;424;515;505,10.8867,17.5167,18.8442,18.8442,694_3551,7,0,7,0.390748
186,1,2,42,2,transit,AM,0,18.8442,17516.7,14;390;402;446;410;434;422;513;503,2;55;61;83;65;77;71;118;112;42,,0.143564,2;55;61;83;65;77;71;118;112;42,14;390;402;446;410;434;422;513;503,10.8867,17.5167,18.8442,18.8442,686_3534,7,0,7,1.00495
187,0,2,42,1,transit,AM,0,18.8442,17516.7,13;388;400;444;408;432;420;511;501,2;54;60;82;64;76;70;117;111;42,,0.774248,2;54;60;82;64;76;70;117;111;42,13;388;400;444;408;432;420;511;501,10.8867,17.5167,18.8442,18.8442,678_3517,7,0,7,5.41974
188,2,2,43,3,transit,AM,0,22.2912,20752,15;392;404;448;412;436;424;515;506;509,2;56;62;84;66;78;72;119;113;116;43,,0.0558212,2;56;62;84;66;78;72;119;113;116;43,15;392;404;448;412;436;424;515;506;509,12.8975,20.752,22.2912,22.2912,811_4061,9,0,9,0.502391
189,1,2,43,2,transit,AM,0,22.2912,20752,14;390;402;446;410;434;422;513;504;508,2;55;61;83;65;77;71;118;112;115;43,,0.143564,2;55;61;83;65;77;71;118;112;115;43,14;390;402;446;410;434;422;513;504;508,12.8975,20.752,22.2912,22.2912,802_4043,9,0,9,1.29207
190,0,2,43,1,transit,AM,0,22.2912,20752,13;388;400;444;408;432;420;511;502;507,2;54;60;82;64;76;70;117;111;114;43,,0.800615,2;54;60;82;64;76;70;117;111;114;43,13;388;400;444;408;432;420;511;502;507,12.8975,20.752,22.2912,22.2912,793_4025,9,0,9,7.20554
191,6,2,45,4,transit,AM,0,14.7399,13664.5,24;1030;1034;1052;1038;1044;1042;1071,2;384;386;395;388;391;390;405;45,,0.182617,2;384;386;395;388;391;390;405;45,24;1030;1034;1052;1038;1044;1042;1071,8.49255,13.6645,14.7399,14.7399,2786_7335,3,0,3,0.547852
192,2,2,45,3,transit,AM,0,14.7399,13664.5,15;392;404;448;412;436;424;514,2;56;62;84;66;78;72;119;45,,0.0558212,2;56;62;84;66;78;72;119;45,15;392;404;448;412;436;424;514,8.49255,13.6645,14.7399,14.7399,584_3045,3,0,3,0.167464
193,1,2,45,2,transit,AM,0,14.7399,13664.5,14;390;402;446;410;434;422;512,2;55;61;83;65;77;71;118;45,,0.143564,2;55;61;83;65;77;71;118;45,14;390;402;446;410;434;422;512,8.49255,13.6645,14.7399,14.7399,577_3030,3,0,3,0.430691
194,0,2,45,1,transit,AM,0,14.7399,13664.5,13;388;400;444;408;432;420;510,2;54;60;82;64;76;70;117;45,,0.617998,2;54;60;82;64;76;70;117;45,13;388;400;444;408;432;420;510,8.49255,13.6645,14.7399,14.7399,570_3015,3,0,3,1.85399
195,0,2,47,1,transit,AM,0,63.7176,59634.1,23;976;986;1012;1010;992;1026;1004;998;988;1014;982;1002;1016;1020;996;1023,2;356;362;375;374;365;382;371;368;363;376;359;370;377;379;367;381;47,,1,2;356;362;375;374;365;382;371;368;363;376;359;370;377;379;367;381;47,23;976;986;1012;1010;992;1026;1004;998;988;1014;982;1002;1016;1020;996;1023,37.0628,59.6341,63.7176,63.7176,5974_16068,1,0,1,1
196,1,2,48,2,transit,AM,0,40.3731,37723.6,19;610;636;715;682;658;745;604;616;676;721;694;670;738,2;168;182;222;205;193;237;165;171;202;225;211;199;234;48,,0.794136,2;168;182;222;205;193;237;165;171;202;225;211;199;234;48,19;610;636;715;682;658;745;604;616;676;721;694;670;738,23.4453,37.7236,40.3731,40.3731,2664_8784,1,0,1,0.794136
197,0,2,48,1,transit,AM,0,40.3731,37723.6,18;608;634;713;680;656;743;602;614;674;719;692;668;736,2;167;181;221;204;192;236;164;170;201;224;210;198;233;48,,0.205864,2;167;181;221;204;192;236;164;170;201;224;210;198;233;48,18;608;634;713;680;656;743;602;614;674;719;692;668;736,23.4453,37.7236,40.3731,40.3731,2651_8757,1,0,1,0.205864
198,4,2,50,4,transit,AM,0,13.8665,12844.8,18;608;634;713;680;656;742,2;167;181;221;204;192;236;50,,0.0750332,2;167;181;221;204;192;236;50,18;608;634;713;680;656;742,7.98311,12.8448,13.8665,13.8665,1253_4051,7,0,7,0.525232
199,2,2,50,3,transit,AM,0,13.8665,12844.8,23;976;986;1012;1010;992;1025,2;356;362;375;374;365;382;50,,0.0558212,2;356;362;375;374;365;382;50,23;976;986;1012;1010;992;1025,7.98311,12.8448,13.8665,13.8665,2266_6024,7,0,7,0.390748
200,1,2,50,2,transit,AM,0,13.8665,12844.8,19;610;636;715;682;658;744,2;168;182;222;205;193;237;50,,0.555697,2;168;182;222;205;193;237;50,19;610;636;715;682;658;744,7.98311,12.8448,13.8665,13.8665,1259_4064,7,0,7,3.88988
201,0,2,50,1,transit,AM,0,13.8665,12844.8,17;564;574;591;589;581;596,2;144;149;158;157;153;161;50,,0.313448,2;144;149;158;157;153;161;50,17;564;574;591;589;581;596,7.98311,12.8448,13.8665,13.8665,974_3512,7,0,7,2.19414
202,3,3,1,4,transit,AM,0,0.817496,597.268,35;861;858,3;297;296;1,,0.744817,3;297;296;1,35;861;858,0.371205,0.597268,0.817496,0.817496,597_1754,1,0,1,0.744817
203,1,3,1,2,transit,AM,0,0.817498,597.268,27;396;383,3;58;52;1,,0.0685305,3;58;52;1,27;396;383,0.371205,0.597268,0.817496,0.817498,114_806,1,0,1,0.0685305
204,2,3,1,3,transit,AM,0,0.817498,597.268,28;398;385,3;59;53;1,,0.0558212,3;59;53;1,28;398;385,0.371205,0.597268,0.817496,0.817498,116_811,1,0,1,0.0558212
205,0,3,1,1,transit,AM,0,0.817499,597.268,26;394;381,3;57;51;1,,0.130831,3;57;51;1,26;394;381,0.371205,0.597268,0.817496,0.817499,112_801,1,0,1,0.130831
206,2,3,2,3,transit,AM,0,16.6838,15489.1,28;398;386;527;442;466;494;418;391,3;59;53;125;81;93;107;69;56;2,,0.0558212,3;59;53;125;81;93;107;69;56;2,28;398;386;527;442;466;494;418;391,9.62651,15.4891,16.6837,16.6838,648_3550,19,0,19,1.0606
207,6,3,2,4,transit,AM,0,16.6838,15489.1,36;1032;1028;1074;1050;1057;1063;1040;1029,3;385;383;406;394;398;401;389;384;2,,0.182617,3;385;383;406;394;398;401;389;384;2,36;1032;1028;1074;1050;1057;1063;1040;1029,9.62651,15.4891,16.6837,16.6838,3145_8409,19,0,19,3.46973
208,1,3,2,2,transit,AM,0,16.6838,15489.1,27;396;384;525;440;464;492;416;389,3;58;52;124;80;92;106;68;55;2,,0.143564,3;58;52;124;80;92;106;68;55;2,27;396;384;525;440;464;492;416;389,9.62651,15.4891,16.6837,16.6838,640_3533,19,0,19,2.72771
209,0,3,2,1,transit,AM,0,16.6838,15489.1,26;394;382;523;438;462;490;414;387,3;57;51;123;79;91;105;67;54;2,,0.617998,3;57;51;123;79;91;105;67;54;2,26;394;382;523;438;462;490;414;387,9.62651,15.4891,16.6837,16.6838,632_3516,19,0,19,11.742
210,6,3,4,4,transit,AM,0,18.1989,16911.1,36;1032;1028;1074;1050;1057;1063;1040;1030;1033,3;385;383;406;394;398;401;389;384;386;4,,0.182617,3;385;383;406;394;398;401;389;384;386;4,36;1032;1028;1074;1050;1057;1063;1040;1030;1033,10.5103,16.9111,18.1988,18.1989,3533_9443,9,0,9,1.64355
211,2,3,4,3,transit,AM,0,18.1989,16911.1,28;398;386;527;442;466;494;418;392;403,3;59;53;125;81;93;107;69;56;62;4,,0.0558212,3;59;53;125;81;93;107;69;56;62;4,28;398;386;527;442;466;494;418;392;403,10.5103,16.9111,18.1988,18.1989,712_3954,9,0,9,0.502391
212,1,3,4,2,transit,AM,0,18.1989,16911.1,27;396;384;525;440;464;492;416;390;401,3;58;52;124;80;92;106;68;55;61;4,,0.143564,3;58;52;124;80;92;106;68;55;61;4,27;396;384;525;440;464;492;416;390;401,10.5103,16.9111,18.1988,18.1989,703_3935,9,0,9,1.29207
213,0,3,4,1,transit,AM,0,18.1989,16911.1,26;394;382;523;438;462;490;414;388;399,3;57;51;123;79;91;105;67;54;60;4,,0.617998,3;57;51;123;79;91;105;67;54;60;4,26;394;382;523;438;462;490;414;388;399,10.5103,16.9111,18.1988,18.1989,694_3916,9,0,9,5.56198
214,2,3,6,3,transit,AM,0,5.55693,5045.64,33;760;820;765,3;245;275;248;6,,0.800639,3;245;275;248;6,33;760;820;765,3.13589,5.04564,5.55693,5.55693,777_2378,2,0,2,1.60128
215,1,3,6,2,transit,AM,0,5.55693,5045.64,34;762;822;767,3;246;276;249;6,,0.0685305,3;246;276;249;6,34;762;822;767,3.13589,5.04564,5.55693,5.55693,780_2385,2,0,2,0.137061
216,0,3,6,1,transit,AM,0,5.55697,5045.64,32;758;818;763,3;244;274;247;6,,0.130831,3;244;274;247;6,32;758;818;763,3.13589,5.04564,5.55693,5.55697,774_2371,2,0,2,0.261662
217,0,3,8,1,transit,AM,0,19.4453,18080.9,35;861;859;880;876;868;892;864,3;297;296;307;305;301;313;299;8,,1,3;297;296;307;305;301;313;299;8,35;861;859;880;876;868;892;864,11.2374,18.0809,19.4453,19.4453,2129_6135,1,0,1,1
218,0,3,9,1,transit,AM,0,65.6595,61456.7,35;861;859;880;876;868;892;865;878;894;896;874;898;884;866,3;297;296;307;305;301;313;299;306;314;315;304;316;309;300;9,,1,3;297;296;307;305;301;313;299;306;314;315;304;316;309;300;9,35;861;859;880;876;868;892;865;878;894;896;874;898;884;866,38.1956,61.4567,65.6595,65.6595,4294_12326,5,0,5,5
219,6,3,11,4,transit,AM,0,14.9059,13820.3,36;1032;1028;1074;1050;1057;1063;1039,3;385;383;406;394;398;401;389;11,,0.182617,3;385;383;406;394;398;401;389;11,36;1032;1028;1074;1050;1057;1063;1039,8.58937,13.8203,14.9058,14.9059,2770_7379,53,0,53,9.67871
220,2,3,11,3,transit,AM,0,14.9059,13820.3,28;398;386;527;442;466;494;417,3;59;53;125;81;93;107;69;11,,0.0558212,3;59;53;125;81;93;107;69;11,28;398;386;527;442;466;494;417,8.58937,13.8203,14.9058,14.9059,601_3158,53,0,53,2.95852
221,1,3,11,2,transit,AM,0,14.9059,13820.3,27;396;384;525;440;464;492;415,3;58;52;124;80;92;106;68;11,,0.143564,3;58;52;124;80;92;106;68;11,27;396;384;525;440;464;492;415,8.58937,13.8203,14.9058,14.9059,594_3143,53,0,53,7.60888
222,0,3,11,1,transit,AM,0,14.9059,13820.3,26;394;382;523;438;462;490;413,3;57;51;123;79;91;105;67;11,,0.617998,3;57;51;123;79;91;105;67;11,26;394;382;523;438;462;490;413,8.58937,13.8203,14.9058,14.9059,587_3128,53,0,53,32.7539
223,0,3,13,1,transit,AM,0,10.0325,9246.25,35;861;859;880;876;867,3;297;296;307;305;301;13,,1,3;297;296;307;305;301;13,35;861;859;880;876;867,5.74658,9.24625,10.0325,10.0325,1522_4378,12,0,12,12
224,1,3,14,2,transit,AM,0,32.7114,30532.4,30;616;676;721;694;670;739;704;645,3;171;202;225;211;199;234;216;187;14,,0.869169,3;171;202;225;211;199;234;216;187;14,30;616;676;721;694;670;739;704;645,18.976,30.5324,32.7114,32.7114,1662_5495,2,0,2,1.73834
225,0,3,14,1,transit,AM,0,32.7114,30532.4,29;614;674;719;692;668;737;702;643,3;170;201;224;210;198;233;215;186;14,,0.130831,3;170;201;224;210;198;233;215;186;14,29;614;674;719;692;668;737;702;643,18.976,30.5324,32.7114,32.7114,1654_5478,2,0,2,0.261662
226,6,3,15,4,transit,AM,0,25.4789,23743.9,36;1032;1028;1074;1050;1057;1063;1040;1030;1034;1052;1038;1043,3;385;383;406;394;398;401;389;384;386;395;388;391;15,,0.182617,3;385;383;406;394;398;401;389;384;386;395;388;391;15,36;1032;1028;1074;1050;1057;1063;1040;1030;1034;1052;1038;1043,14.757,23.7439,25.4788,25.4789,4718_12577,1,0,1,0.182617
227,2,3,15,3,transit,AM,0,25.4789,23743.9,28;398;386;527;442;466;494;418;392;404;448;412;435,3;59;53;125;81;93;107;69;56;62;84;66;78;15,,0.0558212,3;59;53;125;81;93;107;69;56;62;84;66;78;15,28;398;386;527;442;466;494;418;392;404;448;412;435,14.757,23.7439,25.4788,25.4789,951_5250,1,0,1,0.0558212
228,1,3,15,2,transit,AM,0,25.4789,23743.9,27;396;384;525;440;464;492;416;390;402;446;410;433,3;58;52;124;80;92;106;68;55;61;83;65;77;15,,0.143564,3;58;52;124;80;92;106;68;55;61;83;65;77;15,27;396;384;525;440;464;492;416;390;402;446;410;433,14.757,23.7439,25.4788,25.4789,939_5225,1,0,1,0.143564
229,0,3,15,1,transit,AM,0,25.4789,23743.9,26;394;382;523;438;462;490;414;388;400;444;408;431,3;57;51;123;79;91;105;67;54;60;82;64;76;15,,0.617998,3;57;51;123;79;91;105;67;54;60;82;64;76;15,26;394;382;523;438;462;490;414;388;400;444;408;431,14.757,23.7439,25.4788,25.4789,927_5200,1,0,1,0.617998
230,2,3,16,3,transit,AM,0,7.58222,6946.56,33;760;820;766;785,3;245;275;248;258;16,,0.800639,3;245;275;248;258;16,33;760;820;766;785,4.31731,6.94656,7.58222,7.58222,1045_3164,10,0,10,8.00638
231,1,3,16,2,transit,AM,0,7.58223,6946.56,34;762;822;768;787,3;246;276;249;259;16,,0.0685305,3;246;276;249;259;16,34;762;822;768;787,4.31731,6.94656,7.58222,7.58223,1049_3173,10,0,10,0.685305
232,0,3,16,1,transit,AM,0,7.58229,6946.56,32;758;818;764;783,3;244;274;247;257;16,,0.130831,3;244;274;247;257;16,32;758;818;764;783,4.31731,6.94656,7.58222,7.58229,1041_3155,10,0,10,1.30831
233,2,3,17,3,transit,AM,0,15.9353,14786.6,33;760;820;766;786;828;834;791,3;245;275;248;258;279;282;261;17,,0.800639,3;245;275;248;258;279;282;261;17,33;760;820;766;786;828;834;791,9.18993,14.7866,15.9353,15.9353,1868_5618,6,0,6,4.80383
234,1,3,17,2,transit,AM,0,15.9353,14786.6,34;762;822;768;788;830;836;793,3;246;276;249;259;280;283;262;17,,0.0685305,3;246;276;249;259;280;283;262;17,34;762;822;768;788;830;836;793,9.18993,14.7866,15.9353,15.9353,1875_5633,6,0,6,0.411183
235,0,3,17,1,transit,AM,0,15.9353,14786.6,32;758;818;764;784;826;832;789,3;244;274;247;257;278;281;260;17,,0.130831,3;244;274;247;257;278;281;260;17,32;758;818;764;784;826;832;789,9.18993,14.7866,15.9353,15.9353,1861_5603,6,0,6,0.784986
236,6,3,19,4,transit,AM,0,12.6767,11728,36;1032;1028;1074;1049,3;385;383;406;394;19,,0.182617,3;385;383;406;394;19,36;1032;1028;1074;1049,7.28903,11.728,12.6766,12.6767,1590_4219,87,0,87,15.8877
237,2,3,19,3,transit,AM,0,12.6767,11728,28;398;386;527;441,3;59;53;125;81;19,,0.0558212,3;59;53;125;81;19,28;398;386;527;441,7.28903,11.728,12.6766,12.6767,340_1780,87,0,87,4.85645
238,1,3,19,2,transit,AM,0,12.6767,11728,27;396;384;525;439,3;58;52;124;80;19,,0.143564,3;58;52;124;80;19,27;396;384;525;439,7.28903,11.728,12.6766,12.6767,336_1771,87,0,87,12.49
239,0,3,19,1,transit,AM,0,12.6767,11728,26;394;382;523;437,3;57;51;123;79;19,,0.617998,3;57;51;123;79;19,26;394;382;523;437,7.28903,11.728,12.6766,12.6767,332_1762,87,0,87,53.7658
240,0,3,20,1,transit,AM,0,41.2503,38546.7,35;861;859;880;876;868;892;865;878;894;896;873,3;297;296;307;305;301;313;299;306;314;315;304;20,,1,3;297;296;307;305;301;313;299;306;314;315;304;20,35;861;859;880;876;868;892;865;878;894;896;873,23.9569,38.5467,41.2503,41.2503,3380_9677,2,0,2,2
241,0,3,21,1,transit,AM,0,6.43884,5873.35,35;861;859;880;875,3;297;296;307;305;21,,1,3;297;296;307;305;21,35;861;859;880;875,3.65031,5.87335,6.43884,6.43884,1229_3510,3,0,3,3
242,6,3,22,4,transit,AM,0,20.8693,19417.4,36;1032;1028;1074;1050;1057;1063;1040;1030;1034;1051,3;385;383;406;394;398;401;389;384;386;395;22,,0.182617,3;385;383;406;394;398;401;389;384;386;395;22,36;1032;1028;1074;1050;1057;1063;1040;1030;1034;1051,12.068,19.4174,20.8692,20.8693,3946_10495,6,0,6,1.0957
243,2,3,22,3,transit,AM,0,20.8693,19417.4,28;398;386;527;442;466;494;418;392;404;447,3;59;53;125;81;93;107;69;56;62;84;22,,0.0558212,3;59;53;125;81;93;107;69;56;62;84;22,28;398;386;527;442;466;494;418;392;404;447,12.068,19.4174,20.8692,20.8693,814_4402,6,0,6,0.334927
244,1,3,22,2,transit,AM,0,20.8692,19417.4,27;396;384;525;440;464;492;416;390;402;445,3;58;52;124;80;92;106;68;55;61;83;22,,0.143564,3;58;52;124;80;92;106;68;55;61;83;22,27;396;384;525;440;464;492;416;390;402;445,12.068,19.4174,20.8692,20.8692,804_4381,6,0,6,0.861382
245,0,3,22,1,transit,AM,0,20.8693,19417.4,26;394;382;523;438;462;490;414;388;400;443,3;57;51;123;79;91;105;67;54;60;82;22,,0.617998,3;57;51;123;79;91;105;67;54;60;82;22,26;394;382;523;438;462;490;414;388;400;443,12.068,19.4174,20.8692,20.8693,794_4360,6,0,6,3.70799
246,0,3,23,1,transit,AM,0,24.3532,22687.4,35;861;859;880;876;868;892;865;877,3;297;296;307;305;301;313;299;306;23,,1,3;297;296;307;305;301;313;299;306;23,35;861;859;880;876;868;892;865;877,14.1003,22.6874,24.3532,24.3532,2450_7013,2,0,2,2
247,7,3,26,3,transit,AM,0,2.67387,2339.64,31;618;677,3;172;203;26,,0.15625,3;172;203;26,31;618;677,1.4541,2.33964,2.67387,2.67387,404_1326,3,0,3,0.46875
248,1,3,26,2,transit,AM,0,2.67387,2339.64,30;616;675,3;171;202;26,,0.712919,3;171;202;26,30;616;675,1.4541,2.33964,2.67387,2.67387,402_1321,3,0,3,2.13876
249,0,3,26,1,transit,AM,0,2.67387,2339.64,29;614;673,3;170;201;26,,0.130831,3;170;201;26,29;614;673,1.4541,2.33964,2.67387,2.67387,400_1316,3,0,3,0.392493
250,0,3,27,1,transit,AM,0,40.6971,38027.4,36;1032;1028;1074;1050;1057;1063;1040;1030;1034;1052;1038;1044;1042;1072;1067;1069;1055,3;385;383;406;394;398;401;389;384;386;395;388;391;390;405;403;404;397;27,,1,3;385;383;406;394;398;401;389;384;386;395;388;391;390;405;403;404;397;27,36;1032;1028;1074;1050;1057;1063;1040;1030;1034;1052;1038;1044;1042;1072;1067;1069;1055,23.6342,38.0274,40.697,40.6971,6729_17883,4,0,4,4
251,0,3,28,1,transit,AM,0,60.5326,56644.7,35;861;859;880;876;868;892;865;878;894;896;874;898;883,3;297;296;307;305;301;313;299;306;314;315;304;316;309;28,,1,3;297;296;307;305;301;313;299;306;314;315;304;316;309;28,35;861;859;880;876;868;892;865;878;894;896;874;898;883,35.2049,56.6447,60.5326,60.5326,4013_11459,4,0,4,4
252,6,3,29,4,transit,AM,0,13.2782,12292.6,36;1032;1028;1074;1050;1056,3;385;383;406;394;398;29,,0.182617,3;385;383;406;394;398;29,36;1032;1028;1074;1050;1056,7.63988,12.2926,13.2781,13.2782,1998_5276,68,0,68,12.418
253,2,3,29,3,transit,AM,0,13.2782,12292.6,28;398;386;527;442;465,3;59;53;125;81;93;29,,0.0558212,3;59;53;125;81;93;29,28;398;386;527;442;465,7.63988,12.2926,13.2781,13.2782,443_2246,68,0,68,3.79584
254,1,3,29,2,transit,AM,0,13.2781,12292.6,27;396;384;525;440;463,3;58;52;124;80;92;29,,0.143564,3;58;52;124;80;92;29,27;396;384;525;440;463,7.63988,12.2926,13.2781,13.2781,438_2235,68,0,68,9.76233
255,0,3,29,1,transit,AM,0,13.2782,12292.6,26;394;382;523;438;461,3;57;51;123;79;91;29,,0.617998,3;57;51;123;79;91;29,26;394;382;523;438;461,7.63988,12.2926,13.2781,13.2782,433_2224,68,0,68,42.0239
256,2,3,30,3,transit,AM,0,9.0976,8368.87,33;760;820;766;786;827,3;245;275;248;258;279;30,,0.800639,3;245;275;248;258;279;30,33;760;820;766;786;827,5.20129,8.36887,9.0976,9.0976,1338_3992,3,0,3,2.40192
257,1,3,30,2,transit,AM,0,9.09761,8368.87,34;762;822;768;788;829,3;246;276;249;259;280;30,,0.0685305,3;246;276;249;259;280;30,34;762;822;768;788;829,5.20129,8.36887,9.0976,9.09761,1343_4003,3,0,3,0.205592
258,0,3,30,1,transit,AM,0,9.09767,8368.87,32;758;818;764;784;825,3;244;274;247;257;278;30,,0.130831,3;244;274;247;257;278;30,32;758;818;764;784;825,5.20129,8.36887,9.0976,9.09767,1333_3981,3,0,3,0.392493
259,1,3,31,2,transit,AM,0,36.2472,33851.1,30;616;676;721;694;670;739;704;646;687,3;171;202;225;211;199;234;216;187;208;31,,0.869169,3;171;202;225;211;199;234;216;187;208;31,30;616;676;721;694;670;739;704;646;687,21.0386,33.8511,36.2472,36.2472,1887_6183,2,0,2,1.73834
260,0,3,31,1,transit,AM,0,36.2472,33851.1,29;614;674;719;692;668;737;702;644;685,3;170;201;224;210;198;233;215;186;207;31,,0.130831,3;170;201;224;210;198;233;215;186;207;31,29;614;674;719;692;668;737;702;644;685,21.0386,33.8511,36.2472,36.2472,1878_6164,2,0,2,0.261662
261,1,3,33,2,transit,AM,0,12.5538,11612.8,30;616;676;721;693,3;171;202;225;211;33,,0.869169,3;171;202;225;211;33,30;616;676;721;693,7.21738,11.6128,12.5538,12.5538,845_2736,1,0,1,0.869169
262,0,3,33,1,transit,AM,0,12.5538,11612.8,29;614;674;719;691,3;170;201;224;210;33,,0.130831,3;170;201;224;210;33,29;614;674;719;691,7.21738,11.6128,12.5538,12.5538,841_2727,1,0,1,0.130831
263,1,3,35,2,transit,AM,0,26.7861,24971,30;616;676;721;694;670;739;703,3;171;202;225;211;199;234;216;35,,0.869169,3;171;202;225;211;199;234;216;35,30;616;676;721;694;670;739;703,15.5196,24.971,26.7861,26.7861,1496_4849,3,0,3,2.60751
264,0,3,35,1,transit,AM,0,26.7861,24971,29;614;674;719;692;668;737;701,3;170;201;224;210;198;233;215;35,,0.130831,3;170;201;224;210;198;233;215;35,29;614;674;719;692;668;737;701,15.5196,24.971,26.7861,26.7861,1489_4834,3,0,3,0.392493
265,2,3,37,3,transit,AM,0,12.778,11823.2,33;760;820;766;786;828;833,3;245;275;248;258;279;282;37,,0.800639,3;245;275;248;258;279;282;37,33;760;820;766;786;828;833,7.34817,11.8232,12.778,12.778,1627_4826,1,0,1,0.800639
266,1,3,37,2,transit,AM,0,12.778,11823.2,34;762;822;768;788;830;835,3;246;276;249;259;280;283;37,,0.0685305,3;246;276;249;259;280;283;37,34;762;822;768;788;830;835,7.34817,11.8232,12.778,12.778,1633_4839,1,0,1,0.0685305
267,0,3,37,1,transit,AM,0,12.778,11823.2,32;758;818;764;784;826;831,3;244;274;247;257;278;281;37,,0.130831,3;244;274;247;257;278;281;37,32;758;818;764;784;826;831,7.34817,11.8232,12.778,12.778,1621_4813,1,0,1,0.130831
268,6,3,38,4,transit,AM,0,14.041,13008.6,36;1032;1028;1074;1050;1057;1062,3;385;383;406;394;398;401;38,,0.182617,3;385;383;406;394;398;401;38,36;1032;1028;1074;1050;1057;1062,8.08487,13.0086,14.0409,14.041,2408_6339,32,0,32,5.84375
269,1,3,38,2,transit,AM,0,14.041,13008.6,27;396;384;525;440;464;491,3;58;52;124;80;92;106;38,,0.143564,3;58;52;124;80;92;106;38,27;396;384;525;440;464;491,8.08487,13.0086,14.0409,14.041,553_2727,32,0,32,4.59404
270,2,3,38,3,transit,AM,0,14.041,13008.6,28;398;386;527;442;466;493,3;59;53;125;81;93;107;38,,0.0558212,3;59;53;125;81;93;107;38,28;398;386;527;442;466;493,8.08487,13.0086,14.0409,14.041,559_2740,32,0,32,1.78628
271,0,3,38,1,transit,AM,0,14.041,13008.6,26;394;382;523;438;462;489,3;57;51;123;79;91;105;38,,0.617998,3;57;51;123;79;91;105;38,26;394;382;523;438;462;489,8.08487,13.0086,14.0409,14.041,547_2714,32,0,32,19.7759
272,1,3,39,2,transit,AM,0,19.5797,18207.2,34;762;822;768;788;830;836;794;839,3;246;276;249;259;280;283;262;286;39,,0.0685305,3;246;276;249;259;280;283;262;286;39,34;762;822;768;788;830;836;794;839,11.3158,18.2072,19.5797,19.5797,2183_6473,4,0,4,0.274122
273,2,3,39,3,transit,AM,0,19.5797,18207.2,33;760;820;766;786;828;834;792;838,3;245;275;248;258;279;282;261;285;39,,0.800639,3;245;275;248;258;279;282;261;285;39,33;760;820;766;786;828;834;792;838,11.3158,18.2072,19.5797,19.5797,2175_6457,4,0,4,3.20255
274,0,3,39,1,transit,AM,0,19.5797,18207.2,32;758;818;764;784;826;832;790;837,3;244;274;247;257;278;281;260;284;39,,0.130831,3;244;274;247;257;278;281;260;284;39,32;758;818;764;784;826;832;790;837,11.3158,18.2072,19.5797,19.5797,2167_6441,4,0,4,0.523324
275,8,3,40,3,transit,AM,0,5.08072,4598.68,31;618;678;722,3;172;203;226;40,,0,3;172;203;226;40,31;618;678;722,2.8581,4.59868,5.08072,5.08072,644_2049,1,0,1,0
276,1,3,40,2,transit,AM,0,5.08072,4598.68,30;616;676;720,3;171;202;225;40,,0.869169,3;171;202;225;40,30;616;676;720,2.8581,4.59868,5.08072,5.08072,641_2042,1,0,1,0.869169
277,0,3,40,1,transit,AM,0,5.08072,4598.68,29;614;674;718,3;170;201;224;40,,0.130831,3;170;201;224;40,29;614;674;718,2.8581,4.59868,5.08072,5.08072,638_2035,1,0,1,0.130831
278,0,3,41,1,transit,AM,0,15.0869,13990.2,35;861;859;880;876;868;891,3;297;296;307;305;301;313;41,,1,3;297;296;307;305;301;313;41,35;861;859;880;876;868;891,8.69498,13.9902,15.0869,15.0869,1863_5270,6,0,6,6
279,6,3,42,4,transit,AM,0,35.3166,32977.4,36;1032;1028;1074;1050;1057;1063;1040;1030;1034;1052;1038;1044;1042;1072;1066,3;385;383;406;394;398;401;389;384;386;395;388;391;390;405;403;42,,0.182617,3;385;383;406;394;398;401;389;384;386;395;388;391;390;405;403;42,36;1032;1028;1074;1050;1057;1063;1040;1030;1034;1052;1038;1044;1042;1072;1066,20.4956,32.9774,35.3165,35.3166,5943_15758,2,0,2,0.365234
280,2,3,42,3,transit,AM,0,35.3166,32977.4,28;398;386;527;442;466;494;418;392;404;448;412;436;424;515;505,3;59;53;125;81;93;107;69;56;62;84;66;78;72;119;113;42,,0.0558212,3;59;53;125;81;93;107;69;56;62;84;66;78;72;119;113;42,28;398;386;527;442;466;494;418;392;404;448;412;436;424;515;505,20.4956,32.9774,35.3165,35.3166,1282_6695,2,0,2,0.111642
281,1,3,42,2,transit,AM,0,35.3166,32977.4,27;396;384;525;440;464;492;416;390;402;446;410;434;422;513;503,3;58;52;124;80;92;106;68;55;61;83;65;77;71;118;112;42,,0.143564,3;58;52;124;80;92;106;68;55;61;83;65;77;71;118;112;42,27;396;384;525;440;464;492;416;390;402;446;410;434;422;513;503,20.4956,32.9774,35.3165,35.3166,1267_6664,2,0,2,0.287127
282,0,3,42,1,transit,AM,0,35.3166,32977.4,26;394;382;523;438;462;490;414;388;400;444;408;432;420;511;501,3;57;51;123;79;91;105;67;54;60;82;64;76;70;117;111;42,,0.617998,3;57;51;123;79;91;105;67;54;60;82;64;76;70;117;111;42,26;394;382;523;438;462;490;414;388;400;444;408;432;420;511;501,20.4956,32.9774,35.3165,35.3166,1252_6633,2,0,2,1.236
283,6,3,43,4,transit,AM,0,38.7637,36212.8,36;1032;1028;1074;1050;1057;1063;1040;1030;1034;1052;1038;1044;1042;1072;1067;1068,3;385;383;406;394;398;401;389;384;386;395;388;391;390;405;403;404;43,,0.182617,3;385;383;406;394;398;401;389;384;386;395;388;391;390;405;403;404;43,36;1032;1028;1074;1050;1057;1063;1040;1030;1034;1052;1038;1044;1042;1072;1067;1068,22.5064,36.2128,38.7636,38.7637,6348_16827,9,0,9,1.64355
284,1,3,43,2,transit,AM,0,38.7637,36212.8,27;396;384;525;440;464;492;416;390;402;446;410;434;422;513;504;508,3;58;52;124;80;92;106;68;55;61;83;65;77;71;118;112;115;43,,0.143564,3;58;52;124;80;92;106;68;55;61;83;65;77;71;118;112;115;43,27;396;384;525;440;464;492;416;390;402;446;410;434;422;513;504;508,22.5064,36.2128,38.7636,38.7637,1383_7173,9,0,9,1.29207
285,2,3,43,3,transit,AM,0,38.7637,36212.8,28;398;386;527;442;466;494;418;392;404;448;412;436;424;515;506;509,3;59;53;125;81;93;107;69;56;62;84;66;78;72;119;113;116;43,,0.0558212,3;59;53;125;81;93;107;69;56;62;84;66;78;72;119;113;116;43,28;398;386;527;442;466;494;418;392;404;448;412;436;424;515;506;509,22.5064,36.2128,38.7636,38.7637,1399_7205,9,0,9,0.502391
286,0,3,43,1,transit,AM,0,38.7637,36212.8,26;394;382;523;438;462;490;414;388;400;444;408;432;420;511;502;507,3;57;51;123;79;91;105;67;54;60;82;64;76;70;117;111;114;43,,0.617998,3;57;51;123;79;91;105;67;54;60;82;64;76;70;117;111;114;43,26;394;382;523;438;462;490;414;388;400;444;408;432;420;511;502;507,22.5064,36.2128,38.7636,38.7637,1367_7141,9,0,9,5.56198
287,0,3,44,1,transit,AM,0,29.3881,27413.1,35;861;859;880;876;868;892;865;878;893,3;297;296;307;305;301;313;299;306;314;44,,1,3;297;296;307;305;301;313;299;306;314;44,35;861;859;880;876;868;892;865;878;893,17.0373,27.4131,29.3881,29.3881,2785_7907,2,0,2,2
288,6,3,45,4,transit,AM,0,31.2123,29125.2,36;1032;1028;1074;1050;1057;1063;1040;1030;1034;1052;1038;1044;1042;1071,3;385;383;406;394;398;401;389;384;386;395;388;391;390;405;45,,0.182617,3;385;383;406;394;398;401;389;384;386;395;388;391;390;405;45,36;1032;1028;1074;1050;1057;1063;1040;1030;1034;1052;1038;1044;1042;1071,18.1014,29.1252,31.2122,31.2123,5543_14691,1,0,1,0.182617
289,2,3,45,3,transit,AM,0,31.2123,29125.2,28;398;386;527;442;466;494;418;392;404;448;412;436;424;514,3;59;53;125;81;93;107;69;56;62;84;66;78;72;119;45,,0.0558212,3;59;53;125;81;93;107;69;56;62;84;66;78;72;119;45,28;398;386;527;442;466;494;418;392;404;448;412;436;424;514,18.1014,29.1252,31.2122,31.2123,1172_6189,1,0,1,0.0558212
290,1,3,45,2,transit,AM,0,31.2123,29125.2,27;396;384;525;440;464;492;416;390;402;446;410;434;422;512,3;58;52;124;80;92;106;68;55;61;83;65;77;71;118;45,,0.143564,3;58;52;124;80;92;106;68;55;61;83;65;77;71;118;45,27;396;384;525;440;464;492;416;390;402;446;410;434;422;512,18.1014,29.1252,31.2122,31.2123,1158_6160,1,0,1,0.143564
291,0,3,45,1,transit,AM,0,31.2123,29125.2,26;394;382;523;438;462;490;414;388;400;444;408;432;420;510,3;57;51;123;79;91;105;67;54;60;82;64;76;70;117;45,,0.617998,3;57;51;123;79;91;105;67;54;60;82;64;76;70;117;45,26;394;382;523;438;462;490;414;388;400;444;408;432;420;510,18.1014,29.1252,31.2122,31.2123,1144_6131,1,0,1,0.617998
292,0,3,46,1,transit,AM,0,35.7679,33401,35;861;859;880;876;868;892;865;878;894;895,3;297;296;307;305;301;313;299;306;314;315;46,,1,3;297;296;307;305;301;313;299;306;314;315;46,35;861;859;880;876;868;892;865;878;894;895,20.7589,33.401,35.7679,35.7679,3102_8803,2,0,2,2
293,0,3,47,1,transit,AM,0,48.6664,45507.3,35;861;859;880;876;868;892;865;878;894;896;874;897,3;297;296;307;305;301;313;299;306;314;315;304;316;47,,1,3;297;296;307;305;301;313;299;306;314;315;304;316;47,35;861;859;880;876;868;892;865;878;894;896;874;897,28.283,45.5073,48.6664,48.6664,3723_10575,4,0,4,4
294,1,3,48,2,transit,AM,0,23.9007,22262.9,30;616;676;721;694;670;738,3;171;202;225;211;199;234;48,,0.869169,3;171;202;225;211;199;234;48,30;616;676;721;694;670;738,13.8365,22.2629,23.9007,23.9007,1293_4145,5,0,5,4.34585
295,0,3,48,1,transit,AM,0,23.9007,22262.9,29;614;674;719;692;668;736,3;170;201;224;210;198;233;48,,0.130831,3;170;201;224;210;198;233;48,29;614;674;719;692;668;736,13.8365,22.2629,23.9007,23.9007,1287_4132,5,0,5,0.654155
296,7,3,50,4,transit,AM,0,3.02861,2672.57,36;1032;1028;1073,3;385;383;406;50,,0.15625,3;385;383;406;50,36;1032;1028;1073,1.66101,2.67257,3.02859,3.02861,1227_3169,1,0,1,0.15625
297,2,3,50,3,transit,AM,0,3.0286,2672.57,28;398;386;526,3;59;53;125;50,,0.0821884,3;59;53;125;50,28;398;386;526,1.66101,2.67257,3.02859,3.0286,290_1338,1,0,1,0.0821884
298,1,3,50,2,transit,AM,0,3.0286,2672.57,27;396;384;524,3;58;52;124;50,,0.143564,3;58;52;124;50,27;396;384;524,1.66101,2.67257,3.02859,3.0286,287_1331,1,0,1,0.143564
299,0,3,50,1,transit,AM,0,3.02861,2672.57,26;394;382;522,3;57;51;123;50,,0.617998,3;57;51;123;50,26;394;382;522,1.66101,2.67257,3.02859,3.02861,284_1324,1,0,1,0.617998
300,4,4,1,4,transit,AM,0,17.5927,16342.2,50;1082;1078;1088;1112;1106;1098;1122;1075,4;410;408;413;425;422;418;430;407;1,,0.0239468,4;410;408;413;425;422;418;430;407;1,50;1082;1078;1088;1112;1106;1098;1122;1075,10.1567,16.3422,17.5927,17.5927,3338_8811,10,0,10,0.239468
301,2,4,1,3,transit,AM,0,17.5927,16342.2,45;624;612;638;717;684;660;747;605,4;175;169;183;223;206;194;238;166;1,,0.0558212,4;175;169;183;223;206;194;238;166;1,45;624;612;638;717;684;660;747;605,10.1567,16.3422,17.5927,17.5927,1559_5332,10,0,10,0.558212
302,1,4,1,2,transit,AM,0,17.5927,16342.2,44;622;610;636;715;682;658;745;603,4;174;168;182;222;205;193;237;165;1,,0.738315,4;174;168;182;222;205;193;237;165;1,44;622;610;636;715;682;658;745;603,10.1567,16.3422,17.5927,17.5927,1551_5315,10,0,10,7.38315
303,0,4,1,1,transit,AM,0,17.5927,16342.2,43;620;608;634;713;680;656;743;601,4;173;167;181;221;204;192;236;164;1,,0.181917,4;173;167;181;221;204;192;236;164;1,43;620;608;634;713;680;656;743;601,10.1567,16.3422,17.5927,17.5927,1543_5298,10,0,10,1.81917
304,4,4,2,5,transit,AM,0,1.72648,1450.38,50;1082;1077,4;410;408;2,,0.0239468,4;410;408;2,50;1082;1077,0.901418,1.45038,1.72648,1.72648,824_2209,10,0,10,0.239468
305,3,4,2,4,transit,AM,0,1.72648,1450.38,48;978;975,4;357;356;2,,0.487167,4;357;356;2,48;978;975,0.901418,1.45038,1.72648,1.72648,719_2001,10,0,10,4.87167
306,2,4,2,3,transit,AM,0,1.72648,1450.38,45;624;611,4;175;169;2,,0.0558212,4;175;169;2,45;624;611,0.901418,1.45038,1.72648,1.72648,350_1280,10,0,10,0.558212
307,1,4,2,2,transit,AM,0,1.72648,1450.38,44;622;609,4;174;168;2,,0.251148,4;174;168;2,44;622;609,0.901418,1.45038,1.72648,1.72648,348_1275,10,0,10,2.51148
308,5,4,2,6,transit,AM,0,1.72648,1450.38,43;620;607,4;173;167;2,,0.0510864,4;173;167;2,43;620;607,0.901418,1.45038,1.72648,1.72648,346_1270,10,0,10,0.510864
309,0,4,2,1,transit,AM,0,1.72648,1450.38,42;566;563,4;145;144;2,,0.130831,4;145;144;2,42;566;563,0.901418,1.45038,1.72648,1.72648,295_1171,10,0,10,1.30831
310,1,4,3,2,transit,AM,0,18.1988,16911.1,44;622;610;636;715;682;658;745;604;615,4;174;168;182;222;205;193;237;165;171;3,,0.738315,4;174;168;182;222;205;193;237;165;171;3,44;622;610;636;715;682;658;745;604;615,10.5103,16.9111,18.1988,18.1988,1724_5931,11,0,11,8.12146
311,2,4,3,3,transit,AM,0,18.1989,16911.1,45;624;612;638;717;684;660;747;606;617,4;175;169;183;223;206;194;238;166;172;3,,0.0558212,4;175;169;183;223;206;194;238;166;172;3,45;624;612;638;717;684;660;747;606;617,10.5103,16.9111,18.1988,18.1989,1733_5950,11,0,11,0.614033
312,0,4,3,1,transit,AM,0,18.1988,16911.1,43;620;608;634;713;680;656;743;602;613,4;173;167;181;221;204;192;236;164;170;3,,0.205864,4;173;167;181;221;204;192;236;164;170;3,43;620;608;634;713;680;656;743;602;613,10.5103,16.9111,18.1988,18.1988,1715_5912,11,0,11,2.26451
313,0,4,6,1,transit,AM,0,23.5444,21928.4,50;1082;1078;1088;1112;1106;1098;1122;1076;1080;1102;1083,4;410;408;413;425;422;418;430;407;409;420;411;6,,1,4;410;408;413;425;422;418;430;407;409;420;411;6,50;1082;1078;1088;1112;1106;1098;1122;1076;1080;1102;1083,13.6286,21.9284,23.5444,23.5444,4583_12077,3,0,3,3
314,5,4,7,6,transit,AM,0,4.77054,4307.47,47;906;940;909,4;320;338;322;7,,0.233704,4;320;338;322;7,47;906;940;909,2.67711,4.30747,4.77054,4.77054,991_2802,13,0,13,3.03815
315,4,4,7,5,transit,AM,0,4.77054,4307.47,46;904;938;907,4;319;337;321;7,,0.0239468,4;319;337;321;7,46;904;938;907,2.67711,4.30747,4.77054,4.77054,988_2795,13,0,13,0.311308
316,3,4,7,4,transit,AM,0,4.77054,4307.47,41;531;550;532,4;127;137;128;7,,0.487167,4;127;137;128;7,41;531;550;532,2.67711,4.30747,4.77054,4.77054,403_1654,13,0,13,6.33317
317,2,4,7,3,transit,AM,0,4.77054,4307.47,40;404;448;411,4;62;84;66;7,,0.0558212,4;62;84;66;7,40;404;448;411,2.67711,4.30747,4.77054,4.77054,223_1303,13,0,13,0.725676
318,1,4,7,2,transit,AM,0,4.77054,4307.47,39;402;446;409,4;61;83;65;7,,0.0685305,4;61;83;65;7,39;402;446;409,2.67711,4.30747,4.77054,4.77054,220_1296,13,0,13,0.890897
319,0,4,7,1,transit,AM,0,4.77054,4307.47,38;400;444;407,4;60;82;64;7,,0.130831,4;60;82;64;7,38;400;444;407,2.67711,4.30747,4.77054,4.77054,217_1289,13,0,13,1.7008
320,1,4,8,2,transit,AM,0,36.0115,33629.7,48;978;976;986;1012;1010;992;1026;1004;998;988;1014;981,4;357;356;362;375;374;365;382;371;368;363;376;359;8,,0.611519,4;357;356;362;375;374;365;382;371;368;363;376;359;8,48;978;976;986;1012;1010;992;1026;1004;998;988;1014;981,20.901,33.6297,36.0115,36.0115,4420_12013,3,0,3,1.83456
321,0,4,8,1,transit,AM,0,36.0115,33629.7,42;566;564;574;591;589;581;597;587;583;576;593;569,4;145;144;149;158;157;153;161;156;154;150;159;147;8,,0.388481,4;145;144;149;158;157;153;161;156;154;150;159;147;8,42;566;564;574;591;589;581;597;587;583;576;593;569,20.901,33.6297,36.0115,36.0115,1845_7012,3,0,3,1.16544
322,5,4,11,6,transit,AM,0,3.50442,3119.13,43;620;608;633,4;173;167;181;11,,0.0510864,4;173;167;181;11,43;620;608;633,1.93855,3.11913,3.50442,3.50442,536_1904,32,0,32,1.63477
323,4,4,11,5,transit,AM,0,3.50442,3119.13,50;1082;1078;1087,4;410;408;413;11,,0.0239468,4;410;408;413;11,50;1082;1078;1087,1.93855,3.11913,3.50442,3.50442,1246_3297,32,0,32,0.766296
324,3,4,11,4,transit,AM,0,3.50442,3119.13,48;978;976;985,4;357;356;362;11,,0.487167,4;357;356;362;11,48;978;976;985,1.93855,3.11913,3.50442,3.50442,1090_2987,32,0,32,15.5893
325,2,4,11,3,transit,AM,0,3.50443,3119.13,45;624;612;637,4;175;169;183;11,,0.0558212,4;175;169;183;11,45;624;612;637,1.93855,3.11913,3.50442,3.50443,542_1918,32,0,32,1.78628
326,1,4,11,2,transit,AM,0,3.50442,3119.13,44;622;610;635,4;174;168;182;11,,0.251148,4;174;168;182;11,44;622;610;635,1.93855,3.11913,3.50442,3.50442,539_1911,32,0,32,8.03673
327,0,4,11,1,transit,AM,0,3.50442,3119.13,42;566;564;573,4;145;144;149;11,,0.130831,4;145;144;149;11,42;566;564;573,1.93855,3.11913,3.50442,3.50442,453_1745,32,0,32,4.18659
328,6,4,12,4,transit,AM,0,10.0708,9282.19,49;1034;1052;1038;1044;1041,4;386;395;388;391;390;12,,0.182617,4;386;395;388;391;390;12,49;1034;1052;1038;1044;1041,5.76892,9.28219,10.0708,10.0708,1966_5258,2,0,2,0.365234
329,2,4,12,3,transit,AM,0,10.0708,9282.19,40;404;448;412;436;423,4;62;84;66;78;72;12,,0.0558212,4;62;84;66;78;72;12,40;404;448;412;436;423,5.76892,9.28219,10.0708,10.0708,378_2163,2,0,2,0.111642
330,1,4,12,2,transit,AM,0,10.0708,9282.19,39;402;446;410;434;421,4;61;83;65;77;71;12,,0.143564,4;61;83;65;77;71;12,39;402;446;410;434;421,5.76892,9.28219,10.0708,10.0708,373_2152,2,0,2,0.287127
331,0,4,12,1,transit,AM,0,10.0708,9282.19,38;400;444;408;432;419,4;60;82;64;76;70;12,,0.617998,4;60;82;64;76;70;12,38;400;444;408;432;419,5.76892,9.28219,10.0708,10.0708,368_2141,2,0,2,1.236
332,1,4,13,2,transit,AM,0,26.5987,24795,48;978;976;986;1012;1010;992;1026;1004;998;987,4;357;356;362;375;374;365;382;371;368;363;13,,0.611519,4;357;356;362;375;374;365;382;371;368;363;13,48;978;976;986;1012;1010;992;1026;1004;998;987,15.4102,24.795,26.5987,26.5987,3690_10017,5,0,5,3.05759
333,0,4,13,1,transit,AM,0,26.5987,24795,42;566;564;574;591;589;581;597;587;583;575,4;145;144;149;158;157;153;161;156;154;150;13,,0.388481,4;145;144;149;158;157;153;161;156;154;150;13,42;566;564;574;591;589;581;597;587;583;575,15.4102,24.795,26.5987,26.5987,1544_5849,5,0,5,1.94241
334,1,4,14,2,transit,AM,0,50.6989,47415.2,44;622;610;636;715;682;658;745;604;616;676;721;694;670;739;704;645,4;174;168;182;222;205;193;237;165;171;202;225;211;199;234;216;187;14,,0.794136,4;174;168;182;222;205;193;237;165;171;202;225;211;199;234;216;187;14,44;622;610;636;715;682;658;745;604;616;676;721;694;670;739;704;645,29.4687,47.4152,50.6989,50.6989,3209_10781,1,0,1,0.794136
335,0,4,14,1,transit,AM,0,50.6989,47415.2,43;620;608;634;713;680;656;743;602;614;674;719;692;668;737;702;643,4;173;167;181;221;204;192;236;164;170;201;224;210;198;233;215;186;14,,0.205864,4;173;167;181;221;204;192;236;164;170;201;224;210;198;233;215;186;14,43;620;608;634;713;680;656;743;602;614;674;719;692;668;737;702;643,29.4687,47.4152,50.6989,50.6989,3193_10748,1,0,1,0.205864
336,5,4,15,6,transit,AM,0,7.49137,6861.19,47;906;940;910;926,4;320;338;322;331;15,,0.233704,4;320;338;322;331;15,47;906;940;910;926,4.26426,6.86119,7.49137,7.49137,1330_3729,9,0,9,2.10333
337,4,4,15,5,transit,AM,0,7.49137,6861.19,46;904;938;908;925,4;319;337;321;330;15,,0.0239468,4;319;337;321;330;15,46;904;938;908;925,4.26426,6.86119,7.49137,7.49137,1326_3721,9,0,9,0.215521
338,3,4,15,4,transit,AM,0,7.49137,6861.19,41;531;550;533;542,4;127;137;128;133;15,,0.487167,4;127;137;128;133;15,41;531;550;533;542,4.26426,6.86119,7.49137,7.49137,544_2197,9,0,9,4.3845
339,2,4,15,3,transit,AM,0,7.49137,6861.19,40;404;448;412;435,4;62;84;66;78;15,,0.0558212,4;62;84;66;78;15,40;404;448;412;435,4.26426,6.86119,7.49137,7.49137,309_1739,9,0,9,0.502391
340,1,4,15,2,transit,AM,0,7.49137,6861.19,39;402;446;410;433,4;61;83;65;77;15,,0.0685305,4;61;83;65;77;15,39;402;446;410;433,4.26426,6.86119,7.49137,7.49137,305_1730,9,0,9,0.616775
341,0,4,15,1,transit,AM,0,7.49137,6861.19,38;400;444;408;431,4;60;82;64;76;15,,0.130831,4;60;82;64;76;15,38;400;444;408;431,4.26426,6.86119,7.49137,7.49137,301_1721,9,0,9,1.17748
342,0,4,16,1,transit,AM,0,25.5697,23829.3,50;1082;1078;1088;1112;1106;1098;1122;1076;1080;1102;1084;1093,4;410;408;413;425;422;418;430;407;409;420;411;416;16,,1,4;410;408;413;425;422;418;430;407;409;420;411;416;16,50;1082;1078;1088;1112;1106;1098;1122;1076;1080;1102;1084;1093,14.81,23.8293,25.5697,25.5697,5009_13171,9,0,9,9
343,0,4,17,1,transit,AM,0,33.9228,31669.4,50;1082;1078;1088;1112;1106;1098;1122;1076;1080;1102;1084;1094;1108;1110;1095,4;410;408;413;425;422;418;430;407;409;420;411;416;423;424;417;17,,1,4;410;408;413;425;422;418;430;407;409;420;411;416;423;424;417;17,50;1082;1078;1088;1112;1106;1098;1122;1076;1080;1102;1084;1094;1108;1110;1095,19.6826,31.6694,33.9228,33.9228,6274_16485,1,0,1,1
344,0,4,18,1,transit,AM,0,57.4104,53714.3,42;566;564;574;591;589;581;597;587;583;576;593;570;572;595;579,4;145;144;149;158;157;153;161;156;154;150;159;147;148;160;152;18,,1,4;145;144;149;158;157;153;161;156;154;150;159;147;148;160;152;18,42;566;564;574;591;589;581;597;587;583;576;593;570;572;595;579,33.3837,53.7143,57.4104,57.4104,2315_8759,1,0,1,1
345,4,4,19,4,transit,AM,0,5.73357,5211.38,50;1082;1078;1088;1112;1106;1097,4;410;408;413;425;422;418;19,,0.0239468,4;410;408;413;425;422;418;19,50;1082;1078;1088;1112;1106;1097,3.2389,5.21138,5.73357,5.73357,2519_6613,72,0,72,1.72417
346,2,4,19,3,transit,AM,0,5.73357,5211.38,48;978;976;986;1012;1010;991,4;357;356;362;375;374;365;19,,0.542988,4;357;356;362;375;374;365;19,48;978;976;986;1012;1010;991,3.2389,5.21138,5.73357,5.73357,2212_6001,72,0,72,39.0951
347,5,4,19,5,transit,AM,0,5.73357,5211.38,43;620;608;634;713;680;655,4;173;167;181;221;204;192;19,,0.0510864,4;173;167;181;221;204;192;19,43;620;608;634;713;680;655,3.2389,5.21138,5.73357,5.73357,1161_3953,72,0,72,3.67822
348,1,4,19,2,transit,AM,0,5.73357,5211.38,44;622;610;636;715;682;657,4;174;168;182;222;205;193;19,,0.251148,4;174;168;182;222;205;193;19,44;622;610;636;715;682;657,3.2389,5.21138,5.73357,5.73357,1167_3966,72,0,72,18.0826
349,0,4,19,1,transit,AM,0,5.73357,5211.38,42;566;564;574;591;589;580,4;145;144;149;158;157;153;19,,0.130831,4;145;144;149;158;157;153;19,42;566;564;574;591;589;580,3.2389,5.21138,5.73357,5.73357,929_3506,72,0,72,9.41983
350,0,4,20,1,transit,AM,0,57.8166,54095.5,48;978;976;986;1012;1010;992;1026;1004;998;988;1014;982;1002;1016;1020;995,4;357;356;362;375;374;365;382;371;368;363;376;359;370;377;379;367;20,,1,4;357;356;362;375;374;365;382;371;368;363;376;359;370;377;379;367;20,48;978;976;986;1012;1010;992;1026;1004;998;988;1014;982;1002;1016;1020;995,33.6206,54.0955,57.8166,57.8166,5925_16047,1,0,1,1
351,1,4,21,2,transit,AM,0,23.0051,21422.1,48;978;976;986;1012;1010;992;1026;1004;997,4;357;356;362;375;374;365;382;371;368;21,,0.611519,4;357;356;362;375;374;365;382;371;368;21,48;978;976;986;1012;1010;992;1026;1004;997,13.3139,21.4221,23.0051,23.0051,3335_9029,6,0,6,3.66911
352,0,4,21,1,transit,AM,0,23.0051,21422.1,42;566;564;574;591;589;581;597;587;582,4;145;144;149;158;157;153;161;156;154;21,,0.388481,4;145;144;149;158;157;153;161;156;154;21,42;566;564;574;591;589;581;597;587;582,13.3139,21.4221,23.0051,23.0051,1402_5273,6,0,6,2.33089
353,5,4,22,6,transit,AM,0,2.88173,2534.67,47;906;939,4;320;338;22,,0.233704,4;320;338;22,47;906;939,1.57531,2.53467,2.88173,2.88173,684_1892,5,0,5,1.16852
354,4,4,22,5,transit,AM,0,2.88173,2534.67,46;904;937,4;319;337;22,,0.0239468,4;319;337;22,46;904;937,1.57531,2.53467,2.88173,2.88173,682_1887,5,0,5,0.119734
355,3,4,22,4,transit,AM,0,2.88173,2534.67,41;531;549,4;127;137;22,,0.487167,4;127;137;22,41;531;549,1.57531,2.53467,2.88173,2.88173,290_1121,5,0,5,2.43583
356,2,4,22,3,transit,AM,0,2.88173,2534.67,40;404;447,4;62;84;22,,0.0558212,4;62;84;22,40;404;447,1.57531,2.53467,2.88173,2.88173,172_891,5,0,5,0.279106
357,1,4,22,2,transit,AM,0,2.88173,2534.67,39;402;445,4;61;83;22,,0.0685305,4;61;83;22,39;402;445,1.57531,2.53467,2.88173,2.88173,170_886,5,0,5,0.342653
358,0,4,22,1,transit,AM,0,2.88173,2534.67,38;400;443,4;60;82;22,,0.130831,4;60;82;22,38;400;443,1.57531,2.53467,2.88173,2.88173,168_881,5,0,5,0.654155
359,0,4,23,1,transit,AM,0,40.9194,38236.2,48;978;976;986;1012;1010;992;1026;1004;998;988;1014;982;1001,4;357;356;362;375;374;365;382;371;368;363;376;359;370;23,,1,4;357;356;362;375;374;365;382;371;368;363;376;359;370;23,48;978;976;986;1012;1010;992;1026;1004;998;988;1014;982;1001,23.7639,38.2362,40.9194,40.9194,4805_13015,2,0,2,2
360,1,4,24,2,transit,AM,0,36.3321,33930.7,44;622;610;636;715;682;658;745;604;616;676;721;694;669,4;174;168;182;222;205;193;237;165;171;202;225;211;199;24,,0.794136,4;174;168;182;222;205;193;237;165;171;202;225;211;199;24,44;622;610;636;715;682;658;745;604;616;676;721;694;669,21.0881,33.9307,36.3321,36.3321,2582_8692,2,0,2,1.58827
361,0,4,24,1,transit,AM,0,36.3321,33930.7,43;620;608;634;713;680;656;743;602;614;674;719;692;667,4;173;167;181;221;204;192;236;164;170;201;224;210;198;24,,0.205864,4;173;167;181;221;204;192;236;164;170;201;224;210;198;24,43;620;608;634;713;680;656;743;602;614;674;719;692;667,21.0881,33.9307,36.3321,36.3321,2569_8665,2,0,2,0.411728
362,1,4,25,2,transit,AM,0,18.321,17025.7,48;978;976;986;1012;1010;992;1026;1003,4;357;356;362;375;374;365;382;371;25,,0.611519,4;357;356;362;375;374;365;382;371;25,48;978;976;986;1012;1010;992;1026;1003,10.5815,17.0257,18.321,18.321,2971_8031,2,0,2,1.22304
363,0,4,25,1,transit,AM,0,18.321,17025.7,42;566;564;574;591;589;581;597;586,4;145;144;149;158;157;153;161;156;25,,0.388481,4;145;144;149;158;157;153;161;156;25,42;566;564;574;591;589;581;597;586,10.5815,17.0257,18.321,18.321,1252_4690,2,0,2,0.776963
364,2,4,26,3,transit,AM,0,20.6614,19222.4,45;624;612;638;717;684;660;747;606;618;677,4;175;169;183;223;206;194;238;166;172;203;26,,0.0558212,4;175;169;183;223;206;194;238;166;172;203;26,45;624;612;638;717;684;660;747;606;618;677,11.9468,19.2224,20.6614,20.6614,1959_6628,6,0,6,0.334927
365,1,4,26,2,transit,AM,0,20.6614,19222.4,44;622;610;636;715;682;658;745;604;616;675,4;174;168;182;222;205;193;237;165;171;202;26,,0.738315,4;174;168;182;222;205;193;237;165;171;202;26,44;622;610;636;715;682;658;745;604;616;675,11.9468,19.2224,20.6614,20.6614,1949_6607,6,0,6,4.42989
366,0,4,26,1,transit,AM,0,20.6614,19222.4,43;620;608;634;713;680;656;743;602;614;673,4;173;167;181;221;204;192;236;164;170;201;26,,0.205864,4;173;167;181;221;204;192;236;164;170;201;26,43;620;608;634;713;680;656;743;602;614;673,11.9468,19.2224,20.6614,20.6614,1939_6586,6,0,6,1.23518
367,0,4,27,1,transit,AM,0,22.7095,21144.6,49;1034;1052;1038;1044;1042;1072;1067;1069;1055,4;386;395;388;391;390;405;403;404;397;27,,1,4;386;395;388;391;390;405;403;404;397;27,49;1034;1052;1038;1044;1042;1072;1067;1069;1055,13.1415,21.1446,22.7095,22.7095,3590_9522,6,0,6,6
368,0,4,28,1,transit,AM,0,77.0989,72193.5,48;978;976;986;1012;1010;992;1026;1004;998;988;1014;982;1002;1016;1020;996;1024;1007,4;357;356;362;375;374;365;382;371;368;363;376;359;370;377;379;367;381;373;28,,1,4;357;356;362;375;374;365;382;371;368;363;376;359;370;377;379;367;381;373;28,48;978;976;986;1012;1010;992;1026;1004;998;988;1014;982;1002;1016;1020;996;1024;1007,44.8686,72.1935,77.0989,77.0989,6687_18079,1,0,1,1
369,4,4,29,4,transit,AM,0,5.13212,4646.87,50;1082;1078;1088;1112;1105,4;410;408;413;425;422;29,,0.0239468,4;410;408;413;425;422;29,50;1082;1078;1088;1112;1105,2.88805,4.64687,5.13212,5.13212,2111_5515,109,0,109,2.6102
370,5,4,29,5,transit,AM,0,5.13212,4646.87,43;620;608;634;713;679,4;173;167;181;221;204;29,,0.0510864,4;173;167;181;221;204;29,43;620;608;634;713;679,2.88805,4.64687,5.13212,5.13212,979_3297,109,0,109,5.56842
371,2,4,29,3,transit,AM,0,5.13212,4646.87,48;978;976;986;1012;1009,4;357;356;362;375;374;29,,0.542988,4;357;356;362;375;374;29,48;978;976;986;1012;1009,2.88805,4.64687,5.13212,5.13212,1857_5009,109,0,109,59.1857
372,1,4,29,2,transit,AM,0,5.13212,4646.87,44;622;610;636;715;681,4;174;168;182;222;205;29,,0.251148,4;174;168;182;222;205;29,44;622;610;636;715;681,2.88805,4.64687,5.13212,5.13212,984_3308,109,0,109,27.3751
373,0,4,29,1,transit,AM,0,5.13212,4646.87,42;566;564;574;591;588,4;145;144;149;158;157;29,,0.130831,4;145;144;149;158;157;29,42;566;564;574;591;588,2.88805,4.64687,5.13212,5.13212,786_2925,109,0,109,14.2606
374,1,4,35,2,transit,AM,0,44.7736,41853.8,44;622;610;636;715;682;658;745;604;616;676;721;694;670;739;703,4;174;168;182;222;205;193;237;165;171;202;225;211;199;234;216;35,,0.794136,4;174;168;182;222;205;193;237;165;171;202;225;211;199;234;216;35,44;622;610;636;715;682;658;745;604;616;676;721;694;670;739;703,26.0123,41.8538,44.7736,44.7736,3043_10135,1,0,1,0.794136
375,0,4,35,1,transit,AM,0,44.7736,41853.8,43;620;608;634;713;680;656;743;602;614;674;719;692;668;737;701,4;173;167;181;221;204;192;236;164;170;201;224;210;198;233;215;35,,0.205864,4;173;167;181;221;204;192;236;164;170;201;224;210;198;233;215;35,43;620;608;634;713;680;656;743;602;614;674;719;692;668;737;701,26.0123,41.8538,44.7736,44.7736,3028_10104,1,0,1,0.205864
376,0,4,37,1,transit,AM,0,30.7655,28706,50;1082;1078;1088;1112;1106;1098;1122;1076;1080;1102;1084;1094;1108;1109,4;410;408;413;425;422;418;430;407;409;420;411;416;423;424;37,,1,4;410;408;413;425;422;418;430;407;409;420;411;416;423;424;37,50;1082;1078;1088;1112;1106;1098;1122;1076;1080;1102;1084;1094;1108;1109,17.8409,28.706,30.7655,30.7655,5877_15389,1,0,1,1
377,5,4,38,6,transit,AM,0,4.36927,3930.87,43;620;608;634;712,4;173;167;181;221;38,,0.0510864,4;173;167;181;221;38,43;620;608;634;712,2.44305,3.93087,4.36927,4.36927,784_2617,32,0,32,1.63477
378,4,4,38,5,transit,AM,0,4.36927,3930.87,50;1082;1078;1088;1111,4;410;408;413;425;38,,0.180197,4;410;408;413;425;38,50;1082;1078;1088;1111,2.44305,3.93087,4.36927,4.36927,1698_4409,32,0,32,5.7663
379,3,4,38,4,transit,AM,0,4.36927,3930.87,48;978;976;986;1011,4;357;356;362;375;38,,0.487167,4;357;356;362;375;38,48;978;976;986;1011,2.44305,3.93087,4.36927,4.36927,1492_3999,32,0,32,15.5893
380,1,4,38,2,transit,AM,0,4.36927,3930.87,44;622;610;636;714,4;174;168;182;222;38,,0.0948977,4;174;168;182;222;38,44;622;610;636;714,2.44305,3.93087,4.36927,4.36927,788_2626,32,0,32,3.03673
381,2,4,38,3,transit,AM,0,4.36928,3930.87,45;624;612;638;716,4;175;169;183;223;38,,0.0558212,4;175;169;183;223;38,45;624;612;638;716,2.44305,3.93087,4.36927,4.36928,792_2635,32,0,32,1.78628
382,0,4,38,1,transit,AM,0,4.36927,3930.87,42;566;564;574;590,4;145;144;149;158;38,,0.130831,4;145;144;149;158;38,42;566;564;574;590,2.44305,3.93087,4.36927,4.36927,638_2336,32,0,32,4.18659
383,0,4,39,1,transit,AM,0,37.5672,35089.9,50;1082;1078;1088;1112;1106;1098;1122;1076;1080;1102;1084;1094;1108;1110;1096;1113,4;410;408;413;425;422;418;430;407;409;420;411;416;423;424;417;426;39,,1,4;410;408;413;425;422;418;430;407;409;420;411;416;423;424;417;426;39,50;1082;1078;1088;1112;1106;1098;1122;1076;1080;1102;1084;1094;1108;1110;1096;1113,21.8085,35.0899,37.5672,37.5672,6722_17599,4,0,4,4
384,1,4,40,2,transit,AM,0,23.0682,21481.4,44;622;610;636;715;682;658;745;604;616;676;720,4;174;168;182;222;205;193;237;165;171;202;225;40,,0.738315,4;174;168;182;222;205;193;237;165;171;202;225;40,44;622;610;636;715;682;658;745;604;616;676;720,13.3508,21.4814,23.0682,23.0682,2188_7328,4,0,4,2.95326
385,2,4,40,3,transit,AM,0,23.0682,21481.4,45;624;612;638;717;684;660;747;606;618;678;722,4;175;169;183;223;206;194;238;166;172;203;226;40,,0.0558212,4;175;169;183;223;206;194;238;166;172;203;226;40,45;624;612;638;717;684;660;747;606;618;678;722,13.3508,21.4814,23.0682,23.0682,2199_7351,4,0,4,0.223285
386,0,4,40,1,transit,AM,0,23.0682,21481.4,43;620;608;634;713;680;656;743;602;614;674;718,4;173;167;181;221;204;192;236;164;170;201;224;40,,0.205864,4;173;167;181;221;204;192;236;164;170;201;224;40,43;620;608;634;713;680;656;743;602;614;674;718,13.3508,21.4814,23.0682,23.0682,2177_7305,4,0,4,0.823457
387,1,4,41,2,transit,AM,0,31.6531,29539,48;978;976;986;1012;1010;992;1026;1004;998;988;1013,4;357;356;362;375;374;365;382;371;368;363;376;41,,0.611519,4;357;356;362;375;374;365;382;371;368;363;376;41,48;978;976;986;1012;1010;992;1026;1004;998;988;1013,18.3586,29.539,31.6531,31.6531,4094_11031,1,0,1,0.611519
388,0,4,41,1,transit,AM,0,31.6531,29539,42;566;564;574;591;589;581;597;587;583;576;592,4;145;144;149;158;157;153;161;156;154;150;159;41,,0.388481,4;145;144;149;158;157;153;161;156;154;150;159;41,42;566;564;574;591;589;581;597;587;583;576;592,18.3586,29.539,31.6531,31.6531,1731_6442,1,0,1,0.388481
389,6,4,42,4,transit,AM,0,17.3291,16094.7,49;1034;1052;1038;1044;1042;1072;1066,4;386;395;388;391;390;405;403;42,,0.0263672,4;386;395;388;391;390;405;403;42,49;1034;1052;1038;1044;1042;1072;1066,10.0029,16.0947,17.3291,17.3291,2804_7397,6,0,6,0.158203
390,2,4,42,3,transit,AM,0,17.3291,16094.7,40;404;448;412;436;424;515;505,4;62;84;66;78;72;119;113;42,,0.0558212,4;62;84;66;78;72;119;113;42,40;404;448;412;436;424;515;505,10.0029,16.0947,17.3291,17.3291,640_3184,6,0,6,0.334927
391,1,4,42,2,transit,AM,0,17.3291,16094.7,39;402;446;410;434;422;513;503,4;61;83;65;77;71;118;112;42,,0.143564,4;61;83;65;77;71;118;112;42,39;402;446;410;434;422;513;503,10.0029,16.0947,17.3291,17.3291,633_3169,6,0,6,0.861382
392,0,4,42,1,transit,AM,0,17.3291,16094.7,38;400;444;408;432;420;511;501,4;60;82;64;76;70;117;111;42,,0.774248,4;60;82;64;76;70;117;111;42,38;400;444;408;432;420;511;501,10.0029,16.0947,17.3291,17.3291,626_3154,6,0,6,4.64549
393,2,4,43,3,transit,AM,0,20.7761,19330,40;404;448;412;436;424;515;506;509,4;62;84;66;78;72;119;113;116;43,,0.0558212,4;62;84;66;78;72;119;113;116;43,40;404;448;412;436;424;515;506;509,12.0137,19.33,20.7761,20.7761,757_3694,3,0,3,0.167464
394,1,4,43,2,transit,AM,0,20.7761,19330,39;402;446;410;434;422;513;504;508,4;61;83;65;77;71;118;112;115;43,,0.143564,4;61;83;65;77;71;118;112;115;43,39;402;446;410;434;422;513;504;508,12.0137,19.33,20.7761,20.7761,749_3678,3,0,3,0.430691
395,0,4,43,1,transit,AM,0,20.7761,19330,38;400;444;408;432;420;511;502;507,4;60;82;64;76;70;117;111;114;43,,0.800615,4;60;82;64;76;70;117;111;114;43,38;400;444;408;432;420;511;502;507,12.0137,19.33,20.7761,20.7761,741_3662,3,0,3,2.40185
396,0,4,44,1,transit,AM,0,45.9543,42961.8,48;978;976;986;1012;1010;992;1026;1004;998;988;1014;982;1002;1015,4;357;356;362;375;374;365;382;371;368;363;376;359;370;377;44,,1,4;357;356;362;375;374;365;382;371;368;363;376;359;370;377;44,48;978;976;986;1012;1010;992;1026;1004;998;988;1014;982;1002;1015,26.701,42.9618,45.9543,45.9543,5203_14031,2,0,2,2
397,6,4,45,4,transit,AM,0,13.2248,12242.5,49;1034;1052;1038;1044;1042;1071,4;386;395;388;391;390;405;45,,0.182617,4;386;395;388;391;390;405;45,49;1034;1052;1038;1044;1042;1071,7.60874,12.2425,13.2248,13.2248,2404_6330,5,0,5,0.913086
398,2,4,45,3,transit,AM,0,13.2248,12242.5,40;404;448;412;436;424;514,4;62;84;66;78;72;119;45,,0.0558212,4;62;84;66;78;72;119;45,40;404;448;412;436;424;514,7.60874,12.2425,13.2248,13.2248,530_2678,5,0,5,0.279106
399,1,4,45,2,transit,AM,0,13.2248,12242.5,39;402;446;410;434;422;512,4;61;83;65;77;71;118;45,,0.143564,4;61;83;65;77;71;118;45,39;402;446;410;434;422;512,7.60874,12.2425,13.2248,13.2248,524_2665,5,0,5,0.717818
400,0,4,45,1,transit,AM,0,13.2248,12242.5,38;400;444;408;432;420;510,4;60;82;64;76;70;117;45,,0.617998,4;60;82;64;76;70;117;45,38;400;444;408;432;420;510,7.60874,12.2425,13.2248,13.2248,518_2652,5,0,5,3.08999
401,0,4,46,1,transit,AM,0,52.3342,48949.8,48;978;976;986;1012;1010;992;1026;1004;998;988;1014;982;1002;1016;1019,4;357;356;362;375;374;365;382;371;368;363;376;359;370;377;379;46,,1,4;357;356;362;375;374;365;382;371;368;363;376;359;370;377;379;46,48;978;976;986;1012;1010;992;1026;1004;998;988;1014;982;1002;1016;1019,30.4225,48.9498,52.3341,52.3342,5584_15051,3,0,3,3
402,0,4,47,1,transit,AM,0,65.2327,61056.1,48;978;976;986;1012;1010;992;1026;1004;998;988;1014;982;1002;1016;1020;996;1023,4;357;356;362;375;374;365;382;371;368;363;376;359;370;377;379;367;381;47,,1,4;357;356;362;375;374;365;382;371;368;363;376;359;370;377;379;367;381;47,48;978;976;986;1012;1010;992;1026;1004;998;988;1014;982;1002;1016;1020;996;1023,37.9466,61.0561,65.2327,65.2327,6333_17071,2,0,2,2
403,1,4,48,2,transit,AM,0,41.8882,39145.6,44;622;610;636;715;682;658;745;604;616;676;721;694;670;738,4;174;168;182;222;205;193;237;165;171;202;225;211;199;234;48,,0.794136,4;174;168;182;222;205;193;237;165;171;202;225;211;199;234;48,44;622;610;636;715;682;658;745;604;616;676;721;694;670;738,24.3292,39.1456,41.8882,41.8882,2840_9431,3,0,3,2.38241
404,0,4,48,1,transit,AM,0,41.8882,39145.6,43;620;608;634;713;680;656;743;602;614;674;719;692;668;736,4;173;167;181;221;204;192;236;164;170;201;224;210;198;233;48,,0.205864,4;173;167;181;221;204;192;236;164;170;201;224;210;198;233;48,43;620;608;634;713;680;656;743;602;614;674;719;692;668;736,24.3292,39.1456,41.8882,41.8882,2826_9402,3,0,3,0.617592
405,5,4,50,5,transit,AM,0,15.3816,14266.9,43;620;608;634;713;680;656;742,4;173;167;181;221;204;192;236;50,,0.0510864,4;173;167;181;221;204;192;236;50,43;620;608;634;713;680;656;742,8.86691,14.2669,15.3816,15.3816,1428_4696,7,0,7,0.357605
406,4,4,50,4,transit,AM,0,15.3816,14266.9,50;1082;1078;1088;1112;1106;1098;1121,4;410;408;413;425;422;418;430;50,,0.0239468,4;410;408;413;425;422;418;430;50,50;1082;1078;1088;1112;1106;1098;1121,8.86691,14.2669,15.3816,15.3816,2980_7735,7,0,7,0.167627
407,2,4,50,3,transit,AM,0,15.3816,14266.9,48;978;976;986;1012;1010;992;1025,4;357;356;362;375;374;365;382;50,,0.542988,4;357;356;362;375;374;365;382;50,48;978;976;986;1012;1010;992;1025,8.86691,14.2669,15.3816,15.3816,2625_7027,7,0,7,3.80092
408,1,4,50,2,transit,AM,0,15.3816,14266.9,44;622;610;636;715;682;658;744,4;174;168;182;222;205;193;237;50,,0.0948977,4;174;168;182;222;205;193;237;50,44;622;610;636;715;682;658;744,8.86691,14.2669,15.3816,15.3816,1435_4711,7,0,7,0.664284
409,0,4,50,1,transit,AM,0,15.3816,14266.9,42;566;564;574;591;589;581;596,4;145;144;149;158;157;153;161;50,,0.287081,4;145;144;149;158;157;153;161;50,42;566;564;574;591;589;581;596,8.86691,14.2669,15.3816,15.3816,1121_4103,7,0,7,2.00957
410,0,5,1,1,transit,AM,0,60.186,56319.6,51;406;478;486;468;426;480;517;450;472;496;456;394;381,5;63;99;103;94;73;100;120;85;96;108;88;57;51;1,,1,5;63;99;103;94;73;100;120;85;96;108;88;57;51;1,51;406;478;486;468;426;480;517;450;472;496;456;394;381,35.0028,56.3196,60.1859,60.186,1143_5961,25,0,25,25
411,0,5,2,1,transit,AM,0,76.0523,71211.4,51;406;478;486;468;426;480;517;450;472;496;456;394;382;523;438;462;490;414;387,5;63;99;103;94;73;100;120;85;96;108;88;57;51;123;79;91;105;67;54;2,,1,5;63;99;103;94;73;100;120;85;96;108;88;57;51;123;79;91;105;67;54;2,51;406;478;486;468;426;480;517;450;472;496;456;394;382;523;438;462;490;414;387,44.2581,71.2114,76.0522,76.0523,1663_8676,19,0,19,19
412,0,5,3,1,transit,AM,0,59.5798,55750.6,51;406;478;486;468;426;480;517;450;472;496;456;393,5;63;99;103;94;73;100;120;85;96;108;88;57;3,,1,5;63;99;103;94;73;100;120;85;96;108;88;57;3,51;406;478;486;468;426;480;517;450;472;496;456;393,34.6492,55.7506,59.5798,59.5798,1094_5579,19,0,19,19
413,0,5,4,1,transit,AM,0,77.5674,72633.4,51;406;478;486;468;426;480;517;450;472;496;456;394;382;523;438;462;490;414;388;399,5;63;99;103;94;73;100;120;85;96;108;88;57;51;123;79;91;105;67;54;60;4,,1,5;63;99;103;94;73;100;120;85;96;108;88;57;51;123;79;91;105;67;54;60;4,51;406;478;486;468;426;480;517;450;472;496;456;394;382;523;438;462;490;414;388;399,45.1419,72.6334,77.5673,77.5674,1725_9076,8,0,8,8
414,0,5,7,1,transit,AM,0,82.1266,76912.5,51;406;478;486;468;426;480;517;450;472;496;456;394;382;523;438;462;490;414;388;400;444;407,5;63;99;103;94;73;100;120;85;96;108;88;57;51;123;79;91;105;67;54;60;82;64;7,,1,5;63;99;103;94;73;100;120;85;96;108;88;57;51;123;79;91;105;67;54;60;82;64;7,51;406;478;486;468;426;480;517;450;472;496;456;394;382;523;438;462;490;414;388;400;444;407,47.8014,76.9125,82.1264,82.1266,1874_9928,5,0,5,5
415,0,5,11,1,transit,AM,0,74.2744,69542.6,51;406;478;486;468;426;480;517;450;472;496;456;394;382;523;438;462;490;413,5;63;99;103;94;73;100;120;85;96;108;88;57;51;123;79;91;105;67;11,,1,5;63;99;103;94;73;100;120;85;96;108;88;57;51;123;79;91;105;67;11,51;406;478;486;468;426;480;517;450;472;496;456;394;382;523;438;462;490;413,43.221,69.5426,74.2742,74.2744,1618_8288,45,0,45,45
416,0,5,12,1,transit,AM,0,87.4268,81887.2,51;406;478;486;468;426;480;517;450;472;496;456;394;382;523;438;462;490;414;388;400;444;408;432;419,5;63;99;103;94;73;100;120;85;96;108;88;57;51;123;79;91;105;67;54;60;82;64;76;70;12,,1,5;63;99;103;94;73;100;120;85;96;108;88;57;51;123;79;91;105;67;54;60;82;64;76;70;12,51;406;478;486;468;426;480;517;450;472;496;456;394;382;523;438;462;490;414;388;400;444;408;432;419,50.8932,81.8872,87.4267,87.4268,2025_10780,2,0,2,2
417,0,5,14,1,transit,AM,0,27.0795,25246.5,51;406;478;486;468;425,5;63;99;103;94;73;14,,1,5;63;99;103;94;73;14,51;406;478;486;468;425,15.6908,25.2465,27.0795,27.0795,451_2314,21,0,21,21
418,0,5,15,1,transit,AM,0,84.8474,79466.2,51;406;478;486;468;426;480;517;450;472;496;456;394;382;523;438;462;490;414;388;400;444;408;431,5;63;99;103;94;73;100;120;85;96;108;88;57;51;123;79;91;105;67;54;60;82;64;76;15,,1,5;63;99;103;94;73;100;120;85;96;108;88;57;51;123;79;91;105;67;54;60;82;64;76;15,51;406;478;486;468;426;480;517;450;472;496;456;394;382;523;438;462;490;414;388;400;444;408;431,49.3886,79.4662,84.8473,84.8474,1958_10360,6,0,6,6
419,0,5,19,1,transit,AM,0,72.0452,67450.3,51;406;478;486;468;426;480;517;450;472;496;456;394;382;523;437,5;63;99;103;94;73;100;120;85;96;108;88;57;51;123;79;19,,1,5;63;99;103;94;73;100;120;85;96;108;88;57;51;123;79;19,51;406;478;486;468;426;480;517;450;472;496;456;394;382;523;437,41.9207,67.4503,72.0451,72.0452,1363_6922,49,0,49,49
420,0,5,22,1,transit,AM,0,80.2378,75139.7,51;406;478;486;468;426;480;517;450;472;496;456;394;382;523;438;462;490;414;388;400;443,5;63;99;103;94;73;100;120;85;96;108;88;57;51;123;79;91;105;67;54;60;82;22,,1,5;63;99;103;94;73;100;120;85;96;108;88;57;51;123;79;91;105;67;54;60;82;22,51;406;478;486;468;426;480;517;450;472;496;456;394;382;523;438;462;490;414;388;400;443,46.6996,75.1397,80.2376,80.2378,1825_9520,6,0,6,6
421,0,5,24,1,transit,AM,0,41.4464,38731,51;406;478;486;468;426;480;517;449,5;63;99;103;94;73;100;120;85;24,,1,5;63;99;103;94;73;100;120;85;24,51;406;478;486;468;426;480;517;449,24.0715,38.731,41.4464,41.4464,766_3761,8,0,8,8
422,0,5,26,1,transit,AM,0,57.1173,53439.3,51;406;478;486;468;426;480;517;450;472;496;455,5;63;99;103;94;73;100;120;85;96;108;88;26,,1,5;63;99;103;94;73;100;120;85;96;108;88;26,51;406;478;486;468;426;480;517;450;472;496;455,33.2128,53.4393,57.1172,57.1173,1060_5185,17,0,17,17
423,0,5,29,1,transit,AM,0,72.6467,68014.9,51;406;478;486;468;426;480;517;450;472;496;456;394;382;523;438;461,5;63;99;103;94;73;100;120;85;96;108;88;57;51;123;79;91;29,,1,5;63;99;103;94;73;100;120;85;96;108;88;57;51;123;79;91;29,51;406;478;486;468;426;480;517;450;472;496;456;394;382;523;438;461,42.2715,68.0149,72.6465,72.6467,1464_7384,54,0,54,54
424,0,5,31,1,transit,AM,0,23.5437,21927.9,51;406;478;486;467,5;63;99;103;94;31,,1,5;63;99;103;94;31,51;406;478;486;467,13.6283,21.9279,23.5437,23.5437,395_1888,5,0,5,5
425,0,5,33,1,transit,AM,0,47.2373,44166.2,51;406;478;486;468;426;480;517;450;471,5;63;99;103;94;73;100;120;85;96;33,,1,5;63;99;103;94;73;100;120;85;96;33,51;406;478;486;468;426;480;517;450;471,27.4495,44.1662,47.2373,47.2373,871_4233,1,0,1,1
426,0,5,34,1,transit,AM,0,10.6657,9840.78,51;406;477,5;63;99;34,,1,5;63;99;34,51;406;477,6.11608,9.84078,10.6657,10.6657,201_934,10,0,10,10
427,0,5,35,1,transit,AM,0,33.0048,30807.9,51;406;478;486;468;426;479,5;63;99;103;94;73;100;35,,1,5;63;99;103;94;73;100;35,51;406;478;486;468;426;479,19.1472,30.8079,33.0048,33.0048,572_2794,9,0,9,9
428,0,5,38,1,transit,AM,0,73.4095,68730.9,51;406;478;486;468;426;480;517;450;472;496;456;394;382;523;438;462;489,5;63;99;103;94;73;100;120;85;96;108;88;57;51;123;79;91;105;38,,1,5;63;99;103;94;73;100;120;85;96;108;88;57;51;123;79;91;105;38,51;406;478;486;468;426;480;517;450;472;496;456;394;382;523;438;462;489,42.7165,68.7309,73.4094,73.4095,1578_7874,45,0,45,45
429,0,5,40,1,transit,AM,0,54.7104,51180.3,51;406;478;486;468;426;480;517;450;472;495,5;63;99;103;94;73;100;120;85;96;108;40,,1,5;63;99;103;94;73;100;120;85;96;108;40,51;406;478;486;468;426;480;517;450;472;495,31.8088,51.1803,54.7103,54.7104,986_4729,3,0,3,3
430,0,5,42,1,transit,AM,0,94.6851,88699.7,51;406;478;486;468;426;480;517;450;472;496;456;394;382;523;438;462;490;414;388;400;444;408;432;420;511;501,5;63;99;103;94;73;100;120;85;96;108;88;57;51;123;79;91;105;67;54;60;82;64;76;70;117;111;42,,1,5;63;99;103;94;73;100;120;85;96;108;88;57;51;123;79;91;105;67;54;60;82;64;76;70;117;111;42,51;406;478;486;468;426;480;517;450;472;496;456;394;382;523;438;462;490;414;388;400;444;408;432;420;511;501,55.1272,88.6997,94.685,94.6851,2283_11793,2,0,2,2
431,0,5,43,1,transit,AM,0,98.1322,91935.1,51;406;478;486;468;426;480;517;450;472;496;456;394;382;523;438;462;490;414;388;400;444;408;432;420;511;502;507,5;63;99;103;94;73;100;120;85;96;108;88;57;51;123;79;91;105;67;54;60;82;64;76;70;117;111;114;43,,1,5;63;99;103;94;73;100;120;85;96;108;88;57;51;123;79;91;105;67;54;60;82;64;76;70;117;111;114;43,51;406;478;486;468;426;480;517;450;472;496;456;394;382;523;438;462;490;414;388;400;444;408;432;420;511;502;507,57.138,91.9351,98.132,98.1322,2398_12301,11,0,11,11
432,0,5,45,1,transit,AM,0,90.5808,84847.5,51;406;478;486;468;426;480;517;450;472;496;456;394;382;523;438;462;490;414;388;400;444;408;432;420;510,5;63;99;103;94;73;100;120;85;96;108;88;57;51;123;79;91;105;67;54;60;82;64;76;70;117;45,,1,5;63;99;103;94;73;100;120;85;96;108;88;57;51;123;79;91;105;67;54;60;82;64;76;70;117;45,51;406;478;486;468;426;480;517;450;472;496;456;394;382;523;438;462;490;414;388;400;444;408;432;420;510,52.7331,84.8475,90.5807,90.5808,2175_11291,5,0,5,5
433,0,5,48,1,transit,AM,0,35.8903,33516.1,51;406;478;486;468;426;480;516,5;63;99;103;94;73;100;120;48,,1,5;63;99;103;94;73;100;120;48,51;406;478;486;468;426;480;516,20.8304,33.5161,35.8903,35.8903,705_3311,15,0,15,15
434,0,5,50,1,transit,AM,0,62.3971,58394.9,51;406;478;486;468;426;480;517;450;472;496;456;394;382;522,5;63;99;103;94;73;100;120;85;96;108;88;57;51;123;50,,1,5;63;99;103;94;73;100;120;85;96;108;88;57;51;123;50,51;406;478;486;468;426;480;517;450;472;496;456;394;382;522,36.2926,58.3949,62.397,62.3971,1315_6484,1,0,1,1
435,0,6,1,1,transit,AM,0,6.16309,5614.57,57;863;882;861;858,6;298;308;297;296;1,,1,6;298;308;297;296;1,57;863;882;861;858,3.48948,5.61457,6.16309,6.16309,1206_3521,6,0,6,6
436,0,6,2,1,transit,AM,0,22.0294,20506.4,58;1036;1054;1032;1028;1074;1050;1057;1063;1040;1029,6;387;396;385;383;406;394;398;401;389;384;2,,1,6;387;396;385;383;406;394;398;401;389;384;2,58;1036;1054;1032;1028;1074;1050;1057;1063;1040;1029,12.7448,20.5064,22.0293,22.0294,3931_10521,12,0,12,12
437,0,6,3,1,transit,AM,0,5.55693,5045.64,57;863;882;860,6;298;308;297;3,,1,6;298;308;297;3,57;863;882;860,3.13589,5.04564,5.55693,5.55693,912_2662,3,0,3,3
438,0,6,4,1,transit,AM,0,23.5445,21928.4,58;1036;1054;1032;1028;1074;1050;1057;1063;1040;1030;1033,6;387;396;385;383;406;394;398;401;389;384;386;4,,1,6;387;396;385;383;406;394;398;401;389;384;386;4,58;1036;1054;1032;1028;1074;1050;1057;1063;1040;1030;1033,13.6286,21.9284,23.5444,23.5445,4319_11555,7,0,7,7
439,0,6,7,1,transit,AM,0,28.1037,26207.5,58;1036;1054;1032;1028;1074;1050;1057;1063;1040;1030;1034;1052;1037,6;387;396;385;383;406;394;398;401;389;384;386;395;388;7,,1,6;387;396;385;383;406;394;398;401;389;384;386;395;388;7,58;1036;1054;1032;1028;1074;1050;1057;1063;1040;1030;1034;1052;1037,16.2881,26.2075,28.1036,28.1037,5105_13645,4,0,4,4
440,0,6,9,1,transit,AM,0,71.0051,66474,57;863;882;861;859;880;876;868;892;865;878;894;896;874;898;884;866,6;298;308;297;296;307;305;301;313;299;306;314;315;304;316;309;300;9,,1,6;298;308;297;296;307;305;301;313;299;306;314;315;304;316;309;300;9,57;863;882;861;859;880;876;868;892;865;878;894;896;874;898;884;866,41.3139,66.474,71.0051,71.0051,4903_14093,3,0,3,3
441,0,6,11,1,transit,AM,0,20.2515,18837.6,58;1036;1054;1032;1028;1074;1050;1057;1063;1039,6;387;396;385;383;406;394;398;401;389;11,,1,6;387;396;385;383;406;394;398;401;389;11,58;1036;1054;1032;1028;1074;1050;1057;1063;1039,11.7076,18.8376,20.2514,20.2515,3556_9491,23,0,23,23
442,0,6,12,1,transit,AM,0,33.4039,31182.2,58;1036;1054;1032;1028;1074;1050;1057;1063;1040;1030;1034;1052;1038;1044;1041,6;387;396;385;383;406;394;398;401;389;384;386;395;388;391;390;12,,1,6;387;396;385;383;406;394;398;401;389;384;386;395;388;391;390;12,58;1036;1054;1032;1028;1074;1050;1057;1063;1040;1030;1034;1052;1038;1044;1041,19.3799,31.1822,33.4038,33.4039,5891_15731,1,0,1,1
443,0,6,13,1,transit,AM,0,15.378,14263.6,57;863;882;861;859;880;876;867,6;298;308;297;296;307;305;301;13,,1,6;298;308;297;296;307;305;301;13,57;863;882;861;859;880;876;867,8.86486,14.2636,15.378,15.378,2131_6145,4,0,4,4
444,0,6,15,1,transit,AM,0,30.8245,28761.2,58;1036;1054;1032;1028;1074;1050;1057;1063;1040;1030;1034;1052;1038;1043,6;387;396;385;383;406;394;398;401;389;384;386;395;388;391;15,,1,6;387;396;385;383;406;394;398;401;389;384;386;395;388;391;15,58;1036;1054;1032;1028;1074;1050;1057;1063;1040;1030;1034;1052;1038;1043,17.8752,28.7612,30.8244,30.8245,5504_14689,1,0,1,1
445,2,6,16,3,transit,AM,0,2.23658,1929.25,55;766;785,6;248;258;16,,0.800639,6;248;258;16,55;766;785,1.19903,1.92925,2.23658,2.23658,528_1606,10,0,10,8.00638
446,1,6,16,2,transit,AM,0,2.23658,1929.25,56;768;787,6;249;259;16,,0.0685305,6;249;259;16,56;768;787,1.19903,1.92925,2.23658,2.23658,530_1611,10,0,10,0.685305
447,0,6,16,1,transit,AM,0,2.2366,1929.25,54;764;783,6;247;257;16,,0.130831,6;247;257;16,54;764;783,1.19903,1.92925,2.23658,2.2366,526_1601,10,0,10,1.30831
448,2,6,17,3,transit,AM,0,10.5896,9769.29,55;766;786;828;834;791,6;248;258;279;282;261;17,,0.800639,6;248;258;279;282;261;17,55;766;786;828;834;791,6.07165,9.76929,10.5896,10.5896,1351_4060,4,0,4,3.20255
449,1,6,17,2,transit,AM,0,10.5896,9769.29,56;768;788;830;836;793,6;249;259;280;283;262;17,,0.0685305,6;249;259;280;283;262;17,56;768;788;830;836;793,6.07165,9.76929,10.5896,10.5896,1356_4071,4,0,4,0.274122
450,0,6,17,1,transit,AM,0,10.5896,9769.29,54;764;784;826;832;789,6;247;257;278;281;260;17,,0.130831,6;247;257;278;281;260;17,54;764;784;826;832;789,6.07165,9.76929,10.5896,10.5896,1346_4049,4,0,4,0.523324
451,0,6,19,1,transit,AM,0,18.0223,16745.4,58;1036;1054;1032;1028;1074;1049,6;387;396;385;383;406;394;19,,1,6;387;396;385;383;406;394;19,58;1036;1054;1032;1028;1074;1049,10.4073,16.7454,18.0222,18.0223,2376_6331,33,0,33,33
452,0,6,20,1,transit,AM,0,46.5959,43564,57;863;882;861;859;880;876;868;892;865;878;894;896;873,6;298;308;297;296;307;305;301;313;299;306;314;315;304;20,,1,6;298;308;297;296;307;305;301;313;299;306;314;315;304;20,57;863;882;861;859;880;876;868;892;865;878;894;896;873,27.0752,43.564,46.5959,46.5959,3989_11444,1,0,1,1
453,0,6,22,1,transit,AM,0,26.2149,24434.7,58;1036;1054;1032;1028;1074;1050;1057;1063;1040;1030;1034;1051,6;387;396;385;383;406;394;398;401;389;384;386;395;22,,1,6;387;396;385;383;406;394;398;401;389;384;386;395;22,58;1036;1054;1032;1028;1074;1050;1057;1063;1040;1030;1034;1051,15.1863,24.4347,26.2148,26.2149,4732_12607,1,0,1,1
454,0,6,23,1,transit,AM,0,29.6988,27704.7,57;863;882;861;859;880;876;868;892;865;877,6;298;308;297;296;307;305;301;313;299;306;23,,1,6;298;308;297;296;307;305;301;313;299;306;23,57;863;882;861;859;880;876;868;892;865;877,17.2186,27.7047,29.6988,29.6988,3059_8780,3,0,3,3
455,0,6,26,1,transit,AM,0,3.09437,2734.34,57;863;881,6;298;308;26,,1,6;298;308;26,57;863;881,1.6994,2.73434,3.09437,3.09437,638_1801,1,0,1,1
456,0,6,27,1,transit,AM,0,46.0427,43044.7,58;1036;1054;1032;1028;1074;1050;1057;1063;1040;1030;1034;1052;1038;1044;1042;1072;1067;1069;1055,6;387;396;385;383;406;394;398;401;389;384;386;395;388;391;390;405;403;404;397;27,,1,6;387;396;385;383;406;394;398;401;389;384;386;395;388;391;390;405;403;404;397;27,58;1036;1054;1032;1028;1074;1050;1057;1063;1040;1030;1034;1052;1038;1044;1042;1072;1067;1069;1055,26.7525,43.0447,46.0426,46.0427,7515_19995,1,0,1,1
457,0,6,29,1,transit,AM,0,18.6238,17309.9,58;1036;1054;1032;1028;1074;1050;1056,6;387;396;385;383;406;394;398;29,,1,6;387;396;385;383;406;394;398;29,58;1036;1054;1032;1028;1074;1050;1056,10.7582,17.3099,18.6237,18.6238,2784_7388,29,0,29,29
458,2,6,30,3,transit,AM,0,3.75196,3351.56,55;766;786;827,6;248;258;279;30,,0.800639,6;248;258;279;30,55;766;786;827,2.08301,3.35156,3.75196,3.75196,821_2434,2,0,2,1.60128
459,1,6,30,2,transit,AM,0,3.75196,3351.56,56;768;788;829,6;249;259;280;30,,0.0685305,6;249;259;280;30,56;768;788;829,2.08301,3.35156,3.75196,3.75196,824_2441,2,0,2,0.137061
460,0,6,30,1,transit,AM,0,3.75198,3351.56,54;764;784;825,6;247;257;278;30,,0.130831,6;247;257;278;30,54;764;784;825,2.08301,3.35156,3.75196,3.75198,818_2427,2,0,2,0.261662
461,2,6,37,3,transit,AM,0,7.43232,6805.89,55;766;786;828;833,6;248;258;279;282;37,,0.800639,6;248;258;279;282;37,55;766;786;828;833,4.22989,6.80589,7.43232,7.43232,1110_3268,2,0,2,1.60128
462,1,6,37,2,transit,AM,0,7.43232,6805.89,56;768;788;830;835,6;249;259;280;283;37,,0.0685305,6;249;259;280;283;37,56;768;788;830;835,4.22989,6.80589,7.43232,7.43232,1114_3277,2,0,2,0.137061
463,0,6,37,1,transit,AM,0,7.43234,6805.89,54;764;784;826;831,6;247;257;278;281;37,,0.130831,6;247;257;278;281;37,54;764;784;826;831,4.22989,6.80589,7.43232,7.43234,1106_3259,2,0,2,0.261662
464,0,6,38,1,transit,AM,0,19.3866,18025.9,58;1036;1054;1032;1028;1074;1050;1057;1062,6;387;396;385;383;406;394;398;401;38,,1,6;387;396;385;383;406;394;398;401;38,58;1036;1054;1032;1028;1074;1050;1057;1062,11.2031,18.0259,19.3865,19.3866,3194_8451,9,0,9,9
465,1,6,39,2,transit,AM,0,14.234,13189.9,56;768;788;830;836;794;839,6;249;259;280;283;262;286;39,,0.0685305,6;249;259;280;283;262;286;39,56;768;788;830;836;794;839,8.19756,13.1899,14.234,14.234,1664_4911,4,0,4,0.274122
466,2,6,39,3,transit,AM,0,14.234,13189.9,55;766;786;828;834;792;838,6;248;258;279;282;261;285;39,,0.800639,6;248;258;279;282;261;285;39,55;766;786;828;834;792;838,8.19756,13.1899,14.234,14.234,1658_4899,4,0,4,3.20255
467,0,6,39,1,transit,AM,0,14.234,13189.9,54;764;784;826;832;790;837,6;247;257;278;281;260;284;39,,0.130831,6;247;257;278;281;260;284;39,54;764;784;826;832;790;837,8.19756,13.1899,14.234,14.234,1652_4887,4,0,4,0.523324
468,0,6,42,1,transit,AM,0,40.6622,37994.7,58;1036;1054;1032;1028;1074;1050;1057;1063;1040;1030;1034;1052;1038;1044;1042;1072;1066,6;387;396;385;383;406;394;398;401;389;384;386;395;388;391;390;405;403;42,,1,6;387;396;385;383;406;394;398;401;389;384;386;395;388;391;390;405;403;42,58;1036;1054;1032;1028;1074;1050;1057;1063;1040;1030;1034;1052;1038;1044;1042;1072;1066,23.6139,37.9947,40.6621,40.6622,6729_17870,1,0,1,1
469,0,6,43,1,transit,AM,0,44.1093,41230.1,58;1036;1054;1032;1028;1074;1050;1057;1063;1040;1030;1034;1052;1038;1044;1042;1072;1067;1068,6;387;396;385;383;406;394;398;401;389;384;386;395;388;391;390;405;403;404;43,,1,6;387;396;385;383;406;394;398;401;389;384;386;395;388;391;390;405;403;404;43,58;1036;1054;1032;1028;1074;1050;1057;1063;1040;1030;1034;1052;1038;1044;1042;1072;1067;1068,25.6246,41.2301,44.1092,44.1093,7134_18939,2,0,2,2
470,0,6,44,1,transit,AM,0,34.7337,32430.4,57;863;882;861;859;880;876;868;892;865;878;893,6;298;308;297;296;307;305;301;313;299;306;314;44,,1,6;298;308;297;296;307;305;301;313;299;306;314;44,57;863;882;861;859;880;876;868;892;865;878;893,20.1556,32.4304,34.7337,34.7337,3394_9674,1,0,1,1
471,0,6,45,1,transit,AM,0,36.5579,34142.5,58;1036;1054;1032;1028;1074;1050;1057;1063;1040;1030;1034;1052;1038;1044;1042;1071,6;387;396;385;383;406;394;398;401;389;384;386;395;388;391;390;405;45,,1,6;387;396;385;383;406;394;398;401;389;384;386;395;388;391;390;405;45,58;1036;1054;1032;1028;1074;1050;1057;1063;1040;1030;1034;1052;1038;1044;1042;1071,21.2197,34.1425,36.5578,36.5579,6329_16803,1,0,1,1
472,0,6,46,1,transit,AM,0,41.1135,38418.3,57;863;882;861;859;880;876;868;892;865;878;894;895,6;298;308;297;296;307;305;301;313;299;306;314;315;46,,1,6;298;308;297;296;307;305;301;313;299;306;314;315;46,57;863;882;861;859;880;876;868;892;865;878;894;895,23.8772,38.4183,41.1135,41.1135,3711_10570,1,0,1,1
473,0,6,47,1,transit,AM,0,54.012,50524.6,57;863;882;861;859;880;876;868;892;865;878;894;896;874;897,6;298;308;297;296;307;305;301;313;299;306;314;315;304;316;47,,1,6;298;308;297;296;307;305;301;313;299;306;314;315;304;316;47,57;863;882;861;859;880;876;868;892;865;878;894;896;874;897,31.4013,50.5246,54.012,54.012,4332_12342,1,0,1,1
474,4,7,1,4,transit,AM,0,22.1518,20621.3,72;1086;1100;1082;1078;1088;1112;1106;1098;1122;1075,7;412;419;410;408;413;425;422;418;430;407;1,,0.0239468,7;412;419;410;408;413;425;422;418;430;407;1,72;1086;1100;1082;1078;1088;1112;1106;1098;1122;1075,12.8162,20.6213,22.1518,22.1518,4172_11019,9,0,9,0.215521
475,2,7,1,3,transit,AM,0,22.1519,20621.3,67;632;666;624;612;638;717;684;660;747;605,7;180;197;175;169;183;223;206;194;238;166;1,,0.0558212,7;180;197;175;169;183;223;206;194;238;166;1,67;632;666;624;612;638;717;684;660;747;605,12.8162,20.6213,22.1518,22.1519,1939_6652,9,0,9,0.502391
476,1,7,1,2,transit,AM,0,22.1518,20621.3,66;630;664;622;610;636;715;682;658;745;603,7;179;196;174;168;182;222;205;193;237;165;1,,0.738315,7;179;196;174;168;182;222;205;193;237;165;1,66;630;664;622;610;636;715;682;658;745;603,12.8162,20.6213,22.1518,22.1518,1929_6631,9,0,9,6.64483
477,0,7,1,1,transit,AM,0,22.1518,20621.3,65;628;662;620;608;634;713;680;656;743;601,7;178;195;173;167;181;221;204;192;236;164;1,,0.181917,7;178;195;173;167;181;221;204;192;236;164;1,65;628;662;620;608;634;713;680;656;743;601,12.8162,20.6213,22.1518,22.1518,1919_6610,9,0,9,1.63726
478,3,7,2,4,transit,AM,0,6.28563,5729.51,70;980;1000;978;975,7;358;369;357;356;2,,0.487167,7;358;369;357;356;2,70;980;1000;978;975,3.56091,5.72951,6.28562,6.28563,1449_4003,41,0,41,19.9738
479,2,7,2,3,transit,AM,0,6.28564,5729.51,67;632;666;624;611,7;180;197;175;169;2,,0.0558212,7;180;197;175;169;2,67;632;666;624;611,3.56091,5.72951,6.28562,6.28564,730_2600,41,0,41,2.28867
480,4,7,2,5,transit,AM,0,6.28562,5729.51,72;1086;1100;1082;1077,7;412;419;410;408;2,,0.0239468,7;412;419;410;408;2,72;1086;1100;1082;1077,3.56091,5.72951,6.28562,6.28562,1658_4417,41,0,41,0.981817
481,1,7,2,2,transit,AM,0,6.28562,5729.51,66;630;664;622;609,7;179;196;174;168;2,,0.145984,7;179;196;174;168;2,66;630;664;622;609,3.56091,5.72951,6.28562,6.28562,726_2591,41,0,41,5.98535
482,0,7,2,1,transit,AM,0,6.28562,5729.51,64;568;585;566;563,7;146;155;145;144;2,,0.287081,7;146;155;145;144;2,64;568;585;566;563,3.56091,5.72951,6.28562,6.28562,599_2346,41,0,41,11.7703
483,2,7,3,3,transit,AM,0,22.758,21190.2,67;632;666;624;612;638;717;684;660;747;606;617,7;180;197;175;169;183;223;206;194;238;166;172;3,,0.0558212,7;180;197;175;169;183;223;206;194;238;166;172;3,67;632;666;624;612;638;717;684;660;747;606;617,13.1698,21.1902,22.758,22.758,2113_7270,2,0,2,0.111642
484,1,7,3,2,transit,AM,0,22.758,21190.2,66;630;664;622;610;636;715;682;658;745;604;615,7;179;196;174;168;182;222;205;193;237;165;171;3,,0.738315,7;179;196;174;168;182;222;205;193;237;165;171;3,66;630;664;622;610;636;715;682;658;745;604;615,13.1698,21.1902,22.758,22.758,2102_7247,2,0,2,1.47663
485,4,7,3,4,transit,AM,0,22.758,21190.2,72;1086;1100;1082;1078;1088;1112;1106;1098;1122;1076;1079,7;412;419;410;408;413;425;422;418;430;407;409;3,,0.0239468,7;412;419;410;408;413;425;422;418;430;407;409;3,72;1086;1100;1082;1078;1088;1112;1106;1098;1122;1076;1079,13.1698,21.1902,22.758,22.758,4583_12099,2,0,2,0.0478935
486,0,7,3,1,transit,AM,0,22.758,21190.2,65;628;662;620;608;634;713;680;656;743;602;613,7;178;195;173;167;181;221;204;192;236;164;170;3,,0.181917,7;178;195;173;167;181;221;204;192;236;164;170;3,65;628;662;620;608;634;713;680;656;743;602;613,13.1698,21.1902,22.758,22.758,2091_7224,2,0,2,0.363835
487,4,7,4,4,transit,AM,0,4.77054,4307.47,72;1086;1100;1081,7;412;419;410;4,,0.0239468,7;412;419;410;4,72;1086;1100;1081,2.67711,4.30747,4.77054,4.77054,1252_3339,17,0,17,0.407095
488,2,7,4,3,transit,AM,0,4.77054,4307.47,70;980;1000;977,7;358;369;357;4,,0.542988,7;358;369;357;4,70;980;1000;977,2.67711,4.30747,4.77054,4.77054,1095_3027,17,0,17,9.2308
489,1,7,4,2,transit,AM,0,4.77054,4307.47,66;630;664;621,7;179;196;174;4,,0.119617,7;179;196;174;4,66;630;664;621,2.67711,4.30747,4.77054,4.77054,560_1981,17,0,17,2.03349
490,0,7,4,1,transit,AM,0,4.77054,4307.47,64;568;585;565,7;146;155;145;4,,0.313448,7;146;155;145;4,64;568;585;565,2.67711,4.30747,4.77054,4.77054,457_1782,17,0,17,5.32862
491,1,7,8,2,transit,AM,0,40.5707,37908.8,70;980;1000;978;976;986;1012;1010;992;1026;1004;998;988;1014;981,7;358;369;357;356;362;375;374;365;382;371;368;363;376;359;8,,0.611519,7;358;369;357;356;362;375;374;365;382;371;368;363;376;359;8,70;980;1000;978;976;986;1012;1010;992;1026;1004;998;988;1014;981,23.5605,37.9088,40.5706,40.5707,5150_14015,1,0,1,0.611519
492,0,7,8,1,transit,AM,0,40.5706,37908.8,64;568;585;566;564;574;591;589;581;597;587;583;576;593;569,7;146;155;145;144;149;158;157;153;161;156;154;150;159;147;8,,0.388481,7;146;155;145;144;149;158;157;153;161;156;154;150;159;147;8,64;568;585;566;564;574;591;589;581;597;587;583;576;593;569,23.5605,37.9088,40.5706,40.5706,2149_8187,1,0,1,0.388481
493,0,7,10,1,transit,AM,0,45.389,42431.2,64;568;585;566;564;574;591;589;581;597;587;583;576;593;570;571,7;146;155;145;144;149;158;157;153;161;156;154;150;159;147;148;10,,1,7;146;155;145;144;149;158;157;153;161;156;154;150;159;147;148;10,64;568;585;566;564;574;591;589;581;597;587;583;576;593;570;571,26.3712,42.4312,45.389,45.389,2299_8759,2,0,2,2
494,5,7,11,6,transit,AM,0,8.06356,7398.26,65;628;662;620;608;633,7;178;195;173;167;181;11,,0.0510864,7;178;195;173;167;181;11,65;628;662;620;608;633,4.59805,7.39826,8.06356,8.06356,912_3216,94,0,94,4.80212
495,4,7,11,5,transit,AM,0,8.06356,7398.26,72;1086;1100;1082;1078;1087,7;412;419;410;408;413;11,,0.0239468,7;412;419;410;408;413;11,72;1086;1100;1082;1078;1087,4.59805,7.39826,8.06356,8.06356,2080_5505,94,0,94,2.251
496,3,7,11,4,transit,AM,0,8.06357,7398.26,70;980;1000;978;976;985,7;358;369;357;356;362;11,,0.487167,7;358;369;357;356;362;11,70;980;1000;978;976;985,4.59805,7.39826,8.06356,8.06357,1820_4989,94,0,94,45.7937
497,2,7,11,3,transit,AM,0,8.06358,7398.26,67;632;666;624;612;637,7;180;197;175;169;183;11,,0.0558212,7;180;197;175;169;183;11,67;632;666;624;612;637,4.59805,7.39826,8.06356,8.06358,922_3238,94,0,94,5.24719
498,1,7,11,2,transit,AM,0,8.06356,7398.26,66;630;664;622;610;635,7;179;196;174;168;182;11,,0.0948977,7;179;196;174;168;182;11,66;630;664;622;610;635,4.59805,7.39826,8.06356,8.06356,917_3227,94,0,94,8.92038
499,0,7,11,1,transit,AM,0,8.06356,7398.26,64;568;585;566;564;573,7;146;155;145;144;149;11,,0.287081,7;146;155;145;144;149;11,64;568;585;566;564;573,4.59805,7.39826,8.06356,8.06356,757_2920,94,0,94,26.9856
500,2,7,12,3,transit,AM,0,5.51169,5003.07,62;412;436;423,7;66;78;72;12,,0.0821884,7;66;78;72;12,62;412;436;423,3.10943,5.00307,5.51169,5.51169,235_1333,4,0,4,0.328754
501,1,7,12,2,transit,AM,0,5.51169,5003.07,61;410;434;421,7;65;77;71;12,,0.143564,7;65;77;71;12,61;410;434;421,3.10943,5.00307,5.51169,5.51169,232_1326,4,0,4,0.574255
502,0,7,12,1,transit,AM,0,5.51169,5003.07,60;408;432;419,7;64;76;70;12,,0.774248,7;64;76;70;12,60;408;432;419,3.10943,5.00307,5.51169,5.51169,229_1319,4,0,4,3.09699
503,1,7,13,2,transit,AM,0,31.1578,29074.1,70;980;1000;978;976;986;1012;1010;992;1026;1004;998;987,7;358;369;357;356;362;375;374;365;382;371;368;363;13,,0.611519,7;358;369;357;356;362;375;374;365;382;371;368;363;13,70;980;1000;978;976;986;1012;1010;992;1026;1004;998;987,18.0697,29.0741,31.1578,31.1578,4420_12019,3,0,3,1.83456
504,0,7,13,1,transit,AM,0,31.1578,29074.1,64;568;585;566;564;574;591;589;581;597;587;583;575,7;146;155;145;144;149;158;157;153;161;156;154;150;13,,0.388481,7;146;155;145;144;149;158;157;153;161;156;154;150;13,64;568;585;566;564;574;591;589;581;597;587;583;575,18.0697,29.0741,31.1578,31.1578,1848_7024,3,0,3,1.16544
505,2,7,14,3,transit,AM,0,55.2581,51694.3,66;630;664;622;610;636;715;682;658;745;604;616;676;721;694;670;739;704;645,7;179;196;174;168;182;222;205;193;237;165;171;202;225;211;199;234;216;187;14,,0.776692,7;179;196;174;168;182;222;205;193;237;165;171;202;225;211;199;234;216;187;14,66;630;664;622;610;636;715;682;658;745;604;616;676;721;694;670;739;704;645,32.1282,51.6943,55.2581,55.2581,3587_12097,1,0,1,0.776692
506,1,7,14,2,transit,AM,0,55.2581,51694.3,67;632;666;624;612;638;717;684;660;747;606;618;678;723;696;672;741;706;647,7;180;197;175;169;183;223;206;194;238;166;172;203;226;212;200;235;217;188;14,,0.0685305,7;180;197;175;169;183;223;206;194;238;166;172;203;226;212;200;235;217;188;14,67;632;666;624;612;638;717;684;660;747;606;618;678;723;696;672;741;706;647,32.1282,51.6943,55.2581,55.2581,3605_12134,1,0,1,0.0685305
507,0,7,14,1,transit,AM,0,55.2581,51694.3,65;628;662;620;608;634;713;680;656;743;602;614;674;719;692;668;737;702;643,7;178;195;173;167;181;221;204;192;236;164;170;201;224;210;198;233;215;186;14,,0.154778,7;178;195;173;167;181;221;204;192;236;164;170;201;224;210;198;233;215;186;14,65;628;662;620;608;634;713;680;656;743;602;614;674;719;692;668;737;702;643,32.1282,51.6943,55.2581,55.2581,3569_12060,1,0,1,0.154778
508,5,7,15,6,transit,AM,0,2.93226,2582.07,69;910;926,7;322;331;15,,0.233704,7;322;331;15,69;910;926,1.60477,2.58207,2.93226,2.93226,675_1905,5,0,5,1.16852
509,4,7,15,5,transit,AM,0,2.93226,2582.07,68;908;925,7;321;330;15,,0.0239468,7;321;330;15,68;908;925,1.60477,2.58207,2.93226,2.93226,673_1901,5,0,5,0.119734
510,3,7,15,4,transit,AM,0,2.93226,2582.07,63;533;542,7;128;133;15,,0.487167,7;128;133;15,63;533;542,1.60477,2.58207,2.93226,2.93226,283_1138,5,0,5,2.43583
511,2,7,15,3,transit,AM,0,2.93226,2582.07,62;412;435,7;66;78;15,,0.0558212,7;66;78;15,62;412;435,1.60477,2.58207,2.93226,2.93226,166_909,5,0,5,0.279106
512,1,7,15,2,transit,AM,0,2.93226,2582.07,61;410;433,7;65;77;15,,0.0685305,7;65;77;15,61;410;433,1.60477,2.58207,2.93226,2.93226,164_904,5,0,5,0.342653
513,0,7,15,1,transit,AM,0,2.93226,2582.07,60;408;431,7;64;76;15,,0.130831,7;64;76;15,60;408;431,1.60477,2.58207,2.93226,2.93226,162_899,5,0,5,0.654155
514,0,7,16,1,transit,AM,0,30.1289,28108.4,72;1086;1100;1082;1078;1088;1112;1106;1098;1122;1076;1080;1102;1084;1093,7;412;419;410;408;413;425;422;418;430;407;409;420;411;416;16,,1,7;412;419;410;408;413;425;422;418;430;407;409;420;411;416;16,72;1086;1100;1082;1078;1088;1112;1106;1098;1122;1076;1080;1102;1084;1093,17.4695,28.1084,30.1289,30.1289,5843_15379,3,0,3,3
515,0,7,17,1,transit,AM,0,38.4819,35948.5,72;1086;1100;1082;1078;1088;1112;1106;1098;1122;1076;1080;1102;1084;1094;1108;1110;1095,7;412;419;410;408;413;425;422;418;430;407;409;420;411;416;423;424;417;17,,1,7;412;419;410;408;413;425;422;418;430;407;409;420;411;416;423;424;417;17,72;1086;1100;1082;1078;1088;1112;1106;1098;1122;1076;1080;1102;1084;1094;1108;1110;1095,22.3421,35.9485,38.4819,38.4819,7108_18693,3,0,3,3
516,0,7,18,1,transit,AM,0,61.9695,57993.4,64;568;585;566;564;574;591;589;581;597;587;583;576;593;570;572;595;579,7;146;155;145;144;149;158;157;153;161;156;154;150;159;147;148;160;152;18,,1,7;146;155;145;144;149;158;157;153;161;156;154;150;159;147;148;160;152;18,64;568;585;566;564;574;591;589;581;597;587;583;576;593;570;572;595;579,36.0432,57.9934,61.9695,61.9695,2619_9934,1,0,1,1
517,5,7,19,5,transit,AM,0,10.2927,9490.51,65;628;662;620;608;634;713;680;655,7;178;195;173;167;181;221;204;192;19,,0.0510864,7;178;195;173;167;181;221;204;192;19,65;628;662;620;608;634;713;680;655,5.89839,9.49051,10.2927,10.2927,1537_5265,77,0,77,3.93365
518,2,7,19,3,transit,AM,0,10.2927,9490.51,70;980;1000;978;976;986;1012;1010;991,7;358;369;357;356;362;375;374;365;19,,0.542988,7;358;369;357;356;362;375;374;365;19,70;980;1000;978;976;986;1012;1010;991,5.89839,9.49051,10.2927,10.2927,2942_8003,77,0,77,41.8101
519,4,7,19,4,transit,AM,0,10.2927,9490.51,72;1086;1100;1082;1078;1088;1112;1106;1097,7;412;419;410;408;413;425;422;418;19,,0.0239468,7;412;419;410;408;413;425;422;418;19,72;1086;1100;1082;1078;1088;1112;1106;1097,5.89839,9.49051,10.2927,10.2927,3353_8821,77,0,77,1.8439
520,1,7,19,2,transit,AM,0,10.2927,9490.51,66;630;664;622;610;636;715;682;657,7;179;196;174;168;182;222;205;193;19,,0.0948977,7;179;196;174;168;182;222;205;193;19,66;630;664;622;610;636;715;682;657,5.89839,9.49051,10.2927,10.2927,1545_5282,77,0,77,7.30712
521,0,7,19,1,transit,AM,0,10.2927,9490.51,64;568;585;566;564;574;591;589;580,7;146;155;145;144;149;158;157;153;19,,0.287081,7;146;155;145;144;149;158;157;153;19,64;568;585;566;564;574;591;589;580,5.89839,9.49051,10.2927,10.2927,1233_4681,77,0,77,22.1052
522,0,7,20,1,transit,AM,0,62.3757,58374.6,70;980;1000;978;976;986;1012;1010;992;1026;1004;998;988;1014;982;1002;1016;1020;995,7;358;369;357;356;362;375;374;365;382;371;368;363;376;359;370;377;379;367;20,,1,7;358;369;357;356;362;375;374;365;382;371;368;363;376;359;370;377;379;367;20,70;980;1000;978;976;986;1012;1010;992;1026;1004;998;988;1014;982;1002;1016;1020;995,36.2801,58.3746,62.3757,62.3757,6655_18049,1,0,1,1
523,4,7,22,4,transit,AM,0,2.10022,1801.15,72;1086;1099,7;412;419;22,,0.0239468,7;412;419;22,72;1086;1099,1.11942,1.80115,2.10022,2.10022,860_2257,7,0,7,0.167627
524,2,7,22,3,transit,AM,0,2.10022,1801.15,70;980;999,7;358;369;22,,0.542988,7;358;369;22,70;980;999,1.11942,1.80115,2.10022,2.10022,756_2049,7,0,7,3.80092
525,1,7,22,2,transit,AM,0,2.10022,1801.15,66;630;663,7;179;196;22,,0.0685305,7;179;196;22,66;630;663,1.11942,1.80115,2.10022,2.10022,404_1359,7,0,7,0.479714
526,0,7,22,1,transit,AM,0,2.10022,1801.15,64;568;584,7;146;155;22,,0.364535,7;146;155;22,64;568;584,1.11942,1.80115,2.10022,2.10022,330_1216,7,0,7,2.55174
527,1,7,24,2,transit,AM,0,40.8912,38209.8,66;630;664;622;610;636;715;682;658;745;604;616;676;721;694;669,7;179;196;174;168;182;222;205;193;237;165;171;202;225;211;199;24,,0.845222,7;179;196;174;168;182;222;205;193;237;165;171;202;225;211;199;24,66;630;664;622;610;636;715;682;658;745;604;616;676;721;694;669,23.7476,38.2098,40.8912,40.8912,2960_10008,1,0,1,0.845222
528,0,7,24,1,transit,AM,0,40.8912,38209.8,65;628;662;620;608;634;713;680;656;743;602;614;674;719;692;667,7;178;195;173;167;181;221;204;192;236;164;170;201;224;210;198;24,,0.154778,7;178;195;173;167;181;221;204;192;236;164;170;201;224;210;198;24,65;628;662;620;608;634;713;680;656;743;602;614;674;719;692;667,23.7476,38.2098,40.8912,40.8912,2945_9977,1,0,1,0.154778
529,2,7,26,3,transit,AM,0,25.2205,23501.5,67;632;666;624;612;638;717;684;660;747;606;618;677,7;180;197;175;169;183;223;206;194;238;166;172;203;26,,0.0558212,7;180;197;175;169;183;223;206;194;238;166;172;203;26,67;632;666;624;612;638;717;684;660;747;606;618;677,14.6063,23.5015,25.2205,25.2205,2339_7948,1,0,1,0.0558212
530,1,7,26,2,transit,AM,0,25.2205,23501.5,66;630;664;622;610;636;715;682;658;745;604;616;675,7;179;196;174;168;182;222;205;193;237;165;171;202;26,,0.789401,7;179;196;174;168;182;222;205;193;237;165;171;202;26,66;630;664;622;610;636;715;682;658;745;604;616;675,14.6063,23.5015,25.2205,25.2205,2327_7923,1,0,1,0.789401
531,4,7,26,4,transit,AM,0,25.2205,23501.5,72;1086;1100;1082;1078;1088;1112;1106;1098;1122;1076;1080;1101,7;412;419;410;408;413;425;422;418;430;407;409;420;26,,0.0239468,7;412;419;410;408;413;425;422;418;430;407;409;420;26,72;1086;1100;1082;1078;1088;1112;1106;1098;1122;1076;1080;1101,14.6063,23.5015,25.2205,25.2205,5026_13201,1,0,1,0.0239468
532,0,7,26,1,transit,AM,0,25.2205,23501.5,65;628;662;620;608;634;713;680;656;743;602;614;673,7;178;195;173;167;181;221;204;192;236;164;170;201;26,,0.130831,7;178;195;173;167;181;221;204;192;236;164;170;201;26,65;628;662;620;608;634;713;680;656;743;602;614;673,14.6063,23.5015,25.2205,25.2205,2315_7898,1,0,1,0.130831
533,0,7,27,1,transit,AM,0,18.1504,16865.5,71;1038;1044;1042;1072;1067;1069;1055,7;388;391;390;405;403;404;397;27,,1,7;388;391;390;405;403;404;397;27,71;1038;1044;1042;1072;1067;1069;1055,10.482,16.8655,18.1504,18.1504,2812_7458,17,0,17,17
534,5,7,29,5,transit,AM,0,9.69126,8925.99,65;628;662;620;608;634;713;679,7;178;195;173;167;181;221;204;29,,0.0510864,7;178;195;173;167;181;221;204;29,65;628;662;620;608;634;713;679,5.54754,8.92599,9.69126,9.69126,1355_4609,116,0,116,5.92603
535,4,7,29,4,transit,AM,0,9.69126,8925.99,72;1086;1100;1082;1078;1088;1112;1105,7;412;419;410;408;413;425;422;29,,0.0239468,7;412;419;410;408;413;425;422;29,72;1086;1100;1082;1078;1088;1112;1105,5.54754,8.92599,9.69126,9.69126,2945_7723,116,0,116,2.77782
536,2,7,29,3,transit,AM,0,9.69127,8925.99,70;980;1000;978;976;986;1012;1009,7;358;369;357;356;362;375;374;29,,0.542988,7;358;369;357;356;362;375;374;29,70;980;1000;978;976;986;1012;1009,5.54754,8.92599,9.69126,9.69127,2587_7011,116,0,116,62.9866
537,1,7,29,2,transit,AM,0,9.69126,8925.99,66;630;664;622;610;636;715;681,7;179;196;174;168;182;222;205;29,,0.0948977,7;179;196;174;168;182;222;205;29,66;630;664;622;610;636;715;681,5.54754,8.92599,9.69126,9.69126,1362_4624,116,0,116,11.0081
538,0,7,29,1,transit,AM,0,9.69126,8925.99,64;568;585;566;564;574;591;588,7;146;155;145;144;149;158;157;29,,0.287081,7;146;155;145;144;149;158;157;29,64;568;585;566;564;574;591;588,5.54754,8.92599,9.69126,9.69126,1090_4100,116,0,116,33.3014
539,1,7,35,2,transit,AM,0,49.3328,46132.9,66;630;664;622;610;636;715;682;658;745;604;616;676;721;694;670;739;703,7;179;196;174;168;182;222;205;193;237;165;171;202;225;211;199;234;216;35,,0.845222,7;179;196;174;168;182;222;205;193;237;165;171;202;225;211;199;234;216;35,66;630;664;622;610;636;715;682;658;745;604;616;676;721;694;670;739;703,28.6718,46.1329,49.3328,49.3328,3421_11451,1,0,1,0.845222
540,0,7,35,1,transit,AM,0,49.3328,46132.9,65;628;662;620;608;634;713;680;656;743;602;614;674;719;692;668;737;701,7;178;195;173;167;181;221;204;192;236;164;170;201;224;210;198;233;215;35,,0.154778,7;178;195;173;167;181;221;204;192;236;164;170;201;224;210;198;233;215;35,65;628;662;620;608;634;713;680;656;743;602;614;674;719;692;668;737;701,28.6718,46.1329,49.3328,49.3328,3404_11416,1,0,1,0.154778
541,5,7,38,6,transit,AM,0,8.92841,8209.99,65;628;662;620;608;634;712,7;178;195;173;167;181;221;38,,0.0510864,7;178;195;173;167;181;221;38,65;628;662;620;608;634;712,5.10254,8.20999,8.92841,8.92841,1160_3929,120,0,120,6.13037
542,4,7,38,5,transit,AM,0,8.92841,8209.99,72;1086;1100;1082;1078;1088;1111,7;412;419;410;408;413;425;38,,0.0239468,7;412;419;410;408;413;425;38,72;1086;1100;1082;1078;1088;1111,5.10254,8.20999,8.92841,8.92841,2532_6617,120,0,120,2.87361
543,3,7,38,4,transit,AM,0,8.92842,8209.99,70;980;1000;978;976;986;1011,7;358;369;357;356;362;375;38,,0.487167,7;358;369;357;356;362;375;38,70;980;1000;978;976;986;1011,5.10254,8.20999,8.92841,8.92842,2222_6001,120,0,120,58.46
544,2,7,38,3,transit,AM,0,8.92843,8209.99,67;632;666;624;612;638;716,7;180;197;175;169;183;223;38,,0.0558212,7;180;197;175;169;183;223;38,67;632;666;624;612;638;716,5.10254,8.20999,8.92841,8.92843,1172_3955,120,0,120,6.69855
545,1,7,38,2,transit,AM,0,8.92841,8209.99,66;630;664;622;610;636;714,7;179;196;174;168;182;222;38,,0.0948977,7;179;196;174;168;182;222;38,66;630;664;622;610;636;714,5.10254,8.20999,8.92841,8.92841,1166_3942,120,0,120,11.3877
546,0,7,38,1,transit,AM,0,8.92841,8209.99,64;568;585;566;564;574;590,7;146;155;145;144;149;158;38,,0.287081,7;146;155;145;144;149;158;38,64;568;585;566;564;574;590,5.10254,8.20999,8.92841,8.92841,942_3511,120,0,120,34.4497
547,0,7,39,1,transit,AM,0,42.1263,39369.1,72;1086;1100;1082;1078;1088;1112;1106;1098;1122;1076;1080;1102;1084;1094;1108;1110;1096;1113,7;412;419;410;408;413;425;422;418;430;407;409;420;411;416;423;424;417;426;39,,1,7;412;419;410;408;413;425;422;418;430;407;409;420;411;416;423;424;417;426;39,72;1086;1100;1082;1078;1088;1112;1106;1098;1122;1076;1080;1102;1084;1094;1108;1110;1096;1113,24.468,39.3691,42.1263,42.1263,7556_19807,2,0,2,2
548,1,7,41,2,transit,AM,0,36.2123,33818.1,70;980;1000;978;976;986;1012;1010;992;1026;1004;998;988;1013,7;358;369;357;356;362;375;374;365;382;371;368;363;376;41,,0.611519,7;358;369;357;356;362;375;374;365;382;371;368;363;376;41,70;980;1000;978;976;986;1012;1010;992;1026;1004;998;988;1013,21.0181,33.8181,36.2122,36.2123,4824_13033,3,0,3,1.83456
549,0,7,41,1,transit,AM,0,36.2122,33818.1,64;568;585;566;564;574;591;589;581;597;587;583;576;592,7;146;155;145;144;149;158;157;153;161;156;154;150;159;41,,0.388481,7;146;155;145;144;149;158;157;153;161;156;154;150;159;41,64;568;585;566;564;574;591;589;581;597;587;583;576;592,21.0181,33.8181,36.2122,36.2122,2035_7617,3,0,3,1.16544
550,2,7,42,3,transit,AM,0,12.77,11815.6,62;412;436;424;515;505,7;66;78;72;119;113;42,,0.0821884,7;66;78;72;119;113;42,62;412;436;424;515;505,7.34342,11.8156,12.77,12.77,497_2354,1,0,1,0.0821884
551,1,7,42,2,transit,AM,0,12.77,11815.6,61;410;434;422;513;503,7;65;77;71;118;112;42,,0.143564,7;65;77;71;118;112;42,61;410;434;422;513;503,7.34342,11.8156,12.77,12.77,492_2343,1,0,1,0.143564
552,0,7,42,1,transit,AM,0,12.77,11815.6,60;408;432;420;511;501,7;64;76;70;117;111;42,,0.774248,7;64;76;70;117;111;42,60;408;432;420;511;501,7.34342,11.8156,12.77,12.77,487_2332,1,0,1,0.774248
553,2,7,43,3,transit,AM,0,16.217,15050.9,62;412;436;424;515;506;509,7;66;78;72;119;113;116;43,,0.0821884,7;66;78;72;119;113;116;43,62;412;436;424;515;506;509,9.35419,15.0509,16.217,16.217,614_2864,9,0,9,0.739696
554,1,7,43,2,transit,AM,0,16.217,15050.9,61;410;434;422;513;504;508,7;65;77;71;118;112;115;43,,0.143564,7;65;77;71;118;112;115;43,61;410;434;422;513;504;508,9.35419,15.0509,16.217,16.217,608_2852,9,0,9,1.29207
555,0,7,43,1,transit,AM,0,16.217,15050.9,60;408;432;420;511;502;507,7;64;76;70;117;111;114;43,,0.774248,7;64;76;70;117;111;114;43,60;408;432;420;511;502;507,9.35419,15.0509,16.217,16.217,602_2840,9,0,9,6.96823
556,0,7,44,1,transit,AM,0,50.5135,47241,70;980;1000;978;976;986;1012;1010;992;1026;1004;998;988;1014;982;1002;1015,7;358;369;357;356;362;375;374;365;382;371;368;363;376;359;370;377;44,,1,7;358;369;357;356;362;375;374;365;382;371;368;363;376;359;370;377;44,70;980;1000;978;976;986;1012;1010;992;1026;1004;998;988;1014;982;1002;1015,29.3604,47.241,50.5135,50.5135,5933_16033,1,0,1,1
557,2,7,45,3,transit,AM,0,8.66569,7963.35,62;412;436;424;514,7;66;78;72;119;45,,0.0821884,7;66;78;72;119;45,62;412;436;424;514,4.94925,7.96335,8.66569,8.66569,387_1848,3,0,3,0.246565
558,1,7,45,2,transit,AM,0,8.66569,7963.35,61;410;434;422;512,7;65;77;71;118;45,,0.143564,7;65;77;71;118;45,61;410;434;422;512,4.94925,7.96335,8.66569,8.66569,383_1839,3,0,3,0.430691
559,0,7,45,1,transit,AM,0,8.66569,7963.35,60;408;432;420;510,7;64;76;70;117;45,,0.774248,7;64;76;70;117;45,60;408;432;420;510,4.94925,7.96335,8.66569,8.66569,379_1830,3,0,3,2.32274
560,0,7,46,1,transit,AM,0,56.8933,53228.9,70;980;1000;978;976;986;1012;1010;992;1026;1004;998;988;1014;982;1002;1016;1019,7;358;369;357;356;362;375;374;365;382;371;368;363;376;359;370;377;379;46,,1,7;358;369;357;356;362;375;374;365;382;371;368;363;376;359;370;377;379;46,70;980;1000;978;976;986;1012;1010;992;1026;1004;998;988;1014;982;1002;1016;1019,33.082,53.2289,56.8933,56.8933,6314_17053,1,0,1,1
561,0,7,47,1,transit,AM,0,69.7918,65335.2,70;980;1000;978;976;986;1012;1010;992;1026;1004;998;988;1014;982;1002;1016;1020;996;1023,7;358;369;357;356;362;375;374;365;382;371;368;363;376;359;370;377;379;367;381;47,,1,7;358;369;357;356;362;375;374;365;382;371;368;363;376;359;370;377;379;367;381;47,70;980;1000;978;976;986;1012;1010;992;1026;1004;998;988;1014;982;1002;1016;1020;996;1023,40.6061,65.3352,69.7918,69.7918,7063_19073,1,0,1,1
562,4,7,50,4,transit,AM,0,19.9407,18546,72;1086;1100;1082;1078;1088;1112;1106;1098;1121,7;412;419;410;408;413;425;422;418;430;50,,0.0239468,7;412;419;410;408;413;425;422;418;430;50,72;1086;1100;1082;1078;1088;1112;1106;1098;1121,11.5264,18.546,19.9407,19.9407,3814_9943,5,0,5,0.119734
563,2,7,50,3,transit,AM,0,19.9407,18546,70;980;1000;978;976;986;1012;1010;992;1025,7;358;369;357;356;362;375;374;365;382;50,,0.542988,7;358;369;357;356;362;375;374;365;382;50,70;980;1000;978;976;986;1012;1010;992;1025,11.5264,18.546,19.9407,19.9407,3355_9029,5,0,5,2.71494
564,1,7,50,2,transit,AM,0,19.9407,18546,66;630;664;622;610;636;715;682;658;744,7;179;196;174;168;182;222;205;193;237;50,,0.0948977,7;179;196;174;168;182;222;205;193;237;50,66;630;664;622;610;636;715;682;658;744,11.5264,18.546,19.9407,19.9407,1813_6027,5,0,5,0.474488
565,5,7,50,5,transit,AM,0,19.9407,18546,65;628;662;620;608;634;713;680;656;742,7;178;195;173;167;181;221;204;192;236;50,,0.0510864,7;178;195;173;167;181;221;204;192;236;50,65;628;662;620;608;634;713;680;656;742,11.5264,18.546,19.9407,19.9407,1804_6008,5,0,5,0.255432
566,0,7,50,1,transit,AM,0,19.9407,18546,64;568;585;566;564;574;591;589;581;596,7;146;155;145;144;149;158;157;153;161;50,,0.287081,7;146;155;145;144;149;158;157;153;161;50,64;568;585;566;564;574;591;589;581;596,11.5264,18.546,19.9407,19.9407,1425_5278,5,0,5,1.4354
567,2,8,1,3,transit,AM,0,18.8391,17512,76;772;843;780;802;814;753,8;251;288;255;266;272;242;1,,0.800639,8;251;288;255;266;272;242;1,76;772;843;780;802;814;753,10.8838,17.512,18.8391,18.8391,1583_4840,24,0,24,19.2153
568,1,8,1,2,transit,AM,0,18.8393,17512,77;774;845;782;804;816;755,8;252;289;256;267;273;243;1,,0.0685305,8;252;289;256;267;273;243;1,77;774;845;782;804;816;755,10.8838,17.512,18.8391,18.8393,1589_4853,24,0,24,1.64473
569,0,8,1,1,transit,AM,0,18.8395,17512,75;770;841;778;800;812;751,8;250;287;254;265;271;241;1,,0.130831,8;250;287;254;265;271;241;1,75;770;841;778;800;812;751,10.8838,17.512,18.8391,18.8395,1577_4827,24,0,24,3.13994
570,4,8,2,3,transit,AM,0,34.4964,32207.7,79;912;960;922;934;946;972;928;952;956;918;899,8;323;348;328;335;341;354;332;344;346;326;317;2,,0.0239468,8;323;348;328;335;341;354;332;344;346;326;317;2,79;912;960;922;934;946;972;928;952;956;918;899,20.0172,32.2077,34.4964,34.4964,3704_10378,18,0,18,0.431042
571,1,8,2,2,transit,AM,0,34.4965,32207.7,80;914;962;924;936;948;974;930;954;958;920;901,8;324;349;329;336;342;355;333;345;347;327;318;2,,0.358055,8;324;349;329;336;342;355;333;345;347;327;318;2,80;914;962;924;936;948;974;930;954;958;920;901,20.0172,32.2077,34.4964,34.4965,3715_10401,18,0,18,6.445
572,0,8,2,1,transit,AM,0,34.4965,32207.7,73;535;558;541;548;552;562;546;554;556;539;528,8;129;141;132;136;138;143;135;139;140;131;126;2,,0.617998,8;129;141;132;136;138;143;135;139;140;131;126;2,73;535;558;541;548;552;562;546;554;556;539;528,20.0172,32.2077,34.4964,34.4965,1500_6092,18,0,18,11.124
573,2,8,3,3,transit,AM,0,19.4453,18080.9,76;772;843;780;802;814;754;759,8;251;288;255;266;272;242;245;3,,0.800639,8;251;288;255;266;272;242;245;3,76;772;843;780;802;814;754;759,11.2374,18.0809,19.4453,19.4453,1830_5600,13,0,13,10.4083
574,1,8,3,2,transit,AM,0,19.4454,18080.9,77;774;845;782;804;816;756;761,8;252;289;256;267;273;243;246;3,,0.0685305,8;252;289;256;267;273;243;246;3,77;774;845;782;804;816;756;761,11.2374,18.0809,19.4453,19.4454,1837_5615,13,0,13,0.890897
575,0,8,3,1,transit,AM,0,19.4457,18080.9,75;770;841;778;800;812;752;757,8;250;287;254;265;271;241;244;3,,0.130831,8;250;287;254;265;271;241;244;3,75;770;841;778;800;812;752;757,11.2374,18.0809,19.4453,19.4457,1823_5585,13,0,13,1.7008
576,4,8,4,3,transit,AM,0,36.0115,33629.7,79;912;960;922;934;946;972;928;952;956;918;900;903,8;323;348;328;335;341;354;332;344;346;326;317;319;4,,0.0239468,8;323;348;328;335;341;354;332;344;346;326;317;319;4,79;912;960;922;934;946;972;928;952;956;918;900;903,20.901,33.6297,36.0115,36.0115,4025_11282,9,0,9,0.215521
577,1,8,4,2,transit,AM,0,36.0116,33629.7,80;914;962;924;936;948;974;930;954;958;920;902;905,8;324;349;329;336;342;355;333;345;347;327;318;320;4,,0.358055,8;324;349;329;336;342;355;333;345;347;327;318;320;4,80;914;962;924;936;948;974;930;954;958;920;902;905,20.901,33.6297,36.0115,36.0116,4037_11307,9,0,9,3.2225
578,0,8,4,1,transit,AM,0,36.0116,33629.7,73;535;558;541;548;552;562;546;554;556;539;529;530,8;129;141;132;136;138;143;135;139;140;131;126;127;4,,0.617998,8;129;141;132;136;138;143;135;139;140;131;126;127;4,73;535;558;541;548;552;562;546;554;556;539;529;530,20.901,33.6297,36.0115,36.0116,1629_6623,9,0,9,5.56198
579,4,8,7,3,transit,AM,0,40.5707,37908.8,79;912;960;922;934;946;972;928;952;956;918;900;904;938;907,8;323;348;328;335;341;354;332;344;346;326;317;319;337;321;7,,0.0239468,8;323;348;328;335;341;354;332;344;346;326;317;319;337;321;7,79;912;960;922;934;946;972;928;952;956;918;900;904;938;907,23.5605,37.9088,40.5706,40.5707,4686_13128,9,0,9,0.215521
580,1,8,7,2,transit,AM,0,40.5707,37908.8,80;914;962;924;936;948;974;930;954;958;920;902;906;940;909,8;324;349;329;336;342;355;333;345;347;327;318;320;338;322;7,,0.358055,8;324;349;329;336;342;355;333;345;347;327;318;320;338;322;7,80;914;962;924;936;948;974;930;954;958;920;902;906;940;909,23.5605,37.9088,40.5706,40.5707,4700_13157,9,0,9,3.2225
581,0,8,7,1,transit,AM,0,40.5707,37908.8,73;535;558;541;548;552;562;546;554;556;539;529;531;550;532,8;129;141;132;136;138;143;135;139;140;131;126;127;137;128;7,,0.617998,8;129;141;132;136;138;143;135;139;140;131;126;127;137;128;7,73;535;558;541;548;552;562;546;554;556;539;529;531;550;532,23.5605,37.9088,40.5706,40.5707,1897_7706,9,0,9,5.56198
582,1,8,9,2,transit,AM,0,46.4257,43404.2,81;982;1002;1016;1020;996;1024;1008;984,8;359;370;377;379;367;381;373;361;9,,0.611519,8;359;370;377;379;367;381;373;361;9,81;982;1002;1016;1020;996;1024;1008;984,26.9759,43.4042,46.4257,46.4257,2984_8113,5,0,5,3.05759
583,0,8,9,1,transit,AM,0,46.4257,43404.2,78;865;878;894;896;874;898;884;866,8;299;306;314;315;304;316;309;300;9,,0.388481,8;299;306;314;315;304;316;309;300;9,78;865;878;894;896;874;898;884;866,26.9759,43.4042,46.4257,46.4257,2480_7133,5,0,5,1.94241
584,0,8,10,1,transit,AM,0,5.02978,4550.74,74;570;571,8;147;148;10,,1,8;147;148;10,74;570;571,2.82831,4.55074,5.02978,5.02978,313_1215,1,0,1,1
585,4,8,11,3,transit,AM,0,32.7185,30538.9,79;912;960;922;934;946;972;928;952;956;917,8;323;348;328;335;341;354;332;344;346;326;11,,0.0239468,8;323;348;328;335;341;354;332;344;346;326;11,79;912;960;922;934;946;972;928;952;956;917,18.9801,30.5389,32.7184,32.7185,3396_9478,35,0,35,0.838137
586,1,8,11,2,transit,AM,0,32.7185,30538.9,80;914;962;924;936;948;974;930;954;958;919,8;324;349;329;336;342;355;333;345;347;327;11,,0.358055,8;324;349;329;336;342;355;333;345;347;327;11,80;914;962;924;936;948;974;930;954;958;919,18.9801,30.5389,32.7184,32.7185,3406_9499,35,0,35,12.5319
587,0,8,11,1,transit,AM,0,32.7185,30538.9,73;535;558;541;548;552;562;546;554;556;538,8;129;141;132;136;138;143;135;139;140;131;11,,0.617998,8;129;141;132;136;138;143;135;139;140;131;11,73;535;558;541;548;552;562;546;554;556;538,18.9801,30.5389,32.7184,32.7185,1383_5563,35,0,35,21.6299
588,2,8,13,3,transit,AM,0,9.6242,8863.02,76;772;843;779,8;251;288;255;13,,0.800639,8;251;288;255;13,76;772;843;779,5.5084,8.86302,9.6242,9.6242,815_2470,5,0,5,4.00319
589,1,8,13,2,transit,AM,0,9.62427,8863.02,77;774;845;781,8;252;289;256;13,,0.0685305,8;252;289;256;13,77;774;845;781,5.5084,8.86302,9.6242,9.62427,818_2477,5,0,5,0.342653
590,0,8,13,1,transit,AM,0,9.6242,8863.02,73;535;558;540,8;129;141;132;13,,0.130831,8;129;141;132;13,73;535;558;540,5.5084,8.86302,9.6242,9.6242,423_1706,5,0,5,0.654155
591,4,8,15,3,transit,AM,0,43.2915,40462.5,79;912;960;922;934;946;972;928;952;956;918;900;904;938;908;925,8;323;348;328;335;341;354;332;344;346;326;317;319;337;321;330;15,,0.0239468,8;323;348;328;335;341;354;332;344;346;326;317;319;337;321;330;15,79;912;960;922;934;946;972;928;952;956;918;900;904;938;908;925,25.1476,40.4625,43.2915,43.2915,5024_14054,5,0,5,0.119734
592,1,8,15,2,transit,AM,0,43.2916,40462.5,80;914;962;924;936;948;974;930;954;958;920;902;906;940;910;926,8;324;349;329;336;342;355;333;345;347;327;318;320;338;322;331;15,,0.358055,8;324;349;329;336;342;355;333;345;347;327;318;320;338;322;331;15,80;914;962;924;936;948;974;930;954;958;920;902;906;940;910;926,25.1476,40.4625,43.2915,43.2916,5039_14084,5,0,5,1.79028
593,0,8,15,1,transit,AM,0,43.2915,40462.5,73;535;558;541;548;552;562;546;554;556;539;529;531;550;533;542,8;129;141;132;136;138;143;135;139;140;131;126;127;137;128;133;15,,0.617998,8;129;141;132;136;138;143;135;139;140;131;126;127;137;128;133;15,73;535;558;541;548;552;562;546;554;556;539;529;531;550;533;542,25.1476,40.4625,43.2915,43.2915,2038_8249,5,0,5,3.08999
594,2,8,16,3,transit,AM,0,26.8161,24999.1,76;772;843;780;802;814;754;760;820;766;785,8;251;288;255;266;272;242;245;275;248;258;16,,0.800639,8;251;288;255;266;272;242;245;275;248;258;16,76;772;843;780;802;814;754;760;820;766;785,15.5371,24.9991,26.8161,26.8161,2624_7972,4,0,4,3.20255
595,1,8,16,2,transit,AM,0,26.8163,24999.1,77;774;845;782;804;816;756;762;822;768;787,8;252;289;256;267;273;243;246;276;249;259;16,,0.0685305,8;252;289;256;267;273;243;246;276;249;259;16,77;774;845;782;804;816;756;762;822;768;787,15.5371,24.9991,26.8161,26.8163,2634_7993,4,0,4,0.274122
596,0,8,16,1,transit,AM,0,26.8166,24999.1,75;770;841;778;800;812;752;758;818;764;783,8;250;287;254;265;271;241;244;274;247;257;16,,0.130831,8;250;287;254;265;271;241;244;274;247;257;16,75;770;841;778;800;812;752;758;818;764;783,15.5371,24.9991,26.8161,26.8166,2614_7951,4,0,4,0.523324
597,2,8,17,3,transit,AM,0,35.1692,32839.2,76;772;843;780;802;814;754;760;820;766;786;828;834;791,8;251;288;255;266;272;242;245;275;248;258;279;282;261;17,,0.800639,8;251;288;255;266;272;242;245;275;248;258;279;282;261;17,76;772;843;780;802;814;754;760;820;766;786;828;834;791,20.4097,32.8392,35.1692,35.1692,3447_10426,2,0,2,1.60128
598,1,8,17,2,transit,AM,0,35.1694,32839.2,77;774;845;782;804;816;756;762;822;768;788;830;836;793,8;252;289;256;267;273;243;246;276;249;259;280;283;262;17,,0.0685305,8;252;289;256;267;273;243;246;276;249;259;280;283;262;17,77;774;845;782;804;816;756;762;822;768;788;830;836;793,20.4097,32.8392,35.1692,35.1694,3460_10453,2,0,2,0.137061
599,0,8,17,1,transit,AM,0,35.1697,32839.2,75;770;841;778;800;812;752;758;818;764;784;826;832;789,8;250;287;254;265;271;241;244;274;247;257;278;281;260;17,,0.130831,8;250;287;254;265;271;241;244;274;247;257;278;281;260;17,75;770;841;778;800;812;752;758;818;764;784;826;832;789,20.4097,32.8392,35.1692,35.1697,3434_10399,2,0,2,0.261662
600,0,8,18,1,transit,AM,0,21.6103,20113,74;570;572;595;579,8;147;148;160;152;18,,1,8;147;148;160;152;18,74;570;572;595;579,12.5003,20.113,21.6103,21.6103,633_2390,8,0,8,8
601,4,8,19,3,transit,AM,0,30.4893,28446.7,79;912;960;922;934;946;972;927,8;323;348;328;335;341;354;332;19,,0.0239468,8;323;348;328;335;341;354;332;19,79;912;960;922;934;946;972;927,17.6797,28.4467,30.4893,30.4893,2388_6652,77,0,77,1.8439
602,1,8,19,2,transit,AM,0,30.4894,28446.7,80;914;962;924;936;948;974;929,8;324;349;329;336;342;355;333;19,,0.358055,8;324;349;329;336;342;355;333;19,80;914;962;924;936;948;974;929,17.6797,28.4467,30.4893,30.4894,2395_6667,77,0,77,27.5703
603,0,8,19,1,transit,AM,0,30.4894,28446.7,73;535;558;541;548;552;562;545,8;129;141;132;136;138;143;135;19,,0.617998,8;129;141;132;136;138;143;135;19,73;535;558;541;548;552;562;545,17.6797,28.4467,30.4893,30.4894,981_3914,77,0,77,47.5858
604,1,8,20,2,transit,AM,0,22.0165,20494.2,81;982;1002;1016;1020;995,8;359;370;377;379;367;20,,0.611519,8;359;370;377;379;367;20,81;982;1002;1016;1020;995,12.7372,20.4942,22.0165,22.0165,1880_5096,11,0,11,6.72671
605,0,8,20,1,transit,AM,0,22.0165,20494.2,78;865;878;894;896;873,8;299;306;314;315;304;20,,0.388481,8;299;306;314;315;304;20,78;865;878;894;896;873,12.7372,20.4942,22.0165,22.0165,1566_4484,11,0,11,4.27329
606,2,8,21,3,transit,AM,0,13.2178,12235.9,76;772;843;780;801,8;251;288;255;266;21,,0.800639,8;251;288;255;266;21,76;772;843;780;801,7.60467,12.2359,13.2178,13.2178,1089_3272,13,0,13,10.4083
607,1,8,21,2,transit,AM,0,13.2179,12235.9,77;774;845;782;803,8;252;289;256;267;21,,0.0685305,8;252;289;256;267;21,77;774;845;782;803,7.60467,12.2359,13.2178,13.2179,1093_3281,13,0,13,0.890897
608,0,8,21,1,transit,AM,0,13.2178,12235.9,73;535;558;541;547,8;129;141;132;136;21,,0.130831,8;129;141;132;136;21,73;535;558;541;547,7.60467,12.2359,13.2178,13.2178,567_2254,13,0,13,1.7008
609,4,8,22,3,transit,AM,0,38.6819,36136,79;912;960;922;934;946;972;928;952;956;918;900;904;937,8;323;348;328;335;341;354;332;344;346;326;317;319;337;22,,0.0239468,8;323;348;328;335;341;354;332;344;346;326;317;319;337;22,79;912;960;922;934;946;972;928;952;956;918;900;904;937,22.4587,36.136,38.6818,38.6819,4380_12220,3,0,3,0.0718403
610,1,8,22,2,transit,AM,0,38.6819,36136,80;914;962;924;936;948;974;930;954;958;920;902;906;939,8;324;349;329;336;342;355;333;345;347;327;318;320;338;22,,0.358055,8;324;349;329;336;342;355;333;345;347;327;318;320;338;22,80;914;962;924;936;948;974;930;954;958;920;902;906;939,22.4587,36.136,38.6818,38.6819,4393_12247,3,0,3,1.07417
611,0,8,22,1,transit,AM,0,38.6819,36136,73;535;558;541;548;552;562;546;554;556;539;529;531;549,8;129;141;132;136;138;143;135;139;140;131;126;127;137;22,,0.617998,8;129;141;132;136;138;143;135;139;140;131;126;127;137;22,73;535;558;541;548;552;562;546;554;556;539;529;531;549,22.4587,36.136,38.6818,38.6819,1784_7173,3,0,3,1.85399
612,1,8,23,2,transit,AM,0,5.11938,4634.83,81;982;1001,8;359;370;23,,0.611519,8;359;370;23,81;982;1001,2.88057,4.63483,5.11938,5.11938,760_2064,1,0,1,0.611519
613,0,8,23,1,transit,AM,0,5.11938,4634.83,78;865;877,8;299;306;23,,0.388481,8;299;306;23,78;865;877,2.88057,4.63483,5.11938,5.11938,636_1820,1,0,1,0.388481
614,2,8,25,3,transit,AM,0,17.9019,16632.3,76;772;843;780;802;813,8;251;288;255;266;272;25,,0.800639,8;251;288;255;266;272;25,76;772;843;780;802;813,10.3371,16.6323,17.9019,17.9019,1365_4086,8,0,8,6.40511
615,1,8,25,2,transit,AM,0,17.902,16632.3,77;774;845;782;804;815,8;252;289;256;267;273;25,,0.0685305,8;252;289;256;267;273;25,77;774;845;782;804;815,10.3371,16.6323,17.9019,17.902,1370_4097,8,0,8,0.548244
616,0,8,25,1,transit,AM,0,17.9019,16632.3,73;535;558;541;548;551,8;129;141;132;136;138;25,,0.130831,8;129;141;132;136;138;25,73;535;558;541;548;551,10.3371,16.6323,17.9019,17.9019,709_2806,8,0,8,1.04665
617,2,8,26,3,transit,AM,0,21.9078,20392.2,76;772;843;780;802;814;754;760;819,8;251;288;255;266;272;242;245;275;26,,0.800639,8;251;288;255;266;272;242;245;275;26,76;772;843;780;802;814;754;760;819,12.6739,20.3922,21.9078,21.9078,2128_6420,5,0,5,4.00319
618,1,8,26,2,transit,AM,0,21.908,20392.2,77;774;845;782;804;816;756;762;821,8;252;289;256;267;273;243;246;276;26,,0.0685305,8;252;289;256;267;273;243;246;276;26,77;774;845;782;804;816;756;762;821,12.6739,20.3922,21.9078,21.908,2136_6437,5,0,5,0.342653
619,0,8,26,1,transit,AM,0,21.9083,20392.2,75;770;841;778;800;812;752;758;817,8;250;287;254;265;271;241;244;274;26,,0.130831,8;250;287;254;265;271;241;244;274;26,75;770;841;778;800;812;752;758;817,12.6739,20.3922,21.9078,21.9083,2120_6403,5,0,5,0.654155
620,1,8,28,2,transit,AM,0,41.2988,38592.2,81;982;1002;1016;1020;996;1024;1007,8;359;370;377;379;367;381;373;28,,0.611519,8;359;370;377;379;367;381;373;28,81;982;1002;1016;1020;996;1024;1007,23.9852,38.5922,41.2988,41.2988,2642_7128,6,0,6,3.66911
621,0,8,28,1,transit,AM,0,41.2988,38592.2,78;865;878;894;896;874;898;883,8;299;306;314;315;304;316;309;28,,0.388481,8;299;306;314;315;304;316;309;28,78;865;878;894;896;874;898;883,23.9852,38.5922,41.2988,41.2988,2199_6266,6,0,6,2.33089
622,4,8,29,3,transit,AM,0,31.0908,29011.2,79;912;960;922;934;946;972;928;951,8;323;348;328;335;341;354;332;344;29,,0.0239468,8;323;348;328;335;341;354;332;344;29,79;912;960;922;934;946;972;928;951,18.0306,29.0112,31.0907,31.0908,2742_7604,66,0,66,1.58049
623,1,8,29,2,transit,AM,0,31.0908,29011.2,80;914;962;924;936;948;974;930;953,8;324;349;329;336;342;355;333;345;29,,0.358055,8;324;349;329;336;342;355;333;345;29,80;914;962;924;936;948;974;930;953,18.0306,29.0112,31.0907,31.0908,2750_7621,66,0,66,23.6317
624,0,8,29,1,transit,AM,0,31.0908,29011.2,73;535;558;541;548;552;562;546;553,8;129;141;132;136;138;143;135;139;29,,0.617998,8;129;141;132;136;138;143;135;139;29,73;535;558;541;548;552;562;546;553,18.0306,29.0112,31.0907,31.0908,1130_4468,66,0,66,40.7879
625,4,8,38,3,transit,AM,0,31.8536,29727.2,79;912;960;922;934;946;972;928;952;955,8;323;348;328;335;341;354;332;344;346;38,,0.0239468,8;323;348;328;335;341;354;332;344;346;38,79;912;960;922;934;946;972;928;952;955,18.4756,29.7272,31.8536,31.8536,3097_8560,33,0,33,0.790243
626,1,8,38,2,transit,AM,0,31.8537,29727.2,80;914;962;924;936;948;974;930;954;957,8;324;349;329;336;342;355;333;345;347;38,,0.358055,8;324;349;329;336;342;355;333;345;347;38,80;914;962;924;936;948;974;930;954;957,18.4756,29.7272,31.8536,31.8537,3106_8579,33,0,33,11.8158
627,0,8,38,1,transit,AM,0,31.8537,29727.2,73;535;558;541;548;552;562;546;554;555,8;129;141;132;136;138;143;135;139;140;38,,0.617998,8;129;141;132;136;138;143;135;139;140;38,73;535;558;541;548;552;562;546;554;555,18.4756,29.7272,31.8536,31.8537,1279_5024,33,0,33,20.3939
628,1,8,44,2,transit,AM,0,10.1543,9360.49,81;982;1002;1015,8;359;370;377;44,,0.611519,8;359;370;377;44,81;982;1002;1015,5.81758,9.36049,10.1543,10.1543,1158_3080,3,0,3,1.83456
629,0,8,44,1,transit,AM,0,10.1543,9360.49,78;865;878;893,8;299;306;314;44,,0.388481,8;299;306;314;44,78;865;878;893,5.81758,9.36049,10.1543,10.1543,971_2714,3,0,3,1.16544
630,1,8,46,2,transit,AM,0,16.5341,15348.5,81;982;1002;1016;1019,8;359;370;377;379;46,,0.611519,8;359;370;377;379;46,81;982;1002;1016;1019,9.53914,15.3485,16.5341,16.5341,1539_4100,11,0,11,6.72671
631,0,8,46,1,transit,AM,0,16.5341,15348.5,78;865;878;894;895,8;299;306;314;315;46,,0.388481,8;299;306;314;315;46,78;865;878;894;895,9.53914,15.3485,16.5341,16.5341,1288_3610,11,0,11,4.27329
632,1,8,47,2,transit,AM,0,29.4326,27454.8,81;982;1002;1016;1020;996;1023,8;359;370;377;379;367;381;47,,0.611519,8;359;370;377;379;367;381;47,81;982;1002;1016;1020;996;1023,17.0632,27.4548,29.4326,29.4326,2288_6120,6,0,6,3.66911
633,0,8,47,1,transit,AM,0,29.4326,27454.8,78;865;878;894;896;874;897,8;299;306;314;315;304;316;47,,0.388481,8;299;306;314;315;304;316;47,78;865;878;894;896;874;897,17.0632,27.4548,29.4326,29.4326,1909_5382,6,0,6,2.33089
634,0,8,49,1,transit,AM,0,18.8774,17547.9,74;570;572;594,8;147;148;160;49,,1,8;147;148;160;49,74;570;572;594,10.9061,17.5479,18.8774,18.8774,512_1810,4,0,4,4
635,4,8,50,3,transit,AM,0,20.8413,19391.2,79;912;960;922;934;946;971,8;323;348;328;335;341;354;50,,0.0239468,8;323;348;328;335;341;354;50,79;912;960;922;934;946;971,12.0517,19.3912,20.8412,20.8413,2087_5724,2,0,2,0.0478935
636,1,8,50,2,transit,AM,0,20.8413,19391.2,80;914;962;924;936;948;973,8;324;349;329;336;342;355;50,,0.358055,8;324;349;329;336;342;355;50,80;914;962;924;936;948;973,12.0517,19.3912,20.8412,20.8413,2093_5737,2,0,2,0.716111
637,0,8,50,1,transit,AM,0,20.8413,19391.2,73;535;558;541;548;552;561,8;129;141;132;136;138;143;50,,0.617998,8;129;141;132;136;138;143;50,73;535;558;541;548;552;561,12.0517,19.3912,20.8412,20.8413,877_3368,2,0,2,1.236
638,0,9,1,1,transit,AM,0,65.0534,60887.8,82;776;824;857;796;853;849;808;772;843;780;802;814;753,9;253;277;295;263;293;291;269;251;288;255;266;272;242;1,,1,9;253;277;295;263;293;291;269;251;288;255;266;272;242;1,82;776;824;857;796;853;849;808;772;843;780;802;814;753,37.842,60.8878,65.0534,65.0534,3525_10609,8,0,8,8
639,0,9,2,1,transit,AM,0,80.7108,75583.5,84;916;950;970;932;968;966;944;914;962;924;936;948;974;930;954;958;920;901,9;325;343;353;334;352;351;340;324;349;329;336;342;355;333;345;347;327;318;2,,1,9;325;343;353;334;352;351;340;324;349;329;336;342;355;333;345;347;327;318;2,84;916;950;970;932;968;966;944;914;962;924;936;948;974;930;954;958;920;901,46.9754,75.5835,80.7107,80.7108,6114_17051,2,0,2,2
640,0,9,3,1,transit,AM,0,65.6595,61456.7,82;776;824;857;796;853;849;808;772;843;780;802;814;754;759,9;253;277;295;263;293;291;269;251;288;255;266;272;242;245;3,,1,9;253;277;295;263;293;291;269;251;288;255;266;272;242;245;3,82;776;824;857;796;853;849;808;772;843;780;802;814;754;759,38.1956,61.4567,65.6595,65.6595,3772_11369,17,0,17,17
641,0,9,4,1,transit,AM,0,82.2259,77005.5,84;916;950;970;932;968;966;944;914;962;924;936;948;974;930;954;958;920;902;905,9;325;343;353;334;352;351;340;324;349;329;336;342;355;333;345;347;327;318;320;4,,1,9;325;343;353;334;352;351;340;324;349;329;336;342;355;333;345;347;327;318;320;4,84;916;950;970;932;968;966;944;914;962;924;936;948;974;930;954;958;920;902;905,47.8592,77.0055,82.2258,82.2259,6436_17957,1,0,1,1
642,0,9,7,1,transit,AM,0,86.785,81284.6,84;916;950;970;932;968;966;944;914;962;924;936;948;974;930;954;958;920;902;906;940;909,9;325;343;353;334;352;351;340;324;349;329;336;342;355;333;345;347;327;318;320;338;322;7,,1,9;325;343;353;334;352;351;340;324;349;329;336;342;355;333;345;347;327;318;320;338;322;7,84;916;950;970;932;968;966;944;914;962;924;936;948;974;930;954;958;920;902;906;940;909,50.5187,81.2846,86.7849,86.785,7099_19807,1,0,1,1
643,0,9,8,1,transit,AM,0,46.4257,43404.2,82;776;824;857;796;853;849;808;771,9;253;277;295;263;293;291;269;251;8,,1,9;253;277;295;263;293;291;269;251;8,82;776;824;857;796;853;849;808;771,26.9759,43.4042,46.4257,46.4257,2209_6616,1,0,1,1
644,0,9,11,1,transit,AM,0,78.9328,73914.7,84;916;950;970;932;968;966;944;914;962;924;936;948;974;930;954;958;919,9;325;343;353;334;352;351;340;324;349;329;336;342;355;333;345;347;327;11,,1,9;325;343;353;334;352;351;340;324;349;329;336;342;355;333;345;347;327;11,84;916;950;970;932;968;966;944;914;962;924;936;948;974;930;954;958;919,45.9383,73.9147,78.9327,78.9328,5805_16149,5,0,5,5
645,0,9,15,1,transit,AM,0,89.5058,83838.4,84;916;950;970;932;968;966;944;914;962;924;936;948;974;930;954;958;920;902;906;940;910;926,9;325;343;353;334;352;351;340;324;349;329;336;342;355;333;345;347;327;318;320;338;322;331;15,,1,9;325;343;353;334;352;351;340;324;349;329;336;342;355;333;345;347;327;318;320;338;322;331;15,84;916;950;970;932;968;966;944;914;962;924;936;948;974;930;954;958;920;902;906;940;910;926,52.1059,83.8384,89.5058,89.5058,7438_20734,1,0,1,1
646,0,9,16,1,transit,AM,0,73.0304,68375,82;776;824;857;796;853;849;808;772;843;780;802;814;754;760;820;766;785,9;253;277;295;263;293;291;269;251;288;255;266;272;242;245;275;248;258;16,,1,9;253;277;295;263;293;291;269;251;288;255;266;272;242;245;275;248;258;16,82;776;824;857;796;853;849;808;772;843;780;802;814;754;760;820;766;785,42.4953,68.375,73.0304,73.0304,4566_13741,2,0,2,2
647,0,9,17,1,transit,AM,0,81.3835,76215,82;776;824;857;796;853;849;808;772;843;780;802;814;754;760;820;766;786;828;834;791,9;253;277;295;263;293;291;269;251;288;255;266;272;242;245;275;248;258;279;282;261;17,,1,9;253;277;295;263;293;291;269;251;288;255;266;272;242;245;275;248;258;279;282;261;17,82;776;824;857;796;853;849;808;772;843;780;802;814;754;760;820;766;786;828;834;791,47.3679,76.215,81.3835,81.3835,5389_16195,1,0,1,1
648,0,9,19,1,transit,AM,0,76.7036,71822.5,84;916;950;970;932;968;966;944;914;962;924;936;948;974;929,9;325;343;353;334;352;351;340;324;349;329;336;342;355;333;19,,1,9;325;343;353;334;352;351;340;324;349;329;336;342;355;333;19,84;916;950;970;932;968;966;944;914;962;924;936;948;974;929,44.638,71.8225,76.7036,76.7036,4794_13317,26,0,26,26
649,1,9,20,2,transit,AM,0,24.6208,22938.4,84;916;950;970;931,9;325;343;353;334;20,,0.611519,9;325;343;353;334;20,84;916;950;970;931,14.2563,22.9384,24.6208,24.6208,1384_3851,9,0,9,5.50367
650,0,9,20,1,transit,AM,0,24.6208,22938.4,82;776;824;857;795,9;253;277;295;263;20,,0.388481,9;253;277;295;263;20,82;776;824;857;795,14.2563,22.9384,24.6208,24.6208,1117_3334,9,0,9,3.49633
651,0,9,21,1,transit,AM,0,59.4321,55611.7,82;776;824;857;796;853;849;808;772;843;780;801,9;253;277;295;263;293;291;269;251;288;255;266;21,,1,9;253;277;295;263;293;291;269;251;288;255;266;21,82;776;824;857;796;853;849;808;772;843;780;801,34.5629,55.6117,59.4321,59.4321,3031_9041,4,0,4,4
652,0,9,23,1,transit,AM,0,41.5178,38797.7,82;776;824;857;796;853;849;807,9;253;277;295;263;293;291;269;23,,1,9;253;277;295;263;293;291;269;23,82;776;824;857;796;853;849;807,24.1129,38.7977,41.5178,41.5178,1973_5844,3,0,3,3
653,0,9,25,1,transit,AM,0,64.1162,60008.1,82;776;824;857;796;853;849;808;772;843;780;802;813,9;253;277;295;263;293;291;269;251;288;255;266;272;25,,1,9;253;277;295;263;293;291;269;251;288;255;266;272;25,82;776;824;857;796;853;849;808;772;843;780;802;813,37.2953,60.0081,64.1162,64.1162,3307_9855,3,0,3,3
654,0,9,26,1,transit,AM,0,68.1221,63768,82;776;824;857;796;853;849;808;772;843;780;802;814;754;760;819,9;253;277;295;263;293;291;269;251;288;255;266;272;242;245;275;26,,1,9;253;277;295;263;293;291;269;251;288;255;266;272;242;245;275;26,82;776;824;857;796;853;849;808;772;843;780;802;814;754;760;819,39.6321,63.768,68.1221,68.1221,4070_12189,3,0,3,3
655,1,9,28,2,transit,AM,0,5.33868,4840.41,84;916;949,9;325;343;28,,0.611519,9;325;343;28,84;916;949,3.00833,4.84041,5.33868,5.33868,705_1949,1,0,1,0.611519
656,0,9,28,1,transit,AM,0,5.33868,4840.41,82;776;823,9;253;277;28,,0.388481,9;253;277;28,82;776;823,3.00833,4.84041,5.33868,5.33868,567_1681,1,0,1,0.388481
657,0,9,29,1,transit,AM,0,77.3051,72387,84;916;950;970;932;968;966;944;914;962;924;936;948;974;930;953,9;325;343;353;334;352;351;340;324;349;329;336;342;355;333;345;29,,1,9;325;343;353;334;352;351;340;324;349;329;336;342;355;333;345;29,84;916;950;970;932;968;966;944;914;962;924;936;948;974;930;953,44.9888,72.387,77.305,77.3051,5149_14271,16,0,16,16
658,0,9,30,1,transit,AM,0,74.5458,69797.3,82;776;824;857;796;853;849;808;772;843;780;802;814;754;760;820;766;786;827,9;253;277;295;263;293;291;269;251;288;255;266;272;242;245;275;248;258;279;30,,1,9;253;277;295;263;293;291;269;251;288;255;266;272;242;245;275;248;258;279;30,82;776;824;857;796;853;849;808;772;843;780;802;814;754;760;820;766;786;827,43.3793,69.7973,74.5458,74.5458,4859_14569,1,0,1,1
659,0,9,38,1,transit,AM,0,78.068,73103,84;916;950;970;932;968;966;944;914;962;924;936;948;974;930;954;957,9;325;343;353;334;352;351;340;324;349;329;336;342;355;333;345;347;38,,1,9;325;343;353;334;352;351;340;324;349;329;336;342;355;333;345;347;38,84;916;950;970;932;968;966;944;914;962;924;936;948;974;930;954;957,45.4338,73.103,78.0679,78.068,5505_15229,4,0,4,4
660,0,9,41,1,transit,AM,0,50.7841,47494.9,82;776;824;857;796;853;849;808;772;842,9;253;277;295;263;293;291;269;251;288;41,,1,9;253;277;295;263;293;291;269;251;288;41,82;776;824;857;796;853;849;808;772;842,29.5183,47.4949,50.7841,50.7841,2530_7459,2,0,2,2
661,0,9,44,1,transit,AM,0,36.483,34072,82;776;824;857;796;853;848,9;253;277;295;263;293;291;44,,1,9;253;277;295;263;293;291;44,82;776;824;857;796;853;848,21.1759,34.072,36.483,36.483,1725_5036,3,0,3,3
662,0,9,46,1,transit,AM,0,30.1032,28084.1,82;776;824;857;796;852,9;253;277;295;263;293;46,,1,9;253;277;295;263;293;46,82;776;824;857;796;852,17.4544,28.0841,30.1032,30.1032,1436_4187,6,0,6,6
663,1,9,47,2,transit,AM,0,17.2048,15977.8,84;916;950;969,9;325;343;353;47,,0.0685305,9;325;343;353;47,84;916;950;969,9.93026,15.9778,17.2048,17.2048,1077_2919,5,0,5,0.342653
664,0,9,47,1,transit,AM,0,17.2048,15977.8,82;776;824;856,9;253;277;295;47,,0.931469,9;253;277;295;47,82;776;824;856,9.93026,15.9778,17.2048,17.2048,881_2538,5,0,5,4.65735
665,0,10,2,1,transit,AM,0,39.3148,36730.1,87;537;535;558;541;548;552;562;546;554;556;539;528,10;130;129;141;132;136;138;143;135;139;140;131;126;2,,1,10;130;129;141;132;136;138;143;135;139;140;131;126;2,87;537;535;558;541;548;552;562;546;554;556;539;528,22.8279,36.7301,39.3147,39.3148,1632_6643,9,0,9,9
666,0,10,8,1,transit,AM,0,5.02978,4550.74,87;537;534,10;130;129;8,,1,10;130;129;8,87;537;534,2.82831,4.55074,5.02978,5.02978,277_1158,1,0,1,1
667,0,10,11,1,transit,AM,0,37.5368,35061.3,87;537;535;558;541;548;552;562;546;554;556;538,10;130;129;141;132;136;138;143;135;139;140;131;11,,1,10;130;129;141;132;136;138;143;135;139;140;131;11,87;537;535;558;541;548;552;562;546;554;556;538,21.7907,35.0613,37.5368,37.5368,1515_6114,35,0,35,35
668,0,10,13,1,transit,AM,0,14.4425,13385.4,87;537;535;558;540,10;130;129;141;132;13,,1,10;130;129;141;132;13,87;537;535;558;540,8.31909,13.3854,14.4425,14.4425,555_2257,3,0,3,3
669,0,10,18,1,transit,AM,0,16.792,15590.6,88;572;595;579,10;148;160;152;18,,1,10;148;160;152;18,88;572;595;579,9.68961,15.5906,16.792,16.792,488_1834,9,0,9,9
670,0,10,19,1,transit,AM,0,35.3077,32969.1,87;537;535;558;541;548;552;562;545,10;130;129;141;132;136;138;143;135;19,,1,10;130;129;141;132;136;138;143;135;19,87;537;535;558;541;548;552;562;545,20.4904,32.9691,35.3076,35.3077,1113_4465,34,0,34,34
671,0,10,21,1,transit,AM,0,18.0361,16758.3,87;537;535;558;541;547,10;130;129;141;132;136;21,,1,10;130;129;141;132;136;21,87;537;535;558;541;547,10.4154,16.7583,18.0361,18.0361,699_2805,2,0,2,2
672,0,10,22,1,transit,AM,0,43.5002,40658.4,87;537;535;558;541;548;552;562;546;554;556;539;529;531;549,10;130;129;141;132;136;138;143;135;139;140;131;126;127;137;22,,1,10;130;129;141;132;136;138;143;135;139;140;131;126;127;137;22,87;537;535;558;541;548;552;562;546;554;556;539;529;531;549,25.2694,40.6584,43.5002,43.5002,1916_7724,1,0,1,1
673,0,10,25,1,transit,AM,0,22.7202,21154.7,87;537;535;558;541;548;551,10;130;129;141;132;136;138;25,,1,10;130;129;141;132;136;138;25,87;537;535;558;541;548;551,13.1477,21.1547,22.7202,22.7202,841_3357,8,0,8,8
674,0,10,29,1,transit,AM,0,35.9091,33533.6,87;537;535;558;541;548;552;562;546;553,10;130;129;141;132;136;138;143;135;139;29,,1,10;130;129;141;132;136;138;143;135;139;29,87;537;535;558;541;548;552;562;546;553,20.8412,33.5336,35.9091,35.9091,1262_5019,42,0,42,42
675,0,10,38,1,transit,AM,0,36.672,34249.6,87;537;535;558;541;548;552;562;546;554;555,10;130;129;141;132;136;138;143;135;139;140;38,,1,10;130;129;141;132;136;138;143;135;139;140;38,87;537;535;558;541;548;552;562;546;554;555,21.2862,34.2496,36.6719,36.672,1411_5575,18,0,18,18
676,0,10,41,1,transit,AM,0,9.38815,8641.45,87;537;535;557,10;130;129;141;41,,1,10;130;129;141;41,87;537;535;557,5.3707,8.64145,9.38815,9.38815,451_1716,1,0,1,1
677,0,10,49,1,transit,AM,0,14.0591,13025.5,88;572;594,10;148;160;49,,1,10;148;160;49,88;572;594,8.09542,13.0255,14.0591,14.0591,367_1254,4,0,4,4
678,1,11,1,2,transit,AM,0,14.2996,13251.4,95;636;715;682;658;745;603,11;182;222;205;193;237;165;1,,0.869169,11;182;222;205;193;237;165;1,95;636;715;682;658;745;603,8.23578,13.2514,14.2996,14.2996,1216_4134,13,0,13,11.2992
679,0,11,1,1,transit,AM,0,14.2996,13251.4,94;634;713;680;656;743;601,11;181;221;204;192;236;164;1,,0.130831,11;181;221;204;192;236;164;1,94;634;713;680;656;743;601,8.23578,13.2514,14.2996,14.2996,1210_4121,13,0,13,1.7008
680,4,11,2,5,transit,AM,0,1.98932,1697.09,97;918;899,11;326;317;2,,0.0239468,11;326;317;2,97;918;899,1.05475,1.69709,1.98932,1.98932,656_1914,6,0,6,0.143681
681,5,11,2,6,transit,AM,0,1.98932,1697.09,98;920;901,11;327;318;2,,0.233704,11;327;318;2,98;920;901,1.05475,1.69709,1.98932,1.98932,658_1919,6,0,6,1.40222
682,3,11,2,4,transit,AM,0,1.98932,1697.09,92;539;528,11;131;126;2,,0.487167,11;131;126;2,92;539;528,1.05475,1.69709,1.98932,1.98932,270_1159,6,0,6,2.923
683,2,11,2,3,transit,AM,0,1.98932,1697.09,91;418;391,11;69;56;2,,0.0558212,11;69;56;2,91;418;391,1.05475,1.69709,1.98932,1.98932,138_900,6,0,6,0.334927
684,1,11,2,2,transit,AM,0,1.98932,1697.09,90;416;389,11;68;55;2,,0.0685305,11;68;55;2,90;416;389,1.05475,1.69709,1.98932,1.98932,136_895,6,0,6,0.411183
685,0,11,2,1,transit,AM,0,1.98932,1697.09,89;414;387,11;67;54;2,,0.130831,11;67;54;2,89;414;387,1.05475,1.69709,1.98932,1.98932,134_890,6,0,6,0.784986
686,1,11,3,2,transit,AM,0,14.9058,13820.3,95;636;715;682;658;745;604;615,11;182;222;205;193;237;165;171;3,,0.869169,11;182;222;205;193;237;165;171;3,95;636;715;682;658;745;604;615,8.58937,13.8203,14.9058,14.9058,1389_4750,20,0,20,17.3834
687,0,11,3,1,transit,AM,0,14.9058,13820.3,94;634;713;680;656;743;602;613,11;181;221;204;192;236;164;170;3,,0.130831,11;181;221;204;192;236;164;170;3,94;634;713;680;656;743;602;613,8.58937,13.8203,14.9058,14.9058,1382_4735,20,0,20,2.61662
688,5,11,4,6,transit,AM,0,3.50442,3119.13,98;920;902;905,11;327;318;320;4,,0.233704,11;327;318;320;4,98;920;902;905,1.93855,3.11913,3.50442,3.50442,980_2825,24,0,24,5.60889
689,4,11,4,5,transit,AM,0,3.50442,3119.13,97;918;900;903,11;326;317;319;4,,0.0239468,11;326;317;319;4,97;918;900;903,1.93855,3.11913,3.50442,3.50442,977_2818,24,0,24,0.574722
690,3,11,4,4,transit,AM,0,3.50442,3119.13,92;539;529;530,11;131;126;127;4,,0.487167,11;131;126;127;4,92;539;529;530,1.93855,3.11913,3.50442,3.50442,399_1690,24,0,24,11.692
691,2,11,4,3,transit,AM,0,3.50442,3119.13,91;418;392;403,11;69;56;62;4,,0.0558212,11;69;56;62;4,91;418;392;403,1.93855,3.11913,3.50442,3.50442,202_1304,24,0,24,1.33971
692,1,11,4,2,transit,AM,0,3.50442,3119.13,90;416;390;401,11;68;55;61;4,,0.0685305,11;68;55;61;4,90;416;390;401,1.93855,3.11913,3.50442,3.50442,199_1297,24,0,24,1.64473
693,0,11,4,1,transit,AM,0,3.50442,3119.13,89;414;388;399,11;67;54;60;4,,0.130831,11;67;54;60;4,89;414;388;399,1.93855,3.11913,3.50442,3.50442,196_1290,24,0,24,3.13994
694,0,11,6,1,transit,AM,0,20.2514,18837.6,101;1088;1112;1106;1098;1122;1076;1080;1102;1083,11;413;425;422;418;430;407;409;420;411;6,,1,11;413;425;422;418;430;407;409;420;411;6,101;1088;1112;1106;1098;1122;1076;1080;1102;1083,11.7076,18.8376,20.2514,20.2514,3772_9968,1,0,1,1
695,5,11,7,6,transit,AM,0,8.06356,7398.26,98;920;902;906;940;909,11;327;318;320;338;322;7,,0.233704,11;327;318;320;338;322;7,98;920;902;906;940;909,4.59805,7.39826,8.06356,8.06356,1643_4675,18,0,18,4.20667
696,4,11,7,5,transit,AM,0,8.06356,7398.26,97;918;900;904;938;907,11;326;317;319;337;321;7,,0.0239468,11;326;317;319;337;321;7,97;918;900;904;938;907,4.59805,7.39826,8.06356,8.06356,1638_4664,18,0,18,0.431042
697,3,11,7,4,transit,AM,0,8.06356,7398.26,92;539;529;531;550;532,11;131;126;127;137;128;7,,0.487167,11;131;126;127;137;128;7,92;539;529;531;550;532,4.59805,7.39826,8.06356,8.06356,667_2773,18,0,18,8.769
698,2,11,7,3,transit,AM,0,8.06356,7398.26,91;418;392;404;448;411,11;69;56;62;84;66;7,,0.0558212,11;69;56;62;84;66;7,91;418;392;404;448;411,4.59805,7.39826,8.06356,8.06356,355_2164,18,0,18,1.00478
699,1,11,7,2,transit,AM,0,8.06356,7398.26,90;416;390;402;446;409,11;68;55;61;83;65;7,,0.0685305,11;68;55;61;83;65;7,90;416;390;402;446;409,4.59805,7.39826,8.06356,8.06356,350_2153,18,0,18,1.23355
700,0,11,7,1,transit,AM,0,8.06356,7398.26,89;414;388;400;444;407,11;67;54;60;82;64;7,,0.130831,11;67;54;60;82;64;7,89;414;388;400;444;407,4.59805,7.39826,8.06356,8.06356,345_2142,18,0,18,2.35496
701,1,11,8,2,transit,AM,0,32.7184,30538.9,99;986;1012;1010;992;1026;1004;998;988;1014;981,11;362;375;374;365;382;371;368;363;376;359;8,,0.611519,11;362;375;374;365;382;371;368;363;376;359;8,99;986;1012;1010;992;1026;1004;998;988;1014;981,18.9801,30.5389,32.7184,32.7184,3714_10110,2,0,2,1.22304
702,0,11,8,1,transit,AM,0,32.7184,30538.9,93;574;591;589;581;597;587;583;576;593;569,11;149;158;157;153;161;156;154;150;159;147;8,,0.388481,11;149;158;157;153;161;156;154;150;159;147;8,93;574;591;589;581;597;587;583;576;593;569,18.9801,30.5389,32.7184,32.7184,1563_5933,2,0,2,0.776963
703,0,11,9,1,transit,AM,0,78.9327,73914.7,99;986;1012;1010;992;1026;1004;998;988;1014;982;1002;1016;1020;996;1024;1008;984,11;362;375;374;365;382;371;368;363;376;359;370;377;379;367;381;373;361;9,,1,11;362;375;374;365;382;371;368;363;376;359;370;377;379;367;381;373;361;9,99;986;1012;1010;992;1026;1004;998;988;1014;982;1002;1016;1020;996;1024;1008;984,45.9383,73.9147,78.9327,78.9327,6323_17161,1,0,1,1
704,0,11,10,1,transit,AM,0,37.5368,35061.3,93;574;591;589;581;597;587;583;576;593;570;571,11;149;158;157;153;161;156;154;150;159;147;148;10,,1,11;149;158;157;153;161;156;154;150;159;147;148;10,93;574;591;589;581;597;587;583;576;593;570;571,21.7907,35.0613,37.5368,37.5368,1713_6505,1,0,1,1
705,2,11,12,3,transit,AM,0,13.3638,12373,91;418;392;404;448;412;436;423,11;69;56;62;84;66;78;72;12,,0.0558212,11;69;56;62;84;66;78;72;12,91;418;392;404;448;412;436;423,7.68985,12.373,13.3638,13.3638,510_3024,7,0,7,0.390748
706,1,11,12,2,transit,AM,0,13.3638,12373,90;416;390;402;446;410;434;421,11;68;55;61;83;65;77;71;12,,0.143564,11;68;55;61;83;65;77;71;12,90;416;390;402;446;410;434;421,7.68985,12.373,13.3638,13.3638,503_3009,7,0,7,1.00495
707,0,11,12,1,transit,AM,0,13.3638,12373,89;414;388;400;444;408;432;419,11;67;54;60;82;64;76;70;12,,0.800615,11;67;54;60;82;64;76;70;12,89;414;388;400;444;408;432;419,7.68985,12.373,13.3638,13.3638,496_2994,7,0,7,5.60431
708,1,11,13,2,transit,AM,0,23.3056,21704.2,99;986;1012;1010;992;1026;1004;998;987,11;362;375;374;365;382;371;368;363;13,,0.611519,11;362;375;374;365;382;371;368;363;13,99;986;1012;1010;992;1026;1004;998;987,13.4893,21.7042,23.3056,23.3056,2984_8114,9,0,9,5.50367
709,0,11,13,1,transit,AM,0,23.3056,21704.2,93;574;591;589;581;597;587;583;575,11;149;158;157;153;161;156;154;150;13,,0.388481,11;149;158;157;153;161;156;154;150;13,93;574;591;589;581;597;587;583;575,13.4893,21.7042,23.3056,23.3056,1262_4770,9,0,9,3.49633
710,2,11,14,3,transit,AM,0,47.4059,44324.4,95;636;715;682;658;745;604;616;676;721;694;670;739;704;645,11;182;222;205;193;237;165;171;202;225;211;199;234;216;187;14,,0.800639,11;182;222;205;193;237;165;171;202;225;211;199;234;216;187;14,95;636;715;682;658;745;604;616;676;721;694;670;739;704;645,27.5478,44.3244,47.4059,47.4059,2874_9600,3,0,3,2.40192
711,1,11,14,2,transit,AM,0,47.4059,44324.4,96;638;717;684;660;747;606;618;678;723;696;672;741;706;647,11;183;223;206;194;238;166;172;203;226;212;200;235;217;188;14,,0.0685305,11;183;223;206;194;238;166;172;203;226;212;200;235;217;188;14,96;638;717;684;660;747;606;618;678;723;696;672;741;706;647,27.5478,44.3244,47.4059,47.4059,2888_9629,3,0,3,0.205592
712,0,11,14,1,transit,AM,0,47.4059,44324.4,94;634;713;680;656;743;602;614;674;719;692;668;737;702;643,11;181;221;204;192;236;164;170;201;224;210;198;233;215;186;14,,0.130831,11;181;221;204;192;236;164;170;201;224;210;198;233;215;186;14,94;634;713;680;656;743;602;614;674;719;692;668;737;702;643,27.5478,44.3244,47.4059,47.4059,2860_9571,3,0,3,0.392493
713,5,11,15,6,transit,AM,0,10.7844,9951.98,98;920;902;906;940;910;926,11;327;318;320;338;322;331;15,,0.233704,11;327;318;320;338;322;331;15,98;920;902;906;940;910;926,6.1852,9.95198,10.7844,10.7844,1982_5602,10,0,10,2.33704
714,4,11,15,5,transit,AM,0,10.7844,9951.98,97;918;900;904;938;908;925,11;326;317;319;337;321;330;15,,0.0239468,11;326;317;319;337;321;330;15,97;918;900;904;938;908;925,6.1852,9.95198,10.7844,10.7844,1976_5590,10,0,10,0.239468
715,3,11,15,4,transit,AM,0,10.7844,9951.98,92;539;529;531;550;533;542,11;131;126;127;137;128;133;15,,0.487167,11;131;126;127;137;128;133;15,92;539;529;531;550;533;542,6.1852,9.95198,10.7844,10.7844,808_3316,10,0,10,4.87167
716,2,11,15,3,transit,AM,0,10.7844,9951.98,91;418;392;404;448;412;435,11;69;56;62;84;66;78;15,,0.0558212,11;69;56;62;84;66;78;15,91;418;392;404;448;412;435,6.1852,9.95198,10.7844,10.7844,441_2600,10,0,10,0.558212
717,1,11,15,2,transit,AM,0,10.7844,9951.98,90;416;390;402;446;410;433,11;68;55;61;83;65;77;15,,0.0685305,11;68;55;61;83;65;77;15,90;416;390;402;446;410;433,6.1852,9.95198,10.7844,10.7844,435_2587,10,0,10,0.685305
718,0,11,15,1,transit,AM,0,10.7844,9951.98,89;414;388;400;444;408;431,11;67;54;60;82;64;76;15,,0.130831,11;67;54;60;82;64;76;15,89;414;388;400;444;408;431,6.1852,9.95198,10.7844,10.7844,429_2574,10,0,10,1.30831
719,0,11,16,1,transit,AM,0,22.2767,20738.5,101;1088;1112;1106;1098;1122;1076;1080;1102;1084;1093,11;413;425;422;418;430;407;409;420;411;416;16,,1,11;413;425;422;418;430;407;409;420;411;416;16,101;1088;1112;1106;1098;1122;1076;1080;1102;1084;1093,12.8891,20.7385,22.2767,22.2767,4198_11062,7,0,7,7
720,0,11,17,1,transit,AM,0,30.6297,28578.6,101;1088;1112;1106;1098;1122;1076;1080;1102;1084;1094;1108;1110;1095,11;413;425;422;418;430;407;409;420;411;416;423;424;417;17,,1,11;413;425;422;418;430;407;409;420;411;416;423;424;417;17,101;1088;1112;1106;1098;1122;1076;1080;1102;1084;1094;1108;1110;1095,17.7617,28.5786,30.6297,30.6297,5463_14376,4,0,4,4
721,0,11,18,1,transit,AM,0,54.1173,50623.5,93;574;591;589;581;597;587;583;576;593;570;572;595;579,11;149;158;157;153;161;156;154;150;159;147;148;160;152;18,,1,11;149;158;157;153;161;156;154;150;159;147;148;160;152;18,93;574;591;589;581;597;587;583;576;593;570;572;595;579,31.4627,50.6235,54.1173,54.1173,2033_7680,3,0,3,3
722,4,11,19,4,transit,AM,0,2.44051,2120.59,94;634;713;680;655,11;181;221;204;192;19,,0.0750332,11;181;221;204;192;19,94;634;713;680;655,1.31795,2.12059,2.44051,2.44051,828_2776,9,0,9,0.675299
723,8,11,19,5,transit,AM,0,2.44051,2120.59,101;1088;1112;1106;1097,11;413;425;422;418;19,,0,11;413;425;422;418;19,101;1088;1112;1106;1097,1.31795,2.12059,2.44051,2.44051,1708_4504,9,0,9,0
724,2,11,19,3,transit,AM,0,2.44051,2120.59,99;986;1012;1010;991,11;362;375;374;365;19,,0.0558212,11;362;375;374;365;19,99;986;1012;1010;991,1.31795,2.12059,2.44051,2.44051,1506_4098,9,0,9,0.502391
725,1,11,19,2,transit,AM,0,2.44051,2120.59,95;636;715;682;657,11;182;222;205;193;19,,0.555697,11;182;222;205;193;19,95;636;715;682;657,1.31795,2.12059,2.44051,2.44051,832_2785,9,0,9,5.00128
726,0,11,19,1,transit,AM,0,2.44051,2120.59,93;574;591;589;580,11;149;158;157;153;19,,0.313448,11;149;158;157;153;19,93;574;591;589;580,1.31795,2.12059,2.44051,2.44051,647_2427,9,0,9,2.82103
727,0,11,20,1,transit,AM,0,54.5235,51004.7,99;986;1012;1010;992;1026;1004;998;988;1014;982;1002;1016;1020;995,11;362;375;374;365;382;371;368;363;376;359;370;377;379;367;20,,1,11;362;375;374;365;382;371;368;363;376;359;370;377;379;367;20,99;986;1012;1010;992;1026;1004;998;988;1014;982;1002;1016;1020;995,31.6996,51.0047,54.5235,54.5235,5219_14144,1,0,1,1
728,1,11,21,2,transit,AM,0,19.712,18331.3,99;986;1012;1010;992;1026;1004;997,11;362;375;374;365;382;371;368;21,,0.611519,11;362;375;374;365;382;371;368;21,99;986;1012;1010;992;1026;1004;997,11.393,18.3313,19.712,19.712,2629_7126,4,0,4,2.44607
729,0,11,21,1,transit,AM,0,19.712,18331.3,93;574;591;589;581;597;587;582,11;149;158;157;153;161;156;154;21,,0.388481,11;149;158;157;153;161;156;154;21,93;574;591;589;581;597;587;582,11.393,18.3313,19.712,19.712,1120_4194,4,0,4,1.55393
730,5,11,22,6,transit,AM,0,6.17476,5625.46,98;920;902;906;939,11;327;318;320;338;22,,0.233704,11;327;318;320;338;22,98;920;902;906;939,3.49625,5.62546,6.17476,6.17476,1336_3765,10,0,10,2.33704
731,4,11,22,5,transit,AM,0,6.17476,5625.46,97;918;900;904;937,11;326;317;319;337;22,,0.0239468,11;326;317;319;337;22,97;918;900;904;937,3.49625,5.62546,6.17476,6.17476,1332_3756,10,0,10,0.239468
732,3,11,22,4,transit,AM,0,6.17476,5625.46,92;539;529;531;549,11;131;126;127;137;22,,0.487167,11;131;126;127;137;22,92;539;529;531;549,3.49625,5.62546,6.17476,6.17476,554_2240,10,0,10,4.87167
733,2,11,22,3,transit,AM,0,6.17476,5625.46,91;418;392;404;447,11;69;56;62;84;22,,0.0558212,11;69;56;62;84;22,91;418;392;404;447,3.49625,5.62546,6.17476,6.17476,304_1752,10,0,10,0.558212
734,1,11,22,2,transit,AM,0,6.17476,5625.46,90;416;390;402;445,11;68;55;61;83;22,,0.0685305,11;68;55;61;83;22,90;416;390;402;445,3.49625,5.62546,6.17476,6.17476,300_1743,10,0,10,0.685305
735,0,11,22,1,transit,AM,0,6.17476,5625.46,89;414;388;400;443,11;67;54;60;82;22,,0.130831,11;67;54;60;82;22,89;414;388;400;443,3.49625,5.62546,6.17476,6.17476,296_1734,10,0,10,1.30831
736,0,11,23,1,transit,AM,0,37.6264,35145.4,99;986;1012;1010;992;1026;1004;998;988;1014;982;1001,11;362;375;374;365;382;371;368;363;376;359;370;23,,1,11;362;375;374;365;382;371;368;363;376;359;370;23,99;986;1012;1010;992;1026;1004;998;988;1014;982;1001,21.843,35.1454,37.6264,37.6264,4099_11112,2,0,2,2
737,1,11,24,2,transit,AM,0,33.039,30839.9,95;636;715;682;658;745;604;616;676;721;694;669,11;182;222;205;193;237;165;171;202;225;211;199;24,,0.869169,11;182;222;205;193;237;165;171;202;225;211;199;24,95;636;715;682;658;745;604;616;676;721;694;669,19.1671,30.8399,33.039,33.039,2247_7511,2,0,2,1.73834
738,0,11,24,1,transit,AM,0,33.039,30839.9,94;634;713;680;656;743;602;614;674;719;692;667,11;181;221;204;192;236;164;170;201;224;210;198;24,,0.130831,11;181;221;204;192;236;164;170;201;224;210;198;24,94;634;713;680;656;743;602;614;674;719;692;667,19.1671,30.8399,33.039,33.039,2236_7488,2,0,2,0.261662
739,1,11,25,2,transit,AM,0,15.0279,13934.9,99;986;1012;1010;992;1026;1003,11;362;375;374;365;382;371;25,,0.611519,11;362;375;374;365;382;371;25,99;986;1012;1010;992;1026;1003,8.66061,13.9349,15.0279,15.0279,2265_6128,2,0,2,1.22304
740,0,11,25,1,transit,AM,0,15.0279,13934.9,93;574;591;589;581;597;586,11;149;158;157;153;161;156;25,,0.388481,11;149;158;157;153;161;156;25,93;574;591;589;581;597;586,8.66061,13.9349,15.0279,15.0279,970_3611,2,0,2,0.776963
741,1,11,26,2,transit,AM,0,17.3683,16131.6,95;636;715;682;658;745;604;616;675,11;182;222;205;193;237;165;171;202;26,,0.869169,11;182;222;205;193;237;165;171;202;26,95;636;715;682;658;745;604;616;675,10.0259,16.1316,17.3683,17.3683,1614_5426,11,0,11,9.56086
742,0,11,26,1,transit,AM,0,17.3683,16131.6,94;634;713;680;656;743;602;614;673,11;181;221;204;192;236;164;170;201;26,,0.130831,11;181;221;204;192;236;164;170;201;26,94;634;713;680;656;743;602;614;673,10.0259,16.1316,17.3683,17.3683,1606_5409,11,0,11,1.43914
743,0,11,27,1,transit,AM,0,26.0025,24235.4,100;1040;1030;1034;1052;1038;1044;1042;1072;1067;1069;1055,11;389;384;386;395;388;391;390;405;403;404;397;27,,1,11;389;384;386;395;388;391;390;405;403;404;397;27,100;1040;1030;1034;1052;1038;1044;1042;1072;1067;1069;1055,15.0624,24.2354,26.0025,26.0025,4370_11643,10,0,10,10
744,0,11,28,1,transit,AM,0,73.8058,69102.7,99;986;1012;1010;992;1026;1004;998;988;1014;982;1002;1016;1020;996;1024;1007,11;362;375;374;365;382;371;368;363;376;359;370;377;379;367;381;373;28,,1,11;362;375;374;365;382;371;368;363;376;359;370;377;379;367;381;373;28,99;986;1012;1010;992;1026;1004;998;988;1014;982;1002;1016;1020;996;1024;1007,42.9476,69.1027,73.8058,73.8058,5981_16176,3,0,3,3
745,5,11,29,5,transit,AM,0,1.83906,1556.08,94;634;713;679,11;181;221;204;29,,0.0510864,11;181;221;204;29,94;634;713;679,0.967108,1.55608,1.83906,1.83906,646_2120,7,0,7,0.357605
746,2,11,29,3,transit,AM,0,1.83907,1556.08,99;986;1012;1009,11;362;375;374;29,,0.0558212,11;362;375;374;29,99;986;1012;1009,0.967108,1.55608,1.83906,1.83907,1151_3106,7,0,7,0.390748
747,4,11,29,4,transit,AM,0,1.83906,1556.08,101;1088;1112;1105,11;413;425;422;29,,0.0239468,11;413;425;422;29,101;1088;1112;1105,0.967108,1.55608,1.83906,1.83906,1300_3406,7,0,7,0.167627
748,1,11,29,2,transit,AM,0,1.83906,1556.08,95;636;715;681,11;182;222;205;29,,0.582065,11;182;222;205;29,95;636;715;681,0.967108,1.55608,1.83906,1.83906,649_2127,7,0,7,4.07445
749,0,11,29,1,transit,AM,0,1.83906,1556.08,93;574;591;588,11;149;158;157;29,,0.287081,11;149;158;157;29,93;574;591;588,0.967108,1.55608,1.83906,1.83906,504_1846,7,0,7,2.00957
750,0,11,30,1,transit,AM,0,23.7921,22160.8,101;1088;1112;1106;1098;1122;1076;1080;1102;1084;1094;1107,11;413;425;422;418;430;407;409;420;411;416;423;30,,1,11;413;425;422;418;430;407;409;420;411;416;423;30,101;1088;1112;1106;1098;1122;1076;1080;1102;1084;1094;1107,13.773,22.1608,23.7921,23.7921,4635_12170,1,0,1,1
751,1,11,33,2,transit,AM,0,27.2482,25404.7,95;636;715;682;658;745;604;616;676;721;693,11;182;222;205;193;237;165;171;202;225;211;33,,0.869169,11;182;222;205;193;237;165;171;202;225;211;33,95;636;715;682;658;745;604;616;676;721;693,15.7891,25.4047,27.2482,27.2482,2057_6841,1,0,1,0.869169
752,0,11,33,1,transit,AM,0,27.2482,25404.7,94;634;713;680;656;743;602;614;674;719;691,11;181;221;204;192;236;164;170;201;224;210;33,,0.130831,11;181;221;204;192;236;164;170;201;224;210;33,94;634;713;680;656;743;602;614;674;719;691,15.7891,25.4047,27.2482,27.2482,2047_6820,1,0,1,0.130831
753,1,11,35,2,transit,AM,0,41.4806,38763,95;636;715;682;658;745;604;616;676;721;694;670;739;703,11;182;222;205;193;237;165;171;202;225;211;199;234;216;35,,0.869169,11;182;222;205;193;237;165;171;202;225;211;199;234;216;35,95;636;715;682;658;745;604;616;676;721;694;670;739;703,24.0914,38.763,41.4806,41.4806,2708_8954,1,0,1,0.869169
754,0,11,35,1,transit,AM,0,41.4806,38763,94;634;713;680;656;743;602;614;674;719;692;668;737;701,11;181;221;204;192;236;164;170;201;224;210;198;233;215;35,,0.130831,11;181;221;204;192;236;164;170;201;224;210;198;233;215;35,94;634;713;680;656;743;602;614;674;719;692;668;737;701,24.0914,38.763,41.4806,41.4806,2695_8927,1,0,1,0.130831
755,2,11,36,3,transit,AM,0,58.6594,54886.8,95;636;715;682;658;745;604;616;676;721;694;670;739;704;646;688;708,11;182;222;205;193;237;165;171;202;225;211;199;234;216;187;208;219;36,,0.800639,11;182;222;205;193;237;165;171;202;225;211;199;234;216;187;208;219;36,95;636;715;682;658;745;604;616;676;721;694;670;739;704;646;688;708,34.1124,54.8868,58.6594,58.6594,3323_10997,1,0,1,0.800639
756,1,11,36,2,transit,AM,0,58.6594,54886.8,96;638;717;684;660;747;606;618;678;723;696;672;741;706;648;690;710,11;183;223;206;194;238;166;172;203;226;212;200;235;217;188;209;220;36,,0.0685305,11;183;223;206;194;238;166;172;203;226;212;200;235;217;188;209;220;36,96;638;717;684;660;747;606;618;678;723;696;672;741;706;648;690;710,34.1124,54.8868,58.6594,58.6594,3339_11030,1,0,1,0.0685305
757,0,11,36,1,transit,AM,0,58.6594,54886.8,94;634;713;680;656;743;602;614;674;719;692;668;737;702;644;686;707,11;181;221;204;192;236;164;170;201;224;210;198;233;215;186;207;218;36,,0.130831,11;181;221;204;192;236;164;170;201;224;210;198;233;215;186;207;218;36,94;634;713;680;656;743;602;614;674;719;692;668;737;702;644;686;707,34.1124,54.8868,58.6594,58.6594,3307_10965,1,0,1,0.130831
758,0,11,37,1,transit,AM,0,27.4724,25615.2,101;1088;1112;1106;1098;1122;1076;1080;1102;1084;1094;1108;1109,11;413;425;422;418;430;407;409;420;411;416;423;424;37,,1,11;413;425;422;418;430;407;409;420;411;416;423;424;37,101;1088;1112;1106;1098;1122;1076;1080;1102;1084;1094;1108;1109,15.9199,25.6152,27.4724,27.4724,5066_13280,2,0,2,2
759,5,11,38,5,transit,AM,0,1.07621,840.076,94;634;712,11;181;221;38,,0.0510864,11;181;221;38,94;634;712,0.522111,0.840076,1.07621,1.07621,451_1440,3,0,3,0.153259
760,4,11,38,4,transit,AM,0,1.07621,840.076,101;1088;1111,11;413;425;38,,0.180197,11;413;425;38,101;1088;1111,0.522111,0.840076,1.07621,1.07621,887_2300,3,0,3,0.54059
761,2,11,38,3,transit,AM,0,1.07621,840.076,96;638;716,11;183;223;38,,0.0558212,11;183;223;38,96;638;716,0.522111,0.840076,1.07621,1.07621,455_1450,3,0,3,0.167464
762,1,11,38,2,transit,AM,0,1.07621,840.076,95;636;714,11;182;222;38,,0.582065,11;182;222;38,95;636;714,0.522111,0.840076,1.07621,1.07621,453_1445,3,0,3,1.74619
763,0,11,38,1,transit,AM,0,1.07621,840.076,93;574;590,11;149;158;38,,0.130831,11;149;158;38,93;574;590,0.522111,0.840076,1.07621,1.07621,356_1257,3,0,3,0.392493
764,1,11,40,2,transit,AM,0,19.7752,18390.6,95;636;715;682;658;745;604;616;676;720,11;182;222;205;193;237;165;171;202;225;40,,0.869169,11;182;222;205;193;237;165;171;202;225;40,95;636;715;682;658;745;604;616;676;720,11.4299,18.3906,19.7752,19.7752,1853_6147,1,0,1,0.869169
765,0,11,40,1,transit,AM,0,19.7752,18390.6,94;634;713;680;656;743;602;614;674;718,11;181;221;204;192;236;164;170;201;224;40,,0.130831,11;181;221;204;192;236;164;170;201;224;40,94;634;713;680;656;743;602;614;674;718,11.4299,18.3906,19.7752,19.7752,1844_6128,1,0,1,0.130831
766,1,11,41,2,transit,AM,0,28.36,26448.2,99;986;1012;1010;992;1026;1004;998;988;1013,11;362;375;374;365;382;371;368;363;376;41,,0.611519,11;362;375;374;365;382;371;368;363;376;41,99;986;1012;1010;992;1026;1004;998;988;1013,16.4377,26.4482,28.36,28.36,3388_9128,2,0,2,1.22304
767,0,11,41,1,transit,AM,0,28.36,26448.2,93;574;591;589;581;597;587;583;576;592,11;149;158;157;153;161;156;154;150;159;41,,0.388481,11;149;158;157;153;161;156;154;150;159;41,93;574;591;589;581;597;587;583;576;592,16.4377,26.4482,28.36,28.36,1449_5363,2,0,2,0.776963
768,2,11,42,3,transit,AM,0,20.6221,19185.5,91;418;392;404;448;412;436;424;515;505,11;69;56;62;84;66;78;72;119;113;42,,0.0558212,11;69;56;62;84;66;78;72;119;113;42,91;418;392;404;448;412;436;424;515;505,11.9238,19.1855,20.6221,20.6221,772_4045,3,0,3,0.167464
769,1,11,42,2,transit,AM,0,20.6221,19185.5,90;416;390;402;446;410;434;422;513;503,11;68;55;61;83;65;77;71;118;112;42,,0.143564,11;68;55;61;83;65;77;71;118;112;42,90;416;390;402;446;410;434;422;513;503,11.9238,19.1855,20.6221,20.6221,763_4026,3,0,3,0.430691
770,0,11,42,1,transit,AM,0,20.6221,19185.5,89;414;388;400;444;408;432;420;511;501,11;67;54;60;82;64;76;70;117;111;42,,0.800615,11;67;54;60;82;64;76;70;117;111;42,89;414;388;400;444;408;432;420;511;501,11.9238,19.1855,20.6221,20.6221,754_4007,3,0,3,2.40185
771,2,11,43,3,transit,AM,0,24.0692,22420.8,91;418;392;404;448;412;436;424;515;506;509,11;69;56;62;84;66;78;72;119;113;116;43,,0.0558212,11;69;56;62;84;66;78;72;119;113;116;43,91;418;392;404;448;412;436;424;515;506;509,13.9346,22.4208,24.0692,24.0692,889_4555,15,0,15,0.837318
772,1,11,43,2,transit,AM,0,24.0692,22420.8,90;416;390;402;446;410;434;422;513;504;508,11;68;55;61;83;65;77;71;118;112;115;43,,0.143564,11;68;55;61;83;65;77;71;118;112;115;43,90;416;390;402;446;410;434;422;513;504;508,13.9346,22.4208,24.0692,24.0692,879_4535,15,0,15,2.15346
773,0,11,43,1,transit,AM,0,24.0692,22420.8,89;414;388;400;444;408;432;420;511;502;507,11;67;54;60;82;64;76;70;117;111;114;43,,0.800615,11;67;54;60;82;64;76;70;117;111;114;43,89;414;388;400;444;408;432;420;511;502;507,13.9346,22.4208,24.0692,24.0692,869_4515,15,0,15,12.0092
774,0,11,44,1,transit,AM,0,42.6613,39871,99;986;1012;1010;992;1026;1004;998;988;1014;982;1002;1015,11;362;375;374;365;382;371;368;363;376;359;370;377;44,,1,11;362;375;374;365;382;371;368;363;376;359;370;377;44,99;986;1012;1010;992;1026;1004;998;988;1014;982;1002;1015,24.78,39.871,42.6613,42.6613,4497_12128,1,0,1,1
775,2,11,45,3,transit,AM,0,16.5178,15333.3,91;418;392;404;448;412;436;424;514,11;69;56;62;84;66;78;72;119;45,,0.0558212,11;69;56;62;84;66;78;72;119;45,91;418;392;404;448;412;436;424;514,9.52968,15.3333,16.5178,16.5178,662_3539,8,0,8,0.44657
776,1,11,45,2,transit,AM,0,16.5178,15333.3,90;416;390;402;446;410;434;422;512,11;68;55;61;83;65;77;71;118;45,,0.143564,11;68;55;61;83;65;77;71;118;45,90;416;390;402;446;410;434;422;512,9.52968,15.3333,16.5178,16.5178,654_3522,8,0,8,1.14851
777,0,11,45,1,transit,AM,0,16.5178,15333.3,89;414;388;400;444;408;432;420;510,11;67;54;60;82;64;76;70;117;45,,0.800615,11;67;54;60;82;64;76;70;117;45,89;414;388;400;444;408;432;420;510,9.52968,15.3333,16.5178,16.5178,646_3505,8,0,8,6.40492
778,0,11,46,1,transit,AM,0,49.0411,45859,99;986;1012;1010;992;1026;1004;998;988;1014;982;1002;1016;1019,11;362;375;374;365;382;371;368;363;376;359;370;377;379;46,,1,11;362;375;374;365;382;371;368;363;376;359;370;377;379;46,99;986;1012;1010;992;1026;1004;998;988;1014;982;1002;1016;1019,28.5016,45.859,49.0411,49.0411,4878_13148,3,0,3,3
779,0,11,47,1,transit,AM,0,61.9396,57965.3,99;986;1012;1010;992;1026;1004;998;988;1014;982;1002;1016;1020;996;1023,11;362;375;374;365;382;371;368;363;376;359;370;377;379;367;381;47,,1,11;362;375;374;365;382;371;368;363;376;359;370;377;379;367;381;47,99;986;1012;1010;992;1026;1004;998;988;1014;982;1002;1016;1020;996;1023,36.0257,57.9653,61.9396,61.9396,5627_15168,2,0,2,2
780,1,11,48,2,transit,AM,0,38.5952,36054.8,95;636;715;682;658;745;604;616;676;721;694;670;738,11;182;222;205;193;237;165;171;202;225;211;199;234;48,,0.869169,11;182;222;205;193;237;165;171;202;225;211;199;234;48,95;636;715;682;658;745;604;616;676;721;694;670;738,22.4082,36.0548,38.5952,38.5952,2505_8250,4,0,4,3.47668
781,0,11,48,1,transit,AM,0,38.5952,36054.8,94;634;713;680;656;743;602;614;674;719;692;668;736,11;181;221;204;192;236;164;170;201;224;210;198;233;48,,0.130831,11;181;221;204;192;236;164;170;201;224;210;198;233;48,94;634;713;680;656;743;602;614;674;719;692;668;736,22.4082,36.0548,38.5952,38.5952,2493_8225,4,0,4,0.523324
782,0,11,49,1,transit,AM,0,51.3844,48058.5,93;574;591;589;581;597;587;583;576;593;570;572;594,11;149;158;157;153;161;156;154;150;159;147;148;160;49,,1,11;149;158;157;153;161;156;154;150;159;147;148;160;49,93;574;591;589;581;597;587;583;576;593;570;572;594,29.8685,48.0585,51.3844,51.3844,1912_7100,2,0,2,2
783,2,11,50,3,transit,AM,0,12.0885,11176.1,99;986;1012;1010;992;1025,11;362;375;374;365;382;50,,0.0558212,11;362;375;374;365;382;50,99;986;1012;1010;992;1025,6.94597,11.1761,12.0885,12.0885,1919_5124,11,0,11,0.614033
784,1,11,50,2,transit,AM,0,12.0885,11176.1,95;636;715;682;658;744,11;182;222;205;193;237;50,,0.555697,11;182;222;205;193;237;50,95;636;715;682;658;744,6.94597,11.1761,12.0885,12.0885,1100_3530,11,0,11,6.11267
785,0,11,50,1,transit,AM,0,12.0885,11176.1,93;574;591;589;581;596,11;149;158;157;153;161;50,,0.388481,11;149;158;157;153;161;50,93;574;591;589;581;596,6.94597,11.1761,12.0885,12.0885,839_3024,11,0,11,4.27329
786,2,12,1,3,transit,AM,0,27.4521,25596,108;1090;1092;1086;1100;1082;1078;1088;1112;1106;1098;1122;1075,12;414;415;412;419;410;408;413;425;422;418;430;407;1,,0.079768,12;414;415;412;419;410;408;413;425;422;418;430;407;1,108;1090;1092;1086;1100;1082;1078;1088;1112;1106;1098;1122;1075,15.908,25.596,27.4521,27.4521,5006_13237,9,0,9,0.717912
787,1,12,1,2,transit,AM,0,27.4521,25596,106;642;652;630;664;622;610;636;715;682;658;745;603,12;185;190;179;196;174;168;182;222;205;193;237;165;1,,0.789401,12;185;190;179;196;174;168;182;222;205;193;237;165;1,106;642;652;630;664;622;610;636;715;682;658;745;603,15.908,25.596,27.4521,27.4521,2309_7965,9,0,9,7.10461
788,0,12,1,1,transit,AM,0,27.4521,25596,105;640;650;628;662;620;608;634;713;680;656;743;601,12;184;189;178;195;173;167;181;221;204;192;236;164;1,,0.130831,12;184;189;178;195;173;167;181;221;204;192;236;164;1,105;640;650;628;662;620;608;634;713;680;656;743;601,15.908,25.596,27.4521,27.4521,2297_7940,9,0,9,1.17748
789,2,12,2,3,transit,AM,0,11.5859,10704.2,108;1090;1092;1086;1100;1082;1077,12;414;415;412;419;410;408;2,,0.079768,12;414;415;412;419;410;408;2,108;1090;1092;1086;1100;1082;1077,6.65272,10.7042,11.5859,11.5859,2492_6635,18,0,18,1.43582
790,1,12,2,2,transit,AM,0,11.5859,10704.2,106;642;652;630;664;622;609,12;185;190;179;196;174;168;2,,0.789401,12;185;190;179;196;174;168;2,106;642;652;630;664;622;609,6.65272,10.7042,11.5859,11.5859,1106_3925,18,0,18,14.2092
791,0,12,2,1,transit,AM,0,11.5859,10704.2,105;640;650;628;662;620;607,12;184;189;178;195;173;167;2,,0.130831,12;184;189;178;195;173;167;2,105;640;650;628;662;620;607,6.65272,10.7042,11.5859,11.5859,1100_3912,18,0,18,2.35496
792,2,12,3,3,transit,AM,0,28.0582,26164.9,108;1090;1092;1086;1100;1082;1078;1088;1112;1106;1098;1122;1076;1079,12;414;415;412;419;410;408;413;425;422;418;430;407;409;3,,0.079768,12;414;415;412;419;410;408;413;425;422;418;430;407;409;3,108;1090;1092;1086;1100;1082;1078;1088;1112;1106;1098;1122;1076;1079,16.2616,26.1649,28.0582,28.0582,5417_14317,7,0,7,0.558376
793,1,12,3,2,transit,AM,0,28.0582,26164.9,106;642;652;630;664;622;610;636;715;682;658;745;604;615,12;185;190;179;196;174;168;182;222;205;193;237;165;171;3,,0.789401,12;185;190;179;196;174;168;182;222;205;193;237;165;171;3,106;642;652;630;664;622;610;636;715;682;658;745;604;615,16.2616,26.1649,28.0582,28.0582,2482_8581,7,0,7,5.52581
794,0,12,3,1,transit,AM,0,28.0582,26164.9,105;640;650;628;662;620;608;634;713;680;656;743;602;613,12;184;189;178;195;173;167;181;221;204;192;236;164;170;3,,0.130831,12;184;189;178;195;173;167;181;221;204;192;236;164;170;3,105;640;650;628;662;620;608;634;713;680;656;743;602;613,16.2616,26.1649,28.0582,28.0582,2469_8554,7,0,7,0.915817
795,2,12,4,3,transit,AM,0,10.0708,9282.19,108;1090;1092;1086;1100;1081,12;414;415;412;419;410;4,,0.079768,12;414;415;412;419;410;4,108;1090;1092;1086;1100;1081,5.76892,9.28219,10.0708,10.0708,2086_5557,7,0,7,0.558376
796,1,12,4,2,transit,AM,0,10.0708,9282.19,106;642;652;630;664;621,12;185;190;179;196;174;4,,0.789401,12;185;190;179;196;174;4,106;642;652;630;664;621,5.76892,9.28219,10.0708,10.0708,940_3315,7,0,7,5.52581
797,0,12,4,1,transit,AM,0,10.0708,9282.19,105;640;650;628;662;619,12;184;189;178;195;173;4,,0.130831,12;184;189;178;195;173;4,105;640;650;628;662;619,5.76892,9.28219,10.0708,10.0708,935_3304,7,0,7,0.915817
798,1,12,7,2,transit,AM,0,5.51169,5003.07,106;642;652;629,12;185;190;179;7,,0.845222,12;185;190;179;7,106;642;652;629,3.10943,5.00307,5.51169,5.51169,573_2029,3,0,3,2.53567
799,4,12,7,3,transit,AM,0,5.51169,5003.07,108;1090;1092;1085,12;414;415;412;7,,0.0239468,12;414;415;412;7,108;1090;1092;1085,3.10943,5.00307,5.51169,5.51169,1260_3375,3,0,3,0.0718403
800,0,12,7,1,transit,AM,0,5.51169,5003.07,105;640;650;627,12;184;189;178;7,,0.130831,12;184;189;178;7,105;640;650;627,3.10943,5.00307,5.51169,5.51169,570_2022,3,0,3,0.392493
801,2,12,11,3,transit,AM,0,13.3638,12373,108;1090;1092;1086;1100;1082;1078;1087,12;414;415;412;419;410;408;413;11,,0.079768,12;414;415;412;419;410;408;413;11,108;1090;1092;1086;1100;1082;1078;1087,7.68985,12.373,13.3638,13.3638,2914_7723,34,0,34,2.71211
802,1,12,11,2,transit,AM,0,13.3638,12373,106;642;652;630;664;622;610;635,12;185;190;179;196;174;168;182;11,,0.789401,12;185;190;179;196;174;168;182;11,106;642;652;630;664;622;610;635,7.68985,12.373,13.3638,13.3638,1297_4561,34,0,34,26.8396
803,0,12,11,1,transit,AM,0,13.3638,12373,105;640;650;628;662;620;608;633,12;184;189;178;195;173;167;181;11,,0.130831,12;184;189;178;195;173;167;181;11,105;640;650;628;662;620;608;633,7.68985,12.373,13.3638,13.3638,1290_4546,34,0,34,4.44825
804,1,12,15,2,transit,AM,0,2.79087,2449.35,106;642;651,12;185;190;15,,0.869169,12;185;190;15,106;642;651,1.52228,2.44935,2.79087,2.79087,402_1399,7,0,7,6.08418
805,0,12,15,1,transit,AM,0,2.79087,2449.35,105;640;649,12;184;189;15,,0.130831,12;184;189;15,105;640;649,1.52228,2.44935,2.79087,2.79087,400_1394,7,0,7,0.915817
806,0,12,16,1,transit,AM,0,35.4291,33083.2,108;1090;1092;1086;1100;1082;1078;1088;1112;1106;1098;1122;1076;1080;1102;1084;1093,12;414;415;412;419;410;408;413;425;422;418;430;407;409;420;411;416;16,,1,12;414;415;412;419;410;408;413;425;422;418;430;407;409;420;411;416;16,108;1090;1092;1086;1100;1082;1078;1088;1112;1106;1098;1122;1076;1080;1102;1084;1093,20.5613,33.0832,35.4291,35.4291,6677_17597,5,0,5,5
807,1,12,19,2,transit,AM,0,15.593,14465.2,106;642;652;630;664;622;610;636;715;682;657,12;185;190;179;196;174;168;182;222;205;193;19,,0.789401,12;185;190;179;196;174;168;182;222;205;193;19,106;642;652;630;664;622;610;636;715;682;657,8.9902,14.4652,15.593,15.593,1925_6616,34,0,34,26.8396
808,2,12,19,3,transit,AM,0,15.593,14465.2,108;1090;1092;1086;1100;1082;1078;1088;1112;1106;1097,12;414;415;412;419;410;408;413;425;422;418;19,,0.079768,12;414;415;412;419;410;408;413;425;422;418;19,108;1090;1092;1086;1100;1082;1078;1088;1112;1106;1097,8.9902,14.4652,15.593,15.593,4187_11039,34,0,34,2.71211
809,0,12,19,1,transit,AM,0,15.593,14465.2,105;640;650;628;662;620;608;634;713;680;655,12;184;189;178;195;173;167;181;221;204;192;19,,0.130831,12;184;189;178;195;173;167;181;221;204;192;19,105;640;650;628;662;620;608;634;713;680;655,8.9902,14.4652,15.593,15.593,1915_6595,34,0,34,4.44825
810,2,12,22,3,transit,AM,0,7.40048,6775.86,108;1090;1092;1086;1099,12;414;415;412;419;22,,0.079768,12;414;415;412;419;22,108;1090;1092;1086;1099,4.21123,6.77586,7.40048,7.40048,1694_4475,4,0,4,0.319072
811,1,12,22,2,transit,AM,0,7.40048,6775.86,106;642;652;630;663,12;185;190;179;196;22,,0.789401,12;185;190;179;196;22,106;642;652;630;663,4.21123,6.77586,7.40048,7.40048,784_2693,4,0,4,3.1576
812,0,12,22,1,transit,AM,0,7.40048,6775.86,105;640;650;628;661,12;184;189;178;195;22,,0.130831,12;184;189;178;195;22,105;640;650;628;661,4.21123,6.77586,7.40048,7.40048,780_2684,4,0,4,0.523324
813,2,12,26,3,transit,AM,0,30.5208,28476.2,108;1090;1092;1086;1100;1082;1078;1088;1112;1106;1098;1122;1076;1080;1101,12;414;415;412;419;410;408;413;425;422;418;430;407;409;420;26,,0.079768,12;414;415;412;419;410;408;413;425;422;418;430;407;409;420;26,108;1090;1092;1086;1100;1082;1078;1088;1112;1106;1098;1122;1076;1080;1101,17.6981,28.4762,30.5208,30.5208,5860_15419,1,0,1,0.079768
814,1,12,26,2,transit,AM,0,30.5208,28476.2,106;642;652;630;664;622;610;636;715;682;658;745;604;616;675,12;185;190;179;196;174;168;182;222;205;193;237;165;171;202;26,,0.789401,12;185;190;179;196;174;168;182;222;205;193;237;165;171;202;26,106;642;652;630;664;622;610;636;715;682;658;745;604;616;675,17.6981,28.4762,30.5208,30.5208,2707_9257,1,0,1,0.789401
815,0,12,26,1,transit,AM,0,30.5208,28476.2,105;640;650;628;662;620;608;634;713;680;656;743;602;614;673,12;184;189;178;195;173;167;181;221;204;192;236;164;170;201;26,,0.130831,12;184;189;178;195;173;167;181;221;204;192;236;164;170;201;26,105;640;650;628;662;620;608;634;713;680;656;743;602;614;673,17.6981,28.4762,30.5208,30.5208,2693_9228,1,0,1,0.130831
816,0,12,27,1,transit,AM,0,12.8502,11890.8,107;1042;1072;1067;1069;1055,12;390;405;403;404;397;27,,1,12;390;405;403;404;397;27,107;1042;1072;1067;1069;1055,7.39019,11.8908,12.8502,12.8502,2038_5412,9,0,9,9
817,2,12,29,3,transit,AM,0,14.9915,13900.7,108;1090;1092;1086;1100;1082;1078;1088;1112;1105,12;414;415;412;419;410;408;413;425;422;29,,0.079768,12;414;415;412;419;410;408;413;425;422;29,108;1090;1092;1086;1100;1082;1078;1088;1112;1105,8.63935,13.9007,14.9915,14.9915,3779_9941,54,0,54,4.30747
818,1,12,29,2,transit,AM,0,14.9915,13900.7,106;642;652;630;664;622;610;636;715;681,12;185;190;179;196;174;168;182;222;205;29,,0.789401,12;185;190;179;196;174;168;182;222;205;29,106;642;652;630;664;622;610;636;715;681,8.63935,13.9007,14.9915,14.9915,1742_5958,54,0,54,42.6277
819,0,12,29,1,transit,AM,0,14.9915,13900.7,105;640;650;628;662;620;608;634;713;679,12;184;189;178;195;173;167;181;221;204;29,,0.130831,12;184;189;178;195;173;167;181;221;204;29,105;640;650;628;662;620;608;634;713;679,8.63935,13.9007,14.9915,14.9915,1733_5939,54,0,54,7.06487
820,1,12,33,2,transit,AM,0,40.4007,37749.4,106;642;652;630;664;622;610;636;715;682;658;745;604;616;676;721;693,12;185;190;179;196;174;168;182;222;205;193;237;165;171;202;225;211;33,,0.869169,12;185;190;179;196;174;168;182;222;205;193;237;165;171;202;225;211;33,106;642;652;630;664;622;610;636;715;682;658;745;604;616;676;721;693,23.4614,37.7494,40.4007,40.4007,3150_10672,1,0,1,0.869169
821,0,12,33,1,transit,AM,0,40.4007,37749.4,105;640;650;628;662;620;608;634;713;680;656;743;602;614;674;719;691,12;184;189;178;195;173;167;181;221;204;192;236;164;170;201;224;210;33,,0.130831,12;184;189;178;195;173;167;181;221;204;192;236;164;170;201;224;210;33,105;640;650;628;662;620;608;634;713;680;656;743;602;614;674;719;691,23.4614,37.7494,40.4007,40.4007,3134_10639,1,0,1,0.130831
822,1,12,35,2,transit,AM,0,54.633,51107.6,106;642;652;630;664;622;610;636;715;682;658;745;604;616;676;721;694;670;739;703,12;185;190;179;196;174;168;182;222;205;193;237;165;171;202;225;211;199;234;216;35,,0.869169,12;185;190;179;196;174;168;182;222;205;193;237;165;171;202;225;211;199;234;216;35,106;642;652;630;664;622;610;636;715;682;658;745;604;616;676;721;694;670;739;703,31.7636,51.1076,54.633,54.633,3801_12785,2,0,2,1.73834
823,0,12,35,1,transit,AM,0,54.633,51107.6,105;640;650;628;662;620;608;634;713;680;656;743;602;614;674;719;692;668;737;701,12;184;189;178;195;173;167;181;221;204;192;236;164;170;201;224;210;198;233;215;35,,0.130831,12;184;189;178;195;173;167;181;221;204;192;236;164;170;201;224;210;198;233;215;35,105;640;650;628;662;620;608;634;713;680;656;743;602;614;674;719;692;668;737;701,31.7636,51.1076,54.633,54.633,3782_12746,2,0,2,0.261662
824,2,12,38,3,transit,AM,0,14.2287,13184.7,108;1090;1092;1086;1100;1082;1078;1088;1111,12;414;415;412;419;410;408;413;425;38,,0.079768,12;414;415;412;419;410;408;413;425;38,108;1090;1092;1086;1100;1082;1078;1088;1111,8.19435,13.1847,14.2287,14.2287,3366_8835,32,0,32,2.55258
825,1,12,38,2,transit,AM,0,14.2287,13184.7,106;642;652;630;664;622;610;636;714,12;185;190;179;196;174;168;182;222;38,,0.789401,12;185;190;179;196;174;168;182;222;38,106;642;652;630;664;622;610;636;714,8.19435,13.1847,14.2287,14.2287,1546_5276,32,0,32,25.2608
826,0,12,38,1,transit,AM,0,14.2287,13184.7,105;640;650;628;662;620;608;634;712,12;184;189;178;195;173;167;181;221;38,,0.130831,12;184;189;178;195;173;167;181;221;38,105;640;650;628;662;620;608;634;712,8.19435,13.1847,14.2287,14.2287,1538_5259,32,0,32,4.18659
827,0,12,39,1,transit,AM,0,47.4266,44343.8,108;1090;1092;1086;1100;1082;1078;1088;1112;1106;1098;1122;1076;1080;1102;1084;1094;1108;1110;1096;1113,12;414;415;412;419;410;408;413;425;422;418;430;407;409;420;411;416;423;424;417;426;39,,1,12;414;415;412;419;410;408;413;425;422;418;430;407;409;420;411;416;423;424;417;426;39,108;1090;1092;1086;1100;1082;1078;1088;1112;1106;1098;1122;1076;1080;1102;1084;1094;1108;1110;1096;1113,27.5598,44.3438,47.4266,47.4266,8390_22025,1,0,1,1
828,2,12,42,3,transit,AM,0,7.46976,6840.85,104;424;515;505,12;72;119;113;42,,0.0821884,12;72;119;113;42,104;424;515;505,4.25161,6.84085,7.46976,7.46976,358_1548,5,0,5,0.410942
829,1,12,42,2,transit,AM,0,7.46976,6840.85,103;422;513;503,12;71;118;112;42,,0.143564,12;71;118;112;42,103;422;513;503,4.25161,6.84085,7.46976,7.46976,355_1541,5,0,5,0.717818
830,0,12,42,1,transit,AM,0,7.46976,6840.85,102;420;511;501,12;70;117;111;42,,0.774248,12;70;117;111;42,102;420;511;501,4.25161,6.84085,7.46976,7.46976,352_1534,5,0,5,3.87124
831,2,12,43,3,transit,AM,0,10.9168,10076.2,104;424;515;506;509,12;72;119;113;116;43,,0.0821884,12;72;119;113;116;43,104;424;515;506;509,6.26239,10.0762,10.9168,10.9168,475_2058,16,0,16,1.31501
832,1,12,43,2,transit,AM,0,10.9168,10076.2,103;422;513;504;508,12;71;118;112;115;43,,0.143564,12;71;118;112;115;43,103;422;513;504;508,6.26239,10.0762,10.9168,10.9168,471_2050,16,0,16,2.29702
833,0,12,43,1,transit,AM,0,10.9168,10076.2,102;420;511;502;507,12;70;117;111;114;43,,0.774248,12;70;117;111;114;43,102;420;511;502;507,6.26239,10.0762,10.9168,10.9168,467_2042,16,0,16,12.388
834,2,12,45,3,transit,AM,0,3.36547,2988.64,104;424;514,12;72;119;45,,0.0821884,12;72;119;45,104;424;514,1.85745,2.98864,3.36547,3.36547,248_1042,1,0,1,0.0821884
835,1,12,45,2,transit,AM,0,3.36547,2988.64,103;422;512,12;71;118;45,,0.143564,12;71;118;45,103;422;512,1.85745,2.98864,3.36547,3.36547,246_1037,1,0,1,0.143564
836,0,12,45,1,transit,AM,0,3.36547,2988.64,102;420;510,12;70;117;45,,0.774248,12;70;117;45,102;420;510,1.85745,2.98864,3.36547,3.36547,244_1032,1,0,1,0.774248
837,1,12,48,2,transit,AM,0,51.7476,48399.4,106;642;652;630;664;622;610;636;715;682;658;745;604;616;676;721;694;670;738,12;185;190;179;196;174;168;182;222;205;193;237;165;171;202;225;211;199;234;48,,0.869169,12;185;190;179;196;174;168;182;222;205;193;237;165;171;202;225;211;199;234;48,106;642;652;630;664;622;610;636;715;682;658;745;604;616;676;721;694;670;738,30.0805,48.3994,51.7476,51.7476,3598_12081,1,0,1,0.869169
838,0,12,48,1,transit,AM,0,51.7476,48399.4,105;640;650;628;662;620;608;634;713;680;656;743;602;614;674;719;692;668;736,12;184;189;178;195;173;167;181;221;204;192;236;164;170;201;224;210;198;233;48,,0.130831,12;184;189;178;195;173;167;181;221;204;192;236;164;170;201;224;210;198;233;48,105;640;650;628;662;620;608;634;713;680;656;743;602;614;674;719;692;668;736,30.0805,48.3994,51.7476,51.7476,3580_12044,1,0,1,0.130831
839,2,13,1,3,transit,AM,0,9.4263,8677.32,114;780;802;814;753,13;255;266;272;242;1,,0.800639,13;255;266;272;242;1,114;780;802;814;753,5.39299,8.67732,9.4263,9.4263,1049_3263,4,0,4,3.20255
840,1,13,1,2,transit,AM,0,9.4264,8677.32,115;782;804;816;755,13;256;267;273;243;1,,0.0685305,13;256;267;273;243;1,115;782;804;816;755,5.39299,8.67732,9.4263,9.4264,1053_3272,4,0,4,0.274122
841,0,13,1,1,transit,AM,0,9.42659,8677.32,113;778;800;812;751,13;254;265;271;241;1,,0.130831,13;254;265;271;241;1,113;778;800;812;751,5.39299,8.67732,9.4263,9.42659,1045_3254,4,0,4,0.523324
842,4,13,2,3,transit,AM,0,25.0836,23373,117;922;934;946;972;928;952;956;918;899,13;328;335;341;354;332;344;346;326;317;2,,0.0239468,13;328;335;341;354;332;344;346;326;317;2,117;922;934;946;972;928;952;956;918;899,14.5264,23.373,25.0836,25.0836,3038_8544,7,0,7,0.167627
843,1,13,2,2,transit,AM,0,25.0837,23373,118;924;936;948;974;930;954;958;920;901,13;329;336;342;355;333;345;347;327;318;2,,0.358055,13;329;336;342;355;333;345;347;327;318;2,118;924;936;948;974;930;954;958;920;901,14.5264,23.373,25.0836,25.0837,3047_8563,7,0,7,2.50639
844,0,13,2,1,transit,AM,0,25.0837,23373,109;541;548;552;562;546;554;556;539;528,13;132;136;138;143;135;139;140;131;126;2,,0.617998,13;132;136;138;143;135;139;140;131;126;2,109;541;548;552;562;546;554;556;539;528,14.5264,23.373,25.0836,25.0837,1235_5035,7,0,7,4.32599
845,2,13,3,3,transit,AM,0,10.0325,9246.25,114;780;802;814;754;759,13;255;266;272;242;245;3,,0.800639,13;255;266;272;242;245;3,114;780;802;814;754;759,5.74658,9.24625,10.0325,10.0325,1296_4023,4,0,4,3.20255
846,1,13,3,2,transit,AM,0,10.0326,9246.25,115;782;804;816;756;761,13;256;267;273;243;246;3,,0.0685305,13;256;267;273;243;246;3,115;782;804;816;756;761,5.74658,9.24625,10.0325,10.0326,1301_4034,4,0,4,0.274122
847,0,13,3,1,transit,AM,0,10.0328,9246.25,113;778;800;812;752;757,13;254;265;271;241;244;3,,0.130831,13;254;265;271;241;244;3,113;778;800;812;752;757,5.74658,9.24625,10.0325,10.0328,1291_4012,4,0,4,0.523324
848,4,13,4,3,transit,AM,0,26.5987,24795,117;922;934;946;972;928;952;956;918;900;903,13;328;335;341;354;332;344;346;326;317;319;4,,0.0239468,13;328;335;341;354;332;344;346;326;317;319;4,117;922;934;946;972;928;952;956;918;900;903,15.4102,24.795,26.5987,26.5987,3359_9448,4,0,4,0.095787
849,1,13,4,2,transit,AM,0,26.5988,24795,118;924;936;948;974;930;954;958;920;902;905,13;329;336;342;355;333;345;347;327;318;320;4,,0.358055,13;329;336;342;355;333;345;347;327;318;320;4,118;924;936;948;974;930;954;958;920;902;905,15.4102,24.795,26.5987,26.5988,3369_9469,4,0,4,1.43222
850,0,13,4,1,transit,AM,0,26.5988,24795,109;541;548;552;562;546;554;556;539;529;530,13;132;136;138;143;135;139;140;131;126;127;4,,0.617998,13;132;136;138;143;135;139;140;131;126;127;4,109;541;548;552;562;546;554;556;539;529;530,15.4102,24.795,26.5987,26.5988,1364_5566,4,0,4,2.47199
851,2,13,6,3,transit,AM,0,15.378,14263.6,114;780;802;814;754;760;820;765,13;255;266;272;242;245;275;248;6,,0.800639,13;255;266;272;242;245;275;248;6,114;780;802;814;754;760;820;765,8.86486,14.2636,15.378,15.378,1822_5609,1,0,1,0.800639
852,1,13,6,2,transit,AM,0,15.3782,14263.6,115;782;804;816;756;762;822;767,13;256;267;273;243;246;276;249;6,,0.0685305,13;256;267;273;243;246;276;249;6,115;782;804;816;756;762;822;767,8.86486,14.2636,15.378,15.3782,1829_5624,1,0,1,0.0685305
853,0,13,6,1,transit,AM,0,15.3784,14263.6,113;778;800;812;752;758;818;763,13;254;265;271;241;244;274;247;6,,0.130831,13;254;265;271;241;244;274;247;6,113;778;800;812;752;758;818;763,8.86486,14.2636,15.378,15.3784,1815_5594,1,0,1,0.130831
854,4,13,7,3,transit,AM,0,31.1579,29074.1,117;922;934;946;972;928;952;956;918;900;904;938;907,13;328;335;341;354;332;344;346;326;317;319;337;321;7,,0.0239468,13;328;335;341;354;332;344;346;326;317;319;337;321;7,117;922;934;946;972;928;952;956;918;900;904;938;907,18.0697,29.0741,31.1578,31.1579,4020_11294,4,0,4,0.095787
855,1,13,7,2,transit,AM,0,31.1579,29074.1,118;924;936;948;974;930;954;958;920;902;906;940;909,13;329;336;342;355;333;345;347;327;318;320;338;322;7,,0.358055,13;329;336;342;355;333;345;347;327;318;320;338;322;7,118;924;936;948;974;930;954;958;920;902;906;940;909,18.0697,29.0741,31.1578,31.1579,4032_11319,4,0,4,1.43222
856,0,13,7,1,transit,AM,0,31.1579,29074.1,109;541;548;552;562;546;554;556;539;529;531;550;532,13;132;136;138;143;135;139;140;131;126;127;137;128;7,,0.617998,13;132;136;138;143;135;139;140;131;126;127;137;128;7,109;541;548;552;562;546;554;556;539;529;531;550;532,18.0697,29.0741,31.1578,31.1579,1632_6649,4,0,4,2.47199
857,4,13,8,3,transit,AM,0,9.6242,8863.02,116;868;892;864,13;301;313;299;8,,0.0750332,13;301;313;299;8,116;868;892;864,5.5084,8.86302,9.6242,9.6242,934_2740,6,0,6,0.450199
858,1,13,8,2,transit,AM,0,9.6242,8863.02,119;988;1014;981,13;363;376;359;8,,0.124352,13;363;376;359;8,119;988;1014;981,5.5084,8.86302,9.6242,9.6242,1119_3102,6,0,6,0.74611
859,0,13,8,1,transit,AM,0,9.6242,8863.02,110;576;593;569,13;150;159;147;8,,0.800615,13;150;159;147;8,110;576;593;569,5.5084,8.86302,9.6242,9.6242,477_1848,6,0,6,4.80369
860,1,13,9,2,transit,AM,0,55.8385,52238.8,119;988;1014;982;1002;1016;1020;996;1024;1008;984,13;363;376;359;370;377;379;367;381;373;361;9,,0.611519,13;363;376;359;370;377;379;367;381;373;361;9,119;988;1014;982;1002;1016;1020;996;1024;1008;984,32.4666,52.2388,55.8385,55.8385,3728_10153,3,0,3,1.83456
861,0,13,9,1,transit,AM,0,55.8385,52238.8,116;868;892;865;878;894;896;874;898;884;866,13;301;313;299;306;314;315;304;316;309;300;9,,0.388481,13;301;313;299;306;314;315;304;316;309;300;9,116;868;892;865;878;894;896;874;898;884;866,32.4666,52.2388,55.8385,55.8385,3099_8931,3,0,3,1.16544
862,0,13,10,1,transit,AM,0,14.4425,13385.4,110;576;593;570;571,13;150;159;147;148;10,,1,13;150;159;147;148;10,110;576;593;570;571,8.31909,13.3854,14.4425,14.4425,627_2420,3,0,3,3
863,4,13,11,3,transit,AM,0,23.3057,21704.2,117;922;934;946;972;928;952;956;917,13;328;335;341;354;332;344;346;326;11,,0.0239468,13;328;335;341;354;332;344;346;326;11,117;922;934;946;972;928;952;956;917,13.4893,21.7042,23.3056,23.3057,2730_7644,19,0,19,0.454988
864,1,13,11,2,transit,AM,0,23.3057,21704.2,118;924;936;948;974;930;954;958;919,13;329;336;342;355;333;345;347;327;11,,0.358055,13;329;336;342;355;333;345;347;327;11,118;924;936;948;974;930;954;958;919,13.4893,21.7042,23.3056,23.3057,2738_7661,19,0,19,6.80305
865,0,13,11,1,transit,AM,0,23.3057,21704.2,109;541;548;552;562;546;554;556;538,13;132;136;138;143;135;139;140;131;11,,0.617998,13;132;136;138;143;135;139;140;131;11,109;541;548;552;562;546;554;556;538,13.4893,21.7042,23.3056,23.3057,1118_4506,19,0,19,11.742
866,4,13,15,3,transit,AM,0,33.8787,31627.9,117;922;934;946;972;928;952;956;918;900;904;938;908;925,13;328;335;341;354;332;344;346;326;317;319;337;321;330;15,,0.0239468,13;328;335;341;354;332;344;346;326;317;319;337;321;330;15,117;922;934;946;972;928;952;956;918;900;904;938;908;925,19.6569,31.6279,33.8787,33.8787,4358_12220,4,0,4,0.095787
867,1,13,15,2,transit,AM,0,33.8787,31627.9,118;924;936;948;974;930;954;958;920;902;906;940;910;926,13;329;336;342;355;333;345;347;327;318;320;338;322;331;15,,0.358055,13;329;336;342;355;333;345;347;327;318;320;338;322;331;15,118;924;936;948;974;930;954;958;920;902;906;940;910;926,19.6569,31.6279,33.8787,33.8787,4371_12246,4,0,4,1.43222
868,0,13,15,1,transit,AM,0,33.8787,31627.9,109;541;548;552;562;546;554;556;539;529;531;550;533;542,13;132;136;138;143;135;139;140;131;126;127;137;128;133;15,,0.617998,13;132;136;138;143;135;139;140;131;126;127;137;128;133;15,109;541;548;552;562;546;554;556;539;529;531;550;533;542,19.6569,31.6279,33.8787,33.8787,1773_7192,4,0,4,2.47199
869,2,13,16,3,transit,AM,0,17.4033,16164.5,114;780;802;814;754;760;820;766;785,13;255;266;272;242;245;275;248;258;16,,0.800639,13;255;266;272;242;245;275;248;258;16,114;780;802;814;754;760;820;766;785,10.0463,16.1645,17.4033,17.4033,2090_6395,4,0,4,3.20255
870,1,13,16,2,transit,AM,0,17.4035,16164.5,115;782;804;816;756;762;822;768;787,13;256;267;273;243;246;276;249;259;16,,0.0685305,13;256;267;273;243;246;276;249;259;16,115;782;804;816;756;762;822;768;787,10.0463,16.1645,17.4033,17.4035,2098_6412,4,0,4,0.274122
871,0,13,16,1,transit,AM,0,17.4037,16164.5,113;778;800;812;752;758;818;764;783,13;254;265;271;241;244;274;247;257;16,,0.130831,13;254;265;271;241;244;274;247;257;16,113;778;800;812;752;758;818;764;783,10.0463,16.1645,17.4033,17.4037,2082_6378,4,0,4,0.523324
872,2,13,17,3,transit,AM,0,25.7564,24004.5,114;780;802;814;754;760;820;766;786;828;834;791,13;255;266;272;242;245;275;248;258;279;282;261;17,,0.800639,13;255;266;272;242;245;275;248;258;279;282;261;17,114;780;802;814;754;760;820;766;786;828;834;791,14.9189,24.0045,25.7564,25.7564,2913_8849,5,0,5,4.00319
873,1,13,17,2,transit,AM,0,25.7565,24004.5,115;782;804;816;756;762;822;768;788;830;836;793,13;256;267;273;243;246;276;249;259;280;283;262;17,,0.0685305,13;256;267;273;243;246;276;249;259;280;283;262;17,115;782;804;816;756;762;822;768;788;830;836;793,14.9189,24.0045,25.7564,25.7565,2924_8872,5,0,5,0.342653
874,0,13,17,1,transit,AM,0,25.7568,24004.5,113;778;800;812;752;758;818;764;784;826;832;789,13;254;265;271;241;244;274;247;257;278;281;260;17,,0.130831,13;254;265;271;241;244;274;247;257;278;281;260;17,113;778;800;812;752;758;818;764;784;826;832;789,14.9189,24.0045,25.7564,25.7568,2902_8826,5,0,5,0.654155
875,0,13,18,1,transit,AM,0,31.0231,28947.6,110;576;593;570;572;595;579,13;150;159;147;148;160;152;18,,1,13;150;159;147;148;160;152;18,110;576;593;570;572;595;579,17.9911,28.9476,31.0231,31.0231,947_3595,5,0,5,5
876,1,13,19,2,transit,AM,0,21.0765,19612,118;924;936;948;974;929,13;329;336;342;355;333;19,,0.358055,13;329;336;342;355;333;19,118;924;936;948;974;929,12.1889,19.612,21.0765,21.0765,1727_4829,28,0,28,10.0255
877,4,13,19,3,transit,AM,0,21.0765,19612,117;922;934;946;972;927,13;328;335;341;354;332;19,,0.0239468,13;328;335;341;354;332;19,117;922;934;946;972;927,12.1889,19.612,21.0765,21.0765,1722_4818,28,0,28,0.670509
878,0,13,19,1,transit,AM,0,21.0765,19612,109;541;548;552;562;545,13;132;136;138;143;135;19,,0.617998,13;132;136;138;143;135;19,109;541;548;552;562;545,12.1889,19.612,21.0765,21.0765,716_2857,28,0,28,17.3039
879,1,13,20,2,transit,AM,0,31.4293,29328.8,119;988;1014;982;1002;1016;1020;995,13;363;376;359;370;377;379;367;20,,0.611519,13;363;376;359;370;377;379;367;20,119;988;1014;982;1002;1016;1020;995,18.228,29.3288,31.4293,31.4293,2624_7136,1,0,1,0.611519
880,0,13,20,1,transit,AM,0,31.4293,29328.8,116;868;892;865;878;894;896;873,13;301;313;299;306;314;315;304;20,,0.388481,13;301;313;299;306;314;315;304;20,116;868;892;865;878;894;896;873,18.228,29.3288,31.4293,31.4293,2185_6282,1,0,1,0.388481
881,2,13,21,3,transit,AM,0,3.80499,3401.24,114;780;801,13;255;266;21,,0.800639,13;255;266;21,114;780;801,2.11388,3.40124,3.80499,3.80499,555_1695,7,0,7,5.60447
882,1,13,21,2,transit,AM,0,3.80502,3401.24,115;782;803,13;256;267;21,,0.0685305,13;256;267;21,115;782;803,2.11388,3.40124,3.80499,3.80502,557_1700,7,0,7,0.479714
883,0,13,21,1,transit,AM,0,3.80499,3401.24,109;541;547,13;132;136;21,,0.130831,13;132;136;21,109;541;547,2.11388,3.40124,3.80499,3.80499,302_1197,7,0,7,0.915817
884,1,13,22,2,transit,AM,0,29.2691,27301.4,118;924;936;948;974;930;954;958;920;902;906;939,13;329;336;342;355;333;345;347;327;318;320;338;22,,0.358055,13;329;336;342;355;333;345;347;327;318;320;338;22,118;924;936;948;974;930;954;958;920;902;906;939,16.9679,27.3014,29.269,29.2691,3725_10409,1,0,1,0.358055
885,4,13,22,3,transit,AM,0,29.2691,27301.4,117;922;934;946;972;928;952;956;918;900;904;937,13;328;335;341;354;332;344;346;326;317;319;337;22,,0.0239468,13;328;335;341;354;332;344;346;326;317;319;337;22,117;922;934;946;972;928;952;956;918;900;904;937,16.9679,27.3014,29.269,29.2691,3714_10386,1,0,1,0.0239468
886,0,13,22,1,transit,AM,0,29.2691,27301.4,109;541;548;552;562;546;554;556;539;529;531;549,13;132;136;138;143;135;139;140;131;126;127;137;22,,0.617998,13;132;136;138;143;135;139;140;131;126;127;137;22,109;541;548;552;562;546;554;556;539;529;531;549,16.9679,27.3014,29.269,29.2691,1519_6116,1,0,1,0.617998
887,1,13,23,2,transit,AM,0,14.5321,13469.5,119;988;1014;982;1001,13;363;376;359;370;23,,0.611519,13;363;376;359;370;23,119;988;1014;982;1001,8.37135,13.4695,14.5321,14.5321,1504_4104,7,0,7,4.28063
888,0,13,23,1,transit,AM,0,14.5321,13469.5,116;868;892;865;877,13;301;313;299;306;23,,0.388481,13;301;313;299;306;23,116;868;892;865;877,8.37135,13.4695,14.5321,14.5321,1255_3618,7,0,7,2.71937
889,2,13,25,3,transit,AM,0,8.48907,7797.65,114;780;802;813,13;255;266;272;25,,0.800639,13;255;266;272;25,114;780;802;813,4.84627,7.79765,8.48907,8.48907,831_2509,7,0,7,5.60447
890,1,13,25,2,transit,AM,0,8.48916,7797.65,115;782;804;815,13;256;267;273;25,,0.0685305,13;256;267;273;25,115;782;804;815,4.84627,7.79765,8.48907,8.48916,834_2516,7,0,7,0.479714
891,0,13,25,1,transit,AM,0,8.48908,7797.65,109;541;548;551,13;132;136;138;25,,0.130831,13;132;136;138;25,109;541;548;551,4.84627,7.79765,8.48907,8.48908,444_1749,7,0,7,0.915817
892,2,13,26,3,transit,AM,0,12.495,11557.6,114;780;802;814;754;760;819,13;255;266;272;242;245;275;26,,0.800639,13;255;266;272;242;245;275;26,114;780;802;814;754;760;819,7.18307,11.5576,12.495,12.495,1594_4843,4,0,4,3.20255
893,1,13,26,2,transit,AM,0,12.4951,11557.6,115;782;804;816;756;762;821,13;256;267;273;243;246;276;26,,0.0685305,13;256;267;273;243;246;276;26,115;782;804;816;756;762;821,7.18307,11.5576,12.495,12.4951,1600_4856,4,0,4,0.274122
894,0,13,26,1,transit,AM,0,12.4953,11557.6,113;778;800;812;752;758;817,13;254;265;271;241;244;274;26,,0.130831,13;254;265;271;241;244;274;26,113;778;800;812;752;758;817,7.18307,11.5576,12.495,12.4953,1588_4830,4,0,4,0.523324
895,1,13,28,2,transit,AM,0,50.7116,47426.8,119;988;1014;982;1002;1016;1020;996;1024;1007,13;363;376;359;370;377;379;367;381;373;28,,0.611519,13;363;376;359;370;377;379;367;381;373;28,119;988;1014;982;1002;1016;1020;996;1024;1007,29.476,47.4268,50.7116,50.7116,3386_9168,2,0,2,1.22304
896,0,13,28,1,transit,AM,0,50.7116,47426.8,116;868;892;865;878;894;896;874;898;883,13;301;313;299;306;314;315;304;316;309;28,,0.388481,13;301;313;299;306;314;315;304;316;309;28,116;868;892;865;878;894;896;874;898;883,29.476,47.4268,50.7116,50.7116,2818_8064,2,0,2,0.776963
897,4,13,29,3,transit,AM,0,21.678,20176.5,117;922;934;946;972;928;951,13;328;335;341;354;332;344;29,,0.0239468,13;328;335;341;354;332;344;29,117;922;934;946;972;928;951,12.5398,20.1765,21.6779,21.678,2076_5770,30,0,30,0.718403
898,1,13,29,2,transit,AM,0,21.678,20176.5,118;924;936;948;974;930;953,13;329;336;342;355;333;345;29,,0.358055,13;329;336;342;355;333;345;29,118;924;936;948;974;930;953,12.5398,20.1765,21.6779,21.678,2082_5783,30,0,30,10.7417
899,0,13,29,1,transit,AM,0,21.678,20176.5,109;541;548;552;562;546;553,13;132;136;138;143;135;139;29,,0.617998,13;132;136;138;143;135;139;29,109;541;548;552;562;546;553,12.5398,20.1765,21.6779,21.678,865_3411,30,0,30,18.5399
900,2,13,30,3,transit,AM,0,18.9187,17586.8,114;780;802;814;754;760;820;766;786;827,13;255;266;272;242;245;275;248;258;279;30,,0.800639,13;255;266;272;242;245;275;248;258;279;30,114;780;802;814;754;760;820;766;786;827,10.9303,17.5868,18.9187,18.9187,2383_7223,2,0,2,1.60128
901,1,13,30,2,transit,AM,0,18.9188,17586.8,115;782;804;816;756;762;822;768;788;829,13;256;267;273;243;246;276;249;259;280;30,,0.0685305,13;256;267;273;243;246;276;249;259;280;30,115;782;804;816;756;762;822;768;788;829,10.9303,17.5868,18.9187,18.9188,2392_7242,2,0,2,0.137061
902,0,13,30,1,transit,AM,0,18.9191,17586.8,113;778;800;812;752;758;818;764;784;825,13;254;265;271;241;244;274;247;257;278;30,,0.130831,13;254;265;271;241;244;274;247;257;278;30,113;778;800;812;752;758;818;764;784;825,10.9303,17.5868,18.9187,18.9191,2374_7204,2,0,2,0.261662
903,1,13,37,2,transit,AM,0,22.5992,21041.1,115;782;804;816;756;762;822;768;788;830;835,13;256;267;273;243;246;276;249;259;280;283;37,,0.0685305,13;256;267;273;243;246;276;249;259;280;283;37,115;782;804;816;756;762;822;768;788;830;835,13.0771,21.0411,22.5991,22.5992,2682_8078,1,0,1,0.0685305
904,2,13,37,3,transit,AM,0,22.5991,21041.1,114;780;802;814;754;760;820;766;786;828;833,13;255;266;272;242;245;275;248;258;279;282;37,,0.800639,13;255;266;272;242;245;275;248;258;279;282;37,114;780;802;814;754;760;820;766;786;828;833,13.0771,21.0411,22.5991,22.5991,2672_8057,1,0,1,0.800639
905,0,13,37,1,transit,AM,0,22.5995,21041.1,113;778;800;812;752;758;818;764;784;826;831,13;254;265;271;241;244;274;247;257;278;281;37,,0.130831,13;254;265;271;241;244;274;247;257;278;281;37,113;778;800;812;752;758;818;764;784;826;831,13.0771,21.0411,22.5991,22.5995,2662_8036,1,0,1,0.130831
906,4,13,38,3,transit,AM,0,22.4408,20892.5,117;922;934;946;972;928;952;955,13;328;335;341;354;332;344;346;38,,0.0239468,13;328;335;341;354;332;344;346;38,117;922;934;946;972;928;952;955,12.9848,20.8925,22.4408,22.4408,2431_6726,22,0,22,0.526829
907,1,13,38,2,transit,AM,0,22.4409,20892.5,118;924;936;948;974;930;954;957,13;329;336;342;355;333;345;347;38,,0.358055,13;329;336;342;355;333;345;347;38,118;924;936;948;974;930;954;957,12.9848,20.8925,22.4408,22.4409,2438_6741,22,0,22,7.87722
908,0,13,38,1,transit,AM,0,22.4409,20892.5,109;541;548;552;562;546;554;555,13;132;136;138;143;135;139;140;38,,0.617998,13;132;136;138;143;135;139;140;38,109;541;548;552;562;546;554;555,12.9848,20.8925,22.4408,22.4409,1014_3967,22,0,22,13.596
909,2,13,39,3,transit,AM,0,29.4008,27425.1,114;780;802;814;754;760;820;766;786;828;834;792;838,13;255;266;272;242;245;275;248;258;279;282;261;285;39,,0.800639,13;255;266;272;242;245;275;248;258;279;282;261;285;39,114;780;802;814;754;760;820;766;786;828;834;792;838,17.0448,27.4251,29.4008,29.4008,3220_9688,2,0,2,1.60128
910,1,13,39,2,transit,AM,0,29.4009,27425.1,115;782;804;816;756;762;822;768;788;830;836;794;839,13;256;267;273;243;246;276;249;259;280;283;262;286;39,,0.0685305,13;256;267;273;243;246;276;249;259;280;283;262;286;39,115;782;804;816;756;762;822;768;788;830;836;794;839,17.0448,27.4251,29.4008,29.4009,3232_9712,2,0,2,0.137061
911,0,13,39,1,transit,AM,0,29.4012,27425.1,113;778;800;812;752;758;818;764;784;826;832;790;837,13;254;265;271;241;244;274;247;257;278;281;260;284;39,,0.130831,13;254;265;271;241;244;274;247;257;278;281;260;284;39,113;778;800;812;752;758;818;764;784;826;832;790;837,17.0448,27.4251,29.4008,29.4012,3208_9664,2,0,2,0.261662
912,1,13,41,2,transit,AM,0,5.2658,4772.31,119;988;1013,13;363;376;41,,0.124352,13;363;376;41,119;988;1013,2.96601,4.77231,5.2658,5.2658,793_2120,6,0,6,0.74611
913,0,13,41,1,transit,AM,0,5.2658,4772.31,110;576;592,13;150;159;41,,0.875648,13;150;159;41,110;576;592,2.96601,4.77231,5.2658,5.2658,363_1278,6,0,6,5.25389
914,1,13,44,2,transit,AM,0,19.567,18195.2,119;988;1014;982;1002;1015,13;363;376;359;370;377;44,,0.611519,13;363;376;359;370;377;44,119;988;1014;982;1002;1015,11.3084,18.1952,19.567,19.567,1902_5120,6,0,6,3.66911
915,0,13,44,1,transit,AM,0,19.567,18195.2,116;868;892;865;878;893,13;301;313;299;306;314;44,,0.388481,13;301;313;299;306;314;44,116;868;892;865;878;893,11.3084,18.1952,19.567,19.567,1590_4512,6,0,6,2.33089
916,1,13,46,2,transit,AM,0,25.9468,24183.1,119;988;1014;982;1002;1016;1019,13;363;376;359;370;377;379;46,,0.611519,13;363;376;359;370;377;379;46,119;988;1014;982;1002;1016;1019,15.0299,24.1831,25.9468,25.9468,2283_6140,7,0,7,4.28063
917,0,13,46,1,transit,AM,0,25.9468,24183.1,116;868;892;865;878;894;895,13;301;313;299;306;314;315;46,,0.388481,13;301;313;299;306;314;315;46,116;868;892;865;878;894;895,15.0299,24.1831,25.9468,25.9468,1907_5408,7,0,7,2.71937
918,1,13,47,2,transit,AM,0,38.8453,36289.4,119;988;1014;982;1002;1016;1020;996;1023,13;363;376;359;370;377;379;367;381;47,,0.611519,13;363;376;359;370;377;379;367;381;47,119;988;1014;982;1002;1016;1020;996;1023,22.554,36.2894,38.8453,38.8453,3032_8160,4,0,4,2.44607
919,0,13,47,1,transit,AM,0,38.8453,36289.4,116;868;892;865;878;894;896;874;897,13;301;313;299;306;314;315;304;316;47,,0.388481,13;301;313;299;306;314;315;304;316;47,116;868;892;865;878;894;896;874;897,22.554,36.2894,38.8453,38.8453,2528_7180,4,0,4,1.55393
920,0,13,49,1,transit,AM,0,28.2902,26382.6,110;576;593;570;572;594,13;150;159;147;148;160;49,,1,13;150;159;147;148;160;49,110;576;593;570;572;594,16.3969,26.3826,28.2902,28.2902,826_3015,3,0,3,3
921,4,13,50,3,transit,AM,0,11.4285,10556.5,117;922;934;946;971,13;328;335;341;354;50,,0.0239468,13;328;335;341;354;50,117;922;934;946;971,6.56091,10.5565,11.4284,11.4285,1421_3890,5,0,5,0.119734
922,1,13,50,2,transit,AM,0,11.4285,10556.5,118;924;936;948;973,13;329;336;342;355;50,,0.358055,13;329;336;342;355;50,118;924;936;948;973,6.56091,10.5565,11.4284,11.4285,1425_3899,5,0,5,1.79028
923,0,13,50,1,transit,AM,0,11.4285,10556.5,109;541;548;552;561,13;132;136;138;143;50,,0.617998,13;132;136;138;143;50,109;541;548;552;561,6.56091,10.5565,11.4284,11.4285,612_2311,5,0,5,3.08999
924,2,14,1,3,transit,AM,0,33.3177,31101.4,122;430;484;521;454;476;500;460;398;385,14;75;102;122;87;98;110;90;59;53;1,,0.238438,14;75;102;122;87;98;110;90;59;53;1,122;430;484;521;454;476;500;460;398;385,19.3296,31.1014,33.3176,33.3177,811_4230,28,0,28,6.67628
925,1,14,1,2,transit,AM,0,33.3176,31101.4,121;428;482;519;452;474;498;458;396;383,14;74;101;121;86;97;109;89;58;52;1,,0.143564,14;74;101;121;86;97;109;89;58;52;1,121;428;482;519;452;474;498;458;396;383,19.3296,31.1014,33.3176,33.3176,802_4211,28,0,28,4.01978
926,0,14,1,1,transit,AM,0,33.3176,31101.4,120;426;480;517;450;472;496;456;394;381,14;73;100;120;85;96;108;88;57;51;1,,0.617998,14;73;100;120;85;96;108;88;57;51;1,120;426;480;517;450;472;496;456;394;381,19.3296,31.1014,33.3176,33.3176,793_4192,28,0,28,17.3039
927,2,14,2,3,transit,AM,0,49.184,45993.2,122;430;484;521;454;476;500;460;398;386;527;442;466;494;418;391,14;75;102;122;87;98;110;90;59;53;125;81;93;107;69;56;2,,0.0821884,14;75;102;122;87;98;110;90;59;53;125;81;93;107;69;56;2,122;430;484;521;454;476;500;460;398;386;527;442;466;494;418;391,28.5849,45.9932,49.1838,49.184,1343_6969,13,0,13,1.06845
928,1,14,2,2,transit,AM,0,49.1839,45993.2,121;428;482;519;452;474;498;458;396;384;525;440;464;492;416;389,14;74;101;121;86;97;109;89;58;52;124;80;92;106;68;55;2,,0.143564,14;74;101;121;86;97;109;89;58;52;124;80;92;106;68;55;2,121;428;482;519;452;474;498;458;396;384;525;440;464;492;416;389,28.5849,45.9932,49.1838,49.1839,1328_6938,13,0,13,1.86633
929,0,14,2,1,transit,AM,0,49.184,45993.2,120;426;480;517;450;472;496;456;394;382;523;438;462;490;414;387,14;73;100;120;85;96;108;88;57;51;123;79;91;105;67;54;2,,0.774248,14;73;100;120;85;96;108;88;57;51;123;79;91;105;67;54;2,120;426;480;517;450;472;496;456;394;382;523;438;462;490;414;387,28.5849,45.9932,49.1838,49.184,1313_6907,13,0,13,10.0652
930,2,14,3,3,transit,AM,0,32.7115,30532.4,122;430;484;521;454;476;500;460;397,14;75;102;122;87;98;110;90;59;3,,0.238438,14;75;102;122;87;98;110;90;59;3,122;430;484;521;454;476;500;460;397,18.976,30.5324,32.7114,32.7115,760_3844,40,0,40,9.53754
931,1,14,3,2,transit,AM,0,32.7115,30532.4,121;428;482;519;452;474;498;458;395,14;74;101;121;86;97;109;89;58;3,,0.143564,14;74;101;121;86;97;109;89;58;3,121;428;482;519;452;474;498;458;395,18.976,30.5324,32.7114,32.7115,752_3827,40,0,40,5.74255
932,0,14,3,1,transit,AM,0,32.7115,30532.4,120;426;480;517;450;472;496;456;393,14;73;100;120;85;96;108;88;57;3,,0.617998,14;73;100;120;85;96;108;88;57;3,120;426;480;517;450;472;496;456;393,18.976,30.5324,32.7114,32.7115,744_3810,40,0,40,24.7199
933,2,14,4,3,transit,AM,0,50.6991,47415.2,122;430;484;521;454;476;500;460;398;386;527;442;466;494;418;392;403,14;75;102;122;87;98;110;90;59;53;125;81;93;107;69;56;62;4,,0.0821884,14;75;102;122;87;98;110;90;59;53;125;81;93;107;69;56;62;4,122;430;484;521;454;476;500;460;398;386;527;442;466;494;418;392;403,29.4687,47.4152,50.6989,50.6991,1407_7373,15,0,15,1.23283
934,1,14,4,2,transit,AM,0,50.699,47415.2,121;428;482;519;452;474;498;458;396;384;525;440;464;492;416;390;401,14;74;101;121;86;97;109;89;58;52;124;80;92;106;68;55;61;4,,0.143564,14;74;101;121;86;97;109;89;58;52;124;80;92;106;68;55;61;4,121;428;482;519;452;474;498;458;396;384;525;440;464;492;416;390;401,29.4687,47.4152,50.6989,50.699,1391_7340,15,0,15,2.15346
935,0,14,4,1,transit,AM,0,50.6991,47415.2,120;426;480;517;450;472;496;456;394;382;523;438;462;490;414;388;399,14;73;100;120;85;96;108;88;57;51;123;79;91;105;67;54;60;4,,0.774248,14;73;100;120;85;96;108;88;57;51;123;79;91;105;67;54;60;4,120;426;480;517;450;472;496;456;394;382;523;438;462;490;414;388;399,29.4687,47.4152,50.6989,50.6991,1375_7307,15,0,15,11.6137
936,1,14,5,2,transit,AM,0,27.0795,25246.5,125;648;690;711;700;626,14;188;209;220;214;177;5,,0.0685305,14;188;209;220;214;177;5,125;648;690;711;700;626,15.6908,25.2465,27.0795,27.0795,1027_3500,1,0,1,0.0685305
937,0,14,5,1,transit,AM,0,27.0795,25246.5,124;646;688;709;698;625,14;187;208;219;213;176;5,,0.931469,14;187;208;219;213;176;5,124;646;688;709;698;625,15.6908,25.2465,27.0795,27.0795,1022_3490,1,0,1,0.93147
938,2,14,7,3,transit,AM,0,55.2582,51694.3,122;430;484;521;454;476;500;460;398;386;527;442;466;494;418;392;404;448;411,14;75;102;122;87;98;110;90;59;53;125;81;93;107;69;56;62;84;66;7,,0.0821884,14;75;102;122;87;98;110;90;59;53;125;81;93;107;69;56;62;84;66;7,122;430;484;521;454;476;500;460;398;386;527;442;466;494;418;392;404;448;411,32.1282,51.6943,55.2581,55.2582,1560_8233,3,0,3,0.246565
939,1,14,7,2,transit,AM,0,55.2582,51694.3,121;428;482;519;452;474;498;458;396;384;525;440;464;492;416;390;402;446;409,14;74;101;121;86;97;109;89;58;52;124;80;92;106;68;55;61;83;65;7,,0.143564,14;74;101;121;86;97;109;89;58;52;124;80;92;106;68;55;61;83;65;7,121;428;482;519;452;474;498;458;396;384;525;440;464;492;416;390;402;446;409,32.1282,51.6943,55.2581,55.2582,1542_8196,3,0,3,0.430691
940,0,14,7,1,transit,AM,0,55.2582,51694.3,120;426;480;517;450;472;496;456;394;382;523;438;462;490;414;388;400;444;407,14;73;100;120;85;96;108;88;57;51;123;79;91;105;67;54;60;82;64;7,,0.774248,14;73;100;120;85;96;108;88;57;51;123;79;91;105;67;54;60;82;64;7,120;426;480;517;450;472;496;456;394;382;523;438;462;490;414;388;400;444;407,32.1282,51.6943,55.2581,55.2582,1524_8159,3,0,3,2.32274
941,2,14,11,3,transit,AM,0,47.406,44324.4,122;430;484;521;454;476;500;460;398;386;527;442;466;494;417,14;75;102;122;87;98;110;90;59;53;125;81;93;107;69;11,,0.0821884,14;75;102;122;87;98;110;90;59;53;125;81;93;107;69;11,122;430;484;521;454;476;500;460;398;386;527;442;466;494;417,27.5478,44.3244,47.4059,47.406,1296_6577,55,0,55,4.52036
942,1,14,11,2,transit,AM,0,47.406,44324.4,121;428;482;519;452;474;498;458;396;384;525;440;464;492;415,14;74;101;121;86;97;109;89;58;52;124;80;92;106;68;11,,0.143564,14;74;101;121;86;97;109;89;58;52;124;80;92;106;68;11,121;428;482;519;452;474;498;458;396;384;525;440;464;492;415,27.5478,44.3244,47.4059,47.406,1282_6548,55,0,55,7.896
943,0,14,11,1,transit,AM,0,47.406,44324.4,120;426;480;517;450;472;496;456;394;382;523;438;462;490;413,14;73;100;120;85;96;108;88;57;51;123;79;91;105;67;11,,0.774248,14;73;100;120;85;96;108;88;57;51;123;79;91;105;67;11,120;426;480;517;450;472;496;456;394;382;523;438;462;490;413,27.5478,44.3244,47.4059,47.406,1268_6519,55,0,55,42.5836
944,2,14,12,3,transit,AM,0,60.5585,56669,122;430;484;521;454;476;500;460;398;386;527;442;466;494;418;392;404;448;412;436;423,14;75;102;122;87;98;110;90;59;53;125;81;93;107;69;56;62;84;66;78;72;12,,0.0821884,14;75;102;122;87;98;110;90;59;53;125;81;93;107;69;56;62;84;66;78;72;12,122;430;484;521;454;476;500;460;398;386;527;442;466;494;418;392;404;448;412;436;423,35.22,56.669,60.5583,60.5585,1715_9093,2,0,2,0.164377
945,1,14,12,2,transit,AM,0,60.5584,56669,121;428;482;519;452;474;498;458;396;384;525;440;464;492;416;390;402;446;410;434;421,14;74;101;121;86;97;109;89;58;52;124;80;92;106;68;55;61;83;65;77;71;12,,0.143564,14;74;101;121;86;97;109;89;58;52;124;80;92;106;68;55;61;83;65;77;71;12,121;428;482;519;452;474;498;458;396;384;525;440;464;492;416;390;402;446;410;434;421,35.22,56.669,60.5583,60.5584,1695_9052,2,0,2,0.287127
946,0,14,12,1,transit,AM,0,60.5585,56669,120;426;480;517;450;472;496;456;394;382;523;438;462;490;414;388;400;444;408;432;419,14;73;100;120;85;96;108;88;57;51;123;79;91;105;67;54;60;82;64;76;70;12,,0.774248,14;73;100;120;85;96;108;88;57;51;123;79;91;105;67;54;60;82;64;76;70;12,120;426;480;517;450;472;496;456;394;382;523;438;462;490;414;388;400;444;408;432;419,35.22,56.669,60.5583,60.5585,1675_9011,2,0,2,1.5485
947,2,14,15,3,transit,AM,0,57.9791,54248,122;430;484;521;454;476;500;460;398;386;527;442;466;494;418;392;404;448;412;435,14;75;102;122;87;98;110;90;59;53;125;81;93;107;69;56;62;84;66;78;15,,0.0821884,14;75;102;122;87;98;110;90;59;53;125;81;93;107;69;56;62;84;66;78;15,122;430;484;521;454;476;500;460;398;386;527;442;466;494;418;392;404;448;412;435,33.7154,54.248,57.9789,57.9791,1646_8669,6,0,6,0.49313
948,1,14,15,2,transit,AM,0,57.979,54248,121;428;482;519;452;474;498;458;396;384;525;440;464;492;416;390;402;446;410;433,14;74;101;121;86;97;109;89;58;52;124;80;92;106;68;55;61;83;65;77;15,,0.143564,14;74;101;121;86;97;109;89;58;52;124;80;92;106;68;55;61;83;65;77;15,121;428;482;519;452;474;498;458;396;384;525;440;464;492;416;390;402;446;410;433,33.7154,54.248,57.9789,57.979,1627_8630,6,0,6,0.861382
949,0,14,15,1,transit,AM,0,57.979,54248,120;426;480;517;450;472;496;456;394;382;523;438;462;490;414;388;400;444;408;431,14;73;100;120;85;96;108;88;57;51;123;79;91;105;67;54;60;82;64;76;15,,0.774248,14;73;100;120;85;96;108;88;57;51;123;79;91;105;67;54;60;82;64;76;15,120;426;480;517;450;472;496;456;394;382;523;438;462;490;414;388;400;444;408;431,33.7154,54.248,57.9789,57.979,1608_8591,6,0,6,4.64549
950,2,14,19,3,transit,AM,0,45.1769,42232.2,122;430;484;521;454;476;500;460;398;386;527;441,14;75;102;122;87;98;110;90;59;53;125;81;19,,0.0821884,14;75;102;122;87;98;110;90;59;53;125;81;19,122;430;484;521;454;476;500;460;398;386;527;441,26.2475,42.2322,45.1767,45.1769,1035_5199,79,0,79,6.49288
951,1,14,19,2,transit,AM,0,45.1768,42232.2,121;428;482;519;452;474;498;458;396;384;525;439,14;74;101;121;86;97;109;89;58;52;124;80;19,,0.143564,14;74;101;121;86;97;109;89;58;52;124;80;19,121;428;482;519;452;474;498;458;396;384;525;439,26.2475,42.2322,45.1767,45.1768,1024_5176,79,0,79,11.3415
952,0,14,19,1,transit,AM,0,45.1768,42232.2,120;426;480;517;450;472;496;456;394;382;523;437,14;73;100;120;85;96;108;88;57;51;123;79;19,,0.774248,14;73;100;120;85;96;108;88;57;51;123;79;19,120;426;480;517;450;472;496;456;394;382;523;437,26.2475,42.2322,45.1767,45.1768,1013_5153,79,0,79,61.1656
953,2,14,22,3,transit,AM,0,53.3694,49921.5,122;430;484;521;454;476;500;460;398;386;527;442;466;494;418;392;404;447,14;75;102;122;87;98;110;90;59;53;125;81;93;107;69;56;62;84;22,,0.0821884,14;75;102;122;87;98;110;90;59;53;125;81;93;107;69;56;62;84;22,122;430;484;521;454;476;500;460;398;386;527;442;466;494;418;392;404;447,31.0264,49.9215,53.3693,53.3694,1509_7821,2,0,2,0.164377
954,1,14,22,2,transit,AM,0,53.3694,49921.5,121;428;482;519;452;474;498;458;396;384;525;440;464;492;416;390;402;445,14;74;101;121;86;97;109;89;58;52;124;80;92;106;68;55;61;83;22,,0.143564,14;74;101;121;86;97;109;89;58;52;124;80;92;106;68;55;61;83;22,121;428;482;519;452;474;498;458;396;384;525;440;464;492;416;390;402;445,31.0264,49.9215,53.3693,53.3694,1492_7786,2,0,2,0.287127
955,0,14,22,1,transit,AM,0,53.3694,49921.5,120;426;480;517;450;472;496;456;394;382;523;438;462;490;414;388;400;443,14;73;100;120;85;96;108;88;57;51;123;79;91;105;67;54;60;82;22,,0.774248,14;73;100;120;85;96;108;88;57;51;123;79;91;105;67;54;60;82;22,120;426;480;517;450;472;496;456;394;382;523;438;462;490;414;388;400;443,31.0264,49.9215,53.3693,53.3694,1475_7751,2,0,2,1.5485
956,2,14,24,3,transit,AM,0,14.5781,13512.8,122;430;484;521;453,14;75;102;122;87;24,,0.289525,14;75;102;122;87;24,122;430;484;521;453,8.39828,13.5128,14.5781,14.5781,424_2010,13,0,13,3.76382
957,1,14,24,2,transit,AM,0,14.5781,13512.8,121;428;482;519;451,14;74;101;121;86;24,,0.0924773,14;74;101;121;86;24,121;428;482;519;451,8.39828,13.5128,14.5781,14.5781,420_2001,13,0,13,1.2022
958,0,14,24,1,transit,AM,0,14.5781,13512.8,120;426;480;517;449,14;73;100;120;85;24,,0.617998,14;73;100;120;85;24,120;426;480;517;449,8.39828,13.5128,14.5781,14.5781,416_1992,13,0,13,8.03397
959,2,14,26,3,transit,AM,0,30.2489,28221.1,122;430;484;521;454;476;500;459,14;75;102;122;87;98;110;90;26,,0.289525,14;75;102;122;87;98;110;90;26,122;430;484;521;454;476;500;459,17.5396,28.2211,30.2489,30.2489,724_3446,20,0,20,5.7905
960,1,14,26,2,transit,AM,0,30.2489,28221.1,121;428;482;519;452;474;498;457,14;74;101;121;86;97;109;89;26,,0.0924773,14;74;101;121;86;97;109;89;26,121;428;482;519;452;474;498;457,17.5396,28.2211,30.2489,30.2489,717_3431,20,0,20,1.84955
961,0,14,26,1,transit,AM,0,30.2489,28221.1,120;426;480;517;450;472;496;455,14;73;100;120;85;96;108;88;26,,0.617998,14;73;100;120;85;96;108;88;26,120;426;480;517;450;472;496;455,17.5396,28.2211,30.2489,30.2489,710_3416,20,0,20,12.36
962,2,14,29,3,transit,AM,0,45.7783,42796.7,122;430;484;521;454;476;500;460;398;386;527;442;465,14;75;102;122;87;98;110;90;59;53;125;81;93;29,,0.0821884,14;75;102;122;87;98;110;90;59;53;125;81;93;29,122;430;484;521;454;476;500;460;398;386;527;442;465,26.5983,42.7967,45.7782,45.7783,1138_5665,61,0,61,5.01349
963,1,14,29,2,transit,AM,0,45.7783,42796.7,121;428;482;519;452;474;498;458;396;384;525;440;463,14;74;101;121;86;97;109;89;58;52;124;80;92;29,,0.143564,14;74;101;121;86;97;109;89;58;52;124;80;92;29,121;428;482;519;452;474;498;458;396;384;525;440;463,26.5983,42.7967,45.7782,45.7783,1126_5640,61,0,61,8.75739
964,0,14,29,1,transit,AM,0,45.7783,42796.7,120;426;480;517;450;472;496;456;394;382;523;438;461,14;73;100;120;85;96;108;88;57;51;123;79;91;29,,0.774248,14;73;100;120;85;96;108;88;57;51;123;79;91;29,120;426;480;517;450;472;496;456;394;382;523;438;461,26.5983,42.7967,45.7782,45.7783,1114_5615,61,0,61,47.2291
965,2,14,33,3,transit,AM,0,20.3689,18948,122;430;484;521;454;475,14;75;102;122;87;98;33,,0.289525,14;75;102;122;87;98;33,122;430;484;521;454;475,11.7763,18.948,20.3689,20.3689,531_2486,3,0,3,0.868575
966,1,14,33,2,transit,AM,0,20.3689,18948,121;428;482;519;452;473,14;74;101;121;86;97;33,,0.0924773,14;74;101;121;86;97;33,121;428;482;519;452;473,11.7763,18.948,20.3689,20.3689,526_2475,3,0,3,0.277432
967,0,14,33,1,transit,AM,0,20.3689,18948,120;426;480;517;450;471,14;73;100;120;85;96;33,,0.617998,14;73;100;120;85;96;33,120;426;480;517;450;471,11.7763,18.948,20.3689,20.3689,521_2464,3,0,3,1.85399
968,1,14,34,2,transit,AM,0,16.6249,15434,125;648;690;711;699,14;188;209;220;214;34,,0.0685305,14;188;209;220;214;34,125;648;690;711;699,9.59231,15.434,16.6249,16.6249,879_2873,1,0,1,0.0685305
969,0,14,34,1,transit,AM,0,16.6249,15434,124;646;688;709;697,14;187;208;219;213;34,,0.931469,14;187;208;219;213;34,124;646;688;709;697,9.59231,15.434,16.6249,16.6249,875_2864,1,0,1,0.93147
970,2,14,35,3,transit,AM,0,6.13649,5589.72,122;430;483,14;75;102;35,,0.313472,14;75;102;35,122;430;483,3.47403,5.58972,6.13649,6.13649,226_1035,7,0,7,2.1943
971,1,14,35,2,transit,AM,0,6.13649,5589.72,121;428;481,14;74;101;35,,0.0685305,14;74;101;35,121;428;481,3.47403,5.58972,6.13649,6.13649,224_1030,7,0,7,0.479714
972,0,14,35,1,transit,AM,0,6.13649,5589.72,120;426;479,14;73;100;35,,0.617998,14;73;100;35,120;426;479,3.47403,5.58972,6.13649,6.13649,222_1025,7,0,7,4.32599
973,1,14,36,2,transit,AM,0,11.4647,10590.7,125;648;690;710,14;188;209;220;36,,0.0685305,14;188;209;220;36,125;648;690;710,6.58218,10.5907,11.4647,11.4647,667_2173,6,0,6,0.411183
974,2,14,36,3,transit,AM,0,11.4647,10590.7,124;646;688;708,14;187;208;219;36,,0.699238,14;187;208;219;36,124;646;688;708,6.58218,10.5907,11.4647,11.4647,664_2166,6,0,6,4.19543
975,0,14,36,1,transit,AM,0,11.4647,10590.7,123;644;686;707,14;186;207;218;36,,0.232231,14;186;207;218;36,123;644;686;707,6.58218,10.5907,11.4647,11.4647,661_2160,6,0,6,1.39339
976,2,14,38,3,transit,AM,0,46.5412,43512.7,122;430;484;521;454;476;500;460;398;386;527;442;466;493,14;75;102;122;87;98;110;90;59;53;125;81;93;107;38,,0.0821884,14;75;102;122;87;98;110;90;59;53;125;81;93;107;38,122;430;484;521;454;476;500;460;398;386;527;442;466;493,27.0433,43.5127,46.541,46.5412,1254_6159,25,0,25,2.05471
977,1,14,38,2,transit,AM,0,46.5411,43512.7,121;428;482;519;452;474;498;458;396;384;525;440;464;491,14;74;101;121;86;97;109;89;58;52;124;80;92;106;38,,0.143564,14;74;101;121;86;97;109;89;58;52;124;80;92;106;38,121;428;482;519;452;474;498;458;396;384;525;440;464;491,27.0433,43.5127,46.541,46.5411,1241_6132,25,0,25,3.58909
978,0,14,38,1,transit,AM,0,46.5412,43512.7,120;426;480;517;450;472;496;456;394;382;523;438;462;489,14;73;100;120;85;96;108;88;57;51;123;79;91;105;38,,0.774248,14;73;100;120;85;96;108;88;57;51;123;79;91;105;38,120;426;480;517;450;472;496;456;394;382;523;438;462;489,27.0433,43.5127,46.541,46.5412,1228_6105,25,0,25,19.3562
979,2,14,40,3,transit,AM,0,27.842,25962.1,122;430;484;521;454;476;499,14;75;102;122;87;98;110;40,,0.289525,14;75;102;122;87;98;110;40,122;430;484;521;454;476;499,16.1356,25.9621,27.842,27.842,648_2986,12,0,12,3.4743
980,1,14,40,2,transit,AM,0,27.842,25962.1,121;428;482;519;452;474;497,14;74;101;121;86;97;109;40,,0.0924773,14;74;101;121;86;97;109;40,121;428;482;519;452;474;497,16.1356,25.9621,27.842,27.842,642_2973,12,0,12,1.10973
981,0,14,40,1,transit,AM,0,27.842,25962.1,120;426;480;517;450;472;495,14;73;100;120;85;96;108;40,,0.617998,14;73;100;120;85;96;108;40,120;426;480;517;450;472;495,16.1356,25.9621,27.842,27.842,636_2960,12,0,12,7.41598
982,2,14,42,3,transit,AM,0,67.8168,63481.5,122;430;484;521;454;476;500;460;398;386;527;442;466;494;418;392;404;448;412;436;424;515;505,14;75;102;122;87;98;110;90;59;53;125;81;93;107;69;56;62;84;66;78;72;119;113;42,,0.0821884,14;75;102;122;87;98;110;90;59;53;125;81;93;107;69;56;62;84;66;78;72;119;113;42,122;430;484;521;454;476;500;460;398;386;527;442;466;494;418;392;404;448;412;436;424;515;505,39.454,63.4815,67.8166,67.8168,1977_10114,4,0,4,0.328754
983,1,14,42,2,transit,AM,0,67.8167,63481.5,121;428;482;519;452;474;498;458;396;384;525;440;464;492;416;390;402;446;410;434;422;513;503,14;74;101;121;86;97;109;89;58;52;124;80;92;106;68;55;61;83;65;77;71;118;112;42,,0.143564,14;74;101;121;86;97;109;89;58;52;124;80;92;106;68;55;61;83;65;77;71;118;112;42,121;428;482;519;452;474;498;458;396;384;525;440;464;492;416;390;402;446;410;434;422;513;503,39.454,63.4815,67.8166,67.8167,1955_10069,4,0,4,0.574255
984,0,14,42,1,transit,AM,0,67.8168,63481.5,120;426;480;517;450;472;496;456;394;382;523;438;462;490;414;388;400;444;408;432;420;511;501,14;73;100;120;85;96;108;88;57;51;123;79;91;105;67;54;60;82;64;76;70;117;111;42,,0.774248,14;73;100;120;85;96;108;88;57;51;123;79;91;105;67;54;60;82;64;76;70;117;111;42,120;426;480;517;450;472;496;456;394;382;523;438;462;490;414;388;400;444;408;432;420;511;501,39.454,63.4815,67.8166,67.8168,1933_10024,4,0,4,3.09699
985,2,14,43,3,transit,AM,0,71.2638,66716.9,122;430;484;521;454;476;500;460;398;386;527;442;466;494;418;392;404;448;412;436;424;515;506;509,14;75;102;122;87;98;110;90;59;53;125;81;93;107;69;56;62;84;66;78;72;119;113;116;43,,0.0821884,14;75;102;122;87;98;110;90;59;53;125;81;93;107;69;56;62;84;66;78;72;119;113;116;43,122;430;484;521;454;476;500;460;398;386;527;442;466;494;418;392;404;448;412;436;424;515;506;509,41.4648,66.7169,71.2637,71.2638,2094_10624,8,0,8,0.657507
986,1,14,43,2,transit,AM,0,71.2638,66716.9,121;428;482;519;452;474;498;458;396;384;525;440;464;492;416;390;402;446;410;434;422;513;504;508,14;74;101;121;86;97;109;89;58;52;124;80;92;106;68;55;61;83;65;77;71;118;112;115;43,,0.143564,14;74;101;121;86;97;109;89;58;52;124;80;92;106;68;55;61;83;65;77;71;118;112;115;43,121;428;482;519;452;474;498;458;396;384;525;440;464;492;416;390;402;446;410;434;422;513;504;508,41.4648,66.7169,71.2637,71.2638,2071_10578,8,0,8,1.14851
987,0,14,43,1,transit,AM,0,71.2638,66716.9,120;426;480;517;450;472;496;456;394;382;523;438;462;490;414;388;400;444;408;432;420;511;502;507,14;73;100;120;85;96;108;88;57;51;123;79;91;105;67;54;60;82;64;76;70;117;111;114;43,,0.774248,14;73;100;120;85;96;108;88;57;51;123;79;91;105;67;54;60;82;64;76;70;117;111;114;43,120;426;480;517;450;472;496;456;394;382;523;438;462;490;414;388;400;444;408;432;420;511;502;507,41.4648,66.7169,71.2637,71.2638,2048_10532,8,0,8,6.19398
988,2,14,48,3,transit,AM,0,9.02192,8297.92,122;430;484;520,14;75;102;122;48,,0.289525,14;75;102;122;48,122;430;484;520,5.15719,8.29792,9.02191,9.02192,361_1556,23,0,23,6.65907
989,1,14,48,2,transit,AM,0,9.02192,8297.92,121;428;482;518,14;74;101;121;48,,0.0924773,14;74;101;121;48,121;428;482;518,5.15719,8.29792,9.02191,9.02192,358_1549,23,0,23,2.12698
990,0,14,48,1,transit,AM,0,9.02192,8297.92,120;426;480;516,14;73;100;120;48,,0.617998,14;73;100;120;48,120;426;480;516,5.15719,8.29792,9.02191,9.02192,355_1542,23,0,23,14.214
991,2,14,50,3,transit,AM,0,35.5288,33176.7,122;430;484;521;454;476;500;460;398;386;526,14;75;102;122;87;98;110;90;59;53;125;50,,0.238438,14;75;102;122;87;98;110;90;59;53;125;50,122;430;484;521;454;476;500;460;398;386;526,20.6194,33.1767,35.5287,35.5288,985_4757,3,0,3,0.715315
992,1,14,50,2,transit,AM,0,35.5287,33176.7,121;428;482;519;452;474;498;458;396;384;524,14;74;101;121;86;97;109;89;58;52;124;50,,0.143564,14;74;101;121;86;97;109;89;58;52;124;50,121;428;482;519;452;474;498;458;396;384;524,20.6194,33.1767,35.5287,35.5287,975_4736,3,0,3,0.430691
993,0,14,50,1,transit,AM,0,35.5288,33176.7,120;426;480;517;450;472;496;456;394;382;522,14;73;100;120;85;96;108;88;57;51;123;50,,0.617998,14;73;100;120;85;96;108;88;57;51;123;50,120;426;480;517;450;472;496;456;394;382;522,20.6194,33.1767,35.5287,35.5288,965_4715,3,0,3,1.85399
994,4,15,1,4,transit,AM,0,24.8727,23175,138;1092;1086;1100;1082;1078;1088;1112;1106;1098;1122;1075,15;415;412;419;410;408;413;425;422;418;430;407;1,,0.0239468,15;415;412;419;410;408;413;425;422;418;430;407;1,138;1092;1086;1100;1082;1078;1088;1112;1106;1098;1122;1075,14.4034,23.175,24.8727,24.8727,4595_12177,21,0,21,0.502882
995,2,15,1,3,transit,AM,0,24.8727,23175,133;654;632;666;624;612;638;717;684;660;747;605,15;191;180;197;175;169;183;223;206;194;238;166;1,,0.0558212,15;191;180;197;175;169;183;223;206;194;238;166;1,133;654;632;666;624;612;638;717;684;660;747;605,14.4034,23.175,24.8727,24.8727,2138_7372,21,0,21,1.17225
996,1,15,1,2,transit,AM,0,24.8727,23175,132;652;630;664;622;610;636;715;682;658;745;603,15;190;179;196;174;168;182;222;205;193;237;165;1,,0.789401,15;190;179;196;174;168;182;222;205;193;237;165;1,132;652;630;664;622;610;636;715;682;658;745;603,14.4034,23.175,24.8727,24.8727,2127_7349,21,0,21,16.5774
997,0,15,1,1,transit,AM,0,24.8727,23175,131;650;628;662;620;608;634;713;680;656;743;601,15;189;178;195;173;167;181;221;204;192;236;164;1,,0.130831,15;189;178;195;173;167;181;221;204;192;236;164;1,131;650;628;662;620;608;634;713;680;656;743;601,14.4034,23.175,24.8727,24.8727,2116_7326,21,0,21,2.74745
998,4,15,2,5,transit,AM,0,9.00646,8283.23,138;1092;1086;1100;1082;1077,15;415;412;419;410;408;2,,0.0239468,15;415;412;419;410;408;2,138;1092;1086;1100;1082;1077,5.14806,8.28323,9.00646,9.00646,2081_5575,31,0,31,0.74235
999,3,15,2,4,transit,AM,0,9.00646,8283.23,136;990;980;1000;978;975,15;364;358;369;357;356;2,,0.487167,15;364;358;369;357;356;2,136;990;980;1000;978;975,5.14806,8.28323,9.00646,9.00646,1821_5059,31,0,31,15.1022
1000,2,15,2,3,transit,AM,0,9.00647,8283.23,133;654;632;666;624;611,15;191;180;197;175;169;2,,0.0558212,15;191;180;197;175;169;2,133;654;632;666;624;611,5.14806,8.28323,9.00646,9.00647,929_3320,31,0,31,1.73046
1001,1,15,2,2,transit,AM,0,9.00646,8283.23,132;652;630;664;622;609,15;190;179;196;174;168;2,,0.119617,15;190;179;196;174;168;2,132;652;630;664;622;609,5.14806,8.28323,9.00646,9.00646,924_3309,31,0,31,3.70812
1002,0,15,2,1,transit,AM,0,9.00646,8283.23,130;578;568;585;566;563,15;151;146;155;145;144;2,,0.313448,15;151;146;155;145;144;2,130;578;568;585;566;563,5.14806,8.28323,9.00646,9.00646,758_2990,31,0,31,9.71689
1003,4,15,3,4,transit,AM,0,25.4788,23743.9,138;1092;1086;1100;1082;1078;1088;1112;1106;1098;1122;1076;1079,15;415;412;419;410;408;413;425;422;418;430;407;409;3,,0.0239468,15;415;412;419;410;408;413;425;422;418;430;407;409;3,138;1092;1086;1100;1082;1078;1088;1112;1106;1098;1122;1076;1079,14.757,23.7439,25.4788,25.4788,5006_13257,9,0,9,0.215521
1004,2,15,3,3,transit,AM,0,25.4788,23743.9,133;654;632;666;624;612;638;717;684;660;747;606;617,15;191;180;197;175;169;183;223;206;194;238;166;172;3,,0.0558212,15;191;180;197;175;169;183;223;206;194;238;166;172;3,133;654;632;666;624;612;638;717;684;660;747;606;617,14.757,23.7439,25.4788,25.4788,2312_7990,9,0,9,0.502391
1005,1,15,3,2,transit,AM,0,25.4788,23743.9,132;652;630;664;622;610;636;715;682;658;745;604;615,15;190;179;196;174;168;182;222;205;193;237;165;171;3,,0.789401,15;190;179;196;174;168;182;222;205;193;237;165;171;3,132;652;630;664;622;610;636;715;682;658;745;604;615,14.757,23.7439,25.4788,25.4788,2300_7965,9,0,9,7.10461
1006,0,15,3,1,transit,AM,0,25.4788,23743.9,131;650;628;662;620;608;634;713;680;656;743;602;613,15;189;178;195;173;167;181;221;204;192;236;164;170;3,,0.130831,15;189;178;195;173;167;181;221;204;192;236;164;170;3,131;650;628;662;620;608;634;713;680;656;743;602;613,14.757,23.7439,25.4788,25.4788,2288_7940,9,0,9,1.17748
1007,4,15,4,4,transit,AM,0,7.49137,6861.19,138;1092;1086;1100;1081,15;415;412;419;410;4,,0.0239468,15;415;412;419;410;4,138;1092;1086;1100;1081,4.26426,6.86119,7.49137,7.49137,1675_4497,21,0,21,0.502882
1008,1,15,4,2,transit,AM,0,7.49137,6861.19,132;652;630;664;621,15;190;179;196;174;4,,0.119617,15;190;179;196;174;4,132;652;630;664;621,4.26426,6.86119,7.49137,7.49137,758_2699,21,0,21,2.51196
1009,2,15,4,3,transit,AM,0,7.49137,6861.19,136;990;980;1000;977,15;364;358;369;357;4,,0.542988,15;364;358;369;357;4,136;990;980;1000;977,4.26426,6.86119,7.49137,7.49137,1467_4083,21,0,21,11.4028
1010,0,15,4,1,transit,AM,0,7.49137,6861.19,130;578;568;585;565,15;151;146;155;145;4,,0.313448,15;151;146;155;145;4,130;578;568;585;565,4.26426,6.86119,7.49137,7.49137,616_2426,21,0,21,6.58241
1011,0,15,6,1,transit,AM,0,30.8244,28761.2,138;1092;1086;1100;1082;1078;1088;1112;1106;1098;1122;1076;1080;1102;1083,15;415;412;419;410;408;413;425;422;418;430;407;409;420;411;6,,1,15;415;412;419;410;408;413;425;422;418;430;407;409;420;411;6,138;1092;1086;1100;1082;1078;1088;1112;1106;1098;1122;1076;1080;1102;1083,17.8752,28.7612,30.8244,30.8244,5840_15443,2,0,2,2
1012,2,15,7,3,transit,AM,0,2.93226,2582.07,136;990;979,15;364;358;7,,0.542988,15;364;358;7,136;990;979,1.60477,2.58207,2.93226,2.93226,744_2105,13,0,13,7.05885
1013,1,15,7,2,transit,AM,0,2.93226,2582.07,132;652;629,15;190;179;7,,0.0685305,15;190;179;7,132;652;629,1.60477,2.58207,2.93226,2.93226,391_1413,13,0,13,0.890897
1014,0,15,7,1,transit,AM,0,2.93226,2582.07,130;578;567,15;151;146;7,,0.388481,15;151;146;7,130;578;567,1.60477,2.58207,2.93226,2.93226,319_1275,13,0,13,5.05026
1015,1,15,8,2,transit,AM,0,43.2915,40462.5,136;990;980;1000;978;976;986;1012;1010;992;1026;1004;998;988;1014;981,15;364;358;369;357;356;362;375;374;365;382;371;368;363;376;359;8,,0.611519,15;364;358;369;357;356;362;375;374;365;382;371;368;363;376;359;8,136;990;980;1000;978;976;986;1012;1010;992;1026;1004;998;988;1014;981,25.1476,40.4625,43.2915,43.2915,5522_15071,1,0,1,0.611519
1016,0,15,8,1,transit,AM,0,43.2915,40462.5,130;578;568;585;566;564;574;591;589;581;597;587;583;576;593;569,15;151;146;155;145;144;149;158;157;153;161;156;154;150;159;147;8,,0.388481,15;151;146;155;145;144;149;158;157;153;161;156;154;150;159;147;8,130;578;568;585;566;564;574;591;589;581;597;587;583;576;593;569,25.1476,40.4625,43.2915,43.2915,2308_8831,1,0,1,0.388481
1017,2,15,11,3,transit,AM,0,10.7844,9951.98,133;654;632;666;624;612;637,15;191;180;197;175;169;183;11,,0.0558212,15;191;180;197;175;169;183;11,133;654;632;666;624;612;637,6.1852,9.95198,10.7844,10.7844,1121_3958,129,0,129,7.20094
1018,4,15,11,5,transit,AM,0,10.7844,9951.98,138;1092;1086;1100;1082;1078;1087,15;415;412;419;410;408;413;11,,0.0239468,15;415;412;419;410;408;413;11,138;1092;1086;1100;1082;1078;1087,6.1852,9.95198,10.7844,10.7844,2503_6663,129,0,129,3.08913
1019,1,15,11,2,transit,AM,0,10.7844,9951.98,132;652;630;664;622;610;635,15;190;179;196;174;168;182;11,,0.145984,15;190;179;196;174;168;182;11,132;652;630;664;622;610;635,6.1852,9.95198,10.7844,10.7844,1115_3945,129,0,129,18.832
1020,3,15,11,4,transit,AM,0,10.7844,9951.98,136;990;980;1000;978;976;985,15;364;358;369;357;356;362;11,,0.487167,15;364;358;369;357;356;362;11,136;990;980;1000;978;976;985,6.1852,9.95198,10.7844,10.7844,2192_6045,129,0,129,62.8445
1021,0,15,11,1,transit,AM,0,10.7844,9951.98,130;578;568;585;566;564;573,15;151;146;155;145;144;149;11,,0.287081,15;151;146;155;145;144;149;11,130;578;568;585;566;564;573,6.1852,9.95198,10.7844,10.7844,916_3564,129,0,129,37.0334
1022,1,15,13,2,transit,AM,0,33.8787,31627.9,136;990;980;1000;978;976;986;1012;1010;992;1026;1004;998;987,15;364;358;369;357;356;362;375;374;365;382;371;368;363;13,,0.611519,15;364;358;369;357;356;362;375;374;365;382;371;368;363;13,136;990;980;1000;978;976;986;1012;1010;992;1026;1004;998;987,19.6569,31.6279,33.8787,33.8787,4792_13075,6,0,6,3.66911
1023,0,15,13,1,transit,AM,0,33.8787,31627.9,130;578;568;585;566;564;574;591;589;581;597;587;583;575,15;151;146;155;145;144;149;158;157;153;161;156;154;150;13,,0.388481,15;151;146;155;145;144;149;158;157;153;161;156;154;150;13,130;578;568;585;566;564;574;591;589;581;597;587;583;575,19.6569,31.6279,33.8787,33.8787,2007_7668,6,0,6,2.33089
1024,2,15,14,3,transit,AM,0,57.9789,54248,132;652;630;664;622;610;636;715;682;658;745;604;616;676;721;694;670;739;704;645,15;190;179;196;174;168;182;222;205;193;237;165;171;202;225;211;199;234;216;187;14,,0.800639,15;190;179;196;174;168;182;222;205;193;237;165;171;202;225;211;199;234;216;187;14,132;652;630;664;622;610;636;715;682;658;745;604;616;676;721;694;670;739;704;645,33.7154,54.248,57.9789,57.9789,3785_12815,1,0,1,0.800639
1025,1,15,14,2,transit,AM,0,57.9789,54248,133;654;632;666;624;612;638;717;684;660;747;606;618;678;723;696;672;741;706;647,15;191;180;197;175;169;183;223;206;194;238;166;172;203;226;212;200;235;217;188;14,,0.0685305,15;191;180;197;175;169;183;223;206;194;238;166;172;203;226;212;200;235;217;188;14,133;654;632;666;624;612;638;717;684;660;747;606;618;678;723;696;672;741;706;647,33.7154,54.248,57.9789,57.9789,3804_12854,1,0,1,0.0685305
1026,0,15,14,1,transit,AM,0,57.9789,54248,131;650;628;662;620;608;634;713;680;656;743;602;614;674;719;692;668;737;702;643,15;189;178;195;173;167;181;221;204;192;236;164;170;201;224;210;198;233;215;186;14,,0.130831,15;189;178;195;173;167;181;221;204;192;236;164;170;201;224;210;198;233;215;186;14,131;650;628;662;620;608;634;713;680;656;743;602;614;674;719;692;668;737;702;643,33.7154,54.248,57.9789,57.9789,3766_12776,1,0,1,0.130831
1027,0,15,16,1,transit,AM,0,32.8497,30662.2,138;1092;1086;1100;1082;1078;1088;1112;1106;1098;1122;1076;1080;1102;1084;1093,15;415;412;419;410;408;413;425;422;418;430;407;409;420;411;416;16,,1,15;415;412;419;410;408;413;425;422;418;430;407;409;420;411;416;16,138;1092;1086;1100;1082;1078;1088;1112;1106;1098;1122;1076;1080;1102;1084;1093,19.0567,30.6622,32.8497,32.8497,6266_16537,6,0,6,6
1028,0,15,17,1,transit,AM,0,41.2028,38502.2,138;1092;1086;1100;1082;1078;1088;1112;1106;1098;1122;1076;1080;1102;1084;1094;1108;1110;1095,15;415;412;419;410;408;413;425;422;418;430;407;409;420;411;416;423;424;417;17,,1,15;415;412;419;410;408;413;425;422;418;430;407;409;420;411;416;423;424;417;17,138;1092;1086;1100;1082;1078;1088;1112;1106;1098;1122;1076;1080;1102;1084;1094;1108;1110;1095,23.9293,38.5022,41.2028,41.2028,7531_19851,2,0,2,2
1029,0,15,18,1,transit,AM,0,64.6903,60547.2,130;578;568;585;566;564;574;591;589;581;597;587;583;576;593;570;572;595;579,15;151;146;155;145;144;149;158;157;153;161;156;154;150;159;147;148;160;152;18,,1,15;151;146;155;145;144;149;158;157;153;161;156;154;150;159;147;148;160;152;18,130;578;568;585;566;564;574;591;589;581;597;587;583;576;593;570;572;595;579,37.6303,60.5472,64.6903,64.6903,2778_10578,2,0,2,2
1030,5,15,19,5,transit,AM,0,13.0135,12044.2,131;650;628;662;620;608;634;713;680;655,15;189;178;195;173;167;181;221;204;192;19,,0.0510864,15;189;178;195;173;167;181;221;204;192;19,131;650;628;662;620;608;634;713;680;655,7.48554,12.0442,13.0135,13.0135,1734_5981,118,0,118,6.0282
1031,4,15,19,4,transit,AM,0,13.0135,12044.2,138;1092;1086;1100;1082;1078;1088;1112;1106;1097,15;415;412;419;410;408;413;425;422;418;19,,0.0239468,15;415;412;419;410;408;413;425;422;418;19,138;1092;1086;1100;1082;1078;1088;1112;1106;1097,7.48554,12.0442,13.0135,13.0135,3776_9979,118,0,118,2.82572
1032,2,15,19,3,transit,AM,0,13.0136,12044.2,136;990;980;1000;978;976;986;1012;1010;991,15;364;358;369;357;356;362;375;374;365;19,,0.542988,15;364;358;369;357;356;362;375;374;365;19,136;990;980;1000;978;976;986;1012;1010;991,7.48554,12.0442,13.0135,13.0136,3314_9059,118,0,118,64.0726
1033,1,15,19,2,transit,AM,0,13.0135,12044.2,132;652;630;664;622;610;636;715;682;657,15;190;179;196;174;168;182;222;205;193;19,,0.0948977,15;190;179;196;174;168;182;222;205;193;19,132;652;630;664;622;610;636;715;682;657,7.48554,12.0442,13.0135,13.0135,1743_6000,118,0,118,11.1979
1034,0,15,19,1,transit,AM,0,13.0135,12044.2,130;578;568;585;566;564;574;591;589;580,15;151;146;155;145;144;149;158;157;153;19,,0.287081,15;151;146;155;145;144;149;158;157;153;19,130;578;568;585;566;564;574;591;589;580,7.48554,12.0442,13.0135,13.0135,1392_5325,118,0,118,33.8756
1035,1,15,21,2,transit,AM,0,30.2851,28255,136;990;980;1000;978;976;986;1012;1010;992;1026;1004;997,15;364;358;369;357;356;362;375;374;365;382;371;368;21,,0.611519,15;364;358;369;357;356;362;375;374;365;382;371;368;21,136;990;980;1000;978;976;986;1012;1010;992;1026;1004;997,17.5606,28.255,30.2851,30.2851,4437_12087,1,0,1,0.611519
1036,0,15,21,1,transit,AM,0,30.2851,28255,130;578;568;585;566;564;574;591;589;581;597;587;582,15;151;146;155;145;144;149;158;157;153;161;156;154;21,,0.388481,15;151;146;155;145;144;149;158;157;153;161;156;154;21,130;578;568;585;566;564;574;591;589;581;597;587;582,17.5606,28.255,30.2851,30.2851,1865_7092,1,0,1,0.388481
1037,8,15,22,4,transit,AM,0,4.82106,4354.87,138;1092;1086;1099,15;415;412;419;22,,0,15;415;412;419;22,138;1092;1086;1099,2.70657,4.35487,4.82106,4.82106,1283_3415,7,0,7,0
1038,2,15,22,3,transit,AM,0,4.82106,4354.87,136;990;980;999,15;364;358;369;22,,0.542988,15;364;358;369;22,136;990;980;999,2.70657,4.35487,4.82106,4.82106,1128_3105,7,0,7,3.80092
1039,1,15,22,2,transit,AM,0,4.82106,4354.87,132;652;630;663,15;190;179;196;22,,0.0685305,15;190;179;196;22,132;652;630;663,2.70657,4.35487,4.82106,4.82106,602_2077,7,0,7,0.479714
1040,0,15,22,1,transit,AM,0,4.82106,4354.87,130;578;568;584,15;151;146;155;22,,0.388481,15;151;146;155;22,130;578;568;584,2.70657,4.35487,4.82106,4.82106,489_1860,7,0,7,2.71937
1041,1,15,25,2,transit,AM,0,25.601,23858.6,136;990;980;1000;978;976;986;1012;1010;992;1026;1003,15;364;358;369;357;356;362;375;374;365;382;371;25,,0.611519,15;364;358;369;357;356;362;375;374;365;382;371;25,136;990;980;1000;978;976;986;1012;1010;992;1026;1003,14.8282,23.8586,25.6009,25.601,4073_11089,2,0,2,1.22304
1042,0,15,25,1,transit,AM,0,25.601,23858.6,130;578;568;585;566;564;574;591;589;581;597;586,15;151;146;155;145;144;149;158;157;153;161;156;25,,0.388481,15;151;146;155;145;144;149;158;157;153;161;156;25,130;578;568;585;566;564;574;591;589;581;597;586,14.8282,23.8586,25.6009,25.601,1715_6509,2,0,2,0.776963
1043,4,15,26,4,transit,AM,0,27.9414,26055.2,138;1092;1086;1100;1082;1078;1088;1112;1106;1098;1122;1076;1080;1101,15;415;412;419;410;408;413;425;422;418;430;407;409;420;26,,0.0239468,15;415;412;419;410;408;413;425;422;418;430;407;409;420;26,138;1092;1086;1100;1082;1078;1088;1112;1106;1098;1122;1076;1080;1101,16.1934,26.0552,27.9414,27.9414,5449_14359,5,0,5,0.119734
1044,2,15,26,3,transit,AM,0,27.9414,26055.2,133;654;632;666;624;612;638;717;684;660;747;606;618;677,15;191;180;197;175;169;183;223;206;194;238;166;172;203;26,,0.0558212,15;191;180;197;175;169;183;223;206;194;238;166;172;203;26,133;654;632;666;624;612;638;717;684;660;747;606;618;677,16.1934,26.0552,27.9414,27.9414,2538_8668,5,0,5,0.279106
1045,1,15,26,2,transit,AM,0,27.9414,26055.2,132;652;630;664;622;610;636;715;682;658;745;604;616;675,15;190;179;196;174;168;182;222;205;193;237;165;171;202;26,,0.789401,15;190;179;196;174;168;182;222;205;193;237;165;171;202;26,132;652;630;664;622;610;636;715;682;658;745;604;616;675,16.1934,26.0552,27.9414,27.9414,2525_8641,5,0,5,3.94701
1046,0,15,26,1,transit,AM,0,27.9414,26055.2,131;650;628;662;620;608;634;713;680;656;743;602;614;673,15;189;178;195;173;167;181;221;204;192;236;164;170;201;26,,0.130831,15;189;178;195;173;167;181;221;204;192;236;164;170;201;26,131;650;628;662;620;608;634;713;680;656;743;602;614;673,16.1934,26.0552,27.9414,27.9414,2512_8614,5,0,5,0.654155
1047,0,15,27,1,transit,AM,0,15.4296,14311.8,137;1044;1042;1072;1067;1069;1055,15;391;390;405;403;404;397;27,,1,15;391;390;405;403;404;397;27,137;1044;1042;1072;1067;1069;1055,8.89484,14.3118,15.4296,15.4296,2432_6486,15,0,15,15
1048,0,15,28,1,transit,AM,0,84.3789,79026.3,136;990;980;1000;978;976;986;1012;1010;992;1026;1004;998;988;1014;982;1002;1016;1020;996;1024;1007,15;364;358;369;357;356;362;375;374;365;382;371;368;363;376;359;370;377;379;367;381;373;28,,1,15;364;358;369;357;356;362;375;374;365;382;371;368;363;376;359;370;377;379;367;381;373;28,136;990;980;1000;978;976;986;1012;1010;992;1026;1004;998;988;1014;982;1002;1016;1020;996;1024;1007,49.1152,79.0263,84.3789,84.3789,7789_21137,1,0,1,1
1049,5,15,29,5,transit,AM,0,12.4121,11479.7,131;650;628;662;620;608;634;713;679,15;189;178;195;173;167;181;221;204;29,,0.0510864,15;189;178;195;173;167;181;221;204;29,131;650;628;662;620;608;634;713;679,7.13469,11.4797,12.4121,12.4121,1552_5325,142,0,142,7.25427
1050,2,15,29,3,transit,AM,0,12.4121,11479.7,136;990;980;1000;978;976;986;1012;1009,15;364;358;369;357;356;362;375;374;29,,0.542988,15;364;358;369;357;356;362;375;374;29,136;990;980;1000;978;976;986;1012;1009,7.13469,11.4797,12.4121,12.4121,2959_8067,142,0,142,77.1043
1051,1,15,29,2,transit,AM,0,12.4121,11479.7,132;652;630;664;622;610;636;715;681,15;190;179;196;174;168;182;222;205;29,,0.0948977,15;190;179;196;174;168;182;222;205;29,132;652;630;664;622;610;636;715;681,7.13469,11.4797,12.4121,12.4121,1560_5342,142,0,142,13.4755
1052,4,15,29,4,transit,AM,0,12.4121,11479.7,138;1092;1086;1100;1082;1078;1088;1112;1105,15;415;412;419;410;408;413;425;422;29,,0.0239468,15;415;412;419;410;408;413;425;422;29,138;1092;1086;1100;1082;1078;1088;1112;1105,7.13469,11.4797,12.4121,12.4121,3368_8881,142,0,142,3.40044
1053,0,15,29,1,transit,AM,0,12.4121,11479.7,130;578;568;585;566;564;574;591;588,15;151;146;155;145;144;149;158;157;29,,0.287081,15;151;146;155;145;144;149;158;157;29,130;578;568;585;566;564;574;591;588,7.13469,11.4797,12.4121,12.4121,1249_4744,142,0,142,40.7655
1054,0,15,30,1,transit,AM,0,34.3651,32084.5,138;1092;1086;1100;1082;1078;1088;1112;1106;1098;1122;1076;1080;1102;1084;1094;1107,15;415;412;419;410;408;413;425;422;418;430;407;409;420;411;416;423;30,,1,15;415;412;419;410;408;413;425;422;418;430;407;409;420;411;416;423;30,138;1092;1086;1100;1082;1078;1088;1112;1106;1098;1122;1076;1080;1102;1084;1094;1107,19.9406,32.0845,34.3651,34.3651,6703_17645,2,0,2,2
1055,5,15,38,6,transit,AM,0,11.6492,10763.7,131;650;628;662;620;608;634;712,15;189;178;195;173;167;181;221;38,,0.0510864,15;189;178;195;173;167;181;221;38,131;650;628;662;620;608;634;712,6.68969,10.7637,11.6492,11.6492,1357_4645,94,0,94,4.80212
1056,4,15,38,5,transit,AM,0,11.6492,10763.7,138;1092;1086;1100;1082;1078;1088;1111,15;415;412;419;410;408;413;425;38,,0.0239468,15;415;412;419;410;408;413;425;38,138;1092;1086;1100;1082;1078;1088;1111,6.68969,10.7637,11.6492,11.6492,2955_7775,94,0,94,2.251
1057,2,15,38,3,transit,AM,0,11.6493,10763.7,133;654;632;666;624;612;638;716,15;191;180;197;175;169;183;223;38,,0.0558212,15;191;180;197;175;169;183;223;38,133;654;632;666;624;612;638;716,6.68969,10.7637,11.6492,11.6493,1371_4675,94,0,94,5.24719
1058,1,15,38,2,transit,AM,0,11.6492,10763.7,132;652;630;664;622;610;636;714,15;190;179;196;174;168;182;222;38,,0.0948977,15;190;179;196;174;168;182;222;38,132;652;630;664;622;610;636;714,6.68969,10.7637,11.6492,11.6492,1364_4660,94,0,94,8.92038
1059,3,15,38,4,transit,AM,0,11.6493,10763.7,136;990;980;1000;978;976;986;1011,15;364;358;369;357;356;362;375;38,,0.487167,15;364;358;369;357;356;362;375;38,136;990;980;1000;978;976;986;1011,6.68969,10.7637,11.6492,11.6493,2594_7057,94,0,94,45.7937
1060,0,15,38,1,transit,AM,0,11.6492,10763.7,130;578;568;585;566;564;574;590,15;151;146;155;145;144;149;158;38,,0.287081,15;151;146;155;145;144;149;158;38,130;578;568;585;566;564;574;590,6.68969,10.7637,11.6492,11.6492,1101_4155,94,0,94,26.9856
1061,0,15,39,1,transit,AM,0,44.8472,41922.8,138;1092;1086;1100;1082;1078;1088;1112;1106;1098;1122;1076;1080;1102;1084;1094;1108;1110;1096;1113,15;415;412;419;410;408;413;425;422;418;430;407;409;420;411;416;423;424;417;426;39,,1,15;415;412;419;410;408;413;425;422;418;430;407;409;420;411;416;423;424;417;426;39,138;1092;1086;1100;1082;1078;1088;1112;1106;1098;1122;1076;1080;1102;1084;1094;1108;1110;1096;1113,26.0552,41.9228,44.8472,44.8472,7979_20965,2,0,2,2
1062,2,15,40,3,transit,AM,0,30.3482,28314.3,133;654;632;666;624;612;638;717;684;660;747;606;618;678;722,15;191;180;197;175;169;183;223;206;194;238;166;172;203;226;40,,0.0558212,15;191;180;197;175;169;183;223;206;194;238;166;172;203;226;40,133;654;632;666;624;612;638;717;684;660;747;606;618;678;722,17.5974,28.3143,30.3482,30.3482,2778_9391,2,0,2,0.111642
1063,1,15,40,2,transit,AM,0,30.3482,28314.3,132;652;630;664;622;610;636;715;682;658;745;604;616;676;720,15;190;179;196;174;168;182;222;205;193;237;165;171;202;225;40,,0.813348,15;190;179;196;174;168;182;222;205;193;237;165;171;202;225;40,132;652;630;664;622;610;636;715;682;658;745;604;616;676;720,17.5974,28.3143,30.3482,30.3482,2764_9362,2,0,2,1.6267
1064,0,15,40,1,transit,AM,0,30.3482,28314.3,131;650;628;662;620;608;634;713;680;656;743;602;614;674;718,15;189;178;195;173;167;181;221;204;192;236;164;170;201;224;40,,0.130831,15;189;178;195;173;167;181;221;204;192;236;164;170;201;224;40,131;650;628;662;620;608;634;713;680;656;743;602;614;674;718,17.5974,28.3143,30.3482,30.3482,2750_9333,2,0,2,0.261662
1065,1,15,41,2,transit,AM,0,38.9331,36371.8,136;990;980;1000;978;976;986;1012;1010;992;1026;1004;998;988;1013,15;364;358;369;357;356;362;375;374;365;382;371;368;363;376;41,,0.611519,15;364;358;369;357;356;362;375;374;365;382;371;368;363;376;41,136;990;980;1000;978;976;986;1012;1010;992;1026;1004;998;988;1013,22.6052,36.3718,38.9331,38.9331,5196_14089,2,0,2,1.22304
1066,0,15,41,1,transit,AM,0,38.9331,36371.8,130;578;568;585;566;564;574;591;589;581;597;587;583;576;592,15;151;146;155;145;144;149;158;157;153;161;156;154;150;159;41,,0.388481,15;151;146;155;145;144;149;158;157;153;161;156;154;150;159;41,130;578;568;585;566;564;574;591;589;581;597;587;583;576;592,22.6052,36.3718,38.9331,38.9331,2194_8261,2,0,2,0.776963
1067,2,15,42,3,transit,AM,0,10.0492,9261.84,128;436;424;515;505,15;78;72;119;113;42,,0.0821884,15;78;72;119;113;42,128;436;424;515;505,5.75627,9.26184,10.0492,10.0492,439_2008,6,0,6,0.49313
1068,1,15,42,2,transit,AM,0,10.0492,9261.84,127;434;422;513;503,15;77;71;118;112;42,,0.143564,15;77;71;118;112;42,127;434;422;513;503,5.75627,9.26184,10.0492,10.0492,435_1999,6,0,6,0.861382
1069,0,15,42,1,transit,AM,0,10.0492,9261.84,126;432;420;511;501,15;76;70;117;111;42,,0.774248,15;76;70;117;111;42,126;432;420;511;501,5.75627,9.26184,10.0492,10.0492,431_1990,6,0,6,4.64549
1070,2,15,43,3,transit,AM,0,13.4962,12497.2,128;436;424;515;506;509,15;78;72;119;113;116;43,,0.0821884,15;78;72;119;113;116;43,128;436;424;515;506;509,7.76704,12.4972,13.4962,13.4962,556_2518,23,0,23,1.89033
1071,1,15,43,2,transit,AM,0,13.4962,12497.2,127;434;422;513;504;508,15;77;71;118;112;115;43,,0.143564,15;77;71;118;112;115;43,127;434;422;513;504;508,7.76704,12.4972,13.4962,13.4962,551_2508,23,0,23,3.30196
1072,0,15,43,1,transit,AM,0,13.4962,12497.2,126;432;420;511;502;507,15;76;70;117;111;114;43,,0.774248,15;76;70;117;111;114;43,126;432;420;511;502;507,7.76704,12.4972,13.4962,13.4962,546_2498,23,0,23,17.8077
1073,2,15,45,3,transit,AM,0,5.94487,5409.63,128;436;424;514,15;78;72;119;45,,0.0821884,15;78;72;119;45,128;436;424;514,3.36211,5.40963,5.94487,5.94487,329_1502,4,0,4,0.328754
1074,1,15,45,2,transit,AM,0,5.94487,5409.63,127;434;422;512,15;77;71;118;45,,0.143564,15;77;71;118;45,127;434;422;512,3.36211,5.40963,5.94487,5.94487,326_1495,4,0,4,0.574255
1075,0,15,45,1,transit,AM,0,5.94487,5409.63,126;432;420;510,15;76;70;117;45,,0.774248,15;76;70;117;45,126;432;420;510,3.36211,5.40963,5.94487,5.94487,323_1488,4,0,4,3.09699
1076,0,15,47,1,transit,AM,0,72.5126,67888.9,136;990;980;1000;978;976;986;1012;1010;992;1026;1004;998;988;1014;982;1002;1016;1020;996;1023,15;364;358;369;357;356;362;375;374;365;382;371;368;363;376;359;370;377;379;367;381;47,,1,15;364;358;369;357;356;362;375;374;365;382;371;368;363;376;359;370;377;379;367;381;47,136;990;980;1000;978;976;986;1012;1010;992;1026;1004;998;988;1014;982;1002;1016;1020;996;1023,42.1933,67.8889,72.5126,72.5126,7435_20129,1,0,1,1
1077,1,15,48,2,transit,AM,0,49.1682,45978.4,132;652;630;664;622;610;636;715;682;658;745;604;616;676;721;694;670;738,15;190;179;196;174;168;182;222;205;193;237;165;171;202;225;211;199;234;48,,0.869169,15;190;179;196;174;168;182;222;205;193;237;165;171;202;225;211;199;234;48,132;652;630;664;622;610;636;715;682;658;745;604;616;676;721;694;670;738,28.5758,45.9784,49.1682,49.1682,3416_11465,2,0,2,1.73834
1078,0,15,48,1,transit,AM,0,49.1682,45978.4,131;650;628;662;620;608;634;713;680;656;743;602;614;674;719;692;668;736,15;189;178;195;173;167;181;221;204;192;236;164;170;201;224;210;198;233;48,,0.130831,15;189;178;195;173;167;181;221;204;192;236;164;170;201;224;210;198;233;48,131;650;628;662;620;608;634;713;680;656;743;602;614;674;719;692;668;736,28.5758,45.9784,49.1682,49.1682,3399_11430,2,0,2,0.261662
1079,0,15,49,1,transit,AM,0,61.9574,57982.1,130;578;568;585;566;564;574;591;589;581;597;587;583;576;593;570;572;594,15;151;146;155;145;144;149;158;157;153;161;156;154;150;159;147;148;160;49,,1,15;151;146;155;145;144;149;158;157;153;161;156;154;150;159;147;148;160;49,130;578;568;585;566;564;574;591;589;581;597;587;583;576;593;570;572;594,36.0361,57.9821,61.9574,61.9574,2657_9998,2,0,2,2
1080,4,15,50,4,transit,AM,0,22.6616,21099.7,138;1092;1086;1100;1082;1078;1088;1112;1106;1098;1121,15;415;412;419;410;408;413;425;422;418;430;50,,0.0239468,15;415;412;419;410;408;413;425;422;418;430;50,138;1092;1086;1100;1082;1078;1088;1112;1106;1098;1121,13.1136,21.0997,22.6616,22.6616,4237_11101,2,0,2,0.0478935
1081,2,15,50,3,transit,AM,0,22.6616,21099.7,136;990;980;1000;978;976;986;1012;1010;992;1025,15;364;358;369;357;356;362;375;374;365;382;50,,0.542988,15;364;358;369;357;356;362;375;374;365;382;50,136;990;980;1000;978;976;986;1012;1010;992;1025,13.1136,21.0997,22.6616,22.6616,3727_10085,2,0,2,1.08598
1082,1,15,50,2,transit,AM,0,22.6616,21099.7,132;652;630;664;622;610;636;715;682;658;744,15;190;179;196;174;168;182;222;205;193;237;50,,0.119617,15;190;179;196;174;168;182;222;205;193;237;50,132;652;630;664;622;610;636;715;682;658;744,13.1136,21.0997,22.6616,22.6616,2011_6745,2,0,2,0.239234
1083,0,15,50,1,transit,AM,0,22.6616,21099.7,130;578;568;585;566;564;574;591;589;581;596,15;151;146;155;145;144;149;158;157;153;161;50,,0.313448,15;151;146;155;145;144;149;158;157;153;161;50,130;578;568;585;566;564;574;591;589;581;596,13.1136,21.0997,22.6616,22.6616,1584_5922,2,0,2,0.626896
1084,0,16,1,1,transit,AM,0,8.18839,7515.49,142;870;863;882;861;858,16;302;298;308;297;296;1,,1,16;302;298;308;297;296;1,142;870;863;882;861;858,4.67091,7.51549,8.18839,8.18839,1518_4476,9,0,9,9
1085,0,16,2,1,transit,AM,0,24.0547,22407.3,143;1046;1036;1054;1032;1028;1074;1050;1057;1063;1040;1029,16;392;387;396;385;383;406;394;398;401;389;384;2,,1,16;392;387;396;385;383;406;394;398;401;389;384;2,143;1046;1036;1054;1032;1028;1074;1050;1057;1063;1040;1029,13.9262,22.4073,24.0546,24.0547,4333_11652,5,0,5,5
1086,0,16,3,1,transit,AM,0,7.58222,6946.56,142;870;863;882;860,16;302;298;308;297;3,,1,16;302;298;308;297;3,142;870;863;882;860,4.31731,6.94656,7.58222,7.58222,1224_3617,10,0,10,10
1087,0,16,4,1,transit,AM,0,25.5698,23829.3,143;1046;1036;1054;1032;1028;1074;1050;1057;1063;1040;1030;1033,16;392;387;396;385;383;406;394;398;401;389;384;386;4,,1,16;392;387;396;385;383;406;394;398;401;389;384;386;4,143;1046;1036;1054;1032;1028;1074;1050;1057;1063;1040;1030;1033,14.81,23.8293,25.5697,25.5698,4721_12686,4,0,4,4
1088,0,16,6,1,transit,AM,0,2.23658,1929.25,142;870;862,16;302;298;6,,1,16;302;298;6,142;870;862,1.19903,1.92925,2.23658,2.23658,622_1874,4,0,4,4
1089,0,16,7,1,transit,AM,0,30.129,28108.4,143;1046;1036;1054;1032;1028;1074;1050;1057;1063;1040;1030;1034;1052;1037,16;392;387;396;385;383;406;394;398;401;389;384;386;395;388;7,,1,16;392;387;396;385;383;406;394;398;401;389;384;386;395;388;7,143;1046;1036;1054;1032;1028;1074;1050;1057;1063;1040;1030;1034;1052;1037,17.4695,28.1084,30.1289,30.129,5507_14776,2,0,2,2
1090,0,16,9,1,transit,AM,0,73.0304,68375,142;870;863;882;861;859;880;876;868;892;865;878;894;896;874;898;884;866,16;302;298;308;297;296;307;305;301;313;299;306;314;315;304;316;309;300;9,,1,16;302;298;308;297;296;307;305;301;313;299;306;314;315;304;316;309;300;9,142;870;863;882;861;859;880;876;868;892;865;878;894;896;874;898;884;866,42.4953,68.375,73.0304,73.0304,5215_15048,1,0,1,1
1091,0,16,11,1,transit,AM,0,22.2768,20738.5,143;1046;1036;1054;1032;1028;1074;1050;1057;1063;1039,16;392;387;396;385;383;406;394;398;401;389;11,,1,16;392;387;396;385;383;406;394;398;401;389;11,143;1046;1036;1054;1032;1028;1074;1050;1057;1063;1039,12.8891,20.7385,22.2767,22.2768,3958_10622,18,0,18,18
1092,0,16,13,1,transit,AM,0,17.4033,16164.5,142;870;863;882;861;859;880;876;867,16;302;298;308;297;296;307;305;301;13,,1,16;302;298;308;297;296;307;305;301;13,142;870;863;882;861;859;880;876;867,10.0463,16.1645,17.4033,17.4033,2443_7100,1,0,1,1
1093,0,16,15,1,transit,AM,0,32.8498,30662.2,143;1046;1036;1054;1032;1028;1074;1050;1057;1063;1040;1030;1034;1052;1038;1043,16;392;387;396;385;383;406;394;398;401;389;384;386;395;388;391;15,,1,16;392;387;396;385;383;406;394;398;401;389;384;386;395;388;391;15,143;1046;1036;1054;1032;1028;1074;1050;1057;1063;1040;1030;1034;1052;1038;1043,19.0567,30.6622,32.8497,32.8498,5906_15820,1,0,1,1
1094,2,16,17,3,transit,AM,0,8.5643,7868.37,140;786;828;834;791,16;258;279;282;261;17,,0.644389,16;258;279;282;261;17,140;786;828;834;791,4.89023,7.86837,8.5643,8.5643,1113_3379,2,0,2,1.28878
1095,7,16,17,4,transit,AM,0,8.5643,7868.37,144;1094;1108;1110;1095,16;416;423;424;417;17,,0.15625,16;416;423;424;417;17,144;1094;1108;1110;1095,4.89023,7.86837,8.5643,8.5643,1713_4551,2,0,2,0.3125
1096,1,16,17,2,transit,AM,0,8.5643,7868.37,141;788;830;836;793,16;259;280;283;262;17,,0.0685305,16;259;280;283;262;17,141;788;830;836;793,4.89023,7.86837,8.5643,8.5643,1117_3388,2,0,2,0.137061
1097,0,16,17,1,transit,AM,0,8.56431,7868.37,139;784;826;832;789,16;257;278;281;260;17,,0.130831,16;257;278;281;260;17,139;784;826;832;789,4.89023,7.86837,8.5643,8.56431,1109_3370,2,0,2,0.261662
1098,0,16,19,1,transit,AM,0,20.0476,18646.3,143;1046;1036;1054;1032;1028;1074;1049,16;392;387;396;385;383;406;394;19,,1,16;392;387;396;385;383;406;394;19,143;1046;1036;1054;1032;1028;1074;1049,11.5887,18.6463,20.0475,20.0476,2778_7462,22,0,22,22
1099,0,16,21,1,transit,AM,0,13.8097,12791.6,142;870;863;882;861;859;880;875,16;302;298;308;297;296;307;305;21,,1,16;302;298;308;297;296;307;305;21,142;870;863;882;861;859;880;875,7.95002,12.7916,13.8097,13.8097,2150_6232,1,0,1,1
1100,0,16,23,1,transit,AM,0,31.7241,29605.6,142;870;863;882;861;859;880;876;868;892;865;877,16;302;298;308;297;296;307;305;301;313;299;306;23,,1,16;302;298;308;297;296;307;305;301;313;299;306;23,142;870;863;882;861;859;880;876;868;892;865;877,18.4,29.6056,31.7241,31.7241,3371_9735,2,0,2,2
1101,0,16,25,1,transit,AM,0,9.12562,8395.16,142;870;863;882;861;859;879,16;302;298;308;297;296;307;25,,1,16;302;298;308;297;296;307;25,142;870;863;882;861;859;879,5.21762,8.39516,9.12562,9.12562,1849_5356,1,0,1,1
1102,0,16,26,1,transit,AM,0,5.11967,4635.25,142;870;863;881,16;302;298;308;26,,1,16;302;298;308;26,142;870;863;881,2.88083,4.63525,5.11967,5.11967,950_2756,3,0,3,3
1103,0,16,27,1,transit,AM,0,48.068,44945.6,143;1046;1036;1054;1032;1028;1074;1050;1057;1063;1040;1030;1034;1052;1038;1044;1042;1072;1067;1069;1055,16;392;387;396;385;383;406;394;398;401;389;384;386;395;388;391;390;405;403;404;397;27,,1,16;392;387;396;385;383;406;394;398;401;389;384;386;395;388;391;390;405;403;404;397;27,143;1046;1036;1054;1032;1028;1074;1050;1057;1063;1040;1030;1034;1052;1038;1044;1042;1072;1067;1069;1055,27.9339,44.9456,48.0679,48.068,7917_21126,5,0,5,5
1104,0,16,28,1,transit,AM,0,67.9035,63562.9,142;870;863;882;861;859;880;876;868;892;865;878;894;896;874;898;883,16;302;298;308;297;296;307;305;301;313;299;306;314;315;304;316;309;28,,1,16;302;298;308;297;296;307;305;301;313;299;306;314;315;304;316;309;28,142;870;863;882;861;859;880;876;868;892;865;878;894;896;874;898;883,39.5046,63.5629,67.9035,67.9035,4934_14181,1,0,1,1
1105,0,16,29,1,transit,AM,0,20.6491,19210.8,143;1046;1036;1054;1032;1028;1074;1050;1056,16;392;387;396;385;383;406;394;398;29,,1,16;392;387;396;385;383;406;394;398;29,143;1046;1036;1054;1032;1028;1074;1050;1056,11.9396,19.2108,20.649,20.6491,3186_8519,27,0,27,27
1106,8,16,37,4,transit,AM,0,5.407,4904.97,144;1094;1108;1109,16;416;423;424;37,,0,16;416;423;424;37,144;1094;1108;1109,3.04846,4.90497,5.407,5.407,1316_3455,3,0,3,0
1107,2,16,37,3,transit,AM,0,5.407,4904.97,140;786;828;833,16;258;279;282;37,,0.800639,16;258;279;282;37,140;786;828;833,3.04846,4.90497,5.407,5.407,872_2587,3,0,3,2.40192
1108,1,16,37,2,transit,AM,0,5.407,4904.97,141;788;830;835,16;259;280;283;37,,0.0685305,16;259;280;283;37,141;788;830;835,3.04846,4.90497,5.407,5.407,875_2594,3,0,3,0.205592
1109,0,16,37,1,transit,AM,0,5.407,4904.97,139;784;826;831,16;257;278;281;37,,0.130831,16;257;278;281;37,139;784;826;831,3.04846,4.90497,5.407,5.407,869_2580,3,0,3,0.392493
1110,0,16,38,1,transit,AM,0,21.4119,19926.8,143;1046;1036;1054;1032;1028;1074;1050;1057;1062,16;392;387;396;385;383;406;394;398;401;38,,1,16;392;387;396;385;383;406;394;398;401;38,143;1046;1036;1054;1032;1028;1074;1050;1057;1062,12.3846,19.9268,21.4118,21.4119,3596_9582,11,0,11,11
1111,7,16,39,4,transit,AM,0,12.2087,11289,144;1094;1108;1110;1096;1113,16;416;423;424;417;426;39,,0.15625,16;416;423;424;417;426;39,144;1094;1108;1110;1096;1113,7.01613,11.289,12.2087,12.2087,2161_5665,3,0,3,0.46875
1112,2,16,39,3,transit,AM,0,12.2087,11289,140;786;828;834;792;838,16;258;279;282;261;285;39,,0.644389,16;258;279;282;261;285;39,140;786;828;834;792;838,7.01613,11.289,12.2087,12.2087,1420_4218,3,0,3,1.93317
1113,1,16,39,2,transit,AM,0,12.2087,11289,141;788;830;836;794;839,16;259;280;283;262;286;39,,0.0685305,16;259;280;283;262;286;39,141;788;830;836;794;839,7.01613,11.289,12.2087,12.2087,1425_4228,3,0,3,0.205592
1114,0,16,39,1,transit,AM,0,12.2087,11289,139;784;826;832;790;837,16;257;278;281;260;284;39,,0.130831,16;257;278;281;260;284;39,139;784;826;832;790;837,7.01613,11.289,12.2087,12.2087,1415_4208,3,0,3,0.392493
1115,0,16,41,1,transit,AM,0,22.4577,20908.4,142;870;863;882;861;859;880;876;868;891,16;302;298;308;297;296;307;305;301;313;41,,1,16;302;298;308;297;296;307;305;301;313;41,142;870;863;882;861;859;880;876;868;891,12.9947,20.9084,22.4577,22.4577,2784_7992,2,0,2,2
1116,0,16,42,1,transit,AM,0,42.6875,39895.6,143;1046;1036;1054;1032;1028;1074;1050;1057;1063;1040;1030;1034;1052;1038;1044;1042;1072;1066,16;392;387;396;385;383;406;394;398;401;389;384;386;395;388;391;390;405;403;42,,1,16;392;387;396;385;383;406;394;398;401;389;384;386;395;388;391;390;405;403;42,143;1046;1036;1054;1032;1028;1074;1050;1057;1063;1040;1030;1034;1052;1038;1044;1042;1072;1066,24.7953,39.8956,42.6874,42.6875,7131_19001,1,0,1,1
1117,0,16,43,1,transit,AM,0,46.1346,43131,143;1046;1036;1054;1032;1028;1074;1050;1057;1063;1040;1030;1034;1052;1038;1044;1042;1072;1067;1068,16;392;387;396;385;383;406;394;398;401;389;384;386;395;388;391;390;405;403;404;43,,1,16;392;387;396;385;383;406;394;398;401;389;384;386;395;388;391;390;405;403;404;43,143;1046;1036;1054;1032;1028;1074;1050;1057;1063;1040;1030;1034;1052;1038;1044;1042;1072;1067;1068,26.8061,43.131,46.1345,46.1346,7536_20070,7,0,7,7
1118,0,16,44,1,transit,AM,0,36.759,34331.3,142;870;863;882;861;859;880;876;868;892;865;878;893,16;302;298;308;297;296;307;305;301;313;299;306;314;44,,1,16;302;298;308;297;296;307;305;301;313;299;306;314;44,142;870;863;882;861;859;880;876;868;892;865;878;893,21.337,34.3313,36.759,36.759,3706_10629,1,0,1,1
1119,0,16,46,1,transit,AM,0,43.1388,40319.3,142;870;863;882;861;859;880;876;868;892;865;878;894;895,16;302;298;308;297;296;307;305;301;313;299;306;314;315;46,,1,16;302;298;308;297;296;307;305;301;313;299;306;314;315;46,142;870;863;882;861;859;880;876;868;892;865;878;894;895,25.0586,40.3193,43.1388,43.1388,4023_11525,1,0,1,1
1120,0,16,50,1,transit,AM,0,10.3995,9590.79,143;1046;1036;1054;1032;1028;1073,16;392;387;396;385;383;406;50,,1,16;392;387;396;385;383;406;50,143;1046;1036;1054;1032;1028;1073,5.96071,9.59079,10.3995,10.3995,2415_6412,3,0,3,3
1121,0,17,1,1,transit,AM,0,16.5414,15355.5,148;872;888;886;870;863;882;861;858,17;303;311;310;302;298;308;297;296;1,,1,17;303;311;310;302;298;308;297;296;1,148;872;888;886;870;863;882;861;858,9.54353,15.3555,16.5414,16.5414,2443_7128,43,0,43,43
1122,0,17,2,1,transit,AM,0,32.4078,30247.3,149;1048;1061;1059;1046;1036;1054;1032;1028;1074;1050;1057;1063;1040;1029,17;393;400;399;392;387;396;385;383;406;394;398;401;389;384;2,,1,17;393;400;399;392;387;396;385;383;406;394;398;401;389;384;2,149;1048;1061;1059;1046;1036;1054;1032;1028;1074;1050;1057;1063;1040;1029,18.7988,30.2473,32.4077,32.4078,5526_14826,29,0,29,29
1123,0,17,3,1,transit,AM,0,15.9353,14786.6,148;872;888;886;870;863;882;860,17;303;311;310;302;298;308;297;3,,1,17;303;311;310;302;298;308;297;3,148;872;888;886;870;863;882;860,9.18993,14.7866,15.9353,15.9353,2149_6269,33,0,33,33
1124,0,17,4,1,transit,AM,0,33.9229,31669.4,149;1048;1061;1059;1046;1036;1054;1032;1028;1074;1050;1057;1063;1040;1030;1033,17;393;400;399;392;387;396;385;383;406;394;398;401;389;384;386;4,,1,17;393;400;399;392;387;396;385;383;406;394;398;401;389;384;386;4,149;1048;1061;1059;1046;1036;1054;1032;1028;1074;1050;1057;1063;1040;1030;1033,19.6826,31.6694,33.9228,33.9229,5914_15860,19,0,19,19
1125,0,17,6,1,transit,AM,0,10.5896,9769.29,148;872;888;886;870;862,17;303;311;310;302;298;6,,1,17;303;311;310;302;298;6,148;872;888;886;870;862,6.07165,9.76929,10.5896,10.5896,1547_4526,19,0,19,19
1126,0,17,7,1,transit,AM,0,38.482,35948.5,149;1048;1061;1059;1046;1036;1054;1032;1028;1074;1050;1057;1063;1040;1030;1034;1052;1037,17;393;400;399;392;387;396;385;383;406;394;398;401;389;384;386;395;388;7,,1,17;393;400;399;392;387;396;385;383;406;394;398;401;389;384;386;395;388;7,149;1048;1061;1059;1046;1036;1054;1032;1028;1074;1050;1057;1063;1040;1030;1034;1052;1037,22.3421,35.9485,38.4819,38.482,6700_17950,5,0,5,5
1127,0,17,8,1,transit,AM,0,35.1692,32839.2,148;872;888;886;870;863;882;861;859;880;876;868;892;864,17;303;311;310;302;298;308;297;296;307;305;301;313;299;8,,1,17;303;311;310;302;298;308;297;296;307;305;301;313;299;8,148;872;888;886;870;863;882;861;859;880;876;868;892;864,20.4097,32.8392,35.1692,35.1692,3975_11509,1,0,1,1
1128,0,17,11,1,transit,AM,0,30.6298,28578.6,149;1048;1061;1059;1046;1036;1054;1032;1028;1074;1050;1057;1063;1039,17;393;400;399;392;387;396;385;383;406;394;398;401;389;11,,1,17;393;400;399;392;387;396;385;383;406;394;398;401;389;11,149;1048;1061;1059;1046;1036;1054;1032;1028;1074;1050;1057;1063;1039,17.7617,28.5786,30.6297,30.6298,5151_13796,70,0,70,70
1129,0,17,12,1,transit,AM,0,43.7823,40923.2,149;1048;1061;1059;1046;1036;1054;1032;1028;1074;1050;1057;1063;1040;1030;1034;1052;1038;1044;1041,17;393;400;399;392;387;396;385;383;406;394;398;401;389;384;386;395;388;391;390;12,,1,17;393;400;399;392;387;396;385;383;406;394;398;401;389;384;386;395;388;391;390;12,149;1048;1061;1059;1046;1036;1054;1032;1028;1074;1050;1057;1063;1040;1030;1034;1052;1038;1044;1041,25.4339,40.9232,43.7822,43.7823,7486_20036,2,0,2,2
1130,0,17,13,1,transit,AM,0,25.7564,24004.5,148;872;888;886;870;863;882;861;859;880;876;867,17;303;311;310;302;298;308;297;296;307;305;301;13,,1,17;303;311;310;302;298;308;297;296;307;305;301;13,148;872;888;886;870;863;882;861;859;880;876;867,14.9189,24.0045,25.7564,25.7564,3368_9752,7,0,7,7
1131,0,17,15,1,transit,AM,0,41.2029,38502.2,149;1048;1061;1059;1046;1036;1054;1032;1028;1074;1050;1057;1063;1040;1030;1034;1052;1038;1043,17;393;400;399;392;387;396;385;383;406;394;398;401;389;384;386;395;388;391;15,,1,17;393;400;399;392;387;396;385;383;406;394;398;401;389;384;386;395;388;391;15,149;1048;1061;1059;1046;1036;1054;1032;1028;1074;1050;1057;1063;1040;1030;1034;1052;1038;1043,23.9293,38.5022,41.2028,41.2029,7099_18994,11,0,11,11
1132,0,17,16,1,transit,AM,0,8.5643,7868.37,148;872;888;886;869,17;303;311;310;302;16,,1,17;303;311;310;302;16,148;872;888;886;869,4.89023,7.86837,8.5643,8.5643,1259_3663,63,0,63,63
1133,0,17,19,1,transit,AM,0,28.4007,26486.3,149;1048;1061;1059;1046;1036;1054;1032;1028;1074;1049,17;393;400;399;392;387;396;385;383;406;394;19,,1,17;393;400;399;392;387;396;385;383;406;394;19,149;1048;1061;1059;1046;1036;1054;1032;1028;1074;1049,16.4614,26.4863,28.4006,28.4007,3971_10636,65,0,65,65
1134,0,17,20,1,transit,AM,0,56.9742,53305,148;872;888;886;870;863;882;861;859;880;876;868;892;865;878;894;896;873,17;303;311;310;302;298;308;297;296;307;305;301;313;299;306;314;315;304;20,,1,17;303;311;310;302;298;308;297;296;307;305;301;313;299;306;314;315;304;20,148;872;888;886;870;863;882;861;859;880;876;868;892;865;878;894;896;873,33.1293,53.305,56.9742,56.9742,5226_15051,2,0,2,2
1135,0,17,21,1,transit,AM,0,22.1628,20631.6,148;872;888;886;870;863;882;861;859;880;875,17;303;311;310;302;298;308;297;296;307;305;21,,1,17;303;311;310;302;298;308;297;296;307;305;21,148;872;888;886;870;863;882;861;859;880;875,12.8226,20.6316,22.1628,22.1628,3075_8884,7,0,7,7
1136,0,17,22,1,transit,AM,0,36.5932,34175.7,149;1048;1061;1059;1046;1036;1054;1032;1028;1074;1050;1057;1063;1040;1030;1034;1051,17;393;400;399;392;387;396;385;383;406;394;398;401;389;384;386;395;22,,1,17;393;400;399;392;387;396;385;383;406;394;398;401;389;384;386;395;22,149;1048;1061;1059;1046;1036;1054;1032;1028;1074;1050;1057;1063;1040;1030;1034;1051,21.2403,34.1757,36.5931,36.5932,6327_16912,5,0,5,5
1137,0,17,23,1,transit,AM,0,40.0771,37445.7,148;872;888;886;870;863;882;861;859;880;876;868;892;865;877,17;303;311;310;302;298;308;297;296;307;305;301;313;299;306;23,,1,17;303;311;310;302;298;308;297;296;307;305;301;313;299;306;23,148;872;888;886;870;863;882;861;859;880;876;868;892;865;877,23.2726,37.4457,40.0771,40.0771,4296_12387,3,0,3,3
1138,0,17,25,1,transit,AM,0,17.4787,16235.2,148;872;888;886;870;863;882;861;859;879,17;303;311;310;302;298;308;297;296;307;25,,1,17;303;311;310;302;298;308;297;296;307;25,148;872;888;886;870;863;882;861;859;879,10.0902,16.2352,17.4787,17.4787,2774_8008,4,0,4,4
1139,0,17,26,1,transit,AM,0,13.4727,12475.3,148;872;888;886;870;863;881,17;303;311;310;302;298;308;26,,1,17;303;311;310;302;298;308;26,148;872;888;886;870;863;881,7.75345,12.4753,13.4727,13.4727,1875_5408,20,0,20,20
1140,0,17,27,1,transit,AM,0,56.421,52785.7,149;1048;1061;1059;1046;1036;1054;1032;1028;1074;1050;1057;1063;1040;1030;1034;1052;1038;1044;1042;1072;1067;1069;1055,17;393;400;399;392;387;396;385;383;406;394;398;401;389;384;386;395;388;391;390;405;403;404;397;27,,1,17;393;400;399;392;387;396;385;383;406;394;398;401;389;384;386;395;388;391;390;405;403;404;397;27,149;1048;1061;1059;1046;1036;1054;1032;1028;1074;1050;1057;1063;1040;1030;1034;1052;1038;1044;1042;1072;1067;1069;1055,32.8065,52.7857,56.4209,56.421,9110_24300,5,0,5,5
1141,0,17,28,1,transit,AM,0,76.2566,71403,148;872;888;886;870;863;882;861;859;880;876;868;892;865;878;894;896;874;898;883,17;303;311;310;302;298;308;297;296;307;305;301;313;299;306;314;315;304;316;309;28,,1,17;303;311;310;302;298;308;297;296;307;305;301;313;299;306;314;315;304;316;309;28,148;872;888;886;870;863;882;861;859;880;876;868;892;865;878;894;896;874;898;883,44.3772,71.403,76.2566,76.2566,5859_16833,2,0,2,2
1142,0,17,29,1,transit,AM,0,29.0021,27050.8,149;1048;1061;1059;1046;1036;1054;1032;1028;1074;1050;1056,17;393;400;399;392;387;396;385;383;406;394;398;29,,1,17;393;400;399;392;387;396;385;383;406;394;398;29,149;1048;1061;1059;1046;1036;1054;1032;1028;1074;1050;1056,16.8122,27.0508,29.002,29.0021,4379_11693,71,0,71,71
1143,0,17,30,1,transit,AM,0,7.04892,6446.06,148;872;888;885,17;303;311;310;30,,1,17;303;311;310;30,148;872;888;885,4.00625,6.44606,7.04892,7.04892,971_2793,4,0,4,4
1144,0,17,37,1,transit,AM,0,3.36853,2991.72,148;872;887,17;303;311;37,,1,17;303;311;37,148;872;887,1.85937,2.99172,3.36853,3.36853,668_1907,8,0,8,8
1145,0,17,38,1,transit,AM,0,29.765,27766.8,149;1048;1061;1059;1046;1036;1054;1032;1028;1074;1050;1057;1062,17;393;400;399;392;387;396;385;383;406;394;398;401;38,,1,17;393;400;399;392;387;396;385;383;406;394;398;401;38,149;1048;1061;1059;1046;1036;1054;1032;1028;1074;1050;1057;1062,17.2572,27.7668,29.7649,29.765,4789_12756,45,0,45,45
1146,2,17,39,3,transit,AM,0,3.85561,3448.91,146;792;838,17;261;285;39,,0.800639,17;261;285;39,146;792;838,2.14351,3.44891,3.85561,3.85561,602_1776,6,0,6,4.80383
1147,1,17,39,2,transit,AM,0,3.85561,3448.91,147;794;839,17;262;286;39,,0.0685305,17;262;286;39,147;794;839,2.14351,3.44891,3.85561,3.85561,604_1780,6,0,6,0.411183
1148,0,17,39,1,transit,AM,0,3.85561,3448.91,145;790;837,17;260;284;39,,0.130831,17;260;284;39,145;790;837,2.14351,3.44891,3.85561,3.85561,600_1772,6,0,6,0.784986
1149,0,17,42,1,transit,AM,0,51.0406,47735.7,149;1048;1061;1059;1046;1036;1054;1032;1028;1074;1050;1057;1063;1040;1030;1034;1052;1038;1044;1042;1072;1066,17;393;400;399;392;387;396;385;383;406;394;398;401;389;384;386;395;388;391;390;405;403;42,,1,17;393;400;399;392;387;396;385;383;406;394;398;401;389;384;386;395;388;391;390;405;403;42,149;1048;1061;1059;1046;1036;1054;1032;1028;1074;1050;1057;1063;1040;1030;1034;1052;1038;1044;1042;1072;1066,29.6679,47.7357,51.0405,51.0406,8324_22175,4,0,4,4
1150,0,17,43,1,transit,AM,0,54.4876,50971,149;1048;1061;1059;1046;1036;1054;1032;1028;1074;1050;1057;1063;1040;1030;1034;1052;1038;1044;1042;1072;1067;1068,17;393;400;399;392;387;396;385;383;406;394;398;401;389;384;386;395;388;391;390;405;403;404;43,,1,17;393;400;399;392;387;396;385;383;406;394;398;401;389;384;386;395;388;391;390;405;403;404;43,149;1048;1061;1059;1046;1036;1054;1032;1028;1074;1050;1057;1063;1040;1030;1034;1052;1038;1044;1042;1072;1067;1068,31.6787,50.971,54.4875,54.4876,8729_23244,10,0,10,10
1151,0,17,44,1,transit,AM,0,45.112,42171.3,148;872;888;886;870;863;882;861;859;880;876;868;892;865;878;893,17;303;311;310;302;298;308;297;296;307;305;301;313;299;306;314;44,,1,17;303;311;310;302;298;308;297;296;307;305;301;313;299;306;314;44,148;872;888;886;870;863;882;861;859;880;876;868;892;865;878;893,26.2097,42.1713,45.112,45.112,4631_13281,3,0,3,3
1152,0,17,45,1,transit,AM,0,46.9363,43883.5,149;1048;1061;1059;1046;1036;1054;1032;1028;1074;1050;1057;1063;1040;1030;1034;1052;1038;1044;1042;1071,17;393;400;399;392;387;396;385;383;406;394;398;401;389;384;386;395;388;391;390;405;45,,1,17;393;400;399;392;387;396;385;383;406;394;398;401;389;384;386;395;388;391;390;405;45,149;1048;1061;1059;1046;1036;1054;1032;1028;1074;1050;1057;1063;1040;1030;1034;1052;1038;1044;1042;1071,27.2738,43.8835,46.9362,46.9363,7924_21108,3,0,3,3
1153,0,17,47,1,transit,AM,0,64.3903,60265.6,148;872;888;886;870;863;882;861;859;880;876;868;892;865;878;894;896;874;897,17;303;311;310;302;298;308;297;296;307;305;301;313;299;306;314;315;304;316;47,,1,17;303;311;310;302;298;308;297;296;307;305;301;313;299;306;314;315;304;316;47,148;872;888;886;870;863;882;861;859;880;876;868;892;865;878;894;896;874;897,37.4553,60.2656,64.3903,64.3903,5569_15949,1,0,1,1
1154,0,17,50,1,transit,AM,0,18.7526,17430.8,149;1048;1061;1059;1046;1036;1054;1032;1028;1073,17;393;400;399;392;387;396;385;383;406;50,,1,17;393;400;399;392;387;396;385;383;406;50,149;1048;1061;1059;1046;1036;1054;1032;1028;1073,10.8333,17.4308,18.7525,18.7526,3608_9586,1,0,1,1
1155,0,18,2,1,transit,AM,0,55.8953,52292.3,151;544;560;537;535;558;541;548;552;562;546;554;556;539;528,18;134;142;130;129;141;132;136;138;143;135;139;140;131;126;2,,1,18;134;142;130;129;141;132;136;138;143;135;139;140;131;126;2,151;544;560;537;535;558;541;548;552;562;546;554;556;539;528,32.4999,52.2923,55.8953,55.8953,1916_7811,8,0,8,8
1156,0,18,4,1,transit,AM,0,57.4104,53714.3,151;544;560;537;535;558;541;548;552;562;546;554;556;539;529;530,18;134;142;130;129;141;132;136;138;143;135;139;140;131;126;127;4,,1,18;134;142;130;129;141;132;136;138;143;135;139;140;131;126;127;4,151;544;560;537;535;558;541;548;552;562;546;554;556;539;529;530,33.3837,53.7143,57.4104,57.4104,2045_8342,2,0,2,2
1157,0,18,7,1,transit,AM,0,61.9696,57993.4,151;544;560;537;535;558;541;548;552;562;546;554;556;539;529;531;550;532,18;134;142;130;129;141;132;136;138;143;135;139;140;131;126;127;137;128;7,,1,18;134;142;130;129;141;132;136;138;143;135;139;140;131;126;127;137;128;7,151;544;560;537;535;558;541;548;552;562;546;554;556;539;529;531;550;532,36.0432,57.9934,61.9695,61.9696,2313_9425,3,0,3,3
1158,0,18,8,1,transit,AM,0,21.6103,20113,151;544;560;537;534,18;134;142;130;129;8,,1,18;134;142;130;129;8,151;544;560;537;534,12.5003,20.113,21.6103,21.6103,561_2326,1,0,1,1
1159,0,18,10,1,transit,AM,0,16.792,15590.6,151;544;560;536,18;134;142;130;10,,1,18;134;142;130;10,151;544;560;536,9.68961,15.5906,16.792,16.792,434_1791,4,0,4,4
1160,0,18,11,1,transit,AM,0,54.1174,50623.5,151;544;560;537;535;558;541;548;552;562;546;554;556;538,18;134;142;130;129;141;132;136;138;143;135;139;140;131;11,,1,18;134;142;130;129;141;132;136;138;143;135;139;140;131;11,151;544;560;537;535;558;541;548;552;562;546;554;556;538,31.4627,50.6235,54.1173,54.1174,1799_7282,55,0,55,55
1161,0,18,13,1,transit,AM,0,31.0231,28947.6,151;544;560;537;535;558;540,18;134;142;130;129;141;132;13,,1,18;134;142;130;129;141;132;13,151;544;560;537;535;558;540,17.9911,28.9476,31.0231,31.0231,839_3425,8,0,8,8
1162,0,18,15,1,transit,AM,0,64.6904,60547.2,151;544;560;537;535;558;541;548;552;562;546;554;556;539;529;531;550;533;542,18;134;142;130;129;141;132;136;138;143;135;139;140;131;126;127;137;128;133;15,,1,18;134;142;130;129;141;132;136;138;143;135;139;140;131;126;127;137;128;133;15,151;544;560;537;535;558;541;548;552;562;546;554;556;539;529;531;550;533;542,37.6303,60.5472,64.6903,64.6904,2454_9968,3,0,3,3
1163,0,18,19,1,transit,AM,0,51.8882,48531.3,151;544;560;537;535;558;541;548;552;562;545,18;134;142;130;129;141;132;136;138;143;135;19,,1,18;134;142;130;129;141;132;136;138;143;135;19,151;544;560;537;535;558;541;548;552;562;545,30.1624,48.5313,51.8881,51.8882,1397_5633,112,0,112,112
1164,0,18,21,1,transit,AM,0,34.6167,32320.5,151;544;560;537;535;558;541;547,18;134;142;130;129;141;132;136;21,,1,18;134;142;130;129;141;132;136;21,151;544;560;537;535;558;541;547,20.0873,32.3205,34.6166,34.6167,983_3973,3,0,3,3
1165,0,18,22,1,transit,AM,0,60.0808,56220.6,151;544;560;537;535;558;541;548;552;562;546;554;556;539;529;531;549,18;134;142;130;129;141;132;136;138;143;135;139;140;131;126;127;137;22,,1,18;134;142;130;129;141;132;136;138;143;135;139;140;131;126;127;137;22,151;544;560;537;535;558;541;548;552;562;546;554;556;539;529;531;549,34.9414,56.2206,60.0807,60.0808,2200_8892,5,0,5,5
1166,0,18,25,1,transit,AM,0,39.3007,36716.9,151;544;560;537;535;558;541;548;551,18;134;142;130;129;141;132;136;138;25,,1,18;134;142;130;129;141;132;136;138;25,151;544;560;537;535;558;541;548;551,22.8197,36.7169,39.3007,39.3007,1125_4525,4,0,4,4
1167,0,18,29,1,transit,AM,0,52.4897,49095.8,151;544;560;537;535;558;541;548;552;562;546;553,18;134;142;130;129;141;132;136;138;143;135;139;29,,1,18;134;142;130;129;141;132;136;138;143;135;139;29,151;544;560;537;535;558;541;548;552;562;546;553,30.5132,49.0958,52.4896,52.4897,1546_6187,75,0,75,75
1168,0,18,38,1,transit,AM,0,53.2525,49811.8,151;544;560;537;535;558;541;548;552;562;546;554;555,18;134;142;130;129;141;132;136;138;143;135;139;140;38,,1,18;134;142;130;129;141;132;136;138;143;135;139;140;38,151;544;560;537;535;558;541;548;552;562;546;554;555,30.9582,49.8118,53.2524,53.2525,1695_6743,33,0,33,33
1169,0,18,41,1,transit,AM,0,25.9687,24203.7,151;544;560;537;535;557,18;134;142;130;129;141;41,,1,18;134;142;130;129;141;41,151;544;560;537;535;557,15.0427,24.2037,25.9687,25.9687,735_2884,8,0,8,8
1170,0,18,50,1,transit,AM,0,42.2401,39475.8,151;544;560;537;535;558;541;548;552;561,18;134;142;130;129;141;132;136;138;143;50,,1,18;134;142;130;129;141;132;136;138;143;50,151;544;560;537;535;558;541;548;552;561,24.5344,39.4758,42.2401,42.2401,1293_5087,2,0,2,2
1171,1,19,1,2,transit,AM,0,12.0705,11159.1,159;658;745;603,19;193;237;165;1,,0.869169,19;193;237;165;1,159;658;745;603,6.93544,11.1591,12.0705,12.0705,615_2165,33,0,33,28.6826
1172,0,19,1,1,transit,AM,0,12.0705,11159.1,158;656;743;601,19;192;236;164;1,,0.130831,19;192;236;164;1,158;656;743;601,6.93544,11.1591,12.0705,12.0705,612_2158,33,0,33,4.31742
1173,5,19,2,6,transit,AM,0,4.21847,3789.34,162;930;954;958;920;901,19;333;345;347;327;318;2,,0.233704,19;333;345;347;327;318;2,162;930;954;958;920;901,2.35509,3.78934,4.21847,4.21847,1691_4825,8,0,8,1.86963
1174,4,19,2,5,transit,AM,0,4.21847,3789.34,161;928;952;956;918;899,19;332;344;346;326;317;2,,0.0239468,19;332;344;346;326;317;2,161;928;952;956;918;899,2.35509,3.78934,4.21847,4.21847,1686_4814,8,0,8,0.191574
1175,3,19,2,4,transit,AM,0,4.21847,3789.34,156;546;554;556;539;528,19;135;139;140;131;126;2,,0.487167,19;135;139;140;131;126;2,156;546;554;556;539;528,2.35509,3.78934,4.21847,4.21847,692_2879,8,0,8,3.89734
1176,2,19,2,3,transit,AM,0,4.21847,3789.34,155;442;466;494;418;391,19;81;93;107;69;56;2,,0.0558212,19;81;93;107;69;56;2,155;442;466;494;418;391,2.35509,3.78934,4.21847,4.21847,427_2366,8,0,8,0.44657
1177,1,19,2,2,transit,AM,0,4.21847,3789.34,154;440;464;492;416;389,19;80;92;106;68;55;2,,0.0685305,19;80;92;106;68;55;2,154;440;464;492;416;389,2.35509,3.78934,4.21847,4.21847,422_2355,8,0,8,0.548244
1178,0,19,2,1,transit,AM,0,4.21847,3789.34,153;438;462;490;414;387,19;79;91;105;67;54;2,,0.130831,19;79;91;105;67;54;2,153;438;462;490;414;387,2.35509,3.78934,4.21847,4.21847,417_2344,8,0,8,1.04665
1179,1,19,3,2,transit,AM,0,12.6766,11728,159;658;745;604;615,19;193;237;165;171;3,,0.869169,19;193;237;165;171;3,159;658;745;604;615,7.28903,11.728,12.6766,12.6766,788_2781,28,0,28,24.3367
1180,0,19,3,1,transit,AM,0,12.6766,11728,158;656;743;602;613,19;192;236;164;170;3,,0.130831,19;192;236;164;170;3,158;656;743;602;613,7.28903,11.728,12.6766,12.6766,784_2772,28,0,28,3.66327
1181,5,19,4,6,transit,AM,0,5.73357,5211.38,162;930;954;958;920;902;905,19;333;345;347;327;318;320;4,,0.233704,19;333;345;347;327;318;320;4,162;930;954;958;920;902;905,3.2389,5.21138,5.73357,5.73357,2013_5731,13,0,13,3.03815
1182,4,19,4,5,transit,AM,0,5.73357,5211.38,161;928;952;956;918;900;903,19;332;344;346;326;317;319;4,,0.0239468,19;332;344;346;326;317;319;4,161;928;952;956;918;900;903,3.2389,5.21138,5.73357,5.73357,2007_5718,13,0,13,0.311308
1183,2,19,4,3,transit,AM,0,5.73357,5211.38,155;442;466;494;418;392;403,19;81;93;107;69;56;62;4,,0.0558212,19;81;93;107;69;56;62;4,155;442;466;494;418;392;403,3.2389,5.21138,5.73357,5.73357,491_2770,13,0,13,0.725676
1184,1,19,4,2,transit,AM,0,5.73357,5211.38,154;440;464;492;416;390;401,19;80;92;106;68;55;61;4,,0.0685305,19;80;92;106;68;55;61;4,154;440;464;492;416;390;401,3.2389,5.21138,5.73357,5.73357,485_2757,13,0,13,0.890897
1185,3,19,4,4,transit,AM,0,5.73357,5211.38,156;546;554;556;539;529;530,19;135;139;140;131;126;127;4,,0.487167,19;135;139;140;131;126;127;4,156;546;554;556;539;529;530,3.2389,5.21138,5.73357,5.73357,821_3410,13,0,13,6.33317
1186,0,19,4,1,transit,AM,0,5.73357,5211.38,153;438;462;490;414;388;399,19;79;91;105;67;54;60;4,,0.130831,19;79;91;105;67;54;60;4,153;438;462;490;414;388;399,3.2389,5.21138,5.73357,5.73357,479_2744,13,0,13,1.7008
1187,5,19,7,6,transit,AM,0,10.2927,9490.51,162;930;954;958;920;902;906;940;909,19;333;345;347;327;318;320;338;322;7,,0.233704,19;333;345;347;327;318;320;338;322;7,162;930;954;958;920;902;906;940;909,5.89839,9.49051,10.2927,10.2927,2676_7581,9,0,9,2.10333
1188,4,19,7,5,transit,AM,0,10.2927,9490.51,161;928;952;956;918;900;904;938;907,19;332;344;346;326;317;319;337;321;7,,0.0239468,19;332;344;346;326;317;319;337;321;7,161;928;952;956;918;900;904;938;907,5.89839,9.49051,10.2927,10.2927,2668_7564,9,0,9,0.215521
1189,3,19,7,4,transit,AM,0,10.2927,9490.51,156;546;554;556;539;529;531;550;532,19;135;139;140;131;126;127;137;128;7,,0.487167,19;135;139;140;131;126;127;137;128;7,156;546;554;556;539;529;531;550;532,5.89839,9.49051,10.2927,10.2927,1089_4493,9,0,9,4.3845
1190,1,19,7,2,transit,AM,0,10.2927,9490.51,154;440;464;492;416;390;402;446;409,19;80;92;106;68;55;61;83;65;7,,0.0685305,19;80;92;106;68;55;61;83;65;7,154;440;464;492;416;390;402;446;409,5.89839,9.49051,10.2927,10.2927,636_3613,9,0,9,0.616775
1191,2,19,7,3,transit,AM,0,10.2927,9490.51,155;442;466;494;418;392;404;448;411,19;81;93;107;69;56;62;84;66;7,,0.0558212,19;81;93;107;69;56;62;84;66;7,155;442;466;494;418;392;404;448;411,5.89839,9.49051,10.2927,10.2927,644_3630,9,0,9,0.502391
1192,0,19,7,1,transit,AM,0,10.2927,9490.51,153;438;462;490;414;388;400;444;407,19;79;91;105;67;54;60;82;64;7,,0.130831,19;79;91;105;67;54;60;82;64;7,153;438;462;490;414;388;400;444;407,5.89839,9.49051,10.2927,10.2927,628_3596,9,0,9,1.17748
1193,1,19,8,2,transit,AM,0,30.4893,28446.7,163;992;1026;1004;998;988;1014;981,19;365;382;371;368;363;376;359;8,,0.611519,19;365;382;371;368;363;376;359;8,163;992;1026;1004;998;988;1014;981,17.6797,28.4467,30.4893,30.4893,2611_7166,1,0,1,0.611519
1194,0,19,8,1,transit,AM,0,30.4893,28446.7,157;581;597;587;583;576;593;569,19;153;161;156;154;150;159;147;8,,0.388481,19;153;161;156;154;150;159;147;8,157;581;597;587;583;576;593;569,17.6797,28.4467,30.4893,30.4893,1107_4243,1,0,1,0.388481
1195,0,19,9,1,transit,AM,0,76.7036,71822.5,163;992;1026;1004;998;988;1014;982;1002;1016;1020;996;1024;1008;984,19;365;382;371;368;363;376;359;370;377;379;367;381;373;361;9,,1,19;365;382;371;368;363;376;359;370;377;379;367;381;373;361;9,163;992;1026;1004;998;988;1014;982;1002;1016;1020;996;1024;1008;984,44.638,71.8225,76.7036,76.7036,5220_14217,1,0,1,1
1196,3,19,11,4,transit,AM,0,2.44051,2120.59,156;546;554;556;538,19;135;139;140;131;11,,0.487167,19;135;139;140;131;11,156;546;554;556;538,1.31795,2.12059,2.44051,2.44051,575_2350,23,0,23,11.2048
1197,2,19,11,3,transit,AM,0,2.44051,2120.59,155;442;466;494;417,19;81;93;107;69;11,,0.0558212,19;81;93;107;69;11,155;442;466;494;417,1.31795,2.12059,2.44051,2.44051,380_1974,23,0,23,1.28389
1198,5,19,11,6,transit,AM,0,2.44051,2120.59,162;930;954;958;919,19;333;345;347;327;11,,0.233704,19;333;345;347;327;11,162;930;954;958;919,1.31795,2.12059,2.44051,2.44051,1382_3923,23,0,23,5.37518
1199,4,19,11,5,transit,AM,0,2.44051,2120.59,161;928;952;956;917,19;332;344;346;326;11,,0.0239468,19;332;344;346;326;11,161;928;952;956;917,1.31795,2.12059,2.44051,2.44051,1378_3914,23,0,23,0.550776
1200,1,19,11,2,transit,AM,0,2.44051,2120.59,154;440;464;492;415,19;80;92;106;68;11,,0.0685305,19;80;92;106;68;11,154;440;464;492;415,1.31795,2.12059,2.44051,2.44051,376_1965,23,0,23,1.5762
1201,0,19,11,1,transit,AM,0,2.44051,2120.59,153;438;462;490;413,19;79;91;105;67;11,,0.130831,19;79;91;105;67;11,153;438;462;490;413,1.31795,2.12059,2.44051,2.44051,372_1956,23,0,23,3.00911
1202,2,19,12,3,transit,AM,0,15.593,14465.2,155;442;466;494;418;392;404;448;412;436;423,19;81;93;107;69;56;62;84;66;78;72;12,,0.0821884,19;81;93;107;69;56;62;84;66;78;72;12,155;442;466;494;418;392;404;448;412;436;423,8.9902,14.4652,15.593,15.593,799_4490,1,0,1,0.0821884
1203,1,19,12,2,transit,AM,0,15.593,14465.2,154;440;464;492;416;390;402;446;410;434;421,19;80;92;106;68;55;61;83;65;77;71;12,,0.143564,19;80;92;106;68;55;61;83;65;77;71;12,154;440;464;492;416;390;402;446;410;434;421,8.9902,14.4652,15.593,15.593,789_4469,1,0,1,0.143564
1204,0,19,12,1,transit,AM,0,15.593,14465.2,153;438;462;490;414;388;400;444;408;432;419,19;79;91;105;67;54;60;82;64;76;70;12,,0.774248,19;79;91;105;67;54;60;82;64;76;70;12,153;438;462;490;414;388;400;444;408;432;419,8.9902,14.4652,15.593,15.593,779_4448,1,0,1,0.774248
1205,1,19,13,2,transit,AM,0,21.0765,19612,163;992;1026;1004;998;987,19;365;382;371;368;363;13,,0.611519,19;365;382;371;368;363;13,163;992;1026;1004;998;987,12.1889,19.612,21.0765,21.0765,1881_5170,4,0,4,2.44607
1206,0,19,13,1,transit,AM,0,21.0765,19612,157;581;597;587;583;575,19;153;161;156;154;150;13,,0.388481,19;153;161;156;154;150;13,157;581;597;587;583;575,12.1889,19.612,21.0765,21.0765,806_3080,4,0,4,1.55393
1207,2,19,14,3,transit,AM,0,45.1767,42232.2,159;658;745;604;616;676;721;694;670;739;704;645,19;193;237;165;171;202;225;211;199;234;216;187;14,,0.800639,19;193;237;165;171;202;225;211;199;234;216;187;14,159;658;745;604;616;676;721;694;670;739;704;645,26.2475,42.2322,45.1767,45.1767,2273_7631,3,0,3,2.40192
1208,1,19,14,2,transit,AM,0,45.1767,42232.2,160;660;747;606;618;678;723;696;672;741;706;647,19;194;238;166;172;203;226;212;200;235;217;188;14,,0.0685305,19;194;238;166;172;203;226;212;200;235;217;188;14,160;660;747;606;618;678;723;696;672;741;706;647,26.2475,42.2322,45.1767,45.1767,2284_7654,3,0,3,0.205592
1209,0,19,14,1,transit,AM,0,45.1767,42232.2,158;656;743;602;614;674;719;692;668;737;702;643,19;192;236;164;170;201;224;210;198;233;215;186;14,,0.130831,19;192;236;164;170;201;224;210;198;233;215;186;14,158;656;743;602;614;674;719;692;668;737;702;643,26.2475,42.2322,45.1767,45.1767,2262_7608,3,0,3,0.392493
1210,5,19,15,6,transit,AM,0,13.0135,12044.2,162;930;954;958;920;902;906;940;910;926,19;333;345;347;327;318;320;338;322;331;15,,0.233704,19;333;345;347;327;318;320;338;322;331;15,162;930;954;958;920;902;906;940;910;926,7.48554,12.0442,13.0135,13.0135,3015_8508,3,0,3,0.701111
1211,4,19,15,5,transit,AM,0,13.0135,12044.2,161;928;952;956;918;900;904;938;908;925,19;332;344;346;326;317;319;337;321;330;15,,0.0239468,19;332;344;346;326;317;319;337;321;330;15,161;928;952;956;918;900;904;938;908;925,7.48554,12.0442,13.0135,13.0135,3006_8490,3,0,3,0.0718403
1212,3,19,15,4,transit,AM,0,13.0135,12044.2,156;546;554;556;539;529;531;550;533;542,19;135;139;140;131;126;127;137;128;133;15,,0.487167,19;135;139;140;131;126;127;137;128;133;15,156;546;554;556;539;529;531;550;533;542,7.48554,12.0442,13.0135,13.0135,1230_5036,3,0,3,1.4615
1213,2,19,15,3,transit,AM,0,13.0135,12044.2,155;442;466;494;418;392;404;448;412;435,19;81;93;107;69;56;62;84;66;78;15,,0.0558212,19;81;93;107;69;56;62;84;66;78;15,155;442;466;494;418;392;404;448;412;435,7.48554,12.0442,13.0135,13.0135,730_4066,3,0,3,0.167464
1214,1,19,15,2,transit,AM,0,13.0135,12044.2,154;440;464;492;416;390;402;446;410;433,19;80;92;106;68;55;61;83;65;77;15,,0.0685305,19;80;92;106;68;55;61;83;65;77;15,154;440;464;492;416;390;402;446;410;433,7.48554,12.0442,13.0135,13.0135,721_4047,3,0,3,0.205592
1215,0,19,15,1,transit,AM,0,13.0135,12044.2,153;438;462;490;414;388;400;444;408;431,19;79;91;105;67;54;60;82;64;76;15,,0.130831,19;79;91;105;67;54;60;82;64;76;15,153;438;462;490;414;388;400;444;408;431,7.48554,12.0442,13.0135,13.0135,712_4028,3,0,3,0.392493
1216,0,19,16,1,transit,AM,0,20.0475,18646.3,165;1098;1122;1076;1080;1102;1084;1093,19;418;430;407;409;420;411;416;16,,1,19;418;430;407;409;420;411;416;16,165;1098;1122;1076;1080;1102;1084;1093,11.5887,18.6463,20.0475,20.0475,2946_7820,11,0,11,11
1217,0,19,17,1,transit,AM,0,28.4006,26486.3,165;1098;1122;1076;1080;1102;1084;1094;1108;1110;1095,19;418;430;407;409;420;411;416;423;424;417;17,,1,19;418;430;407;409;420;411;416;423;424;417;17,165;1098;1122;1076;1080;1102;1084;1094;1108;1110;1095,16.4614,26.4863,28.4006,28.4006,4211_11134,3,0,3,3
1218,0,19,18,1,transit,AM,0,51.8881,48531.3,157;581;597;587;583;576;593;570;572;595;579,19;153;161;156;154;150;159;147;148;160;152;18,,1,19;153;161;156;154;150;159;147;148;160;152;18,157;581;597;587;583;576;593;570;572;595;579,30.1624,48.5313,51.8881,51.8881,1577_5990,6,0,6,6
1219,0,19,20,1,transit,AM,0,52.2943,48912.5,163;992;1026;1004;998;988;1014;982;1002;1016;1020;995,19;365;382;371;368;363;376;359;370;377;379;367;20,,1,19;365;382;371;368;363;376;359;370;377;379;367;20,163;992;1026;1004;998;988;1014;982;1002;1016;1020;995,30.3993,48.9125,52.2943,52.2943,4116_11200,1,0,1,1
1220,1,19,21,2,transit,AM,0,17.4829,16239.1,163;992;1026;1004;997,19;365;382;371;368;21,,0.611519,19;365;382;371;368;21,163;992;1026;1004;997,10.0927,16.2391,17.4829,17.4829,1526_4182,6,0,6,3.66911
1221,0,19,21,1,transit,AM,0,17.4829,16239.1,157;581;597;587;582,19;153;161;156;154;21,,0.388481,19;153;161;156;154;21,157;581;597;587;582,10.0927,16.2391,17.4829,17.4829,664_2504,6,0,6,2.33089
1222,5,19,22,6,transit,AM,0,8.4039,7717.71,162;930;954;958;920;902;906;939,19;333;345;347;327;318;320;338;22,,0.233704,19;333;345;347;327;318;320;338;22,162;930;954;958;920;902;906;939,4.79659,7.71771,8.4039,8.4039,2369_6671,5,0,5,1.16852
1223,4,19,22,5,transit,AM,0,8.4039,7717.71,161;928;952;956;918;900;904;937,19;332;344;346;326;317;319;337;22,,0.0239468,19;332;344;346;326;317;319;337;22,161;928;952;956;918;900;904;937,4.79659,7.71771,8.4039,8.4039,2362_6656,5,0,5,0.119734
1224,3,19,22,4,transit,AM,0,8.40391,7717.71,156;546;554;556;539;529;531;549,19;135;139;140;131;126;127;137;22,,0.487167,19;135;139;140;131;126;127;137;22,156;546;554;556;539;529;531;549,4.79659,7.71771,8.4039,8.40391,976_3960,5,0,5,2.43583
1225,2,19,22,3,transit,AM,0,8.40391,7717.71,155;442;466;494;418;392;404;447,19;81;93;107;69;56;62;84;22,,0.0558212,19;81;93;107;69;56;62;84;22,155;442;466;494;418;392;404;447,4.79659,7.71771,8.4039,8.40391,593_3218,5,0,5,0.279106
1226,1,19,22,2,transit,AM,0,8.40391,7717.71,154;440;464;492;416;390;402;445,19;80;92;106;68;55;61;83;22,,0.0685305,19;80;92;106;68;55;61;83;22,154;440;464;492;416;390;402;445,4.79659,7.71771,8.4039,8.40391,586_3203,5,0,5,0.342653
1227,0,19,22,1,transit,AM,0,8.40391,7717.71,153;438;462;490;414;388;400;443,19;79;91;105;67;54;60;82;22,,0.130831,19;79;91;105;67;54;60;82;22,153;438;462;490;414;388;400;443,4.79659,7.71771,8.4039,8.40391,579_3188,5,0,5,0.654155
1228,0,19,23,1,transit,AM,0,35.3972,33053.1,163;992;1026;1004;998;988;1014;982;1001,19;365;382;371;368;363;376;359;370;23,,1,19;365;382;371;368;363;376;359;370;23,163;992;1026;1004;998;988;1014;982;1001,20.5427,33.0531,35.3972,35.3972,2996_8168,2,0,2,2
1229,1,19,24,2,transit,AM,0,30.8099,28747.7,159;658;745;604;616;676;721;694;669,19;193;237;165;171;202;225;211;199;24,,0.869169,19;193;237;165;171;202;225;211;199;24,159;658;745;604;616;676;721;694;669,17.8668,28.7477,30.8099,30.8099,1646_5542,2,0,2,1.73834
1230,0,19,24,1,transit,AM,0,30.8099,28747.7,158;656;743;602;614;674;719;692;667,19;192;236;164;170;201;224;210;198;24,,0.130831,19;192;236;164;170;201;224;210;198;24,158;656;743;602;614;674;719;692;667,17.8668,28.7477,30.8099,30.8099,1638_5525,2,0,2,0.261662
1231,1,19,25,2,transit,AM,0,12.7988,11842.7,163;992;1026;1003,19;365;382;371;25,,0.611519,19;365;382;371;25,163;992;1026;1003,7.36027,11.8427,12.7988,12.7988,1162_3184,8,0,8,4.89215
1232,0,19,25,1,transit,AM,0,12.7988,11842.7,157;581;597;586,19;153;161;156;25,,0.388481,19;153;161;156;25,157;581;597;586,7.36027,11.8427,12.7988,12.7988,514_1921,8,0,8,3.10785
1233,1,19,26,2,transit,AM,0,15.1392,14039.3,159;658;745;604;616;675,19;193;237;165;171;202;26,,0.869169,19;193;237;165;171;202;26,159;658;745;604;616;675,8.72551,14.0393,15.1392,15.1392,1013_3457,7,0,7,6.08418
1234,0,19,26,1,transit,AM,0,15.1392,14039.3,158;656;743;602;614;673,19;192;236;164;170;201;26,,0.130831,19;192;236;164;170;201;26,158;656;743;602;614;673,8.72551,14.0393,15.1392,15.1392,1008_3446,7,0,7,0.915817
1235,0,19,28,1,transit,AM,0,71.5767,67010.5,163;992;1026;1004;998;988;1014;982;1002;1016;1020;996;1024;1007,19;365;382;371;368;363;376;359;370;377;379;367;381;373;28,,1,19;365;382;371;368;363;376;359;370;377;379;367;381;373;28,163;992;1026;1004;998;988;1014;982;1002;1016;1020;996;1024;1007,41.6473,67.0105,71.5767,71.5767,4878_13232,1,0,1,1
1236,5,19,29,6,transit,AM,0,0.812804,592.851,162;930;953,19;333;345;29,,0.233704,19;333;345;29,162;930;953,0.368459,0.592851,0.812803,0.812804,726_2045,3,0,3,0.701111
1237,4,19,29,5,transit,AM,0,0.812804,592.851,161;928;951,19;332;344;29,,0.0239468,19;332;344;29,161;928;951,0.368459,0.592851,0.812803,0.812804,724_2040,3,0,3,0.0718403
1238,3,19,29,4,transit,AM,0,0.812804,592.851,156;546;553,19;135;139;29,,0.487167,19;135;139;29,156;546;553,0.368459,0.592851,0.812803,0.812804,322_1255,3,0,3,1.4615
1239,2,19,29,3,transit,AM,0,0.812804,592.851,155;442;465,19;81;93;29,,0.0558212,19;81;93;29,155;442;465,0.368459,0.592851,0.812803,0.812804,222_1062,3,0,3,0.167464
1240,1,19,29,2,transit,AM,0,0.812804,592.851,154;440;463,19;80;92;29,,0.0685305,19;80;92;29,154;440;463,0.368459,0.592851,0.812803,0.812804,220_1057,3,0,3,0.205592
1241,0,19,29,1,transit,AM,0,0.812804,592.851,153;438;461,19;79;91;29,,0.130831,19;79;91;29,153;438;461,0.368459,0.592851,0.812803,0.812804,218_1052,3,0,3,0.392493
1242,0,19,30,1,transit,AM,0,21.5629,20068.6,165;1098;1122;1076;1080;1102;1084;1094;1107,19;418;430;407;409;420;411;416;423;30,,1,19;418;430;407;409;420;411;416;423;30,165;1098;1122;1076;1080;1102;1084;1094;1107,12.4727,20.0686,21.5629,21.5629,3383_8928,2,0,2,2
1243,1,19,33,2,transit,AM,0,25.0191,23312.5,159;658;745;604;616;676;721;693,19;193;237;165;171;202;225;211;33,,0.869169,19;193;237;165;171;202;225;211;33,159;658;745;604;616;676;721;693,14.4888,23.3125,25.0191,25.0191,1456_4872,2,0,2,1.73834
1244,0,19,33,1,transit,AM,0,25.0191,23312.5,158;656;743;602;614;674;719;691,19;192;236;164;170;201;224;210;33,,0.130831,19;192;236;164;170;201;224;210;33,158;656;743;602;614;674;719;691,14.4888,23.3125,25.0191,25.0191,1449_4857,2,0,2,0.261662
1245,1,19,35,2,transit,AM,0,39.2514,36670.8,159;658;745;604;616;676;721;694;670;739;703,19;193;237;165;171;202;225;211;199;234;216;35,,0.869169,19;193;237;165;171;202;225;211;199;234;216;35,159;658;745;604;616;676;721;694;670;739;703,22.791,36.6708,39.2514,39.2514,2107_6985,4,0,4,3.47668
1246,0,19,35,1,transit,AM,0,39.2514,36670.8,158;656;743;602;614;674;719;692;668;737;701,19;192;236;164;170;201;224;210;198;233;215;35,,0.130831,19;192;236;164;170;201;224;210;198;233;215;35,158;656;743;602;614;674;719;692;668;737;701,22.791,36.6708,39.2514,39.2514,2097_6964,4,0,4,0.523324
1247,2,19,36,3,transit,AM,0,56.4303,52794.6,159;658;745;604;616;676;721;694;670;739;704;646;688;708,19;193;237;165;171;202;225;211;199;234;216;187;208;219;36,,0.800639,19;193;237;165;171;202;225;211;199;234;216;187;208;219;36,159;658;745;604;616;676;721;694;670;739;704;646;688;708,32.812,52.7946,56.4303,56.4303,2722_9028,1,0,1,0.800639
1248,1,19,36,2,transit,AM,0,56.4303,52794.6,160;660;747;606;618;678;723;696;672;741;706;648;690;710,19;194;238;166;172;203;226;212;200;235;217;188;209;220;36,,0.0685305,19;194;238;166;172;203;226;212;200;235;217;188;209;220;36,160;660;747;606;618;678;723;696;672;741;706;648;690;710,32.812,52.7946,56.4303,56.4303,2735_9055,1,0,1,0.0685305
1249,0,19,36,1,transit,AM,0,56.4303,52794.6,158;656;743;602;614;674;719;692;668;737;702;644;686;707,19;192;236;164;170;201;224;210;198;233;215;186;207;218;36,,0.130831,19;192;236;164;170;201;224;210;198;233;215;186;207;218;36,158;656;743;602;614;674;719;692;668;737;702;644;686;707,32.812,52.7946,56.4303,56.4303,2709_9002,1,0,1,0.130831
1250,0,19,37,1,transit,AM,0,25.2433,23522.9,165;1098;1122;1076;1080;1102;1084;1094;1108;1109,19;418;430;407;409;420;411;416;423;424;37,,1,19;418;430;407;409;420;411;416;423;424;37,165;1098;1122;1076;1080;1102;1084;1094;1108;1109,14.6196,23.5229,25.2433,25.2433,3814_10038,1,0,1,1
1251,4,19,38,5,transit,AM,0,1.57566,1308.85,161;928;952;955,19;332;344;346;38,,0.0239468,19;332;344;346;38,161;928;952;955,0.813457,1.30885,1.57566,1.57566,1079_2996,6,0,6,0.143681
1252,5,19,38,6,transit,AM,0,1.57566,1308.85,162;930;954;957,19;333;345;347;38,,0.233704,19;333;345;347;38,162;930;954;957,0.813457,1.30885,1.57566,1.57566,1082_3003,6,0,6,1.40222
1253,3,19,38,4,transit,AM,0,1.57566,1308.85,156;546;554;555,19;135;139;140;38,,0.487167,19;135;139;140;38,156;546;554;555,0.813457,1.30885,1.57566,1.57566,471_1811,6,0,6,2.923
1254,2,19,38,3,transit,AM,0,1.57566,1308.85,155;442;466;493,19;81;93;107;38,,0.0558212,19;81;93;107;38,155;442;466;493,0.813457,1.30885,1.57566,1.57566,338_1556,6,0,6,0.334927
1255,1,19,38,2,transit,AM,0,1.57566,1308.85,154;440;464;491,19;80;92;106;38,,0.0685305,19;80;92;106;38,154;440;464;491,0.813457,1.30885,1.57566,1.57566,335_1549,6,0,6,0.411183
1256,0,19,38,1,transit,AM,0,1.57566,1308.85,153;438;462;489,19;79;91;105;38,,0.130831,19;79;91;105;38,153;438;462;489,0.813457,1.30885,1.57566,1.57566,332_1542,6,0,6,0.784986
1257,0,19,39,1,transit,AM,0,32.045,29906.9,165;1098;1122;1076;1080;1102;1084;1094;1108;1110;1096;1113,19;418;430;407;409;420;411;416;423;424;417;426;39,,1,19;418;430;407;409;420;411;416;423;424;417;426;39,165;1098;1122;1076;1080;1102;1084;1094;1108;1110;1096;1113,18.5873,29.9069,32.045,32.045,4659_12248,3,0,3,3
1258,1,19,41,2,transit,AM,0,26.1309,24355.9,163;992;1026;1004;998;988;1013,19;365;382;371;368;363;376;41,,0.611519,19;365;382;371;368;363;376;41,163;992;1026;1004;998;988;1013,15.1373,24.3559,26.1309,26.1309,2285_6184,5,0,5,3.05759
1259,0,19,41,1,transit,AM,0,26.1309,24355.9,157;581;597;587;583;576;592,19;153;161;156;154;150;159;41,,0.388481,19;153;161;156;154;150;159;41,157;581;597;587;583;576;592,15.1373,24.3559,26.1309,26.1309,993_3673,5,0,5,1.94241
1260,2,19,43,3,transit,AM,0,26.2983,24513,155;442;466;494;418;392;404;448;412;436;424;515;506;509,19;81;93;107;69;56;62;84;66;78;72;119;113;116;43,,0.0821884,19;81;93;107;69;56;62;84;66;78;72;119;113;116;43,155;442;466;494;418;392;404;448;412;436;424;515;506;509,15.235,24.513,26.2983,26.2983,1178_6021,9,0,9,0.739696
1261,1,19,43,2,transit,AM,0,26.2983,24513,154;440;464;492;416;390;402;446;410;434;422;513;504;508,19;80;92;106;68;55;61;83;65;77;71;118;112;115;43,,0.143564,19;80;92;106;68;55;61;83;65;77;71;118;112;115;43,154;440;464;492;416;390;402;446;410;434;422;513;504;508,15.235,24.513,26.2983,26.2983,1165_5995,9,0,9,1.29207
1262,0,19,43,1,transit,AM,0,26.2983,24513,153;438;462;490;414;388;400;444;408;432;420;511;502;507,19;79;91;105;67;54;60;82;64;76;70;117;111;114;43,,0.774248,19;79;91;105;67;54;60;82;64;76;70;117;111;114;43,153;438;462;490;414;388;400;444;408;432;420;511;502;507,15.235,24.513,26.2983,26.2983,1152_5969,9,0,9,6.96823
1263,2,19,45,3,transit,AM,0,18.747,17425.5,155;442;466;494;418;392;404;448;412;436;424;514,19;81;93;107;69;56;62;84;66;78;72;119;45,,0.0821884,19;81;93;107;69;56;62;84;66;78;72;119;45,155;442;466;494;418;392;404;448;412;436;424;514,10.83,17.4255,18.747,18.747,951_5005,1,0,1,0.0821884
1264,1,19,45,2,transit,AM,0,18.747,17425.5,154;440;464;492;416;390;402;446;410;434;422;512,19;80;92;106;68;55;61;83;65;77;71;118;45,,0.143564,19;80;92;106;68;55;61;83;65;77;71;118;45,154;440;464;492;416;390;402;446;410;434;422;512,10.83,17.4255,18.747,18.747,940_4982,1,0,1,0.143564
1265,0,19,45,1,transit,AM,0,18.747,17425.5,153;438;462;490;414;388;400;444;408;432;420;510,19;79;91;105;67;54;60;82;64;76;70;117;45,,0.774248,19;79;91;105;67;54;60;82;64;76;70;117;45,153;438;462;490;414;388;400;444;408;432;420;510,10.83,17.4255,18.747,18.747,929_4959,1,0,1,0.774248
1266,0,19,46,1,transit,AM,0,46.8119,43766.8,163;992;1026;1004;998;988;1014;982;1002;1016;1019,19;365;382;371;368;363;376;359;370;377;379;46,,1,19;365;382;371;368;363;376;359;370;377;379;46,163;992;1026;1004;998;988;1014;982;1002;1016;1019,27.2012,43.7668,46.8119,46.8119,3775_10204,4,0,4,4
1267,0,19,47,1,transit,AM,0,59.7104,55873.1,163;992;1026;1004;998;988;1014;982;1002;1016;1020;996;1023,19;365;382;371;368;363;376;359;370;377;379;367;381;47,,1,19;365;382;371;368;363;376;359;370;377;379;367;381;47,163;992;1026;1004;998;988;1014;982;1002;1016;1020;996;1023,34.7253,55.8731,59.7104,59.7104,4524_12224,1,0,1,1
1268,1,19,48,2,transit,AM,0,36.366,33962.6,159;658;745;604;616;676;721;694;670;738,19;193;237;165;171;202;225;211;199;234;48,,0.869169,19;193;237;165;171;202;225;211;199;234;48,159;658;745;604;616;676;721;694;670;738,21.1079,33.9626,36.366,36.366,1904_6281,5,0,5,4.34585
1269,0,19,48,1,transit,AM,0,36.366,33962.6,158;656;743;602;614;674;719;692;668;736,19;192;236;164;170;201;224;210;198;233;48,,0.130831,19;192;236;164;170;201;224;210;198;233;48,158;656;743;602;614;674;719;692;668;736,21.1079,33.9626,36.366,36.366,1895_6262,5,0,5,0.654155
1270,0,19,49,1,transit,AM,0,49.1552,45966.2,157;581;597;587;583;576;593;570;572;594,19;153;161;156;154;150;159;147;148;160;49,,1,19;153;161;156;154;150;159;147;148;160;49,157;581;597;587;583;576;593;570;572;594,28.5682,45.9662,49.1552,49.1552,1456_5410,3,0,3,3
1271,1,19,50,2,transit,AM,0,9.85937,9083.82,159;658;744,19;193;237;50,,0.611519,19;193;237;50,159;658;744,5.64563,9.08382,9.85937,9.85937,499_1561,13,0,13,7.94974
1272,0,19,50,1,transit,AM,0,9.85937,9083.82,157;581;596,19;153;161;50,,0.388481,19;153;161;50,157;581;596,5.64563,9.08382,9.85937,9.85937,383_1334,13,0,13,5.05026
1273,1,20,1,2,transit,AM,0,40.6443,37977.8,167;798;855;851;810;774;845;782;804;816;755,20;264;294;292;270;252;289;256;267;273;243;1,,0.0685305,20;264;294;292;270;252;289;256;267;273;243;1,167;798;855;851;810;774;845;782;804;816;755,23.6034,37.9778,40.6442,40.6443,2721_8257,10,0,10,0.685305
1274,0,20,1,1,transit,AM,0,40.6442,37977.8,166;796;853;849;808;772;843;780;802;814;753,20;263;293;291;269;251;288;255;266;272;242;1,,0.931469,20;263;293;291;269;251;288;255;266;272;242;1,166;796;853;849;808;772;843;780;802;814;753,23.6034,37.9778,40.6442,40.6442,2711_8236,10,0,10,9.3147
1275,0,20,2,1,transit,AM,0,56.3015,52673.5,169;932;968;966;944;914;962;924;936;948;974;930;954;958;920;901,20;334;352;351;340;324;349;329;336;342;355;333;345;347;327;318;2,,1,20;334;352;351;340;324;349;329;336;342;355;333;345;347;327;318;2,169;932;968;966;944;914;962;924;936;948;974;930;954;958;920;901,32.7368,52.6735,56.3015,56.3015,5104_14300,3,0,3,3
1276,1,20,3,2,transit,AM,0,41.2505,38546.7,167;798;855;851;810;774;845;782;804;816;756;761,20;264;294;292;270;252;289;256;267;273;243;246;3,,0.0685305,20;264;294;292;270;252;289;256;267;273;243;246;3,167;798;855;851;810;774;845;782;804;816;756;761,23.9569,38.5467,41.2503,41.2505,2969_9019,20,0,20,1.37061
1277,0,20,3,1,transit,AM,0,41.2503,38546.7,166;796;853;849;808;772;843;780;802;814;754;759,20;263;293;291;269;251;288;255;266;272;242;245;3,,0.931469,20;263;293;291;269;251;288;255;266;272;242;245;3,166;796;853;849;808;772;843;780;802;814;754;759,23.9569,38.5467,41.2503,41.2503,2958_8996,20,0,20,18.6294
1278,0,20,4,1,transit,AM,0,57.8166,54095.5,169;932;968;966;944;914;962;924;936;948;974;930;954;958;920;902;905,20;334;352;351;340;324;349;329;336;342;355;333;345;347;327;318;320;4,,1,20;334;352;351;340;324;349;329;336;342;355;333;345;347;327;318;320;4,169;932;968;966;944;914;962;924;936;948;974;930;954;958;920;902;905,33.6206,54.0955,57.8166,57.8166,5426_15206,4,0,4,4
1279,1,20,6,2,transit,AM,0,46.5961,43564,167;798;855;851;810;774;845;782;804;816;756;762;822;767,20;264;294;292;270;252;289;256;267;273;243;246;276;249;6,,0.0685305,20;264;294;292;270;252;289;256;267;273;243;246;276;249;6,167;798;855;851;810;774;845;782;804;816;756;762;822;767,27.0752,43.564,46.5959,46.5961,3497_10609,1,0,1,0.0685305
1280,0,20,6,1,transit,AM,0,46.5959,43564,166;796;853;849;808;772;843;780;802;814;754;760;820;765,20;263;293;291;269;251;288;255;266;272;242;245;275;248;6,,0.931469,20;263;293;291;269;251;288;255;266;272;242;245;275;248;6,166;796;853;849;808;772;843;780;802;814;754;760;820;765,27.0752,43.564,46.5959,46.5959,3484_10582,1,0,1,0.93147
1281,0,20,7,1,transit,AM,0,62.3758,58374.6,169;932;968;966;944;914;962;924;936;948;974;930;954;958;920;902;906;940;909,20;334;352;351;340;324;349;329;336;342;355;333;345;347;327;318;320;338;322;7,,1,20;334;352;351;340;324;349;329;336;342;355;333;345;347;327;318;320;338;322;7,169;932;968;966;944;914;962;924;936;948;974;930;954;958;920;902;906;940;909,36.2801,58.3746,62.3757,62.3758,6089_17056,2,0,2,2
1282,1,20,8,2,transit,AM,0,22.0165,20494.2,167;798;855;851;810;773,20;264;294;292;270;252;8,,0.0685305,20;264;294;292;270;252;8,167;798;855;851;810;773,12.7372,20.4942,22.0165,22.0165,1400_4254,1,0,1,0.0685305
1283,0,20,8,1,transit,AM,0,22.0165,20494.2,166;796;853;849;808;771,20;263;293;291;269;251;8,,0.931469,20;263;293;291;269;251;8,166;796;853;849;808;771,12.7372,20.4942,22.0165,22.0165,1395_4243,1,0,1,0.93147
1284,2,20,9,3,transit,AM,0,24.6208,22938.4,171;996;1024;1008;984,20;367;381;373;361;9,,0.542988,20;367;381;373;361;9,171;996;1024;1008;984,14.2563,22.9384,24.6208,24.6208,1511_4183,15,0,15,8.14482
1285,1,20,9,2,transit,AM,0,24.6208,22938.4,170;994;1022;1006;983,20;366;380;372;360;9,,0.0685305,20;366;380;372;360;9,170;994;1022;1006;983,14.2563,22.9384,24.6208,24.6208,1507_4175,15,0,15,1.02796
1286,0,20,9,1,transit,AM,0,24.6208,22938.4,168;874;898;884;866,20;304;316;309;300;9,,0.388481,20;304;316;309;300;9,168;874;898;884;866,14.2563,22.9384,24.6208,24.6208,1258_3690,15,0,15,5.82722
1287,0,20,11,1,transit,AM,0,54.5236,51004.7,169;932;968;966;944;914;962;924;936;948;974;930;954;958;919,20;334;352;351;340;324;349;329;336;342;355;333;345;347;327;11,,1,20;334;352;351;340;324;349;329;336;342;355;333;345;347;327;11,169;932;968;966;944;914;962;924;936;948;974;930;954;958;919,31.6996,51.0047,54.5235,54.5236,4795_13398,15,0,15,15
1288,1,20,13,2,transit,AM,0,31.4293,29328.8,167;798;855;851;810;774;845;781,20;264;294;292;270;252;289;256;13,,0.0685305,20;264;294;292;270;252;289;256;13,167;798;855;851;810;774;845;781,18.228,29.3288,31.4293,31.4293,1950_5881,1,0,1,0.0685305
1289,0,20,13,1,transit,AM,0,31.4293,29328.8,166;796;853;849;808;772;843;779,20;263;293;291;269;251;288;255;13,,0.931469,20;263;293;291;269;251;288;255;13,166;796;853;849;808;772;843;779,18.228,29.3288,31.4293,31.4293,1943_5866,1,0,1,0.93147
1290,0,20,15,1,transit,AM,0,65.0966,60928.3,169;932;968;966;944;914;962;924;936;948;974;930;954;958;920;902;906;940;910;926,20;334;352;351;340;324;349;329;336;342;355;333;345;347;327;318;320;338;322;331;15,,1,20;334;352;351;340;324;349;329;336;342;355;333;345;347;327;318;320;338;322;331;15,169;932;968;966;944;914;962;924;936;948;974;930;954;958;920;902;906;940;910;926,37.8672,60.9283,65.0965,65.0966,6428_17983,4,0,4,4
1291,1,20,16,2,transit,AM,0,48.6214,45464.9,167;798;855;851;810;774;845;782;804;816;756;762;822;768;787,20;264;294;292;270;252;289;256;267;273;243;246;276;249;259;16,,0.0685305,20;264;294;292;270;252;289;256;267;273;243;246;276;249;259;16,167;798;855;851;810;774;845;782;804;816;756;762;822;768;787,28.2566,45.4649,48.6212,48.6214,3766_11397,6,0,6,0.411183
1292,0,20,16,1,transit,AM,0,48.6212,45464.9,166;796;853;849;808;772;843;780;802;814;754;760;820;766;785,20;263;293;291;269;251;288;255;266;272;242;245;275;248;258;16,,0.931469,20;263;293;291;269;251;288;255;266;272;242;245;275;248;258;16,166;796;853;849;808;772;843;780;802;814;754;760;820;766;785,28.2566,45.4649,48.6212,48.6212,3752_11368,6,0,6,5.58882
1293,1,20,17,2,transit,AM,0,56.9744,53305,167;798;855;851;810;774;845;782;804;816;756;762;822;768;788;830;836;793,20;264;294;292;270;252;289;256;267;273;243;246;276;249;259;280;283;262;17,,0.0685305,20;264;294;292;270;252;289;256;267;273;243;246;276;249;259;280;283;262;17,167;798;855;851;810;774;845;782;804;816;756;762;822;768;788;830;836;793,33.1293,53.305,56.9742,56.9744,4592_13857,2,0,2,0.137061
1294,0,20,17,1,transit,AM,0,56.9742,53305,166;796;853;849;808;772;843;780;802;814;754;760;820;766;786;828;834;791,20;263;293;291;269;251;288;255;266;272;242;245;275;248;258;279;282;261;17,,0.931469,20;263;293;291;269;251;288;255;266;272;242;245;275;248;258;279;282;261;17,166;796;853;849;808;772;843;780;802;814;754;760;820;766;786;828;834;791,33.1293,53.305,56.9742,56.9742,4575_13822,2,0,2,1.86294
1295,0,20,19,1,transit,AM,0,52.2944,48912.5,169;932;968;966;944;914;962;924;936;948;974;929,20;334;352;351;340;324;349;329;336;342;355;333;19,,1,20;334;352;351;340;324;349;329;336;342;355;333;19,169;932;968;966;944;914;962;924;936;948;974;929,30.3993,48.9125,52.2943,52.2944,3784_10566,43,0,43,43
1296,1,20,21,2,transit,AM,0,35.023,32701.7,167;798;855;851;810;774;845;782;803,20;264;294;292;270;252;289;256;267;21,,0.0685305,20;264;294;292;270;252;289;256;267;21,167;798;855;851;810;774;845;782;803,20.3242,32.7017,35.0228,35.023,2225_6685,3,0,3,0.205592
1297,0,20,21,1,transit,AM,0,35.0228,32701.7,166;796;853;849;808;772;843;780;801,20;263;293;291;269;251;288;255;266;21,,0.931469,20;263;293;291;269;251;288;255;266;21,166;796;853;849;808;772;843;780;801,20.3242,32.7017,35.0228,35.0228,2217_6668,3,0,3,2.79441
1298,1,20,23,2,transit,AM,0,17.1086,15887.7,167;798;855;851;809,20;264;294;292;270;23,,0.0685305,20;264;294;292;270;23,167;798;855;851;809,9.87425,15.8877,17.1086,17.1086,1163_3480,8,0,8,0.548244
1299,0,20,23,1,transit,AM,0,17.1086,15887.7,166;796;853;849;807,20;263;293;291;269;23,,0.931469,20;263;293;291;269;23,166;796;853;849;807,9.87425,15.8877,17.1086,17.1086,1159_3471,8,0,8,7.45176
1300,1,20,25,2,transit,AM,0,39.7071,37098.1,167;798;855;851;810;774;845;782;804;815,20;264;294;292;270;252;289;256;267;273;25,,0.0685305,20;264;294;292;270;252;289;256;267;273;25,167;798;855;851;810;774;845;782;804;815,23.0566,37.0981,39.7069,39.7071,2502_7501,4,0,4,0.274122
1301,0,20,25,1,transit,AM,0,39.7069,37098.1,166;796;853;849;808;772;843;780;802;813,20;263;293;291;269;251;288;255;266;272;25,,0.931469,20;263;293;291;269;251;288;255;266;272;25,166;796;853;849;808;772;843;780;802;813,23.0566,37.0981,39.7069,39.7069,2493_7482,4,0,4,3.72588
1302,1,20,26,2,transit,AM,0,43.713,40858,167;798;855;851;810;774;845;782;804;816;756;762;821,20;264;294;292;270;252;289;256;267;273;243;246;276;26,,0.0685305,20;264;294;292;270;252;289;256;267;273;243;246;276;26,167;798;855;851;810;774;845;782;804;816;756;762;821,25.3934,40.858,43.7128,43.713,3268_9841,2,0,2,0.137061
1303,0,20,26,1,transit,AM,0,43.7128,40858,166;796;853;849;808;772;843;780;802;814;754;760;819,20;263;293;291;269;251;288;255;266;272;242;245;275;26,,0.931469,20;263;293;291;269;251;288;255;266;272;242;245;275;26,166;796;853;849;808;772;843;780;802;814;754;760;819,25.3934,40.858,43.7128,43.7128,3256_9816,2,0,2,1.86294
1304,2,20,28,3,transit,AM,0,19.4939,18126.4,171;996;1024;1007,20;367;381;373;28,,0.542988,20;367;381;373;28,171;996;1024;1007,11.2656,18.1264,19.4939,19.4939,1169_3198,8,0,8,4.34391
1305,1,20,28,2,transit,AM,0,19.4939,18126.4,170;994;1022;1005,20;366;380;372;28,,0.0685305,20;366;380;372;28,170;994;1022;1005,11.2656,18.1264,19.4939,19.4939,1166_3191,8,0,8,0.548244
1306,0,20,28,1,transit,AM,0,19.4939,18126.4,168;874;898;883,20;304;316;309;28,,0.388481,20;304;316;309;28,168;874;898;883,11.2656,18.1264,19.4939,19.4939,977_2823,8,0,8,3.10785
1307,0,20,29,1,transit,AM,0,52.8959,49477,169;932;968;966;944;914;962;924;936;948;974;930;953,20;334;352;351;340;324;349;329;336;342;355;333;345;29,,1,20;334;352;351;340;324;349;329;336;342;355;333;345;29,169;932;968;966;944;914;962;924;936;948;974;930;953,30.7501,49.477,52.8958,52.8959,4139_11520,28,0,28,28
1308,1,20,37,2,transit,AM,0,53.8171,50341.6,167;798;855;851;810;774;845;782;804;816;756;762;822;768;788;830;835,20;264;294;292;270;252;289;256;267;273;243;246;276;249;259;280;283;37,,0.0685305,20;264;294;292;270;252;289;256;267;273;243;246;276;249;259;280;283;37,167;798;855;851;810;774;845;782;804;816;756;762;822;768;788;830;835,31.2875,50.3416,53.8169,53.8171,4350_13063,1,0,1,0.0685305
1309,0,20,37,1,transit,AM,0,53.8169,50341.6,166;796;853;849;808;772;843;780;802;814;754;760;820;766;786;828;833,20;263;293;291;269;251;288;255;266;272;242;245;275;248;258;279;282;37,,0.931469,20;263;293;291;269;251;288;255;266;272;242;245;275;248;258;279;282;37,166;796;853;849;808;772;843;780;802;814;754;760;820;766;786;828;833,31.2875,50.3416,53.8169,53.8169,4334_13030,1,0,1,0.93147
1310,0,20,38,1,transit,AM,0,53.6587,50193,169;932;968;966;944;914;962;924;936;948;974;930;954;957,20;334;352;351;340;324;349;329;336;342;355;333;345;347;38,,1,20;334;352;351;340;324;349;329;336;342;355;333;345;347;38,169;932;968;966;944;914;962;924;936;948;974;930;954;957,31.1951,50.193,53.6586,53.6587,4495_12478,10,0,10,10
1311,1,20,41,2,transit,AM,0,26.3749,24584.9,167;798;855;851;810;774;844,20;264;294;292;270;252;289;41,,0.0685305,20;264;294;292;270;252;289;41,167;798;855;851;810;774;844,15.2796,24.5849,26.3749,26.3749,1722_5099,6,0,6,0.411183
1312,0,20,41,1,transit,AM,0,26.3749,24584.9,166;796;853;849;808;772;842,20;263;293;291;269;251;288;41,,0.931469,20;263;293;291;269;251;288;41,166;796;853;849;808;772;842,15.2796,24.5849,26.3749,26.3749,1716_5086,6,0,6,5.58882
1313,1,20,44,2,transit,AM,0,12.0738,11162,167;798;855;850,20;264;294;292;44,,0.0685305,20;264;294;292;44,167;798;855;850,6.93724,11.162,12.0738,12.0738,914_2670,4,0,4,0.274122
1314,0,20,44,1,transit,AM,0,12.0738,11162,166;796;853;848,20;263;293;291;44,,0.931469,20;263;293;291;44,166;796;853;848,6.93724,11.162,12.0738,12.0738,911_2663,4,0,4,3.72588
1315,1,20,46,2,transit,AM,0,5.69398,5174.05,167;798;854,20;264;294;46,,0.0685305,20;264;294;46,167;798;854,3.21569,5.17405,5.69398,5.69398,624_1819,3,0,3,0.205592
1316,0,20,46,1,transit,AM,0,5.69398,5174.05,166;796;852,20;263;293;46,,0.931469,20;263;293;46,166;796;852,3.21569,5.17405,5.69398,5.69398,622_1814,3,0,3,2.79441
1317,2,20,47,3,transit,AM,0,7.62771,6988.97,171;996;1023,20;367;381;47,,0.542988,20;367;381;47,171;996;1023,4.34368,6.98897,7.62771,7.62771,815_2190,9,0,9,4.88689
1318,1,20,47,2,transit,AM,0,7.62771,6988.97,170;994;1021,20;366;380;47,,0.0685305,20;366;380;47,170;994;1021,4.34368,6.98897,7.62771,7.62771,813_2185,9,0,9,0.616775
1319,0,20,47,1,transit,AM,0,7.62771,6988.97,168;874;897,20;304;316;47,,0.388481,20;304;316;47,168;874;897,4.34368,6.98897,7.62771,7.62771,687_1939,9,0,9,3.49633
1320,0,20,50,1,transit,AM,0,42.6463,39857,169;932;968;966;944;914;962;924;936;948;973,20;334;352;351;340;324;349;329;336;342;355;50,,1,20;334;352;351;340;324;349;329;336;342;355;50,169;932;968;966;944;914;962;924;936;948;973,24.7713,39.857,42.6463,42.6463,3482_9636,1,0,1,1
1321,2,21,1,3,transit,AM,0,5.83268,5304.42,175;802;814;753,21;266;272;242;1,,0.800639,21;266;272;242;1,175;802;814;753,3.29672,5.30442,5.83268,5.83268,802_2544,4,0,4,3.20255
1322,1,21,1,2,transit,AM,0,5.83274,5304.42,176;804;816;755,21;267;273;243;1,,0.0685305,21;267;273;243;1,176;804;816;755,3.29672,5.30442,5.83268,5.83274,805_2551,4,0,4,0.274122
1323,0,21,1,1,transit,AM,0,5.8329,5304.42,174;800;812;751,21;265;271;241;1,,0.130831,21;265;271;241;1,174;800;812;751,3.29672,5.30442,5.83268,5.8329,799_2537,4,0,4,0.523324
1324,4,21,2,3,transit,AM,0,21.49,20000.1,178;934;946;972;928;952;956;918;899,21;335;341;354;332;344;346;326;317;2,,0.0239468,21;335;341;354;332;344;346;326;317;2,178;934;946;972;928;952;956;918;899,12.4301,20.0001,21.49,21.49,2718_7683,23,0,23,0.550776
1325,1,21,2,2,transit,AM,0,21.49,20000.1,179;936;948;974;930;954;958;920;901,21;336;342;355;333;345;347;327;318;2,,0.358055,21;336;342;355;333;345;347;327;318;2,179;936;948;974;930;954;958;920;901,12.4301,20.0001,21.49,21.49,2726_7700,23,0,23,8.23527
1326,0,21,2,1,transit,AM,0,21.49,20000.1,172;548;552;562;546;554;556;539;528,21;136;138;143;135;139;140;131;126;2,,0.617998,21;136;138;143;135;139;140;131;126;2,172;548;552;562;546;554;556;539;528,12.4301,20.0001,21.49,21.49,1111_4557,23,0,23,14.214
1327,2,21,3,3,transit,AM,0,6.43884,5873.35,175;802;814;754;759,21;266;272;242;245;3,,0.800639,21;266;272;242;245;3,175;802;814;754;759,3.65031,5.87335,6.43884,6.43884,1049_3304,5,0,5,4.00319
1328,1,21,3,2,transit,AM,0,6.4389,5873.35,176;804;816;756;761,21;267;273;243;246;3,,0.0685305,21;267;273;243;246;3,176;804;816;756;761,3.65031,5.87335,6.43884,6.4389,1053_3313,5,0,5,0.342653
1329,0,21,3,1,transit,AM,0,6.43907,5873.35,174;800;812;752;757,21;265;271;241;244;3,,0.130831,21;265;271;241;244;3,174;800;812;752;757,3.65031,5.87335,6.43884,6.43907,1045_3295,5,0,5,0.654155
1330,4,21,4,3,transit,AM,0,23.0051,21422.1,178;934;946;972;928;952;956;918;900;903,21;335;341;354;332;344;346;326;317;319;4,,0.0239468,21;335;341;354;332;344;346;326;317;319;4,178;934;946;972;928;952;956;918;900;903,13.3139,21.4221,23.0051,23.0051,3039_8587,18,0,18,0.431042
1331,1,21,4,2,transit,AM,0,23.0051,21422.1,179;936;948;974;930;954;958;920;902;905,21;336;342;355;333;345;347;327;318;320;4,,0.358055,21;336;342;355;333;345;347;327;318;320;4,179;936;948;974;930;954;958;920;902;905,13.3139,21.4221,23.0051,23.0051,3048_8606,18,0,18,6.445
1332,0,21,4,1,transit,AM,0,23.0051,21422.1,172;548;552;562;546;554;556;539;529;530,21;136;138;143;135;139;140;131;126;127;4,,0.617998,21;136;138;143;135;139;140;131;126;127;4,172;548;552;562;546;554;556;539;529;530,13.3139,21.4221,23.0051,23.0051,1240_5088,18,0,18,11.124
1333,2,21,6,3,transit,AM,0,11.7844,10890.7,175;802;814;754;760;820;765,21;266;272;242;245;275;248;6,,0.800639,21;266;272;242;245;275;248;6,175;802;814;754;760;820;765,6.76859,10.8907,11.7844,11.7844,1575_4890,2,0,2,1.60128
1334,1,21,6,2,transit,AM,0,11.7845,10890.7,176;804;816;756;762;822;767,21;267;273;243;246;276;249;6,,0.0685305,21;267;273;243;246;276;249;6,176;804;816;756;762;822;767,6.76859,10.8907,11.7844,11.7845,1581_4903,2,0,2,0.137061
1335,0,21,6,1,transit,AM,0,11.7847,10890.7,174;800;812;752;758;818;763,21;265;271;241;244;274;247;6,,0.130831,21;265;271;241;244;274;247;6,174;800;812;752;758;818;763,6.76859,10.8907,11.7844,11.7847,1569_4877,2,0,2,0.261662
1336,4,21,7,3,transit,AM,0,27.5643,25701.3,178;934;946;972;928;952;956;918;900;904;938;907,21;335;341;354;332;344;346;326;317;319;337;321;7,,0.0239468,21;335;341;354;332;344;346;326;317;319;337;321;7,178;934;946;972;928;952;956;918;900;904;938;907,15.9734,25.7013,27.5642,27.5643,3700_10433,6,0,6,0.143681
1337,1,21,7,2,transit,AM,0,27.5643,25701.3,179;936;948;974;930;954;958;920;902;906;940;909,21;336;342;355;333;345;347;327;318;320;338;322;7,,0.358055,21;336;342;355;333;345;347;327;318;320;338;322;7,179;936;948;974;930;954;958;920;902;906;940;909,15.9734,25.7013,27.5642,27.5643,3711_10456,6,0,6,2.14833
1338,0,21,7,1,transit,AM,0,27.5643,25701.3,172;548;552;562;546;554;556;539;529;531;550;532,21;136;138;143;135;139;140;131;126;127;137;128;7,,0.617998,21;136;138;143;135;139;140;131;126;127;137;128;7,172;548;552;562;546;554;556;539;529;531;550;532,15.9734,25.7013,27.5642,27.5643,1508_6171,6,0,6,3.70799
1339,1,21,8,2,transit,AM,0,13.2178,12235.9,180;998;988;1014;981,21;368;363;376;359;8,,0.124352,21;368;363;376;359;8,180;998;988;1014;981,7.60467,12.2359,13.2178,13.2178,1495_4161,6,0,6,0.74611
1340,0,21,8,1,transit,AM,0,13.2178,12235.9,173;583;576;593;569,21;154;150;159;147;8,,0.875648,21;154;150;159;147;8,173;583;576;593;569,7.60467,12.2359,13.2178,13.2178,639_2494,6,0,6,5.25389
1341,1,21,9,2,transit,AM,0,59.4321,55611.7,180;998;988;1014;982;1002;1016;1020;996;1024;1008;984,21;368;363;376;359;370;377;379;367;381;373;361;9,,0.611519,21;368;363;376;359;370;377;379;367;381;373;361;9,180;998;988;1014;982;1002;1016;1020;996;1024;1008;984,34.5629,55.6117,59.4321,59.4321,4104_11212,7,0,7,4.28063
1342,0,21,9,1,transit,AM,0,59.4321,55611.7,177;876;868;892;865;878;894;896;874;898;884;866,21;305;301;313;299;306;314;315;304;316;309;300;9,,0.388481,21;305;301;313;299;306;314;315;304;316;309;300;9,177;876;868;892;865;878;894;896;874;898;884;866,34.5629,55.6117,59.4321,59.4321,3412_9868,7,0,7,2.71937
1343,0,21,10,1,transit,AM,0,18.0361,16758.3,173;583;576;593;570;571,21;154;150;159;147;148;10,,1,21;154;150;159;147;148;10,173;583;576;593;570;571,10.4154,16.7583,18.0361,18.0361,789_3066,3,0,3,3
1344,4,21,11,3,transit,AM,0,19.7121,18331.3,178;934;946;972;928;952;956;917,21;335;341;354;332;344;346;326;11,,0.0239468,21;335;341;354;332;344;346;326;11,178;934;946;972;928;952;956;917,11.393,18.3313,19.712,19.7121,2410_6783,65,0,65,1.55654
1345,1,21,11,2,transit,AM,0,19.7121,18331.3,179;936;948;974;930;954;958;919,21;336;342;355;333;345;347;327;11,,0.358055,21;336;342;355;333;345;347;327;11,179;936;948;974;930;954;958;919,11.393,18.3313,19.712,19.7121,2417_6798,65,0,65,23.2736
1346,0,21,11,1,transit,AM,0,19.7121,18331.3,172;548;552;562;546;554;556;538,21;136;138;143;135;139;140;131;11,,0.617998,21;136;138;143;135;139;140;131;11,172;548;552;562;546;554;556;538,11.393,18.3313,19.712,19.7121,994_4028,65,0,65,40.1699
1347,1,21,13,2,transit,AM,0,3.80499,3401.24,180;998;987,21;368;363;13,,0.611519,21;368;363;13,180;998;987,2.11388,3.40124,3.80499,3.80499,765_2165,11,0,11,6.72671
1348,0,21,13,1,transit,AM,0,3.80499,3401.24,173;583;575,21;154;150;13,,0.388481,21;154;150;13,173;583;575,2.11388,3.40124,3.80499,3.80499,338_1331,11,0,11,4.27329
1349,4,21,15,3,transit,AM,0,30.2851,28255,178;934;946;972;928;952;956;918;900;904;938;908;925,21;335;341;354;332;344;346;326;317;319;337;321;330;15,,0.0239468,21;335;341;354;332;344;346;326;317;319;337;321;330;15,178;934;946;972;928;952;956;918;900;904;938;908;925,17.5606,28.255,30.2851,30.2851,4038_11359,14,0,14,0.335255
1350,1,21,15,2,transit,AM,0,30.2851,28255,179;936;948;974;930;954;958;920;902;906;940;910;926,21;336;342;355;333;345;347;327;318;320;338;322;331;15,,0.358055,21;336;342;355;333;345;347;327;318;320;338;322;331;15,179;936;948;974;930;954;958;920;902;906;940;910;926,17.5606,28.255,30.2851,30.2851,4050_11383,14,0,14,5.01277
1351,0,21,15,1,transit,AM,0,30.2851,28255,172;548;552;562;546;554;556;539;529;531;550;533;542,21;136;138;143;135;139;140;131;126;127;137;128;133;15,,0.617998,21;136;138;143;135;139;140;131;126;127;137;128;133;15,172;548;552;562;546;554;556;539;529;531;550;533;542,17.5606,28.255,30.2851,30.2851,1649_6714,14,0,14,8.65197
1352,2,21,16,3,transit,AM,0,13.8097,12791.6,175;802;814;754;760;820;766;785,21;266;272;242;245;275;248;258;16,,0.800639,21;266;272;242;245;275;248;258;16,175;802;814;754;760;820;766;785,7.95002,12.7916,13.8097,13.8097,1843_5676,15,0,15,12.0096
1353,1,21,16,2,transit,AM,0,13.8098,12791.6,176;804;816;756;762;822;768;787,21;267;273;243;246;276;249;259;16,,0.0685305,21;267;273;243;246;276;249;259;16,176;804;816;756;762;822;768;787,7.95002,12.7916,13.8097,13.8098,1850_5691,15,0,15,1.02796
1354,0,21,16,1,transit,AM,0,13.81,12791.6,174;800;812;752;758;818;764;783,21;265;271;241;244;274;247;257;16,,0.130831,21;265;271;241;244;274;247;257;16,174;800;812;752;758;818;764;783,7.95002,12.7916,13.8097,13.81,1836_5661,15,0,15,1.96246
1355,2,21,17,3,transit,AM,0,22.1628,20631.6,175;802;814;754;760;820;766;786;828;834;791,21;266;272;242;245;275;248;258;279;282;261;17,,0.800639,21;266;272;242;245;275;248;258;279;282;261;17,175;802;814;754;760;820;766;786;828;834;791,12.8226,20.6316,22.1628,22.1628,2666_8130,12,0,12,9.60766
1356,1,21,17,2,transit,AM,0,22.1628,20631.6,176;804;816;756;762;822;768;788;830;836;793,21;267;273;243;246;276;249;259;280;283;262;17,,0.0685305,21;267;273;243;246;276;249;259;280;283;262;17,176;804;816;756;762;822;768;788;830;836;793,12.8226,20.6316,22.1628,22.1628,2676_8151,12,0,12,0.822366
1357,0,21,17,1,transit,AM,0,22.1631,20631.6,174;800;812;752;758;818;764;784;826;832;789,21;265;271;241;244;274;247;257;278;281;260;17,,0.130831,21;265;271;241;244;274;247;257;278;281;260;17,174;800;812;752;758;818;764;784;826;832;789,12.8226,20.6316,22.1628,22.1631,2656_8109,12,0,12,1.56997
1358,0,21,18,1,transit,AM,0,34.6166,32320.5,173;583;576;593;570;572;595;579,21;154;150;159;147;148;160;152;18,,1,21;154;150;159;147;148;160;152;18,173;583;576;593;570;572;595;579,20.0873,32.3205,34.6166,34.6166,1109_4241,16,0,16,16
1359,4,21,19,3,transit,AM,0,17.4829,16239.1,178;934;946;972;927,21;335;341;354;332;19,,0.0239468,21;335;341;354;332;19,178;934;946;972;927,10.0927,16.2391,17.4829,17.4829,1402_3957,77,0,77,1.8439
1360,1,21,19,2,transit,AM,0,17.4829,16239.1,179;936;948;974;929,21;336;342;355;333;19,,0.358055,21;336;342;355;333;19,179;936;948;974;929,10.0927,16.2391,17.4829,17.4829,1406_3966,77,0,77,27.5703
1361,0,21,19,1,transit,AM,0,17.4829,16239.1,172;548;552;562;545,21;136;138;143;135;19,,0.617998,21;136;138;143;135;19,172;548;552;562;545,10.0927,16.2391,17.4829,17.4829,592_2379,77,0,77,47.5858
1362,1,21,20,2,transit,AM,0,35.0228,32701.7,180;998;988;1014;982;1002;1016;1020;995,21;368;363;376;359;370;377;379;367;20,,0.611519,21;368;363;376;359;370;377;379;367;20,180;998;988;1014;982;1002;1016;1020;995,20.3242,32.7017,35.0228,35.0228,3000_8195,12,0,12,7.33822
1363,0,21,20,1,transit,AM,0,35.0228,32701.7,177;876;868;892;865;878;894;896;873,21;305;301;313;299;306;314;315;304;20,,0.388481,21;305;301;313;299;306;314;315;304;20,177;876;868;892;865;878;894;896;873,20.3242,32.7017,35.0228,35.0228,2498_7219,12,0,12,4.66178
1364,4,21,22,3,transit,AM,0,25.6755,23928.5,178;934;946;972;928;952;956;918;900;904;937,21;335;341;354;332;344;346;326;317;319;337;22,,0.0239468,21;335;341;354;332;344;346;326;317;319;337;22,178;934;946;972;928;952;956;918;900;904;937,14.8716,23.9285,25.6754,25.6755,3394_9525,6,0,6,0.143681
1365,1,21,22,2,transit,AM,0,25.6755,23928.5,179;936;948;974;930;954;958;920;902;906;939,21;336;342;355;333;345;347;327;318;320;338;22,,0.358055,21;336;342;355;333;345;347;327;318;320;338;22,179;936;948;974;930;954;958;920;902;906;939,14.8716,23.9285,25.6754,25.6755,3404_9546,6,0,6,2.14833
1366,0,21,22,1,transit,AM,0,25.6755,23928.5,172;548;552;562;546;554;556;539;529;531;549,21;136;138;143;135;139;140;131;126;127;137;22,,0.617998,21;136;138;143;135;139;140;131;126;127;137;22,172;548;552;562;546;554;556;539;529;531;549,14.8716,23.9285,25.6754,25.6755,1395_5638,6,0,6,3.70799
1367,1,21,23,2,transit,AM,0,18.1257,16842.4,180;998;988;1014;982;1001,21;368;363;376;359;370;23,,0.611519,21;368;363;376;359;370;23,180;998;988;1014;982;1001,10.4676,16.8424,18.1257,18.1257,1880_5163,9,0,9,5.50367
1368,0,21,23,1,transit,AM,0,18.1257,16842.4,177;876;868;892;865;877,21;305;301;313;299;306;23,,0.388481,21;305;301;313;299;306;23,177;876;868;892;865;877,10.4676,16.8424,18.1257,18.1257,1568_4555,9,0,9,3.49633
1369,2,21,25,3,transit,AM,0,4.89546,4424.76,175;802;813,21;266;272;25,,0.800639,21;266;272;25,175;802;813,2.75,4.42476,4.89545,4.89546,584_1790,10,0,10,8.00638
1370,1,21,25,2,transit,AM,0,4.89551,4424.76,176;804;815,21;267;273;25,,0.0685305,21;267;273;25,176;804;815,2.75,4.42476,4.89545,4.89551,586_1795,10,0,10,0.685305
1371,0,21,25,1,transit,AM,0,4.89546,4424.76,172;548;551,21;136;138;25,,0.130831,21;136;138;25,172;548;551,2.75,4.42476,4.89545,4.89546,320_1271,10,0,10,1.30831
1372,2,21,26,3,transit,AM,0,8.90137,8184.66,175;802;814;754;760;819,21;266;272;242;245;275;26,,0.800639,21;266;272;242;245;275;26,175;802;814;754;760;819,5.0868,8.18466,8.90137,8.90137,1347_4124,8,0,8,6.40511
1373,1,21,26,2,transit,AM,0,8.90144,8184.66,176;804;816;756;762;821,21;267;273;243;246;276;26,,0.0685305,21;267;273;243;246;276;26,176;804;816;756;762;821,5.0868,8.18466,8.90137,8.90144,1352_4135,8,0,8,0.548244
1374,0,21,26,1,transit,AM,0,8.90162,8184.66,174;800;812;752;758;817,21;265;271;241;244;274;26,,0.130831,21;265;271;241;244;274;26,174;800;812;752;758;817,5.0868,8.18466,8.90137,8.90162,1342_4113,8,0,8,1.04665
1375,1,21,28,2,transit,AM,0,54.3052,50799.7,180;998;988;1014;982;1002;1016;1020;996;1024;1007,21;368;363;376;359;370;377;379;367;381;373;28,,0.611519,21;368;363;376;359;370;377;379;367;381;373;28,180;998;988;1014;982;1002;1016;1020;996;1024;1007,31.5722,50.7997,54.3052,54.3052,3762_10227,7,0,7,4.28063
1376,0,21,28,1,transit,AM,0,54.3052,50799.7,177;876;868;892;865;878;894;896;874;898;883,21;305;301;313;299;306;314;315;304;316;309;28,,0.388481,21;305;301;313;299;306;314;315;304;316;309;28,177;876;868;892;865;878;894;896;874;898;883,31.5722,50.7997,54.3052,54.3052,3131_9001,7,0,7,2.71937
1377,4,21,29,3,transit,AM,0,18.0844,16803.6,178;934;946;972;928;951,21;335;341;354;332;344;29,,0.0239468,21;335;341;354;332;344;29,178;934;946;972;928;951,10.4435,16.8036,18.0843,18.0844,1756_4909,52,0,52,1.24523
1378,1,21,29,2,transit,AM,0,18.0844,16803.6,179;936;948;974;930;953,21;336;342;355;333;345;29,,0.358055,21;336;342;355;333;345;29,179;936;948;974;930;953,10.4435,16.8036,18.0843,18.0844,1761_4920,52,0,52,18.6189
1379,0,21,29,1,transit,AM,0,18.0844,16803.6,172;548;552;562;546;553,21;136;138;143;135;139;29,,0.617998,21;136;138;143;135;139;29,172;548;552;562;546;553,10.4435,16.8036,18.0843,18.0844,741_2933,52,0,52,32.1359
1380,2,21,30,3,transit,AM,0,15.3251,14213.9,175;802;814;754;760;820;766;786;827,21;266;272;242;245;275;248;258;279;30,,0.800639,21;266;272;242;245;275;248;258;279;30,175;802;814;754;760;820;766;786;827,8.83399,14.2139,15.3251,15.3251,2136_6504,8,0,8,6.40511
1381,1,21,30,2,transit,AM,0,15.3252,14213.9,176;804;816;756;762;822;768;788;829,21;267;273;243;246;276;249;259;280;30,,0.0685305,21;267;273;243;246;276;249;259;280;30,176;804;816;756;762;822;768;788;829,8.83399,14.2139,15.3251,15.3252,2144_6521,8,0,8,0.548244
1382,0,21,30,1,transit,AM,0,15.3254,14213.9,174;800;812;752;758;818;764;784;825,21;265;271;241;244;274;247;257;278;30,,0.130831,21;265;271;241;244;274;247;257;278;30,174;800;812;752;758;818;764;784;825,8.83399,14.2139,15.3251,15.3254,2128_6487,8,0,8,1.04665
1383,2,21,37,3,transit,AM,0,19.0055,17668.2,175;802;814;754;760;820;766;786;828;833,21;266;272;242;245;275;248;258;279;282;37,,0.800639,21;266;272;242;245;275;248;258;279;282;37,175;802;814;754;760;820;766;786;828;833,10.9809,17.6682,19.0055,19.0055,2425_7338,3,0,3,2.40192
1384,1,21,37,2,transit,AM,0,19.0055,17668.2,176;804;816;756;762;822;768;788;830;835,21;267;273;243;246;276;249;259;280;283;37,,0.0685305,21;267;273;243;246;276;249;259;280;283;37,176;804;816;756;762;822;768;788;830;835,10.9809,17.6682,19.0055,19.0055,2434_7357,3,0,3,0.205592
1385,0,21,37,1,transit,AM,0,19.0058,17668.2,174;800;812;752;758;818;764;784;826;831,21;265;271;241;244;274;247;257;278;281;37,,0.130831,21;265;271;241;244;274;247;257;278;281;37,174;800;812;752;758;818;764;784;826;831,10.9809,17.6682,19.0055,19.0058,2416_7319,3,0,3,0.392493
1386,4,21,38,3,transit,AM,0,18.8472,17519.6,178;934;946;972;928;952;955,21;335;341;354;332;344;346;38,,0.0239468,21;335;341;354;332;344;346;38,178;934;946;972;928;952;955,10.8885,17.5196,18.8472,18.8472,2111_5865,57,0,57,1.36497
1387,1,21,38,2,transit,AM,0,18.8472,17519.6,179;936;948;974;930;954;957,21;336;342;355;333;345;347;38,,0.358055,21;336;342;355;333;345;347;38,179;936;948;974;930;954;957,10.8885,17.5196,18.8472,18.8472,2117_5878,57,0,57,20.4092
1388,0,21,38,1,transit,AM,0,18.8472,17519.6,172;548;552;562;546;554;555,21;136;138;143;135;139;140;38,,0.617998,21;136;138;143;135;139;140;38,172;548;552;562;546;554;555,10.8885,17.5196,18.8472,18.8472,890_3489,57,0,57,35.2259
1389,2,21,39,3,transit,AM,0,25.8072,24052.2,175;802;814;754;760;820;766;786;828;834;792;838,21;266;272;242;245;275;248;258;279;282;261;285;39,,0.800639,21;266;272;242;245;275;248;258;279;282;261;285;39,175;802;814;754;760;820;766;786;828;834;792;838,14.9485,24.0522,25.8072,25.8072,2973_8969,2,0,2,1.60128
1390,1,21,39,2,transit,AM,0,25.8072,24052.2,176;804;816;756;762;822;768;788;830;836;794;839,21;267;273;243;246;276;249;259;280;283;262;286;39,,0.0685305,21;267;273;243;246;276;249;259;280;283;262;286;39,176;804;816;756;762;822;768;788;830;836;794;839,14.9485,24.0522,25.8072,25.8072,2984_8991,2,0,2,0.137061
1391,0,21,39,1,transit,AM,0,25.8075,24052.2,174;800;812;752;758;818;764;784;826;832;790;837,21;265;271;241;244;274;247;257;278;281;260;284;39,,0.130831,21;265;271;241;244;274;247;257;278;281;260;284;39,174;800;812;752;758;818;764;784;826;832;790;837,14.9485,24.0522,25.8072,25.8075,2962_8947,2,0,2,0.261662
1392,1,21,41,2,transit,AM,0,8.85939,8145.21,180;998;988;1013,21;368;363;376;41,,0.611519,21;368;363;376;41,180;998;988;1013,5.06228,8.14521,8.85939,8.85939,1169_3179,19,0,19,11.6189
1393,0,21,41,1,transit,AM,0,8.85939,8145.21,173;583;576;592,21;154;150;159;41,,0.388481,21;154;150;159;41,173;583;576;592,5.06228,8.14521,8.85939,8.85939,525_1924,19,0,19,7.38115
1394,1,21,44,2,transit,AM,0,23.1606,21568.1,180;998;988;1014;982;1002;1015,21;368;363;376;359;370;377;44,,0.611519,21;368;363;376;359;370;377;44,180;998;988;1014;982;1002;1015,13.4046,21.5681,23.1606,23.1606,2278_6179,6,0,6,3.66911
1395,0,21,44,1,transit,AM,0,23.1606,21568.1,177;876;868;892;865;878;893,21;305;301;313;299;306;314;44,,0.388481,21;305;301;313;299;306;314;44,177;876;868;892;865;878;893,13.4046,21.5681,23.1606,23.1606,1903_5449,6,0,6,2.33089
1396,1,21,46,2,transit,AM,0,29.5404,27556,180;998;988;1014;982;1002;1016;1019,21;368;363;376;359;370;377;379;46,,0.611519,21;368;363;376;359;370;377;379;46,180;998;988;1014;982;1002;1016;1019,17.1262,27.556,29.5404,29.5404,2659_7199,11,0,11,6.72671
1397,0,21,46,1,transit,AM,0,29.5404,27556,177;876;868;892;865;878;894;895,21;305;301;313;299;306;314;315;46,,0.388481,21;305;301;313;299;306;314;315;46,177;876;868;892;865;878;894;895,17.1262,27.556,29.5404,29.5404,2220_6345,11,0,11,4.27329
1398,1,21,47,2,transit,AM,0,42.4389,39662.3,180;998;988;1014;982;1002;1016;1020;996;1023,21;368;363;376;359;370;377;379;367;381;47,,0.611519,21;368;363;376;359;370;377;379;367;381;47,180;998;988;1014;982;1002;1016;1020;996;1023,24.6503,39.6623,42.4389,42.4389,3408_9219,5,0,5,3.05759
1399,0,21,47,1,transit,AM,0,42.4389,39662.3,177;876;868;892;865;878;894;896;874;897,21;305;301;313;299;306;314;315;304;316;47,,0.388481,21;305;301;313;299;306;314;315;304;316;47,177;876;868;892;865;878;894;896;874;897,24.6503,39.6623,42.4389,42.4389,2841_8117,5,0,5,1.94241
1400,0,21,49,1,transit,AM,0,31.8838,29755.5,173;583;576;593;570;572;594,21;154;150;159;147;148;160;49,,1,21;154;150;159;147;148;160;49,173;583;576;593;570;572;594,18.4932,29.7555,31.8838,31.8838,988_3661,4,0,4,4
1401,4,21,50,3,transit,AM,0,7.83484,7183.6,178;934;946;971,21;335;341;354;50,,0.0239468,21;335;341;354;50,178;934;946;971,4.46464,7.1836,7.83483,7.83484,1101_3029,6,0,6,0.143681
1402,1,21,50,2,transit,AM,0,7.83485,7183.6,179;936;948;973,21;336;342;355;50,,0.358055,21;336;342;355;50,179;936;948;973,4.46464,7.1836,7.83483,7.83485,1104_3036,6,0,6,2.14833
1403,0,21,50,1,transit,AM,0,7.83484,7183.6,172;548;552;561,21;136;138;143;50,,0.617998,21;136;138;143;50,172;548;552;561,4.46464,7.1836,7.83483,7.83484,488_1833,6,0,6,3.70799
1404,4,22,1,4,transit,AM,0,20.263,18848.5,193;1100;1082;1078;1088;1112;1106;1098;1122;1075,22;419;410;408;413;425;422;418;430;407;1,,0.0239468,22;419;410;408;413;425;422;418;430;407;1,193;1100;1082;1078;1088;1112;1106;1098;1122;1075,11.7144,18.8485,20.263,20.263,3775_10054,7,0,7,0.167627
1405,2,22,1,3,transit,AM,0,20.263,18848.5,188;666;624;612;638;717;684;660;747;605,22;197;175;169;183;223;206;194;238;166;1,,0.0558212,22;197;175;169;183;223;206;194;238;166;1,188;666;624;612;638;717;684;660;747;605,11.7144,18.8485,20.263,20.263,1774_6141,7,0,7,0.390748
1406,1,22,1,2,transit,AM,0,20.263,18848.5,187;664;622;610;636;715;682;658;745;603,22;196;174;168;182;222;205;193;237;165;1,,0.738315,22;196;174;168;182;222;205;193;237;165;1,187;664;622;610;636;715;682;658;745;603,11.7144,18.8485,20.263,20.263,1765_6122,7,0,7,5.1682
1407,0,22,1,1,transit,AM,0,20.263,18848.5,186;662;620;608;634;713;680;656;743;601,22;195;173;167;181;221;204;192;236;164;1,,0.181917,22;195;173;167;181;221;204;192;236;164;1,186;662;620;608;634;713;680;656;743;601,11.7144,18.8485,20.263,20.263,1756_6103,7,0,7,1.27342
1408,4,22,2,5,transit,AM,0,4.39681,3956.71,193;1100;1082;1077,22;419;410;408;2,,0.0239468,22;419;410;408;2,193;1100;1082;1077,2.45911,3.95671,4.39681,4.39681,1261_3452,19,0,19,0.454988
1409,3,22,2,4,transit,AM,0,4.39682,3956.71,191;1000;978;975,22;369;357;356;2,,0.487167,22;369;357;356;2,191;1000;978;975,2.45911,3.95671,4.39681,4.39682,1106_3144,19,0,19,9.25617
1410,2,22,2,3,transit,AM,0,4.39683,3956.71,188;666;624;611,22;197;175;169;2,,0.0558212,22;197;175;169;2,188;666;624;611,2.45911,3.95671,4.39681,4.39683,565_2089,19,0,19,1.0606
1411,1,22,2,2,transit,AM,0,4.39681,3956.71,187;664;622;609,22;196;174;168;2,,0.302234,22;196;174;168;2,187;664;622;609,2.45911,3.95671,4.39681,4.39681,562_2082,19,0,19,5.74245
1412,0,22,2,1,transit,AM,0,4.39682,3956.71,185;585;566;563,22;155;145;144;2,,0.130831,22;155;145;144;2,185;585;566;563,2.45911,3.95671,4.39681,4.39682,468_1899,19,0,19,2.48579
1413,2,22,3,3,transit,AM,0,20.8692,19417.4,188;666;624;612;638;717;684;660;747;606;617,22;197;175;169;183;223;206;194;238;166;172;3,,0.0558212,22;197;175;169;183;223;206;194;238;166;172;3,188;666;624;612;638;717;684;660;747;606;617,12.068,19.4174,20.8692,20.8692,1948_6759,6,0,6,0.334927
1414,4,22,3,4,transit,AM,0,20.8692,19417.4,193;1100;1082;1078;1088;1112;1106;1098;1122;1076;1079,22;419;410;408;413;425;422;418;430;407;409;3,,0.0239468,22;419;410;408;413;425;422;418;430;407;409;3,193;1100;1082;1078;1088;1112;1106;1098;1122;1076;1079,12.068,19.4174,20.8692,20.8692,4186_11134,6,0,6,0.143681
1415,1,22,3,2,transit,AM,0,20.8692,19417.4,187;664;622;610;636;715;682;658;745;604;615,22;196;174;168;182;222;205;193;237;165;171;3,,0.738315,22;196;174;168;182;222;205;193;237;165;171;3,187;664;622;610;636;715;682;658;745;604;615,12.068,19.4174,20.8692,20.8692,1938_6738,6,0,6,4.42989
1416,0,22,3,1,transit,AM,0,20.8692,19417.4,186;662;620;608;634;713;680;656;743;602;613,22;195;173;167;181;221;204;192;236;164;170;3,,0.181917,22;195;173;167;181;221;204;192;236;164;170;3,186;662;620;608;634;713;680;656;743;602;613,12.068,19.4174,20.8692,20.8692,1928_6717,6,0,6,1.0915
1417,3,22,4,4,transit,AM,0,2.88173,2534.67,191;1000;977,22;369;357;4,,0.487167,22;369;357;4,191;1000;977,1.57531,2.53467,2.88173,2.88173,752_2168,6,0,6,2.923
1418,2,22,4,3,transit,AM,0,2.88174,2534.67,188;666;623,22;197;175;4,,0.0558212,22;197;175;4,188;666;623,1.57531,2.53467,2.88173,2.88174,398_1477,6,0,6,0.334927
1419,4,22,4,5,transit,AM,0,2.88173,2534.67,193;1100;1081,22;419;410;4,,0.0239468,22;419;410;4,193;1100;1081,1.57531,2.53467,2.88173,2.88173,855_2374,6,0,6,0.143681
1420,1,22,4,2,transit,AM,0,2.88173,2534.67,187;664;621,22;196;174;4,,0.145984,22;196;174;4,187;664;621,1.57531,2.53467,2.88173,2.88173,396_1472,6,0,6,0.875905
1421,0,22,4,1,transit,AM,0,2.88173,2534.67,185;585;565,22;155;145;4,,0.287081,22;155;145;4,185;585;565,1.57531,2.53467,2.88173,2.88173,326_1335,6,0,6,1.72249
1422,0,22,6,1,transit,AM,0,26.2148,24434.7,193;1100;1082;1078;1088;1112;1106;1098;1122;1076;1080;1102;1083,22;419;410;408;413;425;422;418;430;407;409;420;411;6,,1,22;419;410;408;413;425;422;418;430;407;409;420;411;6,193;1100;1082;1078;1088;1112;1106;1098;1122;1076;1080;1102;1083,15.1863,24.4347,26.2148,26.2148,5020_13320,1,0,1,1
1423,5,22,7,6,transit,AM,0,2.10022,1801.15,190;940;909,22;338;322;7,,0.233704,22;338;322;7,190;940;909,1.11942,1.80115,2.10022,2.10022,689_2039,2,0,2,0.467407
1424,4,22,7,5,transit,AM,0,2.10022,1801.15,189;938;907,22;337;321;7,,0.0239468,22;337;321;7,189;938;907,1.11942,1.80115,2.10022,2.10022,687_2034,2,0,2,0.0478935
1425,2,22,7,3,transit,AM,0,2.10022,1801.15,183;448;411,22;84;66;7,,0.0558212,22;84;66;7,183;448;411,1.11942,1.80115,2.10022,2.10022,179_1042,2,0,2,0.111642
1426,3,22,7,4,transit,AM,0,2.10022,1801.15,184;550;532,22;137;128;7,,0.487167,22;137;128;7,184;550;532,1.11942,1.80115,2.10022,2.10022,294_1266,2,0,2,0.974334
1427,1,22,7,2,transit,AM,0,2.10022,1801.15,182;446;409,22;83;65;7,,0.0685305,22;83;65;7,182;446;409,1.11942,1.80115,2.10022,2.10022,177_1037,2,0,2,0.137061
1428,0,22,7,1,transit,AM,0,2.10022,1801.15,181;444;407,22;82;64;7,,0.130831,22;82;64;7,181;444;407,1.11942,1.80115,2.10022,2.10022,175_1032,2,0,2,0.261662
1429,5,22,11,6,transit,AM,0,6.17476,5625.46,186;662;620;608;633,22;195;173;167;181;11,,0.0510864,22;195;173;167;181;11,186;662;620;608;633,3.49625,5.62546,6.17476,6.17476,749_2709,60,0,60,3.06519
1430,4,22,11,5,transit,AM,0,6.17476,5625.46,193;1100;1082;1078;1087,22;419;410;408;413;11,,0.0239468,22;419;410;408;413;11,193;1100;1082;1078;1087,3.49625,5.62546,6.17476,6.17476,1683_4540,60,0,60,1.43681
1431,2,22,11,3,transit,AM,0,6.17477,5625.46,188;666;624;612;637,22;197;175;169;183;11,,0.0558212,22;197;175;169;183;11,188;666;624;612;637,3.49625,5.62546,6.17476,6.17477,757_2727,60,0,60,3.34927
1432,1,22,11,2,transit,AM,0,6.17476,5625.46,187;664;622;610;635,22;196;174;168;182;11,,0.251148,22;196;174;168;182;11,187;664;622;610;635,3.49625,5.62546,6.17476,6.17476,753_2718,60,0,60,15.0689
1433,3,22,11,4,transit,AM,0,6.17476,5625.46,191;1000;978;976;985,22;369;357;356;362;11,,0.487167,22;369;357;356;362;11,191;1000;978;976;985,3.49625,5.62546,6.17476,6.17476,1477_4130,60,0,60,29.23
1434,0,22,11,1,transit,AM,0,6.17476,5625.46,185;585;566;564;573,22;155;145;144;149;11,,0.130831,22;155;145;144;149;11,185;585;566;564;573,3.49625,5.62546,6.17476,6.17476,626_2473,60,0,60,7.84986
1435,6,22,12,4,transit,AM,0,7.40048,6775.86,192;1052;1038;1044;1041,22;395;388;391;390;12,,0.0263672,22;395;388;391;390;12,192;1052;1038;1044;1041,4.21123,6.77586,7.40048,7.40048,1598_4367,2,0,2,0.0527344
1436,2,22,12,3,transit,AM,0,7.40048,6775.86,183;448;412;436;423,22;84;66;78;72;12,,0.0558212,22;84;66;78;72;12,183;448;412;436;423,4.21123,6.77586,7.40048,7.40048,334_1902,2,0,2,0.111642
1437,1,22,12,2,transit,AM,0,7.40048,6775.86,182;446;410;434;421,22;83;65;77;71;12,,0.143564,22;83;65;77;71;12,182;446;410;434;421,4.21123,6.77586,7.40048,7.40048,330_1893,2,0,2,0.287127
1438,0,22,12,1,transit,AM,0,7.40048,6775.86,181;444;408;432;419,22;82;64;76;70;12,,0.774248,22;82;64;76;70;12,181;444;408;432;419,4.21123,6.77586,7.40048,7.40048,326_1884,2,0,2,1.5485
1439,1,22,13,2,transit,AM,0,29.269,27301.4,191;1000;978;976;986;1012;1010;992;1026;1004;998;987,22;369;357;356;362;375;374;365;382;371;368;363;13,,0.611519,22;369;357;356;362;375;374;365;382;371;368;363;13,191;1000;978;976;986;1012;1010;992;1026;1004;998;987,16.9679,27.3014,29.269,29.269,4077_11160,2,0,2,1.22304
1440,0,22,13,1,transit,AM,0,29.269,27301.4,185;585;566;564;574;591;589;581;597;587;583;575,22;155;145;144;149;158;157;153;161;156;154;150;13,,0.388481,22;155;145;144;149;158;157;153;161;156;154;150;13,185;585;566;564;574;591;589;581;597;587;583;575,16.9679,27.3014,29.269,29.269,1717_6577,2,0,2,0.776963
1441,1,22,14,2,transit,AM,0,53.3693,49921.5,187;664;622;610;636;715;682;658;745;604;616;676;721;694;670;739;704;645,22;196;174;168;182;222;205;193;237;165;171;202;225;211;199;234;216;187;14,,0.794136,22;196;174;168;182;222;205;193;237;165;171;202;225;211;199;234;216;187;14,187;664;622;610;636;715;682;658;745;604;616;676;721;694;670;739;704;645,31.0264,49.9215,53.3693,53.3693,3423_11588,1,0,1,0.794136
1442,0,22,14,1,transit,AM,0,53.3693,49921.5,186;662;620;608;634;713;680;656;743;602;614;674;719;692;668;737;702;643,22;195;173;167;181;221;204;192;236;164;170;201;224;210;198;233;215;186;14,,0.205864,22;195;173;167;181;221;204;192;236;164;170;201;224;210;198;233;215;186;14,186;662;620;608;634;713;680;656;743;602;614;674;719;692;668;737;702;643,31.0264,49.9215,53.3693,53.3693,3406_11553,1,0,1,0.205864
1443,5,22,15,6,transit,AM,0,4.82106,4354.87,190;940;910;926,22;338;322;331;15,,0.233704,22;338;322;331;15,190;940;910;926,2.70657,4.35487,4.82106,4.82106,1028_2966,6,0,6,1.40222
1444,4,22,15,5,transit,AM,0,4.82106,4354.87,189;938;908;925,22;337;321;330;15,,0.0239468,22;337;321;330;15,189;938;908;925,2.70657,4.35487,4.82106,4.82106,1025_2960,6,0,6,0.143681
1445,3,22,15,4,transit,AM,0,4.82106,4354.87,184;550;533;542,22;137;128;133;15,,0.487167,22;137;128;133;15,184;550;533;542,2.70657,4.35487,4.82106,4.82106,435_1809,6,0,6,2.923
1446,2,22,15,3,transit,AM,0,4.82106,4354.87,183;448;412;435,22;84;66;78;15,,0.0558212,22;84;66;78;15,183;448;412;435,2.70657,4.35487,4.82106,4.82106,265_1478,6,0,6,0.334927
1447,1,22,15,2,transit,AM,0,4.82106,4354.87,182;446;410;433,22;83;65;77;15,,0.0685305,22;83;65;77;15,182;446;410;433,2.70657,4.35487,4.82106,4.82106,262_1471,6,0,6,0.411183
1448,0,22,15,1,transit,AM,0,4.82106,4354.87,181;444;408;431,22;82;64;76;15,,0.130831,22;82;64;76;15,181;444;408;431,2.70657,4.35487,4.82106,4.82106,259_1464,6,0,6,0.784986
1449,0,22,16,1,transit,AM,0,28.2401,26335.6,193;1100;1082;1078;1088;1112;1106;1098;1122;1076;1080;1102;1084;1093,22;419;410;408;413;425;422;418;430;407;409;420;411;416;16,,1,22;419;410;408;413;425;422;418;430;407;409;420;411;416;16,193;1100;1082;1078;1088;1112;1106;1098;1122;1076;1080;1102;1084;1093,16.3677,26.3356,28.2401,28.2401,5446_14414,7,0,7,7
1450,0,22,17,1,transit,AM,0,36.5931,34175.7,193;1100;1082;1078;1088;1112;1106;1098;1122;1076;1080;1102;1084;1094;1108;1110;1095,22;419;410;408;413;425;422;418;430;407;409;420;411;416;423;424;417;17,,1,22;419;410;408;413;425;422;418;430;407;409;420;411;416;423;424;417;17,193;1100;1082;1078;1088;1112;1106;1098;1122;1076;1080;1102;1084;1094;1108;1110;1095,21.2403,34.1757,36.5931,36.5931,6711_17728,2,0,2,2
1451,5,22,19,5,transit,AM,0,8.4039,7717.71,186;662;620;608;634;713;680;655,22;195;173;167;181;221;204;192;19,,0.0510864,22;195;173;167;181;221;204;192;19,186;662;620;608;634;713;680;655,4.79659,7.71771,8.4039,8.4039,1374_4758,77,0,77,3.93365
1452,4,22,19,4,transit,AM,0,8.4039,7717.71,193;1100;1082;1078;1088;1112;1106;1097,22;419;410;408;413;425;422;418;19,,0.0239468,22;419;410;408;413;425;422;418;19,193;1100;1082;1078;1088;1112;1106;1097,4.79659,7.71771,8.4039,8.4039,2956_7856,77,0,77,1.8439
1453,2,22,19,3,transit,AM,0,8.40391,7717.71,191;1000;978;976;986;1012;1010;991,22;369;357;356;362;375;374;365;19,,0.542988,22;369;357;356;362;375;374;365;19,191;1000;978;976;986;1012;1010;991,4.79659,7.71771,8.4039,8.40391,2599_7144,77,0,77,41.8101
1454,1,22,19,2,transit,AM,0,8.4039,7717.71,187;664;622;610;636;715;682;657,22;196;174;168;182;222;205;193;19,,0.0948977,22;196;174;168;182;222;205;193;19,187;664;622;610;636;715;682;657,4.79659,7.71771,8.4039,8.4039,1381_4773,77,0,77,7.30712
1455,0,22,19,1,transit,AM,0,8.40391,7717.71,185;585;566;564;574;591;589;580,22;155;145;144;149;158;157;153;19,,0.287081,22;155;145;144;149;158;157;153;19,185;585;566;564;574;591;589;580,4.79659,7.71771,8.4039,8.40391,1102_4234,77,0,77,22.1052
1456,1,22,24,2,transit,AM,0,39.0024,36437,187;664;622;610;636;715;682;658;745;604;616;676;721;694;669,22;196;174;168;182;222;205;193;237;165;171;202;225;211;199;24,,0.794136,22;196;174;168;182;222;205;193;237;165;171;202;225;211;199;24,187;664;622;610;636;715;682;658;745;604;616;676;721;694;669,22.6458,36.437,39.0024,39.0024,2796_9499,1,0,1,0.794136
1457,0,22,24,1,transit,AM,0,39.0024,36437,186;662;620;608;634;713;680;656;743;602;614;674;719;692;667,22;195;173;167;181;221;204;192;236;164;170;201;224;210;198;24,,0.205864,22;195;173;167;181;221;204;192;236;164;170;201;224;210;198;24,186;662;620;608;634;713;680;656;743;602;614;674;719;692;667,22.6458,36.437,39.0024,39.0024,2782_9470,1,0,1,0.205864
1458,1,22,25,2,transit,AM,0,20.9913,19532,191;1000;978;976;986;1012;1010;992;1026;1003,22;369;357;356;362;375;374;365;382;371;25,,0.611519,22;369;357;356;362;375;374;365;382;371;25,191;1000;978;976;986;1012;1010;992;1026;1003,12.1392,19.532,20.9913,20.9913,3358_9174,2,0,2,1.22304
1459,0,22,25,1,transit,AM,0,20.9913,19532,185;585;566;564;574;591;589;581;597;586,22;155;145;144;149;158;157;153;161;156;25,,0.388481,22;155;145;144;149;158;157;153;161;156;25,185;585;566;564;574;591;589;581;597;586,12.1392,19.532,20.9913,20.9913,1425_5418,2,0,2,0.776963
1460,4,22,26,4,transit,AM,0,23.3317,21728.7,193;1100;1082;1078;1088;1112;1106;1098;1122;1076;1080;1101,22;419;410;408;413;425;422;418;430;407;409;420;26,,0.0239468,22;419;410;408;413;425;422;418;430;407;409;420;26,193;1100;1082;1078;1088;1112;1106;1098;1122;1076;1080;1101,13.5045,21.7287,23.3317,23.3317,4629_12236,2,0,2,0.0478935
1461,2,22,26,3,transit,AM,0,23.3317,21728.7,188;666;624;612;638;717;684;660;747;606;618;677,22;197;175;169;183;223;206;194;238;166;172;203;26,,0.0558212,22;197;175;169;183;223;206;194;238;166;172;203;26,188;666;624;612;638;717;684;660;747;606;618;677,13.5045,21.7287,23.3317,23.3317,2174_7437,2,0,2,0.111642
1462,1,22,26,2,transit,AM,0,23.3317,21728.7,187;664;622;610;636;715;682;658;745;604;616;675,22;196;174;168;182;222;205;193;237;165;171;202;26,,0.738315,22;196;174;168;182;222;205;193;237;165;171;202;26,187;664;622;610;636;715;682;658;745;604;616;675,13.5045,21.7287,23.3317,23.3317,2163_7414,2,0,2,1.47663
1463,0,22,26,1,transit,AM,0,23.3317,21728.7,186;662;620;608;634;713;680;656;743;602;614;673,22;195;173;167;181;221;204;192;236;164;170;201;26,,0.181917,22;195;173;167;181;221;204;192;236;164;170;201;26,186;662;620;608;634;713;680;656;743;602;614;673,13.5045,21.7287,23.3317,23.3317,2152_7391,2,0,2,0.363835
1464,0,22,27,1,transit,AM,0,20.0392,18638.3,192;1052;1038;1044;1042;1072;1067;1069;1055,22;395;388;391;390;405;403;404;397;27,,1,22;395;388;391;390;405;403;404;397;27,192;1052;1038;1044;1042;1072;1067;1069;1055,11.5838,18.6383,20.0392,20.0392,3222_8631,9,0,9,9
1465,5,22,29,5,transit,AM,0,7.80246,7153.19,186;662;620;608;634;713;679,22;195;173;167;181;221;204;29,,0.0510864,22;195;173;167;181;221;204;29,186;662;620;608;634;713;679,4.44574,7.15319,7.80245,7.80246,1192_4102,85,0,85,4.34235
1466,4,22,29,4,transit,AM,0,7.80246,7153.19,193;1100;1082;1078;1088;1112;1105,22;419;410;408;413;425;422;29,,0.0239468,22;419;410;408;413;425;422;29,193;1100;1082;1078;1088;1112;1105,4.44574,7.15319,7.80245,7.80246,2548_6758,85,0,85,2.03547
1467,2,22,29,3,transit,AM,0,7.80246,7153.19,191;1000;978;976;986;1012;1009,22;369;357;356;362;375;374;29,,0.542988,22;369;357;356;362;375;374;29,191;1000;978;976;986;1012;1009,4.44574,7.15319,7.80245,7.80246,2244_6152,85,0,85,46.154
1468,1,22,29,2,transit,AM,0,7.80246,7153.19,187;664;622;610;636;715;681,22;196;174;168;182;222;205;29,,0.0948977,22;196;174;168;182;222;205;29,187;664;622;610;636;715;681,4.44574,7.15319,7.80245,7.80246,1198_4115,85,0,85,8.0663
1469,0,22,29,1,transit,AM,0,7.80246,7153.19,185;585;566;564;574;591;588,22;155;145;144;149;158;157;29,,0.287081,22;155;145;144;149;158;157;29,185;585;566;564;574;591;588,4.44574,7.15319,7.80245,7.80246,959_3653,85,0,85,24.4019
1470,1,22,33,2,transit,AM,0,33.2116,31001.8,187;664;622;610;636;715;682;658;745;604;616;676;721;693,22;196;174;168;182;222;205;193;237;165;171;202;225;211;33,,0.794136,22;196;174;168;182;222;205;193;237;165;171;202;225;211;33,187;664;622;610;636;715;682;658;745;604;616;676;721;693,19.2678,31.0018,33.2116,33.2116,2606_8829,1,0,1,0.794136
1471,0,22,33,1,transit,AM,0,33.2116,31001.8,186;662;620;608;634;713;680;656;743;602;614;674;719;691,22;195;173;167;181;221;204;192;236;164;170;201;224;210;33,,0.205864,22;195;173;167;181;221;204;192;236;164;170;201;224;210;33,186;662;620;608;634;713;680;656;743;602;614;674;719;691,19.2678,31.0018,33.2116,33.2116,2593_8802,1,0,1,0.205864
1472,1,22,35,2,transit,AM,0,47.444,44360.1,187;664;622;610;636;715;682;658;745;604;616;676;721;694;670;739;703,22;196;174;168;182;222;205;193;237;165;171;202;225;211;199;234;216;35,,0.794136,22;196;174;168;182;222;205;193;237;165;171;202;225;211;199;234;216;35,187;664;622;610;636;715;682;658;745;604;616;676;721;694;670;739;703,27.57,44.3601,47.444,47.444,3257_10942,1,0,1,0.794136
1473,0,22,35,1,transit,AM,0,47.444,44360.1,186;662;620;608;634;713;680;656;743;602;614;674;719;692;668;737;701,22;195;173;167;181;221;204;192;236;164;170;201;224;210;198;233;215;35,,0.205864,22;195;173;167;181;221;204;192;236;164;170;201;224;210;198;233;215;35,186;662;620;608;634;713;680;656;743;602;614;674;719;692;668;737;701,27.57,44.3601,47.444,47.444,3241_10909,1,0,1,0.205864
1474,1,22,36,2,transit,AM,0,64.6228,60483.9,187;664;622;610;636;715;682;658;745;604;616;676;721;694;670;739;704;646;688;708,22;196;174;168;182;222;205;193;237;165;171;202;225;211;199;234;216;187;208;219;36,,0.794136,22;196;174;168;182;222;205;193;237;165;171;202;225;211;199;234;216;187;208;219;36,187;664;622;610;636;715;682;658;745;604;616;676;721;694;670;739;704;646;688;708,37.591,60.4839,64.6228,64.6228,3872_12985,1,0,1,0.794136
1475,0,22,36,1,transit,AM,0,64.6228,60483.9,186;662;620;608;634;713;680;656;743;602;614;674;719;692;668;737;702;644;686;707,22;195;173;167;181;221;204;192;236;164;170;201;224;210;198;233;215;186;207;218;36,,0.205864,22;195;173;167;181;221;204;192;236;164;170;201;224;210;198;233;215;186;207;218;36,186;662;620;608;634;713;680;656;743;602;614;674;719;692;668;737;702;644;686;707,37.591,60.4839,64.6228,64.6228,3853_12947,1,0,1,0.205864
1476,0,22,37,1,transit,AM,0,33.4358,31212.3,193;1100;1082;1078;1088;1112;1106;1098;1122;1076;1080;1102;1084;1094;1108;1109,22;419;410;408;413;425;422;418;430;407;409;420;411;416;423;424;37,,1,22;419;410;408;413;425;422;418;430;407;409;420;411;416;423;424;37,193;1100;1082;1078;1088;1112;1106;1098;1122;1076;1080;1102;1084;1094;1108;1109,19.3986,31.2123,33.4358,33.4358,6314_16632,2,0,2,2
1477,5,22,38,6,transit,AM,0,7.0396,6437.19,186;662;620;608;634;712,22;195;173;167;181;221;38,,0.0510864,22;195;173;167;181;221;38,186;662;620;608;634;712,4.00074,6.43719,7.0396,7.0396,997_3422,43,0,43,2.19672
1478,3,22,38,4,transit,AM,0,7.03961,6437.19,191;1000;978;976;986;1011,22;369;357;356;362;375;38,,0.487167,22;369;357;356;362;375;38,191;1000;978;976;986;1011,4.00074,6.43719,7.0396,7.03961,1879_5142,43,0,43,20.9482
1479,2,22,38,3,transit,AM,0,7.03962,6437.19,188;666;624;612;638;716,22;197;175;169;183;223;38,,0.0558212,22;197;175;169;183;223;38,188;666;624;612;638;716,4.00074,6.43719,7.0396,7.03962,1007_3444,43,0,43,2.40031
1480,4,22,38,5,transit,AM,0,7.0396,6437.19,193;1100;1082;1078;1088;1111,22;419;410;408;413;425;38,,0.0239468,22;419;410;408;413;425;38,193;1100;1082;1078;1088;1111,4.00074,6.43719,7.0396,7.0396,2135_5652,43,0,43,1.02971
1481,1,22,38,2,transit,AM,0,7.0396,6437.19,187;664;622;610;636;714,22;196;174;168;182;222;38,,0.251148,22;196;174;168;182;222;38,187;664;622;610;636;714,4.00074,6.43719,7.0396,7.0396,1002_3433,43,0,43,10.7994
1482,0,22,38,1,transit,AM,0,7.03961,6437.19,185;585;566;564;574;590,22;155;145;144;149;158;38,,0.130831,22;155;145;144;149;158;38,185;585;566;564;574;590,4.00074,6.43719,7.0396,7.03961,811_3064,43,0,43,5.62573
1483,0,22,39,1,transit,AM,0,40.2375,37596.3,193;1100;1082;1078;1088;1112;1106;1098;1122;1076;1080;1102;1084;1094;1108;1110;1096;1113,22;419;410;408;413;425;422;418;430;407;409;420;411;416;423;424;417;426;39,,1,22;419;410;408;413;425;422;418;430;407;409;420;411;416;423;424;417;426;39,193;1100;1082;1078;1088;1112;1106;1098;1122;1076;1080;1102;1084;1094;1108;1110;1096;1113,23.3662,37.5963,40.2375,40.2375,7159_18842,1,0,1,1
1484,2,22,40,3,transit,AM,0,25.7386,23987.8,188;666;624;612;638;717;684;660;747;606;618;678;722,22;197;175;169;183;223;206;194;238;166;172;203;226;40,,0.0558212,22;197;175;169;183;223;206;194;238;166;172;203;226;40,188;666;624;612;638;717;684;660;747;606;618;678;722,14.9085,23.9878,25.7386,25.7386,2414_8160,1,0,1,0.0558212
1485,1,22,40,2,transit,AM,0,25.7386,23987.8,187;664;622;610;636;715;682;658;745;604;616;676;720,22;196;174;168;182;222;205;193;237;165;171;202;225;40,,0.738315,22;196;174;168;182;222;205;193;237;165;171;202;225;40,187;664;622;610;636;715;682;658;745;604;616;676;720,14.9085,23.9878,25.7386,25.7386,2402_8135,1,0,1,0.738315
1486,0,22,40,1,transit,AM,0,25.7386,23987.8,186;662;620;608;634;713;680;656;743;602;614;674;718,22;195;173;167;181;221;204;192;236;164;170;201;224;40,,0.205864,22;195;173;167;181;221;204;192;236;164;170;201;224;40,186;662;620;608;634;713;680;656;743;602;614;674;718,14.9085,23.9878,25.7386,25.7386,2390_8110,1,0,1,0.205864
1487,1,22,41,2,transit,AM,0,34.3234,32045.3,191;1000;978;976;986;1012;1010;992;1026;1004;998;988;1013,22;369;357;356;362;375;374;365;382;371;368;363;376;41,,0.611519,22;369;357;356;362;375;374;365;382;371;368;363;376;41,191;1000;978;976;986;1012;1010;992;1026;1004;998;988;1013,19.9163,32.0453,34.3234,34.3234,4481_12174,1,0,1,0.611519
1488,0,22,41,1,transit,AM,0,34.3234,32045.3,185;585;566;564;574;591;589;581;597;587;583;576;592,22;155;145;144;149;158;157;153;161;156;154;150;159;41,,0.388481,22;155;145;144;149;158;157;153;161;156;154;150;159;41,185;585;566;564;574;591;589;581;597;587;583;576;592,19.9163,32.0453,34.3234,34.3234,1904_7170,1,0,1,0.388481
1489,2,22,43,3,transit,AM,0,18.1058,16823.7,183;448;412;436;424;515;506;509,22;84;66;78;72;119;113;116;43,,0.0558212,22;84;66;78;72;119;113;116;43,183;448;412;436;424;515;506;509,10.456,16.8237,18.1058,18.1058,713_3433,5,0,5,0.279106
1490,1,22,43,2,transit,AM,0,18.1058,16823.7,182;446;410;434;422;513;504;508,22;83;65;77;71;118;112;115;43,,0.143564,22;83;65;77;71;118;112;115;43,182;446;410;434;422;513;504;508,10.456,16.8237,18.1058,18.1058,706_3419,5,0,5,0.717818
1491,0,22,43,1,transit,AM,0,18.1058,16823.7,181;444;408;432;420;511;502;507,22;82;64;76;70;117;111;114;43,,0.800615,22;82;64;76;70;117;111;114;43,181;444;408;432;420;511;502;507,10.456,16.8237,18.1058,18.1058,699_3405,5,0,5,4.00308
1492,0,22,46,1,transit,AM,0,55.0045,51456.1,191;1000;978;976;986;1012;1010;992;1026;1004;998;988;1014;982;1002;1016;1019,22;369;357;356;362;375;374;365;382;371;368;363;376;359;370;377;379;46,,1,22;369;357;356;362;375;374;365;382;371;368;363;376;359;370;377;379;46,191;1000;978;976;986;1012;1010;992;1026;1004;998;988;1014;982;1002;1016;1019,31.9802,51.4561,55.0045,55.0045,5971_16194,2,0,2,2
1493,0,22,47,1,transit,AM,0,67.903,63562.4,191;1000;978;976;986;1012;1010;992;1026;1004;998;988;1014;982;1002;1016;1020;996;1023,22;369;357;356;362;375;374;365;382;371;368;363;376;359;370;377;379;367;381;47,,1,22;369;357;356;362;375;374;365;382;371;368;363;376;359;370;377;379;367;381;47,191;1000;978;976;986;1012;1010;992;1026;1004;998;988;1014;982;1002;1016;1020;996;1023,39.5043,63.5624,67.903,67.903,6720_18214,2,0,2,2
1494,1,22,48,2,transit,AM,0,44.5586,41651.9,187;664;622;610;636;715;682;658;745;604;616;676;721;694;670;738,22;196;174;168;182;222;205;193;237;165;171;202;225;211;199;234;48,,0.794136,22;196;174;168;182;222;205;193;237;165;171;202;225;211;199;234;48,187;664;622;610;636;715;682;658;745;604;616;676;721;694;670;738,25.8868,41.6519,44.5586,44.5586,3054_10238,1,0,1,0.794136
1495,0,22,48,1,transit,AM,0,44.5586,41651.9,186;662;620;608;634;713;680;656;743;602;614;674;719;692;668;736,22;195;173;167;181;221;204;192;236;164;170;201;224;210;198;233;48,,0.205864,22;195;173;167;181;221;204;192;236;164;170;201;224;210;198;233;48,186;662;620;608;634;713;680;656;743;602;614;674;719;692;668;736,25.8868,41.6519,44.5586,44.5586,3039_10207,1,0,1,0.205864
1496,2,22,50,3,transit,AM,0,18.0519,16773.2,191;1000;978;976;986;1012;1010;992;1025,22;369;357;356;362;375;374;365;382;50,,0.542988,22;369;357;356;362;375;374;365;382;50,191;1000;978;976;986;1012;1010;992;1025,10.4246,16.7732,18.0519,18.0519,3012_8170,3,0,3,1.62896
1497,5,22,50,5,transit,AM,0,18.0519,16773.2,186;662;620;608;634;713;680;656;742,22;195;173;167;181;221;204;192;236;50,,0.0510864,22;195;173;167;181;221;204;192;236;50,186;662;620;608;634;713;680;656;742,10.4246,16.7732,18.0519,18.0519,1641_5501,3,0,3,0.153259
1498,4,22,50,4,transit,AM,0,18.0519,16773.2,193;1100;1082;1078;1088;1112;1106;1098;1121,22;419;410;408;413;425;422;418;430;50,,0.0239468,22;419;410;408;413;425;422;418;430;50,193;1100;1082;1078;1088;1112;1106;1098;1121,10.4246,16.7732,18.0519,18.0519,3417_8978,3,0,3,0.0718403
1499,1,22,50,2,transit,AM,0,18.0519,16773.2,187;664;622;610;636;715;682;658;744,22;196;174;168;182;222;205;193;237;50,,0.0948977,22;196;174;168;182;222;205;193;237;50,187;664;622;610;636;715;682;658;744,10.4246,16.7732,18.0519,18.0519,1649_5518,3,0,3,0.284693
1500,0,22,50,1,transit,AM,0,18.0519,16773.2,185;585;566;564;574;591;589;581;596,22;155;145;144;149;158;157;153;161;50,,0.287081,22;155;145;144;149;158;157;153;161;50,185;585;566;564;574;591;589;581;596,10.4246,16.7732,18.0519,18.0519,1294_4831,3,0,3,0.861243
1501,2,23,1,3,transit,AM,0,23.747,22118.5,195;808;772;843;780;802;814;753,23;269;251;288;255;266;272;242;1,,0.800639,23;269;251;288;255;266;272;242;1,195;808;772;843;780;802;814;753,13.7467,22.1185,23.747,23.747,1867_5767,20,0,20,16.0128
1502,1,23,1,2,transit,AM,0,23.7472,22118.5,196;810;774;845;782;804;816;755,23;270;252;289;256;267;273;243;1,,0.0685305,23;270;252;289;256;267;273;243;1,196;810;774;845;782;804;816;755,13.7467,22.1185,23.747,23.7472,1874_5782,20,0,20,1.37061
1503,0,23,1,1,transit,AM,0,23.7475,22118.5,194;806;770;841;778;800;812;751,23;268;250;287;254;265;271;241;1,,0.130831,23;268;250;287;254;265;271;241;1,194;806;770;841;778;800;812;751,13.7467,22.1185,23.747,23.7475,1860_5752,20,0,20,2.61662
1504,1,23,2,2,transit,AM,0,39.4044,36814.1,199;944;914;962;924;936;948;974;930;954;958;920;901,23;340;324;349;329;336;342;355;333;345;347;327;318;2,,0.845222,23;340;324;349;329;336;342;355;333;345;347;327;318;2,199;944;914;962;924;936;948;974;930;954;958;920;901,22.8801,36.8141,39.4043,39.4044,4070_11464,15,0,15,12.6783
1505,0,23,2,1,transit,AM,0,39.4044,36814.1,198;942;912;960;922;934;946;972;928;952;956;918;899,23;339;323;348;328;335;341;354;332;344;346;326;317;2,,0.154778,23;339;323;348;328;335;341;354;332;344;346;326;317;2,198;942;912;960;922;934;946;972;928;952;956;918;899,22.8801,36.8141,39.4043,39.4044,4058_11439,15,0,15,2.32167
1506,2,23,3,3,transit,AM,0,24.3532,22687.4,195;808;772;843;780;802;814;754;759,23;269;251;288;255;266;272;242;245;3,,0.800639,23;269;251;288;255;266;272;242;245;3,195;808;772;843;780;802;814;754;759,14.1003,22.6874,24.3532,24.3532,2114_6527,14,0,14,11.2089
1507,1,23,3,2,transit,AM,0,24.3534,22687.4,196;810;774;845;782;804;816;756;761,23;270;252;289;256;267;273;243;246;3,,0.0685305,23;270;252;289;256;267;273;243;246;3,196;810;774;845;782;804;816;756;761,14.1003,22.6874,24.3532,24.3534,2122_6544,14,0,14,0.959427
1508,0,23,3,1,transit,AM,0,24.3536,22687.4,194;806;770;841;778;800;812;752;757,23;268;250;287;254;265;271;241;244;3,,0.130831,23;268;250;287;254;265;271;241;244;3,194;806;770;841;778;800;812;752;757,14.1003,22.6874,24.3532,24.3536,2106_6510,14,0,14,1.83163
1509,1,23,4,2,transit,AM,0,40.9195,38236.2,199;944;914;962;924;936;948;974;930;954;958;920;902;905,23;340;324;349;329;336;342;355;333;345;347;327;318;320;4,,0.845222,23;340;324;349;329;336;342;355;333;345;347;327;318;320;4,199;944;914;962;924;936;948;974;930;954;958;920;902;905,23.7639,38.2362,40.9194,40.9195,4392_12370,7,0,7,5.91656
1510,0,23,4,1,transit,AM,0,40.9195,38236.2,198;942;912;960;922;934;946;972;928;952;956;918;900;903,23;339;323;348;328;335;341;354;332;344;346;326;317;319;4,,0.154778,23;339;323;348;328;335;341;354;332;344;346;326;317;319;4,198;942;912;960;922;934;946;972;928;952;956;918;900;903,23.7639,38.2362,40.9194,40.9195,4379_12343,7,0,7,1.08344
1511,2,23,6,3,transit,AM,0,29.6988,27704.7,195;808;772;843;780;802;814;754;760;820;765,23;269;251;288;255;266;272;242;245;275;248;6,,0.800639,23;269;251;288;255;266;272;242;245;275;248;6,195;808;772;843;780;802;814;754;760;820;765,17.2186,27.7047,29.6988,29.6988,2640_8113,1,0,1,0.800639
1512,1,23,6,2,transit,AM,0,29.699,27704.7,196;810;774;845;782;804;816;756;762;822;767,23;270;252;289;256;267;273;243;246;276;249;6,,0.0685305,23;270;252;289;256;267;273;243;246;276;249;6,196;810;774;845;782;804;816;756;762;822;767,17.2186,27.7047,29.6988,29.699,2650_8134,1,0,1,0.0685305
1513,0,23,6,1,transit,AM,0,29.6993,27704.7,194;806;770;841;778;800;812;752;758;818;763,23;268;250;287;254;265;271;241;244;274;247;6,,0.130831,23;268;250;287;254;265;271;241;244;274;247;6,194;806;770;841;778;800;812;752;758;818;763,17.2186,27.7047,29.6988,29.6993,2630_8092,1,0,1,0.130831
1514,2,23,8,3,transit,AM,0,5.11938,4634.83,195;808;771,23;269;251;8,,0.800639,23;269;251;8,195;808;771,2.88057,4.63483,5.11938,5.11938,551_1774,5,0,5,4.00319
1515,1,23,8,2,transit,AM,0,5.11939,4634.83,196;810;773,23;270;252;8,,0.0685305,23;270;252;8,196;810;773,2.88057,4.63483,5.11938,5.11939,553_1779,5,0,5,0.342653
1516,0,23,8,1,transit,AM,0,5.1194,4634.83,194;806;769,23;268;250;8,,0.130831,23;268;250;8,194;806;769,2.88057,4.63483,5.11938,5.1194,549_1769,5,0,5,0.654155
1517,1,23,9,2,transit,AM,0,41.5178,38797.7,200;1002;1016;1020;996;1024;1008;984,23;370;377;379;367;381;373;361;9,,0.611519,23;370;377;379;367;381;373;361;9,200;1002;1016;1020;996;1024;1008;984,24.1129,38.7977,41.5178,41.5178,2640_7250,5,0,5,3.05759
1518,0,23,9,1,transit,AM,0,41.5178,38797.7,197;878;894;896;874;898;884;866,23;306;314;315;304;316;309;300;9,,0.388481,23;306;314;315;304;316;309;300;9,197;878;894;896;874;898;884;866,24.1129,38.7977,41.5178,41.5178,2196_6387,5,0,5,1.94241
1519,1,23,11,2,transit,AM,0,37.6264,35145.4,199;944;914;962;924;936;948;974;930;954;958;919,23;340;324;349;329;336;342;355;333;345;347;327;11,,0.845222,23;340;324;349;329;336;342;355;333;345;347;327;11,199;944;914;962;924;936;948;974;930;954;958;919,21.843,35.1454,37.6264,37.6264,3761_10562,23,0,23,19.4401
1520,0,23,11,1,transit,AM,0,37.6264,35145.4,198;942;912;960;922;934;946;972;928;952;956;917,23;339;323;348;328;335;341;354;332;344;346;326;11,,0.154778,23;339;323;348;328;335;341;354;332;344;346;326;11,198;942;912;960;922;934;946;972;928;952;956;917,21.843,35.1454,37.6264,37.6264,3750_10539,23,0,23,3.55989
1521,2,23,13,3,transit,AM,0,14.5321,13469.5,195;808;772;843;779,23;269;251;288;255;13,,0.800639,23;269;251;288;255;13,195;808;772;843;779,8.37135,13.4695,14.5321,14.5321,1099_3397,13,0,13,10.4083
1522,1,23,13,2,transit,AM,0,14.5322,13469.5,196;810;774;845;781,23;270;252;289;256;13,,0.0685305,23;270;252;289;256;13,196;810;774;845;781,8.37135,13.4695,14.5321,14.5322,1103_3406,13,0,13,0.890897
1523,0,23,13,1,transit,AM,0,14.5323,13469.5,194;806;770;841;777,23;268;250;287;254;13,,0.130831,23;268;250;287;254;13,194;806;770;841;777,8.37135,13.4695,14.5321,14.5323,1095_3388,13,0,13,1.7008
1524,1,23,15,2,transit,AM,0,48.1995,45069,199;944;914;962;924;936;948;974;930;954;958;920;902;906;940;910;926,23;340;324;349;329;336;342;355;333;345;347;327;318;320;338;322;331;15,,0.845222,23;340;324;349;329;336;342;355;333;345;347;327;318;320;338;322;331;15,199;944;914;962;924;936;948;974;930;954;958;920;902;906;940;910;926,28.0106,45.069,48.1994,48.1995,5394_15147,3,0,3,2.53567
1525,0,23,15,1,transit,AM,0,48.1994,45069,198;942;912;960;922;934;946;972;928;952;956;918;900;904;938;908;925,23;339;323;348;328;335;341;354;332;344;346;326;317;319;337;321;330;15,,0.154778,23;339;323;348;328;335;341;354;332;344;346;326;317;319;337;321;330;15,198;942;912;960;922;934;946;972;928;952;956;918;900;904;938;908;925,28.0106,45.069,48.1994,48.1994,5378_15115,3,0,3,0.464333
1526,2,23,16,3,transit,AM,0,31.7241,29605.6,195;808;772;843;780;802;814;754;760;820;766;785,23;269;251;288;255;266;272;242;245;275;248;258;16,,0.800639,23;269;251;288;255;266;272;242;245;275;248;258;16,195;808;772;843;780;802;814;754;760;820;766;785,18.4,29.6056,31.7241,31.7241,2908_8899,9,0,9,7.20575
1527,1,23,16,2,transit,AM,0,31.7243,29605.6,196;810;774;845;782;804;816;756;762;822;768;787,23;270;252;289;256;267;273;243;246;276;249;259;16,,0.0685305,23;270;252;289;256;267;273;243;246;276;249;259;16,196;810;774;845;782;804;816;756;762;822;768;787,18.4,29.6056,31.7241,31.7243,2919_8922,9,0,9,0.616775
1528,0,23,16,1,transit,AM,0,31.7246,29605.6,194;806;770;841;778;800;812;752;758;818;764;783,23;268;250;287;254;265;271;241;244;274;247;257;16,,0.130831,23;268;250;287;254;265;271;241;244;274;247;257;16,194;806;770;841;778;800;812;752;758;818;764;783,18.4,29.6056,31.7241,31.7246,2897_8876,9,0,9,1.17748
1529,2,23,17,3,transit,AM,0,40.0771,37445.7,195;808;772;843;780;802;814;754;760;820;766;786;828;834;791,23;269;251;288;255;266;272;242;245;275;248;258;279;282;261;17,,0.800639,23;269;251;288;255;266;272;242;245;275;248;258;279;282;261;17,195;808;772;843;780;802;814;754;760;820;766;786;828;834;791,23.2726,37.4457,40.0771,40.0771,3731_11353,2,0,2,1.60128
1530,1,23,17,2,transit,AM,0,40.0773,37445.7,196;810;774;845;782;804;816;756;762;822;768;788;830;836;793,23;270;252;289;256;267;273;243;246;276;249;259;280;283;262;17,,0.0685305,23;270;252;289;256;267;273;243;246;276;249;259;280;283;262;17,196;810;774;845;782;804;816;756;762;822;768;788;830;836;793,23.2726,37.4457,40.0771,40.0773,3745_11382,2,0,2,0.137061
1531,0,23,17,1,transit,AM,0,40.0776,37445.7,194;806;770;841;778;800;812;752;758;818;764;784;826;832;789,23;268;250;287;254;265;271;241;244;274;247;257;278;281;260;17,,0.130831,23;268;250;287;254;265;271;241;244;274;247;257;278;281;260;17,194;806;770;841;778;800;812;752;758;818;764;784;826;832;789,23.2726,37.4457,40.0771,40.0776,3717_11324,2,0,2,0.261662
1532,1,23,19,2,transit,AM,0,35.3973,33053.1,199;944;914;962;924;936;948;974;929,23;340;324;349;329;336;342;355;333;19,,0.845222,23;340;324;349;329;336;342;355;333;19,199;944;914;962;924;936;948;974;929,20.5427,33.0531,35.3972,35.3973,2750_7730,40,0,40,33.8089
1533,0,23,19,1,transit,AM,0,35.3972,33053.1,198;942;912;960;922;934;946;972;927,23;339;323;348;328;335;341;354;332;19,,0.154778,23;339;323;348;328;335;341;354;332;19,198;942;912;960;922;934;946;972;927,20.5427,33.0531,35.3972,35.3972,2742_7713,40,0,40,6.19111
1534,1,23,20,2,transit,AM,0,17.1086,15887.7,200;1002;1016;1020;995,23;370;377;379;367;20,,0.611519,23;370;377;379;367;20,200;1002;1016;1020;995,9.87425,15.8877,17.1086,17.1086,1536_4233,14,0,14,8.56126
1535,0,23,20,1,transit,AM,0,17.1086,15887.7,197;878;894;896;873,23;306;314;315;304;20,,0.388481,23;306;314;315;304;20,197;878;894;896;873,9.87425,15.8877,17.1086,17.1086,1282_3738,14,0,14,5.43874
1536,2,23,21,3,transit,AM,0,18.1257,16842.4,195;808;772;843;780;801,23;269;251;288;255;266;21,,0.800639,23;269;251;288;255;266;21,195;808;772;843;780;801,10.4676,16.8424,18.1257,18.1257,1373_4199,14,0,14,11.2089
1537,1,23,21,2,transit,AM,0,18.1258,16842.4,196;810;774;845;782;803,23;270;252;289;256;267;21,,0.0685305,23;270;252;289;256;267;21,196;810;774;845;782;803,10.4676,16.8424,18.1257,18.1258,1378_4210,14,0,14,0.959427
1538,0,23,21,1,transit,AM,0,18.1259,16842.4,194;806;770;841;778;799,23;268;250;287;254;265;21,,0.130831,23;268;250;287;254;265;21,194;806;770;841;778;799,10.4676,16.8424,18.1257,18.1259,1368_4188,14,0,14,1.83163
1539,1,23,22,2,transit,AM,0,43.5898,40742.5,199;944;914;962;924;936;948;974;930;954;958;920;902;906;939,23;340;324;349;329;336;342;355;333;345;347;327;318;320;338;22,,0.845222,23;340;324;349;329;336;342;355;333;345;347;327;318;320;338;22,199;944;914;962;924;936;948;974;930;954;958;920;902;906;939,25.3216,40.7425,43.5898,43.5898,4748_13310,2,0,2,1.69044
1540,0,23,22,1,transit,AM,0,43.5898,40742.5,198;942;912;960;922;934;946;972;928;952;956;918;900;904;937,23;339;323;348;328;335;341;354;332;344;346;326;317;319;337;22,,0.154778,23;339;323;348;328;335;341;354;332;344;346;326;317;319;337;22,198;942;912;960;922;934;946;972;928;952;956;918;900;904;937,25.3216,40.7425,43.5898,43.5898,4734_13281,2,0,2,0.309555
1541,2,23,25,3,transit,AM,0,22.8098,21238.8,195;808;772;843;780;802;813,23;269;251;288;255;266;272;25,,0.800639,23;269;251;288;255;266;272;25,195;808;772;843;780;802;813,13.2,21.2388,22.8098,22.8098,1649_5013,6,0,6,4.80383
1542,1,23,25,2,transit,AM,0,22.81,21238.8,196;810;774;845;782;804;815,23;270;252;289;256;267;273;25,,0.0685305,23;270;252;289;256;267;273;25,196;810;774;845;782;804;815,13.2,21.2388,22.8098,22.81,1655_5026,6,0,6,0.411183
1543,0,23,25,1,transit,AM,0,22.8102,21238.8,194;806;770;841;778;800;811,23;268;250;287;254;265;271;25,,0.130831,23;268;250;287;254;265;271;25,194;806;770;841;778;800;811,13.2,21.2388,22.8098,22.8102,1643_5000,6,0,6,0.784986
1544,2,23,26,3,transit,AM,0,26.8157,24998.7,195;808;772;843;780;802;814;754;760;819,23;269;251;288;255;266;272;242;245;275;26,,0.800639,23;269;251;288;255;266;272;242;245;275;26,195;808;772;843;780;802;814;754;760;819,15.5368,24.9987,26.8157,26.8157,2412_7347,2,0,2,1.60128
1545,1,23,26,2,transit,AM,0,26.8159,24998.7,196;810;774;845;782;804;816;756;762;821,23;270;252;289;256;267;273;243;246;276;26,,0.0685305,23;270;252;289;256;267;273;243;246;276;26,196;810;774;845;782;804;816;756;762;821,15.5368,24.9987,26.8157,26.8159,2421_7366,2,0,2,0.137061
1546,0,23,26,1,transit,AM,0,26.8162,24998.7,194;806;770;841;778;800;812;752;758;817,23;268;250;287;254;265;271;241;244;274;26,,0.130831,23;268;250;287;254;265;271;241;244;274;26,194;806;770;841;778;800;812;752;758;817,15.5368,24.9987,26.8157,26.8162,2403_7328,2,0,2,0.261662
1547,1,23,28,2,transit,AM,0,36.3909,33985.7,200;1002;1016;1020;996;1024;1007,23;370;377;379;367;381;373;28,,0.611519,23;370;377;379;367;381;373;28,200;1002;1016;1020;996;1024;1007,21.1222,33.9857,36.3909,36.3909,2298_6265,16,0,16,9.7843
1548,0,23,28,1,transit,AM,0,36.3909,33985.7,197;878;894;896;874;898;883,23;306;314;315;304;316;309;28,,0.388481,23;306;314;315;304;316;309;28,197;878;894;896;874;898;883,21.1222,33.9857,36.3909,36.3909,1915_5520,16,0,16,6.2157
1549,1,23,29,2,transit,AM,0,35.9987,33617.7,199;944;914;962;924;936;948;974;930;953,23;340;324;349;329;336;342;355;333;345;29,,0.845222,23;340;324;349;329;336;342;355;333;345;29,199;944;914;962;924;936;948;974;930;953,20.8935,33.6177,35.9987,35.9987,3105_8684,35,0,35,29.5828
1550,0,23,29,1,transit,AM,0,35.9987,33617.7,198;942;912;960;922;934;946;972;928;951,23;339;323;348;328;335;341;354;332;344;29,,0.154778,23;339;323;348;328;335;341;354;332;344;29,198;942;912;960;922;934;946;972;928;951,20.8935,33.6177,35.9987,35.9987,3096_8665,35,0,35,5.41722
1551,2,23,30,3,transit,AM,0,33.2395,31027.9,195;808;772;843;780;802;814;754;760;820;766;786;827,23;269;251;288;255;266;272;242;245;275;248;258;279;30,,0.800639,23;269;251;288;255;266;272;242;245;275;248;258;279;30,195;808;772;843;780;802;814;754;760;820;766;786;827,19.284,31.0279,33.2394,33.2395,3201_9727,2,0,2,1.60128
1552,1,23,30,2,transit,AM,0,33.2396,31027.9,196;810;774;845;782;804;816;756;762;822;768;788;829,23;270;252;289;256;267;273;243;246;276;249;259;280;30,,0.0685305,23;270;252;289;256;267;273;243;246;276;249;259;280;30,196;810;774;845;782;804;816;756;762;822;768;788;829,19.284,31.0279,33.2394,33.2396,3213_9752,2,0,2,0.137061
1553,0,23,30,1,transit,AM,0,33.24,31027.9,194;806;770;841;778;800;812;752;758;818;764;784;825,23;268;250;287;254;265;271;241;244;274;247;257;278;30,,0.130831,23;268;250;287;254;265;271;241;244;274;247;257;278;30,194;806;770;841;778;800;812;752;758;818;764;784;825,19.284,31.0279,33.2394,33.24,3189_9702,2,0,2,0.261662
1554,2,23,37,3,transit,AM,0,36.9198,34482.3,195;808;772;843;780;802;814;754;760;820;766;786;828;833,23;269;251;288;255;266;272;242;245;275;248;258;279;282;37,,0.800639,23;269;251;288;255;266;272;242;245;275;248;258;279;282;37,195;808;772;843;780;802;814;754;760;820;766;786;828;833,21.4309,34.4823,36.9198,36.9198,3490_10561,1,0,1,0.800639
1555,1,23,37,2,transit,AM,0,36.92,34482.3,196;810;774;845;782;804;816;756;762;822;768;788;830;835,23;270;252;289;256;267;273;243;246;276;249;259;280;283;37,,0.0685305,23;270;252;289;256;267;273;243;246;276;249;259;280;283;37,196;810;774;845;782;804;816;756;762;822;768;788;830;835,21.4309,34.4823,36.9198,36.92,3503_10588,1,0,1,0.0685305
1556,0,23,37,1,transit,AM,0,36.9203,34482.3,194;806;770;841;778;800;812;752;758;818;764;784;826;831,23;268;250;287;254;265;271;241;244;274;247;257;278;281;37,,0.130831,23;268;250;287;254;265;271;241;244;274;247;257;278;281;37,194;806;770;841;778;800;812;752;758;818;764;784;826;831,21.4309,34.4823,36.9198,36.9203,3477_10534,1,0,1,0.130831
1557,1,23,38,2,transit,AM,0,36.7616,34333.7,199;944;914;962;924;936;948;974;930;954;957,23;340;324;349;329;336;342;355;333;345;347;38,,0.845222,23;340;324;349;329;336;342;355;333;345;347;38,199;944;914;962;924;936;948;974;930;954;957,21.3385,34.3337,36.7615,36.7616,3461_9642,19,0,19,16.0592
1558,0,23,38,1,transit,AM,0,36.7616,34333.7,198;942;912;960;922;934;946;972;928;952;955,23;339;323;348;328;335;341;354;332;344;346;38,,0.154778,23;339;323;348;328;335;341;354;332;344;346;38,198;942;912;960;922;934;946;972;928;952;955,21.3385,34.3337,36.7615,36.7616,3451_9621,19,0,19,2.94078
1559,2,23,39,3,transit,AM,0,43.7215,40866.3,195;808;772;843;780;802;814;754;760;820;766;786;828;834;792;838,23;269;251;288;255;266;272;242;245;275;248;258;279;282;261;285;39,,0.800639,23;269;251;288;255;266;272;242;245;275;248;258;279;282;261;285;39,195;808;772;843;780;802;814;754;760;820;766;786;828;834;792;838,25.3985,40.8663,43.7215,43.7215,4038_12192,2,0,2,1.60128
1560,1,23,39,2,transit,AM,0,43.7217,40866.3,196;810;774;845;782;804;816;756;762;822;768;788;830;836;794;839,23;270;252;289;256;267;273;243;246;276;249;259;280;283;262;286;39,,0.0685305,23;270;252;289;256;267;273;243;246;276;249;259;280;283;262;286;39,196;810;774;845;782;804;816;756;762;822;768;788;830;836;794;839,25.3985,40.8663,43.7215,43.7217,4053_12222,2,0,2,0.137061
1561,0,23,39,1,transit,AM,0,43.722,40866.3,194;806;770;841;778;800;812;752;758;818;764;784;826;832;790;837,23;268;250;287;254;265;271;241;244;274;247;257;278;281;260;284;39,,0.130831,23;268;250;287;254;265;271;241;244;274;247;257;278;281;260;284;39,194;806;770;841;778;800;812;752;758;818;764;784;826;832;790;837,25.3985,40.8663,43.7215,43.722,4023_12162,2,0,2,0.261662
1562,2,23,41,3,transit,AM,0,9.47775,8725.54,195;808;772;842,23;269;251;288;41,,0.800639,23;269;251;288;41,195;808;772;842,5.42296,8.72554,9.47775,9.47775,872_2617,8,0,8,6.40511
1563,1,23,41,2,transit,AM,0,9.47778,8725.54,196;810;774;844,23;270;252;289;41,,0.0685305,23;270;252;289;41,196;810;774;844,5.42296,8.72554,9.47775,9.47778,875_2624,8,0,8,0.548244
1564,0,23,41,1,transit,AM,0,9.4778,8725.54,194;806;770;840,23;268;250;287;41,,0.130831,23;268;250;287;41,194;806;770;840,5.42296,8.72554,9.47775,9.4778,869_2610,8,0,8,1.04665
1565,1,23,44,2,transit,AM,0,5.24638,4754.01,200;1002;1015,23;370;377;44,,0.611519,23;370;377;44,200;1002;1015,2.95464,4.75401,5.24638,5.24638,814_2217,2,0,2,1.22304
1566,0,23,44,1,transit,AM,0,5.24638,4754.01,197;878;893,23;306;314;44,,0.388481,23;306;314;44,197;878;893,2.95464,4.75401,5.24638,5.24638,687_1968,2,0,2,0.776963
1567,1,23,46,2,transit,AM,0,11.6262,10742,200;1002;1016;1019,23;370;377;379;46,,0.611519,23;370;377;379;46,200;1002;1016;1019,6.67619,10.742,11.6262,11.6262,1195_3237,22,0,22,13.4534
1568,0,23,46,1,transit,AM,0,11.6262,10742,197;878;894;895,23;306;314;315;46,,0.388481,23;306;314;315;46,197;878;894;895,6.67619,10.742,11.6262,11.6262,1004_2864,22,0,22,8.54659
1569,1,23,47,2,transit,AM,0,24.5247,22848.3,200;1002;1016;1020;996;1023,23;370;377;379;367;381;47,,0.611519,23;370;377;379;367;381;47,200;1002;1016;1020;996;1023,14.2003,22.8483,24.5247,24.5247,1944_5257,11,0,11,6.72671
1570,0,23,47,1,transit,AM,0,24.5247,22848.3,197;878;894;896;874;897,23;306;314;315;304;316;47,,0.388481,23;306;314;315;304;316;47,197;878;894;896;874;897,14.2003,22.8483,24.5247,24.5247,1625_4636,11,0,11,4.27329
1571,1,23,50,2,transit,AM,0,25.7492,23997.7,199;944;914;962;924;936;948;973,23;340;324;349;329;336;342;355;50,,0.845222,23;340;324;349;329;336;342;355;50,199;944;914;962;924;936;948;973,14.9146,23.9977,25.7492,25.7492,2448_6800,7,0,7,5.91656
1572,0,23,50,1,transit,AM,0,25.7492,23997.7,198;942;912;960;922;934;946;971,23;339;323;348;328;335;341;354;50,,0.154778,23;339;323;348;328;335;341;354;50,198;942;912;960;922;934;946;971,14.9146,23.9977,25.7492,25.7492,2441_6785,7,0,7,1.08344
1573,2,24,1,3,transit,AM,0,18.9508,17616.9,203;454;476;500;460;398;385,24;87;98;110;90;59;53;1,,0.238438,24;87;98;110;90;59;53;1,203;454;476;500;460;398;385,10.949,17.6169,18.9507,18.9508,522_2876,14,0,14,3.33814
1574,1,24,1,2,transit,AM,0,18.9508,17616.9,202;452;474;498;458;396;383,24;86;97;109;89;58;52;1,,0.143564,24;86;97;109;89;58;52;1,202;452;474;498;458;396;383,10.949,17.6169,18.9507,18.9508,516_2863,14,0,14,2.00989
1575,0,24,1,1,transit,AM,0,18.9508,17616.9,201;450;472;496;456;394;381,24;85;96;108;88;57;51;1,,0.617998,24;85;96;108;88;57;51;1,201;450;472;496;456;394;381,10.949,17.6169,18.9507,18.9508,510_2850,14,0,14,8.65197
1576,2,24,2,3,transit,AM,0,34.8171,32508.7,203;454;476;500;460;398;386;527;442;466;494;418;391,24;87;98;110;90;59;53;125;81;93;107;69;56;2,,0.0821884,24;87;98;110;90;59;53;125;81;93;107;69;56;2,203;454;476;500;460;398;386;527;442;466;494;418;391,20.2043,32.5087,34.817,34.8171,1054_5615,4,0,4,0.328754
1577,1,24,2,2,transit,AM,0,34.8171,32508.7,202;452;474;498;458;396;384;525;440;464;492;416;389,24;86;97;109;89;58;52;124;80;92;106;68;55;2,,0.143564,24;86;97;109;89;58;52;124;80;92;106;68;55;2,202;452;474;498;458;396;384;525;440;464;492;416;389,20.2043,32.5087,34.817,34.8171,1042_5590,4,0,4,0.574255
1578,0,24,2,1,transit,AM,0,34.8171,32508.7,201;450;472;496;456;394;382;523;438;462;490;414;387,24;85;96;108;88;57;51;123;79;91;105;67;54;2,,0.774248,24;85;96;108;88;57;51;123;79;91;105;67;54;2,201;450;472;496;456;394;382;523;438;462;490;414;387,20.2043,32.5087,34.817,34.8171,1030_5565,4,0,4,3.09699
1579,2,24,3,3,transit,AM,0,18.3447,17047.9,203;454;476;500;460;397,24;87;98;110;90;59;3,,0.238438,24;87;98;110;90;59;3,203;454;476;500;460;397,10.5954,17.0479,18.3446,18.3447,471_2490,15,0,15,3.57658
1580,1,24,3,2,transit,AM,0,18.3446,17047.9,202;452;474;498;458;395,24;86;97;109;89;58;3,,0.143564,24;86;97;109;89;58;3,202;452;474;498;458;395,10.5954,17.0479,18.3446,18.3446,466_2479,15,0,15,2.15346
1581,0,24,3,1,transit,AM,0,18.3446,17047.9,201;450;472;496;456;393,24;85;96;108;88;57;3,,0.617998,24;85;96;108;88;57;3,201;450;472;496;456;393,10.5954,17.0479,18.3446,18.3446,461_2468,15,0,15,9.26997
1582,2,24,4,3,transit,AM,0,36.3322,33930.7,203;454;476;500;460;398;386;527;442;466;494;418;392;403,24;87;98;110;90;59;53;125;81;93;107;69;56;62;4,,0.0821884,24;87;98;110;90;59;53;125;81;93;107;69;56;62;4,203;454;476;500;460;398;386;527;442;466;494;418;392;403,21.0881,33.9307,36.3321,36.3322,1118_6019,2,0,2,0.164377
1583,1,24,4,2,transit,AM,0,36.3322,33930.7,202;452;474;498;458;396;384;525;440;464;492;416;390;401,24;86;97;109;89;58;52;124;80;92;106;68;55;61;4,,0.143564,24;86;97;109;89;58;52;124;80;92;106;68;55;61;4,202;452;474;498;458;396;384;525;440;464;492;416;390;401,21.0881,33.9307,36.3321,36.3322,1105_5992,2,0,2,0.287127
1584,0,24,4,1,transit,AM,0,36.3322,33930.7,201;450;472;496;456;394;382;523;438;462;490;414;388;399,24;85;96;108;88;57;51;123;79;91;105;67;54;60;4,,0.774248,24;85;96;108;88;57;51;123;79;91;105;67;54;60;4,201;450;472;496;456;394;382;523;438;462;490;414;388;399,21.0881,33.9307,36.3321,36.3322,1092_5965,2,0,2,1.5485
1585,2,24,7,3,transit,AM,0,40.8914,38209.8,203;454;476;500;460;398;386;527;442;466;494;418;392;404;448;411,24;87;98;110;90;59;53;125;81;93;107;69;56;62;84;66;7,,0.0821884,24;87;98;110;90;59;53;125;81;93;107;69;56;62;84;66;7,203;454;476;500;460;398;386;527;442;466;494;418;392;404;448;411,23.7476,38.2098,40.8912,40.8914,1271_6879,5,0,5,0.410942
1586,1,24,7,2,transit,AM,0,40.8913,38209.8,202;452;474;498;458;396;384;525;440;464;492;416;390;402;446;409,24;86;97;109;89;58;52;124;80;92;106;68;55;61;83;65;7,,0.143564,24;86;97;109;89;58;52;124;80;92;106;68;55;61;83;65;7,202;452;474;498;458;396;384;525;440;464;492;416;390;402;446;409,23.7476,38.2098,40.8912,40.8913,1256_6848,5,0,5,0.717818
1587,0,24,7,1,transit,AM,0,40.8914,38209.8,201;450;472;496;456;394;382;523;438;462;490;414;388;400;444;407,24;85;96;108;88;57;51;123;79;91;105;67;54;60;82;64;7,,0.774248,24;85;96;108;88;57;51;123;79;91;105;67;54;60;82;64;7,201;450;472;496;456;394;382;523;438;462;490;414;388;400;444;407,23.7476,38.2098,40.8912,40.8914,1241_6817,5,0,5,3.87124
1588,2,24,11,3,transit,AM,0,33.0392,30839.9,203;454;476;500;460;398;386;527;442;466;494;417,24;87;98;110;90;59;53;125;81;93;107;69;11,,0.0821884,24;87;98;110;90;59;53;125;81;93;107;69;11,203;454;476;500;460;398;386;527;442;466;494;417,19.1671,30.8399,33.039,33.0392,1007_5223,20,0,20,1.64377
1589,1,24,11,2,transit,AM,0,33.0391,30839.9,202;452;474;498;458;396;384;525;440;464;492;415,24;86;97;109;89;58;52;124;80;92;106;68;11,,0.143564,24;86;97;109;89;58;52;124;80;92;106;68;11,202;452;474;498;458;396;384;525;440;464;492;415,19.1671,30.8399,33.039,33.0391,996_5200,20,0,20,2.87127
1590,0,24,11,1,transit,AM,0,33.0392,30839.9,201;450;472;496;456;394;382;523;438;462;490;413,24;85;96;108;88;57;51;123;79;91;105;67;11,,0.774248,24;85;96;108;88;57;51;123;79;91;105;67;11,201;450;472;496;456;394;382;523;438;462;490;413,19.1671,30.8399,33.039,33.0392,985_5177,20,0,20,15.485
1591,2,24,14,3,transit,AM,0,14.5781,13512.8,205;670;739;704;645,24;199;234;216;187;14,,0.800639,24;199;234;216;187;14,205;670;739;704;645,8.39828,13.5128,14.5781,14.5781,874_2963,2,0,2,1.60128
1592,1,24,14,2,transit,AM,0,14.5781,13512.8,206;672;741;706;647,24;200;235;217;188;14,,0.0685305,24;200;235;217;188;14,206;672;741;706;647,8.39828,13.5128,14.5781,14.5781,878_2972,2,0,2,0.137061
1593,0,24,14,1,transit,AM,0,14.5781,13512.8,204;668;737;702;643,24;198;233;215;186;14,,0.130831,24;198;233;215;186;14,204;668;737;702;643,8.39828,13.5128,14.5781,14.5781,870_2954,2,0,2,0.261662
1594,2,24,15,3,transit,AM,0,43.6122,40763.5,203;454;476;500;460;398;386;527;442;466;494;418;392;404;448;412;435,24;87;98;110;90;59;53;125;81;93;107;69;56;62;84;66;78;15,,0.0821884,24;87;98;110;90;59;53;125;81;93;107;69;56;62;84;66;78;15,203;454;476;500;460;398;386;527;442;466;494;418;392;404;448;412;435,25.3347,40.7635,43.6121,43.6122,1357_7315,2,0,2,0.164377
1595,1,24,15,2,transit,AM,0,43.6122,40763.5,202;452;474;498;458;396;384;525;440;464;492;416;390;402;446;410;433,24;86;97;109;89;58;52;124;80;92;106;68;55;61;83;65;77;15,,0.143564,24;86;97;109;89;58;52;124;80;92;106;68;55;61;83;65;77;15,202;452;474;498;458;396;384;525;440;464;492;416;390;402;446;410;433,25.3347,40.7635,43.6121,43.6122,1341_7282,2,0,2,0.287127
1596,0,24,15,1,transit,AM,0,43.6122,40763.5,201;450;472;496;456;394;382;523;438;462;490;414;388;400;444;408;431,24;85;96;108;88;57;51;123;79;91;105;67;54;60;82;64;76;15,,0.774248,24;85;96;108;88;57;51;123;79;91;105;67;54;60;82;64;76;15,201;450;472;496;456;394;382;523;438;462;490;414;388;400;444;408;431,25.3347,40.7635,43.6121,43.6122,1325_7249,2,0,2,1.5485
1597,2,24,19,3,transit,AM,0,30.81,28747.7,203;454;476;500;460;398;386;527;441,24;87;98;110;90;59;53;125;81;19,,0.0821884,24;87;98;110;90;59;53;125;81;19,203;454;476;500;460;398;386;527;441,17.8668,28.7477,30.8099,30.81,746_3845,92,0,92,7.56133
1598,1,24,19,2,transit,AM,0,30.81,28747.7,202;452;474;498;458;396;384;525;439,24;86;97;109;89;58;52;124;80;19,,0.143564,24;86;97;109;89;58;52;124;80;19,202;452;474;498;458;396;384;525;439,17.8668,28.7477,30.8099,30.81,738_3828,92,0,92,13.2079
1599,0,24,19,1,transit,AM,0,30.81,28747.7,201;450;472;496;456;394;382;523;437,24;85;96;108;88;57;51;123;79;19,,0.774248,24;85;96;108;88;57;51;123;79;19,201;450;472;496;456;394;382;523;437,17.8668,28.7477,30.8099,30.81,730_3811,92,0,92,71.2308
1600,2,24,26,3,transit,AM,0,15.8821,14736.6,203;454;476;500;459,24;87;98;110;90;26,,0.238438,24;87;98;110;90;26,203;454;476;500;459,9.15888,14.7366,15.882,15.8821,435_2092,9,0,9,2.14595
1601,1,24,26,2,transit,AM,0,15.8821,14736.6,202;452;474;498;457,24;86;97;109;89;26,,0.143564,24;86;97;109;89;26,202;452;474;498;457,9.15888,14.7366,15.882,15.8821,431_2083,9,0,9,1.29207
1602,0,24,26,1,transit,AM,0,15.8821,14736.6,201;450;472;496;455,24;85;96;108;88;26,,0.617998,24;85;96;108;88;26,201;450;472;496;455,9.15888,14.7366,15.882,15.8821,427_2074,9,0,9,5.56198
1603,2,24,29,3,transit,AM,0,31.4115,29312.2,203;454;476;500;460;398;386;527;442;465,24;87;98;110;90;59;53;125;81;93;29,,0.0821884,24;87;98;110;90;59;53;125;81;93;29,203;454;476;500;460;398;386;527;442;465,18.2176,29.3122,31.4113,31.4115,849_4311,70,0,70,5.75319
1604,1,24,29,2,transit,AM,0,31.4114,29312.2,202;452;474;498;458;396;384;525;440;463,24;86;97;109;89;58;52;124;80;92;29,,0.143564,24;86;97;109;89;58;52;124;80;92;29,202;452;474;498;458;396;384;525;440;463,18.2176,29.3122,31.4113,31.4114,840_4292,70,0,70,10.0495
1605,0,24,29,1,transit,AM,0,31.4115,29312.2,201;450;472;496;456;394;382;523;438;461,24;85;96;108;88;57;51;123;79;91;29,,0.774248,24;85;96;108;88;57;51;123;79;91;29,201;450;472;496;456;394;382;523;438;461,18.2176,29.3122,31.4113,31.4115,831_4273,70,0,70,54.1974
1606,2,24,35,3,transit,AM,0,8.65278,7951.43,205;670;739;703,24;199;234;216;35,,0.800639,24;199;234;216;35,205;670;739;703,4.94185,7.95143,8.65278,8.65278,708_2317,2,0,2,1.60128
1607,1,24,35,2,transit,AM,0,8.65278,7951.43,206;672;741;705,24;200;235;217;35,,0.0685305,24;200;235;217;35,206;672;741;705,4.94185,7.95143,8.65278,8.65278,711_2324,2,0,2,0.137061
1608,0,24,35,1,transit,AM,0,8.65278,7951.43,204;668;737;701,24;198;233;215;35,,0.130831,24;198;233;215;35,204;668;737;701,4.94185,7.95143,8.65278,8.65278,705_2310,2,0,2,0.261662
1609,2,24,38,3,transit,AM,0,32.1743,30028.2,203;454;476;500;460;398;386;527;442;466;493,24;87;98;110;90;59;53;125;81;93;107;38,,0.0821884,24;87;98;110;90;59;53;125;81;93;107;38,203;454;476;500;460;398;386;527;442;466;493,18.6626,30.0282,32.1742,32.1743,965_4805,14,0,14,1.15064
1610,1,24,38,2,transit,AM,0,32.1743,30028.2,202;452;474;498;458;396;384;525;440;464;491,24;86;97;109;89;58;52;124;80;92;106;38,,0.143564,24;86;97;109;89;58;52;124;80;92;106;38,202;452;474;498;458;396;384;525;440;464;491,18.6626,30.0282,32.1742,32.1743,955_4784,14,0,14,2.00989
1611,0,24,38,1,transit,AM,0,32.1743,30028.2,201;450;472;496;456;394;382;523;438;462;489,24;85;96;108;88;57;51;123;79;91;105;38,,0.774248,24;85;96;108;88;57;51;123;79;91;105;38,201;450;472;496;456;394;382;523;438;462;489,18.6626,30.0282,32.1742,32.1743,945_4763,14,0,14,10.8395
1612,2,24,40,3,transit,AM,0,13.4752,12477.6,203;454;476;499,24;87;98;110;40,,0.238438,24;87;98;110;40,203;454;476;499,7.75488,12.4776,13.4752,13.4752,359_1632,1,0,1,0.238438
1613,1,24,40,2,transit,AM,0,13.4752,12477.6,202;452;474;497,24;86;97;109;40,,0.143564,24;86;97;109;40,202;452;474;497,7.75488,12.4776,13.4752,13.4752,356_1625,1,0,1,0.143564
1614,0,24,40,1,transit,AM,0,13.4752,12477.6,201;450;472;495,24;85;96;108;40,,0.617998,24;85;96;108;40,201;450;472;495,7.75488,12.4776,13.4752,13.4752,353_1618,1,0,1,0.617998
1615,2,24,43,3,transit,AM,0,56.897,53232.4,203;454;476;500;460;398;386;527;442;466;494;418;392;404;448;412;436;424;515;506;509,24;87;98;110;90;59;53;125;81;93;107;69;56;62;84;66;78;72;119;113;116;43,,0.0821884,24;87;98;110;90;59;53;125;81;93;107;69;56;62;84;66;78;72;119;113;116;43,203;454;476;500;460;398;386;527;442;466;494;418;392;404;448;412;436;424;515;506;509,33.0841,53.2324,56.8968,56.897,1805_9270,7,0,7,0.575319
1616,1,24,43,2,transit,AM,0,56.8969,53232.4,202;452;474;498;458;396;384;525;440;464;492;416;390;402;446;410;434;422;513;504;508,24;86;97;109;89;58;52;124;80;92;106;68;55;61;83;65;77;71;118;112;115;43,,0.143564,24;86;97;109;89;58;52;124;80;92;106;68;55;61;83;65;77;71;118;112;115;43,202;452;474;498;458;396;384;525;440;464;492;416;390;402;446;410;434;422;513;504;508,33.0841,53.2324,56.8968,56.8969,1785_9230,7,0,7,1.00495
1617,0,24,43,1,transit,AM,0,56.897,53232.4,201;450;472;496;456;394;382;523;438;462;490;414;388;400;444;408;432;420;511;502;507,24;85;96;108;88;57;51;123;79;91;105;67;54;60;82;64;76;70;117;111;114;43,,0.774248,24;85;96;108;88;57;51;123;79;91;105;67;54;60;82;64;76;70;117;111;114;43,201;450;472;496;456;394;382;523;438;462;490;414;388;400;444;408;432;420;511;502;507,33.0841,53.2324,56.8968,56.897,1765_9190,7,0,7,5.41974
1618,1,24,48,2,transit,AM,0,5.76738,5243.23,205;670;738,24;199;234;48,,0.869169,24;199;234;48,205;670;738,3.25869,5.24323,5.76738,5.76738,505_1613,3,0,3,2.60751
1619,0,24,48,1,transit,AM,0,5.76738,5243.23,204;668;736,24;198;233;48,,0.130831,24;198;233;48,204;668;736,3.25869,5.24323,5.76738,5.76738,503_1608,3,0,3,0.392493
1620,4,25,2,3,transit,AM,0,16.8059,15603.7,213;946;972;928;952;956;918;899,25;341;354;332;344;346;326;317;2,,0.0239468,25;341;354;332;344;346;326;317;2,213;946;972;928;952;956;918;899,9.69774,15.6037,16.8059,16.8059,2387_6784,9,0,9,0.215521
1621,1,25,2,2,transit,AM,0,16.8059,15603.7,214;948;974;930;954;958;920;901,25;342;355;333;345;347;327;318;2,,0.358055,25;342;355;333;345;347;327;318;2,214;948;974;930;954;958;920;901,9.69774,15.6037,16.8059,16.8059,2394_6799,9,0,9,3.2225
1622,0,25,2,1,transit,AM,0,16.8059,15603.7,207;552;562;546;554;556;539;528,25;138;143;135;139;140;131;126;2,,0.617998,25;138;143;135;139;140;131;126;2,207;552;562;546;554;556;539;528,9.69774,15.6037,16.8059,16.8059,979_4044,9,0,9,5.56198
1623,1,25,3,2,transit,AM,0,1.75474,1476.94,211;816;756;761,25;273;243;246;3,,0.0685305,25;273;243;246;3,211;816;756;761,0.917922,1.47694,1.75473,1.75474,790_2544,1,0,1,0.0685305
1624,2,25,3,3,transit,AM,0,1.75473,1476.94,210;814;754;759,25;272;242;245;3,,0.800639,25;272;242;245;3,210;814;754;759,0.917922,1.47694,1.75473,1.75473,787_2537,1,0,1,0.800639
1625,0,25,3,1,transit,AM,0,1.75478,1476.94,209;812;752;757,25;271;241;244;3,,0.130831,25;271;241;244;3,209;812;752;757,0.917922,1.47694,1.75473,1.75478,784_2530,1,0,1,0.130831
1626,4,25,4,3,transit,AM,0,18.321,17025.7,213;946;972;928;952;956;918;900;903,25;341;354;332;344;346;326;317;319;4,,0.0239468,25;341;354;332;344;346;326;317;319;4,213;946;972;928;952;956;918;900;903,10.5815,17.0257,18.321,18.321,2708_7688,12,0,12,0.287361
1627,1,25,4,2,transit,AM,0,18.321,17025.7,214;948;974;930;954;958;920;902;905,25;342;355;333;345;347;327;318;320;4,,0.358055,25;342;355;333;345;347;327;318;320;4,214;948;974;930;954;958;920;902;905,10.5815,17.0257,18.321,18.321,2716_7705,12,0,12,4.29666
1628,0,25,4,1,transit,AM,0,18.321,17025.7,207;552;562;546;554;556;539;529;530,25;138;143;135;139;140;131;126;127;4,,0.617998,25;138;143;135;139;140;131;126;127;4,207;552;562;546;554;556;539;529;530,10.5815,17.0257,18.321,18.321,1108_4575,12,0,12,7.41598
1629,2,25,6,3,transit,AM,0,7.10032,6494.24,210;814;754;760;820;765,25;272;242;245;275;248;6,,0.800639,25;272;242;245;275;248;6,210;814;754;760;820;765,4.0362,6.49424,7.10032,7.10032,1313_4123,1,0,1,0.800639
1630,1,25,6,2,transit,AM,0,7.10034,6494.24,211;816;756;762;822;767,25;273;243;246;276;249;6,,0.0685305,25;273;243;246;276;249;6,211;816;756;762;822;767,4.0362,6.49424,7.10032,7.10034,1318_4134,1,0,1,0.0685305
1631,0,25,6,1,transit,AM,0,7.10042,6494.24,209;812;752;758;818;763,25;271;241;244;274;247;6,,0.130831,25;271;241;244;274;247;6,209;812;752;758;818;763,4.0362,6.49424,7.10032,7.10042,1308_4112,1,0,1,0.130831
1632,4,25,7,3,transit,AM,0,22.8801,21304.8,213;946;972;928;952;956;918;900;904;938;907,25;341;354;332;344;346;326;317;319;337;321;7,,0.0239468,25;341;354;332;344;346;326;317;319;337;321;7,213;946;972;928;952;956;918;900;904;938;907,13.241,21.3048,22.8801,22.8801,3369_9534,5,0,5,0.119734
1633,1,25,7,2,transit,AM,0,22.8802,21304.8,214;948;974;930;954;958;920;902;906;940;909,25;342;355;333;345;347;327;318;320;338;322;7,,0.358055,25;342;355;333;345;347;327;318;320;338;322;7,214;948;974;930;954;958;920;902;906;940;909,13.241,21.3048,22.8801,22.8802,3379_9555,5,0,5,1.79028
1634,0,25,7,1,transit,AM,0,22.8802,21304.8,207;552;562;546;554;556;539;529;531;550;532,25;138;143;135;139;140;131;126;127;137;128;7,,0.617998,25;138;143;135;139;140;131;126;127;137;128;7,207;552;562;546;554;556;539;529;531;550;532,13.241,21.3048,22.8801,22.8802,1376_5658,5,0,5,3.08999
1635,1,25,8,2,transit,AM,0,17.9019,16632.3,215;1004;998;988;1014;981,25;371;368;363;376;359;8,,0.124352,25;371;368;363;376;359;8,215;1004;998;988;1014;981,10.3371,16.6323,17.9019,17.9019,1870_5200,4,0,4,0.497407
1636,0,25,8,1,transit,AM,0,17.9019,16632.3,208;587;583;576;593;569,25;156;154;150;159;147;8,,0.875648,25;156;154;150;159;147;8,208;587;583;576;593;569,10.3371,16.6323,17.9019,17.9019,799_3116,4,0,4,3.50259
1637,1,25,9,2,transit,AM,0,64.1162,60008.1,215;1004;998;988;1014;982;1002;1016;1020;996;1024;1008;984,25;371;368;363;376;359;370;377;379;367;381;373;361;9,,0.611519,25;371;368;363;376;359;370;377;379;367;381;373;361;9,215;1004;998;988;1014;982;1002;1016;1020;996;1024;1008;984,37.2953,60.0081,64.1162,64.1162,4479_12251,5,0,5,3.05759
1638,0,25,9,1,transit,AM,0,64.1162,60008.1,212;880;876;868;892;865;878;894;896;874;898;884;866,25;307;305;301;313;299;306;314;315;304;316;309;300;9,,0.388481,25;307;305;301;313;299;306;314;315;304;316;309;300;9,212;880;876;868;892;865;878;894;896;874;898;884;866,37.2953,60.0081,64.1162,64.1162,3723_10783,5,0,5,1.94241
1639,0,25,10,1,transit,AM,0,22.7202,21154.7,208;587;583;576;593;570;571,25;156;154;150;159;147;148;10,,1,25;156;154;150;159;147;148;10,208;587;583;576;593;570;571,13.1477,21.1547,22.7202,22.7202,949_3688,1,0,1,1
1640,4,25,11,3,transit,AM,0,15.0279,13934.9,213;946;972;928;952;956;917,25;341;354;332;344;346;326;11,,0.0239468,25;341;354;332;344;346;326;11,213;946;972;928;952;956;917,8.66061,13.9349,15.0279,15.0279,2079_5884,25,0,25,0.598669
1641,1,25,11,2,transit,AM,0,15.028,13934.9,214;948;974;930;954;958;919,25;342;355;333;345;347;327;11,,0.358055,25;342;355;333;345;347;327;11,214;948;974;930;954;958;919,8.66061,13.9349,15.0279,15.028,2085_5897,25,0,25,8.95138
1642,0,25,11,1,transit,AM,0,15.028,13934.9,207;552;562;546;554;556;538,25;138;143;135;139;140;131;11,,0.617998,25;138;143;135;139;140;131;11,207;552;562;546;554;556;538,8.66061,13.9349,15.0279,15.028,862_3515,25,0,25,15.4499
1643,1,25,13,2,transit,AM,0,8.48907,7797.65,215;1004;998;987,25;371;368;363;13,,0.611519,25;371;368;363;13,215;1004;998;987,4.84627,7.79765,8.48907,8.48907,1140_3204,11,0,11,6.72671
1644,0,25,13,1,transit,AM,0,8.48907,7797.65,208;587;583;575,25;156;154;150;13,,0.388481,25;156;154;150;13,208;587;583;575,4.84627,7.79765,8.48907,8.48907,498_1953,11,0,11,4.27329
1645,4,25,15,3,transit,AM,0,25.601,23858.6,213;946;972;928;952;956;918;900;904;938;908;925,25;341;354;332;344;346;326;317;319;337;321;330;15,,0.0239468,25;341;354;332;344;346;326;317;319;337;321;330;15,213;946;972;928;952;956;918;900;904;938;908;925,14.8282,23.8586,25.6009,25.601,3707_10460,5,0,5,0.119734
1646,1,25,15,2,transit,AM,0,25.601,23858.6,214;948;974;930;954;958;920;902;906;940;910;926,25;342;355;333;345;347;327;318;320;338;322;331;15,,0.358055,25;342;355;333;345;347;327;318;320;338;322;331;15,214;948;974;930;954;958;920;902;906;940;910;926,14.8282,23.8586,25.6009,25.601,3718_10482,5,0,5,1.79028
1647,0,25,15,1,transit,AM,0,25.601,23858.6,207;552;562;546;554;556;539;529;531;550;533;542,25;138;143;135;139;140;131;126;127;137;128;133;15,,0.617998,25;138;143;135;139;140;131;126;127;137;128;133;15,207;552;562;546;554;556;539;529;531;550;533;542,14.8282,23.8586,25.6009,25.601,1517_6201,5,0,5,3.08999
1648,2,25,16,3,transit,AM,0,9.12562,8395.16,210;814;754;760;820;766;785,25;272;242;245;275;248;258;16,,0.800639,25;272;242;245;275;248;258;16,210;814;754;760;820;766;785,5.21762,8.39516,9.12562,9.12562,1581_4909,3,0,3,2.40192
1649,1,25,16,2,transit,AM,0,9.12564,8395.16,211;816;756;762;822;768;787,25;273;243;246;276;249;259;16,,0.0685305,25;273;243;246;276;249;259;16,211;816;756;762;822;768;787,5.21762,8.39516,9.12562,9.12564,1587_4922,3,0,3,0.205592
1650,0,25,16,1,transit,AM,0,9.12573,8395.16,209;812;752;758;818;764;783,25;271;241;244;274;247;257;16,,0.130831,25;271;241;244;274;247;257;16,209;812;752;758;818;764;783,5.21762,8.39516,9.12562,9.12573,1575_4896,3,0,3,0.392493
1651,2,25,17,3,transit,AM,0,17.4787,16235.2,210;814;754;760;820;766;786;828;834;791,25;272;242;245;275;248;258;279;282;261;17,,0.800639,25;272;242;245;275;248;258;279;282;261;17,210;814;754;760;820;766;786;828;834;791,10.0902,16.2352,17.4787,17.4787,2404_7363,3,0,3,2.40192
1652,1,25,17,2,transit,AM,0,17.4787,16235.2,211;816;756;762;822;768;788;830;836;793,25;273;243;246;276;249;259;280;283;262;17,,0.0685305,25;273;243;246;276;249;259;280;283;262;17,211;816;756;762;822;768;788;830;836;793,10.0902,16.2352,17.4787,17.4787,2413_7382,3,0,3,0.205592
1653,0,25,17,1,transit,AM,0,17.4788,16235.2,209;812;752;758;818;764;784;826;832;789,25;271;241;244;274;247;257;278;281;260;17,,0.130831,25;271;241;244;274;247;257;278;281;260;17,209;812;752;758;818;764;784;826;832;789,10.0902,16.2352,17.4787,17.4788,2395_7344,3,0,3,0.392493
1654,0,25,18,1,transit,AM,0,39.3007,36716.9,208;587;583;576;593;570;572;595;579,25;156;154;150;159;147;148;160;152;18,,1,25;156;154;150;159;147;148;160;152;18,208;587;583;576;593;570;572;595;579,22.8197,36.7169,39.3007,39.3007,1269_4863,5,0,5,5
1655,4,25,19,3,transit,AM,0,12.7988,11842.7,213;946;972;927,25;341;354;332;19,,0.0239468,25;341;354;332;19,213;946;972;927,7.36027,11.8427,12.7988,12.7988,1071_3058,57,0,57,1.36497
1656,1,25,19,2,transit,AM,0,12.7988,11842.7,214;948;974;929,25;342;355;333;19,,0.358055,25;342;355;333;19,214;948;974;929,7.36027,11.8427,12.7988,12.7988,1074_3065,57,0,57,20.4092
1657,0,25,19,1,transit,AM,0,12.7988,11842.7,207;552;562;545,25;138;143;135;19,,0.617998,25;138;143;135;19,207;552;562;545,7.36027,11.8427,12.7988,12.7988,460_1866,57,0,57,35.2259
1658,1,25,20,2,transit,AM,0,39.7069,37098.1,215;1004;998;988;1014;982;1002;1016;1020;995,25;371;368;363;376;359;370;377;379;367;20,,0.611519,25;371;368;363;376;359;370;377;379;367;20,215;1004;998;988;1014;982;1002;1016;1020;995,23.0566,37.0981,39.7069,39.7069,3375_9234,4,0,4,2.44607
1659,0,25,20,1,transit,AM,0,39.7069,37098.1,212;880;876;868;892;865;878;894;896;873,25;307;305;301;313;299;306;314;315;304;20,,0.388481,25;307;305;301;313;299;306;314;315;304;20,212;880;876;868;892;865;878;894;896;873,23.0566,37.0981,39.7069,39.7069,2809_8134,4,0,4,1.55393
1660,1,25,21,2,transit,AM,0,4.89545,4424.76,215;1004;997,25;371;368;21,,0.611519,25;371;368;21,215;1004;997,2.75,4.42476,4.89545,4.89545,785_2216,2,0,2,1.22304
1661,0,25,21,1,transit,AM,0,4.89545,4424.76,208;587;582,25;156;154;21,,0.388481,25;156;154;21,208;587;582,2.75,4.42476,4.89545,4.89545,356_1377,2,0,2,0.776963
1662,4,25,22,3,transit,AM,0,20.9913,19532,213;946;972;928;952;956;918;900;904;937,25;341;354;332;344;346;326;317;319;337;22,,0.0239468,25;341;354;332;344;346;326;317;319;337;22,213;946;972;928;952;956;918;900;904;937,12.1392,19.532,20.9913,20.9913,3063_8626,4,0,4,0.095787
1663,1,25,22,2,transit,AM,0,20.9914,19532,214;948;974;930;954;958;920;902;906;939,25;342;355;333;345;347;327;318;320;338;22,,0.358055,25;342;355;333;345;347;327;318;320;338;22,214;948;974;930;954;958;920;902;906;939,12.1392,19.532,20.9913,20.9914,3072_8645,4,0,4,1.43222
1664,0,25,22,1,transit,AM,0,20.9914,19532,207;552;562;546;554;556;539;529;531;549,25;138;143;135;139;140;131;126;127;137;22,,0.617998,25;138;143;135;139;140;131;126;127;137;22,207;552;562;546;554;556;539;529;531;549,12.1392,19.532,20.9913,20.9914,1263_5125,4,0,4,2.47199
1665,1,25,23,2,transit,AM,0,22.8098,21238.8,215;1004;998;988;1014;982;1001,25;371;368;363;376;359;370;23,,0.611519,25;371;368;363;376;359;370;23,215;1004;998;988;1014;982;1001,13.2,21.2388,22.8098,22.8098,2255_6202,8,0,8,4.89215
1666,0,25,23,1,transit,AM,0,22.8098,21238.8,212;880;876;868;892;865;877,25;307;305;301;313;299;306;23,,0.388481,25;307;305;301;313;299;306;23,212;880;876;868;892;865;877,13.2,21.2388,22.8098,22.8098,1879_5470,8,0,8,3.10785
1667,2,25,26,3,transit,AM,0,4.21726,3788.24,210;814;754;760;819,25;272;242;245;275;26,,0.800639,25;272;242;245;275;26,210;814;754;760;819,2.35441,3.78824,4.21726,4.21726,1085_3357,4,0,4,3.20255
1668,1,25,26,2,transit,AM,0,4.21728,3788.24,211;816;756;762;821,25;273;243;246;276;26,,0.0685305,25;273;243;246;276;26,211;816;756;762;821,2.35441,3.78824,4.21726,4.21728,1089_3366,4,0,4,0.274122
1669,0,25,26,1,transit,AM,0,4.21733,3788.24,209;812;752;758;817,25;271;241;244;274;26,,0.130831,25;271;241;244;274;26,209;812;752;758;817,2.35441,3.78824,4.21726,4.21733,1081_3348,4,0,4,0.523324
1670,1,25,28,2,transit,AM,0,58.9892,55196.1,215;1004;998;988;1014;982;1002;1016;1020;996;1024;1007,25;371;368;363;376;359;370;377;379;367;381;373;28,,0.611519,25;371;368;363;376;359;370;377;379;367;381;373;28,215;1004;998;988;1014;982;1002;1016;1020;996;1024;1007,34.3046,55.1961,58.9892,58.9892,4137_11266,6,0,6,3.66911
1671,0,25,28,1,transit,AM,0,58.9892,55196.1,212;880;876;868;892;865;878;894;896;874;898;883,25;307;305;301;313;299;306;314;315;304;316;309;28,,0.388481,25;307;305;301;313;299;306;314;315;304;316;309;28,212;880;876;868;892;865;878;894;896;874;898;883,34.3046,55.1961,58.9892,58.9892,3442_9916,6,0,6,2.33089
1672,4,25,29,3,transit,AM,0,13.4002,12407.2,213;946;972;928;951,25;341;354;332;344;29,,0.0239468,25;341;354;332;344;29,213;946;972;928;951,7.71111,12.4072,13.4002,13.4002,1425_4010,41,0,41,0.981817
1673,1,25,29,2,transit,AM,0,13.4003,12407.2,214;948;974;930;953,25;342;355;333;345;29,,0.358055,25;342;355;333;345;29,214;948;974;930;953,7.71111,12.4072,13.4002,13.4003,1429_4019,41,0,41,14.6803
1674,0,25,29,1,transit,AM,0,13.4003,12407.2,207;552;562;546;553,25;138;143;135;139;29,,0.617998,25;138;143;135;139;29,207;552;562;546;553,7.71111,12.4072,13.4002,13.4003,609_2420,41,0,41,25.3379
1675,2,25,30,3,transit,AM,0,10.641,9817.47,210;814;754;760;820;766;786;827,25;272;242;245;275;248;258;279;30,,0.800639,25;272;242;245;275;248;258;279;30,210;814;754;760;820;766;786;827,6.1016,9.81747,10.641,10.641,1874_5737,1,0,1,0.800639
1676,1,25,30,2,transit,AM,0,10.641,9817.47,211;816;756;762;822;768;788;829,25;273;243;246;276;249;259;280;30,,0.0685305,25;273;243;246;276;249;259;280;30,211;816;756;762;822;768;788;829,6.1016,9.81747,10.641,10.641,1881_5752,1,0,1,0.0685305
1677,0,25,30,1,transit,AM,0,10.6411,9817.47,209;812;752;758;818;764;784;825,25;271;241;244;274;247;257;278;30,,0.130831,25;271;241;244;274;247;257;278;30,209;812;752;758;818;764;784;825,6.1016,9.81747,10.641,10.6411,1867_5722,1,0,1,0.130831
1678,2,25,37,3,transit,AM,0,14.3214,13271.8,210;814;754;760;820;766;786;828;833,25;272;242;245;275;248;258;279;282;37,,0.800639,25;272;242;245;275;248;258;279;282;37,210;814;754;760;820;766;786;828;833,8.24848,13.2718,14.3214,14.3214,2163_6571,2,0,2,1.60128
1679,1,25,37,2,transit,AM,0,14.3214,13271.8,211;816;756;762;822;768;788;830;835,25;273;243;246;276;249;259;280;283;37,,0.0685305,25;273;243;246;276;249;259;280;283;37,211;816;756;762;822;768;788;830;835,8.24848,13.2718,14.3214,14.3214,2171_6588,2,0,2,0.137061
1680,0,25,37,1,transit,AM,0,14.3215,13271.8,209;812;752;758;818;764;784;826;831,25;271;241;244;274;247;257;278;281;37,,0.130831,25;271;241;244;274;247;257;278;281;37,209;812;752;758;818;764;784;826;831,8.24848,13.2718,14.3214,14.3215,2155_6554,2,0,2,0.261662
1681,4,25,38,3,transit,AM,0,14.1631,13123.2,213;946;972;928;952;955,25;341;354;332;344;346;38,,0.0239468,25;341;354;332;344;346;38,213;946;972;928;952;955,8.15611,13.1232,14.1631,14.1631,1780_4966,22,0,22,0.526829
1682,1,25,38,2,transit,AM,0,14.1631,13123.2,214;948;974;930;954;957,25;342;355;333;345;347;38,,0.358055,25;342;355;333;345;347;38,214;948;974;930;954;957,8.15611,13.1232,14.1631,14.1631,1785_4977,22,0,22,7.87722
1683,0,25,38,1,transit,AM,0,14.1631,13123.2,207;552;562;546;554;555,25;138;143;135;139;140;38,,0.617998,25;138;143;135;139;140;38,207;552;562;546;554;555,8.15611,13.1232,14.1631,14.1631,758_2976,22,0,22,13.596
1684,2,25,39,3,transit,AM,0,21.1231,19655.8,210;814;754;760;820;766;786;828;834;792;838,25;272;242;245;275;248;258;279;282;261;285;39,,0.800639,25;272;242;245;275;248;258;279;282;261;285;39,210;814;754;760;820;766;786;828;834;792;838,12.2162,19.6558,21.1231,21.1231,2711_8202,2,0,2,1.60128
1685,1,25,39,2,transit,AM,0,21.1231,19655.8,211;816;756;762;822;768;788;830;836;794;839,25;273;243;246;276;249;259;280;283;262;286;39,,0.0685305,25;273;243;246;276;249;259;280;283;262;286;39,211;816;756;762;822;768;788;830;836;794;839,12.2162,19.6558,21.1231,21.1231,2721_8222,2,0,2,0.137061
1686,0,25,39,1,transit,AM,0,21.1232,19655.8,209;812;752;758;818;764;784;826;832;790;837,25;271;241;244;274;247;257;278;281;260;284;39,,0.130831,25;271;241;244;274;247;257;278;281;260;284;39,209;812;752;758;818;764;784;826;832;790;837,12.2162,19.6558,21.1231,21.1232,2701_8182,2,0,2,0.261662
1687,1,25,41,2,transit,AM,0,13.5435,12541.6,215;1004;998;988;1013,25;371;368;363;376;41,,0.611519,25;371;368;363;376;41,215;1004;998;988;1013,7.79467,12.5416,13.5435,13.5435,1544_4218,4,0,4,2.44607
1688,0,25,41,1,transit,AM,0,13.5435,12541.6,208;587;583;576;592,25;156;154;150;159;41,,0.388481,25;156;154;150;159;41,208;587;583;576;592,7.79467,12.5416,13.5435,13.5435,685_2546,4,0,4,1.55393
1689,1,25,44,2,transit,AM,0,27.8447,25964.5,215;1004;998;988;1014;982;1002;1015,25;371;368;363;376;359;370;377;44,,0.611519,25;371;368;363;376;359;370;377;44,215;1004;998;988;1014;982;1002;1015,16.137,25.9645,27.8447,27.8447,2653_7218,4,0,4,2.44607
1690,0,25,44,1,transit,AM,0,27.8447,25964.5,212;880;876;868;892;865;878;893,25;307;305;301;313;299;306;314;44,,0.388481,25;307;305;301;313;299;306;314;44,212;880;876;868;892;865;878;893,16.137,25.9645,27.8447,27.8447,2214_6364,4,0,4,1.55393
1691,1,25,46,2,transit,AM,0,34.2245,31952.4,215;1004;998;988;1014;982;1002;1016;1019,25;371;368;363;376;359;370;377;379;46,,0.611519,25;371;368;363;376;359;370;377;379;46,215;1004;998;988;1014;982;1002;1016;1019,19.8586,31.9524,34.2245,34.2245,3034_8238,2,0,2,1.22304
1692,0,25,46,1,transit,AM,0,34.2245,31952.4,212;880;876;868;892;865;878;894;895,25;307;305;301;313;299;306;314;315;46,,0.388481,25;307;305;301;313;299;306;314;315;46,212;880;876;868;892;865;878;894;895,19.8586,31.9524,34.2245,34.2245,2531_7260,2,0,2,0.776963
1693,1,25,47,2,transit,AM,0,47.123,44058.7,215;1004;998;988;1014;982;1002;1016;1020;996;1023,25;371;368;363;376;359;370;377;379;367;381;47,,0.611519,25;371;368;363;376;359;370;377;379;367;381;47,215;1004;998;988;1014;982;1002;1016;1020;996;1023,27.3827,44.0587,47.123,47.123,3783_10258,5,0,5,3.05759
1694,0,25,47,1,transit,AM,0,47.123,44058.7,212;880;876;868;892;865;878;894;896;874;897,25;307;305;301;313;299;306;314;315;304;316;47,,0.388481,25;307;305;301;313;299;306;314;315;304;316;47,212;880;876;868;892;865;878;894;896;874;897,27.3827,44.0587,47.123,47.123,3152_9032,5,0,5,1.94241
1695,0,25,49,1,transit,AM,0,36.5678,34151.9,208;587;583;576;593;570;572;594,25;156;154;150;159;147;148;160;49,,1,25;156;154;150;159;147;148;160;49,208;587;583;576;593;570;572;594,21.2255,34.1519,36.5678,36.5678,1148_4283,1,0,1,1
1696,3,26,1,4,transit,AM,0,3.28003,2908.57,225;882;861;858,26;308;297;296;1,,0.744817,26;308;297;296;1,225;882;861;858,1.80769,2.90857,3.28003,3.28003,928_2826,4,0,4,2.97927
1697,2,26,1,3,transit,AM,0,3.28005,2908.57,218;460;398;385,26;90;59;53;1,,0.0558212,26;90;59;53;1,218;460;398;385,1.80769,2.90857,3.28003,3.28005,229_1461,4,0,4,0.223285
1698,1,26,1,2,transit,AM,0,3.28004,2908.57,217;458;396;383,26;89;58;52;1,,0.0685305,26;89;58;52;1,217;458;396;383,1.80769,2.90857,3.28003,3.28004,226_1454,4,0,4,0.274122
1699,0,26,1,1,transit,AM,0,3.28004,2908.57,216;456;394;381,26;88;57;51;1,,0.130831,26;88;57;51;1,216;456;394;381,1.80769,2.90857,3.28003,3.28004,223_1447,4,0,4,0.523324
1700,2,26,2,3,transit,AM,0,19.1464,17800.4,218;460;398;386;527;442;466;494;418;391,26;90;59;53;125;81;93;107;69;56;2,,0.0558212,26;90;59;53;125;81;93;107;69;56;2,218;460;398;386;527;442;466;494;418;391,11.063,17.8004,19.1463,19.1464,761_4200,26,0,26,1.45135
1701,6,26,2,4,transit,AM,0,19.1464,17800.4,226;1054;1032;1028;1074;1050;1057;1063;1040;1029,26;396;385;383;406;394;398;401;389;384;2,,0.182617,26;396;385;383;406;394;398;401;389;384;2,226;1054;1032;1028;1074;1050;1057;1063;1040;1029,11.063,17.8004,19.1463,19.1464,3564_9653,26,0,26,4.74805
1702,1,26,2,2,transit,AM,0,19.1464,17800.4,217;458;396;384;525;440;464;492;416;389,26;89;58;52;124;80;92;106;68;55;2,,0.143564,26;89;58;52;124;80;92;106;68;55;2,217;458;396;384;525;440;464;492;416;389,11.063,17.8004,19.1463,19.1464,752_4181,26,0,26,3.73266
1703,0,26,2,1,transit,AM,0,19.1464,17800.4,216;456;394;382;523;438;462;490;414;387,26;88;57;51;123;79;91;105;67;54;2,,0.617998,26;88;57;51;123;79;91;105;67;54;2,216;456;394;382;523;438;462;490;414;387,11.063,17.8004,19.1463,19.1464,743_4162,26,0,26,16.0679
1704,3,26,3,4,transit,AM,0,2.67387,2339.64,225;882;860,26;308;297;3,,0.744817,26;308;297;3,225;882;860,1.4541,2.33964,2.67387,2.67387,634_1967,4,0,4,2.97927
1705,2,26,3,3,transit,AM,0,2.67388,2339.64,218;460;397,26;90;59;3,,0.0558212,26;90;59;3,218;460;397,1.4541,2.33964,2.67387,2.67388,178_1075,4,0,4,0.223285
1706,1,26,3,2,transit,AM,0,2.67387,2339.64,217;458;395,26;89;58;3,,0.0685305,26;89;58;3,217;458;395,1.4541,2.33964,2.67387,2.67387,176_1070,4,0,4,0.274122
1707,0,26,3,1,transit,AM,0,2.67388,2339.64,216;456;393,26;88;57;3,,0.130831,26;88;57;3,216;456;393,1.4541,2.33964,2.67387,2.67388,174_1065,4,0,4,0.523324
1708,6,26,4,4,transit,AM,0,20.6615,19222.4,226;1054;1032;1028;1074;1050;1057;1063;1040;1030;1033,26;396;385;383;406;394;398;401;389;384;386;4,,0.182617,26;396;385;383;406;394;398;401;389;384;386;4,226;1054;1032;1028;1074;1050;1057;1063;1040;1030;1033,11.9468,19.2224,20.6614,20.6615,3952_10687,13,0,13,2.37402
1709,2,26,4,3,transit,AM,0,20.6615,19222.4,218;460;398;386;527;442;466;494;418;392;403,26;90;59;53;125;81;93;107;69;56;62;4,,0.0558212,26;90;59;53;125;81;93;107;69;56;62;4,218;460;398;386;527;442;466;494;418;392;403,11.9468,19.2224,20.6614,20.6615,825_4604,13,0,13,0.725676
1710,1,26,4,2,transit,AM,0,20.6615,19222.4,217;458;396;384;525;440;464;492;416;390;401,26;89;58;52;124;80;92;106;68;55;61;4,,0.143564,26;89;58;52;124;80;92;106;68;55;61;4,217;458;396;384;525;440;464;492;416;390;401,11.9468,19.2224,20.6614,20.6615,815_4583,13,0,13,1.86633
1711,0,26,4,1,transit,AM,0,20.6615,19222.4,216;456;394;382;523;438;462;490;414;388;399,26;88;57;51;123;79;91;105;67;54;60;4,,0.617998,26;88;57;51;123;79;91;105;67;54;60;4,216;456;394;382;523;438;462;490;414;388;399,11.9468,19.2224,20.6614,20.6615,805_4562,13,0,13,8.03397
1712,1,26,5,2,transit,AM,0,57.1172,53439.3,221;678;723;696;672;741;706;648;690;711;700;626,26;203;226;212;200;235;217;188;209;220;214;177;5,,0.0685305,26;203;226;212;200;235;217;188;209;220;214;177;5,221;678;723;696;672;741;706;648;690;711;700;626,33.2128,53.4393,57.1172,57.1172,2332_7812,2,0,2,0.137061
1713,0,26,5,1,transit,AM,0,57.1172,53439.3,220;676;721;694;670;739;704;646;688;709;698;625,26;202;225;211;199;234;216;187;208;219;213;176;5,,0.931469,26;202;225;211;199;234;216;187;208;219;213;176;5,220;676;721;694;670;739;704;646;688;709;698;625,33.2128,53.4393,57.1172,57.1172,2321_7790,2,0,2,1.86294
1714,2,26,6,3,transit,AM,0,3.09437,2734.34,223;820;765,26;275;248;6,,0.800639,26;275;248;6,223;820;765,1.6994,2.73434,3.09437,3.09437,555_1808,2,0,2,1.60128
1715,1,26,6,2,transit,AM,0,3.09437,2734.34,224;822;767,26;276;249;6,,0.0685305,26;276;249;6,224;822;767,1.6994,2.73434,3.09437,3.09437,557_1813,2,0,2,0.137061
1716,0,26,6,1,transit,AM,0,3.09439,2734.34,222;818;763,26;274;247;6,,0.130831,26;274;247;6,222;818;763,1.6994,2.73434,3.09437,3.09439,553_1803,2,0,2,0.261662
1717,6,26,7,4,transit,AM,0,25.2206,23501.5,226;1054;1032;1028;1074;1050;1057;1063;1040;1030;1034;1052;1037,26;396;385;383;406;394;398;401;389;384;386;395;388;7,,0.182617,26;396;385;383;406;394;398;401;389;384;386;395;388;7,226;1054;1032;1028;1074;1050;1057;1063;1040;1030;1034;1052;1037,14.6063,23.5015,25.2205,25.2206,4738_12777,4,0,4,0.730469
1718,2,26,7,3,transit,AM,0,25.2206,23501.5,218;460;398;386;527;442;466;494;418;392;404;448;411,26;90;59;53;125;81;93;107;69;56;62;84;66;7,,0.0558212,26;90;59;53;125;81;93;107;69;56;62;84;66;7,218;460;398;386;527;442;466;494;418;392;404;448;411,14.6063,23.5015,25.2205,25.2206,978_5464,4,0,4,0.223285
1719,1,26,7,2,transit,AM,0,25.2206,23501.5,217;458;396;384;525;440;464;492;416;390;402;446;409,26;89;58;52;124;80;92;106;68;55;61;83;65;7,,0.143564,26;89;58;52;124;80;92;106;68;55;61;83;65;7,217;458;396;384;525;440;464;492;416;390;402;446;409,14.6063,23.5015,25.2205,25.2206,966_5439,4,0,4,0.574255
1720,0,26,7,1,transit,AM,0,25.2206,23501.5,216;456;394;382;523;438;462;490;414;388;400;444;407,26;88;57;51;123;79;91;105;67;54;60;82;64;7,,0.617998,26;88;57;51;123;79;91;105;67;54;60;82;64;7,216;456;394;382;523;438;462;490;414;388;400;444;407,14.6063,23.5015,25.2205,25.2206,954_5414,4,0,4,2.47199
1721,0,26,8,1,transit,AM,0,21.9078,20392.2,225;882;861;859;880;876;868;892;864,26;308;297;296;307;305;301;313;299;8,,1,26;308;297;296;307;305;301;313;299;8,225;882;861;859;880;876;868;892;864,12.6739,20.3922,21.9078,21.9078,2460_7207,2,0,2,2
1722,0,26,9,1,transit,AM,0,68.1221,63768,225;882;861;859;880;876;868;892;865;878;894;896;874;898;884;866,26;308;297;296;307;305;301;313;299;306;314;315;304;316;309;300;9,,1,26;308;297;296;307;305;301;313;299;306;314;315;304;316;309;300;9,225;882;861;859;880;876;868;892;865;878;894;896;874;898;884;866,39.6321,63.768,68.1221,68.1221,4625_13398,1,0,1,1
1723,6,26,11,4,transit,AM,0,17.3684,16131.6,226;1054;1032;1028;1074;1050;1057;1063;1039,26;396;385;383;406;394;398;401;389;11,,0.182617,26;396;385;383;406;394;398;401;389;11,226;1054;1032;1028;1074;1050;1057;1063;1039,10.0259,16.1316,17.3683,17.3684,3189_8623,49,0,49,8.94824
1724,2,26,11,3,transit,AM,0,17.3684,16131.6,218;460;398;386;527;442;466;494;417,26;90;59;53;125;81;93;107;69;11,,0.0558212,26;90;59;53;125;81;93;107;69;11,218;460;398;386;527;442;466;494;417,10.0259,16.1316,17.3683,17.3684,714_3808,49,0,49,2.73524
1725,1,26,11,2,transit,AM,0,17.3684,16131.6,217;458;396;384;525;440;464;492;415,26;89;58;52;124;80;92;106;68;11,,0.143564,26;89;58;52;124;80;92;106;68;11,217;458;396;384;525;440;464;492;415,10.0259,16.1316,17.3683,17.3684,706_3791,49,0,49,7.03462
1726,0,26,11,1,transit,AM,0,17.3684,16131.6,216;456;394;382;523;438;462;490;413,26;88;57;51;123;79;91;105;67;11,,0.617998,26;88;57;51;123;79;91;105;67;11,216;456;394;382;523;438;462;490;413,10.0259,16.1316,17.3683,17.3684,698_3774,49,0,49,30.2819
1727,0,26,13,1,transit,AM,0,12.495,11557.6,225;882;861;859;880;876;867,26;308;297;296;307;305;301;13,,1,26;308;297;296;307;305;301;13,225;882;861;859;880;876;867,7.18307,11.5576,12.495,12.495,1853_5450,10,0,10,10
1728,2,26,14,3,transit,AM,0,30.2489,28221.1,220;676;721;694;670;739;704;645,26;202;225;211;199;234;216;187;14,,0.800639,26;202;225;211;199;234;216;187;14,220;676;721;694;670;739;704;645,17.5396,28.2211,30.2489,30.2489,1514_5069,3,0,3,2.40192
1729,1,26,14,2,transit,AM,0,30.2489,28221.1,221;678;723;696;672;741;706;647,26;203;226;212;200;235;217;188;14,,0.0685305,26;203;226;212;200;235;217;188;14,221;678;723;696;672;741;706;647,17.5396,28.2211,30.2489,30.2489,1521_5084,3,0,3,0.205592
1730,0,26,14,1,transit,AM,0,30.2489,28221.1,219;674;719;692;668;737;702;643,26;201;224;210;198;233;215;186;14,,0.130831,26;201;224;210;198;233;215;186;14,219;674;719;692;668;737;702;643,17.5396,28.2211,30.2489,30.2489,1507_5054,3,0,3,0.392493
1731,6,26,15,4,transit,AM,0,27.9415,26055.2,226;1054;1032;1028;1074;1050;1057;1063;1040;1030;1034;1052;1038;1043,26;396;385;383;406;394;398;401;389;384;386;395;388;391;15,,0.182617,26;396;385;383;406;394;398;401;389;384;386;395;388;391;15,226;1054;1032;1028;1074;1050;1057;1063;1040;1030;1034;1052;1038;1043,16.1934,26.0552,27.9414,27.9415,5137_13821,6,0,6,1.0957
1732,2,26,15,3,transit,AM,0,27.9414,26055.2,218;460;398;386;527;442;466;494;418;392;404;448;412;435,26;90;59;53;125;81;93;107;69;56;62;84;66;78;15,,0.0558212,26;90;59;53;125;81;93;107;69;56;62;84;66;78;15,218;460;398;386;527;442;466;494;418;392;404;448;412;435,16.1934,26.0552,27.9414,27.9414,1064_5900,6,0,6,0.334927
1733,1,26,15,2,transit,AM,0,27.9414,26055.2,217;458;396;384;525;440;464;492;416;390;402;446;410;433,26;89;58;52;124;80;92;106;68;55;61;83;65;77;15,,0.143564,26;89;58;52;124;80;92;106;68;55;61;83;65;77;15,217;458;396;384;525;440;464;492;416;390;402;446;410;433,16.1934,26.0552,27.9414,27.9414,1051_5873,6,0,6,0.861382
1734,0,26,15,1,transit,AM,0,27.9414,26055.2,216;456;394;382;523;438;462;490;414;388;400;444;408;431,26;88;57;51;123;79;91;105;67;54;60;82;64;76;15,,0.617998,26;88;57;51;123;79;91;105;67;54;60;82;64;76;15,216;456;394;382;523;438;462;490;414;388;400;444;408;431,16.1934,26.0552,27.9414,27.9414,1038_5846,6,0,6,3.70799
1735,2,26,16,3,transit,AM,0,5.11967,4635.25,223;820;766;785,26;275;248;258;16,,0.800639,26;275;248;258;16,223;820;766;785,2.88083,4.63525,5.11967,5.11967,823_2594,11,0,11,8.80702
1736,1,26,16,2,transit,AM,0,5.11967,4635.25,224;822;768;787,26;276;249;259;16,,0.0685305,26;276;249;259;16,224;822;768;787,2.88083,4.63525,5.11967,5.11967,826_2601,11,0,11,0.753836
1737,0,26,16,1,transit,AM,0,5.11971,4635.25,222;818;764;783,26;274;247;257;16,,0.130831,26;274;247;257;16,222;818;764;783,2.88083,4.63525,5.11967,5.11971,820_2587,11,0,11,1.43914
1738,2,26,17,3,transit,AM,0,13.4727,12475.3,223;820;766;786;828;834;791,26;275;248;258;279;282;261;17,,0.800639,26;275;248;258;279;282;261;17,223;820;766;786;828;834;791,7.75345,12.4753,13.4727,13.4727,1646_5048,5,0,5,4.00319
1739,1,26,17,2,transit,AM,0,13.4727,12475.3,224;822;768;788;830;836;793,26;276;249;259;280;283;262;17,,0.0685305,26;276;249;259;280;283;262;17,224;822;768;788;830;836;793,7.75345,12.4753,13.4727,13.4727,1652_5061,5,0,5,0.342653
1740,0,26,17,1,transit,AM,0,13.4727,12475.3,222;818;764;784;826;832;789,26;274;247;257;278;281;260;17,,0.130831,26;274;247;257;278;281;260;17,222;818;764;784;826;832;789,7.75345,12.4753,13.4727,13.4727,1640_5035,5,0,5,0.654155
1741,6,26,19,4,transit,AM,0,15.1393,14039.3,226;1054;1032;1028;1074;1049,26;396;385;383;406;394;19,,0.182617,26;396;385;383;406;394;19,226;1054;1032;1028;1074;1049,8.72551,14.0393,15.1392,15.1393,2009_5463,77,0,77,14.0615
1742,2,26,19,3,transit,AM,0,15.1392,14039.3,218;460;398;386;527;441,26;90;59;53;125;81;19,,0.0558212,26;90;59;53;125;81;19,218;460;398;386;527;441,8.72551,14.0393,15.1392,15.1392,453_2430,77,0,77,4.29823
1743,1,26,19,2,transit,AM,0,15.1392,14039.3,217;458;396;384;525;439,26;89;58;52;124;80;19,,0.143564,26;89;58;52;124;80;19,217;458;396;384;525;439,8.72551,14.0393,15.1392,15.1392,448_2419,77,0,77,11.0544
1744,0,26,19,1,transit,AM,0,15.1392,14039.3,216;456;394;382;523;437,26;88;57;51;123;79;19,,0.617998,26;88;57;51;123;79;19,216;456;394;382;523;437,8.72551,14.0393,15.1392,15.1392,443_2408,77,0,77,47.5858
1745,0,26,20,1,transit,AM,0,43.7128,40858,225;882;861;859;880;876;868;892;865;878;894;896;873,26;308;297;296;307;305;301;313;299;306;314;315;304;20,,1,26;308;297;296;307;305;301;313;299;306;314;315;304;20,225;882;861;859;880;876;868;892;865;878;894;896;873,25.3934,40.858,43.7128,43.7128,3711_10749,2,0,2,2
1746,0,26,21,1,transit,AM,0,8.90137,8184.66,225;882;861;859;880;875,26;308;297;296;307;305;21,,1,26;308;297;296;307;305;21,225;882;861;859;880;875,5.0868,8.18466,8.90137,8.90137,1560_4582,4,0,4,4
1747,6,26,22,4,transit,AM,0,23.3318,21728.7,226;1054;1032;1028;1074;1050;1057;1063;1040;1030;1034;1051,26;396;385;383;406;394;398;401;389;384;386;395;22,,0.182617,26;396;385;383;406;394;398;401;389;384;386;395;22,226;1054;1032;1028;1074;1050;1057;1063;1040;1030;1034;1051,13.5045,21.7287,23.3317,23.3318,4365_11739,5,0,5,0.913086
1748,2,26,22,3,transit,AM,0,23.3318,21728.7,218;460;398;386;527;442;466;494;418;392;404;447,26;90;59;53;125;81;93;107;69;56;62;84;22,,0.0558212,26;90;59;53;125;81;93;107;69;56;62;84;22,218;460;398;386;527;442;466;494;418;392;404;447,13.5045,21.7287,23.3317,23.3318,927_5052,5,0,5,0.279106
1749,1,26,22,2,transit,AM,0,23.3318,21728.7,217;458;396;384;525;440;464;492;416;390;402;445,26;89;58;52;124;80;92;106;68;55;61;83;22,,0.143564,26;89;58;52;124;80;92;106;68;55;61;83;22,217;458;396;384;525;440;464;492;416;390;402;445,13.5045,21.7287,23.3317,23.3318,916_5029,5,0,5,0.717818
1750,0,26,22,1,transit,AM,0,23.3318,21728.7,216;456;394;382;523;438;462;490;414;388;400;443,26;88;57;51;123;79;91;105;67;54;60;82;22,,0.617998,26;88;57;51;123;79;91;105;67;54;60;82;22,216;456;394;382;523;438;462;490;414;388;400;443,13.5045,21.7287,23.3317,23.3318,905_5006,5,0,5,3.08999
1751,0,26,23,1,transit,AM,0,26.8157,24998.7,225;882;861;859;880;876;868;892;865;877,26;308;297;296;307;305;301;313;299;306;23,,1,26;308;297;296;307;305;301;313;299;306;23,225;882;861;859;880;876;868;892;865;877,15.5368,24.9987,26.8157,26.8157,2781_8085,7,0,7,7
1752,1,26,24,2,transit,AM,0,15.882,14736.6,220;676;721;694;669,26;202;225;211;199;24,,0.869169,26;202;225;211;199;24,220;676;721;694;669,9.15888,14.7366,15.882,15.882,887_2980,1,0,1,0.869169
1753,0,26,24,1,transit,AM,0,15.882,14736.6,219;674;719;692;667,26;201;224;210;198;24,,0.130831,26;201;224;210;198;24,219;674;719;692;667,9.15888,14.7366,15.882,15.882,883_2971,1,0,1,0.130831
1754,0,26,25,1,transit,AM,0,4.21726,3788.24,225;882;861;859;879,26;308;297;296;307;25,,1,26;308;297;296;307;25,225;882;861;859;879,2.35441,3.78824,4.21726,4.21726,1259_3706,2,0,2,2
1755,0,26,27,1,transit,AM,0,43.1596,40338.7,226;1054;1032;1028;1074;1050;1057;1063;1040;1030;1034;1052;1038;1044;1042;1072;1067;1069;1055,26;396;385;383;406;394;398;401;389;384;386;395;388;391;390;405;403;404;397;27,,1,26;396;385;383;406;394;398;401;389;384;386;395;388;391;390;405;403;404;397;27,226;1054;1032;1028;1074;1050;1057;1063;1040;1030;1034;1052;1038;1044;1042;1072;1067;1069;1055,25.0707,40.3387,43.1595,43.1596,7148_19127,2,0,2,2
1756,0,26,28,1,transit,AM,0,62.9952,58956,225;882;861;859;880;876;868;892;865;878;894;896;874;898;883,26;308;297;296;307;305;301;313;299;306;314;315;304;316;309;28,,1,26;308;297;296;307;305;301;313;299;306;314;315;304;316;309;28,225;882;861;859;880;876;868;892;865;878;894;896;874;898;883,36.6414,58.956,62.9952,62.9952,4344_12531,3,0,3,3
1757,6,26,29,4,transit,AM,0,15.7407,14603.9,226;1054;1032;1028;1074;1050;1056,26;396;385;383;406;394;398;29,,0.182617,26;396;385;383;406;394;398;29,226;1054;1032;1028;1074;1050;1056,9.07636,14.6039,15.7406,15.7407,2417_6520,50,0,50,9.13086
1758,2,26,29,3,transit,AM,0,15.7407,14603.9,218;460;398;386;527;442;465,26;90;59;53;125;81;93;29,,0.0558212,26;90;59;53;125;81;93;29,218;460;398;386;527;442;465,9.07636,14.6039,15.7406,15.7407,556_2896,50,0,50,2.79106
1759,1,26,29,2,transit,AM,0,15.7407,14603.9,217;458;396;384;525;440;463,26;89;58;52;124;80;92;29,,0.143564,26;89;58;52;124;80;92;29,217;458;396;384;525;440;463,9.07636,14.6039,15.7406,15.7407,550_2883,50,0,50,7.17818
1760,0,26,29,1,transit,AM,0,15.7407,14603.9,216;456;394;382;523;438;461,26;88;57;51;123;79;91;29,,0.617998,26;88;57;51;123;79;91;29,216;456;394;382;523;438;461,9.07636,14.6039,15.7406,15.7407,544_2870,50,0,50,30.8999
1761,1,26,33,2,transit,AM,0,10.0912,9301.46,220;676;721;693,26;202;225;211;33,,0.869169,26;202;225;211;33,220;676;721;693,5.7809,9.30146,10.0912,10.0912,697_2310,1,0,1,0.869169
1762,0,26,33,1,transit,AM,0,10.0912,9301.46,219;674;719;691,26;201;224;210;33,,0.130831,26;201;224;210;33,219;674;719;691,5.7809,9.30146,10.0912,10.0912,694_2303,1,0,1,0.130831
1763,1,26,34,2,transit,AM,0,46.6626,43626.9,221;678;723;696;672;741;706;648;690;711;699,26;203;226;212;200;235;217;188;209;220;214;34,,0.0685305,26;203;226;212;200;235;217;188;209;220;214;34,221;678;723;696;672;741;706;648;690;711;699,27.1143,43.6269,46.6626,46.6626,2184_7185,1,0,1,0.0685305
1764,0,26,34,1,transit,AM,0,46.6626,43626.9,220;676;721;694;670;739;704;646;688;709;697,26;202;225;211;199;234;216;187;208;219;213;34,,0.931469,26;202;225;211;199;234;216;187;208;219;213;34,220;676;721;694;670;739;704;646;688;709;697,27.1143,43.6269,46.6626,46.6626,2174_7164,1,0,1,0.93147
1765,1,26,35,2,transit,AM,0,24.3236,22659.7,220;676;721;694;670;739;703,26;202;225;211;199;234;216;35,,0.869169,26;202;225;211;199;234;216;35,220;676;721;694;670;739;703,14.0831,22.6597,24.3236,24.3236,1348_4423,3,0,3,2.60751
1766,0,26,35,1,transit,AM,0,24.3236,22659.7,219;674;719;692;668;737;701,26;201;224;210;198;233;215;35,,0.130831,26;201;224;210;198;233;215;35,219;674;719;692;668;737;701,14.0831,22.6597,24.3236,24.3236,1342_4410,3,0,3,0.392493
1767,2,26,37,3,transit,AM,0,10.3154,9511.9,223;820;766;786;828;833,26;275;248;258;279;282;37,,0.800639,26;275;248;258;279;282;37,223;820;766;786;828;833,5.91168,9.5119,10.3154,10.3154,1405_4256,1,0,1,0.800639
1768,1,26,37,2,transit,AM,0,10.3154,9511.9,224;822;768;788;830;835,26;276;249;259;280;283;37,,0.0685305,26;276;249;259;280;283;37,224;822;768;788;830;835,5.91168,9.5119,10.3154,10.3154,1410_4267,1,0,1,0.0685305
1769,0,26,37,1,transit,AM,0,10.3154,9511.9,222;818;764;784;826;831,26;274;247;257;278;281;37,,0.130831,26;274;247;257;278;281;37,222;818;764;784;826;831,5.91168,9.5119,10.3154,10.3154,1400_4245,1,0,1,0.130831
1770,6,26,38,4,transit,AM,0,16.5036,15319.9,226;1054;1032;1028;1074;1050;1057;1062,26;396;385;383;406;394;398;401;38,,0.182617,26;396;385;383;406;394;398;401;38,226;1054;1032;1028;1074;1050;1057;1062,9.52136,15.3199,16.5035,16.5036,2827_7583,38,0,38,6.93945
1771,2,26,38,3,transit,AM,0,16.5036,15319.9,218;460;398;386;527;442;466;493,26;90;59;53;125;81;93;107;38,,0.0558212,26;90;59;53;125;81;93;107;38,218;460;398;386;527;442;466;493,9.52136,15.3199,16.5035,16.5036,672_3390,38,0,38,2.12121
1772,1,26,38,2,transit,AM,0,16.5035,15319.9,217;458;396;384;525;440;464;491,26;89;58;52;124;80;92;106;38,,0.143564,26;89;58;52;124;80;92;106;38,217;458;396;384;525;440;464;491,9.52136,15.3199,16.5035,16.5035,665_3375,38,0,38,5.45542
1773,0,26,38,1,transit,AM,0,16.5036,15319.9,216;456;394;382;523;438;462;489,26;88;57;51;123;79;91;105;38,,0.617998,26;88;57;51;123;79;91;105;38,216;456;394;382;523;438;462;489,9.52136,15.3199,16.5035,16.5036,658_3360,38,0,38,23.4839
1774,2,26,39,3,transit,AM,0,17.1171,15895.9,223;820;766;786;828;834;792;838,26;275;248;258;279;282;261;285;39,,0.800639,26;275;248;258;279;282;261;285;39,223;820;766;786;828;834;792;838,9.87936,15.8959,17.1171,17.1171,1953_5887,4,0,4,3.20255
1775,1,26,39,2,transit,AM,0,17.1171,15895.9,224;822;768;788;830;836;794;839,26;276;249;259;280;283;262;286;39,,0.0685305,26;276;249;259;280;283;262;286;39,224;822;768;788;830;836;794;839,9.87936,15.8959,17.1171,17.1171,1960_5901,4,0,4,0.274122
1776,0,26,39,1,transit,AM,0,17.1172,15895.9,222;818;764;784;826;832;790;837,26;274;247;257;278;281;260;284;39,,0.130831,26;274;247;257;278;281;260;284;39,222;818;764;784;826;832;790;837,9.87936,15.8959,17.1171,17.1172,1946_5873,4,0,4,0.523324
1777,8,26,40,3,transit,AM,0,2.61816,2287.37,221;678;722,26;203;226;40,,0,26;203;226;40,221;678;722,1.42161,2.28737,2.61816,2.61816,495_1621,1,0,1,0
1778,1,26,40,2,transit,AM,0,2.61816,2287.37,220;676;720,26;202;225;40,,0.869169,26;202;225;40,220;676;720,1.42161,2.28737,2.61816,2.61816,493_1616,1,0,1,0.869169
1779,0,26,40,1,transit,AM,0,2.61816,2287.37,219;674;718,26;201;224;40,,0.130831,26;201;224;40,219;674;718,1.42161,2.28737,2.61816,2.61816,491_1611,1,0,1,0.130831
1780,0,26,41,1,transit,AM,0,17.5494,16301.5,225;882;861;859;880;876;868;891,26;308;297;296;307;305;301;313;41,,1,26;308;297;296;307;305;301;313;41,225;882;861;859;880;876;868;891,10.1315,16.3015,17.5494,17.5494,2194_6342,4,0,4,4
1781,6,26,42,4,transit,AM,0,37.7792,35288.7,226;1054;1032;1028;1074;1050;1057;1063;1040;1030;1034;1052;1038;1044;1042;1072;1066,26;396;385;383;406;394;398;401;389;384;386;395;388;391;390;405;403;42,,0.182617,26;396;385;383;406;394;398;401;389;384;386;395;388;391;390;405;403;42,226;1054;1032;1028;1074;1050;1057;1063;1040;1030;1034;1052;1038;1044;1042;1072;1066,21.9321,35.2887,37.7791,37.7792,6362_17002,1,0,1,0.182617
1782,2,26,42,3,transit,AM,0,37.7792,35288.7,218;460;398;386;527;442;466;494;418;392;404;448;412;436;424;515;505,26;90;59;53;125;81;93;107;69;56;62;84;66;78;72;119;113;42,,0.0558212,26;90;59;53;125;81;93;107;69;56;62;84;66;78;72;119;113;42,218;460;398;386;527;442;466;494;418;392;404;448;412;436;424;515;505,21.9321,35.2887,37.7791,37.7792,1395_7345,1,0,1,0.0558212
1783,1,26,42,2,transit,AM,0,37.7791,35288.7,217;458;396;384;525;440;464;492;416;390;402;446;410;434;422;513;503,26;89;58;52;124;80;92;106;68;55;61;83;65;77;71;118;112;42,,0.143564,26;89;58;52;124;80;92;106;68;55;61;83;65;77;71;118;112;42,217;458;396;384;525;440;464;492;416;390;402;446;410;434;422;513;503,21.9321,35.2887,37.7791,37.7791,1379_7312,1,0,1,0.143564
1784,0,26,42,1,transit,AM,0,37.7792,35288.7,216;456;394;382;523;438;462;490;414;388;400;444;408;432;420;511;501,26;88;57;51;123;79;91;105;67;54;60;82;64;76;70;117;111;42,,0.617998,26;88;57;51;123;79;91;105;67;54;60;82;64;76;70;117;111;42,216;456;394;382;523;438;462;490;414;388;400;444;408;432;420;511;501,21.9321,35.2887,37.7791,37.7792,1363_7279,1,0,1,0.617998
1785,6,26,43,4,transit,AM,0,41.2262,38524.1,226;1054;1032;1028;1074;1050;1057;1063;1040;1030;1034;1052;1038;1044;1042;1072;1067;1068,26;396;385;383;406;394;398;401;389;384;386;395;388;391;390;405;403;404;43,,0.182617,26;396;385;383;406;394;398;401;389;384;386;395;388;391;390;405;403;404;43,226;1054;1032;1028;1074;1050;1057;1063;1040;1030;1034;1052;1038;1044;1042;1072;1067;1068,23.9429,38.5241,41.2261,41.2262,6767_18071,4,0,4,0.730469
1786,2,26,43,3,transit,AM,0,41.2262,38524.1,218;460;398;386;527;442;466;494;418;392;404;448;412;436;424;515;506;509,26;90;59;53;125;81;93;107;69;56;62;84;66;78;72;119;113;116;43,,0.0558212,26;90;59;53;125;81;93;107;69;56;62;84;66;78;72;119;113;116;43,218;460;398;386;527;442;466;494;418;392;404;448;412;436;424;515;506;509,23.9429,38.5241,41.2261,41.2262,1512_7855,4,0,4,0.223285
1787,1,26,43,2,transit,AM,0,41.2262,38524.1,217;458;396;384;525;440;464;492;416;390;402;446;410;434;422;513;504;508,26;89;58;52;124;80;92;106;68;55;61;83;65;77;71;118;112;115;43,,0.143564,26;89;58;52;124;80;92;106;68;55;61;83;65;77;71;118;112;115;43,217;458;396;384;525;440;464;492;416;390;402;446;410;434;422;513;504;508,23.9429,38.5241,41.2261,41.2262,1495_7821,4,0,4,0.574255
1788,0,26,43,1,transit,AM,0,41.2262,38524.1,216;456;394;382;523;438;462;490;414;388;400;444;408;432;420;511;502;507,26;88;57;51;123;79;91;105;67;54;60;82;64;76;70;117;111;114;43,,0.617998,26;88;57;51;123;79;91;105;67;54;60;82;64;76;70;117;111;114;43,216;456;394;382;523;438;462;490;414;388;400;444;408;432;420;511;502;507,23.9429,38.5241,41.2261,41.2262,1478_7787,4,0,4,2.47199
1789,6,26,45,4,transit,AM,0,33.6749,31436.5,226;1054;1032;1028;1074;1050;1057;1063;1040;1030;1034;1052;1038;1044;1042;1071,26;396;385;383;406;394;398;401;389;384;386;395;388;391;390;405;45,,0.182617,26;396;385;383;406;394;398;401;389;384;386;395;388;391;390;405;45,226;1054;1032;1028;1074;1050;1057;1063;1040;1030;1034;1052;1038;1044;1042;1071,19.5379,31.4365,33.6748,33.6749,5962_15935,1,0,1,0.182617
1790,2,26,45,3,transit,AM,0,33.6749,31436.5,218;460;398;386;527;442;466;494;418;392;404;448;412;436;424;514,26;90;59;53;125;81;93;107;69;56;62;84;66;78;72;119;45,,0.0558212,26;90;59;53;125;81;93;107;69;56;62;84;66;78;72;119;45,218;460;398;386;527;442;466;494;418;392;404;448;412;436;424;514,19.5379,31.4365,33.6748,33.6749,1285_6839,1,0,1,0.0558212
1791,1,26,45,2,transit,AM,0,33.6749,31436.5,217;458;396;384;525;440;464;492;416;390;402;446;410;434;422;512,26;89;58;52;124;80;92;106;68;55;61;83;65;77;71;118;45,,0.143564,26;89;58;52;124;80;92;106;68;55;61;83;65;77;71;118;45,217;458;396;384;525;440;464;492;416;390;402;446;410;434;422;512,19.5379,31.4365,33.6748,33.6749,1270_6808,1,0,1,0.143564
1792,0,26,45,1,transit,AM,0,33.6749,31436.5,216;456;394;382;523;438;462;490;414;388;400;444;408;432;420;510,26;88;57;51;123;79;91;105;67;54;60;82;64;76;70;117;45,,0.617998,26;88;57;51;123;79;91;105;67;54;60;82;64;76;70;117;45,216;456;394;382;523;438;462;490;414;388;400;444;408;432;420;510,19.5379,31.4365,33.6748,33.6749,1255_6777,1,0,1,0.617998
1793,0,26,46,1,transit,AM,0,38.2304,35712.3,225;882;861;859;880;876;868;892;865;878;894;895,26;308;297;296;307;305;301;313;299;306;314;315;46,,1,26;308;297;296;307;305;301;313;299;306;314;315;46,225;882;861;859;880;876;868;892;865;878;894;895,22.1954,35.7123,38.2304,38.2304,3433_9875,3,0,3,3
1794,0,26,47,1,transit,AM,0,51.1289,47818.6,225;882;861;859;880;876;868;892;865;878;894;896;874;897,26;308;297;296;307;305;301;313;299;306;314;315;304;316;47,,1,26;308;297;296;307;305;301;313;299;306;314;315;304;316;47,225;882;861;859;880;876;868;892;865;878;894;896;874;897,29.7195,47.8186,51.1289,51.1289,4054_11647,2,0,2,2
1795,1,26,48,2,transit,AM,0,21.4382,19951.5,220;676;721;694;670;738,26;202;225;211;199;234;48,,0.869169,26;202;225;211;199;234;48,220;676;721;694;670;738,12.4,19.9515,21.4382,21.4382,1145_3719,7,0,7,6.08418
1796,0,26,48,1,transit,AM,0,21.4382,19951.5,219;674;719;692;668;736,26;201;224;210;198;233;48,,0.130831,26;201;224;210;198;233;48,219;674;719;692;668;736,12.4,19.9515,21.4382,21.4382,1140_3708,7,0,7,0.915817
1797,7,26,50,4,transit,AM,0,5.49116,4983.87,226;1054;1032;1028;1073,26;396;385;383;406;50,,0.15625,26;396;385;383;406;50,226;1054;1032;1028;1073,3.09749,4.98387,5.49113,5.49116,1646_4413,2,0,2,0.3125
1798,2,26,50,3,transit,AM,0,5.49115,4983.87,218;460;398;386;526,26;90;59;53;125;50,,0.0821884,26;90;59;53;125;50,218;460;398;386;526,3.09749,4.98387,5.49113,5.49115,403_1988,2,0,2,0.164377
1799,1,26,50,2,transit,AM,0,5.49114,4983.87,217;458;396;384;524,26;89;58;52;124;50,,0.143564,26;89;58;52;124;50,217;458;396;384;524,3.09749,4.98387,5.49113,5.49114,399_1979,2,0,2,0.287127
1800,0,26,50,1,transit,AM,0,5.49115,4983.87,216;456;394;382;522,26;88;57;51;123;50,,0.617998,26;88;57;51;123;50,216;456;394;382;522,3.09749,4.98387,5.49113,5.49115,395_1970,2,0,2,1.236
1801,0,27,1,1,transit,AM,0,40.0908,37458.5,229;1104;1117;1115;1120;1090;1092;1086;1100;1082;1078;1088;1112;1106;1098;1122;1075,27;421;428;427;429;414;415;412;419;410;408;413;425;422;418;430;407;1,,1,27;421;428;427;429;414;415;412;419;410;408;413;425;422;418;430;407;1,229;1104;1117;1115;1120;1090;1092;1086;1100;1082;1078;1088;1112;1106;1098;1122;1075,23.2806,37.4585,40.0908,40.0908,6726_17814,3,0,3,3
1802,0,27,2,1,transit,AM,0,24.2246,22566.7,229;1104;1117;1115;1120;1090;1092;1086;1100;1082;1077,27;421;428;427;429;414;415;412;419;410;408;2,,1,27;421;428;427;429;414;415;412;419;410;408;2,229;1104;1117;1115;1120;1090;1092;1086;1100;1082;1077,14.0253,22.5667,24.2246,24.2246,4212_11212,4,0,4,4
1803,0,27,3,1,transit,AM,0,40.697,38027.4,229;1104;1117;1115;1120;1090;1092;1086;1100;1082;1078;1088;1112;1106;1098;1122;1076;1079,27;421;428;427;429;414;415;412;419;410;408;413;425;422;418;430;407;409;3,,1,27;421;428;427;429;414;415;412;419;410;408;413;425;422;418;430;407;409;3,229;1104;1117;1115;1120;1090;1092;1086;1100;1082;1078;1088;1112;1106;1098;1122;1076;1079,23.6342,38.0274,40.697,40.697,7137_18894,5,0,5,5
1804,0,27,4,1,transit,AM,0,22.7095,21144.6,229;1104;1117;1115;1120;1090;1092;1086;1100;1081,27;421;428;427;429;414;415;412;419;410;4,,1,27;421;428;427;429;414;415;412;419;410;4,229;1104;1117;1115;1120;1090;1092;1086;1100;1081,13.1415,21.1446,22.7095,22.7095,3806_10134,1,0,1,1
1805,0,27,7,1,transit,AM,0,18.1504,16865.5,229;1104;1117;1115;1120;1090;1092;1085,27;421;428;427;429;414;415;412;7,,1,27;421;428;427;429;414;415;412;7,229;1104;1117;1115;1120;1090;1092;1085,10.482,16.8655,18.1504,18.1504,2980_7952,6,0,6,6
1806,0,27,11,1,transit,AM,0,26.0025,24235.4,229;1104;1117;1115;1120;1090;1092;1086;1100;1082;1078;1087,27;421;428;427;429;414;415;412;419;410;408;413;11,,1,27;421;428;427;429;414;415;412;419;410;408;413;11,229;1104;1117;1115;1120;1090;1092;1086;1100;1082;1078;1087,15.0624,24.2354,26.0025,26.0025,4634_12300,19,0,19,19
1807,0,27,12,1,transit,AM,0,12.8502,11890.8,229;1104;1117;1115;1120;1089,27;421;428;427;429;414;12,,1,27;421;428;427;429;414;12,229;1104;1117;1115;1120;1089,7.39019,11.8908,12.8502,12.8502,2158_5774,3,0,3,3
1808,0,27,15,1,transit,AM,0,15.4296,14311.8,229;1104;1117;1115;1120;1090;1091,27;421;428;427;429;414;415;15,,1,27;421;428;427;429;414;415;15,229;1104;1117;1115;1120;1090;1091,8.89484,14.3118,15.4296,15.4296,2576_6866,12,0,12,12
1809,0,27,16,1,transit,AM,0,48.0679,44945.6,229;1104;1117;1115;1120;1090;1092;1086;1100;1082;1078;1088;1112;1106;1098;1122;1076;1080;1102;1084;1093,27;421;428;427;429;414;415;412;419;410;408;413;425;422;418;430;407;409;420;411;416;16,,1,27;421;428;427;429;414;415;412;419;410;408;413;425;422;418;430;407;409;420;411;416;16,229;1104;1117;1115;1120;1090;1092;1086;1100;1082;1078;1088;1112;1106;1098;1122;1076;1080;1102;1084;1093,27.9339,44.9456,48.0679,48.0679,8397_22174,2,0,2,2
1810,0,27,19,1,transit,AM,0,28.2317,26327.7,229;1104;1117;1115;1120;1090;1092;1086;1100;1082;1078;1088;1112;1106;1097,27;421;428;427;429;414;415;412;419;410;408;413;425;422;418;19,,1,27;421;428;427;429;414;415;412;419;410;408;413;425;422;418;19,229;1104;1117;1115;1120;1090;1092;1086;1100;1082;1078;1088;1112;1106;1097,16.3628,26.3277,28.2317,28.2317,5907_15616,25,0,25,25
1811,0,27,29,1,transit,AM,0,27.6302,25763.2,229;1104;1117;1115;1120;1090;1092;1086;1100;1082;1078;1088;1112;1105,27;421;428;427;429;414;415;412;419;410;408;413;425;422;29,,1,27;421;428;427;429;414;415;412;419;410;408;413;425;422;29,229;1104;1117;1115;1120;1090;1092;1086;1100;1082;1078;1088;1112;1105,16.0119,25.7632,27.6302,27.6302,5499_14518,24,0,24,24
1812,0,27,38,1,transit,AM,0,26.8674,25047.2,229;1104;1117;1115;1120;1090;1092;1086;1100;1082;1078;1088;1111,27;421;428;427;429;414;415;412;419;410;408;413;425;38,,1,27;421;428;427;429;414;415;412;419;410;408;413;425;38,229;1104;1117;1115;1120;1090;1092;1086;1100;1082;1078;1088;1111,15.5669,25.0472,26.8674,26.8674,5086_13412,5,0,5,5
1813,0,27,42,1,transit,AM,0,5.59195,5078.32,229;1104;1117;1114,27;421;428;427;42,,1,27;421;428;427;42,229;1104;1117;1114,3.1562,5.07832,5.59195,5.59195,1345_3564,1,0,1,1
1814,0,27,43,1,transit,AM,0,2.14492,1843,229;1104;1116,27;421;428;43,,1,27;421;428;43,229;1104;1116,1.14543,1.843,2.14492,2.14492,919_2449,15,0,15,15
1815,0,27,45,1,transit,AM,0,9.69621,8930.53,229;1104;1117;1115;1119,27;421;428;427;429;45,,1,27;421;428;427;429;45,229;1104;1117;1115;1119,5.55036,8.93053,9.69621,9.69621,1777_4684,2,0,2,2
1816,0,28,1,1,transit,AM,0,59.9265,56075.8,230;824;857;796;853;849;808;772;843;780;802;814;753,28;277;295;263;293;291;269;251;288;255;266;272;242;1,,1,28;277;295;263;293;291;269;251;288;255;266;272;242;1,230;824;857;796;853;849;808;772;843;780;802;814;753,34.8513,56.0758,59.9265,59.9265,3291_9981,3,0,3,3
1817,0,28,3,1,transit,AM,0,60.5326,56644.7,230;824;857;796;853;849;808;772;843;780;802;814;754;759,28;277;295;263;293;291;269;251;288;255;266;272;242;245;3,,1,28;277;295;263;293;291;269;251;288;255;266;272;242;245;3,230;824;857;796;853;849;808;772;843;780;802;814;754;759,35.2049,56.6447,60.5326,60.5326,3538_10741,8,0,8,8
1818,0,28,6,1,transit,AM,0,65.8782,61662,230;824;857;796;853;849;808;772;843;780;802;814;754;760;820;765,28;277;295;263;293;291;269;251;288;255;266;272;242;245;275;248;6,,1,28;277;295;263;293;291;269;251;288;255;266;272;242;245;275;248;6,230;824;857;796;853;849;808;772;843;780;802;814;754;760;820;765,38.3232,61.662,65.8782,65.8782,4064_12327,1,0,1,1
1819,2,28,9,3,transit,AM,0,5.33868,4840.41,234;1008;984,28;373;361;9,,0.542988,28;373;361;9,234;1008;984,3.00833,4.84041,5.33868,5.33868,771_2226,2,0,2,1.08598
1820,1,28,9,2,transit,AM,0,5.33868,4840.41,233;1006;983,28;372;360;9,,0.0685305,28;372;360;9,233;1006;983,3.00833,4.84041,5.33868,5.33868,769_2222,2,0,2,0.137061
1821,0,28,9,1,transit,AM,0,5.33868,4840.41,231;884;866,28;309;300;9,,0.388481,28;309;300;9,231;884;866,3.00833,4.84041,5.33868,5.33868,646_1981,2,0,2,0.776963
1822,0,28,11,1,transit,AM,0,73.8059,69102.7,232;950;970;932;968;966;944;914;962;924;936;948;974;930;954;958;919,28;343;353;334;352;351;340;324;349;329;336;342;355;333;345;347;327;11,,1,28;343;353;334;352;351;340;324;349;329;336;342;355;333;345;347;327;11,232;950;970;932;968;966;944;914;962;924;936;948;974;930;954;958;919,42.9476,69.1027,73.8058,73.8059,5499_15381,4,0,4,4
1823,0,28,13,1,transit,AM,0,50.7116,47426.8,230;824;857;796;853;849;808;772;843;779,28;277;295;263;293;291;269;251;288;255;13,,1,28;277;295;263;293;291;269;251;288;255;13,230;824;857;796;853;849;808;772;843;779,29.476,47.4268,50.7116,50.7116,2523_7611,2,0,2,2
1824,0,28,15,1,transit,AM,0,84.3789,79026.3,232;950;970;932;968;966;944;914;962;924;936;948;974;930;954;958;920;902;906;940;910;926,28;343;353;334;352;351;340;324;349;329;336;342;355;333;345;347;327;318;320;338;322;331;15,,1,28;343;353;334;352;351;340;324;349;329;336;342;355;333;345;347;327;318;320;338;322;331;15,232;950;970;932;968;966;944;914;962;924;936;948;974;930;954;958;920;902;906;940;910;926,49.1152,79.0263,84.3789,84.3789,7132_19966,1,0,1,1
1825,0,28,17,1,transit,AM,0,76.2566,71403,230;824;857;796;853;849;808;772;843;780;802;814;754;760;820;766;786;828;834;791,28;277;295;263;293;291;269;251;288;255;266;272;242;245;275;248;258;279;282;261;17,,1,28;277;295;263;293;291;269;251;288;255;266;272;242;245;275;248;258;279;282;261;17,230;824;857;796;853;849;808;772;843;780;802;814;754;760;820;766;786;828;834;791,44.3772,71.403,76.2566,76.2566,5155_15567,1,0,1,1
1826,0,28,19,1,transit,AM,0,71.5767,67010.5,232;950;970;932;968;966;944;914;962;924;936;948;974;929,28;343;353;334;352;351;340;324;349;329;336;342;355;333;19,,1,28;343;353;334;352;351;340;324;349;329;336;342;355;333;19,232;950;970;932;968;966;944;914;962;924;936;948;974;929,41.6473,67.0105,71.5767,71.5767,4488_12549,22,0,22,22
1827,1,28,20,2,transit,AM,0,19.4939,18126.4,232;950;970;931,28;343;353;334;20,,0.611519,28;343;353;334;20,232;950;970;931,11.2656,18.1264,19.4939,19.4939,1078_3083,5,0,5,3.05759
1828,0,28,20,1,transit,AM,0,19.4939,18126.4,230;824;857;795,28;277;295;263;20,,0.388481,28;277;295;263;20,230;824;857;795,11.2656,18.1264,19.4939,19.4939,883_2706,5,0,5,1.94241
1829,0,28,21,1,transit,AM,0,54.3052,50799.7,230;824;857;796;853;849;808;772;843;780;801,28;277;295;263;293;291;269;251;288;255;266;21,,1,28;277;295;263;293;291;269;251;288;255;266;21,230;824;857;796;853;849;808;772;843;780;801,31.5722,50.7997,54.3052,54.3052,2797_8413,1,0,1,1
1830,0,28,22,1,transit,AM,0,79.7693,74699.8,232;950;970;932;968;966;944;914;962;924;936;948;974;930;954;958;920;902;906;939,28;343;353;334;352;351;340;324;349;329;336;342;355;333;345;347;327;318;320;338;22,,1,28;343;353;334;352;351;340;324;349;329;336;342;355;333;345;347;327;318;320;338;22,232;950;970;932;968;966;944;914;962;924;936;948;974;930;954;958;920;902;906;939,46.4262,74.6998,79.7692,79.7693,6486_18129,1,0,1,1
1831,0,28,23,1,transit,AM,0,36.3909,33985.7,230;824;857;796;853;849;807,28;277;295;263;293;291;269;23,,1,28;277;295;263;293;291;269;23,230;824;857;796;853;849;807,21.1222,33.9857,36.3909,36.3909,1739_5216,1,0,1,1
1832,0,28,25,1,transit,AM,0,58.9893,55196.1,230;824;857;796;853;849;808;772;843;780;802;813,28;277;295;263;293;291;269;251;288;255;266;272;25,,1,28;277;295;263;293;291;269;251;288;255;266;272;25,230;824;857;796;853;849;808;772;843;780;802;813,34.3046,55.1961,58.9892,58.9893,3073_9227,1,0,1,1
1833,0,28,26,1,transit,AM,0,62.9952,58956,230;824;857;796;853;849;808;772;843;780;802;814;754;760;819,28;277;295;263;293;291;269;251;288;255;266;272;242;245;275;26,,1,28;277;295;263;293;291;269;251;288;255;266;272;242;245;275;26,230;824;857;796;853;849;808;772;843;780;802;814;754;760;819,36.6414,58.956,62.9952,62.9952,3836_11561,2,0,2,2
1834,0,28,29,1,transit,AM,0,72.1782,67575,232;950;970;932;968;966;944;914;962;924;936;948;974;930;953,28;343;353;334;352;351;340;324;349;329;336;342;355;333;345;29,,1,28;343;353;334;352;351;340;324;349;329;336;342;355;333;345;29,232;950;970;932;968;966;944;914;962;924;936;948;974;930;953,41.9981,67.575,72.1781,72.1782,4843_13503,7,0,7,7
1835,0,28,37,1,transit,AM,0,73.0993,68439.6,230;824;857;796;853;849;808;772;843;780;802;814;754;760;820;766;786;828;833,28;277;295;263;293;291;269;251;288;255;266;272;242;245;275;248;258;279;282;37,,1,28;277;295;263;293;291;269;251;288;255;266;272;242;245;275;248;258;279;282;37,230;824;857;796;853;849;808;772;843;780;802;814;754;760;820;766;786;828;833,42.5355,68.4396,73.0993,73.0993,4914_14775,1,0,1,1
1836,0,28,38,1,transit,AM,0,72.941,68291,232;950;970;932;968;966;944;914;962;924;936;948;974;930;954;957,28;343;353;334;352;351;340;324;349;329;336;342;355;333;345;347;38,,1,28;343;353;334;352;351;340;324;349;329;336;342;355;333;345;347;38,232;950;970;932;968;966;944;914;962;924;936;948;974;930;954;957,42.4431,68.291,72.941,72.941,5199_14461,5,0,5,5
1837,0,28,44,1,transit,AM,0,31.3561,29260,230;824;857;796;853;848,28;277;295;263;293;291;44,,1,28;277;295;263;293;291;44,230;824;857;796;853;848,18.1852,29.26,31.3561,31.3561,1491_4408,1,0,1,1
1838,0,28,46,1,transit,AM,0,24.9763,23272.1,230;824;857;796;852,28;277;295;263;293;46,,1,28;277;295;263;293;46,230;824;857;796;852,14.4637,23.2721,24.9763,24.9763,1202_3559,4,0,4,4
1839,1,28,47,2,transit,AM,0,12.0779,11165.8,232;950;969,28;343;353;47,,0.0685305,28;343;353;47,232;950;969,6.93958,11.1658,12.0779,12.0779,771_2151,8,0,8,0.548244
1840,0,28,47,1,transit,AM,0,12.0779,11165.8,230;824;856,28;277;295;47,,0.931469,28;277;295;47,230;824;856,6.93958,11.1658,12.0779,12.0779,647_1910,8,0,8,7.45176
1841,1,29,1,2,transit,AM,0,12.6719,11723.6,241;682;658;745;603,29;205;193;237;165;1,,0.869169,29;205;193;237;165;1,241;682;658;745;603,7.28628,11.7236,12.6719,12.6719,830_2929,21,0,21,18.2526
1842,0,29,1,1,transit,AM,0,12.6719,11723.6,240;680;656;743;601,29;204;192;236;164;1,,0.130831,29;204;192;236;164;1,240;680;656;743;601,7.28628,11.7236,12.6719,12.6719,826_2920,21,0,21,2.74745
1843,5,29,2,6,transit,AM,0,3.61702,3224.83,244;954;958;920;901,29;345;347;327;318;2,,0.233704,29;345;347;327;318;2,244;954;958;920;901,2.00425,3.22483,3.61702,3.61702,1368_3977,2,0,2,0.467407
1844,3,29,2,4,transit,AM,0,3.61702,3224.83,238;554;556;539;528,29;139;140;131;126;2,,0.487167,29;139;140;131;126;2,238;554;556;539;528,2.00425,3.22483,3.61702,3.61702,567_2415,2,0,2,0.974334
1845,2,29,2,3,transit,AM,0,3.61702,3224.83,237;466;494;418;391,29;93;107;69;56;2,,0.0558212,29;93;107;69;56;2,237;466;494;418;391,2.00425,3.22483,3.61702,3.61702,356_2006,2,0,2,0.111642
1846,1,29,2,2,transit,AM,0,3.61702,3224.83,236;464;492;416;389,29;92;106;68;55;2,,0.0685305,29;92;106;68;55;2,236;464;492;416;389,2.00425,3.22483,3.61702,3.61702,352_1997,2,0,2,0.137061
1847,4,29,2,5,transit,AM,0,3.61702,3224.83,243;952;956;918;899,29;344;346;326;317;2,,0.0239468,29;344;346;326;317;2,243;952;956;918;899,2.00425,3.22483,3.61702,3.61702,1364_3968,2,0,2,0.0478935
1848,0,29,2,1,transit,AM,0,3.61702,3224.83,235;462;490;414;387,29;91;105;67;54;2,,0.130831,29;91;105;67;54;2,235;462;490;414;387,2.00425,3.22483,3.61702,3.61702,348_1988,2,0,2,0.261662
1849,1,29,3,2,transit,AM,0,13.2781,12292.6,241;682;658;745;604;615,29;205;193;237;165;171;3,,0.869169,29;205;193;237;165;171;3,241;682;658;745;604;615,7.63988,12.2926,13.2781,13.2781,1003_3545,15,0,15,13.0375
1850,0,29,3,1,transit,AM,0,13.2781,12292.6,240;680;656;743;602;613,29;204;192;236;164;170;3,,0.130831,29;204;192;236;164;170;3,240;680;656;743;602;613,7.63988,12.2926,13.2781,13.2781,998_3534,15,0,15,1.96246
1851,5,29,4,6,transit,AM,0,5.13212,4646.87,244;954;958;920;902;905,29;345;347;327;318;320;4,,0.233704,29;345;347;327;318;320;4,244;954;958;920;902;905,2.88805,4.64687,5.13212,5.13212,1690_4883,1,0,1,0.233704
1852,2,29,4,3,transit,AM,0,5.13212,4646.87,237;466;494;418;392;403,29;93;107;69;56;62;4,,0.0558212,29;93;107;69;56;62;4,237;466;494;418;392;403,2.88805,4.64687,5.13212,5.13212,420_2410,1,0,1,0.0558212
1853,4,29,4,5,transit,AM,0,5.13212,4646.87,243;952;956;918;900;903,29;344;346;326;317;319;4,,0.0239468,29;344;346;326;317;319;4,243;952;956;918;900;903,2.88805,4.64687,5.13212,5.13212,1685_4872,1,0,1,0.0239468
1854,3,29,4,4,transit,AM,0,5.13212,4646.87,238;554;556;539;529;530,29;139;140;131;126;127;4,,0.487167,29;139;140;131;126;127;4,238;554;556;539;529;530,2.88805,4.64687,5.13212,5.13212,696_2946,1,0,1,0.487167
1855,1,29,4,2,transit,AM,0,5.13212,4646.87,236;464;492;416;390;401,29;92;106;68;55;61;4,,0.0685305,29;92;106;68;55;61;4,236;464;492;416;390;401,2.88805,4.64687,5.13212,5.13212,415_2399,1,0,1,0.0685305
1856,0,29,4,1,transit,AM,0,5.13212,4646.87,235;462;490;414;388;399,29;91;105;67;54;60;4,,0.130831,29;91;105;67;54;60;4,235;462;490;414;388;399,2.88805,4.64687,5.13212,5.13212,410_2388,1,0,1,0.130831
1857,1,29,5,2,transit,AM,0,72.6465,68014.9,242;684;660;747;606;618;678;723;696;672;741;706;648;690;711;700;626,29;206;194;238;166;172;203;226;212;200;235;217;188;209;220;214;177;5,,0.0685305,29;206;194;238;166;172;203;226;212;200;235;217;188;209;220;214;177;5,242;684;660;747;606;618;678;723;696;672;741;706;648;690;711;700;626,42.2715,68.0149,72.6465,72.6465,3311_11148,1,0,1,0.0685305
1858,0,29,5,1,transit,AM,0,72.6465,68014.9,241;682;658;745;604;616;676;721;694;670;739;704;646;688;709;698;625,29;205;193;237;165;171;202;225;211;199;234;216;187;208;219;213;176;5,,0.931469,29;205;193;237;165;171;202;225;211;199;234;216;187;208;219;213;176;5,241;682;658;745;604;616;676;721;694;670;739;704;646;688;709;698;625,42.2715,68.0149,72.6465,72.6465,3295_11116,1,0,1,0.93147
1859,0,29,6,1,transit,AM,0,18.6237,17309.9,247;1106;1098;1122;1076;1080;1102;1083,29;422;418;430;407;409;420;411;6,,1,29;422;418;430;407;409;420;411;6,247;1106;1098;1122;1076;1080;1102;1083,10.7582,17.3099,18.6237,18.6237,2952_7914,3,0,3,3
1860,5,29,7,6,transit,AM,0,9.69126,8925.99,244;954;958;920;902;906;940;909,29;345;347;327;318;320;338;322;7,,0.233704,29;345;347;327;318;320;338;322;7,244;954;958;920;902;906;940;909,5.54754,8.92599,9.69126,9.69126,2353_6733,4,0,4,0.934814
1861,4,29,7,5,transit,AM,0,9.69126,8925.99,243;952;956;918;900;904;938;907,29;344;346;326;317;319;337;321;7,,0.0239468,29;344;346;326;317;319;337;321;7,243;952;956;918;900;904;938;907,5.54754,8.92599,9.69126,9.69126,2346_6718,4,0,4,0.095787
1862,3,29,7,4,transit,AM,0,9.69126,8925.99,238;554;556;539;529;531;550;532,29;139;140;131;126;127;137;128;7,,0.487167,29;139;140;131;126;127;137;128;7,238;554;556;539;529;531;550;532,5.54754,8.92599,9.69126,9.69126,964_4029,4,0,4,1.94867
1863,2,29,7,3,transit,AM,0,9.69126,8925.99,237;466;494;418;392;404;448;411,29;93;107;69;56;62;84;66;7,,0.0558212,29;93;107;69;56;62;84;66;7,237;466;494;418;392;404;448;411,5.54754,8.92599,9.69126,9.69126,573_3270,4,0,4,0.223285
1864,1,29,7,2,transit,AM,0,9.69126,8925.99,236;464;492;416;390;402;446;409,29;92;106;68;55;61;83;65;7,,0.0685305,29;92;106;68;55;61;83;65;7,236;464;492;416;390;402;446;409,5.54754,8.92599,9.69126,9.69126,566_3255,4,0,4,0.274122
1865,0,29,7,1,transit,AM,0,9.69126,8925.99,235;462;490;414;388;400;444;407,29;91;105;67;54;60;82;64;7,,0.130831,29;91;105;67;54;60;82;64;7,235;462;490;414;388;400;444;407,5.54754,8.92599,9.69126,9.69126,559_3240,4,0,4,0.523324
1866,1,29,8,2,transit,AM,0,31.0907,29011.2,245;1010;992;1026;1004;998;988;1014;981,29;374;365;382;371;368;363;376;359;8,,0.611519,29;374;365;382;371;368;363;376;359;8,245;1010;992;1026;1004;998;988;1014;981,18.0306,29.0112,31.0907,31.0907,2995_8258,3,0,3,1.83456
1867,0,29,8,1,transit,AM,0,31.0907,29011.2,239;589;581;597;587;583;576;593;569,29;157;153;161;156;154;150;159;147;8,,0.388481,29;157;153;161;156;154;150;159;147;8,239;589;581;597;587;583;576;593;569,18.0306,29.0112,31.0907,31.0907,1274_4914,3,0,3,1.16544
1868,0,29,10,1,transit,AM,0,35.9091,33533.6,239;589;581;597;587;583;576;593;570;571,29;157;153;161;156;154;150;159;147;148;10,,1,29;157;153;161;156;154;150;159;147;148;10,239;589;581;597;587;583;576;593;570;571,20.8412,33.5336,35.9091,35.9091,1424_5486,1,0,1,1
1869,4,29,11,5,transit,AM,0,1.83906,1556.08,243;952;956;917,29;344;346;326;11,,0.0239468,29;344;346;326;11,243;952;956;917,0.967108,1.55608,1.83906,1.83906,1056_3068,4,0,4,0.095787
1870,2,29,11,3,transit,AM,0,1.83906,1556.08,237;466;494;417,29;93;107;69;11,,0.0558212,29;93;107;69;11,237;466;494;417,0.967108,1.55608,1.83906,1.83906,309_1614,4,0,4,0.223285
1871,5,29,11,6,transit,AM,0,1.83906,1556.08,244;954;958;919,29;345;347;327;11,,0.233704,29;345;347;327;11,244;954;958;919,0.967108,1.55608,1.83906,1.83906,1059_3075,4,0,4,0.934814
1872,3,29,11,4,transit,AM,0,1.83906,1556.08,238;554;556;538,29;139;140;131;11,,0.487167,29;139;140;131;11,238;554;556;538,0.967108,1.55608,1.83906,1.83906,450_1886,4,0,4,1.94867
1873,1,29,11,2,transit,AM,0,1.83906,1556.08,236;464;492;415,29;92;106;68;11,,0.0685305,29;92;106;68;11,236;464;492;415,0.967108,1.55608,1.83906,1.83906,306_1607,4,0,4,0.274122
1874,0,29,11,1,transit,AM,0,1.83906,1556.08,235;462;490;413,29;91;105;67;11,,0.130831,29;91;105;67;11,235;462;490;413,0.967108,1.55608,1.83906,1.83906,303_1600,4,0,4,0.523324
1875,2,29,12,3,transit,AM,0,14.9915,13900.7,237;466;494;418;392;404;448;412;436;423,29;93;107;69;56;62;84;66;78;72;12,,0.0821884,29;93;107;69;56;62;84;66;78;72;12,237;466;494;418;392;404;448;412;436;423,8.63935,13.9007,14.9915,14.9915,728_4130,1,0,1,0.0821884
1876,1,29,12,2,transit,AM,0,14.9915,13900.7,236;464;492;416;390;402;446;410;434;421,29;92;106;68;55;61;83;65;77;71;12,,0.143564,29;92;106;68;55;61;83;65;77;71;12,236;464;492;416;390;402;446;410;434;421,8.63935,13.9007,14.9915,14.9915,719_4111,1,0,1,0.143564
1877,0,29,12,1,transit,AM,0,14.9915,13900.7,235;462;490;414;388;400;444;408;432;419,29;91;105;67;54;60;82;64;76;70;12,,0.774248,29;91;105;67;54;60;82;64;76;70;12,235;462;490;414;388;400;444;408;432;419,8.63935,13.9007,14.9915,14.9915,710_4092,1,0,1,0.774248
1878,1,29,13,2,transit,AM,0,21.6779,20176.5,245;1010;992;1026;1004;998;987,29;374;365;382;371;368;363;13,,0.611519,29;374;365;382;371;368;363;13,245;1010;992;1026;1004;998;987,12.5398,20.1765,21.6779,21.6779,2265_6262,5,0,5,3.05759
1879,0,29,13,1,transit,AM,0,21.6779,20176.5,239;589;581;597;587;583;575,29;157;153;161;156;154;150;13,,0.388481,29;157;153;161;156;154;150;13,239;589;581;597;587;583;575,12.5398,20.1765,21.6779,21.6779,973_3751,5,0,5,1.94241
1880,2,29,14,3,transit,AM,0,45.7782,42796.7,241;682;658;745;604;616;676;721;694;670;739;704;645,29;205;193;237;165;171;202;225;211;199;234;216;187;14,,0.800639,29;205;193;237;165;171;202;225;211;199;234;216;187;14,241;682;658;745;604;616;676;721;694;670;739;704;645,26.5983,42.7967,45.7782,45.7782,2488_8395,4,0,4,3.20255
1881,1,29,14,2,transit,AM,0,45.7782,42796.7,242;684;660;747;606;618;678;723;696;672;741;706;647,29;206;194;238;166;172;203;226;212;200;235;217;188;14,,0.0685305,29;206;194;238;166;172;203;226;212;200;235;217;188;14,242;684;660;747;606;618;678;723;696;672;741;706;647,26.5983,42.7967,45.7782,45.7782,2500_8420,4,0,4,0.274122
1882,0,29,14,1,transit,AM,0,45.7782,42796.7,240;680;656;743;602;614;674;719;692;668;737;702;643,29;204;192;236;164;170;201;224;210;198;233;215;186;14,,0.130831,29;204;192;236;164;170;201;224;210;198;233;215;186;14,240;680;656;743;602;614;674;719;692;668;737;702;643,26.5983,42.7967,45.7782,45.7782,2476_8370,4,0,4,0.523324
1883,5,29,15,6,transit,AM,0,12.4121,11479.7,244;954;958;920;902;906;940;910;926,29;345;347;327;318;320;338;322;331;15,,0.233704,29;345;347;327;318;320;338;322;331;15,244;954;958;920;902;906;940;910;926,7.13469,11.4797,12.4121,12.4121,2692_7660,1,0,1,0.233704
1884,4,29,15,5,transit,AM,0,12.4121,11479.7,243;952;956;918;900;904;938;908;925,29;344;346;326;317;319;337;321;330;15,,0.0239468,29;344;346;326;317;319;337;321;330;15,243;952;956;918;900;904;938;908;925,7.13469,11.4797,12.4121,12.4121,2684_7644,1,0,1,0.0239468
1885,3,29,15,4,transit,AM,0,12.4121,11479.7,238;554;556;539;529;531;550;533;542,29;139;140;131;126;127;137;128;133;15,,0.487167,29;139;140;131;126;127;137;128;133;15,238;554;556;539;529;531;550;533;542,7.13469,11.4797,12.4121,12.4121,1105_4572,1,0,1,0.487167
1886,2,29,15,3,transit,AM,0,12.4121,11479.7,237;466;494;418;392;404;448;412;435,29;93;107;69;56;62;84;66;78;15,,0.0558212,29;93;107;69;56;62;84;66;78;15,237;466;494;418;392;404;448;412;435,7.13469,11.4797,12.4121,12.4121,659_3706,1,0,1,0.0558212
1887,1,29,15,2,transit,AM,0,12.4121,11479.7,236;464;492;416;390;402;446;410;433,29;92;106;68;55;61;83;65;77;15,,0.0685305,29;92;106;68;55;61;83;65;77;15,236;464;492;416;390;402;446;410;433,7.13469,11.4797,12.4121,12.4121,651_3689,1,0,1,0.0685305
1888,0,29,15,1,transit,AM,0,12.4121,11479.7,235;462;490;414;388;400;444;408;431,29;91;105;67;54;60;82;64;76;15,,0.130831,29;91;105;67;54;60;82;64;76;15,235;462;490;414;388;400;444;408;431,7.13469,11.4797,12.4121,12.4121,643_3672,1,0,1,0.130831
1889,0,29,16,1,transit,AM,0,20.649,19210.8,247;1106;1098;1122;1076;1080;1102;1084;1093,29;422;418;430;407;409;420;411;416;16,,1,29;422;418;430;407;409;420;411;416;16,247;1106;1098;1122;1076;1080;1102;1084;1093,11.9396,19.2108,20.649,20.649,3378_9008,7,0,7,7
1890,0,29,17,1,transit,AM,0,29.002,27050.8,247;1106;1098;1122;1076;1080;1102;1084;1094;1108;1110;1095,29;422;418;430;407;409;420;411;416;423;424;417;17,,1,29;422;418;430;407;409;420;411;416;423;424;417;17,247;1106;1098;1122;1076;1080;1102;1084;1094;1108;1110;1095,16.8122,27.0508,29.002,29.002,4643_12322,3,0,3,3
1891,8,29,19,4,transit,AM,0,0.812803,592.851,242;684;659,29;206;194;19,,0,29;206;194;19,242;684;659,0.368459,0.592851,0.812803,0.812803,448_1585,1,0,1,0
1892,2,29,19,3,transit,AM,0,0.812803,592.851,245;1010;991,29;374;365;19,,0.0558212,29;374;365;19,245;1010;991,0.368459,0.592851,0.812803,0.812803,787_2246,1,0,1,0.0558212
1893,1,29,19,2,transit,AM,0,0.812803,592.851,241;682;657,29;205;193;19,,0.555697,29;205;193;19,241;682;657,0.368459,0.592851,0.812803,0.812803,446_1580,1,0,1,0.555697
1894,0,29,19,1,transit,AM,0,0.812803,592.851,239;589;580,29;157;153;19,,0.388481,29;157;153;19,239;589;580,0.368459,0.592851,0.812803,0.812803,358_1408,1,0,1,0.388481
1895,1,29,21,2,transit,AM,0,18.0843,16803.6,245;1010;992;1026;1004;997,29;374;365;382;371;368;21,,0.611519,29;374;365;382;371;368;21,245;1010;992;1026;1004;997,10.4435,16.8036,18.0843,18.0843,1910_5274,5,0,5,3.05759
1896,0,29,21,1,transit,AM,0,18.0843,16803.6,239;589;581;597;587;582,29;157;153;161;156;154;21,,0.388481,29;157;153;161;156;154;21,239;589;581;597;587;582,10.4435,16.8036,18.0843,18.0843,831_3175,5,0,5,1.94241
1897,5,29,22,6,transit,AM,0,7.80246,7153.19,244;954;958;920;902;906;939,29;345;347;327;318;320;338;22,,0.233704,29;345;347;327;318;320;338;22,244;954;958;920;902;906;939,4.44574,7.15319,7.80245,7.80246,2046_5823,2,0,2,0.467407
1898,3,29,22,4,transit,AM,0,7.80246,7153.19,238;554;556;539;529;531;549,29;139;140;131;126;127;137;22,,0.487167,29;139;140;131;126;127;137;22,238;554;556;539;529;531;549,4.44574,7.15319,7.80245,7.80246,851_3496,2,0,2,0.974334
1899,2,29,22,3,transit,AM,0,7.80246,7153.19,237;466;494;418;392;404;447,29;93;107;69;56;62;84;22,,0.0558212,29;93;107;69;56;62;84;22,237;466;494;418;392;404;447,4.44574,7.15319,7.80245,7.80246,522_2858,2,0,2,0.111642
1900,1,29,22,2,transit,AM,0,7.80246,7153.19,236;464;492;416;390;402;445,29;92;106;68;55;61;83;22,,0.0685305,29;92;106;68;55;61;83;22,236;464;492;416;390;402;445,4.44574,7.15319,7.80245,7.80246,516_2845,2,0,2,0.137061
1901,4,29,22,5,transit,AM,0,7.80246,7153.19,243;952;956;918;900;904;937,29;344;346;326;317;319;337;22,,0.0239468,29;344;346;326;317;319;337;22,243;952;956;918;900;904;937,4.44574,7.15319,7.80245,7.80246,2040_5810,2,0,2,0.0478935
1902,0,29,22,1,transit,AM,0,7.80246,7153.19,235;462;490;414;388;400;443,29;91;105;67;54;60;82;22,,0.130831,29;91;105;67;54;60;82;22,235;462;490;414;388;400;443,4.44574,7.15319,7.80245,7.80246,510_2832,2,0,2,0.261662
1903,1,29,24,2,transit,AM,0,31.4113,29312.2,241;682;658;745;604;616;676;721;694;669,29;205;193;237;165;171;202;225;211;199;24,,0.869169,29;205;193;237;165;171;202;225;211;199;24,241;682;658;745;604;616;676;721;694;669,18.2176,29.3122,31.4113,31.4113,1861_6306,2,0,2,1.73834
1904,0,29,24,1,transit,AM,0,31.4113,29312.2,240;680;656;743;602;614;674;719;692;667,29;204;192;236;164;170;201;224;210;198;24,,0.130831,29;204;192;236;164;170;201;224;210;198;24,240;680;656;743;602;614;674;719;692;667,18.2176,29.3122,31.4113,31.4113,1852_6287,2,0,2,0.261662
1905,1,29,25,2,transit,AM,0,13.4002,12407.2,245;1010;992;1026;1003,29;374;365;382;371;25,,0.611519,29;374;365;382;371;25,245;1010;992;1026;1003,7.71111,12.4072,13.4002,13.4002,1546_4276,4,0,4,2.44607
1906,0,29,25,1,transit,AM,0,13.4002,12407.2,239;589;581;597;586,29;157;153;161;156;25,,0.388481,29;157;153;161;156;25,239;589;581;597;586,7.71111,12.4072,13.4002,13.4002,681_2592,4,0,4,1.55393
1907,1,29,26,2,transit,AM,0,15.7406,14603.9,241;682;658;745;604;616;675,29;205;193;237;165;171;202;26,,0.869169,29;205;193;237;165;171;202;26,241;682;658;745;604;616;675,9.07636,14.6039,15.7406,15.7406,1228_4221,5,0,5,4.34585
1908,0,29,26,1,transit,AM,0,15.7406,14603.9,240;680;656;743;602;614;673,29;204;192;236;164;170;201;26,,0.130831,29;204;192;236;164;170;201;26,240;680;656;743;602;614;673,9.07636,14.6039,15.7406,15.7406,1222_4208,5,0,5,0.654155
1909,0,29,30,1,transit,AM,0,22.1644,20633.1,247;1106;1098;1122;1076;1080;1102;1084;1094;1107,29;422;418;430;407;409;420;411;416;423;30,,1,29;422;418;430;407;409;420;411;416;423;30,247;1106;1098;1122;1076;1080;1102;1084;1094;1107,12.8236,20.6331,22.1644,22.1644,3815_10116,1,0,1,1
1910,1,29,33,2,transit,AM,0,25.6205,23877,241;682;658;745;604;616;676;721;693,29;205;193;237;165;171;202;225;211;33,,0.869169,29;205;193;237;165;171;202;225;211;33,241;682;658;745;604;616;676;721;693,14.8396,23.877,25.6205,25.6205,1671_5636,1,0,1,0.869169
1911,0,29,33,1,transit,AM,0,25.6205,23877,240;680;656;743;602;614;674;719;691,29;204;192;236;164;170;201;224;210;33,,0.130831,29;204;192;236;164;170;201;224;210;33,240;680;656;743;602;614;674;719;691,14.8396,23.877,25.6205,25.6205,1663_5619,1,0,1,0.130831
1912,1,29,35,2,transit,AM,0,39.8529,37235.3,241;682;658;745;604;616;676;721;694;670;739;703,29;205;193;237;165;171;202;225;211;199;234;216;35,,0.869169,29;205;193;237;165;171;202;225;211;199;234;216;35,241;682;658;745;604;616;676;721;694;670;739;703,23.1419,37.2353,39.8529,39.8529,2322_7749,5,0,5,4.34585
1913,0,29,35,1,transit,AM,0,39.8529,37235.3,240;680;656;743;602;614;674;719;692;668;737;701,29;204;192;236;164;170;201;224;210;198;233;215;35,,0.130831,29;204;192;236;164;170;201;224;210;198;233;215;35,240;680;656;743;602;614;674;719;692;668;737;701,23.1419,37.2353,39.8529,39.8529,2311_7726,5,0,5,0.654155
1914,0,29,37,1,transit,AM,0,25.8447,24087.4,247;1106;1098;1122;1076;1080;1102;1084;1094;1108;1109,29;422;418;430;407;409;420;411;416;423;424;37,,1,29;422;418;430;407;409;420;411;416;423;424;37,247;1106;1098;1122;1076;1080;1102;1084;1094;1108;1109,14.9704,24.0874,25.8447,25.8447,4246_11226,3,0,3,3
1915,5,29,38,6,transit,AM,0,0.97421,744.34,244;954;957,29;345;347;38,,0.233704,29;345;347;38,244;954;957,0.462611,0.74434,0.97421,0.97421,759_2155,2,0,2,0.467407
1916,4,29,38,5,transit,AM,0,0.97421,744.34,243;952;955,29;344;346;38,,0.0239468,29;344;346;38,243;952;955,0.462611,0.74434,0.97421,0.97421,757_2150,2,0,2,0.0478935
1917,2,29,38,3,transit,AM,0,0.97421,744.34,237;466;493,29;93;107;38,,0.0558212,29;93;107;38,237;466;493,0.462611,0.74434,0.97421,0.97421,267_1196,2,0,2,0.111642
1918,3,29,38,4,transit,AM,0,0.97421,744.34,238;554;555,29;139;140;38,,0.487167,29;139;140;38,238;554;555,0.462611,0.74434,0.97421,0.97421,346_1347,2,0,2,0.974334
1919,1,29,38,2,transit,AM,0,0.97421,744.34,236;464;491,29;92;106;38,,0.0685305,29;92;106;38,236;464;491,0.462611,0.74434,0.97421,0.97421,265_1191,2,0,2,0.137061
1920,0,29,38,1,transit,AM,0,0.97421,744.34,235;462;489,29;91;105;38,,0.130831,29;91;105;38,235;462;489,0.462611,0.74434,0.97421,0.97421,263_1186,2,0,2,0.261662
1921,0,29,39,1,transit,AM,0,32.6464,30471.4,247;1106;1098;1122;1076;1080;1102;1084;1094;1108;1110;1096;1113,29;422;418;430;407;409;420;411;416;423;424;417;426;39,,1,29;422;418;430;407;409;420;411;416;423;424;417;426;39,247;1106;1098;1122;1076;1080;1102;1084;1094;1108;1110;1096;1113,18.9381,30.4714,32.6464,32.6464,5091_13436,1,0,1,1
1922,1,29,40,2,transit,AM,0,18.1475,16862.9,241;682;658;745;604;616;676;720,29;205;193;237;165;171;202;225;40,,0.869169,29;205;193;237;165;171;202;225;40,241;682;658;745;604;616;676;720,10.4804,16.8629,18.1475,18.1475,1467_4942,4,0,4,3.47668
1923,0,29,40,1,transit,AM,0,18.1475,16862.9,240;680;656;743;602;614;674;718,29;204;192;236;164;170;201;224;40,,0.130831,29;204;192;236;164;170;201;224;40,240;680;656;743;602;614;674;718,10.4804,16.8629,18.1475,18.1475,1460_4927,4,0,4,0.523324
1924,1,29,41,2,transit,AM,0,26.7323,24920.5,245;1010;992;1026;1004;998;988;1013,29;374;365;382;371;368;363;376;41,,0.611519,29;374;365;382;371;368;363;376;41,245;1010;992;1026;1004;998;988;1013,15.4882,24.9205,26.7323,26.7323,2669_7276,4,0,4,2.44607
1925,0,29,41,1,transit,AM,0,26.7323,24920.5,239;589;581;597;587;583;576;592,29;157;153;161;156;154;150;159;41,,0.388481,29;157;153;161;156;154;150;159;41,239;589;581;597;587;583;576;592,15.4882,24.9205,26.7323,26.7323,1160_4344,4,0,4,1.55393
1926,2,29,42,3,transit,AM,0,22.2498,20713.2,237;466;494;418;392;404;448;412;436;424;515;505,29;93;107;69;56;62;84;66;78;72;119;113;42,,0.0821884,29;93;107;69;56;62;84;66;78;72;119;113;42,237;466;494;418;392;404;448;412;436;424;515;505,12.8733,20.7132,22.2498,22.2498,990_5151,2,0,2,0.164377
1927,1,29,42,2,transit,AM,0,22.2498,20713.2,236;464;492;416;390;402;446;410;434;422;513;503,29;92;106;68;55;61;83;65;77;71;118;112;42,,0.143564,29;92;106;68;55;61;83;65;77;71;118;112;42,236;464;492;416;390;402;446;410;434;422;513;503,12.8733,20.7132,22.2498,22.2498,979_5128,2,0,2,0.287127
1928,0,29,42,1,transit,AM,0,22.2498,20713.2,235;462;490;414;388;400;444;408;432;420;511;501,29;91;105;67;54;60;82;64;76;70;117;111;42,,0.774248,29;91;105;67;54;60;82;64;76;70;117;111;42,235;462;490;414;388;400;444;408;432;420;511;501,12.8733,20.7132,22.2498,22.2498,968_5105,2,0,2,1.5485
1929,2,29,43,3,transit,AM,0,25.6969,23948.5,237;466;494;418;392;404;448;412;436;424;515;506;509,29;93;107;69;56;62;84;66;78;72;119;113;116;43,,0.0821884,29;93;107;69;56;62;84;66;78;72;119;113;116;43,237;466;494;418;392;404;448;412;436;424;515;506;509,14.8841,23.9485,25.6969,25.6969,1107_5661,10,0,10,0.821884
1930,1,29,43,2,transit,AM,0,25.6969,23948.5,236;464;492;416;390;402;446;410;434;422;513;504;508,29;92;106;68;55;61;83;65;77;71;118;112;115;43,,0.143564,29;92;106;68;55;61;83;65;77;71;118;112;115;43,236;464;492;416;390;402;446;410;434;422;513;504;508,14.8841,23.9485,25.6969,25.6969,1095_5637,10,0,10,1.43564
1931,0,29,43,1,transit,AM,0,25.6969,23948.5,235;462;490;414;388;400;444;408;432;420;511;502;507,29;91;105;67;54;60;82;64;76;70;117;111;114;43,,0.774248,29;91;105;67;54;60;82;64;76;70;117;111;114;43,235;462;490;414;388;400;444;408;432;420;511;502;507,14.8841,23.9485,25.6969,25.6969,1083_5613,10,0,10,7.74248
1932,0,29,44,1,transit,AM,0,41.0336,38343.3,245;1010;992;1026;1004;998;988;1014;982;1002;1015,29;374;365;382;371;368;363;376;359;370;377;44,,1,29;374;365;382;371;368;363;376;359;370;377;44,245;1010;992;1026;1004;998;988;1014;982;1002;1015,23.8305,38.3433,41.0336,41.0336,3778_10276,1,0,1,1
1933,1,29,45,2,transit,AM,0,18.1455,16861,236;464;492;416;390;402;446;410;434;422;512,29;92;106;68;55;61;83;65;77;71;118;45,,0.143564,29;92;106;68;55;61;83;65;77;71;118;45,236;464;492;416;390;402;446;410;434;422;512,10.4792,16.861,18.1455,18.1455,870_4624,1,0,1,0.143564
1934,2,29,45,3,transit,AM,0,18.1455,16861,237;466;494;418;392;404;448;412;436;424;514,29;93;107;69;56;62;84;66;78;72;119;45,,0.0821884,29;93;107;69;56;62;84;66;78;72;119;45,237;466;494;418;392;404;448;412;436;424;514,10.4792,16.861,18.1455,18.1455,880_4645,1,0,1,0.0821884
1935,0,29,45,1,transit,AM,0,18.1455,16861,235;462;490;414;388;400;444;408;432;420;510,29;91;105;67;54;60;82;64;76;70;117;45,,0.774248,29;91;105;67;54;60;82;64;76;70;117;45,235;462;490;414;388;400;444;408;432;420;510,10.4792,16.861,18.1455,18.1455,860_4603,1,0,1,0.774248
1936,1,29,48,2,transit,AM,0,36.9675,34527.1,241;682;658;745;604;616;676;721;694;670;738,29;205;193;237;165;171;202;225;211;199;234;48,,0.869169,29;205;193;237;165;171;202;225;211;199;234;48,241;682;658;745;604;616;676;721;694;670;738,21.4587,34.5271,36.9675,36.9675,2119_7045,5,0,5,4.34585
1937,0,29,48,1,transit,AM,0,36.9675,34527.1,240;680;656;743;602;614;674;719;692;668;736,29;204;192;236;164;170;201;224;210;198;233;48,,0.130831,29;204;192;236;164;170;201;224;210;198;233;48,240;680;656;743;602;614;674;719;692;668;736,21.4587,34.5271,36.9675,36.9675,2109_7024,5,0,5,0.654155
1938,0,29,49,1,transit,AM,0,49.7567,46530.7,239;589;581;597;587;583;576;593;570;572;594,29;157;153;161;156;154;150;159;147;148;160;49,,1,29;157;153;161;156;154;150;159;147;148;160;49,239;589;581;597;587;583;576;593;570;572;594,28.919,46.5307,49.7567,49.7567,1623_6081,2,0,2,2
1939,1,29,50,2,transit,AM,0,10.4608,9648.33,241;682;658;744,29;205;193;237;50,,0.611519,29;205;193;237;50,241;682;658;744,5.99648,9.64833,10.4608,10.4608,714_2325,7,0,7,4.28063
1940,0,29,50,1,transit,AM,0,10.4608,9648.33,239;589;581;596,29;157;153;161;50,,0.388481,29;157;153;161;50,239;589;581;596,5.99648,9.64833,10.4608,10.4608,550_2005,7,0,7,2.71937
1941,0,30,1,1,transit,AM,0,9.70377,8937.8,251;886;870;863;882;861;858,30;310;302;298;308;297;296;1,,1,30;310;302;298;308;297;296;1,251;886;870;863;882;861;858,5.55488,8.9378,9.70377,9.70377,1842_5471,10,0,10,10
1942,0,30,2,1,transit,AM,0,25.5701,23829.6,252;1059;1046;1036;1054;1032;1028;1074;1050;1057;1063;1040;1029,30;399;392;387;396;385;383;406;394;398;401;389;384;2,,1,30;399;392;387;396;385;383;406;394;398;401;389;384;2,252;1059;1046;1036;1054;1032;1028;1074;1050;1057;1063;1040;1029,14.8102,23.8296,25.57,25.5701,4746_12820,5,0,5,5
1943,0,30,3,1,transit,AM,0,9.0976,8368.87,251;886;870;863;882;860,30;310;302;298;308;297;3,,1,30;310;302;298;308;297;3,251;886;870;863;882;860,5.20129,8.36887,9.0976,9.0976,1548_4612,8,0,8,8
1944,0,30,4,1,transit,AM,0,27.0852,25251.6,252;1059;1046;1036;1054;1032;1028;1074;1050;1057;1063;1040;1030;1033,30;399;392;387;396;385;383;406;394;398;401;389;384;386;4,,1,30;399;392;387;396;385;383;406;394;398;401;389;384;386;4,252;1059;1046;1036;1054;1032;1028;1074;1050;1057;1063;1040;1030;1033,15.694,25.2516,27.0851,27.0852,5134_13854,6,0,6,6
1945,0,30,6,1,transit,AM,0,3.75196,3351.56,251;886;870;862,30;310;302;298;6,,1,30;310;302;298;6,251;886;870;862,2.08301,3.35156,3.75196,3.75196,946_2869,1,0,1,1
1946,0,30,7,1,transit,AM,0,31.6444,29530.7,252;1059;1046;1036;1054;1032;1028;1074;1050;1057;1063;1040;1030;1034;1052;1037,30;399;392;387;396;385;383;406;394;398;401;389;384;386;395;388;7,,1,30;399;392;387;396;385;383;406;394;398;401;389;384;386;395;388;7,252;1059;1046;1036;1054;1032;1028;1074;1050;1057;1063;1040;1030;1034;1052;1037,18.3535,29.5307,31.6443,31.6444,5920_15944,1,0,1,1
1947,0,30,11,1,transit,AM,0,23.7922,22160.8,252;1059;1046;1036;1054;1032;1028;1074;1050;1057;1063;1039,30;399;392;387;396;385;383;406;394;398;401;389;11,,1,30;399;392;387;396;385;383;406;394;398;401;389;11,252;1059;1046;1036;1054;1032;1028;1074;1050;1057;1063;1039,13.773,22.1608,23.7921,23.7922,4371_11790,28,0,28,28
1948,0,30,12,1,transit,AM,0,36.9446,34505.5,252;1059;1046;1036;1054;1032;1028;1074;1050;1057;1063;1040;1030;1034;1052;1038;1044;1041,30;399;392;387;396;385;383;406;394;398;401;389;384;386;395;388;391;390;12,,1,30;399;392;387;396;385;383;406;394;398;401;389;384;386;395;388;391;390;12,252;1059;1046;1036;1054;1032;1028;1074;1050;1057;1063;1040;1030;1034;1052;1038;1044;1041,21.4453,34.5055,36.9445,36.9446,6706_18030,1,0,1,1
1949,0,30,13,1,transit,AM,0,18.9187,17586.8,251;886;870;863;882;861;859;880;876;867,30;310;302;298;308;297;296;307;305;301;13,,1,30;310;302;298;308;297;296;307;305;301;13,251;886;870;863;882;861;859;880;876;867,10.9303,17.5868,18.9187,18.9187,2767_8095,2,0,2,2
1950,0,30,16,1,transit,AM,0,1.72665,1450.64,251;886;869,30;310;302;16,,1,30;310;302;16,251;886;869,0.901579,1.45064,1.72665,1.72665,658_2006,9,0,9,9
1951,8,30,17,4,transit,AM,0,7.04892,6446.06,253;1108;1110;1095,30;423;424;417;17,,0,30;423;424;417;17,253;1108;1110;1095,4.00625,6.44606,7.04892,7.04892,1311_3566,4,0,4,0
1952,2,30,17,3,transit,AM,0,7.04892,6446.06,249;828;834;791,30;279;282;261;17,,0.800639,30;279;282;261;17,249;828;834;791,4.00625,6.44606,7.04892,7.04892,869_2702,4,0,4,3.20255
1953,1,30,17,2,transit,AM,0,7.04892,6446.06,250;830;836;793,30;280;283;262;17,,0.0685305,30;280;283;262;17,250;830;836;793,4.00625,6.44606,7.04892,7.04892,872_2709,4,0,4,0.274122
1954,0,30,17,1,transit,AM,0,7.04892,6446.06,248;826;832;789,30;278;281;260;17,,0.130831,30;278;281;260;17,248;826;832;789,4.00625,6.44606,7.04892,7.04892,866_2695,4,0,4,0.523324
1955,0,30,19,1,transit,AM,0,21.563,20068.6,252;1059;1046;1036;1054;1032;1028;1074;1049,30;399;392;387;396;385;383;406;394;19,,1,30;399;392;387;396;385;383;406;394;19,252;1059;1046;1036;1054;1032;1028;1074;1049,12.4727,20.0686,21.5629,21.563,3191_8630,38,0,38,38
1956,0,30,20,1,transit,AM,0,50.1366,46887.3,251;886;870;863;882;861;859;880;876;868;892;865;878;894;896;873,30;310;302;298;308;297;296;307;305;301;313;299;306;314;315;304;20,,1,30;310;302;298;308;297;296;307;305;301;313;299;306;314;315;304;20,251;886;870;863;882;861;859;880;876;868;892;865;878;894;896;873,29.1406,46.8873,50.1366,50.1366,4625_13394,3,0,3,3
1957,0,30,21,1,transit,AM,0,15.3251,14213.9,251;886;870;863;882;861;859;880;875,30;310;302;298;308;297;296;307;305;21,,1,30;310;302;298;308;297;296;307;305;21,251;886;870;863;882;861;859;880;875,8.83399,14.2139,15.3251,15.3251,2474_7227,2,0,2,2
1958,0,30,22,1,transit,AM,0,29.7556,27758,252;1059;1046;1036;1054;1032;1028;1074;1050;1057;1063;1040;1030;1034;1051,30;399;392;387;396;385;383;406;394;398;401;389;384;386;395;22,,1,30;399;392;387;396;385;383;406;394;398;401;389;384;386;395;22,252;1059;1046;1036;1054;1032;1028;1074;1050;1057;1063;1040;1030;1034;1051,17.2517,27.758,29.7555,29.7556,5547_14906,5,0,5,5
1959,0,30,23,1,transit,AM,0,33.2394,31027.9,251;886;870;863;882;861;859;880;876;868;892;865;877,30;310;302;298;308;297;296;307;305;301;313;299;306;23,,1,30;310;302;298;308;297;296;307;305;301;313;299;306;23,251;886;870;863;882;861;859;880;876;868;892;865;877,19.284,31.0279,33.2394,33.2394,3695_10730,1,0,1,1
1960,0,30,25,1,transit,AM,0,10.641,9817.47,251;886;870;863;882;861;859;879,30;310;302;298;308;297;296;307;25,,1,30;310;302;298;308;297;296;307;25,251;886;870;863;882;861;859;879,6.1016,9.81747,10.641,10.641,2173_6351,4,0,4,4
1961,0,30,26,1,transit,AM,0,6.63505,6057.57,251;886;870;863;881,30;310;302;298;308;26,,1,30;310;302;298;308;26,251;886;870;863;881,3.7648,6.05757,6.63505,6.63505,1274_3751,3,0,3,3
1962,0,30,27,1,transit,AM,0,49.5834,46367.9,252;1059;1046;1036;1054;1032;1028;1074;1050;1057;1063;1040;1030;1034;1052;1038;1044;1042;1072;1067;1069;1055,30;399;392;387;396;385;383;406;394;398;401;389;384;386;395;388;391;390;405;403;404;397;27,,1,30;399;392;387;396;385;383;406;394;398;401;389;384;386;395;388;391;390;405;403;404;397;27,252;1059;1046;1036;1054;1032;1028;1074;1050;1057;1063;1040;1030;1034;1052;1038;1044;1042;1072;1067;1069;1055,28.8179,46.3679,49.5832,49.5834,8330_22294,1,0,1,1
1963,0,30,29,1,transit,AM,0,22.1645,20633.1,252;1059;1046;1036;1054;1032;1028;1074;1050;1056,30;399;392;387;396;385;383;406;394;398;29,,1,30;399;392;387;396;385;383;406;394;398;29,252;1059;1046;1036;1054;1032;1028;1074;1050;1056,12.8236,20.6331,22.1644,22.1645,3599_9687,31,0,31,31
1964,0,30,38,1,transit,AM,0,22.9273,21349.1,252;1059;1046;1036;1054;1032;1028;1074;1050;1057;1062,30;399;392;387;396;385;383;406;394;398;401;38,,1,30;399;392;387;396;385;383;406;394;398;401;38,252;1059;1046;1036;1054;1032;1028;1074;1050;1057;1062,13.2685,21.3491,22.9272,22.9273,4009_10750,20,0,20,20
1965,8,30,39,4,transit,AM,0,10.6933,9866.65,253;1108;1110;1096;1113,30;423;424;417;426;39,,0,30;423;424;417;426;39,253;1108;1110;1096;1113,6.13216,9.86665,10.6933,10.6933,1759_4680,3,0,3,0
1966,2,30,39,3,transit,AM,0,10.6933,9866.65,249;828;834;792;838,30;279;282;261;285;39,,0.800639,30;279;282;261;285;39,249;828;834;792;838,6.13216,9.86665,10.6933,10.6933,1176_3541,3,0,3,2.40192
1967,1,30,39,2,transit,AM,0,10.6933,9866.65,250;830;836;794;839,30;280;283;262;286;39,,0.0685305,30;280;283;262;286;39,250;830;836;794;839,6.13216,9.86665,10.6933,10.6933,1180_3549,3,0,3,0.205592
1968,0,30,39,1,transit,AM,0,10.6933,9866.65,248;826;832;790;837,30;278;281;260;284;39,,0.130831,30;278;281;260;284;39,248;826;832;790;837,6.13216,9.86665,10.6933,10.6933,1172_3533,3,0,3,0.392493
1969,0,30,41,1,transit,AM,0,23.9731,22330.8,251;886;870;863;882;861;859;880;876;868;891,30;310;302;298;308;297;296;307;305;301;313;41,,1,30;310;302;298;308;297;296;307;305;301;313;41,251;886;870;863;882;861;859;880;876;868;891,13.8787,22.3308,23.9731,23.9731,3108_8987,1,0,1,1
1970,0,30,43,1,transit,AM,0,47.65,44553.3,252;1059;1046;1036;1054;1032;1028;1074;1050;1057;1063;1040;1030;1034;1052;1038;1044;1042;1072;1067;1068,30;399;392;387;396;385;383;406;394;398;401;389;384;386;395;388;391;390;405;403;404;43,,1,30;399;392;387;396;385;383;406;394;398;401;389;384;386;395;388;391;390;405;403;404;43,252;1059;1046;1036;1054;1032;1028;1074;1050;1057;1063;1040;1030;1034;1052;1038;1044;1042;1072;1067;1068,27.6901,44.5533,47.6499,47.65,7949_21238,3,0,3,3
1971,0,30,46,1,transit,AM,0,44.6542,41741.6,251;886;870;863;882;861;859;880;876;868;892;865;878;894;895,30;310;302;298;308;297;296;307;305;301;313;299;306;314;315;46,,1,30;310;302;298;308;297;296;307;305;301;313;299;306;314;315;46,251;886;870;863;882;861;859;880;876;868;892;865;878;894;895,25.9426,41.7416,44.6542,44.6542,4347_12520,4,0,4,4
1972,0,30,47,1,transit,AM,0,57.5527,53847.9,251;886;870;863;882;861;859;880;876;868;892;865;878;894;896;874;897,30;310;302;298;308;297;296;307;305;301;313;299;306;314;315;304;316;47,,1,30;310;302;298;308;297;296;307;305;301;313;299;306;314;315;304;316;47,251;886;870;863;882;861;859;880;876;868;892;865;878;894;896;874;897,33.4667,53.8479,57.5527,57.5527,4968_14292,1,0,1,1
1973,1,31,1,2,transit,AM,0,36.8534,34420,255;470;428;482;519;452;474;498;458;396;383,31;95;74;101;121;86;97;109;89;58;52;1,,0.326181,31;95;74;101;121;86;97;109;89;58;52;1,255;470;428;482;519;452;474;498;458;396;383,21.3922,34.42,36.8534,36.8534,914_4815,8,0,8,2.60945
1974,0,31,1,1,transit,AM,0,36.8534,34420,254;468;426;480;517;450;472;496;456;394;381,31;94;73;100;120;85;96;108;88;57;51;1,,0.673819,31;94;73;100;120;85;96;108;88;57;51;1,254;468;426;480;517;450;472;496;456;394;381,21.3922,34.42,36.8534,36.8534,904_4794,8,0,8,5.39055
1975,1,31,2,2,transit,AM,0,52.7197,49311.8,255;470;428;482;519;452;474;498;458;396;384;525;440;464;492;416;389,31;95;74;101;121;86;97;109;89;58;52;124;80;92;106;68;55;2,,0.143564,31;95;74;101;121;86;97;109;89;58;52;124;80;92;106;68;55;2,255;470;428;482;519;452;474;498;458;396;384;525;440;464;492;416;389,30.6475,49.3118,52.7196,52.7197,1440_7542,3,0,3,0.430691
1976,0,31,2,1,transit,AM,0,52.7197,49311.8,254;468;426;480;517;450;472;496;456;394;382;523;438;462;490;414;387,31;94;73;100;120;85;96;108;88;57;51;123;79;91;105;67;54;2,,0.856436,31;94;73;100;120;85;96;108;88;57;51;123;79;91;105;67;54;2,254;468;426;480;517;450;472;496;456;394;382;523;438;462;490;414;387,30.6475,49.3118,52.7196,52.7197,1424_7509,3,0,3,2.56931
1977,1,31,3,2,transit,AM,0,36.2472,33851.1,255;470;428;482;519;452;474;498;458;395,31;95;74;101;121;86;97;109;89;58;3,,0.326181,31;95;74;101;121;86;97;109;89;58;3,255;470;428;482;519;452;474;498;458;395,21.0386,33.8511,36.2472,36.2472,864_4431,14,0,14,4.56653
1978,0,31,3,1,transit,AM,0,36.2473,33851.1,254;468;426;480;517;450;472;496;456;393,31;94;73;100;120;85;96;108;88;57;3,,0.673819,31;94;73;100;120;85;96;108;88;57;3,254;468;426;480;517;450;472;496;456;393,21.0386,33.8511,36.2472,36.2473,855_4412,14,0,14,9.43347
1979,1,31,4,2,transit,AM,0,54.2348,50733.8,255;470;428;482;519;452;474;498;458;396;384;525;440;464;492;416;390;401,31;95;74;101;121;86;97;109;89;58;52;124;80;92;106;68;55;61;4,,0.143564,31;95;74;101;121;86;97;109;89;58;52;124;80;92;106;68;55;61;4,255;470;428;482;519;452;474;498;458;396;384;525;440;464;492;416;390;401,31.5313,50.7338,54.2347,54.2348,1503_7944,4,0,4,0.574255
1980,0,31,4,1,transit,AM,0,54.2348,50733.8,254;468;426;480;517;450;472;496;456;394;382;523;438;462;490;414;388;399,31;94;73;100;120;85;96;108;88;57;51;123;79;91;105;67;54;60;4,,0.856436,31;94;73;100;120;85;96;108;88;57;51;123;79;91;105;67;54;60;4,254;468;426;480;517;450;472;496;456;394;382;523;438;462;490;414;388;399,31.5313,50.7338,54.2347,54.2348,1486_7909,4,0,4,3.42575
1981,1,31,7,2,transit,AM,0,58.7939,55013,255;470;428;482;519;452;474;498;458;396;384;525;440;464;492;416;390;402;446;409,31;95;74;101;121;86;97;109;89;58;52;124;80;92;106;68;55;61;83;65;7,,0.143564,31;95;74;101;121;86;97;109;89;58;52;124;80;92;106;68;55;61;83;65;7,255;470;428;482;519;452;474;498;458;396;384;525;440;464;492;416;390;402;446;409,34.1908,55.013,58.7938,58.7939,1654_8800,1,0,1,0.143564
1982,0,31,7,1,transit,AM,0,58.794,55013,254;468;426;480;517;450;472;496;456;394;382;523;438;462;490;414;388;400;444;407,31;94;73;100;120;85;96;108;88;57;51;123;79;91;105;67;54;60;82;64;7,,0.856436,31;94;73;100;120;85;96;108;88;57;51;123;79;91;105;67;54;60;82;64;7,254;468;426;480;517;450;472;496;456;394;382;523;438;462;490;414;388;400;444;407,34.1908,55.013,58.7938,58.794,1635_8761,1,0,1,0.856436
1983,1,31,11,2,transit,AM,0,50.9418,47643,255;470;428;482;519;452;474;498;458;396;384;525;440;464;492;415,31;95;74;101;121;86;97;109;89;58;52;124;80;92;106;68;11,,0.143564,31;95;74;101;121;86;97;109;89;58;52;124;80;92;106;68;11,255;470;428;482;519;452;474;498;458;396;384;525;440;464;492;415,29.6103,47.643,50.9417,50.9418,1394_7152,19,0,19,2.72771
1984,0,31,11,1,transit,AM,0,50.9418,47643,254;468;426;480;517;450;472;496;456;394;382;523;438;462;490;413,31;94;73;100;120;85;96;108;88;57;51;123;79;91;105;67;11,,0.856436,31;94;73;100;120;85;96;108;88;57;51;123;79;91;105;67;11,254;468;426;480;517;450;472;496;456;394;382;523;438;462;490;413,29.6103,47.643,50.9417,50.9418,1379_7121,19,0,19,16.2723
1985,1,31,12,2,transit,AM,0,64.0942,59987.7,255;470;428;482;519;452;474;498;458;396;384;525;440;464;492;416;390;402;446;410;434;421,31;95;74;101;121;86;97;109;89;58;52;124;80;92;106;68;55;61;83;65;77;71;12,,0.143564,31;95;74;101;121;86;97;109;89;58;52;124;80;92;106;68;55;61;83;65;77;71;12,255;470;428;482;519;452;474;498;458;396;384;525;440;464;492;416;390;402;446;410;434;421,37.2826,59.9877,64.0941,64.0942,1807_9656,1,0,1,0.143564
1986,0,31,12,1,transit,AM,0,64.0942,59987.7,254;468;426;480;517;450;472;496;456;394;382;523;438;462;490;414;388;400;444;408;432;419,31;94;73;100;120;85;96;108;88;57;51;123;79;91;105;67;54;60;82;64;76;70;12,,0.856436,31;94;73;100;120;85;96;108;88;57;51;123;79;91;105;67;54;60;82;64;76;70;12,254;468;426;480;517;450;472;496;456;394;382;523;438;462;490;414;388;400;444;408;432;419,37.2826,59.9877,64.0941,64.0942,1786_9613,1,0,1,0.856436
1987,1,31,14,2,transit,AM,0,3.74693,3346.95,255;470;427,31;95;74;14,,0.813348,31;95;74;14,255;470;427,2.08014,3.34695,3.74693,3.74693,214_1152,6,0,6,4.88009
1988,0,31,14,1,transit,AM,0,3.74693,3346.95,254;468;425,31;94;73;14,,0.186652,31;94;73;14,254;468;425,2.08014,3.34695,3.74693,3.74693,212_1147,6,0,6,1.11991
1989,1,31,15,2,transit,AM,0,61.5148,57566.7,255;470;428;482;519;452;474;498;458;396;384;525;440;464;492;416;390;402;446;410;433,31;95;74;101;121;86;97;109;89;58;52;124;80;92;106;68;55;61;83;65;77;15,,0.143564,31;95;74;101;121;86;97;109;89;58;52;124;80;92;106;68;55;61;83;65;77;15,255;470;428;482;519;452;474;498;458;396;384;525;440;464;492;416;390;402;446;410;433,35.7779,57.5667,61.5147,61.5148,1739_9234,2,0,2,0.287127
1990,0,31,15,1,transit,AM,0,61.5148,57566.7,254;468;426;480;517;450;472;496;456;394;382;523;438;462;490;414;388;400;444;408;431,31;94;73;100;120;85;96;108;88;57;51;123;79;91;105;67;54;60;82;64;76;15,,0.856436,31;94;73;100;120;85;96;108;88;57;51;123;79;91;105;67;54;60;82;64;76;15,254;468;426;480;517;450;472;496;456;394;382;523;438;462;490;414;388;400;444;408;431,35.7779,57.5667,61.5147,61.5148,1719_9193,2,0,2,1.71287
1991,1,31,19,2,transit,AM,0,48.7126,45550.8,255;470;428;482;519;452;474;498;458;396;384;525;439,31;95;74;101;121;86;97;109;89;58;52;124;80;19,,0.143564,31;95;74;101;121;86;97;109;89;58;52;124;80;19,255;470;428;482;519;452;474;498;458;396;384;525;439,28.31,45.5508,48.7125,48.7126,1136_5780,26,0,26,3.73266
1992,0,31,19,1,transit,AM,0,48.7126,45550.8,254;468;426;480;517;450;472;496;456;394;382;523;437,31;94;73;100;120;85;96;108;88;57;51;123;79;19,,0.856436,31;94;73;100;120;85;96;108;88;57;51;123;79;19,254;468;426;480;517;450;472;496;456;394;382;523;437,28.31,45.5508,48.7125,48.7126,1124_5755,26,0,26,22.2673
1993,1,31,22,2,transit,AM,0,56.9051,53240.2,255;470;428;482;519;452;474;498;458;396;384;525;440;464;492;416;390;402;445,31;95;74;101;121;86;97;109;89;58;52;124;80;92;106;68;55;61;83;22,,0.143564,31;95;74;101;121;86;97;109;89;58;52;124;80;92;106;68;55;61;83;22,255;470;428;482;519;452;474;498;458;396;384;525;440;464;492;416;390;402;445,33.089,53.2402,56.905,56.9051,1604_8390,2,0,2,0.287127
1994,0,31,22,1,transit,AM,0,56.9052,53240.2,254;468;426;480;517;450;472;496;456;394;382;523;438;462;490;414;388;400;443,31;94;73;100;120;85;96;108;88;57;51;123;79;91;105;67;54;60;82;22,,0.856436,31;94;73;100;120;85;96;108;88;57;51;123;79;91;105;67;54;60;82;22,254;468;426;480;517;450;472;496;456;394;382;523;438;462;490;414;388;400;443,33.089,53.2402,56.905,56.9052,1586_8353,2,0,2,1.71287
1995,1,31,24,2,transit,AM,0,18.1139,16831.5,255;470;428;482;519;451,31;95;74;101;121;86;24,,0.326181,31;95;74;101;121;86;24,255;470;428;482;519;451,10.4608,16.8315,18.1138,18.1139,532_2605,2,0,2,0.652362
1996,0,31,24,1,transit,AM,0,18.1139,16831.5,254;468;426;480;517;449,31;94;73;100;120;85;24,,0.673819,31;94;73;100;120;85;24,254;468;426;480;517;449,10.4608,16.8315,18.1138,18.1139,527_2594,2,0,2,1.34764
1997,1,31,26,2,transit,AM,0,33.7847,31539.8,255;470;428;482;519;452;474;498;457,31;95;74;101;121;86;97;109;89;26,,0.326181,31;95;74;101;121;86;97;109;89;26,255;470;428;482;519;452;474;498;457,19.6021,31.5398,33.7846,33.7847,829_4035,6,0,6,1.95709
1998,0,31,26,1,transit,AM,0,33.7847,31539.8,254;468;426;480;517;450;472;496;455,31;94;73;100;120;85;96;108;88;26,,0.673819,31;94;73;100;120;85;96;108;88;26,254;468;426;480;517;450;472;496;455,19.6021,31.5398,33.7846,33.7847,821_4018,6,0,6,4.04291
1999,1,31,29,2,transit,AM,0,49.314,46115.3,255;470;428;482;519;452;474;498;458;396;384;525;440;463,31;95;74;101;121;86;97;109;89;58;52;124;80;92;29,,0.143564,31;95;74;101;121;86;97;109;89;58;52;124;80;92;29,255;470;428;482;519;452;474;498;458;396;384;525;440;463,28.6608,46.1153,49.3139,49.314,1238_6244,20,0,20,2.87127
2000,0,31,29,1,transit,AM,0,49.3141,46115.3,254;468;426;480;517;450;472;496;456;394;382;523;438;461,31;94;73;100;120;85;96;108;88;57;51;123;79;91;29,,0.856436,31;94;73;100;120;85;96;108;88;57;51;123;79;91;29,254;468;426;480;517;450;472;496;456;394;382;523;438;461,28.6608,46.1153,49.3139,49.3141,1225_6217,20,0,20,17.1287
2001,1,31,35,2,transit,AM,0,9.67227,8908.35,255;470;428;481,31;95;74;101;35,,0.326181,31;95;74;101;35,255;470;428;481,5.53658,8.90835,9.67227,9.67227,336_1634,4,0,4,1.30472
2002,0,31,35,1,transit,AM,0,9.67227,8908.35,254;468;426;479,31;94;73;100;35,,0.673819,31;94;73;100;35,254;468;426;479,5.53658,8.90835,9.67227,9.67227,333_1627,4,0,4,2.69528
2003,2,31,36,3,transit,AM,0,7.92889,7272.09,257;688;708,31;208;219;36,,0.725605,31;208;219;36,257;688;708,4.51963,7.27209,7.92889,7.92889,494_1653,3,0,3,2.17682
2004,1,31,36,2,transit,AM,0,7.92889,7272.09,258;690;710,31;209;220;36,,0.0685305,31;209;220;36,258;690;710,4.51963,7.27209,7.92889,7.92889,496_1658,3,0,3,0.205592
2005,0,31,36,1,transit,AM,0,7.92889,7272.09,256;686;707,31;207;218;36,,0.205864,31;207;218;36,256;686;707,4.51963,7.27209,7.92889,7.92889,492_1649,3,0,3,0.617592
2006,1,31,38,2,transit,AM,0,50.0769,46831.3,255;470;428;482;519;452;474;498;458;396;384;525;440;464;491,31;95;74;101;121;86;97;109;89;58;52;124;80;92;106;38,,0.143564,31;95;74;101;121;86;97;109;89;58;52;124;80;92;106;38,255;470;428;482;519;452;474;498;458;396;384;525;440;464;491,29.1058,46.8313,50.0768,50.0769,1353_6736,17,0,17,2.44058
2007,0,31,38,1,transit,AM,0,50.0769,46831.3,254;468;426;480;517;450;472;496;456;394;382;523;438;462;489,31;94;73;100;120;85;96;108;88;57;51;123;79;91;105;38,,0.856436,31;94;73;100;120;85;96;108;88;57;51;123;79;91;105;38,254;468;426;480;517;450;472;496;456;394;382;523;438;462;489,29.1058,46.8313,50.0768,50.0769,1339_6707,17,0,17,14.5594
2008,1,31,40,2,transit,AM,0,31.3778,29280.7,255;470;428;482;519;452;474;497,31;95;74;101;121;86;97;109;40,,0.326181,31;95;74;101;121;86;97;109;40,255;470;428;482;519;452;474;497,18.1981,29.2807,31.3778,31.3778,754_3577,1,0,1,0.326181
2009,0,31,40,1,transit,AM,0,31.3778,29280.7,254;468;426;480;517;450;472;495,31;94;73;100;120;85;96;108;40,,0.673819,31;94;73;100;120;85;96;108;40,254;468;426;480;517;450;472;495,18.1981,29.2807,31.3778,31.3778,747_3562,1,0,1,0.673819
2010,1,31,42,2,transit,AM,0,71.3525,66800.2,255;470;428;482;519;452;474;498;458;396;384;525;440;464;492;416;390;402;446;410;434;422;513;503,31;95;74;101;121;86;97;109;89;58;52;124;80;92;106;68;55;61;83;65;77;71;118;112;42,,0.143564,31;95;74;101;121;86;97;109;89;58;52;124;80;92;106;68;55;61;83;65;77;71;118;112;42,255;470;428;482;519;452;474;498;458;396;384;525;440;464;492;416;390;402;446;410;434;422;513;503,41.5166,66.8002,71.3524,71.3525,2067_10673,1,0,1,0.143564
2011,0,31,42,1,transit,AM,0,71.3525,66800.2,254;468;426;480;517;450;472;496;456;394;382;523;438;462;490;414;388;400;444;408;432;420;511;501,31;94;73;100;120;85;96;108;88;57;51;123;79;91;105;67;54;60;82;64;76;70;117;111;42,,0.856436,31;94;73;100;120;85;96;108;88;57;51;123;79;91;105;67;54;60;82;64;76;70;117;111;42,254;468;426;480;517;450;472;496;456;394;382;523;438;462;490;414;388;400;444;408;432;420;511;501,41.5166,66.8002,71.3524,71.3525,2044_10626,1,0,1,0.856436
2012,1,31,43,2,transit,AM,0,74.7995,70035.5,255;470;428;482;519;452;474;498;458;396;384;525;440;464;492;416;390;402;446;410;434;422;513;504;508,31;95;74;101;121;86;97;109;89;58;52;124;80;92;106;68;55;61;83;65;77;71;118;112;115;43,,0.143564,31;95;74;101;121;86;97;109;89;58;52;124;80;92;106;68;55;61;83;65;77;71;118;112;115;43,255;470;428;482;519;452;474;498;458;396;384;525;440;464;492;416;390;402;446;410;434;422;513;504;508,43.5273,70.0355,74.7994,74.7995,2183_11182,2,0,2,0.287127
2013,0,31,43,1,transit,AM,0,74.7996,70035.5,254;468;426;480;517;450;472;496;456;394;382;523;438;462;490;414;388;400;444;408;432;420;511;502;507,31;94;73;100;120;85;96;108;88;57;51;123;79;91;105;67;54;60;82;64;76;70;117;111;114;43,,0.856436,31;94;73;100;120;85;96;108;88;57;51;123;79;91;105;67;54;60;82;64;76;70;117;111;114;43,254;468;426;480;517;450;472;496;456;394;382;523;438;462;490;414;388;400;444;408;432;420;511;502;507,43.5273,70.0355,74.7994,74.7996,2159_11134,2,0,2,1.71287
2014,1,31,45,2,transit,AM,0,67.2482,62948,255;470;428;482;519;452;474;498;458;396;384;525;440;464;492;416;390;402;446;410;434;422;512,31;95;74;101;121;86;97;109;89;58;52;124;80;92;106;68;55;61;83;65;77;71;118;45,,0.143564,31;95;74;101;121;86;97;109;89;58;52;124;80;92;106;68;55;61;83;65;77;71;118;45,255;470;428;482;519;452;474;498;458;396;384;525;440;464;492;416;390;402;446;410;434;422;512,39.1224,62.948,67.2481,67.2482,1958_10169,1,0,1,0.143564
2015,0,31,45,1,transit,AM,0,67.2482,62948,254;468;426;480;517;450;472;496;456;394;382;523;438;462;490;414;388;400;444;408;432;420;510,31;94;73;100;120;85;96;108;88;57;51;123;79;91;105;67;54;60;82;64;76;70;117;45,,0.856436,31;94;73;100;120;85;96;108;88;57;51;123;79;91;105;67;54;60;82;64;76;70;117;45,254;468;426;480;517;450;472;496;456;394;382;523;438;462;490;414;388;400;444;408;432;420;510,39.1224,62.948,67.2481,67.2482,1936_10124,1,0,1,0.856436
2016,1,31,48,2,transit,AM,0,12.5577,11616.6,255;470;428;482;518,31;95;74;101;121;48,,0.326181,31;95;74;101;121;48,255;470;428;482;518,7.21973,11.6166,12.5577,12.5577,470_2153,4,0,4,1.30472
2017,0,31,48,1,transit,AM,0,12.5577,11616.6,254;468;426;480;516,31;94;73;100;120;48,,0.673819,31;94;73;100;120;48,254;468;426;480;516,7.21973,11.6166,12.5577,12.5577,466_2144,4,0,4,2.69528
2018,1,31,50,2,transit,AM,0,39.0645,36495.3,255;470;428;482;519;452;474;498;458;396;384;524,31;95;74;101;121;86;97;109;89;58;52;124;50,,0.299814,31;95;74;101;121;86;97;109;89;58;52;124;50,255;470;428;482;519;452;474;498;458;396;384;524,22.682,36.4953,39.0645,39.0645,1087_5340,2,0,2,0.599627
2019,0,31,50,1,transit,AM,0,39.0645,36495.3,254;468;426;480;517;450;472;496;456;394;382;522,31;94;73;100;120;85;96;108;88;57;51;123;50,,0.700186,31;94;73;100;120;85;96;108;88;57;51;123;50,254;468;426;480;517;450;472;496;456;394;382;522,22.682,36.4953,39.0645,39.0645,1076_5317,2,0,2,1.40037
2020,2,33,1,3,transit,AM,0,13.16,12181.7,263;476;500;460;398;385,33;98;110;90;59;53;1,,0.238438,33;98;110;90;59;53;1,263;476;500;460;398;385,7.57097,12.1817,13.1599,13.16,444_2482,6,0,6,1.43063
2021,1,33,1,2,transit,AM,0,13.16,12181.7,262;474;498;458;396;383,33;97;109;89;58;52;1,,0.143564,33;97;109;89;58;52;1,262;474;498;458;396;383,7.57097,12.1817,13.1599,13.16,439_2471,6,0,6,0.861382
2022,0,33,1,1,transit,AM,0,13.16,12181.7,261;472;496;456;394;381,33;96;108;88;57;51;1,,0.617998,33;96;108;88;57;51;1,261;472;496;456;394;381,7.57097,12.1817,13.1599,13.16,434_2460,6,0,6,3.70799
2023,2,33,3,3,transit,AM,0,12.5538,11612.8,263;476;500;460;397,33;98;110;90;59;3,,0.238438,33;98;110;90;59;3,263;476;500;460;397,7.21738,11.6128,12.5538,12.5538,393_2096,4,0,4,0.953754
2024,1,33,3,2,transit,AM,0,12.5538,11612.8,262;474;498;458;395,33;97;109;89;58;3,,0.143564,33;97;109;89;58;3,262;474;498;458;395,7.21738,11.6128,12.5538,12.5538,389_2087,4,0,4,0.574255
2025,0,33,3,1,transit,AM,0,12.5538,11612.8,261;472;496;456;393,33;96;108;88;57;3,,0.617998,33;96;108;88;57;3,261;472;496;456;393,7.21738,11.6128,12.5538,12.5538,385_2078,4,0,4,2.47199
2026,2,33,4,3,transit,AM,0,30.5414,28495.5,263;476;500;460;398;386;527;442;466;494;418;392;403,33;98;110;90;59;53;125;81;93;107;69;56;62;4,,0.0821884,33;98;110;90;59;53;125;81;93;107;69;56;62;4,263;476;500;460;398;386;527;442;466;494;418;392;403,17.7101,28.4955,30.5413,30.5414,1040_5625,5,0,5,0.410942
2027,1,33,4,2,transit,AM,0,30.5414,28495.5,262;474;498;458;396;384;525;440;464;492;416;390;401,33;97;109;89;58;52;124;80;92;106;68;55;61;4,,0.143564,33;97;109;89;58;52;124;80;92;106;68;55;61;4,262;474;498;458;396;384;525;440;464;492;416;390;401,17.7101,28.4955,30.5413,30.5414,1028_5600,5,0,5,0.717818
2028,0,33,4,1,transit,AM,0,30.5414,28495.5,261;472;496;456;394;382;523;438;462;490;414;388;399,33;96;108;88;57;51;123;79;91;105;67;54;60;4,,0.774248,33;96;108;88;57;51;123;79;91;105;67;54;60;4,261;472;496;456;394;382;523;438;462;490;414;388;399,17.7101,28.4955,30.5413,30.5414,1016_5575,5,0,5,3.87124
2029,2,33,11,3,transit,AM,0,27.2483,25404.7,263;476;500;460;398;386;527;442;466;494;417,33;98;110;90;59;53;125;81;93;107;69;11,,0.0821884,33;98;110;90;59;53;125;81;93;107;69;11,263;476;500;460;398;386;527;442;466;494;417,15.7891,25.4047,27.2482,27.2483,929_4829,19,0,19,1.56158
2030,1,33,11,2,transit,AM,0,27.2483,25404.7,262;474;498;458;396;384;525;440;464;492;415,33;97;109;89;58;52;124;80;92;106;68;11,,0.143564,33;97;109;89;58;52;124;80;92;106;68;11,262;474;498;458;396;384;525;440;464;492;415,15.7891,25.4047,27.2482,27.2483,919_4808,19,0,19,2.72771
2031,0,33,11,1,transit,AM,0,27.2483,25404.7,261;472;496;456;394;382;523;438;462;490;413,33;96;108;88;57;51;123;79;91;105;67;11,,0.774248,33;96;108;88;57;51;123;79;91;105;67;11,261;472;496;456;394;382;523;438;462;490;413,15.7891,25.4047,27.2482,27.2483,909_4787,19,0,19,14.7107
2032,1,33,14,2,transit,AM,0,20.3689,18948,266;696;672;741;706;647,33;212;200;235;217;188;14,,0.0685305,33;212;200;235;217;188;14,266;696;672;741;706;647,11.7763,18.948,20.3689,20.3689,1099_3728,2,0,2,0.137061
2033,2,33,14,3,transit,AM,0,20.3689,18948,265;694;670;739;704;645,33;211;199;234;216;187;14,,0.800639,33;211;199;234;216;187;14,265;694;670;739;704;645,11.7763,18.948,20.3689,20.3689,1094_3717,2,0,2,1.60128
2034,0,33,14,1,transit,AM,0,20.3689,18948,264;692;668;737;702;643,33;210;198;233;215;186;14,,0.130831,33;210;198;233;215;186;14,264;692;668;737;702;643,11.7763,18.948,20.3689,20.3689,1089_3706,2,0,2,0.261662
2035,2,33,19,3,transit,AM,0,25.0192,23312.5,263;476;500;460;398;386;527;441,33;98;110;90;59;53;125;81;19,,0.0821884,33;98;110;90;59;53;125;81;19,263;476;500;460;398;386;527;441,14.4888,23.3125,25.0191,25.0192,668_3451,87,0,87,7.15039
2036,1,33,19,2,transit,AM,0,25.0191,23312.5,262;474;498;458;396;384;525;439,33;97;109;89;58;52;124;80;19,,0.143564,33;97;109;89;58;52;124;80;19,262;474;498;458;396;384;525;439,14.4888,23.3125,25.0191,25.0191,661_3436,87,0,87,12.49
2037,0,33,19,1,transit,AM,0,25.0192,23312.5,261;472;496;456;394;382;523;437,33;96;108;88;57;51;123;79;19,,0.774248,33;96;108;88;57;51;123;79;19,261;472;496;456;394;382;523;437,14.4888,23.3125,25.0191,25.0192,654_3421,87,0,87,67.3596
2038,2,33,22,3,transit,AM,0,33.2117,31001.8,263;476;500;460;398;386;527;442;466;494;418;392;404;447,33;98;110;90;59;53;125;81;93;107;69;56;62;84;22,,0.0821884,33;98;110;90;59;53;125;81;93;107;69;56;62;84;22,263;476;500;460;398;386;527;442;466;494;418;392;404;447,19.2678,31.0018,33.2116,33.2117,1142_6073,2,0,2,0.164377
2039,1,33,22,2,transit,AM,0,33.2117,31001.8,262;474;498;458;396;384;525;440;464;492;416;390;402;445,33;97;109;89;58;52;124;80;92;106;68;55;61;83;22,,0.143564,33;97;109;89;58;52;124;80;92;106;68;55;61;83;22,262;474;498;458;396;384;525;440;464;492;416;390;402;445,19.2678,31.0018,33.2116,33.2117,1129_6046,2,0,2,0.287127
2040,0,33,22,1,transit,AM,0,33.2117,31001.8,261;472;496;456;394;382;523;438;462;490;414;388;400;443,33;96;108;88;57;51;123;79;91;105;67;54;60;82;22,,0.774248,33;96;108;88;57;51;123;79;91;105;67;54;60;82;22,261;472;496;456;394;382;523;438;462;490;414;388;400;443,19.2678,31.0018,33.2116,33.2117,1116_6019,2,0,2,1.5485
2041,1,33,26,2,transit,AM,0,10.0912,9301.46,262;474;498;457,33;97;109;89;26,,0.143564,33;97;109;89;26,262;474;498;457,5.7809,9.30146,10.0912,10.0912,354_1691,5,0,5,0.717818
2042,2,33,26,3,transit,AM,0,10.0912,9301.46,263;476;500;459,33;98;110;90;26,,0.238438,33;98;110;90;26,263;476;500;459,5.7809,9.30146,10.0912,10.0912,357_1698,5,0,5,1.19219
2043,0,33,26,1,transit,AM,0,10.0912,9301.46,261;472;496;455,33;96;108;88;26,,0.617998,33;96;108;88;26,261;472;496;455,5.7809,9.30146,10.0912,10.0912,351_1684,5,0,5,3.08999
2044,2,33,29,3,transit,AM,0,25.6206,23877,263;476;500;460;398;386;527;442;465,33;98;110;90;59;53;125;81;93;29,,0.0821884,33;98;110;90;59;53;125;81;93;29,263;476;500;460;398;386;527;442;465,14.8396,23.877,25.6205,25.6206,771_3917,57,0,57,4.68474
2045,1,33,29,2,transit,AM,0,25.6206,23877,262;474;498;458;396;384;525;440;463,33;97;109;89;58;52;124;80;92;29,,0.143564,33;97;109;89;58;52;124;80;92;29,262;474;498;458;396;384;525;440;463,14.8396,23.877,25.6205,25.6206,763_3900,57,0,57,8.18313
2046,0,33,29,1,transit,AM,0,25.6206,23877,261;472;496;456;394;382;523;438;461,33;96;108;88;57;51;123;79;91;29,,0.774248,33;96;108;88;57;51;123;79;91;29,261;472;496;456;394;382;523;438;461,14.8396,23.877,25.6205,25.6206,755_3883,57,0,57,44.1321
2047,1,33,35,2,transit,AM,0,14.4436,13386.6,265;694;670;739;703,33;211;199;234;216;35,,0.869169,33;211;199;234;216;35,265;694;670;739;703,8.31983,13.3866,14.4436,14.4436,928_3071,2,0,2,1.73834
2048,0,33,35,1,transit,AM,0,14.4436,13386.6,264;692;668;737;701,33;210;198;233;215;35,,0.130831,33;210;198;233;215;35,264;692;668;737;701,8.31983,13.3866,14.4436,14.4436,924_3062,2,0,2,0.261662
2049,2,33,36,3,transit,AM,0,31.6225,29510.4,265;694;670;739;704;646;688;708,33;211;199;234;216;187;208;219;36,,0.800639,33;211;199;234;216;187;208;219;36,265;694;670;739;704;646;688;708,18.3408,29.5104,31.6225,31.6225,1543_5114,1,0,1,0.800639
2050,1,33,36,2,transit,AM,0,31.6225,29510.4,266;696;672;741;706;648;690;710,33;212;200;235;217;188;209;220;36,,0.0685305,33;212;200;235;217;188;209;220;36,266;696;672;741;706;648;690;710,18.3408,29.5104,31.6225,31.6225,1550_5129,1,0,1,0.0685305
2051,0,33,36,1,transit,AM,0,31.6225,29510.4,264;692;668;737;702;644;686;707,33;210;198;233;215;186;207;218;36,,0.130831,33;210;198;233;215;186;207;218;36,264;692;668;737;702;644;686;707,18.3408,29.5104,31.6225,31.6225,1536_5100,1,0,1,0.130831
2052,2,33,38,3,transit,AM,0,26.3835,24593,263;476;500;460;398;386;527;442;466;493,33;98;110;90;59;53;125;81;93;107;38,,0.0821884,33;98;110;90;59;53;125;81;93;107;38,263;476;500;460;398;386;527;442;466;493,15.2846,24.593,26.3834,26.3835,887_4411,9,0,9,0.739696
2053,1,33,38,2,transit,AM,0,26.3835,24593,262;474;498;458;396;384;525;440;464;491,33;97;109;89;58;52;124;80;92;106;38,,0.143564,33;97;109;89;58;52;124;80;92;106;38,262;474;498;458;396;384;525;440;464;491,15.2846,24.593,26.3834,26.3835,878_4392,9,0,9,1.29207
2054,0,33,38,1,transit,AM,0,26.3835,24593,261;472;496;456;394;382;523;438;462;489,33;96;108;88;57;51;123;79;91;105;38,,0.774248,33;96;108;88;57;51;123;79;91;105;38,261;472;496;456;394;382;523;438;462;489,15.2846,24.593,26.3834,26.3835,869_4373,9,0,9,6.96823
2055,2,33,40,3,transit,AM,0,7.68437,7042.42,263;476;499,33;98;110;40,,0.238438,33;98;110;40,263;476;499,4.37689,7.04242,7.68434,7.68437,281_1238,6,0,6,1.43063
2056,1,33,40,2,transit,AM,0,7.68435,7042.42,262;474;497,33;97;109;40,,0.143564,33;97;109;40,262;474;497,4.37689,7.04242,7.68434,7.68435,279_1233,6,0,6,0.861382
2057,0,33,40,1,transit,AM,0,7.68436,7042.42,261;472;495,33;96;108;40,,0.617998,33;96;108;40,261;472;495,4.37689,7.04242,7.68434,7.68436,277_1228,6,0,6,3.70799
2058,2,33,42,3,transit,AM,0,47.6591,44561.9,263;476;500;460;398;386;527;442;466;494;418;392;404;448;412;436;424;515;505,33;98;110;90;59;53;125;81;93;107;69;56;62;84;66;78;72;119;113;42,,0.0821884,33;98;110;90;59;53;125;81;93;107;69;56;62;84;66;78;72;119;113;42,263;476;500;460;398;386;527;442;466;494;418;392;404;448;412;436;424;515;505,27.6954,44.5619,47.659,47.6591,1610_8366,1,0,1,0.0821884
2059,1,33,42,2,transit,AM,0,47.6591,44561.9,262;474;498;458;396;384;525;440;464;492;416;390;402;446;410;434;422;513;503,33;97;109;89;58;52;124;80;92;106;68;55;61;83;65;77;71;118;112;42,,0.143564,33;97;109;89;58;52;124;80;92;106;68;55;61;83;65;77;71;118;112;42,262;474;498;458;396;384;525;440;464;492;416;390;402;446;410;434;422;513;503,27.6954,44.5619,47.659,47.6591,1592_8329,1,0,1,0.143564
2060,0,33,42,1,transit,AM,0,47.6591,44561.9,261;472;496;456;394;382;523;438;462;490;414;388;400;444;408;432;420;511;501,33;96;108;88;57;51;123;79;91;105;67;54;60;82;64;76;70;117;111;42,,0.774248,33;96;108;88;57;51;123;79;91;105;67;54;60;82;64;76;70;117;111;42,261;472;496;456;394;382;523;438;462;490;414;388;400;444;408;432;420;511;501,27.6954,44.5619,47.659,47.6591,1574_8292,1,0,1,0.774248
2061,2,33,43,3,transit,AM,0,51.1061,47797.2,263;476;500;460;398;386;527;442;466;494;418;392;404;448;412;436;424;515;506;509,33;98;110;90;59;53;125;81;93;107;69;56;62;84;66;78;72;119;113;116;43,,0.0821884,33;98;110;90;59;53;125;81;93;107;69;56;62;84;66;78;72;119;113;116;43,263;476;500;460;398;386;527;442;466;494;418;392;404;448;412;436;424;515;506;509,29.7061,47.7972,51.106,51.1061,1727_8876,5,0,5,0.410942
2062,1,33,43,2,transit,AM,0,51.1061,47797.2,262;474;498;458;396;384;525;440;464;492;416;390;402;446;410;434;422;513;504;508,33;97;109;89;58;52;124;80;92;106;68;55;61;83;65;77;71;118;112;115;43,,0.143564,33;97;109;89;58;52;124;80;92;106;68;55;61;83;65;77;71;118;112;115;43,262;474;498;458;396;384;525;440;464;492;416;390;402;446;410;434;422;513;504;508,29.7061,47.7972,51.106,51.1061,1708_8838,5,0,5,0.717818
2063,0,33,43,1,transit,AM,0,51.1061,47797.2,261;472;496;456;394;382;523;438;462;490;414;388;400;444;408;432;420;511;502;507,33;96;108;88;57;51;123;79;91;105;67;54;60;82;64;76;70;117;111;114;43,,0.774248,33;96;108;88;57;51;123;79;91;105;67;54;60;82;64;76;70;117;111;114;43,261;472;496;456;394;382;523;438;462;490;414;388;400;444;408;432;420;511;502;507,29.7061,47.7972,51.106,51.1061,1689_8800,5,0,5,3.87124
2064,1,33,48,2,transit,AM,0,11.5582,10678.4,265;694;670;738,33;211;199;234;48,,0.869169,33;211;199;234;48,265;694;670;738,6.63668,10.6784,11.5582,11.5582,725_2367,2,0,2,1.73834
2065,0,33,48,1,transit,AM,0,11.5582,10678.4,264;692;668;736,33;210;198;233;48,,0.130831,33;210;198;233;48,264;692;668;736,6.63668,10.6784,11.5582,11.5582,722_2360,2,0,2,0.261662
2066,0,34,1,1,transit,AM,0,49.7314,46507.1,267;478;486;468;426;480;517;450;472;496;456;394;381,34;99;103;94;73;100;120;85;96;108;88;57;51;1,,1,34;99;103;94;73;100;120;85;96;108;88;57;51;1,267;478;486;468;426;480;517;450;472;496;456;394;381,28.9044,46.5071,49.7314,49.7314,1109_5771,3,0,3,3
2067,0,34,3,1,transit,AM,0,49.1253,45938.2,267;478;486;468;426;480;517;450;472;496;456;393,34;99;103;94;73;100;120;85;96;108;88;57;3,,1,34;99;103;94;73;100;120;85;96;108;88;57;3,267;478;486;468;426;480;517;450;472;496;456;393,28.5508,45.9382,49.1252,49.1253,1060_5389,3,0,3,3
2068,0,34,4,1,transit,AM,0,67.1129,62820.9,267;478;486;468;426;480;517;450;472;496;456;394;382;523;438;462;490;414;388;399,34;99;103;94;73;100;120;85;96;108;88;57;51;123;79;91;105;67;54;60;4,,1,34;99;103;94;73;100;120;85;96;108;88;57;51;123;79;91;105;67;54;60;4,267;478;486;468;426;480;517;450;472;496;456;394;382;523;438;462;490;414;388;399,39.0435,62.8209,67.1127,67.1129,1691_8886,2,0,2,2
2069,1,34,5,2,transit,AM,0,10.6657,9840.78,269;700;626,34;214;177;5,,0.0685305,34;214;177;5,269;700;626,6.11608,9.84078,10.6657,10.6657,430_1595,1,0,1,0.0685305
2070,0,34,5,1,transit,AM,0,10.6657,9840.78,268;698;625,34;213;176;5,,0.931469,34;213;176;5,268;698;625,6.11608,9.84078,10.6657,10.6657,428_1591,1,0,1,0.93147
2071,0,34,7,1,transit,AM,0,71.672,67100,267;478;486;468;426;480;517;450;472;496;456;394;382;523;438;462;490;414;388;400;444;407,34;99;103;94;73;100;120;85;96;108;88;57;51;123;79;91;105;67;54;60;82;64;7,,1,34;99;103;94;73;100;120;85;96;108;88;57;51;123;79;91;105;67;54;60;82;64;7,267;478;486;468;426;480;517;450;472;496;456;394;382;523;438;462;490;414;388;400;444;407,41.7029,67.1,71.6719,71.672,1840_9738,3,0,3,3
2072,0,34,11,1,transit,AM,0,63.8198,59730.1,267;478;486;468;426;480;517;450;472;496;456;394;382;523;438;462;490;413,34;99;103;94;73;100;120;85;96;108;88;57;51;123;79;91;105;67;11,,1,34;99;103;94;73;100;120;85;96;108;88;57;51;123;79;91;105;67;11,267;478;486;468;426;480;517;450;472;496;456;394;382;523;438;462;490;413,37.1225,59.7301,63.8197,63.8198,1584_8098,15,0,15,15
2073,0,34,12,1,transit,AM,0,76.9723,72074.8,267;478;486;468;426;480;517;450;472;496;456;394;382;523;438;462;490;414;388;400;444;408;432;419,34;99;103;94;73;100;120;85;96;108;88;57;51;123;79;91;105;67;54;60;82;64;76;70;12,,1,34;99;103;94;73;100;120;85;96;108;88;57;51;123;79;91;105;67;54;60;82;64;76;70;12,267;478;486;468;426;480;517;450;472;496;456;394;382;523;438;462;490;414;388;400;444;408;432;419,44.7948,72.0748,76.9721,76.9723,1991_10590,3,0,3,3
2074,0,34,14,1,transit,AM,0,16.6249,15434,267;478;486;468;425,34;99;103;94;73;14,,1,34;99;103;94;73;14,267;478;486;468;425,9.59231,15.434,16.6249,16.6249,417_2124,15,0,15,15
2075,0,34,15,1,transit,AM,0,74.3928,69653.8,267;478;486;468;426;480;517;450;472;496;456;394;382;523;438;462;490;414;388;400;444;408;431,34;99;103;94;73;100;120;85;96;108;88;57;51;123;79;91;105;67;54;60;82;64;76;15,,1,34;99;103;94;73;100;120;85;96;108;88;57;51;123;79;91;105;67;54;60;82;64;76;15,267;478;486;468;426;480;517;450;472;496;456;394;382;523;438;462;490;414;388;400;444;408;431,43.2901,69.6538,74.3927,74.3928,1924_10170,1,0,1,1
2076,0,34,19,1,transit,AM,0,61.5906,57637.9,267;478;486;468;426;480;517;450;472;496;456;394;382;523;437,34;99;103;94;73;100;120;85;96;108;88;57;51;123;79;19,,1,34;99;103;94;73;100;120;85;96;108;88;57;51;123;79;19,267;478;486;468;426;480;517;450;472;496;456;394;382;523;437,35.8222,57.6379,61.5905,61.5906,1329_6732,7,0,7,7
2077,0,34,26,1,transit,AM,0,46.6627,43626.9,267;478;486;468;426;480;517;450;472;496;455,34;99;103;94;73;100;120;85;96;108;88;26,,1,34;99;103;94;73;100;120;85;96;108;88;26,267;478;486;468;426;480;517;450;472;496;455,27.1143,43.6269,46.6626,46.6627,1026_4995,1,0,1,1
2078,0,34,29,1,transit,AM,0,62.1921,58202.4,267;478;486;468;426;480;517;450;472;496;456;394;382;523;438;461,34;99;103;94;73;100;120;85;96;108;88;57;51;123;79;91;29,,1,34;99;103;94;73;100;120;85;96;108;88;57;51;123;79;91;29,267;478;486;468;426;480;517;450;472;496;456;394;382;523;438;461,36.173,58.2024,62.1919,62.1921,1430_7194,13,0,13,13
2079,0,34,31,1,transit,AM,0,13.0891,12115.4,267;478;486;467,34;99;103;94;31,,1,34;99;103;94;31,267;478;486;467,7.52977,12.1154,13.0891,13.0891,361_1698,6,0,6,6
2080,0,34,35,1,transit,AM,0,22.5503,20995.4,267;478;486;468;426;479,34;99;103;94;73;100;35,,1,34;99;103;94;73;100;35,267;478;486;468;426;479,13.0488,20.9954,22.5503,22.5503,538_2604,3,0,3,3
2081,0,34,38,1,transit,AM,0,62.9549,58918.4,267;478;486;468;426;480;517;450;472;496;456;394;382;523;438;462;489,34;99;103;94;73;100;120;85;96;108;88;57;51;123;79;91;105;38,,1,34;99;103;94;73;100;120;85;96;108;88;57;51;123;79;91;105;38,267;478;486;468;426;480;517;450;472;496;456;394;382;523;438;462;489,36.618,58.9184,62.9548,62.9549,1544_7684,15,0,15,15
2082,0,34,40,1,transit,AM,0,44.2558,41367.8,267;478;486;468;426;480;517;450;472;495,34;99;103;94;73;100;120;85;96;108;40,,1,34;99;103;94;73;100;120;85;96;108;40,267;478;486;468;426;480;517;450;472;495,25.7103,41.3678,44.2558,44.2558,952_4539,2,0,2,2
2083,0,34,43,1,transit,AM,0,87.6776,82122.6,267;478;486;468;426;480;517;450;472;496;456;394;382;523;438;462;490;414;388;400;444;408;432;420;511;502;507,34;99;103;94;73;100;120;85;96;108;88;57;51;123;79;91;105;67;54;60;82;64;76;70;117;111;114;43,,1,34;99;103;94;73;100;120;85;96;108;88;57;51;123;79;91;105;67;54;60;82;64;76;70;117;111;114;43,267;478;486;468;426;480;517;450;472;496;456;394;382;523;438;462;490;414;388;400;444;408;432;420;511;502;507,51.0395,82.1226,87.6775,87.6776,2364_12111,3,0,3,3
2084,0,34,48,1,transit,AM,0,25.4357,23703.6,267;478;486;468;426;480;516,34;99;103;94;73;100;120;48,,1,34;99;103;94;73;100;120;48,267;478;486;468;426;480;516,14.7319,23.7036,25.4357,25.4357,671_3121,3,0,3,3
2085,0,34,50,1,transit,AM,0,51.9425,48582.4,267;478;486;468;426;480;517;450;472;496;456;394;382;522,34;99;103;94;73;100;120;85;96;108;88;57;51;123;50,,1,34;99;103;94;73;100;120;85;96;108;88;57;51;123;50,267;478;486;468;426;480;517;450;472;496;456;394;382;522,30.1942,48.5824,51.9425,51.9425,1281_6294,1,0,1,1
2086,2,35,1,3,transit,AM,0,27.3924,25540,272;484;521;454;476;500;460;398;385,35;102;122;87;98;110;90;59;53;1,,0.238438,35;102;122;87;98;110;90;59;53;1,272;484;521;454;476;500;460;398;385,15.8732,25.54,27.3923,27.3924,757_3950,20,0,20,4.76877
2087,1,35,1,2,transit,AM,0,27.3923,25540,271;482;519;452;474;498;458;396;383,35;101;121;86;97;109;89;58;52;1,,0.143564,35;101;121;86;97;109;89;58;52;1,271;482;519;452;474;498;458;396;383,15.8732,25.54,27.3923,27.3923,749_3933,20,0,20,2.87127
2088,0,35,1,1,transit,AM,0,27.3924,25540,270;480;517;450;472;496;456;394;381,35;100;120;85;96;108;88;57;51;1,,0.617998,35;100;120;85;96;108;88;57;51;1,270;480;517;450;472;496;456;394;381,15.8732,25.54,27.3923,27.3924,741_3916,20,0,20,12.36
2089,2,35,2,3,transit,AM,0,43.2587,40431.8,272;484;521;454;476;500;460;398;386;527;442;466;494;418;391,35;102;122;87;98;110;90;59;53;125;81;93;107;69;56;2,,0.0821884,35;102;122;87;98;110;90;59;53;125;81;93;107;69;56;2,272;484;521;454;476;500;460;398;386;527;442;466;494;418;391,25.1285,40.4318,43.2585,43.2587,1289_6689,8,0,8,0.657507
2090,1,35,2,2,transit,AM,0,43.2586,40431.8,271;482;519;452;474;498;458;396;384;525;440;464;492;416;389,35;101;121;86;97;109;89;58;52;124;80;92;106;68;55;2,,0.143564,35;101;121;86;97;109;89;58;52;124;80;92;106;68;55;2,271;482;519;452;474;498;458;396;384;525;440;464;492;416;389,25.1285,40.4318,43.2585,43.2586,1275_6660,8,0,8,1.14851
2091,0,35,2,1,transit,AM,0,43.2587,40431.8,270;480;517;450;472;496;456;394;382;523;438;462;490;414;387,35;100;120;85;96;108;88;57;51;123;79;91;105;67;54;2,,0.774248,35;100;120;85;96;108;88;57;51;123;79;91;105;67;54;2,270;480;517;450;472;496;456;394;382;523;438;462;490;414;387,25.1285,40.4318,43.2585,43.2587,1261_6631,8,0,8,6.19398
2092,2,35,3,3,transit,AM,0,26.7862,24971,272;484;521;454;476;500;460;397,35;102;122;87;98;110;90;59;3,,0.238438,35;102;122;87;98;110;90;59;3,272;484;521;454;476;500;460;397,15.5196,24.971,26.7861,26.7862,706_3564,39,0,39,9.2991
2093,1,35,3,2,transit,AM,0,26.7862,24971,271;482;519;452;474;498;458;395,35;101;121;86;97;109;89;58;3,,0.143564,35;101;121;86;97;109;89;58;3,271;482;519;452;474;498;458;395,15.5196,24.971,26.7861,26.7862,699_3549,39,0,39,5.59898
2094,0,35,3,1,transit,AM,0,26.7862,24971,270;480;517;450;472;496;456;393,35;100;120;85;96;108;88;57;3,,0.617998,35;100;120;85;96;108;88;57;3,270;480;517;450;472;496;456;393,15.5196,24.971,26.7861,26.7862,692_3534,39,0,39,24.1019
2095,2,35,4,3,transit,AM,0,44.7738,41853.8,272;484;521;454;476;500;460;398;386;527;442;466;494;418;392;403,35;102;122;87;98;110;90;59;53;125;81;93;107;69;56;62;4,,0.0821884,35;102;122;87;98;110;90;59;53;125;81;93;107;69;56;62;4,272;484;521;454;476;500;460;398;386;527;442;466;494;418;392;403,26.0123,41.8538,44.7736,44.7738,1353_7093,10,0,10,0.821884
2096,1,35,4,2,transit,AM,0,44.7737,41853.8,271;482;519;452;474;498;458;396;384;525;440;464;492;416;390;401,35;101;121;86;97;109;89;58;52;124;80;92;106;68;55;61;4,,0.143564,35;101;121;86;97;109;89;58;52;124;80;92;106;68;55;61;4,271;482;519;452;474;498;458;396;384;525;440;464;492;416;390;401,26.0123,41.8538,44.7736,44.7737,1338_7062,10,0,10,1.43564
2097,0,35,4,1,transit,AM,0,44.7738,41853.8,270;480;517;450;472;496;456;394;382;523;438;462;490;414;388;399,35;100;120;85;96;108;88;57;51;123;79;91;105;67;54;60;4,,0.774248,35;100;120;85;96;108;88;57;51;123;79;91;105;67;54;60;4,270;480;517;450;472;496;456;394;382;523;438;462;490;414;388;399,26.0123,41.8538,44.7736,44.7738,1323_7031,10,0,10,7.74248
2098,1,35,5,2,transit,AM,0,33.0048,30807.9,275;706;648;690;711;700;626,35;217;188;209;220;214;177;5,,0.0685305,35;217;188;209;220;214;177;5,275;706;648;690;711;700;626,19.1472,30.8079,33.0048,33.0048,1265_4356,1,0,1,0.0685305
2099,0,35,5,1,transit,AM,0,33.0048,30807.9,274;704;646;688;709;698;625,35;216;187;208;219;213;176;5,,0.931469,35;216;187;208;219;213;176;5,274;704;646;688;709;698;625,19.1472,30.8079,33.0048,33.0048,1259_4344,1,0,1,0.93147
2100,2,35,7,3,transit,AM,0,49.3329,46132.9,272;484;521;454;476;500;460;398;386;527;442;466;494;418;392;404;448;411,35;102;122;87;98;110;90;59;53;125;81;93;107;69;56;62;84;66;7,,0.0821884,35;102;122;87;98;110;90;59;53;125;81;93;107;69;56;62;84;66;7,272;484;521;454;476;500;460;398;386;527;442;466;494;418;392;404;448;411,28.6718,46.1329,49.3328,49.3329,1506_7953,1,0,1,0.0821884
2101,1,35,7,2,transit,AM,0,49.3329,46132.9,271;482;519;452;474;498;458;396;384;525;440;464;492;416;390;402;446;409,35;101;121;86;97;109;89;58;52;124;80;92;106;68;55;61;83;65;7,,0.143564,35;101;121;86;97;109;89;58;52;124;80;92;106;68;55;61;83;65;7,271;482;519;452;474;498;458;396;384;525;440;464;492;416;390;402;446;409,28.6718,46.1329,49.3328,49.3329,1489_7918,1,0,1,0.143564
2102,0,35,7,1,transit,AM,0,49.3329,46132.9,270;480;517;450;472;496;456;394;382;523;438;462;490;414;388;400;444;407,35;100;120;85;96;108;88;57;51;123;79;91;105;67;54;60;82;64;7,,0.774248,35;100;120;85;96;108;88;57;51;123;79;91;105;67;54;60;82;64;7,270;480;517;450;472;496;456;394;382;523;438;462;490;414;388;400;444;407,28.6718,46.1329,49.3328,49.3329,1472_7883,1,0,1,0.774248
2103,2,35,11,3,transit,AM,0,41.4807,38763,272;484;521;454;476;500;460;398;386;527;442;466;494;417,35;102;122;87;98;110;90;59;53;125;81;93;107;69;11,,0.0821884,35;102;122;87;98;110;90;59;53;125;81;93;107;69;11,272;484;521;454;476;500;460;398;386;527;442;466;494;417,24.0914,38.763,41.4806,41.4807,1242_6297,47,0,47,3.86285
2104,1,35,11,2,transit,AM,0,41.4807,38763,271;482;519;452;474;498;458;396;384;525;440;464;492;415,35;101;121;86;97;109;89;58;52;124;80;92;106;68;11,,0.143564,35;101;121;86;97;109;89;58;52;124;80;92;106;68;11,271;482;519;452;474;498;458;396;384;525;440;464;492;415,24.0914,38.763,41.4806,41.4807,1229_6270,47,0,47,6.74749
2105,0,35,11,1,transit,AM,0,41.4807,38763,270;480;517;450;472;496;456;394;382;523;438;462;490;413,35;100;120;85;96;108;88;57;51;123;79;91;105;67;11,,0.774248,35;100;120;85;96;108;88;57;51;123;79;91;105;67;11,270;480;517;450;472;496;456;394;382;523;438;462;490;413,24.0914,38.763,41.4806,41.4807,1216_6243,47,0,47,36.3897
2106,2,35,12,3,transit,AM,0,54.6332,51107.6,272;484;521;454;476;500;460;398;386;527;442;466;494;418;392;404;448;412;436;423,35;102;122;87;98;110;90;59;53;125;81;93;107;69;56;62;84;66;78;72;12,,0.0821884,35;102;122;87;98;110;90;59;53;125;81;93;107;69;56;62;84;66;78;72;12,272;484;521;454;476;500;460;398;386;527;442;466;494;418;392;404;448;412;436;423,31.7636,51.1076,54.633,54.6332,1661_8813,1,0,1,0.0821884
2107,1,35,12,2,transit,AM,0,54.6331,51107.6,271;482;519;452;474;498;458;396;384;525;440;464;492;416;390;402;446;410;434;421,35;101;121;86;97;109;89;58;52;124;80;92;106;68;55;61;83;65;77;71;12,,0.143564,35;101;121;86;97;109;89;58;52;124;80;92;106;68;55;61;83;65;77;71;12,271;482;519;452;474;498;458;396;384;525;440;464;492;416;390;402;446;410;434;421,31.7636,51.1076,54.633,54.6331,1642_8774,1,0,1,0.143564
2108,0,35,12,1,transit,AM,0,54.6332,51107.6,270;480;517;450;472;496;456;394;382;523;438;462;490;414;388;400;444;408;432;419,35;100;120;85;96;108;88;57;51;123;79;91;105;67;54;60;82;64;76;70;12,,0.774248,35;100;120;85;96;108;88;57;51;123;79;91;105;67;54;60;82;64;76;70;12,270;480;517;450;472;496;456;394;382;523;438;462;490;414;388;400;444;408;432;419,31.7636,51.1076,54.633,54.6332,1623_8735,1,0,1,0.774248
2109,2,35,14,3,transit,AM,0,6.13649,5589.72,274;704;645,35;216;187;14,,0.800639,35;216;187;14,274;704;645,3.47403,5.58972,6.13649,6.13649,452_1623,7,0,7,5.60447
2110,1,35,14,2,transit,AM,0,6.13649,5589.72,275;706;647,35;217;188;14,,0.0685305,35;217;188;14,275;706;647,3.47403,5.58972,6.13649,6.13649,454_1628,7,0,7,0.479714
2111,0,35,14,1,transit,AM,0,6.13649,5589.72,273;702;643,35;215;186;14,,0.130831,35;215;186;14,273;702;643,3.47403,5.58972,6.13649,6.13649,450_1618,7,0,7,0.915817
2112,2,35,15,3,transit,AM,0,52.0538,48686.6,272;484;521;454;476;500;460;398;386;527;442;466;494;418;392;404;448;412;435,35;102;122;87;98;110;90;59;53;125;81;93;107;69;56;62;84;66;78;15,,0.0821884,35;102;122;87;98;110;90;59;53;125;81;93;107;69;56;62;84;66;78;15,272;484;521;454;476;500;460;398;386;527;442;466;494;418;392;404;448;412;435,30.2589,48.6866,52.0536,52.0538,1592_8389,1,0,1,0.0821884
2113,1,35,15,2,transit,AM,0,52.0537,48686.6,271;482;519;452;474;498;458;396;384;525;440;464;492;416;390;402;446;410;433,35;101;121;86;97;109;89;58;52;124;80;92;106;68;55;61;83;65;77;15,,0.143564,35;101;121;86;97;109;89;58;52;124;80;92;106;68;55;61;83;65;77;15,271;482;519;452;474;498;458;396;384;525;440;464;492;416;390;402;446;410;433,30.2589,48.6866,52.0536,52.0537,1574_8352,1,0,1,0.143564
2114,0,35,15,1,transit,AM,0,52.0538,48686.6,270;480;517;450;472;496;456;394;382;523;438;462;490;414;388;400;444;408;431,35;100;120;85;96;108;88;57;51;123;79;91;105;67;54;60;82;64;76;15,,0.774248,35;100;120;85;96;108;88;57;51;123;79;91;105;67;54;60;82;64;76;15,270;480;517;450;472;496;456;394;382;523;438;462;490;414;388;400;444;408;431,30.2589,48.6866,52.0536,52.0538,1556_8315,1,0,1,0.774248
2115,2,35,19,3,transit,AM,0,39.2516,36670.8,272;484;521;454;476;500;460;398;386;527;441,35;102;122;87;98;110;90;59;53;125;81;19,,0.0821884,35;102;122;87;98;110;90;59;53;125;81;19,272;484;521;454;476;500;460;398;386;527;441,22.791,36.6708,39.2514,39.2516,981_4919,111,0,111,9.12291
2116,1,35,19,2,transit,AM,0,39.2515,36670.8,271;482;519;452;474;498;458;396;384;525;439,35;101;121;86;97;109;89;58;52;124;80;19,,0.143564,35;101;121;86;97;109;89;58;52;124;80;19,271;482;519;452;474;498;458;396;384;525;439,22.791,36.6708,39.2514,39.2515,971_4898,111,0,111,15.9356
2117,0,35,19,1,transit,AM,0,39.2516,36670.8,270;480;517;450;472;496;456;394;382;523;437,35;100;120;85;96;108;88;57;51;123;79;19,,0.774248,35;100;120;85;96;108;88;57;51;123;79;19,270;480;517;450;472;496;456;394;382;523;437,22.791,36.6708,39.2514,39.2516,961_4877,111,0,111,85.9415
2118,2,35,22,3,transit,AM,0,47.4441,44360.1,272;484;521;454;476;500;460;398;386;527;442;466;494;418;392;404;447,35;102;122;87;98;110;90;59;53;125;81;93;107;69;56;62;84;22,,0.0821884,35;102;122;87;98;110;90;59;53;125;81;93;107;69;56;62;84;22,272;484;521;454;476;500;460;398;386;527;442;466;494;418;392;404;447,27.57,44.3601,47.444,47.4441,1455_7541,3,0,3,0.246565
2119,1,35,22,2,transit,AM,0,47.4441,44360.1,271;482;519;452;474;498;458;396;384;525;440;464;492;416;390;402;445,35;101;121;86;97;109;89;58;52;124;80;92;106;68;55;61;83;22,,0.143564,35;101;121;86;97;109;89;58;52;124;80;92;106;68;55;61;83;22,271;482;519;452;474;498;458;396;384;525;440;464;492;416;390;402;445,27.57,44.3601,47.444,47.4441,1439_7508,3,0,3,0.430691
2120,0,35,22,1,transit,AM,0,47.4441,44360.1,270;480;517;450;472;496;456;394;382;523;438;462;490;414;388;400;443,35;100;120;85;96;108;88;57;51;123;79;91;105;67;54;60;82;22,,0.774248,35;100;120;85;96;108;88;57;51;123;79;91;105;67;54;60;82;22,270;480;517;450;472;496;456;394;382;523;438;462;490;414;388;400;443,27.57,44.3601,47.444,47.4441,1423_7475,3,0,3,2.32274
2121,2,35,24,3,transit,AM,0,8.65279,7951.43,272;484;521;453,35;102;122;87;24,,0.289525,35;102;122;87;24,272;484;521;453,4.94185,7.95143,8.65278,8.65279,370_1730,8,0,8,2.3162
2122,1,35,24,2,transit,AM,0,8.65279,7951.43,271;482;519;451,35;101;121;86;24,,0.0924773,35;101;121;86;24,271;482;519;451,4.94185,7.95143,8.65278,8.65279,367_1723,8,0,8,0.739818
2123,0,35,24,1,transit,AM,0,8.65279,7951.43,270;480;517;449,35;100;120;85;24,,0.617998,35;100;120;85;24,270;480;517;449,4.94185,7.95143,8.65278,8.65279,364_1716,8,0,8,4.94398
2124,2,35,26,3,transit,AM,0,24.3236,22659.7,272;484;521;454;476;500;459,35;102;122;87;98;110;90;26,,0.238438,35;102;122;87;98;110;90;26,272;484;521;454;476;500;459,14.0831,22.6597,24.3236,24.3236,670_3166,10,0,10,2.38438
2125,1,35,26,2,transit,AM,0,24.3236,22659.7,271;482;519;452;474;498;457,35;101;121;86;97;109;89;26,,0.143564,35;101;121;86;97;109;89;26,271;482;519;452;474;498;457,14.0831,22.6597,24.3236,24.3236,664_3153,10,0,10,1.43564
2126,0,35,26,1,transit,AM,0,24.3236,22659.7,270;480;517;450;472;496;455,35;100;120;85;96;108;88;26,,0.617998,35;100;120;85;96;108;88;26,270;480;517;450;472;496;455,14.0831,22.6597,24.3236,24.3236,658_3140,10,0,10,6.17998
2127,2,35,29,3,transit,AM,0,39.853,37235.3,272;484;521;454;476;500;460;398;386;527;442;465,35;102;122;87;98;110;90;59;53;125;81;93;29,,0.0821884,35;102;122;87;98;110;90;59;53;125;81;93;29,272;484;521;454;476;500;460;398;386;527;442;465,23.1419,37.2353,39.8529,39.853,1084_5385,110,0,110,9.04072
2128,1,35,29,2,transit,AM,0,39.853,37235.3,271;482;519;452;474;498;458;396;384;525;440;463,35;101;121;86;97;109;89;58;52;124;80;92;29,,0.143564,35;101;121;86;97;109;89;58;52;124;80;92;29,271;482;519;452;474;498;458;396;384;525;440;463,23.1419,37.2353,39.8529,39.853,1073_5362,110,0,110,15.792
2129,0,35,29,1,transit,AM,0,39.853,37235.3,270;480;517;450;472;496;456;394;382;523;438;461,35;100;120;85;96;108;88;57;51;123;79;91;29,,0.774248,35;100;120;85;96;108;88;57;51;123;79;91;29,270;480;517;450;472;496;456;394;382;523;438;461,23.1419,37.2353,39.8529,39.853,1062_5339,110,0,110,85.1673
2130,2,35,31,3,transit,AM,0,9.67227,8908.35,274;704;646;687,35;216;187;208;31,,0.800639,35;216;187;208;31,274;704;646;687,5.53658,8.90835,9.67227,9.67227,677_2311,3,0,3,2.40192
2131,1,35,31,2,transit,AM,0,9.67227,8908.35,275;706;648;689,35;217;188;209;31,,0.0685305,35;217;188;209;31,275;706;648;689,5.53658,8.90835,9.67227,9.67227,680_2318,3,0,3,0.205592
2132,0,35,31,1,transit,AM,0,9.67227,8908.35,273;702;644;685,35;215;186;207;31,,0.130831,35;215;186;207;31,273;702;644;685,5.53658,8.90835,9.67227,9.67227,674_2304,3,0,3,0.392493
2133,2,35,33,3,transit,AM,0,14.4436,13386.6,272;484;521;454;475,35;102;122;87;98;33,,0.289525,35;102;122;87;98;33,272;484;521;454;475,8.31983,13.3866,14.4436,14.4436,477_2206,3,0,3,0.868575
2134,1,35,33,2,transit,AM,0,14.4436,13386.6,271;482;519;452;473,35;101;121;86;97;33,,0.0924773,35;101;121;86;97;33,271;482;519;452;473,8.31983,13.3866,14.4436,14.4436,473_2197,3,0,3,0.277432
2135,0,35,33,1,transit,AM,0,14.4436,13386.6,270;480;517;450;471,35;100;120;85;96;33,,0.617998,35;100;120;85;96;33,270;480;517;450;471,8.31983,13.3866,14.4436,14.4436,469_2188,3,0,3,1.85399
2136,2,35,36,3,transit,AM,0,17.39,16152.1,274;704;646;688;708,35;216;187;208;219;36,,0.800639,35;216;187;208;219;36,274;704;646;688;708,10.0386,16.1521,17.39,17.39,901_3020,4,0,4,3.20255
2137,1,35,36,2,transit,AM,0,17.39,16152.1,275;706;648;690;710,35;217;188;209;220;36,,0.0685305,35;217;188;209;220;36,275;706;648;690;710,10.0386,16.1521,17.39,17.39,905_3029,4,0,4,0.274122
2138,0,35,36,1,transit,AM,0,17.39,16152.1,273;702;644;686;707,35;215;186;207;218;36,,0.130831,35;215;186;207;218;36,273;702;644;686;707,10.0386,16.1521,17.39,17.39,897_3012,4,0,4,0.523324
2139,2,35,38,3,transit,AM,0,40.6159,37951.3,272;484;521;454;476;500;460;398;386;527;442;466;493,35;102;122;87;98;110;90;59;53;125;81;93;107;38,,0.0821884,35;102;122;87;98;110;90;59;53;125;81;93;107;38,272;484;521;454;476;500;460;398;386;527;442;466;493,23.5869,37.9513,40.6157,40.6159,1200_5879,29,0,29,2.38346
2140,1,35,38,2,transit,AM,0,40.6158,37951.3,271;482;519;452;474;498;458;396;384;525;440;464;491,35;101;121;86;97;109;89;58;52;124;80;92;106;38,,0.143564,35;101;121;86;97;109;89;58;52;124;80;92;106;38,271;482;519;452;474;498;458;396;384;525;440;464;491,23.5869,37.9513,40.6157,40.6158,1188_5854,29,0,29,4.16335
2141,0,35,38,1,transit,AM,0,40.6159,37951.3,270;480;517;450;472;496;456;394;382;523;438;462;489,35;100;120;85;96;108;88;57;51;123;79;91;105;38,,0.774248,35;100;120;85;96;108;88;57;51;123;79;91;105;38,270;480;517;450;472;496;456;394;382;523;438;462;489,23.5869,37.9513,40.6157,40.6159,1176_5829,29,0,29,22.4532
2142,2,35,40,3,transit,AM,0,21.9168,20400.7,272;484;521;454;476;499,35;102;122;87;98;110;40,,0.289525,35;102;122;87;98;110;40,272;484;521;454;476;499,12.6791,20.4007,21.9167,21.9168,594_2706,7,0,7,2.02667
2143,1,35,40,2,transit,AM,0,21.9167,20400.7,271;482;519;452;474;497,35;101;121;86;97;109;40,,0.0924773,35;101;121;86;97;109;40,271;482;519;452;474;497,12.6791,20.4007,21.9167,21.9167,589_2695,7,0,7,0.647341
2144,0,35,40,1,transit,AM,0,21.9167,20400.7,270;480;517;450;472;495,35;100;120;85;96;108;40,,0.617998,35;100;120;85;96;108;40,270;480;517;450;472;495,12.6791,20.4007,21.9167,21.9167,584_2684,7,0,7,4.32599
2145,2,35,42,3,transit,AM,0,61.8915,57920.1,272;484;521;454;476;500;460;398;386;527;442;466;494;418;392;404;448;412;436;424;515;505,35;102;122;87;98;110;90;59;53;125;81;93;107;69;56;62;84;66;78;72;119;113;42,,0.0821884,35;102;122;87;98;110;90;59;53;125;81;93;107;69;56;62;84;66;78;72;119;113;42,272;484;521;454;476;500;460;398;386;527;442;466;494;418;392;404;448;412;436;424;515;505,35.9976,57.9201,61.8913,61.8915,1923_9834,2,0,2,0.164377
2146,1,35,42,2,transit,AM,0,61.8914,57920.1,271;482;519;452;474;498;458;396;384;525;440;464;492;416;390;402;446;410;434;422;513;503,35;101;121;86;97;109;89;58;52;124;80;92;106;68;55;61;83;65;77;71;118;112;42,,0.143564,35;101;121;86;97;109;89;58;52;124;80;92;106;68;55;61;83;65;77;71;118;112;42,271;482;519;452;474;498;458;396;384;525;440;464;492;416;390;402;446;410;434;422;513;503,35.9976,57.9201,61.8913,61.8914,1902_9791,2,0,2,0.287127
2147,0,35,42,1,transit,AM,0,61.8915,57920.1,270;480;517;450;472;496;456;394;382;523;438;462;490;414;388;400;444;408;432;420;511;501,35;100;120;85;96;108;88;57;51;123;79;91;105;67;54;60;82;64;76;70;117;111;42,,0.774248,35;100;120;85;96;108;88;57;51;123;79;91;105;67;54;60;82;64;76;70;117;111;42,270;480;517;450;472;496;456;394;382;523;438;462;490;414;388;400;444;408;432;420;511;501,35.9976,57.9201,61.8913,61.8915,1881_9748,2,0,2,1.5485
2148,2,35,43,3,transit,AM,0,65.3385,61155.5,272;484;521;454;476;500;460;398;386;527;442;466;494;418;392;404;448;412;436;424;515;506;509,35;102;122;87;98;110;90;59;53;125;81;93;107;69;56;62;84;66;78;72;119;113;116;43,,0.0821884,35;102;122;87;98;110;90;59;53;125;81;93;107;69;56;62;84;66;78;72;119;113;116;43,272;484;521;454;476;500;460;398;386;527;442;466;494;418;392;404;448;412;436;424;515;506;509,38.0084,61.1555,65.3384,65.3385,2040_10344,16,0,16,1.31501
2149,1,35,43,2,transit,AM,0,65.3385,61155.5,271;482;519;452;474;498;458;396;384;525;440;464;492;416;390;402;446;410;434;422;513;504;508,35;101;121;86;97;109;89;58;52;124;80;92;106;68;55;61;83;65;77;71;118;112;115;43,,0.143564,35;101;121;86;97;109;89;58;52;124;80;92;106;68;55;61;83;65;77;71;118;112;115;43,271;482;519;452;474;498;458;396;384;525;440;464;492;416;390;402;446;410;434;422;513;504;508,38.0084,61.1555,65.3384,65.3385,2018_10300,16,0,16,2.29702
2150,0,35,43,1,transit,AM,0,65.3385,61155.5,270;480;517;450;472;496;456;394;382;523;438;462;490;414;388;400;444;408;432;420;511;502;507,35;100;120;85;96;108;88;57;51;123;79;91;105;67;54;60;82;64;76;70;117;111;114;43,,0.774248,35;100;120;85;96;108;88;57;51;123;79;91;105;67;54;60;82;64;76;70;117;111;114;43,270;480;517;450;472;496;456;394;382;523;438;462;490;414;388;400;444;408;432;420;511;502;507,38.0084,61.1555,65.3384,65.3385,1996_10256,16,0,16,12.388
2151,2,35,45,3,transit,AM,0,57.7872,54067.9,272;484;521;454;476;500;460;398;386;527;442;466;494;418;392;404;448;412;436;424;514,35;102;122;87;98;110;90;59;53;125;81;93;107;69;56;62;84;66;78;72;119;45,,0.0821884,35;102;122;87;98;110;90;59;53;125;81;93;107;69;56;62;84;66;78;72;119;45,272;484;521;454;476;500;460;398;386;527;442;466;494;418;392;404;448;412;436;424;514,33.6034,54.0679,57.787,57.7872,1813_9328,3,0,3,0.246565
2152,1,35,45,2,transit,AM,0,57.7871,54067.9,271;482;519;452;474;498;458;396;384;525;440;464;492;416;390;402;446;410;434;422;512,35;101;121;86;97;109;89;58;52;124;80;92;106;68;55;61;83;65;77;71;118;45,,0.143564,35;101;121;86;97;109;89;58;52;124;80;92;106;68;55;61;83;65;77;71;118;45,271;482;519;452;474;498;458;396;384;525;440;464;492;416;390;402;446;410;434;422;512,33.6034,54.0679,57.787,57.7871,1793_9287,3,0,3,0.430691
2153,0,35,45,1,transit,AM,0,57.7872,54067.9,270;480;517;450;472;496;456;394;382;523;438;462;490;414;388;400;444;408;432;420;510,35;100;120;85;96;108;88;57;51;123;79;91;105;67;54;60;82;64;76;70;117;45,,0.774248,35;100;120;85;96;108;88;57;51;123;79;91;105;67;54;60;82;64;76;70;117;45,270;480;517;450;472;496;456;394;382;523;438;462;490;414;388;400;444;408;432;420;510,33.6034,54.0679,57.787,57.7872,1773_9246,3,0,3,2.32274
2154,2,35,48,3,transit,AM,0,3.09663,2736.52,272;484;520,35;102;122;48,,0.289525,35;102;122;48,272;484;520,1.70076,2.73652,3.09662,3.09663,307_1276,7,0,7,2.02667
2155,1,35,48,2,transit,AM,0,3.09663,2736.52,271;482;518,35;101;121;48,,0.0924773,35;101;121;48,271;482;518,1.70076,2.73652,3.09662,3.09663,305_1271,7,0,7,0.647341
2156,0,35,48,1,transit,AM,0,3.09663,2736.52,270;480;516,35;100;120;48,,0.617998,35;100;120;48,270;480;516,1.70076,2.73652,3.09662,3.09663,303_1266,7,0,7,4.32599
2157,2,35,50,3,transit,AM,0,29.6035,27615.3,272;484;521;454;476;500;460;398;386;526,35;102;122;87;98;110;90;59;53;125;50,,0.238438,35;102;122;87;98;110;90;59;53;125;50,272;484;521;454;476;500;460;398;386;526,17.163,27.6153,29.6034,29.6035,931_4477,2,0,2,0.476877
2158,1,35,50,2,transit,AM,0,29.6034,27615.3,271;482;519;452;474;498;458;396;384;524,35;101;121;86;97;109;89;58;52;124;50,,0.143564,35;101;121;86;97;109;89;58;52;124;50,271;482;519;452;474;498;458;396;384;524,17.163,27.6153,29.6034,29.6034,922_4458,2,0,2,0.287127
2159,0,35,50,1,transit,AM,0,29.6035,27615.3,270;480;517;450;472;496;456;394;382;522,35;100;120;85;96;108;88;57;51;123;50,,0.617998,35;100;120;85;96;108;88;57;51;123;50,270;480;517;450;472;496;456;394;382;522,17.163,27.6153,29.6034,29.6035,913_4439,2,0,2,1.236
2160,1,36,1,2,transit,AM,0,44.5712,41663.8,277;488;470;428;482;519;452;474;498;458;396;383,36;104;95;74;101;121;86;97;109;89;58;52;1,,0.326181,36;104;95;74;101;121;86;97;109;89;58;52;1,277;488;470;428;482;519;452;474;498;458;396;383,25.8942,41.6638,44.5711,44.5712,1023_5325,20,0,20,6.52362
2161,0,36,1,1,transit,AM,0,44.5712,41663.8,276;486;468;426;480;517;450;472;496;456;394;381,36;103;94;73;100;120;85;96;108;88;57;51;1,,0.673819,36;103;94;73;100;120;85;96;108;88;57;51;1,276;486;468;426;480;517;450;472;496;456;394;381,25.8942,41.6638,44.5711,44.5712,1012_5302,20,0,20,13.4764
2162,1,36,2,2,transit,AM,0,60.4375,56555.6,277;488;470;428;482;519;452;474;498;458;396;384;525;440;464;492;416;389,36;104;95;74;101;121;86;97;109;89;58;52;124;80;92;106;68;55;2,,0.143564,36;104;95;74;101;121;86;97;109;89;58;52;124;80;92;106;68;55;2,277;488;470;428;482;519;452;474;498;458;396;384;525;440;464;492;416;389,35.1495,56.5556,60.4374,60.4375,1549_8052,18,0,18,2.58415
2163,0,36,2,1,transit,AM,0,60.4375,56555.6,276;486;468;426;480;517;450;472;496;456;394;382;523;438;462;490;414;387,36;103;94;73;100;120;85;96;108;88;57;51;123;79;91;105;67;54;2,,0.856436,36;103;94;73;100;120;85;96;108;88;57;51;123;79;91;105;67;54;2,276;486;468;426;480;517;450;472;496;456;394;382;523;438;462;490;414;387,35.1495,56.5556,60.4374,60.4375,1532_8017,18,0,18,15.4159
2164,1,36,3,2,transit,AM,0,43.965,41094.9,277;488;470;428;482;519;452;474;498;458;395,36;104;95;74;101;121;86;97;109;89;58;3,,0.326181,36;104;95;74;101;121;86;97;109;89;58;3,277;488;470;428;482;519;452;474;498;458;395,25.5406,41.0949,43.965,43.965,973_4941,21,0,21,6.8498
2165,0,36,3,1,transit,AM,0,43.965,41094.9,276;486;468;426;480;517;450;472;496;456;393,36;103;94;73;100;120;85;96;108;88;57;3,,0.673819,36;103;94;73;100;120;85;96;108;88;57;3,276;486;468;426;480;517;450;472;496;456;393,25.5406,41.0949,43.965,43.965,963_4920,21,0,21,14.1502
2166,1,36,4,2,transit,AM,0,61.9526,57977.6,277;488;470;428;482;519;452;474;498;458;396;384;525;440;464;492;416;390;401,36;104;95;74;101;121;86;97;109;89;58;52;124;80;92;106;68;55;61;4,,0.143564,36;104;95;74;101;121;86;97;109;89;58;52;124;80;92;106;68;55;61;4,277;488;470;428;482;519;452;474;498;458;396;384;525;440;464;492;416;390;401,36.0333,57.9776,61.9525,61.9526,1612_8454,21,0,21,3.01484
2167,0,36,4,1,transit,AM,0,61.9526,57977.6,276;486;468;426;480;517;450;472;496;456;394;382;523;438;462;490;414;388;399,36;103;94;73;100;120;85;96;108;88;57;51;123;79;91;105;67;54;60;4,,0.856436,36;103;94;73;100;120;85;96;108;88;57;51;123;79;91;105;67;54;60;4,276;486;468;426;480;517;450;472;496;456;394;382;523;438;462;490;414;388;399,36.0333,57.9776,61.9525,61.9526,1594_8417,21,0,21,17.9852
2168,1,36,5,2,transit,AM,0,15.8259,14684.1,280;711;700;626,36;220;214;177;5,,0.0685305,36;220;214;177;5,280;711;700;626,9.12622,14.6841,15.8259,15.8259,652_2317,2,0,2,0.137061
2169,0,36,5,1,transit,AM,0,15.8259,14684.1,279;709;698;625,36;219;213;176;5,,0.931469,36;219;213;176;5,279;709;698;625,9.12622,14.6841,15.8259,15.8259,649_2311,2,0,2,1.86294
2170,1,36,7,2,transit,AM,0,66.5117,62256.7,277;488;470;428;482;519;452;474;498;458;396;384;525;440;464;492;416;390;402;446;409,36;104;95;74;101;121;86;97;109;89;58;52;124;80;92;106;68;55;61;83;65;7,,0.143564,36;104;95;74;101;121;86;97;109;89;58;52;124;80;92;106;68;55;61;83;65;7,277;488;470;428;482;519;452;474;498;458;396;384;525;440;464;492;416;390;402;446;409,38.6928,62.2567,66.5116,66.5117,1763_9310,7,0,7,1.00495
2171,0,36,7,1,transit,AM,0,66.5118,62256.7,276;486;468;426;480;517;450;472;496;456;394;382;523;438;462;490;414;388;400;444;407,36;103;94;73;100;120;85;96;108;88;57;51;123;79;91;105;67;54;60;82;64;7,,0.856436,36;103;94;73;100;120;85;96;108;88;57;51;123;79;91;105;67;54;60;82;64;7,276;486;468;426;480;517;450;472;496;456;394;382;523;438;462;490;414;388;400;444;407,38.6928,62.2567,66.5116,66.5118,1743_9269,7,0,7,5.99505
2172,1,36,11,2,transit,AM,0,58.6595,54886.8,277;488;470;428;482;519;452;474;498;458;396;384;525;440;464;492;415,36;104;95;74;101;121;86;97;109;89;58;52;124;80;92;106;68;11,,0.143564,36;104;95;74;101;121;86;97;109;89;58;52;124;80;92;106;68;11,277;488;470;428;482;519;452;474;498;458;396;384;525;440;464;492;415,34.1124,54.8868,58.6594,58.6595,1503_7662,53,0,53,7.60888
2173,0,36,11,1,transit,AM,0,58.6596,54886.8,276;486;468;426;480;517;450;472;496;456;394;382;523;438;462;490;413,36;103;94;73;100;120;85;96;108;88;57;51;123;79;91;105;67;11,,0.856436,36;103;94;73;100;120;85;96;108;88;57;51;123;79;91;105;67;11,276;486;468;426;480;517;450;472;496;456;394;382;523;438;462;490;413,34.1124,54.8868,58.6594,58.6596,1487_7629,53,0,53,45.3911
2174,1,36,14,2,transit,AM,0,11.4647,10590.7,277;488;470;427,36;104;95;74;14,,0.813348,36;104;95;74;14,277;488;470;427,6.58218,10.5907,11.4647,11.4647,323_1662,15,0,15,12.2002
2175,0,36,14,1,transit,AM,0,11.4647,10590.7,276;486;468;425,36;103;94;73;14,,0.186652,36;103;94;73;14,276;486;468;425,6.58218,10.5907,11.4647,11.4647,320_1655,15,0,15,2.79978
2176,1,36,15,2,transit,AM,0,69.2326,64810.5,277;488;470;428;482;519;452;474;498;458;396;384;525;440;464;492;416;390;402;446;410;433,36;104;95;74;101;121;86;97;109;89;58;52;124;80;92;106;68;55;61;83;65;77;15,,0.143564,36;104;95;74;101;121;86;97;109;89;58;52;124;80;92;106;68;55;61;83;65;77;15,277;488;470;428;482;519;452;474;498;458;396;384;525;440;464;492;416;390;402;446;410;433,40.28,64.8105,69.2325,69.2326,1848_9744,5,0,5,0.717818
2177,0,36,15,1,transit,AM,0,69.2326,64810.5,276;486;468;426;480;517;450;472;496;456;394;382;523;438;462;490;414;388;400;444;408;431,36;103;94;73;100;120;85;96;108;88;57;51;123;79;91;105;67;54;60;82;64;76;15,,0.856436,36;103;94;73;100;120;85;96;108;88;57;51;123;79;91;105;67;54;60;82;64;76;15,276;486;468;426;480;517;450;472;496;456;394;382;523;438;462;490;414;388;400;444;408;431,40.28,64.8105,69.2325,69.2326,1827_9701,5,0,5,4.28218
2178,1,36,19,2,transit,AM,0,56.4304,52794.6,277;488;470;428;482;519;452;474;498;458;396;384;525;439,36;104;95;74;101;121;86;97;109;89;58;52;124;80;19,,0.143564,36;104;95;74;101;121;86;97;109;89;58;52;124;80;19,277;488;470;428;482;519;452;474;498;458;396;384;525;439,32.812,52.7946,56.4303,56.4304,1245_6290,82,0,82,11.7722
2179,0,36,19,1,transit,AM,0,56.4304,52794.6,276;486;468;426;480;517;450;472;496;456;394;382;523;437,36;103;94;73;100;120;85;96;108;88;57;51;123;79;19,,0.856436,36;103;94;73;100;120;85;96;108;88;57;51;123;79;19,276;486;468;426;480;517;450;472;496;456;394;382;523;437,32.812,52.7946,56.4303,56.4304,1232_6263,82,0,82,70.2278
2180,1,36,22,2,transit,AM,0,64.6229,60483.9,277;488;470;428;482;519;452;474;498;458;396;384;525;440;464;492;416;390;402;445,36;104;95;74;101;121;86;97;109;89;58;52;124;80;92;106;68;55;61;83;22,,0.143564,36;104;95;74;101;121;86;97;109;89;58;52;124;80;92;106;68;55;61;83;22,277;488;470;428;482;519;452;474;498;458;396;384;525;440;464;492;416;390;402;445,37.591,60.4839,64.6228,64.6229,1713_8900,2,0,2,0.287127
2181,0,36,22,1,transit,AM,0,64.623,60483.9,276;486;468;426;480;517;450;472;496;456;394;382;523;438;462;490;414;388;400;443,36;103;94;73;100;120;85;96;108;88;57;51;123;79;91;105;67;54;60;82;22,,0.856436,36;103;94;73;100;120;85;96;108;88;57;51;123;79;91;105;67;54;60;82;22,276;486;468;426;480;517;450;472;496;456;394;382;523;438;462;490;414;388;400;443,37.591,60.4839,64.6228,64.623,1694_8861,2,0,2,1.71287
2182,1,36,24,2,transit,AM,0,25.8316,24075.2,277;488;470;428;482;519;451,36;104;95;74;101;121;86;24,,0.326181,36;104;95;74;101;121;86;24,277;488;470;428;482;519;451,14.9629,24.0752,25.8316,25.8316,641_3115,4,0,4,1.30472
2183,0,36,24,1,transit,AM,0,25.8316,24075.2,276;486;468;426;480;517;449,36;103;94;73;100;120;85;24,,0.673819,36;103;94;73;100;120;85;24,276;486;468;426;480;517;449,14.9629,24.0752,25.8316,25.8316,635_3102,4,0,4,2.69528
2184,1,36,26,2,transit,AM,0,41.5024,38783.6,277;488;470;428;482;519;452;474;498;457,36;104;95;74;101;121;86;97;109;89;26,,0.326181,36;104;95;74;101;121;86;97;109;89;26,277;488;470;428;482;519;452;474;498;457,24.1041,38.7836,41.5024,41.5024,938_4545,26,0,26,8.4807
2185,0,36,26,1,transit,AM,0,41.5025,38783.6,276;486;468;426;480;517;450;472;496;455,36;103;94;73;100;120;85;96;108;88;26,,0.673819,36;103;94;73;100;120;85;96;108;88;26,276;486;468;426;480;517;450;472;496;455,24.1041,38.7836,41.5024,41.5025,929_4526,26,0,26,17.5193
2186,1,36,29,2,transit,AM,0,57.0318,53359.1,277;488;470;428;482;519;452;474;498;458;396;384;525;440;463,36;104;95;74;101;121;86;97;109;89;58;52;124;80;92;29,,0.143564,36;104;95;74;101;121;86;97;109;89;58;52;124;80;92;29,277;488;470;428;482;519;452;474;498;458;396;384;525;440;463,33.1629,53.3591,57.0317,57.0318,1347_6754,65,0,65,9.33164
2187,0,36,29,1,transit,AM,0,57.0319,53359.1,276;486;468;426;480;517;450;472;496;456;394;382;523;438;461,36;103;94;73;100;120;85;96;108;88;57;51;123;79;91;29,,0.856436,36;103;94;73;100;120;85;96;108;88;57;51;123;79;91;29,276;486;468;426;480;517;450;472;496;456;394;382;523;438;461,33.1629,53.3591,57.0317,57.0319,1333_6725,65,0,65,55.6684
2188,1,36,31,2,transit,AM,0,7.92889,7272.09,277;488;469,36;104;95;31,,0.813348,36;104;95;31,277;488;469,4.51963,7.27209,7.92889,7.92889,266_1234,6,0,6,4.88009
2189,0,36,31,1,transit,AM,0,7.92889,7272.09,276;486;467,36;103;94;31,,0.186652,36;103;94;31,276;486;467,4.51963,7.27209,7.92889,7.92889,264_1229,6,0,6,1.11991
2190,1,36,33,2,transit,AM,0,31.6225,29510.4,277;488;470;428;482;519;452;473,36;104;95;74;101;121;86;97;33,,0.326181,36;104;95;74;101;121;86;97;33,277;488;470;428;482;519;452;473,18.3408,29.5104,31.6225,31.6225,747_3589,2,0,2,0.652362
2191,0,36,33,1,transit,AM,0,31.6225,29510.4,276;486;468;426;480;517;450;471,36;103;94;73;100;120;85;96;33,,0.673819,36;103;94;73;100;120;85;96;33,276;486;468;426;480;517;450;471,18.3408,29.5104,31.6225,31.6225,740_3574,2,0,2,1.34764
2192,1,36,35,2,transit,AM,0,17.39,16152.1,277;488;470;428;481,36;104;95;74;101;35,,0.326181,36;104;95;74;101;35,277;488;470;428;481,10.0386,16.1521,17.39,17.39,445_2144,10,0,10,3.26181
2193,0,36,35,1,transit,AM,0,17.39,16152.1,276;486;468;426;479,36;103;94;73;100;35,,0.673819,36;103;94;73;100;35,276;486;468;426;479,10.0386,16.1521,17.39,17.39,441_2135,10,0,10,6.73819
2194,1,36,38,2,transit,AM,0,57.7947,54075.1,277;488;470;428;482;519;452;474;498;458;396;384;525;440;464;491,36;104;95;74;101;121;86;97;109;89;58;52;124;80;92;106;38,,0.143564,36;104;95;74;101;121;86;97;109;89;58;52;124;80;92;106;38,277;488;470;428;482;519;452;474;498;458;396;384;525;440;464;491,33.6079,54.0751,57.7946,57.7947,1462_7246,58,0,58,8.32669
2195,0,36,38,1,transit,AM,0,57.7947,54075.1,276;486;468;426;480;517;450;472;496;456;394;382;523;438;462;489,36;103;94;73;100;120;85;96;108;88;57;51;123;79;91;105;38,,0.856436,36;103;94;73;100;120;85;96;108;88;57;51;123;79;91;105;38,276;486;468;426;480;517;450;472;496;456;394;382;523;438;462;489,33.6079,54.0751,57.7946,57.7947,1447_7215,58,0,58,49.6733
2196,1,36,40,2,transit,AM,0,39.0956,36524.5,277;488;470;428;482;519;452;474;497,36;104;95;74;101;121;86;97;109;40,,0.326181,36;104;95;74;101;121;86;97;109;40,277;488;470;428;482;519;452;474;497,22.7001,36.5245,39.0955,39.0956,863_4087,6,0,6,1.95709
2197,0,36,40,1,transit,AM,0,39.0956,36524.5,276;486;468;426;480;517;450;472;495,36;103;94;73;100;120;85;96;108;40,,0.673819,36;103;94;73;100;120;85;96;108;40,276;486;468;426;480;517;450;472;495,22.7001,36.5245,39.0955,39.0956,855_4070,6,0,6,4.04291
2198,1,36,42,2,transit,AM,0,79.0703,74043.9,277;488;470;428;482;519;452;474;498;458;396;384;525;440;464;492;416;390;402;446;410;434;422;513;503,36;104;95;74;101;121;86;97;109;89;58;52;124;80;92;106;68;55;61;83;65;77;71;118;112;42,,0.143564,36;104;95;74;101;121;86;97;109;89;58;52;124;80;92;106;68;55;61;83;65;77;71;118;112;42,277;488;470;428;482;519;452;474;498;458;396;384;525;440;464;492;416;390;402;446;410;434;422;513;503,46.0186,74.0439,79.0702,79.0703,2176_11183,1,0,1,0.143564
2199,0,36,42,1,transit,AM,0,79.0703,74043.9,276;486;468;426;480;517;450;472;496;456;394;382;523;438;462;490;414;388;400;444;408;432;420;511;501,36;103;94;73;100;120;85;96;108;88;57;51;123;79;91;105;67;54;60;82;64;76;70;117;111;42,,0.856436,36;103;94;73;100;120;85;96;108;88;57;51;123;79;91;105;67;54;60;82;64;76;70;117;111;42,276;486;468;426;480;517;450;472;496;456;394;382;523;438;462;490;414;388;400;444;408;432;420;511;501,46.0186,74.0439,79.0702,79.0703,2152_11134,1,0,1,0.856436
2200,1,36,43,2,transit,AM,0,82.5173,77279.3,277;488;470;428;482;519;452;474;498;458;396;384;525;440;464;492;416;390;402;446;410;434;422;513;504;508,36;104;95;74;101;121;86;97;109;89;58;52;124;80;92;106;68;55;61;83;65;77;71;118;112;115;43,,0.143564,36;104;95;74;101;121;86;97;109;89;58;52;124;80;92;106;68;55;61;83;65;77;71;118;112;115;43,277;488;470;428;482;519;452;474;498;458;396;384;525;440;464;492;416;390;402;446;410;434;422;513;504;508,48.0294,77.2793,82.5172,82.5173,2292_11692,9,0,9,1.29207
2201,0,36,43,1,transit,AM,0,82.5174,77279.3,276;486;468;426;480;517;450;472;496;456;394;382;523;438;462;490;414;388;400;444;408;432;420;511;502;507,36;103;94;73;100;120;85;96;108;88;57;51;123;79;91;105;67;54;60;82;64;76;70;117;111;114;43,,0.856436,36;103;94;73;100;120;85;96;108;88;57;51;123;79;91;105;67;54;60;82;64;76;70;117;111;114;43,276;486;468;426;480;517;450;472;496;456;394;382;523;438;462;490;414;388;400;444;408;432;420;511;502;507,48.0294,77.2793,82.5172,82.5174,2267_11642,9,0,9,7.70793
2202,1,36,45,2,transit,AM,0,74.966,70191.7,277;488;470;428;482;519;452;474;498;458;396;384;525;440;464;492;416;390;402;446;410;434;422;512,36;104;95;74;101;121;86;97;109;89;58;52;124;80;92;106;68;55;61;83;65;77;71;118;45,,0.143564,36;104;95;74;101;121;86;97;109;89;58;52;124;80;92;106;68;55;61;83;65;77;71;118;45,277;488;470;428;482;519;452;474;498;458;396;384;525;440;464;492;416;390;402;446;410;434;422;512,43.6244,70.1917,74.9659,74.966,2067_10679,4,0,4,0.574255
2203,0,36,45,1,transit,AM,0,74.966,70191.7,276;486;468;426;480;517;450;472;496;456;394;382;523;438;462;490;414;388;400;444;408;432;420;510,36;103;94;73;100;120;85;96;108;88;57;51;123;79;91;105;67;54;60;82;64;76;70;117;45,,0.856436,36;103;94;73;100;120;85;96;108;88;57;51;123;79;91;105;67;54;60;82;64;76;70;117;45,276;486;468;426;480;517;450;472;496;456;394;382;523;438;462;490;414;388;400;444;408;432;420;510,43.6244,70.1917,74.9659,74.966,2044_10632,4,0,4,3.42575
2204,1,36,48,2,transit,AM,0,20.2755,18860.3,277;488;470;428;482;518,36;104;95;74;101;121;48,,0.326181,36;104;95;74;101;121;48,277;488;470;428;482;518,11.7218,18.8603,20.2755,20.2755,579_2663,20,0,20,6.52362
2205,0,36,48,1,transit,AM,0,20.2755,18860.3,276;486;468;426;480;516,36;103;94;73;100;120;48,,0.673819,36;103;94;73;100;120;48,276;486;468;426;480;516,11.7218,18.8603,20.2755,20.2755,574_2652,20,0,20,13.4764
2206,0,37,1,1,transit,AM,0,13.3841,12392.1,284;888;886;870;863;882;861;858,37;311;310;302;298;308;297;296;1,,1,37;311;310;302;298;308;297;296;1,284;888;886;870;863;882;861;858,7.70176,12.3921,13.3841,13.3841,2160_6392,12,0,12,12
2207,0,37,2,1,transit,AM,0,29.2505,27283.9,285;1061;1059;1046;1036;1054;1032;1028;1074;1050;1057;1063;1040;1029,37;400;399;392;387;396;385;383;406;394;398;401;389;384;2,,1,37;400;399;392;387;396;385;383;406;394;398;401;389;384;2,285;1061;1059;1046;1036;1054;1032;1028;1074;1050;1057;1063;1040;1029,16.9571,27.2839,29.2504,29.2505,5153_13914,4,0,4,4
2208,0,37,3,1,transit,AM,0,12.778,11823.2,284;888;886;870;863;882;860,37;311;310;302;298;308;297;3,,1,37;311;310;302;298;308;297;3,284;888;886;870;863;882;860,7.34817,11.8232,12.778,12.778,1866_5533,12,0,12,12
2209,0,37,4,1,transit,AM,0,30.7656,28706,285;1061;1059;1046;1036;1054;1032;1028;1074;1050;1057;1063;1040;1030;1033,37;400;399;392;387;396;385;383;406;394;398;401;389;384;386;4,,1,37;400;399;392;387;396;385;383;406;394;398;401;389;384;386;4,285;1061;1059;1046;1036;1054;1032;1028;1074;1050;1057;1063;1040;1030;1033,17.8409,28.706,30.7655,30.7656,5541_14948,4,0,4,4
2210,0,37,6,1,transit,AM,0,7.43232,6805.89,284;888;886;870;862,37;311;310;302;298;6,,1,37;311;310;302;298;6,284;888;886;870;862,4.22989,6.80589,7.43232,7.43232,1264_3790,9,0,9,9
2211,0,37,7,1,transit,AM,0,35.3247,32985.1,285;1061;1059;1046;1036;1054;1032;1028;1074;1050;1057;1063;1040;1030;1034;1052;1037,37;400;399;392;387;396;385;383;406;394;398;401;389;384;386;395;388;7,,1,37;400;399;392;387;396;385;383;406;394;398;401;389;384;386;395;388;7,285;1061;1059;1046;1036;1054;1032;1028;1074;1050;1057;1063;1040;1030;1034;1052;1037,20.5004,32.9851,35.3246,35.3247,6327_17038,1,0,1,1
2212,0,37,8,1,transit,AM,0,32.0119,29875.8,284;888;886;870;863;882;861;859;880;876;868;892;864,37;311;310;302;298;308;297;296;307;305;301;313;299;8,,1,37;311;310;302;298;308;297;296;307;305;301;313;299;8,284;888;886;870;863;882;861;859;880;876;868;892;864,18.5679,29.8758,32.0119,32.0119,3692_10773,1,0,1,1
2213,0,37,11,1,transit,AM,0,27.4725,25615.2,285;1061;1059;1046;1036;1054;1032;1028;1074;1050;1057;1063;1039,37;400;399;392;387;396;385;383;406;394;398;401;389;11,,1,37;400;399;392;387;396;385;383;406;394;398;401;389;11,285;1061;1059;1046;1036;1054;1032;1028;1074;1050;1057;1063;1039,15.9199,25.6152,27.4724,27.4725,4778_12884,32,0,32,32
2214,0,37,13,1,transit,AM,0,22.5991,21041.1,284;888;886;870;863;882;861;859;880;876;867,37;311;310;302;298;308;297;296;307;305;301;13,,1,37;311;310;302;298;308;297;296;307;305;301;13,284;888;886;870;863;882;861;859;880;876;867,13.0771,21.0411,22.5991,22.5991,3085_9016,1,0,1,1
2215,0,37,15,1,transit,AM,0,38.0456,35538.8,285;1061;1059;1046;1036;1054;1032;1028;1074;1050;1057;1063;1040;1030;1034;1052;1038;1043,37;400;399;392;387;396;385;383;406;394;398;401;389;384;386;395;388;391;15,,1,37;400;399;392;387;396;385;383;406;394;398;401;389;384;386;395;388;391;15,285;1061;1059;1046;1036;1054;1032;1028;1074;1050;1057;1063;1040;1030;1034;1052;1038;1043,22.0875,35.5388,38.0454,38.0456,6726_18082,2,0,2,2
2216,0,37,16,1,transit,AM,0,5.407,4904.97,284;888;886;869,37;311;310;302;16,,1,37;311;310;302;16,284;888;886;869,3.04846,4.90497,5.407,5.407,976_2927,28,0,28,28
2217,4,37,17,4,transit,AM,0,3.36853,2991.72,286;1110;1095,37;424;417;17,,0.25765,37;424;417;17,286;1110;1095,1.85937,2.99172,3.36853,3.36853,895_2491,4,0,4,1.0306
2218,2,37,17,3,transit,AM,0,3.36853,2991.72,282;834;791,37;282;261;17,,0.542988,37;282;261;17,282;834;791,1.85937,2.99172,3.36853,3.36853,597_1907,4,0,4,2.17195
2219,1,37,17,2,transit,AM,0,3.36853,2991.72,283;836;793,37;283;262;17,,0.0685305,37;283;262;17,283;836;793,1.85937,2.99172,3.36853,3.36853,599_1912,4,0,4,0.274122
2220,0,37,17,1,transit,AM,0,3.36853,2991.72,281;832;789,37;281;260;17,,0.130831,37;281;260;17,281;832;789,1.85937,2.99172,3.36853,3.36853,595_1902,4,0,4,0.523324
2221,0,37,19,1,transit,AM,0,25.2434,23522.9,285;1061;1059;1046;1036;1054;1032;1028;1074;1049,37;400;399;392;387;396;385;383;406;394;19,,1,37;400;399;392;387;396;385;383;406;394;19,285;1061;1059;1046;1036;1054;1032;1028;1074;1049,14.6196,23.5229,25.2433,25.2434,3598_9724,39,0,39,39
2222,0,37,20,1,transit,AM,0,53.8169,50341.6,284;888;886;870;863;882;861;859;880;876;868;892;865;878;894;896;873,37;311;310;302;298;308;297;296;307;305;301;313;299;306;314;315;304;20,,1,37;311;310;302;298;308;297;296;307;305;301;313;299;306;314;315;304;20,284;888;886;870;863;882;861;859;880;876;868;892;865;878;894;896;873,31.2875,50.3416,53.8169,53.8169,4943_14315,2,0,2,2
2223,0,37,21,1,transit,AM,0,19.0055,17668.2,284;888;886;870;863;882;861;859;880;875,37;311;310;302;298;308;297;296;307;305;21,,1,37;311;310;302;298;308;297;296;307;305;21,284;888;886;870;863;882;861;859;880;875,10.9809,17.6682,19.0055,19.0055,2792_8148,3,0,3,3
2224,0,37,22,1,transit,AM,0,33.4359,31212.3,285;1061;1059;1046;1036;1054;1032;1028;1074;1050;1057;1063;1040;1030;1034;1051,37;400;399;392;387;396;385;383;406;394;398;401;389;384;386;395;22,,1,37;400;399;392;387;396;385;383;406;394;398;401;389;384;386;395;22,285;1061;1059;1046;1036;1054;1032;1028;1074;1050;1057;1063;1040;1030;1034;1051,19.3986,31.2123,33.4358,33.4359,5954_16000,2,0,2,2
2225,0,37,23,1,transit,AM,0,36.9198,34482.3,284;888;886;870;863;882;861;859;880;876;868;892;865;877,37;311;310;302;298;308;297;296;307;305;301;313;299;306;23,,1,37;311;310;302;298;308;297;296;307;305;301;313;299;306;23,284;888;886;870;863;882;861;859;880;876;868;892;865;877,21.4309,34.4823,36.9198,36.9198,4013_11651,1,0,1,1
2226,0,37,25,1,transit,AM,0,14.3214,13271.8,284;888;886;870;863;882;861;859;879,37;311;310;302;298;308;297;296;307;25,,1,37;311;310;302;298;308;297;296;307;25,284;888;886;870;863;882;861;859;879,8.24848,13.2718,14.3214,14.3214,2491_7272,1,0,1,1
2227,0,37,26,1,transit,AM,0,10.3154,9511.9,284;888;886;870;863;881,37;311;310;302;298;308;26,,1,37;311;310;302;298;308;26,284;888;886;870;863;881,5.91168,9.5119,10.3154,10.3154,1592_4672,11,0,11,11
2228,0,37,27,1,transit,AM,0,53.2637,49822.3,285;1061;1059;1046;1036;1054;1032;1028;1074;1050;1057;1063;1040;1030;1034;1052;1038;1044;1042;1072;1067;1069;1055,37;400;399;392;387;396;385;383;406;394;398;401;389;384;386;395;388;391;390;405;403;404;397;27,,1,37;400;399;392;387;396;385;383;406;394;398;401;389;384;386;395;388;391;390;405;403;404;397;27,285;1061;1059;1046;1036;1054;1032;1028;1074;1050;1057;1063;1040;1030;1034;1052;1038;1044;1042;1072;1067;1069;1055,30.9647,49.8223,53.2636,53.2637,8737_23388,2,0,2,2
2229,0,37,29,1,transit,AM,0,25.8448,24087.4,285;1061;1059;1046;1036;1054;1032;1028;1074;1050;1056,37;400;399;392;387;396;385;383;406;394;398;29,,1,37;400;399;392;387;396;385;383;406;394;398;29,285;1061;1059;1046;1036;1054;1032;1028;1074;1050;1056,14.9704,24.0874,25.8447,25.8448,4006_10781,38,0,38,38
2230,0,37,30,1,transit,AM,0,3.89162,3482.66,284;888;885,37;311;310;30,,1,37;311;310;30,284;888;885,2.16449,3.48266,3.89162,3.89162,688_2057,2,0,2,2
2231,0,37,38,1,transit,AM,0,26.6077,24803.4,285;1061;1059;1046;1036;1054;1032;1028;1074;1050;1057;1062,37;400;399;392;387;396;385;383;406;394;398;401;38,,1,37;400;399;392;387;396;385;383;406;394;398;401;38,285;1061;1059;1046;1036;1054;1032;1028;1074;1050;1057;1062,15.4154,24.8034,26.6076,26.6077,4416_11844,21,0,21,21
2232,4,37,39,4,transit,AM,0,7.01294,6412.31,286;1110;1096;1113,37;424;417;426;39,,0.25765,37;424;417;426;39,286;1110;1096;1113,3.98528,6.41231,7.01294,7.01294,1343_3605,3,0,3,0.772951
2233,2,37,39,3,transit,AM,0,7.01294,6412.31,282;834;792;838,37;282;261;285;39,,0.542988,37;282;261;285;39,282;834;792;838,3.98528,6.41231,7.01294,7.01294,904_2746,3,0,3,1.62896
2234,1,37,39,2,transit,AM,0,7.01294,6412.31,283;836;794;839,37;283;262;286;39,,0.0685305,37;283;262;286;39,283;836;794;839,3.98528,6.41231,7.01294,7.01294,907_2752,3,0,3,0.205592
2235,0,37,39,1,transit,AM,0,7.01294,6412.31,281;832;790;837,37;281;260;284;39,,0.130831,37;281;260;284;39,281;832;790;837,3.98528,6.41231,7.01294,7.01294,901_2740,3,0,3,0.392493
2236,0,37,41,1,transit,AM,0,27.6535,25785.1,284;888;886;870;863;882;861;859;880;876;868;891,37;311;310;302;298;308;297;296;307;305;301;313;41,,1,37;311;310;302;298;308;297;296;307;305;301;313;41,284;888;886;870;863;882;861;859;880;876;868;891,16.0255,25.7851,27.6535,27.6535,3426_9908,5,0,5,5
2237,0,37,42,1,transit,AM,0,47.8833,44772.3,285;1061;1059;1046;1036;1054;1032;1028;1074;1050;1057;1063;1040;1030;1034;1052;1038;1044;1042;1072;1066,37;400;399;392;387;396;385;383;406;394;398;401;389;384;386;395;388;391;390;405;403;42,,1,37;400;399;392;387;396;385;383;406;394;398;401;389;384;386;395;388;391;390;405;403;42,285;1061;1059;1046;1036;1054;1032;1028;1074;1050;1057;1063;1040;1030;1034;1052;1038;1044;1042;1072;1066,27.8262,44.7723,47.8832,47.8833,7951_21263,1,0,1,1
2238,0,37,43,1,transit,AM,0,51.3303,48007.6,285;1061;1059;1046;1036;1054;1032;1028;1074;1050;1057;1063;1040;1030;1034;1052;1038;1044;1042;1072;1067;1068,37;400;399;392;387;396;385;383;406;394;398;401;389;384;386;395;388;391;390;405;403;404;43,,1,37;400;399;392;387;396;385;383;406;394;398;401;389;384;386;395;388;391;390;405;403;404;43,285;1061;1059;1046;1036;1054;1032;1028;1074;1050;1057;1063;1040;1030;1034;1052;1038;1044;1042;1072;1067;1068,29.8369,48.0076,51.3302,51.3303,8356_22332,1,0,1,1
2239,0,37,45,1,transit,AM,0,43.779,40920.1,285;1061;1059;1046;1036;1054;1032;1028;1074;1050;1057;1063;1040;1030;1034;1052;1038;1044;1042;1071,37;400;399;392;387;396;385;383;406;394;398;401;389;384;386;395;388;391;390;405;45,,1,37;400;399;392;387;396;385;383;406;394;398;401;389;384;386;395;388;391;390;405;45,285;1061;1059;1046;1036;1054;1032;1028;1074;1050;1057;1063;1040;1030;1034;1052;1038;1044;1042;1071,25.432,40.9201,43.7789,43.779,7551_20196,1,0,1,1
2240,0,37,47,1,transit,AM,0,61.233,57302.2,284;888;886;870;863;882;861;859;880;876;868;892;865;878;894;896;874;897,37;311;310;302;298;308;297;296;307;305;301;313;299;306;314;315;304;316;47,,1,37;311;310;302;298;308;297;296;307;305;301;313;299;306;314;315;304;316;47,284;888;886;870;863;882;861;859;880;876;868;892;865;878;894;896;874;897,35.6135,57.3022,61.233,61.233,5286_15213,1,0,1,1
2241,0,37,50,1,transit,AM,0,15.5953,14467.4,285;1061;1059;1046;1036;1054;1032;1028;1073,37;400;399;392;387;396;385;383;406;50,,1,37;400;399;392;387;396;385;383;406;50,285;1061;1059;1046;1036;1054;1032;1028;1073,8.99157,14.4674,15.5952,15.5953,3235_8674,2,0,2,2
2242,8,38,1,3,transit,AM,0,13.4348,12439.6,294;717;684;660;747;605,38;223;206;194;238;166;1,,0,38;223;206;194;238;166;1,294;717;684;660;747;605,7.73128,12.4396,13.4348,13.4348,1066_3707,21,0,21,0
2243,1,38,1,2,transit,AM,0,13.4348,12439.6,293;715;682;658;745;603,38;222;205;193;237;165;1,,0.869169,38;222;205;193;237;165;1,293;715;682;658;745;603,7.73128,12.4396,13.4348,13.4348,1061_3696,21,0,21,18.2526
2244,0,38,1,1,transit,AM,0,13.4348,12439.6,292;713;680;656;743;601,38;221;204;192;236;164;1,,0.130831,38;221;204;192;236;164;1,292;713;680;656;743;601,7.73128,12.4396,13.4348,13.4348,1056_3685,21,0,21,2.74745
2245,5,38,2,6,transit,AM,0,2.85417,2508.83,296;958;920;901,38;347;327;318;2,,0.233704,38;347;327;318;2,296;958;920;901,1.55925,2.50883,2.85417,2.85417,1032_3075,11,0,11,2.57074
2246,2,38,2,3,transit,AM,0,2.85417,2508.83,289;494;418;391,38;107;69;56;2,,0.0558212,38;107;69;56;2,289;494;418;391,1.55925,2.50883,2.85417,2.85417,272_1592,11,0,11,0.614033
2247,4,38,2,5,transit,AM,0,2.85417,2508.83,295;956;918;899,38;346;326;317;2,,0.0239468,38;346;326;317;2,295;956;918;899,1.55925,2.50883,2.85417,2.85417,1029_3068,11,0,11,0.263414
2248,1,38,2,2,transit,AM,0,2.85417,2508.83,288;492;416;389,38;106;68;55;2,,0.0685305,38;106;68;55;2,288;492;416;389,1.55925,2.50883,2.85417,2.85417,269_1585,11,0,11,0.753836
2249,3,38,2,4,transit,AM,0,2.85417,2508.83,290;556;539;528,38;140;131;126;2,,0.487167,38;140;131;126;2,290;556;539;528,1.55925,2.50883,2.85417,2.85417,437_1913,11,0,11,5.35884
2250,0,38,2,1,transit,AM,0,2.85417,2508.83,287;490;414;387,38;105;67;54;2,,0.130831,38;105;67;54;2,287;490;414;387,1.55925,2.50883,2.85417,2.85417,266_1578,11,0,11,1.43914
2251,8,38,3,3,transit,AM,0,14.0409,13008.6,294;717;684;660;747;606;617,38;223;206;194;238;166;172;3,,0,38;223;206;194;238;166;172;3,294;717;684;660;747;606;617,8.08487,13.0086,14.0409,14.0409,1240_4325,15,0,15,0
2252,1,38,3,2,transit,AM,0,14.0409,13008.6,293;715;682;658;745;604;615,38;222;205;193;237;165;171;3,,0.869169,38;222;205;193;237;165;171;3,293;715;682;658;745;604;615,8.08487,13.0086,14.0409,14.0409,1234_4312,15,0,15,13.0375
2253,0,38,3,1,transit,AM,0,14.0409,13008.6,292;713;680;656;743;602;613,38;221;204;192;236;164;170;3,,0.130831,38;221;204;192;236;164;170;3,292;713;680;656;743;602;613,8.08487,13.0086,14.0409,14.0409,1228_4299,15,0,15,1.96246
2254,5,38,4,6,transit,AM,0,4.36927,3930.87,296;958;920;902;905,38;347;327;318;320;4,,0.233704,38;347;327;318;320;4,296;958;920;902;905,2.44305,3.93087,4.36927,4.36927,1354_3981,8,0,8,1.86963
2255,4,38,4,5,transit,AM,0,4.36927,3930.87,295;956;918;900;903,38;346;326;317;319;4,,0.0239468,38;346;326;317;319;4,295;956;918;900;903,2.44305,3.93087,4.36927,4.36927,1350_3972,8,0,8,0.191574
2256,2,38,4,3,transit,AM,0,4.36927,3930.87,289;494;418;392;403,38;107;69;56;62;4,,0.0558212,38;107;69;56;62;4,289;494;418;392;403,2.44305,3.93087,4.36927,4.36927,336_1996,8,0,8,0.44657
2257,3,38,4,4,transit,AM,0,4.36927,3930.87,290;556;539;529;530,38;140;131;126;127;4,,0.487167,38;140;131;126;127;4,290;556;539;529;530,2.44305,3.93087,4.36927,4.36927,566_2444,8,0,8,3.89734
2258,1,38,4,2,transit,AM,0,4.36927,3930.87,288;492;416;390;401,38;106;68;55;61;4,,0.0685305,38;106;68;55;61;4,288;492;416;390;401,2.44305,3.93087,4.36927,4.36927,332_1987,8,0,8,0.548244
2259,0,38,4,1,transit,AM,0,4.36927,3930.87,287;490;414;388;399,38;105;67;54;60;4,,0.130831,38;105;67;54;60;4,287;490;414;388;399,2.44305,3.93087,4.36927,4.36927,328_1978,8,0,8,1.04665
2260,0,38,6,1,transit,AM,0,19.3865,18025.9,299;1112;1106;1098;1122;1076;1080;1102;1083,38;425;422;418;430;407;409;420;411;6,,1,38;425;422;418;430;407;409;420;411;6,299;1112;1106;1098;1122;1076;1080;1102;1083,11.2031,18.0259,19.3865,19.3865,3386_9078,2,0,2,2
2261,5,38,7,6,transit,AM,0,8.92841,8209.99,296;958;920;902;906;940;909,38;347;327;318;320;338;322;7,,0.233704,38;347;327;318;320;338;322;7,296;958;920;902;906;940;909,5.10254,8.20999,8.92841,8.92841,2017_5831,23,0,23,5.37518
2262,4,38,7,5,transit,AM,0,8.92841,8209.99,295;956;918;900;904;938;907,38;346;326;317;319;337;321;7,,0.0239468,38;346;326;317;319;337;321;7,295;956;918;900;904;938;907,5.10254,8.20999,8.92841,8.92841,2011_5818,23,0,23,0.550776
2263,3,38,7,4,transit,AM,0,8.92841,8209.99,290;556;539;529;531;550;532,38;140;131;126;127;137;128;7,,0.487167,38;140;131;126;127;137;128;7,290;556;539;529;531;550;532,5.10254,8.20999,8.92841,8.92841,834_3527,23,0,23,11.2048
2264,2,38,7,3,transit,AM,0,8.92841,8209.99,289;494;418;392;404;448;411,38;107;69;56;62;84;66;7,,0.0558212,38;107;69;56;62;84;66;7,289;494;418;392;404;448;411,5.10254,8.20999,8.92841,8.92841,489_2856,23,0,23,1.28389
2265,1,38,7,2,transit,AM,0,8.92841,8209.99,288;492;416;390;402;446;409,38;106;68;55;61;83;65;7,,0.0685305,38;106;68;55;61;83;65;7,288;492;416;390;402;446;409,5.10254,8.20999,8.92841,8.92841,483_2843,23,0,23,1.5762
2266,0,38,7,1,transit,AM,0,8.92841,8209.99,287;490;414;388;400;444;407,38;105;67;54;60;82;64;7,,0.130831,38;105;67;54;60;82;64;7,287;490;414;388;400;444;407,5.10254,8.20999,8.92841,8.92841,477_2830,23,0,23,3.00911
2267,1,38,8,2,transit,AM,0,31.8536,29727.2,297;1012;1010;992;1026;1004;998;988;1014;981,38;375;374;365;382;371;368;363;376;359;8,,0.611519,38;375;374;365;382;371;368;363;376;359;8,297;1012;1010;992;1026;1004;998;988;1014;981,18.4756,29.7272,31.8536,31.8536,3379_9322,1,0,1,0.611519
2268,0,38,8,1,transit,AM,0,31.8536,29727.2,291;591;589;581;597;587;583;576;593;569,38;158;157;153;161;156;154;150;159;147;8,,0.388481,38;158;157;153;161;156;154;150;159;147;8,291;591;589;581;597;587;583;576;593;569,18.4756,29.7272,31.8536,31.8536,1441_5557,1,0,1,0.388481
2269,0,38,9,1,transit,AM,0,78.0679,73103,297;1012;1010;992;1026;1004;998;988;1014;982;1002;1016;1020;996;1024;1008;984,38;375;374;365;382;371;368;363;376;359;370;377;379;367;381;373;361;9,,1,38;375;374;365;382;371;368;363;376;359;370;377;379;367;381;373;361;9,297;1012;1010;992;1026;1004;998;988;1014;982;1002;1016;1020;996;1024;1008;984,45.4338,73.103,78.0679,78.0679,5988_16373,1,0,1,1
2270,3,38,11,4,transit,AM,0,1.07621,840.076,290;556;538,38;140;131;11,,0.487167,38;140;131;11,290;556;538,0.522111,0.840076,1.07621,1.07621,320_1384,3,0,3,1.4615
2271,5,38,11,6,transit,AM,0,1.07621,840.076,296;958;919,38;347;327;11,,0.233704,38;347;327;11,296;958;919,0.522111,0.840076,1.07621,1.07621,723_2173,3,0,3,0.701111
2272,4,38,11,5,transit,AM,0,1.07621,840.076,295;956;917,38;346;326;11,,0.0239468,38;346;326;11,295;956;917,0.522111,0.840076,1.07621,1.07621,721_2168,3,0,3,0.0718403
2273,1,38,11,2,transit,AM,0,1.07621,840.076,288;492;415,38;106;68;11,,0.0685305,38;106;68;11,288;492;415,0.522111,0.840076,1.07621,1.07621,223_1195,3,0,3,0.205592
2274,2,38,11,3,transit,AM,0,1.07621,840.076,289;494;417,38;107;69;11,,0.0558212,38;107;69;11,289;494;417,0.522111,0.840076,1.07621,1.07621,225_1200,3,0,3,0.167464
2275,0,38,11,1,transit,AM,0,1.07621,840.076,287;490;413,38;105;67;11,,0.130831,38;105;67;11,287;490;413,0.522111,0.840076,1.07621,1.07621,221_1190,3,0,3,0.392493
2276,2,38,12,3,transit,AM,0,14.2287,13184.7,289;494;418;392;404;448;412;436;423,38;107;69;56;62;84;66;78;72;12,,0.0558212,38;107;69;56;62;84;66;78;72;12,289;494;418;392;404;448;412;436;423,8.19435,13.1847,14.2287,14.2287,644_3716,5,0,5,0.279106
2277,1,38,12,2,transit,AM,0,14.2287,13184.7,288;492;416;390;402;446;410;434;421,38;106;68;55;61;83;65;77;71;12,,0.143564,38;106;68;55;61;83;65;77;71;12,288;492;416;390;402;446;410;434;421,8.19435,13.1847,14.2287,14.2287,636_3699,5,0,5,0.717818
2278,0,38,12,1,transit,AM,0,14.2287,13184.7,287;490;414;388;400;444;408;432;419,38;105;67;54;60;82;64;76;70;12,,0.800615,38;105;67;54;60;82;64;76;70;12,287;490;414;388;400;444;408;432;419,8.19435,13.1847,14.2287,14.2287,628_3682,5,0,5,4.00308
2279,1,38,13,2,transit,AM,0,22.4408,20892.5,297;1012;1010;992;1026;1004;998;987,38;375;374;365;382;371;368;363;13,,0.611519,38;375;374;365;382;371;368;363;13,297;1012;1010;992;1026;1004;998;987,12.9848,20.8925,22.4408,22.4408,2649_7326,6,0,6,3.66911
2280,0,38,13,1,transit,AM,0,22.4408,20892.5,291;591;589;581;597;587;583;575,38;158;157;153;161;156;154;150;13,,0.388481,38;158;157;153;161;156;154;150;13,291;591;589;581;597;587;583;575,12.9848,20.8925,22.4408,22.4408,1140_4394,6,0,6,2.33089
2281,2,38,14,3,transit,AM,0,46.541,43512.7,293;715;682;658;745;604;616;676;721;694;670;739;704;645,38;222;205;193;237;165;171;202;225;211;199;234;216;187;14,,0.800639,38;222;205;193;237;165;171;202;225;211;199;234;216;187;14,293;715;682;658;745;604;616;676;721;694;670;739;704;645,27.0433,43.5127,46.541,46.541,2719_9162,7,0,7,5.60447
2282,1,38,14,2,transit,AM,0,46.541,43512.7,294;717;684;660;747;606;618;678;723;696;672;741;706;647,38;223;206;194;238;166;172;203;226;212;200;235;217;188;14,,0.0685305,38;223;206;194;238;166;172;203;226;212;200;235;217;188;14,294;717;684;660;747;606;618;678;723;696;672;741;706;647,27.0433,43.5127,46.541,46.541,2732_9189,7,0,7,0.479714
2283,0,38,14,1,transit,AM,0,46.541,43512.7,292;713;680;656;743;602;614;674;719;692;668;737;702;643,38;221;204;192;236;164;170;201;224;210;198;233;215;186;14,,0.130831,38;221;204;192;236;164;170;201;224;210;198;233;215;186;14,292;713;680;656;743;602;614;674;719;692;668;737;702;643,27.0433,43.5127,46.541,46.541,2706_9135,7,0,7,0.915817
2284,4,38,15,5,transit,AM,0,11.6492,10763.7,295;956;918;900;904;938;908;925,38;346;326;317;319;337;321;330;15,,0.0239468,38;346;326;317;319;337;321;330;15,295;956;918;900;904;938;908;925,6.68969,10.7637,11.6492,11.6492,2349_6744,14,0,14,0.335255
2285,5,38,15,6,transit,AM,0,11.6492,10763.7,296;958;920;902;906;940;910;926,38;347;327;318;320;338;322;331;15,,0.233704,38;347;327;318;320;338;322;331;15,296;958;920;902;906;940;910;926,6.68969,10.7637,11.6492,11.6492,2356_6758,14,0,14,3.27185
2286,3,38,15,4,transit,AM,0,11.6492,10763.7,290;556;539;529;531;550;533;542,38;140;131;126;127;137;128;133;15,,0.487167,38;140;131;126;127;137;128;133;15,290;556;539;529;531;550;533;542,6.68969,10.7637,11.6492,11.6492,975_4070,14,0,14,6.82034
2287,2,38,15,3,transit,AM,0,11.6492,10763.7,289;494;418;392;404;448;412;435,38;107;69;56;62;84;66;78;15,,0.0558212,38;107;69;56;62;84;66;78;15,289;494;418;392;404;448;412;435,6.68969,10.7637,11.6492,11.6492,575_3292,14,0,14,0.781497
2288,1,38,15,2,transit,AM,0,11.6492,10763.7,288;492;416;390;402;446;410;433,38;106;68;55;61;83;65;77;15,,0.0685305,38;106;68;55;61;83;65;77;15,288;492;416;390;402;446;410;433,6.68969,10.7637,11.6492,11.6492,568_3277,14,0,14,0.959427
2289,0,38,15,1,transit,AM,0,11.6492,10763.7,287;490;414;388;400;444;408;431,38;105;67;54;60;82;64;76;15,,0.130831,38;105;67;54;60;82;64;76;15,287;490;414;388;400;444;408;431,6.68969,10.7637,11.6492,11.6492,561_3262,14,0,14,1.83163
2290,0,38,16,1,transit,AM,0,21.4118,19926.8,299;1112;1106;1098;1122;1076;1080;1102;1084;1093,38;425;422;418;430;407;409;420;411;416;16,,1,38;425;422;418;430;407;409;420;411;416;16,299;1112;1106;1098;1122;1076;1080;1102;1084;1093,12.3846,19.9268,21.4118,21.4118,3812_10172,12,0,12,12
2291,0,38,17,1,transit,AM,0,29.7649,27766.8,299;1112;1106;1098;1122;1076;1080;1102;1084;1094;1108;1110;1095,38;425;422;418;430;407;409;420;411;416;423;424;417;17,,1,38;425;422;418;430;407;409;420;411;416;423;424;417;17,299;1112;1106;1098;1122;1076;1080;1102;1084;1094;1108;1110;1095,17.2572,27.7668,29.7649,29.7649,5077_13486,7,0,7,7
2292,0,38,18,1,transit,AM,0,53.2524,49811.8,291;591;589;581;597;587;583;576;593;570;572;595;579,38;158;157;153;161;156;154;150;159;147;148;160;152;18,,1,38;158;157;153;161;156;154;150;159;147;148;160;152;18,291;591;589;581;597;587;583;576;593;570;572;595;579,30.9582,49.8118,53.2524,53.2524,1911_7304,5,0,5,5
2293,4,38,19,4,transit,AM,0,1.57566,1308.85,294;717;684;659,38;223;206;194;19,,0.25765,38;223;206;194;19,294;717;684;659,0.813457,1.30885,1.57566,1.57566,680_2354,2,0,2,0.515301
2294,2,38,19,3,transit,AM,0,1.57566,1308.85,297;1012;1010;991,38;375;374;365;19,,0.0558212,38;375;374;365;19,297;1012;1010;991,0.813457,1.30885,1.57566,1.57566,1171_3310,2,0,2,0.111642
2295,1,38,19,2,transit,AM,0,1.57566,1308.85,293;715;682;657,38;222;205;193;19,,0.555697,38;222;205;193;19,293;715;682;657,0.813457,1.30885,1.57566,1.57566,677_2347,2,0,2,1.11139
2296,0,38,19,1,transit,AM,0,1.57566,1308.85,291;591;589;580,38;158;157;153;19,,0.130831,38;158;157;153;19,291;591;589;580,0.813457,1.30885,1.57566,1.57566,525_2051,2,0,2,0.261662
2297,0,38,20,1,transit,AM,0,53.6586,50193,297;1012;1010;992;1026;1004;998;988;1014;982;1002;1016;1020;995,38;375;374;365;382;371;368;363;376;359;370;377;379;367;20,,1,38;375;374;365;382;371;368;363;376;359;370;377;379;367;20,297;1012;1010;992;1026;1004;998;988;1014;982;1002;1016;1020;995,31.1951,50.193,53.6586,53.6586,4884_13356,2,0,2,2
2298,1,38,21,2,transit,AM,0,18.8472,17519.6,297;1012;1010;992;1026;1004;997,38;375;374;365;382;371;368;21,,0.611519,38;375;374;365;382;371;368;21,297;1012;1010;992;1026;1004;997,10.8885,17.5196,18.8472,18.8472,2294_6338,7,0,7,4.28063
2299,0,38,21,1,transit,AM,0,18.8472,17519.6,291;591;589;581;597;587;582,38;158;157;153;161;156;154;21,,0.388481,38;158;157;153;161;156;154;21,291;591;589;581;597;587;582,10.8885,17.5196,18.8472,18.8472,998_3818,7,0,7,2.71937
2300,5,38,22,6,transit,AM,0,7.0396,6437.19,296;958;920;902;906;939,38;347;327;318;320;338;22,,0.233704,38;347;327;318;320;338;22,296;958;920;902;906;939,4.00074,6.43719,7.0396,7.0396,1710_4921,14,0,14,3.27185
2301,3,38,22,4,transit,AM,0,7.0396,6437.19,290;556;539;529;531;549,38;140;131;126;127;137;22,,0.487167,38;140;131;126;127;137;22,290;556;539;529;531;549,4.00074,6.43719,7.0396,7.0396,721_2994,14,0,14,6.82034
2302,2,38,22,3,transit,AM,0,7.0396,6437.19,289;494;418;392;404;447,38;107;69;56;62;84;22,,0.0558212,38;107;69;56;62;84;22,289;494;418;392;404;447,4.00074,6.43719,7.0396,7.0396,438_2444,14,0,14,0.781497
2303,4,38,22,5,transit,AM,0,7.0396,6437.19,295;956;918;900;904;937,38;346;326;317;319;337;22,,0.0239468,38;346;326;317;319;337;22,295;956;918;900;904;937,4.00074,6.43719,7.0396,7.0396,1705_4910,14,0,14,0.335255
2304,1,38,22,2,transit,AM,0,7.0396,6437.19,288;492;416;390;402;445,38;106;68;55;61;83;22,,0.0685305,38;106;68;55;61;83;22,288;492;416;390;402;445,4.00074,6.43719,7.0396,7.0396,433_2433,14,0,14,0.959427
2305,0,38,22,1,transit,AM,0,7.0396,6437.19,287;490;414;388;400;443,38;105;67;54;60;82;22,,0.130831,38;105;67;54;60;82;22,287;490;414;388;400;443,4.00074,6.43719,7.0396,7.0396,428_2422,14,0,14,1.83163
2306,0,38,23,1,transit,AM,0,36.7615,34333.7,297;1012;1010;992;1026;1004;998;988;1014;982;1001,38;375;374;365;382;371;368;363;376;359;370;23,,1,38;375;374;365;382;371;368;363;376;359;370;23,297;1012;1010;992;1026;1004;998;988;1014;982;1001,21.3385,34.3337,36.7615,36.7615,3764_10324,7,0,7,7
2307,8,38,24,3,transit,AM,0,32.1742,30028.2,294;717;684;660;747;606;618;678;723;696;671,38;223;206;194;238;166;172;203;226;212;200;24,,0,38;223;206;194;238;166;172;203;226;212;200;24,294;717;684;660;747;606;618;678;723;696;671,18.6626,30.0282,32.1742,32.1742,2102_7094,2,0,2,0
2308,1,38,24,2,transit,AM,0,32.1742,30028.2,293;715;682;658;745;604;616;676;721;694;669,38;222;205;193;237;165;171;202;225;211;199;24,,0.869169,38;222;205;193;237;165;171;202;225;211;199;24,293;715;682;658;745;604;616;676;721;694;669,18.6626,30.0282,32.1742,32.1742,2092_7073,2,0,2,1.73834
2309,0,38,24,1,transit,AM,0,32.1742,30028.2,292;713;680;656;743;602;614;674;719;692;667,38;221;204;192;236;164;170;201;224;210;198;24,,0.130831,38;221;204;192;236;164;170;201;224;210;198;24,292;713;680;656;743;602;614;674;719;692;667,18.6626,30.0282,32.1742,32.1742,2082_7052,2,0,2,0.261662
2310,1,38,25,2,transit,AM,0,14.1631,13123.2,297;1012;1010;992;1026;1003,38;375;374;365;382;371;25,,0.611519,38;375;374;365;382;371;25,297;1012;1010;992;1026;1003,8.15611,13.1232,14.1631,14.1631,1930_5340,7,0,7,4.28063
2311,0,38,25,1,transit,AM,0,14.1631,13123.2,291;591;589;581;597;586,38;158;157;153;161;156;25,,0.388481,38;158;157;153;161;156;25,291;591;589;581;597;586,8.15611,13.1232,14.1631,14.1631,848_3235,7,0,7,2.71937
2312,8,38,26,3,transit,AM,0,16.5035,15319.9,294;717;684;660;747;606;618;677,38;223;206;194;238;166;172;203;26,,0,38;223;206;194;238;166;172;203;26,294;717;684;660;747;606;618;677,9.52136,15.3199,16.5035,16.5035,1466_5003,5,0,5,0
2313,1,38,26,2,transit,AM,0,16.5035,15319.9,293;715;682;658;745;604;616;675,38;222;205;193;237;165;171;202;26,,0.869169,38;222;205;193;237;165;171;202;26,293;715;682;658;745;604;616;675,9.52136,15.3199,16.5035,16.5035,1459_4988,5,0,5,4.34585
2314,0,38,26,1,transit,AM,0,16.5035,15319.9,292;713;680;656;743;602;614;673,38;221;204;192;236;164;170;201;26,,0.130831,38;221;204;192;236;164;170;201;26,292;713;680;656;743;602;614;673,9.52136,15.3199,16.5035,16.5035,1452_4973,5,0,5,0.654155
2315,0,38,27,1,transit,AM,0,26.8674,25047.2,298;1063;1040;1030;1034;1052;1038;1044;1042;1072;1067;1069;1055,38;401;389;384;386;395;388;391;390;405;403;404;397;27,,1,38;401;389;384;386;395;388;391;390;405;403;404;397;27,298;1063;1040;1030;1034;1052;1038;1044;1042;1072;1067;1069;1055,15.5669,25.0472,26.8674,26.8674,4798_12904,3,0,3,3
2316,4,38,29,4,transit,AM,0,0.97421,744.34,294;717;683,38;223;206;29,,0.25765,38;223;206;29,294;717;683,0.462611,0.74434,0.97421,0.97421,496_1694,3,0,3,0.772951
2317,2,38,29,3,transit,AM,0,0.97421,744.34,297;1012;1009,38;375;374;29,,0.0558212,38;375;374;29,297;1012;1009,0.462611,0.74434,0.97421,0.97421,816_2318,3,0,3,0.167464
2318,1,38,29,2,transit,AM,0,0.97421,744.34,293;715;681,38;222;205;29,,0.555697,38;222;205;29,293;715;681,0.462611,0.74434,0.97421,0.97421,494_1689,3,0,3,1.66709
2319,0,38,29,1,transit,AM,0,0.97421,744.34,291;591;588,38;158;157;29,,0.130831,38;158;157;29,291;591;588,0.462611,0.74434,0.97421,0.97421,382_1470,3,0,3,0.392493
2320,8,38,35,3,transit,AM,0,40.6157,37951.3,294;717;684;660;747;606;618;678;723;696;672;741;705,38;223;206;194;238;166;172;203;226;212;200;235;217;35,,0,38;223;206;194;238;166;172;203;226;212;200;235;217;35,294;717;684;660;747;606;618;678;723;696;672;741;705,23.5869,37.9513,40.6157,40.6157,2565_8541,6,0,6,0
2321,1,38,35,2,transit,AM,0,40.6157,37951.3,293;715;682;658;745;604;616;676;721;694;670;739;703,38;222;205;193;237;165;171;202;225;211;199;234;216;35,,0.869169,38;222;205;193;237;165;171;202;225;211;199;234;216;35,293;715;682;658;745;604;616;676;721;694;670;739;703,23.5869,37.9513,40.6157,40.6157,2553_8516,6,0,6,5.21501
2322,0,38,35,1,transit,AM,0,40.6157,37951.3,292;713;680;656;743;602;614;674;719;692;668;737;701,38;221;204;192;236;164;170;201;224;210;198;233;215;35,,0.130831,38;221;204;192;236;164;170;201;224;210;198;233;215;35,292;713;680;656;743;602;614;674;719;692;668;737;701,23.5869,37.9513,40.6157,40.6157,2541_8491,6,0,6,0.784986
2323,2,38,36,3,transit,AM,0,57.7946,54075.1,293;715;682;658;745;604;616;676;721;694;670;739;704;646;688;708,38;222;205;193;237;165;171;202;225;211;199;234;216;187;208;219;36,,0.800639,38;222;205;193;237;165;171;202;225;211;199;234;216;187;208;219;36,293;715;682;658;745;604;616;676;721;694;670;739;704;646;688;708,33.6079,54.0751,57.7946,57.7946,3168_10559,6,0,6,4.80383
2324,1,38,36,2,transit,AM,0,57.7946,54075.1,294;717;684;660;747;606;618;678;723;696;672;741;706;648;690;710,38;223;206;194;238;166;172;203;226;212;200;235;217;188;209;220;36,,0.0685305,38;223;206;194;238;166;172;203;226;212;200;235;217;188;209;220;36,294;717;684;660;747;606;618;678;723;696;672;741;706;648;690;710,33.6079,54.0751,57.7946,57.7946,3183_10590,6,0,6,0.411183
2325,0,38,36,1,transit,AM,0,57.7946,54075.1,292;713;680;656;743;602;614;674;719;692;668;737;702;644;686;707,38;221;204;192;236;164;170;201;224;210;198;233;215;186;207;218;36,,0.130831,38;221;204;192;236;164;170;201;224;210;198;233;215;186;207;218;36,292;713;680;656;743;602;614;674;719;692;668;737;702;644;686;707,33.6079,54.0751,57.7946,57.7946,3153_10529,6,0,6,0.784986
2326,0,38,37,1,transit,AM,0,26.6076,24803.4,299;1112;1106;1098;1122;1076;1080;1102;1084;1094;1108;1109,38;425;422;418;430;407;409;420;411;416;423;424;37,,1,38;425;422;418;430;407;409;420;411;416;423;424;37,299;1112;1106;1098;1122;1076;1080;1102;1084;1094;1108;1109,15.4154,24.8034,26.6076,26.6076,4680_12390,1,0,1,1
2327,0,38,39,1,transit,AM,0,33.4093,31187.4,299;1112;1106;1098;1122;1076;1080;1102;1084;1094;1108;1110;1096;1113,38;425;422;418;430;407;409;420;411;416;423;424;417;426;39,,1,38;425;422;418;430;407;409;420;411;416;423;424;417;426;39,299;1112;1106;1098;1122;1076;1080;1102;1084;1094;1108;1110;1096;1113,19.3831,31.1874,33.4093,33.4093,5525_14600,6,0,6,6
2328,8,38,40,3,transit,AM,0,18.9103,17578.9,294;717;684;660;747;606;618;678;722,38;223;206;194;238;166;172;203;226;40,,0,38;223;206;194;238;166;172;203;226;40,294;717;684;660;747;606;618;678;722,10.9254,17.5789,18.9103,18.9103,1706_5726,4,0,4,0
2329,1,38,40,2,transit,AM,0,18.9103,17578.9,293;715;682;658;745;604;616;676;720,38;222;205;193;237;165;171;202;225;40,,0.869169,38;222;205;193;237;165;171;202;225;40,293;715;682;658;745;604;616;676;720,10.9254,17.5789,18.9103,18.9103,1698_5709,4,0,4,3.47668
2330,0,38,40,1,transit,AM,0,18.9103,17578.9,292;713;680;656;743;602;614;674;718,38;221;204;192;236;164;170;201;224;40,,0.130831,38;221;204;192;236;164;170;201;224;40,292;713;680;656;743;602;614;674;718,10.9254,17.5789,18.9103,18.9103,1690_5692,4,0,4,0.523324
2331,1,38,41,2,transit,AM,0,27.4952,25636.5,297;1012;1010;992;1026;1004;998;988;1013,38;375;374;365;382;371;368;363;376;41,,0.611519,38;375;374;365;382;371;368;363;376;41,297;1012;1010;992;1026;1004;998;988;1013,15.9332,25.6365,27.4952,27.4952,3053_8340,5,0,5,3.05759
2332,0,38,41,1,transit,AM,0,27.4952,25636.5,291;591;589;581;597;587;583;576;592,38;158;157;153;161;156;154;150;159;41,,0.388481,38;158;157;153;161;156;154;150;159;41,291;591;589;581;597;587;583;576;592,15.9332,25.6365,27.4952,27.4952,1327_4987,5,0,5,1.94241
2333,2,38,42,3,transit,AM,0,21.487,19997.2,289;494;418;392;404;448;412;436;424;515;505,38;107;69;56;62;84;66;78;72;119;113;42,,0.0558212,38;107;69;56;62;84;66;78;72;119;113;42,289;494;418;392;404;448;412;436;424;515;505,12.4283,19.9972,21.487,21.487,906_4737,6,0,6,0.334927
2334,1,38,42,2,transit,AM,0,21.487,19997.2,288;492;416;390;402;446;410;434;422;513;503,38;106;68;55;61;83;65;77;71;118;112;42,,0.143564,38;106;68;55;61;83;65;77;71;118;112;42,288;492;416;390;402;446;410;434;422;513;503,12.4283,19.9972,21.487,21.487,896_4716,6,0,6,0.861382
2335,0,38,42,1,transit,AM,0,21.487,19997.2,287;490;414;388;400;444;408;432;420;511;501,38;105;67;54;60;82;64;76;70;117;111;42,,0.800615,38;105;67;54;60;82;64;76;70;117;111;42,287;490;414;388;400;444;408;432;420;511;501,12.4283,19.9972,21.487,21.487,886_4695,6,0,6,4.80369
2336,2,38,43,3,transit,AM,0,24.934,23232.5,289;494;418;392;404;448;412;436;424;515;506;509,38;107;69;56;62;84;66;78;72;119;113;116;43,,0.0558212,38;107;69;56;62;84;66;78;72;119;113;116;43,289;494;418;392;404;448;412;436;424;515;506;509,14.4391,23.2325,24.934,24.934,1023_5247,21,0,21,1.17225
2337,1,38,43,2,transit,AM,0,24.934,23232.5,288;492;416;390;402;446;410;434;422;513;504;508,38;106;68;55;61;83;65;77;71;118;112;115;43,,0.143564,38;106;68;55;61;83;65;77;71;118;112;115;43,288;492;416;390;402;446;410;434;422;513;504;508,14.4391,23.2325,24.934,24.934,1012_5225,21,0,21,3.01484
2338,0,38,43,1,transit,AM,0,24.934,23232.5,287;490;414;388;400;444;408;432;420;511;502;507,38;105;67;54;60;82;64;76;70;117;111;114;43,,0.800615,38;105;67;54;60;82;64;76;70;117;111;114;43,287;490;414;388;400;444;408;432;420;511;502;507,14.4391,23.2325,24.934,24.934,1001_5203,21,0,21,16.8129
2339,2,38,45,3,transit,AM,0,17.3827,16145,289;494;418;392;404;448;412;436;424;514,38;107;69;56;62;84;66;78;72;119;45,,0.0558212,38;107;69;56;62;84;66;78;72;119;45,289;494;418;392;404;448;412;436;424;514,10.0342,16.145,17.3827,17.3827,796_4231,5,0,5,0.279106
2340,1,38,45,2,transit,AM,0,17.3827,16145,288;492;416;390;402;446;410;434;422;512,38;106;68;55;61;83;65;77;71;118;45,,0.143564,38;106;68;55;61;83;65;77;71;118;45,288;492;416;390;402;446;410;434;422;512,10.0342,16.145,17.3827,17.3827,787_4212,5,0,5,0.717818
2341,0,38,45,1,transit,AM,0,17.3827,16145,287;490;414;388;400;444;408;432;420;510,38;105;67;54;60;82;64;76;70;117;45,,0.800615,38;105;67;54;60;82;64;76;70;117;45,287;490;414;388;400;444;408;432;420;510,10.0342,16.145,17.3827,17.3827,778_4193,5,0,5,4.00308
2342,0,38,46,1,transit,AM,0,48.1762,45047.3,297;1012;1010;992;1026;1004;998;988;1014;982;1002;1016;1019,38;375;374;365;382;371;368;363;376;359;370;377;379;46,,1,38;375;374;365;382;371;368;363;376;359;370;377;379;46,297;1012;1010;992;1026;1004;998;988;1014;982;1002;1016;1019,27.9971,45.0473,48.1762,48.1762,4543_12360,1,0,1,1
2343,0,38,47,1,transit,AM,0,61.0747,57153.6,297;1012;1010;992;1026;1004;998;988;1014;982;1002;1016;1020;996;1023,38;375;374;365;382;371;368;363;376;359;370;377;379;367;381;47,,1,38;375;374;365;382;371;368;363;376;359;370;377;379;367;381;47,297;1012;1010;992;1026;1004;998;988;1014;982;1002;1016;1020;996;1023,35.5212,57.1536,61.0747,61.0747,5292_14380,1,0,1,1
2344,8,38,48,3,transit,AM,0,37.7303,35243.1,294;717;684;660;747;606;618;678;723;696;672;740,38;223;206;194;238;166;172;203;226;212;200;235;48,,0,38;223;206;194;238;166;172;203;226;212;200;235;48,294;717;684;660;747;606;618;678;723;696;672;740,21.9037,35.2431,37.7303,37.7303,2361_7835,7,0,7,0
2345,1,38,48,2,transit,AM,0,37.7303,35243.1,293;715;682;658;745;604;616;676;721;694;670;738,38;222;205;193;237;165;171;202;225;211;199;234;48,,0.869169,38;222;205;193;237;165;171;202;225;211;199;234;48,293;715;682;658;745;604;616;676;721;694;670;738,21.9037,35.2431,37.7303,37.7303,2350_7812,7,0,7,6.08418
2346,0,38,48,1,transit,AM,0,37.7303,35243.1,292;713;680;656;743;602;614;674;719;692;668;736,38;221;204;192;236;164;170;201;224;210;198;233;48,,0.130831,38;221;204;192;236;164;170;201;224;210;198;233;48,292;713;680;656;743;602;614;674;719;692;668;736,21.9037,35.2431,37.7303,37.7303,2339_7789,7,0,7,0.915817
2347,0,38,49,1,transit,AM,0,50.5196,47246.7,291;591;589;581;597;587;583;576;593;570;572;594,38;158;157;153;161;156;154;150;159;147;148;160;49,,1,38;158;157;153;161;156;154;150;159;147;148;160;49,291;591;589;581;597;587;583;576;593;570;572;594,29.364,47.2467,50.5196,50.5196,1790_6724,1,0,1,1
2348,8,38,50,4,transit,AM,0,11.2237,10364.3,294;717;684;660;746,38;223;206;194;238;50,,0,38;223;206;194;238;50,294;717;684;660;746,6.44147,10.3643,11.2237,11.2237,949_3101,11,0,11,0
2349,2,38,50,3,transit,AM,0,11.2237,10364.3,297;1012;1010;992;1025,38;375;374;365;382;50,,0.0558212,38;375;374;365;382;50,297;1012;1010;992;1025,6.44147,10.3643,11.2237,11.2237,1584_4336,11,0,11,0.614033
2350,1,38,50,2,transit,AM,0,11.2237,10364.3,293;715;682;658;744,38;222;205;193;237;50,,0.555697,38;222;205;193;237;50,293;715;682;658;744,6.44147,10.3643,11.2237,11.2237,945_3092,11,0,11,6.11267
2351,0,38,50,1,transit,AM,0,11.2237,10364.3,291;591;589;581;596,38;158;157;153;161;50,,0.388481,38;158;157;153;161;50,291;591;589;581;596,6.44147,10.3643,11.2237,11.2237,717_2648,11,0,11,4.27329
2352,0,39,1,1,transit,AM,0,20.1858,18776.1,303;890;872;888;886;870;863;882;861;858,39;312;303;311;310;302;298;308;297;296;1,,1,39;312;303;311;310;302;298;308;297;296;1,303;890;872;888;886;870;863;882;861;858,11.6694,18.7761,20.1858,20.1858,2777_8173,19,0,19,19
2353,0,39,2,1,transit,AM,0,36.0522,33667.9,304;1065;1048;1061;1059;1046;1036;1054;1032;1028;1074;1050;1057;1063;1040;1029,39;402;393;400;399;392;387;396;385;383;406;394;398;401;389;384;2,,1,39;402;393;400;399;392;387;396;385;383;406;394;398;401;389;384;2,304;1065;1048;1061;1059;1046;1036;1054;1032;1028;1074;1050;1057;1063;1040;1029,20.9247,33.6679,36.0521,36.0522,5950_16046,16,0,16,16
2354,0,39,3,1,transit,AM,0,19.5797,18207.2,303;890;872;888;886;870;863;882;860,39;312;303;311;310;302;298;308;297;3,,1,39;312;303;311;310;302;298;308;297;3,303;890;872;888;886;870;863;882;860,11.3158,18.2072,19.5797,19.5797,2483_7314,9,0,9,9
2355,0,39,4,1,transit,AM,0,37.5673,35089.9,304;1065;1048;1061;1059;1046;1036;1054;1032;1028;1074;1050;1057;1063;1040;1030;1033,39;402;393;400;399;392;387;396;385;383;406;394;398;401;389;384;386;4,,1,39;402;393;400;399;392;387;396;385;383;406;394;398;401;389;384;386;4,304;1065;1048;1061;1059;1046;1036;1054;1032;1028;1074;1050;1057;1063;1040;1030;1033,21.8085,35.0899,37.5672,37.5673,6338_17080,31,0,31,31
2356,0,39,6,1,transit,AM,0,14.234,13189.9,303;890;872;888;886;870;862,39;312;303;311;310;302;298;6,,1,39;312;303;311;310;302;298;6,303;890;872;888;886;870;862,8.19756,13.1899,14.234,14.234,1881_5571,9,0,9,9
2357,0,39,8,1,transit,AM,0,38.8136,36259.8,303;890;872;888;886;870;863;882;861;859;880;876;868;892;864,39;312;303;311;310;302;298;308;297;296;307;305;301;313;299;8,,1,39;312;303;311;310;302;298;308;297;296;307;305;301;313;299;8,303;890;872;888;886;870;863;882;861;859;880;876;868;892;864,22.5356,36.2598,38.8136,38.8136,4309_12554,4,0,4,4
2358,0,39,11,1,transit,AM,0,34.2742,31999.2,304;1065;1048;1061;1059;1046;1036;1054;1032;1028;1074;1050;1057;1063;1039,39;402;393;400;399;392;387;396;385;383;406;394;398;401;389;11,,1,39;402;393;400;399;392;387;396;385;383;406;394;398;401;389;11,304;1065;1048;1061;1059;1046;1036;1054;1032;1028;1074;1050;1057;1063;1039,19.8876,31.9992,34.2741,34.2742,5575_15016,34,0,34,34
2359,0,39,12,1,transit,AM,0,47.4267,44343.8,304;1065;1048;1061;1059;1046;1036;1054;1032;1028;1074;1050;1057;1063;1040;1030;1034;1052;1038;1044;1041,39;402;393;400;399;392;387;396;385;383;406;394;398;401;389;384;386;395;388;391;390;12,,1,39;402;393;400;399;392;387;396;385;383;406;394;398;401;389;384;386;395;388;391;390;12,304;1065;1048;1061;1059;1046;1036;1054;1032;1028;1074;1050;1057;1063;1040;1030;1034;1052;1038;1044;1041,27.5598,44.3438,47.4266,47.4267,7910_21256,1,0,1,1
2360,0,39,13,1,transit,AM,0,29.4008,27425.1,303;890;872;888;886;870;863;882;861;859;880;876;867,39;312;303;311;310;302;298;308;297;296;307;305;301;13,,1,39;312;303;311;310;302;298;308;297;296;307;305;301;13,303;890;872;888;886;870;863;882;861;859;880;876;867,17.0448,27.4251,29.4008,29.4008,3702_10797,8,0,8,8
2361,0,39,15,1,transit,AM,0,44.8473,41922.8,304;1065;1048;1061;1059;1046;1036;1054;1032;1028;1074;1050;1057;1063;1040;1030;1034;1052;1038;1043,39;402;393;400;399;392;387;396;385;383;406;394;398;401;389;384;386;395;388;391;15,,1,39;402;393;400;399;392;387;396;385;383;406;394;398;401;389;384;386;395;388;391;15,304;1065;1048;1061;1059;1046;1036;1054;1032;1028;1074;1050;1057;1063;1040;1030;1034;1052;1038;1043,26.0552,41.9228,44.8472,44.8473,7523_20214,6,0,6,6
2362,0,39,16,1,transit,AM,0,12.2087,11289,303;890;872;888;886;869,39;312;303;311;310;302;16,,1,39;312;303;311;310;302;16,303;890;872;888;886;869,7.01613,11.289,12.2087,12.2087,1593_4708,40,0,40,40
2363,0,39,17,1,transit,AM,0,3.85561,3448.91,303;890;871,39;312;303;17,,1,39;312;303;17,303;890;871,2.14351,3.44891,3.85561,3.85561,671_2064,9,0,9,9
2364,0,39,19,1,transit,AM,0,32.0451,29906.9,304;1065;1048;1061;1059;1046;1036;1054;1032;1028;1074;1049,39;402;393;400;399;392;387;396;385;383;406;394;19,,1,39;402;393;400;399;392;387;396;385;383;406;394;19,304;1065;1048;1061;1059;1046;1036;1054;1032;1028;1074;1049,18.5873,29.9069,32.045,32.0451,4395_11856,41,0,41,41
2365,0,39,20,1,transit,AM,0,60.6186,56725.6,303;890;872;888;886;870;863;882;861;859;880;876;868;892;865;878;894;896;873,39;312;303;311;310;302;298;308;297;296;307;305;301;313;299;306;314;315;304;20,,1,39;312;303;311;310;302;298;308;297;296;307;305;301;313;299;306;314;315;304;20,303;890;872;888;886;870;863;882;861;859;880;876;868;892;865;878;894;896;873,35.2552,56.7256,60.6186,60.6186,5560_16096,2,0,2,2
2366,0,39,21,1,transit,AM,0,25.8072,24052.2,303;890;872;888;886;870;863;882;861;859;880;875,39;312;303;311;310;302;298;308;297;296;307;305;21,,1,39;312;303;311;310;302;298;308;297;296;307;305;21,303;890;872;888;886;870;863;882;861;859;880;875,14.9485,24.0522,25.8072,25.8072,3409_9929,10,0,10,10
2367,0,39,22,1,transit,AM,0,40.2376,37596.3,304;1065;1048;1061;1059;1046;1036;1054;1032;1028;1074;1050;1057;1063;1040;1030;1034;1051,39;402;393;400;399;392;387;396;385;383;406;394;398;401;389;384;386;395;22,,1,39;402;393;400;399;392;387;396;385;383;406;394;398;401;389;384;386;395;22,304;1065;1048;1061;1059;1046;1036;1054;1032;1028;1074;1050;1057;1063;1040;1030;1034;1051,23.3662,37.5963,40.2375,40.2376,6751_18132,4,0,4,4
2368,0,39,23,1,transit,AM,0,43.7215,40866.3,303;890;872;888;886;870;863;882;861;859;880;876;868;892;865;877,39;312;303;311;310;302;298;308;297;296;307;305;301;313;299;306;23,,1,39;312;303;311;310;302;298;308;297;296;307;305;301;313;299;306;23,303;890;872;888;886;870;863;882;861;859;880;876;868;892;865;877,25.3985,40.8663,43.7215,43.7215,4630_13432,1,0,1,1
2369,0,39,25,1,transit,AM,0,21.1231,19655.8,303;890;872;888;886;870;863;882;861;859;879,39;312;303;311;310;302;298;308;297;296;307;25,,1,39;312;303;311;310;302;298;308;297;296;307;25,303;890;872;888;886;870;863;882;861;859;879,12.2162,19.6558,21.1231,21.1231,3108_9053,3,0,3,3
2370,0,39,26,1,transit,AM,0,17.1171,15895.9,303;890;872;888;886;870;863;881,39;312;303;311;310;302;298;308;26,,1,39;312;303;311;310;302;298;308;26,303;890;872;888;886;870;863;881,9.87936,15.8959,17.1171,17.1171,2209_6453,16,0,16,16
2371,0,39,27,1,transit,AM,0,60.0654,56206.2,304;1065;1048;1061;1059;1046;1036;1054;1032;1028;1074;1050;1057;1063;1040;1030;1034;1052;1038;1044;1042;1072;1067;1069;1055,39;402;393;400;399;392;387;396;385;383;406;394;398;401;389;384;386;395;388;391;390;405;403;404;397;27,,1,39;402;393;400;399;392;387;396;385;383;406;394;398;401;389;384;386;395;388;391;390;405;403;404;397;27,304;1065;1048;1061;1059;1046;1036;1054;1032;1028;1074;1050;1057;1063;1040;1030;1034;1052;1038;1044;1042;1072;1067;1069;1055,34.9324,56.2062,60.0653,60.0654,9534_25520,3,0,3,3
2372,0,39,29,1,transit,AM,0,32.6465,30471.4,304;1065;1048;1061;1059;1046;1036;1054;1032;1028;1074;1050;1056,39;402;393;400;399;392;387;396;385;383;406;394;398;29,,1,39;402;393;400;399;392;387;396;385;383;406;394;398;29,304;1065;1048;1061;1059;1046;1036;1054;1032;1028;1074;1050;1056,18.9381,30.4714,32.6464,32.6465,4803_12913,39,0,39,39
2373,0,39,30,1,transit,AM,0,10.6933,9866.65,303;890;872;888;885,39;312;303;311;310;30,,1,39;312;303;311;310;30,303;890;872;888;885,6.13216,9.86665,10.6933,10.6933,1305_3838,2,0,2,2
2374,0,39,37,1,transit,AM,0,7.01294,6412.31,303;890;872;887,39;312;303;311;37,,1,39;312;303;311;37,303;890;872;887,3.98528,6.41231,7.01294,7.01294,1002_2952,7,0,7,7
2375,0,39,38,1,transit,AM,0,33.4094,31187.4,304;1065;1048;1061;1059;1046;1036;1054;1032;1028;1074;1050;1057;1062,39;402;393;400;399;392;387;396;385;383;406;394;398;401;38,,1,39;402;393;400;399;392;387;396;385;383;406;394;398;401;38,304;1065;1048;1061;1059;1046;1036;1054;1032;1028;1074;1050;1057;1062,19.3831,31.1874,33.4093,33.4094,5213_13976,37,0,37,37
2376,0,39,41,1,transit,AM,0,34.4552,32169.1,303;890;872;888;886;870;863;882;861;859;880;876;868;891,39;312;303;311;310;302;298;308;297;296;307;305;301;313;41,,1,39;312;303;311;310;302;298;308;297;296;307;305;301;313;41,303;890;872;888;886;870;863;882;861;859;880;876;868;891,19.9932,32.1691,34.4552,34.4552,4043_11689,5,0,5,5
2377,0,39,42,1,transit,AM,0,54.685,51156.3,304;1065;1048;1061;1059;1046;1036;1054;1032;1028;1074;1050;1057;1063;1040;1030;1034;1052;1038;1044;1042;1072;1066,39;402;393;400;399;392;387;396;385;383;406;394;398;401;389;384;386;395;388;391;390;405;403;42,,1,39;402;393;400;399;392;387;396;385;383;406;394;398;401;389;384;386;395;388;391;390;405;403;42,304;1065;1048;1061;1059;1046;1036;1054;1032;1028;1074;1050;1057;1063;1040;1030;1034;1052;1038;1044;1042;1072;1066,31.7938,51.1563,54.6849,54.685,8748_23395,4,0,4,4
2378,0,39,43,1,transit,AM,0,58.132,54391.6,304;1065;1048;1061;1059;1046;1036;1054;1032;1028;1074;1050;1057;1063;1040;1030;1034;1052;1038;1044;1042;1072;1067;1068,39;402;393;400;399;392;387;396;385;383;406;394;398;401;389;384;386;395;388;391;390;405;403;404;43,,1,39;402;393;400;399;392;387;396;385;383;406;394;398;401;389;384;386;395;388;391;390;405;403;404;43,304;1065;1048;1061;1059;1046;1036;1054;1032;1028;1074;1050;1057;1063;1040;1030;1034;1052;1038;1044;1042;1072;1067;1068,33.8046,54.3916,58.1319,58.132,9153_24464,1,0,1,1
2379,0,39,44,1,transit,AM,0,48.7564,45591.9,303;890;872;888;886;870;863;882;861;859;880;876;868;892;865;878;893,39;312;303;311;310;302;298;308;297;296;307;305;301;313;299;306;314;44,,1,39;312;303;311;310;302;298;308;297;296;307;305;301;313;299;306;314;44,303;890;872;888;886;870;863;882;861;859;880;876;868;892;865;878;893,28.3356,45.5919,48.7564,48.7564,4965_14326,1,0,1,1
2380,0,39,45,1,transit,AM,0,50.5807,47304.1,304;1065;1048;1061;1059;1046;1036;1054;1032;1028;1074;1050;1057;1063;1040;1030;1034;1052;1038;1044;1042;1071,39;402;393;400;399;392;387;396;385;383;406;394;398;401;389;384;386;395;388;391;390;405;45,,1,39;402;393;400;399;392;387;396;385;383;406;394;398;401;389;384;386;395;388;391;390;405;45,304;1065;1048;1061;1059;1046;1036;1054;1032;1028;1074;1050;1057;1063;1040;1030;1034;1052;1038;1044;1042;1071,29.3997,47.3041,50.5806,50.5807,8348_22328,3,0,3,3
2381,0,39,50,1,transit,AM,0,22.397,20851.4,304;1065;1048;1061;1059;1046;1036;1054;1032;1028;1073,39;402;393;400;399;392;387;396;385;383;406;50,,1,39;402;393;400;399;392;387;396;385;383;406;50,304;1065;1048;1061;1059;1046;1036;1054;1032;1028;1073,12.9592,20.8514,22.3969,22.397,4032_10806,4,0,4,4
2382,2,40,1,3,transit,AM,0,5.68691,5167.61,308;500;460;398;385,40;110;90;59;53;1,,0.0821884,40;110;90;59;53;1,308;500;460;398;385,3.21169,5.16761,5.68688,5.68691,353_2051,7,0,7,0.575319
2383,1,40,1,2,transit,AM,0,5.68689,5167.61,307;498;458;396;383,40;109;89;58;52;1,,0.143564,40;109;89;58;52;1,307;498;458;396;383,3.21169,5.16761,5.68688,5.68689,349_2042,7,0,7,1.00495
2384,0,40,1,1,transit,AM,0,5.6869,5167.61,306;496;456;394;381,40;108;88;57;51;1,,0.774248,40;108;88;57;51;1,306;496;456;394;381,3.21169,5.16761,5.68688,5.6869,345_2033,7,0,7,5.41974
2385,2,40,2,3,transit,AM,0,21.5532,20059.4,308;500;460;398;386;527;442;466;494;418;391,40;110;90;59;53;125;81;93;107;69;56;2,,0.0821884,40;110;90;59;53;125;81;93;107;69;56;2,308;500;460;398;386;527;442;466;494;418;391,12.467,20.0594,21.5531,21.5532,885_4790,6,0,6,0.49313
2386,1,40,2,2,transit,AM,0,21.5532,20059.4,307;498;458;396;384;525;440;464;492;416;389,40;109;89;58;52;124;80;92;106;68;55;2,,0.143564,40;109;89;58;52;124;80;92;106;68;55;2,307;498;458;396;384;525;440;464;492;416;389,12.467,20.0594,21.5531,21.5532,875_4769,6,0,6,0.861382
2387,0,40,2,1,transit,AM,0,21.5532,20059.4,306;496;456;394;382;523;438;462;490;414;387,40;108;88;57;51;123;79;91;105;67;54;2,,0.774248,40;108;88;57;51;123;79;91;105;67;54;2,306;496;456;394;382;523;438;462;490;414;387,12.467,20.0594,21.5531,21.5532,865_4748,6,0,6,4.64549
2388,2,40,3,3,transit,AM,0,5.08074,4598.68,308;500;460;397,40;110;90;59;3,,0.0821884,40;110;90;59;3,308;500;460;397,2.8581,4.59868,5.08072,5.08074,302_1665,1,0,1,0.0821884
2389,1,40,3,2,transit,AM,0,5.08073,4598.68,307;498;458;395,40;109;89;58;3,,0.143564,40;109;89;58;3,307;498;458;395,2.8581,4.59868,5.08072,5.08073,299_1658,1,0,1,0.143564
2390,0,40,3,1,transit,AM,0,5.08074,4598.68,306;496;456;393,40;108;88;57;3,,0.774248,40;108;88;57;3,306;496;456;393,2.8581,4.59868,5.08072,5.08074,296_1651,1,0,1,0.774248
2391,2,40,4,3,transit,AM,0,23.0683,21481.4,308;500;460;398;386;527;442;466;494;418;392;403,40;110;90;59;53;125;81;93;107;69;56;62;4,,0.0821884,40;110;90;59;53;125;81;93;107;69;56;62;4,308;500;460;398;386;527;442;466;494;418;392;403,13.3508,21.4814,23.0682,23.0683,949_5194,4,0,4,0.328754
2392,1,40,4,2,transit,AM,0,23.0683,21481.4,307;498;458;396;384;525;440;464;492;416;390;401,40;109;89;58;52;124;80;92;106;68;55;61;4,,0.143564,40;109;89;58;52;124;80;92;106;68;55;61;4,307;498;458;396;384;525;440;464;492;416;390;401,13.3508,21.4814,23.0682,23.0683,938_5171,4,0,4,0.574255
2393,0,40,4,1,transit,AM,0,23.0683,21481.4,306;496;456;394;382;523;438;462;490;414;388;399,40;108;88;57;51;123;79;91;105;67;54;60;4,,0.774248,40;108;88;57;51;123;79;91;105;67;54;60;4,306;496;456;394;382;523;438;462;490;414;388;399,13.3508,21.4814,23.0682,23.0683,927_5148,4,0,4,3.09699
2394,2,40,11,3,transit,AM,0,19.7753,18390.6,308;500;460;398;386;527;442;466;494;417,40;110;90;59;53;125;81;93;107;69;11,,0.0821884,40;110;90;59;53;125;81;93;107;69;11,308;500;460;398;386;527;442;466;494;417,11.4299,18.3906,19.7752,19.7753,838_4398,34,0,34,2.79441
2395,1,40,11,2,transit,AM,0,19.7753,18390.6,307;498;458;396;384;525;440;464;492;415,40;109;89;58;52;124;80;92;106;68;11,,0.143564,40;109;89;58;52;124;80;92;106;68;11,307;498;458;396;384;525;440;464;492;415,11.4299,18.3906,19.7752,19.7753,829_4379,34,0,34,4.88117
2396,0,40,11,1,transit,AM,0,19.7753,18390.6,306;496;456;394;382;523;438;462;490;413,40;108;88;57;51;123;79;91;105;67;11,,0.774248,40;108;88;57;51;123;79;91;105;67;11,306;496;456;394;382;523;438;462;490;413,11.4299,18.3906,19.7752,19.7753,820_4360,34,0,34,26.3244
2397,2,40,14,3,transit,AM,0,27.842,25962.1,310;721;694;670;739;704;645,40;225;211;199;234;216;187;14,,0.800639,40;225;211;199;234;216;187;14,310;721;694;670;739;704;645,16.1356,25.9621,27.842,27.842,1326_4483,5,0,5,4.00319
2398,1,40,14,2,transit,AM,0,27.842,25962.1,311;723;696;672;741;706;647,40;226;212;200;235;217;188;14,,0.0685305,40;226;212;200;235;217;188;14,311;723;696;672;741;706;647,16.1356,25.9621,27.842,27.842,1332_4496,5,0,5,0.342653
2399,0,40,14,1,transit,AM,0,27.842,25962.1,309;719;692;668;737;702;643,40;224;210;198;233;215;186;14,,0.130831,40;224;210;198;233;215;186;14,309;719;692;668;737;702;643,16.1356,25.9621,27.842,27.842,1320_4470,5,0,5,0.654155
2400,1,40,15,2,transit,AM,0,30.3483,28314.3,307;498;458;396;384;525;440;464;492;416;390;402;446;410;433,40;109;89;58;52;124;80;92;106;68;55;61;83;65;77;15,,0.143564,40;109;89;58;52;124;80;92;106;68;55;61;83;65;77;15,307;498;458;396;384;525;440;464;492;416;390;402;446;410;433,17.5974,28.3143,30.3482,30.3483,1174_6461,2,0,2,0.287127
2401,2,40,15,3,transit,AM,0,30.3483,28314.3,308;500;460;398;386;527;442;466;494;418;392;404;448;412;435,40;110;90;59;53;125;81;93;107;69;56;62;84;66;78;15,,0.0821884,40;110;90;59;53;125;81;93;107;69;56;62;84;66;78;15,308;500;460;398;386;527;442;466;494;418;392;404;448;412;435,17.5974,28.3143,30.3482,30.3483,1188_6490,2,0,2,0.164377
2402,0,40,15,1,transit,AM,0,30.3483,28314.3,306;496;456;394;382;523;438;462;490;414;388;400;444;408;431,40;108;88;57;51;123;79;91;105;67;54;60;82;64;76;15,,0.774248,40;108;88;57;51;123;79;91;105;67;54;60;82;64;76;15,306;496;456;394;382;523;438;462;490;414;388;400;444;408;431,17.5974,28.3143,30.3482,30.3483,1160_6432,2,0,2,1.5485
2403,2,40,19,3,transit,AM,0,17.5461,16298.4,308;500;460;398;386;527;441,40;110;90;59;53;125;81;19,,0.0821884,40;110;90;59;53;125;81;19,308;500;460;398;386;527;441,10.1295,16.2984,17.546,17.5461,577_3020,94,0,94,7.72571
2404,1,40,19,2,transit,AM,0,17.5461,16298.4,307;498;458;396;384;525;439,40;109;89;58;52;124;80;19,,0.143564,40;109;89;58;52;124;80;19,307;498;458;396;384;525;439,10.1295,16.2984,17.546,17.5461,571_3007,94,0,94,13.495
2405,0,40,19,1,transit,AM,0,17.5461,16298.4,306;496;456;394;382;523;437,40;108;88;57;51;123;79;19,,0.774248,40;108;88;57;51;123;79;19,306;496;456;394;382;523;437,10.1295,16.2984,17.546,17.5461,565_2994,94,0,94,72.7793
2406,2,40,22,3,transit,AM,0,25.7387,23987.8,308;500;460;398;386;527;442;466;494;418;392;404;447,40;110;90;59;53;125;81;93;107;69;56;62;84;22,,0.0821884,40;110;90;59;53;125;81;93;107;69;56;62;84;22,308;500;460;398;386;527;442;466;494;418;392;404;447,14.9085,23.9878,25.7386,25.7387,1051_5642,5,0,5,0.410942
2407,1,40,22,2,transit,AM,0,25.7386,23987.8,307;498;458;396;384;525;440;464;492;416;390;402;445,40;109;89;58;52;124;80;92;106;68;55;61;83;22,,0.143564,40;109;89;58;52;124;80;92;106;68;55;61;83;22,307;498;458;396;384;525;440;464;492;416;390;402;445,14.9085,23.9878,25.7386,25.7386,1039_5617,5,0,5,0.717818
2408,0,40,22,1,transit,AM,0,25.7387,23987.8,306;496;456;394;382;523;438;462;490;414;388;400;443,40;108;88;57;51;123;79;91;105;67;54;60;82;22,,0.774248,40;108;88;57;51;123;79;91;105;67;54;60;82;22,306;496;456;394;382;523;438;462;490;414;388;400;443,14.9085,23.9878,25.7386,25.7387,1027_5592,5,0,5,3.87124
2409,1,40,24,2,transit,AM,0,13.4752,12477.6,310;721;694;669,40;225;211;199;24,,0.869169,40;225;211;199;24,310;721;694;669,7.75488,12.4776,13.4752,13.4752,699_2394,1,0,1,0.869169
2410,0,40,24,1,transit,AM,0,13.4752,12477.6,309;719;692;667,40;224;210;198;24,,0.130831,40;224;210;198;24,309;719;692;667,7.75488,12.4776,13.4752,13.4752,696_2387,1,0,1,0.130831
2411,2,40,26,3,transit,AM,0,2.61817,2287.37,308;500;459,40;110;90;26,,0.0821884,40;110;90;26,308;500;459,1.42161,2.28737,2.61816,2.61817,266_1267,2,0,2,0.164377
2412,1,40,26,2,transit,AM,0,2.61817,2287.37,307;498;457,40;109;89;26,,0.143564,40;109;89;26,307;498;457,1.42161,2.28737,2.61816,2.61817,264_1262,2,0,2,0.287127
2413,0,40,26,1,transit,AM,0,2.61817,2287.37,306;496;455,40;108;88;26,,0.774248,40;108;88;26,306;496;455,1.42161,2.28737,2.61816,2.61817,262_1257,2,0,2,1.5485
2414,2,40,29,3,transit,AM,0,18.1476,16862.9,308;500;460;398;386;527;442;465,40;110;90;59;53;125;81;93;29,,0.0821884,40;110;90;59;53;125;81;93;29,308;500;460;398;386;527;442;465,10.4804,16.8629,18.1475,18.1476,680_3486,60,0,60,4.9313
2415,1,40,29,2,transit,AM,0,18.1475,16862.9,307;498;458;396;384;525;440;463,40;109;89;58;52;124;80;92;29,,0.143564,40;109;89;58;52;124;80;92;29,307;498;458;396;384;525;440;463,10.4804,16.8629,18.1475,18.1475,673_3471,60,0,60,8.61382
2416,0,40,29,1,transit,AM,0,18.1476,16862.9,306;496;456;394;382;523;438;461,40;108;88;57;51;123;79;91;29,,0.774248,40;108;88;57;51;123;79;91;29,306;496;456;394;382;523;438;461,10.4804,16.8629,18.1475,18.1476,666_3456,60,0,60,46.4549
2417,1,40,33,2,transit,AM,0,7.68434,7042.42,310;721;693,40;225;211;33,,0.869169,40;225;211;33,310;721;693,4.37689,7.04242,7.68434,7.68434,509_1724,1,0,1,0.869169
2418,0,40,33,1,transit,AM,0,7.68434,7042.42,309;719;691,40;224;210;33,,0.130831,40;224;210;33,309;719;691,4.37689,7.04242,7.68434,7.68434,507_1719,1,0,1,0.130831
2419,1,40,34,2,transit,AM,0,44.2558,41367.8,311;723;696;672;741;706;648;690;711;699,40;226;212;200;235;217;188;209;220;214;34,,0.0685305,40;226;212;200;235;217;188;209;220;214;34,311;723;696;672;741;706;648;690;711;699,25.7103,41.3678,44.2558,44.2558,1995_6597,1,0,1,0.0685305
2420,0,40,34,1,transit,AM,0,44.2558,41367.8,310;721;694;670;739;704;646;688;709;697,40;225;211;199;234;216;187;208;219;213;34,,0.931469,40;225;211;199;234;216;187;208;219;213;34,310;721;694;670;739;704;646;688;709;697,25.7103,41.3678,44.2558,44.2558,1986_6578,1,0,1,0.93147
2421,2,40,38,3,transit,AM,0,18.9104,17578.9,308;500;460;398;386;527;442;466;493,40;110;90;59;53;125;81;93;107;38,,0.0821884,40;110;90;59;53;125;81;93;107;38,308;500;460;398;386;527;442;466;493,10.9254,17.5789,18.9103,18.9104,796_3980,25,0,25,2.05471
2422,1,40,38,2,transit,AM,0,18.9104,17578.9,307;498;458;396;384;525;440;464;491,40;109;89;58;52;124;80;92;106;38,,0.143564,40;109;89;58;52;124;80;92;106;38,307;498;458;396;384;525;440;464;491,10.9254,17.5789,18.9103,18.9104,788_3963,25,0,25,3.58909
2423,0,40,38,1,transit,AM,0,18.9104,17578.9,306;496;456;394;382;523;438;462;489,40;108;88;57;51;123;79;91;105;38,,0.774248,40;108;88;57;51;123;79;91;105;38,306;496;456;394;382;523;438;462;489,10.9254,17.5789,18.9103,18.9104,780_3946,25,0,25,19.3562
2424,2,40,43,3,transit,AM,0,43.6331,40783.1,308;500;460;398;386;527;442;466;494;418;392;404;448;412;436;424;515;506;509,40;110;90;59;53;125;81;93;107;69;56;62;84;66;78;72;119;113;116;43,,0.0821884,40;110;90;59;53;125;81;93;107;69;56;62;84;66;78;72;119;113;116;43,308;500;460;398;386;527;442;466;494;418;392;404;448;412;436;424;515;506;509,25.3469,40.7831,43.633,43.6331,1636_8445,7,0,7,0.575319
2425,1,40,43,2,transit,AM,0,43.633,40783.1,307;498;458;396;384;525;440;464;492;416;390;402;446;410;434;422;513;504;508,40;109;89;58;52;124;80;92;106;68;55;61;83;65;77;71;118;112;115;43,,0.143564,40;109;89;58;52;124;80;92;106;68;55;61;83;65;77;71;118;112;115;43,307;498;458;396;384;525;440;464;492;416;390;402;446;410;434;422;513;504;508,25.3469,40.7831,43.633,43.633,1618_8409,7,0,7,1.00495
2426,0,40,43,1,transit,AM,0,43.6331,40783.1,306;496;456;394;382;523;438;462;490;414;388;400;444;408;432;420;511;502;507,40;108;88;57;51;123;79;91;105;67;54;60;82;64;76;70;117;111;114;43,,0.774248,40;108;88;57;51;123;79;91;105;67;54;60;82;64;76;70;117;111;114;43,306;496;456;394;382;523;438;462;490;414;388;400;444;408;432;420;511;502;507,25.3469,40.7831,43.633,43.6331,1600_8373,7,0,7,5.41974
2427,1,40,48,2,transit,AM,0,19.0313,17692.5,310;721;694;670;738,40;225;211;199;234;48,,0.869169,40;225;211;199;234;48,310;721;694;670;738,10.996,17.6925,19.0313,19.0313,957_3133,4,0,4,3.47668
2428,0,40,48,1,transit,AM,0,19.0313,17692.5,309;719;692;668;736,40;224;210;198;233;48,,0.130831,40;224;210;198;233;48,309;719;692;668;736,10.996,17.6925,19.0313,19.0313,953_3124,4,0,4,0.523324
2429,2,41,1,3,transit,AM,0,14.4807,13421.3,315;843;780;802;814;753,41;288;255;266;272;242;1,,0.800639,41;288;255;266;272;242;1,315;843;780;802;814;753,8.34138,13.4213,14.4807,14.4807,1365_4307,24,0,24,19.2153
2430,1,41,1,2,transit,AM,0,14.4809,13421.3,316;845;782;804;816;755,41;289;256;267;273;243;1,,0.0685305,41;289;256;267;273;243;1,316;845;782;804;816;755,8.34138,13.4213,14.4807,14.4809,1370_4318,24,0,24,1.64473
2431,0,41,1,1,transit,AM,0,14.4811,13421.3,314;841;778;800;812;751,41;287;254;265;271;241;1,,0.130831,41;287;254;265;271;241;1,314;841;778;800;812;751,8.34138,13.4213,14.4807,14.4811,1360_4296,24,0,24,3.13994
2432,4,41,2,3,transit,AM,0,30.138,28117,318;960;922;934;946;972;928;952;956;918;899,41;348;328;335;341;354;332;344;346;326;317;2,,0.0239468,41;348;328;335;341;354;332;344;346;326;317;2,318;960;922;934;946;972;928;952;956;918;899,17.4748,28.117,30.138,30.138,3414_9705,13,0,13,0.311308
2433,1,41,2,2,transit,AM,0,30.1381,28117,319;962;924;936;948;974;930;954;958;920;901,41;349;329;336;342;355;333;345;347;327;318;2,,0.358055,41;349;329;336;342;355;333;345;347;327;318;2,319;962;924;936;948;974;930;954;958;920;901,17.4748,28.117,30.138,30.1381,3424_9726,13,0,13,4.65472
2434,0,41,2,1,transit,AM,0,30.1381,28117,312;558;541;548;552;562;546;554;556;539;528,41;141;132;136;138;143;135;139;140;131;126;2,,0.617998,41;141;132;136;138;143;135;139;140;131;126;2,312;558;541;548;552;562;546;554;556;539;528,17.4748,28.117,30.138,30.1381,1404_5796,13,0,13,8.03397
2435,2,41,3,3,transit,AM,0,15.0869,13990.2,315;843;780;802;814;754;759,41;288;255;266;272;242;245;3,,0.800639,41;288;255;266;272;242;245;3,315;843;780;802;814;754;759,8.69498,13.9902,15.0869,15.0869,1612_5067,14,0,14,11.2089
2436,1,41,3,2,transit,AM,0,15.087,13990.2,316;845;782;804;816;756;761,41;289;256;267;273;243;246;3,,0.0685305,41;289;256;267;273;243;246;3,316;845;782;804;816;756;761,8.69498,13.9902,15.0869,15.087,1618_5080,14,0,14,0.959427
2437,0,41,3,1,transit,AM,0,15.0873,13990.2,314;841;778;800;812;752;757,41;287;254;265;271;241;244;3,,0.130831,41;287;254;265;271;241;244;3,314;841;778;800;812;752;757,8.69498,13.9902,15.0869,15.0873,1606_5054,14,0,14,1.83163
2438,4,41,4,3,transit,AM,0,31.6531,29539,318;960;922;934;946;972;928;952;956;918;900;903,41;348;328;335;341;354;332;344;346;326;317;319;4,,0.0239468,41;348;328;335;341;354;332;344;346;326;317;319;4,318;960;922;934;946;972;928;952;956;918;900;903,18.3586,29.539,31.6531,31.6531,3735_10609,15,0,15,0.359201
2439,1,41,4,2,transit,AM,0,31.6532,29539,319;962;924;936;948;974;930;954;958;920;902;905,41;349;329;336;342;355;333;345;347;327;318;320;4,,0.358055,41;349;329;336;342;355;333;345;347;327;318;320;4,319;962;924;936;948;974;930;954;958;920;902;905,18.3586,29.539,31.6531,31.6532,3746_10632,15,0,15,5.37083
2440,0,41,4,1,transit,AM,0,31.6532,29539,312;558;541;548;552;562;546;554;556;539;529;530,41;141;132;136;138;143;135;139;140;131;126;127;4,,0.617998,41;141;132;136;138;143;135;139;140;131;126;127;4,312;558;541;548;552;562;546;554;556;539;529;530,18.3586,29.539,31.6531,31.6532,1533_6327,15,0,15,9.26997
2441,4,41,7,3,transit,AM,0,36.2123,33818.1,318;960;922;934;946;972;928;952;956;918;900;904;938;907,41;348;328;335;341;354;332;344;346;326;317;319;337;321;7,,0.0239468,41;348;328;335;341;354;332;344;346;326;317;319;337;321;7,318;960;922;934;946;972;928;952;956;918;900;904;938;907,21.0181,33.8181,36.2122,36.2123,4396_12455,10,0,10,0.239468
2442,1,41,7,2,transit,AM,0,36.2123,33818.1,319;962;924;936;948;974;930;954;958;920;902;906;940;909,41;349;329;336;342;355;333;345;347;327;318;320;338;322;7,,0.358055,41;349;329;336;342;355;333;345;347;327;318;320;338;322;7,319;962;924;936;948;974;930;954;958;920;902;906;940;909,21.0181,33.8181,36.2122,36.2123,4409_12482,10,0,10,3.58055
2443,0,41,7,1,transit,AM,0,36.2123,33818.1,312;558;541;548;552;562;546;554;556;539;529;531;550;532,41;141;132;136;138;143;135;139;140;131;126;127;137;128;7,,0.617998,41;141;132;136;138;143;135;139;140;131;126;127;137;128;7,312;558;541;548;552;562;546;554;556;539;529;531;550;532,21.0181,33.8181,36.2122,36.2123,1801_7410,10,0,10,6.17998
2444,4,41,8,3,transit,AM,0,4.56983,4119.06,317;892;864,41;313;299;8,,0.25765,41;313;299;8,317;892;864,2.56001,4.11906,4.56983,4.56983,661_2073,5,0,5,1.28825
2445,1,41,8,2,transit,AM,0,4.56983,4119.06,320;1014;981,41;376;359;8,,0.124352,41;376;359;8,320;1014;981,2.56001,4.11906,4.56983,4.56983,784_2315,5,0,5,0.621759
2446,0,41,8,1,transit,AM,0,4.56983,4119.06,313;593;569,41;159;147;8,,0.617998,41;159;147;8,313;593;569,2.56001,4.11906,4.56983,4.56983,355_1475,5,0,5,3.08999
2447,1,41,9,2,transit,AM,0,50.7841,47494.9,320;1014;982;1002;1016;1020;996;1024;1008;984,41;376;359;370;377;379;367;381;373;361;9,,0.611519,41;376;359;370;377;379;367;381;373;361;9,320;1014;982;1002;1016;1020;996;1024;1008;984,29.5183,47.4949,50.7841,50.7841,3393_9366,6,0,6,3.66911
2448,0,41,9,1,transit,AM,0,50.7841,47494.9,317;892;865;878;894;896;874;898;884;866,41;313;299;306;314;315;304;316;309;300;9,,0.388481,41;313;299;306;314;315;304;316;309;300;9,317;892;865;878;894;896;874;898;884;866,29.5183,47.4949,50.7841,50.7841,2826_8264,6,0,6,2.33089
2449,0,41,10,1,transit,AM,0,9.38815,8641.45,313;593;570;571,41;159;147;148;10,,1,41;159;147;148;10,313;593;570;571,5.3707,8.64145,9.38815,9.38815,505_2047,6,0,6,6
2450,4,41,11,3,transit,AM,0,28.3601,26448.2,318;960;922;934;946;972;928;952;956;917,41;348;328;335;341;354;332;344;346;326;11,,0.0239468,41;348;328;335;341;354;332;344;346;326;11,318;960;922;934;946;972;928;952;956;917,16.4377,26.4482,28.36,28.3601,3106_8805,50,0,50,1.19734
2451,1,41,11,2,transit,AM,0,28.3601,26448.2,319;962;924;936;948;974;930;954;958;919,41;349;329;336;342;355;333;345;347;327;11,,0.358055,41;349;329;336;342;355;333;345;347;327;11,319;962;924;936;948;974;930;954;958;919,16.4377,26.4482,28.36,28.3601,3115_8824,50,0,50,17.9028
2452,0,41,11,1,transit,AM,0,28.3601,26448.2,312;558;541;548;552;562;546;554;556;538,41;141;132;136;138;143;135;139;140;131;11,,0.617998,41;141;132;136;138;143;135;139;140;131;11,312;558;541;548;552;562;546;554;556;538,16.4377,26.4482,28.36,28.3601,1287_5267,50,0,50,30.8999
2453,2,41,13,3,transit,AM,0,5.2658,4772.31,315;843;779,41;288;255;13,,0.800639,41;288;255;13,315;843;779,2.96601,4.77231,5.2658,5.2658,597_1937,7,0,7,5.60447
2454,1,41,13,2,transit,AM,0,5.26585,4772.31,316;845;781,41;289;256;13,,0.0685305,41;289;256;13,316;845;781,2.96601,4.77231,5.2658,5.26585,599_1942,7,0,7,0.479714
2455,0,41,13,1,transit,AM,0,5.2658,4772.31,312;558;540,41;141;132;13,,0.130831,41;141;132;13,312;558;540,2.96601,4.77231,5.2658,5.2658,327_1410,7,0,7,0.915817
2456,4,41,15,3,transit,AM,0,38.9331,36371.8,318;960;922;934;946;972;928;952;956;918;900;904;938;908;925,41;348;328;335;341;354;332;344;346;326;317;319;337;321;330;15,,0.0239468,41;348;328;335;341;354;332;344;346;326;317;319;337;321;330;15,318;960;922;934;946;972;928;952;956;918;900;904;938;908;925,22.6052,36.3718,38.9331,38.9331,4734_13381,7,0,7,0.167627
2457,1,41,15,2,transit,AM,0,38.9332,36371.8,319;962;924;936;948;974;930;954;958;920;902;906;940;910;926,41;349;329;336;342;355;333;345;347;327;318;320;338;322;331;15,,0.358055,41;349;329;336;342;355;333;345;347;327;318;320;338;322;331;15,319;962;924;936;948;974;930;954;958;920;902;906;940;910;926,22.6052,36.3718,38.9331,38.9332,4748_13409,7,0,7,2.50639
2458,0,41,15,1,transit,AM,0,38.9331,36371.8,312;558;541;548;552;562;546;554;556;539;529;531;550;533;542,41;141;132;136;138;143;135;139;140;131;126;127;137;128;133;15,,0.617998,41;141;132;136;138;143;135;139;140;131;126;127;137;128;133;15,312;558;541;548;552;562;546;554;556;539;529;531;550;533;542,22.6052,36.3718,38.9331,38.9331,1942_7953,7,0,7,4.32599
2459,2,41,16,3,transit,AM,0,22.4577,20908.4,315;843;780;802;814;754;760;820;766;785,41;288;255;266;272;242;245;275;248;258;16,,0.800639,41;288;255;266;272;242;245;275;248;258;16,315;843;780;802;814;754;760;820;766;785,12.9947,20.9084,22.4577,22.4577,2406_7439,10,0,10,8.00638
2460,1,41,16,2,transit,AM,0,22.4579,20908.4,316;845;782;804;816;756;762;822;768;787,41;289;256;267;273;243;246;276;249;259;16,,0.0685305,41;289;256;267;273;243;246;276;249;259;16,316;845;782;804;816;756;762;822;768;787,12.9947,20.9084,22.4577,22.4579,2415_7458,10,0,10,0.685305
2461,0,41,16,1,transit,AM,0,22.4582,20908.4,314;841;778;800;812;752;758;818;764;783,41;287;254;265;271;241;244;274;247;257;16,,0.130831,41;287;254;265;271;241;244;274;247;257;16,314;841;778;800;812;752;758;818;764;783,12.9947,20.9084,22.4577,22.4582,2397_7420,10,0,10,1.30831
2462,2,41,17,3,transit,AM,0,30.8108,28748.5,315;843;780;802;814;754;760;820;766;786;828;834;791,41;288;255;266;272;242;245;275;248;258;279;282;261;17,,0.800639,41;288;255;266;272;242;245;275;248;258;279;282;261;17,315;843;780;802;814;754;760;820;766;786;828;834;791,17.8673,28.7485,30.8108,30.8108,3229_9893,2,0,2,1.60128
2463,1,41,17,2,transit,AM,0,30.8109,28748.5,316;845;782;804;816;756;762;822;768;788;830;836;793,41;289;256;267;273;243;246;276;249;259;280;283;262;17,,0.0685305,41;289;256;267;273;243;246;276;249;259;280;283;262;17,316;845;782;804;816;756;762;822;768;788;830;836;793,17.8673,28.7485,30.8108,30.8109,3241_9918,2,0,2,0.137061
2464,0,41,17,1,transit,AM,0,30.8113,28748.5,314;841;778;800;812;752;758;818;764;784;826;832;789,41;287;254;265;271;241;244;274;247;257;278;281;260;17,,0.130831,41;287;254;265;271;241;244;274;247;257;278;281;260;17,314;841;778;800;812;752;758;818;764;784;826;832;789,17.8673,28.7485,30.8108,30.8113,3217_9868,2,0,2,0.261662
2465,0,41,18,1,transit,AM,0,25.9687,24203.7,313;593;570;572;595;579,41;159;147;148;160;152;18,,1,41;159;147;148;160;152;18,313;593;570;572;595;579,15.0427,24.2037,25.9687,25.9687,825_3222,15,0,15,15
2466,4,41,19,3,transit,AM,0,26.1309,24355.9,318;960;922;934;946;972;927,41;348;328;335;341;354;332;19,,0.0239468,41;348;328;335;341;354;332;19,318;960;922;934;946;972;927,15.1373,24.3559,26.1309,26.1309,2098_5979,73,0,73,1.74811
2467,1,41,19,2,transit,AM,0,26.131,24355.9,319;962;924;936;948;974;929,41;349;329;336;342;355;333;19,,0.358055,41;349;329;336;342;355;333;19,319;962;924;936;948;974;929,15.1373,24.3559,26.1309,26.131,2104_5992,73,0,73,26.138
2468,0,41,19,1,transit,AM,0,26.131,24355.9,312;558;541;548;552;562;545,41;141;132;136;138;143;135;19,,0.617998,41;141;132;136;138;143;135;19,312;558;541;548;552;562;545,15.1373,24.3559,26.1309,26.131,885_3618,73,0,73,45.1138
2469,1,41,20,2,transit,AM,0,26.3749,24584.9,320;1014;982;1002;1016;1020;995,41;376;359;370;377;379;367;20,,0.611519,41;376;359;370;377;379;367;20,320;1014;982;1002;1016;1020;995,15.2796,24.5849,26.3749,26.3749,2289_6349,10,0,10,6.11519
2470,0,41,20,1,transit,AM,0,26.3749,24584.9,317;892;865;878;894;896;873,41;313;299;306;314;315;304;20,,0.388481,41;313;299;306;314;315;304;20,317;892;865;878;894;896;873,15.2796,24.5849,26.3749,26.3749,1912_5615,10,0,10,3.88481
2471,2,41,21,3,transit,AM,0,8.85939,8145.21,315;843;780;801,41;288;255;266;21,,0.800639,41;288;255;266;21,315;843;780;801,5.06228,8.14521,8.85939,8.85939,871_2739,8,0,8,6.40511
2472,1,41,21,2,transit,AM,0,8.85948,8145.21,316;845;782;803,41;289;256;267;21,,0.0685305,41;289;256;267;21,316;845;782;803,5.06228,8.14521,8.85939,8.85948,874_2746,8,0,8,0.548244
2473,0,41,21,1,transit,AM,0,8.8594,8145.21,312;558;541;547,41;141;132;136;21,,0.130831,41;141;132;136;21,312;558;541;547,5.06228,8.14521,8.85939,8.8594,471_1958,8,0,8,1.04665
2474,4,41,22,3,transit,AM,0,34.3235,32045.3,318;960;922;934;946;972;928;952;956;918;900;904;937,41;348;328;335;341;354;332;344;346;326;317;319;337;22,,0.0239468,41;348;328;335;341;354;332;344;346;326;317;319;337;22,318;960;922;934;946;972;928;952;956;918;900;904;937,19.9163,32.0453,34.3234,34.3235,4090_11547,4,0,4,0.095787
2475,1,41,22,2,transit,AM,0,34.3235,32045.3,319;962;924;936;948;974;930;954;958;920;902;906;939,41;349;329;336;342;355;333;345;347;327;318;320;338;22,,0.358055,41;349;329;336;342;355;333;345;347;327;318;320;338;22,319;962;924;936;948;974;930;954;958;920;902;906;939,19.9163,32.0453,34.3234,34.3235,4102_11572,4,0,4,1.43222
2476,0,41,22,1,transit,AM,0,34.3235,32045.3,312;558;541;548;552;562;546;554;556;539;529;531;549,41;141;132;136;138;143;135;139;140;131;126;127;137;22,,0.617998,41;141;132;136;138;143;135;139;140;131;126;127;137;22,312;558;541;548;552;562;546;554;556;539;529;531;549,19.9163,32.0453,34.3234,34.3235,1688_6877,4,0,4,2.47199
2477,1,41,23,2,transit,AM,0,9.47775,8725.54,320;1014;982;1001,41;376;359;370;23,,0.611519,41;376;359;370;23,320;1014;982;1001,5.42296,8.72554,9.47775,9.47775,1169_3317,16,0,16,9.7843
2478,0,41,23,1,transit,AM,0,9.47775,8725.54,317;892;865;877,41;313;299;306;23,,0.388481,41;313;299;306;23,317;892;865;877,5.42296,8.72554,9.47775,9.47775,982_2951,16,0,16,6.2157
2479,2,41,25,3,transit,AM,0,13.5435,12541.6,315;843;780;802;813,41;288;255;266;272;25,,0.800639,41;288;255;266;272;25,315;843;780;802;813,7.79467,12.5416,13.5435,13.5435,1147_3553,9,0,9,7.20575
2480,1,41,25,2,transit,AM,0,13.5436,12541.6,316;845;782;804;815,41;289;256;267;273;25,,0.0685305,41;289;256;267;273;25,316;845;782;804;815,7.79467,12.5416,13.5435,13.5436,1151_3562,9,0,9,0.616775
2481,0,41,25,1,transit,AM,0,13.5435,12541.6,312;558;541;548;551,41;141;132;136;138;25,,0.130831,41;141;132;136;138;25,312;558;541;548;551,7.79467,12.5416,13.5435,13.5435,613_2510,9,0,9,1.17748
2482,2,41,26,3,transit,AM,0,17.5494,16301.5,315;843;780;802;814;754;760;819,41;288;255;266;272;242;245;275;26,,0.800639,41;288;255;266;272;242;245;275;26,315;843;780;802;814;754;760;819,10.1315,16.3015,17.5494,17.5494,1910_5887,7,0,7,5.60447
2483,1,41,26,2,transit,AM,0,17.5495,16301.5,316;845;782;804;816;756;762;821,41;289;256;267;273;243;246;276;26,,0.0685305,41;289;256;267;273;243;246;276;26,316;845;782;804;816;756;762;821,10.1315,16.3015,17.5494,17.5495,1917_5902,7,0,7,0.479714
2484,0,41,26,1,transit,AM,0,17.5498,16301.5,314;841;778;800;812;752;758;817,41;287;254;265;271;241;244;274;26,,0.130831,41;287;254;265;271;241;244;274;26,314;841;778;800;812;752;758;817,10.1315,16.3015,17.5494,17.5498,1903_5872,7,0,7,0.915817
2485,1,41,28,2,transit,AM,0,45.6572,42682.9,320;1014;982;1002;1016;1020;996;1024;1007,41;376;359;370;377;379;367;381;373;28,,0.611519,41;376;359;370;377;379;367;381;373;28,320;1014;982;1002;1016;1020;996;1024;1007,26.5276,42.6829,45.6572,45.6572,3051_8381,9,0,9,5.50367
2486,0,41,28,1,transit,AM,0,45.6572,42682.9,317;892;865;878;894;896;874;898;883,41;313;299;306;314;315;304;316;309;28,,0.388481,41;313;299;306;314;315;304;316;309;28,317;892;865;878;894;896;874;898;883,26.5276,42.6829,45.6572,45.6572,2545_7397,9,0,9,3.49633
2487,1,41,29,2,transit,AM,0,26.7324,24920.5,319;962;924;936;948;974;930;953,41;349;329;336;342;355;333;345;29,,0.358055,41;349;329;336;342;355;333;345;29,319;962;924;936;948;974;930;953,15.4882,24.9205,26.7323,26.7324,2459_6946,79,0,79,28.2864
2488,4,41,29,3,transit,AM,0,26.7324,24920.5,318;960;922;934;946;972;928;951,41;348;328;335;341;354;332;344;29,,0.0239468,41;348;328;335;341;354;332;344;29,318;960;922;934;946;972;928;951,15.4882,24.9205,26.7323,26.7324,2452_6931,79,0,79,1.89179
2489,0,41,29,1,transit,AM,0,26.7324,24920.5,312;558;541;548;552;562;546;553,41;141;132;136;138;143;135;139;29,,0.617998,41;141;132;136;138;143;135;139;29,312;558;541;548;552;562;546;553,15.4882,24.9205,26.7323,26.7324,1034_4172,79,0,79,48.8218
2490,2,41,30,3,transit,AM,0,23.9731,22330.8,315;843;780;802;814;754;760;820;766;786;827,41;288;255;266;272;242;245;275;248;258;279;30,,0.800639,41;288;255;266;272;242;245;275;248;258;279;30,315;843;780;802;814;754;760;820;766;786;827,13.8787,22.3308,23.9731,23.9731,2699_8267,1,0,1,0.800639
2491,1,41,30,2,transit,AM,0,23.9733,22330.8,316;845;782;804;816;756;762;822;768;788;829,41;289;256;267;273;243;246;276;249;259;280;30,,0.0685305,41;289;256;267;273;243;246;276;249;259;280;30,316;845;782;804;816;756;762;822;768;788;829,13.8787,22.3308,23.9731,23.9733,2709_8288,1,0,1,0.0685305
2492,0,41,30,1,transit,AM,0,23.9736,22330.8,314;841;778;800;812;752;758;818;764;784;825,41;287;254;265;271;241;244;274;247;257;278;30,,0.130831,41;287;254;265;271;241;244;274;247;257;278;30,314;841;778;800;812;752;758;818;764;784;825,13.8787,22.3308,23.9731,23.9736,2689_8246,1,0,1,0.130831
2493,2,41,37,3,transit,AM,0,27.6535,25785.1,315;843;780;802;814;754;760;820;766;786;828;833,41;288;255;266;272;242;245;275;248;258;279;282;37,,0.800639,41;288;255;266;272;242;245;275;248;258;279;282;37,315;843;780;802;814;754;760;820;766;786;828;833,16.0255,25.7851,27.6535,27.6535,2988_9101,1,0,1,0.800639
2494,1,41,37,2,transit,AM,0,27.6536,25785.1,316;845;782;804;816;756;762;822;768;788;830;835,41;289;256;267;273;243;246;276;249;259;280;283;37,,0.0685305,41;289;256;267;273;243;246;276;249;259;280;283;37,316;845;782;804;816;756;762;822;768;788;830;835,16.0255,25.7851,27.6535,27.6536,2999_9124,1,0,1,0.0685305
2495,0,41,37,1,transit,AM,0,27.6539,25785.1,314;841;778;800;812;752;758;818;764;784;826;831,41;287;254;265;271;241;244;274;247;257;278;281;37,,0.130831,41;287;254;265;271;241;244;274;247;257;278;281;37,314;841;778;800;812;752;758;818;764;784;826;831,16.0255,25.7851,27.6535,27.6539,2977_9078,1,0,1,0.130831
2496,4,41,38,3,transit,AM,0,27.4952,25636.5,318;960;922;934;946;972;928;952;955,41;348;328;335;341;354;332;344;346;38,,0.0239468,41;348;328;335;341;354;332;344;346;38,318;960;922;934;946;972;928;952;955,15.9332,25.6365,27.4952,27.4952,2807_7887,28,0,28,0.670509
2497,1,41,38,2,transit,AM,0,27.4953,25636.5,319;962;924;936;948;974;930;954;957,41;349;329;336;342;355;333;345;347;38,,0.358055,41;349;329;336;342;355;333;345;347;38,319;962;924;936;948;974;930;954;957,15.9332,25.6365,27.4952,27.4953,2815_7904,28,0,28,10.0255
2498,0,41,38,1,transit,AM,0,27.4953,25636.5,312;558;541;548;552;562;546;554;555,41;141;132;136;138;143;135;139;140;38,,0.617998,41;141;132;136;138;143;135;139;140;38,312;558;541;548;552;562;546;554;555,15.9332,25.6365,27.4952,27.4953,1183_4728,28,0,28,17.3039
2499,2,41,39,3,transit,AM,0,34.4552,32169.1,315;843;780;802;814;754;760;820;766;786;828;834;792;838,41;288;255;266;272;242;245;275;248;258;279;282;261;285;39,,0.800639,41;288;255;266;272;242;245;275;248;258;279;282;261;285;39,315;843;780;802;814;754;760;820;766;786;828;834;792;838,19.9932,32.1691,34.4552,34.4552,3536_10732,2,0,2,1.60128
2500,1,41,39,2,transit,AM,0,34.4554,32169.1,316;845;782;804;816;756;762;822;768;788;830;836;794;839,41;289;256;267;273;243;246;276;249;259;280;283;262;286;39,,0.0685305,41;289;256;267;273;243;246;276;249;259;280;283;262;286;39,316;845;782;804;816;756;762;822;768;788;830;836;794;839,19.9932,32.1691,34.4552,34.4554,3549_10758,2,0,2,0.137061
2501,0,41,39,1,transit,AM,0,34.4557,32169.1,314;841;778;800;812;752;758;818;764;784;826;832;790;837,41;287;254;265;271;241;244;274;247;257;278;281;260;284;39,,0.130831,41;287;254;265;271;241;244;274;247;257;278;281;260;284;39,314;841;778;800;812;752;758;818;764;784;826;832;790;837,19.9932,32.1691,34.4552,34.4557,3523_10706,2,0,2,0.261662
2502,1,41,44,2,transit,AM,0,14.5126,13451.2,320;1014;982;1002;1015,41;376;359;370;377;44,,0.611519,41;376;359;370;377;44,320;1014;982;1002;1015,8.35997,13.4512,14.5126,14.5126,1567_4333,17,0,17,10.3958
2503,0,41,44,1,transit,AM,0,14.5126,13451.2,317;892;865;878;893,41;313;299;306;314;44,,0.388481,41;313;299;306;314;44,317;892;865;878;893,8.35997,13.4512,14.5126,14.5126,1317_3845,17,0,17,6.60418
2504,1,41,46,2,transit,AM,0,20.8925,19439.2,320;1014;982;1002;1016;1019,41;376;359;370;377;379;46,,0.611519,41;376;359;370;377;379;46,320;1014;982;1002;1016;1019,12.0815,19.4392,20.8925,20.8925,1948_5353,8,0,8,4.89215
2505,0,41,46,1,transit,AM,0,20.8925,19439.2,317;892;865;878;894;895,41;313;299;306;314;315;46,,0.388481,41;313;299;306;314;315;46,317;892;865;878;894;895,12.0815,19.4392,20.8925,20.8925,1634_4741,8,0,8,3.10785
2506,1,41,47,2,transit,AM,0,33.791,31545.5,320;1014;982;1002;1016;1020;996;1023,41;376;359;370;377;379;367;381;47,,0.611519,41;376;359;370;377;379;367;381;47,320;1014;982;1002;1016;1020;996;1023,19.6056,31.5455,33.791,33.791,2697_7373,4,0,4,2.44607
2507,0,41,47,1,transit,AM,0,33.791,31545.5,317;892;865;878;894;896;874;897,41;313;299;306;314;315;304;316;47,,0.388481,41;313;299;306;314;315;304;316;47,317;892;865;878;894;896;874;897,19.6056,31.5455,33.791,33.791,2255_6513,4,0,4,1.55393
2508,0,41,49,1,transit,AM,0,23.2358,21638.6,313;593;570;572;594,41;159;147;148;160;49,,1,41;159;147;148;160;49,313;593;570;572;594,13.4485,21.6386,23.2358,23.2358,704_2642,3,0,3,3
2509,4,41,50,3,transit,AM,0,16.4829,15300.5,318;960;922;934;946;971,41;348;328;335;341;354;50,,0.0239468,41;348;328;335;341;354;50,318;960;922;934;946;971,9.5093,15.3005,16.4828,16.4829,1797_5051,2,0,2,0.0478935
2510,1,41,50,2,transit,AM,0,16.4829,15300.5,319;962;924;936;948;973,41;349;329;336;342;355;50,,0.358055,41;349;329;336;342;355;50,319;962;924;936;948;973,9.5093,15.3005,16.4828,16.4829,1802_5062,2,0,2,0.716111
2511,0,41,50,1,transit,AM,0,16.4829,15300.5,312;558;541;548;552;561,41;141;132;136;138;143;50,,0.617998,41;141;132;136;138;143;50,312;558;541;548;552;561,9.5093,15.3005,16.4828,16.4829,781_3072,2,0,2,1.236
2512,2,42,1,3,transit,AM,0,34.7104,32408.5,327;1115;1120;1090;1092;1086;1100;1082;1078;1088;1112;1106;1098;1122;1075,42;427;429;414;415;412;419;410;408;413;425;422;418;430;407;1,,0.079768,42;427;429;414;415;412;419;410;408;413;425;422;418;430;407;1,327;1115;1120;1090;1092;1086;1100;1082;1078;1088;1112;1106;1098;1122;1075,20.142,32.4085,34.7104,34.7104,5892_15691,6,0,6,0.478608
2513,1,42,1,2,transit,AM,0,34.7104,32408.5,325;727;735;642;652;630;664;622;610;636;715;682;658;745;603,42;228;232;185;190;179;196;174;168;182;222;205;193;237;165;1,,0.789401,42;228;232;185;190;179;196;174;168;182;222;205;193;237;165;1,325;727;735;642;652;630;664;622;610;636;715;682;658;745;603,20.142,32.4085,34.7104,34.7104,2799_9646,6,0,6,4.73641
2514,0,42,1,1,transit,AM,0,34.7104,32408.5,324;725;733;640;650;628;662;620;608;634;713;680;656;743;601,42;227;231;184;189;178;195;173;167;181;221;204;192;236;164;1,,0.130831,42;227;231;184;189;178;195;173;167;181;221;204;192;236;164;1,324;725;733;640;650;628;662;620;608;634;713;680;656;743;601,20.142,32.4085,34.7104,34.7104,2785_9617,6,0,6,0.784986
2515,2,42,2,3,transit,AM,0,18.8442,17516.7,327;1115;1120;1090;1092;1086;1100;1082;1077,42;427;429;414;415;412;419;410;408;2,,0.079768,42;427;429;414;415;412;419;410;408;2,327;1115;1120;1090;1092;1086;1100;1082;1077,10.8867,17.5167,18.8442,18.8442,3378_9089,10,0,10,0.79768
2516,1,42,2,2,transit,AM,0,18.8442,17516.7,325;727;735;642;652;630;664;622;609,42;228;232;185;190;179;196;174;168;2,,0.789401,42;228;232;185;190;179;196;174;168;2,325;727;735;642;652;630;664;622;609,10.8867,17.5167,18.8442,18.8442,1596_5606,10,0,10,7.89401
2517,0,42,2,1,transit,AM,0,18.8442,17516.7,324;725;733;640;650;628;662;620;607,42;227;231;184;189;178;195;173;167;2,,0.130831,42;227;231;184;189;178;195;173;167;2,324;725;733;640;650;628;662;620;607,10.8867,17.5167,18.8442,18.8442,1588_5589,10,0,10,1.30831
2518,2,42,3,3,transit,AM,0,35.3165,32977.4,327;1115;1120;1090;1092;1086;1100;1082;1078;1088;1112;1106;1098;1122;1076;1079,42;427;429;414;415;412;419;410;408;413;425;422;418;430;407;409;3,,0.079768,42;427;429;414;415;412;419;410;408;413;425;422;418;430;407;409;3,327;1115;1120;1090;1092;1086;1100;1082;1078;1088;1112;1106;1098;1122;1076;1079,20.4956,32.9774,35.3165,35.3165,6303_16771,3,0,3,0.239304
2519,1,42,3,2,transit,AM,0,35.3165,32977.4,325;727;735;642;652;630;664;622;610;636;715;682;658;745;604;615,42;228;232;185;190;179;196;174;168;182;222;205;193;237;165;171;3,,0.789401,42;228;232;185;190;179;196;174;168;182;222;205;193;237;165;171;3,325;727;735;642;652;630;664;622;610;636;715;682;658;745;604;615,20.4956,32.9774,35.3165,35.3165,2972_10262,3,0,3,2.3682
2520,0,42,3,1,transit,AM,0,35.3165,32977.4,324;725;733;640;650;628;662;620;608;634;713;680;656;743;602;613,42;227;231;184;189;178;195;173;167;181;221;204;192;236;164;170;3,,0.130831,42;227;231;184;189;178;195;173;167;181;221;204;192;236;164;170;3,324;725;733;640;650;628;662;620;608;634;713;680;656;743;602;613,20.4956,32.9774,35.3165,35.3165,2957_10231,3,0,3,0.392493
2521,2,42,4,3,transit,AM,0,17.3291,16094.7,327;1115;1120;1090;1092;1086;1100;1081,42;427;429;414;415;412;419;410;4,,0.079768,42;427;429;414;415;412;419;410;4,327;1115;1120;1090;1092;1086;1100;1081,10.0029,16.0947,17.3291,17.3291,2972_8011,1,0,1,0.079768
2522,1,42,4,2,transit,AM,0,17.3291,16094.7,325;727;735;642;652;630;664;621,42;228;232;185;190;179;196;174;4,,0.789401,42;228;232;185;190;179;196;174;4,325;727;735;642;652;630;664;621,10.0029,16.0947,17.3291,17.3291,1430_4996,1,0,1,0.789401
2523,0,42,4,1,transit,AM,0,17.3291,16094.7,324;725;733;640;650;628;662;619,42;227;231;184;189;178;195;173;4,,0.130831,42;227;231;184;189;178;195;173;4,324;725;733;640;650;628;662;619,10.0029,16.0947,17.3291,17.3291,1423_4981,1,0,1,0.130831
2524,1,42,7,2,transit,AM,0,12.77,11815.6,325;727;735;642;652;629,42;228;232;185;190;179;7,,0.869169,42;228;232;185;190;179;7,325;727;735;642;652;629,7.34342,11.8156,12.77,12.77,1063_3710,4,0,4,3.47668
2525,0,42,7,1,transit,AM,0,12.77,11815.6,324;725;733;640;650;627,42;227;231;184;189;178;7,,0.130831,42;227;231;184;189;178;7,324;725;733;640;650;627,7.34342,11.8156,12.77,12.77,1058_3699,4,0,4,0.523324
2526,2,42,11,3,transit,AM,0,20.6221,19185.5,327;1115;1120;1090;1092;1086;1100;1082;1078;1087,42;427;429;414;415;412;419;410;408;413;11,,0.079768,42;427;429;414;415;412;419;410;408;413;11,327;1115;1120;1090;1092;1086;1100;1082;1078;1087,11.9238,19.1855,20.6221,20.6221,3800_10177,19,0,19,1.51559
2527,1,42,11,2,transit,AM,0,20.6221,19185.5,325;727;735;642;652;630;664;622;610;635,42;228;232;185;190;179;196;174;168;182;11,,0.789401,42;228;232;185;190;179;196;174;168;182;11,325;727;735;642;652;630;664;622;610;635,11.9238,19.1855,20.6221,20.6221,1787_6242,19,0,19,14.9986
2528,0,42,11,1,transit,AM,0,20.6221,19185.5,324;725;733;640;650;628;662;620;608;633,42;227;231;184;189;178;195;173;167;181;11,,0.130831,42;227;231;184;189;178;195;173;167;181;11,324;725;733;640;650;628;662;620;608;633,11.9238,19.1855,20.6221,20.6221,1778_6223,19,0,19,2.48579
2529,1,42,12,2,transit,AM,0,7.46976,6840.85,325;727;735;641,42;228;232;185;12,,0.869169,42;228;232;185;12,325;727;735;641,4.25161,6.84085,7.46976,7.46976,699_2428,1,0,1,0.869169
2530,0,42,12,1,transit,AM,0,7.46976,6840.85,324;725;733;639,42;227;231;184;12,,0.130831,42;227;231;184;12,324;725;733;639,4.25161,6.84085,7.46976,7.46976,696_2421,1,0,1,0.130831
2531,1,42,15,2,transit,AM,0,10.0492,9261.84,325;727;735;642;651,42;228;232;185;190;15,,0.869169,42;228;232;185;190;15,325;727;735;642;651,5.75627,9.26184,10.0492,10.0492,892_3080,6,0,6,5.21501
2532,0,42,15,1,transit,AM,0,10.0492,9261.84,324;725;733;640;649,42;227;231;184;189;15,,0.130831,42;227;231;184;189;15,324;725;733;640;649,5.75627,9.26184,10.0492,10.0492,888_3071,6,0,6,0.784986
2533,0,42,16,1,transit,AM,0,42.6874,39895.6,327;1115;1120;1090;1092;1086;1100;1082;1078;1088;1112;1106;1098;1122;1076;1080;1102;1084;1093,42;427;429;414;415;412;419;410;408;413;425;422;418;430;407;409;420;411;416;16,,1,42;427;429;414;415;412;419;410;408;413;425;422;418;430;407;409;420;411;416;16,327;1115;1120;1090;1092;1086;1100;1082;1078;1088;1112;1106;1098;1122;1076;1080;1102;1084;1093,24.7953,39.8956,42.6874,42.6874,7563_20051,1,0,1,1
2534,0,42,17,1,transit,AM,0,51.0405,47735.7,327;1115;1120;1090;1092;1086;1100;1082;1078;1088;1112;1106;1098;1122;1076;1080;1102;1084;1094;1108;1110;1095,42;427;429;414;415;412;419;410;408;413;425;422;418;430;407;409;420;411;416;423;424;417;17,,1,42;427;429;414;415;412;419;410;408;413;425;422;418;430;407;409;420;411;416;423;424;417;17,327;1115;1120;1090;1092;1086;1100;1082;1078;1088;1112;1106;1098;1122;1076;1080;1102;1084;1094;1108;1110;1095,29.6679,47.7357,51.0405,51.0405,8828_23365,1,0,1,1
2535,2,42,19,3,transit,AM,0,22.8513,21277.7,327;1115;1120;1090;1092;1086;1100;1082;1078;1088;1112;1106;1097,42;427;429;414;415;412;419;410;408;413;425;422;418;19,,0.079768,42;427;429;414;415;412;419;410;408;413;425;422;418;19,327;1115;1120;1090;1092;1086;1100;1082;1078;1088;1112;1106;1097,13.2242,21.2777,22.8513,22.8513,5073_13493,28,0,28,2.2335
2536,1,42,19,2,transit,AM,0,22.8513,21277.7,325;727;735;642;652;630;664;622;610;636;715;682;657,42;228;232;185;190;179;196;174;168;182;222;205;193;19,,0.789401,42;228;232;185;190;179;196;174;168;182;222;205;193;19,325;727;735;642;652;630;664;622;610;636;715;682;657,13.2242,21.2777,22.8513,22.8513,2415_8297,28,0,28,22.1032
2537,0,42,19,1,transit,AM,0,22.8513,21277.7,324;725;733;640;650;628;662;620;608;634;713;680;655,42;227;231;184;189;178;195;173;167;181;221;204;192;19,,0.130831,42;227;231;184;189;178;195;173;167;181;221;204;192;19,324;725;733;640;650;628;662;620;608;634;713;680;655,13.2242,21.2777,22.8513,22.8513,2403_8272,28,0,28,3.66327
2538,2,42,22,3,transit,AM,0,14.6588,13588.4,327;1115;1120;1090;1092;1086;1099,42;427;429;414;415;412;419;22,,0.079768,42;427;429;414;415;412;419;22,327;1115;1120;1090;1092;1086;1099,8.44522,13.5884,14.6588,14.6588,2580_6929,2,0,2,0.159536
2539,1,42,22,2,transit,AM,0,14.6588,13588.4,325;727;735;642;652;630;663,42;228;232;185;190;179;196;22,,0.789401,42;228;232;185;190;179;196;22,325;727;735;642;652;630;663,8.44522,13.5884,14.6588,14.6588,1274_4374,2,0,2,1.5788
2540,0,42,22,1,transit,AM,0,14.6588,13588.4,324;725;733;640;650;628;661,42;227;231;184;189;178;195;22,,0.130831,42;227;231;184;189;178;195;22,324;725;733;640;650;628;661,8.44522,13.5884,14.6588,14.6588,1268_4361,2,0,2,0.261662
2541,2,42,29,3,transit,AM,0,22.2498,20713.2,327;1115;1120;1090;1092;1086;1100;1082;1078;1088;1112;1105,42;427;429;414;415;412;419;410;408;413;425;422;29,,0.079768,42;427;429;414;415;412;419;410;408;413;425;422;29,327;1115;1120;1090;1092;1086;1100;1082;1078;1088;1112;1105,12.8733,20.7132,22.2498,22.2498,4665_12395,38,0,38,3.03118
2542,1,42,29,2,transit,AM,0,22.2498,20713.2,325;727;735;642;652;630;664;622;610;636;715;681,42;228;232;185;190;179;196;174;168;182;222;205;29,,0.789401,42;228;232;185;190;179;196;174;168;182;222;205;29,325;727;735;642;652;630;664;622;610;636;715;681,12.8733,20.7132,22.2498,22.2498,2232_7639,38,0,38,29.9972
2543,0,42,29,1,transit,AM,0,22.2498,20713.2,324;725;733;640;650;628;662;620;608;634;713;679,42;227;231;184;189;178;195;173;167;181;221;204;29,,0.130831,42;227;231;184;189;178;195;173;167;181;221;204;29,324;725;733;640;650;628;662;620;608;634;713;679,12.8733,20.7132,22.2498,22.2498,2221_7616,38,0,38,4.97158
2544,0,42,37,1,transit,AM,0,47.8832,44772.3,327;1115;1120;1090;1092;1086;1100;1082;1078;1088;1112;1106;1098;1122;1076;1080;1102;1084;1094;1108;1109,42;427;429;414;415;412;419;410;408;413;425;422;418;430;407;409;420;411;416;423;424;37,,1,42;427;429;414;415;412;419;410;408;413;425;422;418;430;407;409;420;411;416;423;424;37,327;1115;1120;1090;1092;1086;1100;1082;1078;1088;1112;1106;1098;1122;1076;1080;1102;1084;1094;1108;1109,27.8262,44.7723,47.8832,47.8832,8431_22269,1,0,1,1
2545,2,42,38,3,transit,AM,0,21.487,19997.2,327;1115;1120;1090;1092;1086;1100;1082;1078;1088;1111,42;427;429;414;415;412;419;410;408;413;425;38,,0.079768,42;427;429;414;415;412;419;410;408;413;425;38,327;1115;1120;1090;1092;1086;1100;1082;1078;1088;1111,12.4283,19.9972,21.487,21.487,4252_11289,18,0,18,1.43582
2546,1,42,38,2,transit,AM,0,21.487,19997.2,325;727;735;642;652;630;664;622;610;636;714,42;228;232;185;190;179;196;174;168;182;222;38,,0.789401,42;228;232;185;190;179;196;174;168;182;222;38,325;727;735;642;652;630;664;622;610;636;714,12.4283,19.9972,21.487,21.487,2036_6957,18,0,18,14.2092
2547,0,42,38,1,transit,AM,0,21.487,19997.2,324;725;733;640;650;628;662;620;608;634;712,42;227;231;184;189;178;195;173;167;181;221;38,,0.130831,42;227;231;184;189;178;195;173;167;181;221;38,324;725;733;640;650;628;662;620;608;634;712,12.4283,19.9972,21.487,21.487,2026_6936,18,0,18,2.35496
2548,2,42,43,3,transit,AM,0,3.65857,3263.69,323;506;509,42;113;116;43,,0.0821884,42;113;116;43,323;506;509,2.0284,3.26369,3.65857,3.65857,314_1338,5,0,5,0.410942
2549,1,42,43,2,transit,AM,0,3.65857,3263.69,322;504;508,42;112;115;43,,0.143564,42;112;115;43,322;504;508,2.0284,3.26369,3.65857,3.65857,312_1334,5,0,5,0.717818
2550,0,42,43,1,transit,AM,0,3.65857,3263.69,321;502;507,42;111;114;43,,0.774248,42;111;114;43,321;502;507,2.0284,3.26369,3.65857,3.65857,310_1330,5,0,5,3.87124
2551,2,42,50,3,transit,AM,0,32.4993,30333.2,327;1115;1120;1090;1092;1086;1100;1082;1078;1088;1112;1106;1098;1121,42;427;429;414;415;412;419;410;408;413;425;422;418;430;50,,0.079768,42;427;429;414;415;412;419;410;408;413;425;422;418;430;50,327;1115;1120;1090;1092;1086;1100;1082;1078;1088;1112;1106;1098;1121,18.8522,30.3332,32.4993,32.4993,5534_14615,1,0,1,0.079768
2552,1,42,50,2,transit,AM,0,32.4993,30333.2,325;727;735;642;652;630;664;622;610;636;715;682;658;744,42;228;232;185;190;179;196;174;168;182;222;205;193;237;50,,0.789401,42;228;232;185;190;179;196;174;168;182;222;205;193;237;50,325;727;735;642;652;630;664;622;610;636;715;682;658;744,18.8522,30.3332,32.4993,32.4993,2683_9042,1,0,1,0.789401
2553,0,42,50,1,transit,AM,0,32.4993,30333.2,324;725;733;640;650;628;662;620;608;634;713;680;656;742,42;227;231;184;189;178;195;173;167;181;221;204;192;236;50,,0.130831,42;227;231;184;189;178;195;173;167;181;221;204;192;236;50,324;725;733;640;650;628;662;620;608;634;713;680;656;742,18.8522,30.3332,32.4993,32.4993,2670_9015,1,0,1,0.130831
2554,2,43,1,3,transit,AM,0,38.1574,35643.8,334;1117;1115;1120;1090;1092;1086;1100;1082;1078;1088;1112;1106;1098;1122;1075,43;428;427;429;414;415;412;419;410;408;413;425;422;418;430;407;1,,0.079768,43;428;427;429;414;415;412;419;410;408;413;425;422;418;430;407;1,334;1117;1115;1120;1090;1092;1086;1100;1082;1078;1088;1112;1106;1098;1122;1075,22.1528,35.6438,38.1574,38.1574,6321_16815,1,0,1,0.079768
2555,1,43,1,2,transit,AM,0,38.1574,35643.8,332;731;727;735;642;652;630;664;622;610;636;715;682;658;745;603,43;230;228;232;185;190;179;196;174;168;182;222;205;193;237;165;1,,0.789401,43;230;228;232;185;190;179;196;174;168;182;222;205;193;237;165;1,332;731;727;735;642;652;630;664;622;610;636;715;682;658;745;603,22.1528,35.6438,38.1574,38.1574,3030_10384,1,0,1,0.789401
2556,0,43,1,1,transit,AM,0,38.1574,35643.8,331;729;725;733;640;650;628;662;620;608;634;713;680;656;743;601,43;229;227;231;184;189;178;195;173;167;181;221;204;192;236;164;1,,0.130831,43;229;227;231;184;189;178;195;173;167;181;221;204;192;236;164;1,331;729;725;733;640;650;628;662;620;608;634;713;680;656;743;601,22.1528,35.6438,38.1574,38.1574,3015_10353,1,0,1,0.130831
2557,2,43,3,3,transit,AM,0,38.7636,36212.8,334;1117;1115;1120;1090;1092;1086;1100;1082;1078;1088;1112;1106;1098;1122;1076;1079,43;428;427;429;414;415;412;419;410;408;413;425;422;418;430;407;409;3,,0.079768,43;428;427;429;414;415;412;419;410;408;413;425;422;418;430;407;409;3,334;1117;1115;1120;1090;1092;1086;1100;1082;1078;1088;1112;1106;1098;1122;1076;1079,22.5064,36.2128,38.7636,38.7636,6732_17895,2,0,2,0.159536
2558,1,43,3,2,transit,AM,0,38.7636,36212.8,332;731;727;735;642;652;630;664;622;610;636;715;682;658;745;604;615,43;230;228;232;185;190;179;196;174;168;182;222;205;193;237;165;171;3,,0.789401,43;230;228;232;185;190;179;196;174;168;182;222;205;193;237;165;171;3,332;731;727;735;642;652;630;664;622;610;636;715;682;658;745;604;615,22.5064,36.2128,38.7636,38.7636,3203_11000,2,0,2,1.5788
2559,0,43,3,1,transit,AM,0,38.7636,36212.8,331;729;725;733;640;650;628;662;620;608;634;713;680;656;743;602;613,43;229;227;231;184;189;178;195;173;167;181;221;204;192;236;164;170;3,,0.130831,43;229;227;231;184;189;178;195;173;167;181;221;204;192;236;164;170;3,331;729;725;733;640;650;628;662;620;608;634;713;680;656;743;602;613,22.5064,36.2128,38.7636,38.7636,3187_10967,2,0,2,0.261662
2560,2,43,4,3,transit,AM,0,20.7761,19330,334;1117;1115;1120;1090;1092;1086;1100;1081,43;428;427;429;414;415;412;419;410;4,,0.079768,43;428;427;429;414;415;412;419;410;4,334;1117;1115;1120;1090;1092;1086;1100;1081,12.0137,19.33,20.7761,20.7761,3401_9135,4,0,4,0.319072
2561,1,43,4,2,transit,AM,0,20.7761,19330,332;731;727;735;642;652;630;664;621,43;230;228;232;185;190;179;196;174;4,,0.789401,43;230;228;232;185;190;179;196;174;4,332;731;727;735;642;652;630;664;621,12.0137,19.33,20.7761,20.7761,1661_5734,4,0,4,3.1576
2562,0,43,4,1,transit,AM,0,20.7761,19330,331;729;725;733;640;650;628;662;619,43;229;227;231;184;189;178;195;173;4,,0.130831,43;229;227;231;184;189;178;195;173;4,331;729;725;733;640;650;628;662;619,12.0137,19.33,20.7761,20.7761,1653_5717,4,0,4,0.523324
2563,1,43,7,2,transit,AM,0,16.217,15050.9,332;731;727;735;642;652;629,43;230;228;232;185;190;179;7,,0.869169,43;230;228;232;185;190;179;7,332;731;727;735;642;652;629,9.35419,15.0509,16.217,16.217,1294_4448,4,0,4,3.47668
2564,0,43,7,1,transit,AM,0,16.217,15050.9,331;729;725;733;640;650;627,43;229;227;231;184;189;178;7,,0.130831,43;229;227;231;184;189;178;7,331;729;725;733;640;650;627,9.35419,15.0509,16.217,16.217,1288_4435,4,0,4,0.523324
2565,2,43,11,3,transit,AM,0,24.0692,22420.8,334;1117;1115;1120;1090;1092;1086;1100;1082;1078;1087,43;428;427;429;414;415;412;419;410;408;413;11,,0.079768,43;428;427;429;414;415;412;419;410;408;413;11,334;1117;1115;1120;1090;1092;1086;1100;1082;1078;1087,13.9346,22.4208,24.0692,24.0692,4229_11301,6,0,6,0.478608
2566,1,43,11,2,transit,AM,0,24.0692,22420.8,332;731;727;735;642;652;630;664;622;610;635,43;230;228;232;185;190;179;196;174;168;182;11,,0.789401,43;230;228;232;185;190;179;196;174;168;182;11,332;731;727;735;642;652;630;664;622;610;635,13.9346,22.4208,24.0692,24.0692,2018_6980,6,0,6,4.73641
2567,0,43,11,1,transit,AM,0,24.0692,22420.8,331;729;725;733;640;650;628;662;620;608;633,43;229;227;231;184;189;178;195;173;167;181;11,,0.130831,43;229;227;231;184;189;178;195;173;167;181;11,331;729;725;733;640;650;628;662;620;608;633,13.9346,22.4208,24.0692,24.0692,2008_6959,6,0,6,0.784986
2568,1,43,12,2,transit,AM,0,10.9168,10076.2,332;731;727;735;641,43;230;228;232;185;12,,0.869169,43;230;228;232;185;12,332;731;727;735;641,6.26239,10.0762,10.9168,10.9168,930_3166,3,0,3,2.60751
2569,0,43,12,1,transit,AM,0,10.9168,10076.2,331;729;725;733;639,43;229;227;231;184;12,,0.130831,43;229;227;231;184;12,331;729;725;733;639,6.26239,10.0762,10.9168,10.9168,926_3157,3,0,3,0.392493
2570,1,43,14,2,transit,AM,0,71.2637,66716.9,332;731;727;735;642;652;630;664;622;610;636;715;682;658;745;604;616;676;721;694;670;739;704;645,43;230;228;232;185;190;179;196;174;168;182;222;205;193;237;165;171;202;225;211;199;234;216;187;14,,0.869169,43;230;228;232;185;190;179;196;174;168;182;222;205;193;237;165;171;202;225;211;199;234;216;187;14,332;731;727;735;642;652;630;664;622;610;636;715;682;658;745;604;616;676;721;694;670;739;704;645,41.4648,66.7169,71.2637,71.2637,4688_15850,3,0,3,2.60751
2571,0,43,14,1,transit,AM,0,71.2637,66716.9,331;729;725;733;640;650;628;662;620;608;634;713;680;656;743;602;614;674;719;692;668;737;702;643,43;229;227;231;184;189;178;195;173;167;181;221;204;192;236;164;170;201;224;210;198;233;215;186;14,,0.130831,43;229;227;231;184;189;178;195;173;167;181;221;204;192;236;164;170;201;224;210;198;233;215;186;14,331;729;725;733;640;650;628;662;620;608;634;713;680;656;743;602;614;674;719;692;668;737;702;643,41.4648,66.7169,71.2637,71.2637,4665_15803,3,0,3,0.392493
2572,1,43,15,2,transit,AM,0,13.4962,12497.2,332;731;727;735;642;651,43;230;228;232;185;190;15,,0.869169,43;230;228;232;185;190;15,332;731;727;735;642;651,7.76704,12.4972,13.4962,13.4962,1123_3818,8,0,8,6.95335
2573,0,43,15,1,transit,AM,0,13.4962,12497.2,331;729;725;733;640;649,43;229;227;231;184;189;15,,0.130831,43;229;227;231;184;189;15,331;729;725;733;640;649,7.76704,12.4972,13.4962,13.4962,1118_3807,8,0,8,1.04665
2574,0,43,17,1,transit,AM,0,54.4875,50971,334;1117;1115;1120;1090;1092;1086;1100;1082;1078;1088;1112;1106;1098;1122;1076;1080;1102;1084;1094;1108;1110;1095,43;428;427;429;414;415;412;419;410;408;413;425;422;418;430;407;409;420;411;416;423;424;417;17,,1,43;428;427;429;414;415;412;419;410;408;413;425;422;418;430;407;409;420;411;416;423;424;417;17,334;1117;1115;1120;1090;1092;1086;1100;1082;1078;1088;1112;1106;1098;1122;1076;1080;1102;1084;1094;1108;1110;1095,31.6787,50.971,54.4875,54.4875,9257_24489,3,0,3,3
2575,2,43,19,3,transit,AM,0,26.2983,24513,334;1117;1115;1120;1090;1092;1086;1100;1082;1078;1088;1112;1106;1097,43;428;427;429;414;415;412;419;410;408;413;425;422;418;19,,0.079768,43;428;427;429;414;415;412;419;410;408;413;425;422;418;19,334;1117;1115;1120;1090;1092;1086;1100;1082;1078;1088;1112;1106;1097,15.235,24.513,26.2983,26.2983,5502_14617,7,0,7,0.558376
2576,1,43,19,2,transit,AM,0,26.2983,24513,332;731;727;735;642;652;630;664;622;610;636;715;682;657,43;230;228;232;185;190;179;196;174;168;182;222;205;193;19,,0.789401,43;230;228;232;185;190;179;196;174;168;182;222;205;193;19,332;731;727;735;642;652;630;664;622;610;636;715;682;657,15.235,24.513,26.2983,26.2983,2646_9035,7,0,7,5.52581
2577,0,43,19,1,transit,AM,0,26.2983,24513,331;729;725;733;640;650;628;662;620;608;634;713;680;655,43;229;227;231;184;189;178;195;173;167;181;221;204;192;19,,0.130831,43;229;227;231;184;189;178;195;173;167;181;221;204;192;19,331;729;725;733;640;650;628;662;620;608;634;713;680;655,15.235,24.513,26.2983,26.2983,2633_9008,7,0,7,0.915817
2578,2,43,22,3,transit,AM,0,18.1058,16823.7,334;1117;1115;1120;1090;1092;1086;1099,43;428;427;429;414;415;412;419;22,,0.0558212,43;428;427;429;414;415;412;419;22,334;1117;1115;1120;1090;1092;1086;1099,10.456,16.8237,18.1058,18.1058,3009_8053,2,0,2,0.111642
2579,1,43,22,2,transit,AM,0,18.1058,16823.7,332;731;727;735;642;652;630;663,43;230;228;232;185;190;179;196;22,,0.813348,43;230;228;232;185;190;179;196;22,332;731;727;735;642;652;630;663,10.456,16.8237,18.1058,18.1058,1505_5112,2,0,2,1.6267
2580,0,43,22,1,transit,AM,0,18.1058,16823.7,331;729;725;733;640;650;628;661,43;229;227;231;184;189;178;195;22,,0.130831,43;229;227;231;184;189;178;195;22,331;729;725;733;640;650;628;661,10.456,16.8237,18.1058,18.1058,1498_5097,2,0,2,0.261662
2581,0,43,27,1,transit,AM,0,2.14492,1843,333;1069;1055,43;404;397;27,,1,43;404;397;27,333;1069;1055,1.14543,1.843,2.14492,2.14492,871_2457,4,0,4,4
2582,2,43,29,3,transit,AM,0,25.6969,23948.5,334;1117;1115;1120;1090;1092;1086;1100;1082;1078;1088;1112;1105,43;428;427;429;414;415;412;419;410;408;413;425;422;29,,0.079768,43;428;427;429;414;415;412;419;410;408;413;425;422;29,334;1117;1115;1120;1090;1092;1086;1100;1082;1078;1088;1112;1105,14.8841,23.9485,25.6969,25.6969,5094_13519,3,0,3,0.239304
2583,1,43,29,2,transit,AM,0,25.6969,23948.5,332;731;727;735;642;652;630;664;622;610;636;715;681,43;230;228;232;185;190;179;196;174;168;182;222;205;29,,0.789401,43;230;228;232;185;190;179;196;174;168;182;222;205;29,332;731;727;735;642;652;630;664;622;610;636;715;681,14.8841,23.9485,25.6969,25.6969,2463_8377,3,0,3,2.3682
2584,0,43,29,1,transit,AM,0,25.6969,23948.5,331;729;725;733;640;650;628;662;620;608;634;713;679,43;229;227;231;184;189;178;195;173;167;181;221;204;29,,0.130831,43;229;227;231;184;189;178;195;173;167;181;221;204;29,331;729;725;733;640;650;628;662;620;608;634;713;679,14.8841,23.9485,25.6969,25.6969,2451_8352,3,0,3,0.392493
2585,1,43,33,2,transit,AM,0,51.106,47797.2,332;731;727;735;642;652;630;664;622;610;636;715;682;658;745;604;616;676;721;693,43;230;228;232;185;190;179;196;174;168;182;222;205;193;237;165;171;202;225;211;33,,0.869169,43;230;228;232;185;190;179;196;174;168;182;222;205;193;237;165;171;202;225;211;33,332;731;727;735;642;652;630;664;622;610;636;715;682;658;745;604;616;676;721;693,29.7061,47.7972,51.106,51.106,3871_13091,1,0,1,0.869169
2586,0,43,33,1,transit,AM,0,51.106,47797.2,331;729;725;733;640;650;628;662;620;608;634;713;680;656;743;602;614;674;719;691,43;229;227;231;184;189;178;195;173;167;181;221;204;192;236;164;170;201;224;210;33,,0.130831,43;229;227;231;184;189;178;195;173;167;181;221;204;192;236;164;170;201;224;210;33,331;729;725;733;640;650;628;662;620;608;634;713;680;656;743;602;614;674;719;691,29.7061,47.7972,51.106,51.106,3852_13052,1,0,1,0.130831
2587,2,43,38,3,transit,AM,0,24.934,23232.5,334;1117;1115;1120;1090;1092;1086;1100;1082;1078;1088;1111,43;428;427;429;414;415;412;419;410;408;413;425;38,,0.079768,43;428;427;429;414;415;412;419;410;408;413;425;38,334;1117;1115;1120;1090;1092;1086;1100;1082;1078;1088;1111,14.4391,23.2325,24.934,24.934,4681_12413,4,0,4,0.319072
2588,1,43,38,2,transit,AM,0,24.934,23232.5,332;731;727;735;642;652;630;664;622;610;636;714,43;230;228;232;185;190;179;196;174;168;182;222;38,,0.789401,43;230;228;232;185;190;179;196;174;168;182;222;38,332;731;727;735;642;652;630;664;622;610;636;714,14.4391,23.2325,24.934,24.934,2267_7695,4,0,4,3.1576
2589,0,43,38,1,transit,AM,0,24.934,23232.5,331;729;725;733;640;650;628;662;620;608;634;712,43;229;227;231;184;189;178;195;173;167;181;221;38,,0.130831,43;229;227;231;184;189;178;195;173;167;181;221;38,331;729;725;733;640;650;628;662;620;608;634;712,14.4391,23.2325,24.934,24.934,2256_7672,4,0,4,0.523324
2590,0,43,39,1,transit,AM,0,58.1319,54391.6,334;1117;1115;1120;1090;1092;1086;1100;1082;1078;1088;1112;1106;1098;1122;1076;1080;1102;1084;1094;1108;1110;1096;1113,43;428;427;429;414;415;412;419;410;408;413;425;422;418;430;407;409;420;411;416;423;424;417;426;39,,1,43;428;427;429;414;415;412;419;410;408;413;425;422;418;430;407;409;420;411;416;423;424;417;426;39,334;1117;1115;1120;1090;1092;1086;1100;1082;1078;1088;1112;1106;1098;1122;1076;1080;1102;1084;1094;1108;1110;1096;1113,33.8046,54.3916,58.1319,58.1319,9705_25603,3,0,3,3
2591,1,43,42,2,transit,AM,0,3.65857,3263.69,332;731;726,43;230;228;42,,0.869169,43;230;228;42,332;731;726,2.0284,3.26369,3.65857,3.65857,543_1789,3,0,3,2.60751
2592,0,43,42,1,transit,AM,0,3.65857,3263.69,331;729;724,43;229;227;42,,0.130831,43;229;227;42,331;729;724,2.0284,3.26369,3.65857,3.65857,541_1784,3,0,3,0.392493
2593,1,43,45,2,transit,AM,0,7.76283,7115.9,332;731;727;734,43;230;228;232;45,,0.869169,43;230;228;232;45,332;731;727;734,4.42256,7.1159,7.76283,7.76283,778_2524,1,0,1,0.869169
2594,0,43,45,1,transit,AM,0,7.76283,7115.9,331;729;725;732,43;229;227;231;45,,0.130831,43;229;227;231;45,331;729;725;732,4.42256,7.1159,7.76283,7.76283,775_2517,1,0,1,0.130831
2595,2,43,50,3,transit,AM,0,35.9463,33568.5,334;1117;1115;1120;1090;1092;1086;1100;1082;1078;1088;1112;1106;1098;1121,43;428;427;429;414;415;412;419;410;408;413;425;422;418;430;50,,0.079768,43;428;427;429;414;415;412;419;410;408;413;425;422;418;430;50,334;1117;1115;1120;1090;1092;1086;1100;1082;1078;1088;1112;1106;1098;1121,20.863,33.5685,35.9463,35.9463,5963_15739,1,0,1,0.079768
2596,1,43,50,2,transit,AM,0,35.9463,33568.5,332;731;727;735;642;652;630;664;622;610;636;715;682;658;744,43;230;228;232;185;190;179;196;174;168;182;222;205;193;237;50,,0.789401,43;230;228;232;185;190;179;196;174;168;182;222;205;193;237;50,332;731;727;735;642;652;630;664;622;610;636;715;682;658;744,20.863,33.5685,35.9463,35.9463,2914_9780,1,0,1,0.789401
2597,0,43,50,1,transit,AM,0,35.9463,33568.5,331;729;725;733;640;650;628;662;620;608;634;713;680;656;742,43;229;227;231;184;189;178;195;173;167;181;221;204;192;236;50,,0.130831,43;229;227;231;184;189;178;195;173;167;181;221;204;192;236;50,331;729;725;733;640;650;628;662;620;608;634;713;680;656;742,20.863,33.5685,35.9463,35.9463,2900_9751,1,0,1,0.130831
2598,1,44,1,2,transit,AM,0,28.7821,26844.1,337;851;810;774;845;782;804;816;755,44;292;270;252;289;256;267;273;243;1,,0.0685305,44;292;270;252;289;256;267;273;243;1,337;851;810;774;845;782;804;816;755,16.6837,26.8441,28.7819,28.7821,2187_6774,14,0,14,0.959427
2599,2,44,1,3,transit,AM,0,28.7819,26844.1,336;849;808;772;843;780;802;814;753,44;291;269;251;288;255;266;272;242;1,,0.800639,44;291;269;251;288;255;266;272;242;1,336;849;808;772;843;780;802;814;753,16.6837,26.8441,28.7819,28.7819,2179_6757,14,0,14,11.2089
2600,0,44,1,1,transit,AM,0,28.7824,26844.1,335;847;806;770;841;778;800;812;751,44;290;268;250;287;254;265;271;241;1,,0.130831,44;290;268;250;287;254;265;271;241;1,335;847;806;770;841;778;800;812;751,16.6837,26.8441,28.7819,28.7824,2171_6740,14,0,14,1.83163
2601,1,44,2,2,transit,AM,0,44.4393,41539.8,340;966;944;914;962;924;936;948;974;930;954;958;920;901,44;351;340;324;349;329;336;342;355;333;345;347;327;318;2,,0.845222,44;351;340;324;349;329;336;342;355;333;345;347;327;318;2,340;966;944;914;962;924;936;948;974;930;954;958;920;901,25.8172,41.5398,44.4392,44.4393,4442_12571,7,0,7,5.91656
2602,0,44,2,1,transit,AM,0,44.4393,41539.8,339;964;942;912;960;922;934;946;972;928;952;956;918;899,44;350;339;323;348;328;335;341;354;332;344;346;326;317;2,,0.154778,44;350;339;323;348;328;335;341;354;332;344;346;326;317;2,339;964;942;912;960;922;934;946;972;928;952;956;918;899,25.8172,41.5398,44.4392,44.4393,4429_12544,7,0,7,1.08344
2603,2,44,3,3,transit,AM,0,29.3881,27413.1,336;849;808;772;843;780;802;814;754;759,44;291;269;251;288;255;266;272;242;245;3,,0.800639,44;291;269;251;288;255;266;272;242;245;3,336;849;808;772;843;780;802;814;754;759,17.0373,27.4131,29.3881,29.3881,2426_7517,14,0,14,11.2089
2604,1,44,3,2,transit,AM,0,29.3883,27413.1,337;851;810;774;845;782;804;816;756;761,44;292;270;252;289;256;267;273;243;246;3,,0.0685305,44;292;270;252;289;256;267;273;243;246;3,337;851;810;774;845;782;804;816;756;761,17.0373,27.4131,29.3881,29.3883,2435_7536,14,0,14,0.959427
2605,0,44,3,1,transit,AM,0,29.3885,27413.1,335;847;806;770;841;778;800;812;752;757,44;290;268;250;287;254;265;271;241;244;3,,0.130831,44;290;268;250;287;254;265;271;241;244;3,335;847;806;770;841;778;800;812;752;757,17.0373,27.4131,29.3881,29.3885,2417_7498,14,0,14,1.83163
2606,1,44,4,2,transit,AM,0,45.9544,42961.8,340;966;944;914;962;924;936;948;974;930;954;958;920;902;905,44;351;340;324;349;329;336;342;355;333;345;347;327;318;320;4,,0.845222,44;351;340;324;349;329;336;342;355;333;345;347;327;318;320;4,340;966;944;914;962;924;936;948;974;930;954;958;920;902;905,26.701,42.9618,45.9543,45.9544,4764_13477,4,0,4,3.38089
2607,0,44,4,1,transit,AM,0,45.9544,42961.8,339;964;942;912;960;922;934;946;972;928;952;956;918;900;903,44;350;339;323;348;328;335;341;354;332;344;346;326;317;319;4,,0.154778,44;350;339;323;348;328;335;341;354;332;344;346;326;317;319;4,339;964;942;912;960;922;934;946;972;928;952;956;918;900;903,26.701,42.9618,45.9543,45.9544,4750_13448,4,0,4,0.619111
2608,2,44,6,3,transit,AM,0,34.7337,32430.4,336;849;808;772;843;780;802;814;754;760;820;765,44;291;269;251;288;255;266;272;242;245;275;248;6,,0.800639,44;291;269;251;288;255;266;272;242;245;275;248;6,336;849;808;772;843;780;802;814;754;760;820;765,20.1556,32.4304,34.7337,34.7337,2952_9103,1,0,1,0.800639
2609,1,44,6,2,transit,AM,0,34.7339,32430.4,337;851;810;774;845;782;804;816;756;762;822;767,44;292;270;252;289;256;267;273;243;246;276;249;6,,0.0685305,44;292;270;252;289;256;267;273;243;246;276;249;6,337;851;810;774;845;782;804;816;756;762;822;767,20.1556,32.4304,34.7337,34.7339,2963_9126,1,0,1,0.0685305
2610,0,44,6,1,transit,AM,0,34.7342,32430.4,335;847;806;770;841;778;800;812;752;758;818;763,44;290;268;250;287;254;265;271;241;244;274;247;6,,0.130831,44;290;268;250;287;254;265;271;241;244;274;247;6,335;847;806;770;841;778;800;812;752;758;818;763,20.1556,32.4304,34.7337,34.7342,2941_9080,1,0,1,0.130831
2611,1,44,7,2,transit,AM,0,50.5135,47241,340;966;944;914;962;924;936;948;974;930;954;958;920;902;906;940;909,44;351;340;324;349;329;336;342;355;333;345;347;327;318;320;338;322;7,,0.845222,44;351;340;324;349;329;336;342;355;333;345;347;327;318;320;338;322;7,340;966;944;914;962;924;936;948;974;930;954;958;920;902;906;940;909,29.3604,47.241,50.5135,50.5135,5427_15327,1,0,1,0.845222
2612,0,44,7,1,transit,AM,0,50.5135,47241,339;964;942;912;960;922;934;946;972;928;952;956;918;900;904;938;907,44;350;339;323;348;328;335;341;354;332;344;346;326;317;319;337;321;7,,0.154778,44;350;339;323;348;328;335;341;354;332;344;346;326;317;319;337;321;7,339;964;942;912;960;922;934;946;972;928;952;956;918;900;904;938;907,29.3604,47.241,50.5135,50.5135,5411_15294,1,0,1,0.154778
2613,2,44,8,3,transit,AM,0,10.1543,9360.49,336;849;808;771,44;291;269;251;8,,0.800639,44;291;269;251;8,336;849;808;771,5.81758,9.36049,10.1543,10.1543,863_2764,8,0,8,6.40511
2614,1,44,8,2,transit,AM,0,10.1543,9360.49,337;851;810;773,44;292;270;252;8,,0.0685305,44;292;270;252;8,337;851;810;773,5.81758,9.36049,10.1543,10.1543,866_2771,8,0,8,0.548244
2615,0,44,8,1,transit,AM,0,10.1543,9360.49,335;847;806;769,44;290;268;250;8,,0.130831,44;290;268;250;8,335;847;806;769,5.81758,9.36049,10.1543,10.1543,860_2757,8,0,8,1.04665
2616,1,44,9,2,transit,AM,0,36.483,34072,341;1016;1020;996;1024;1008;984,44;377;379;367;381;373;361;9,,0.611519,44;377;379;367;381;373;361;9,341;1016;1020;996;1024;1008;984,21.1759,34.072,36.483,36.483,2291_6389,10,0,10,6.11519
2617,0,44,9,1,transit,AM,0,36.483,34072,338;894;896;874;898;884;866,44;314;315;304;316;309;300;9,,0.388481,44;314;315;304;316;309;300;9,338;894;896;874;898;884;866,21.1759,34.072,36.483,36.483,1911_5650,10,0,10,3.88481
2618,1,44,11,2,transit,AM,0,42.6613,39871,340;966;944;914;962;924;936;948;974;930;954;958;919,44;351;340;324;349;329;336;342;355;333;345;347;327;11,,0.845222,44;351;340;324;349;329;336;342;355;333;345;347;327;11,340;966;944;914;962;924;936;948;974;930;954;958;919,24.78,39.871,42.6613,42.6613,4133_11669,18,0,18,15.214
2619,0,44,11,1,transit,AM,0,42.6613,39871,339;964;942;912;960;922;934;946;972;928;952;956;917,44;350;339;323;348;328;335;341;354;332;344;346;326;11,,0.154778,44;350;339;323;348;328;335;341;354;332;344;346;326;11,339;964;942;912;960;922;934;946;972;928;952;956;917,24.78,39.871,42.6613,42.6613,4121_11644,18,0,18,2.786
2620,2,44,13,3,transit,AM,0,19.567,18195.2,336;849;808;772;843;779,44;291;269;251;288;255;13,,0.800639,44;291;269;251;288;255;13,336;849;808;772;843;779,11.3084,18.1952,19.567,19.567,1411_4387,4,0,4,3.20255
2621,1,44,13,2,transit,AM,0,19.5671,18195.2,337;851;810;774;845;781,44;292;270;252;289;256;13,,0.0685305,44;292;270;252;289;256;13,337;851;810;774;845;781,11.3084,18.1952,19.567,19.5671,1416_4398,4,0,4,0.274122
2622,0,44,13,1,transit,AM,0,19.5672,18195.2,335;847;806;770;841;777,44;290;268;250;287;254;13,,0.130831,44;290;268;250;287;254;13,335;847;806;770;841;777,11.3084,18.1952,19.567,19.5672,1406_4376,4,0,4,0.523324
2623,1,44,15,2,transit,AM,0,53.2344,49794.7,340;966;944;914;962;924;936;948;974;930;954;958;920;902;906;940;910;926,44;351;340;324;349;329;336;342;355;333;345;347;327;318;320;338;322;331;15,,0.845222,44;351;340;324;349;329;336;342;355;333;345;347;327;318;320;338;322;331;15,340;966;944;914;962;924;936;948;974;930;954;958;920;902;906;940;910;926,30.9476,49.7947,53.2343,53.2344,5766_16254,5,0,5,4.22611
2624,0,44,15,1,transit,AM,0,53.2343,49794.7,339;964;942;912;960;922;934;946;972;928;952;956;918;900;904;938;908;925,44;350;339;323;348;328;335;341;354;332;344;346;326;317;319;337;321;330;15,,0.154778,44;350;339;323;348;328;335;341;354;332;344;346;326;317;319;337;321;330;15,339;964;942;912;960;922;934;946;972;928;952;956;918;900;904;938;908;925,30.9476,49.7947,53.2343,53.2343,5749_16220,5,0,5,0.773889
2625,2,44,16,3,transit,AM,0,36.759,34331.3,336;849;808;772;843;780;802;814;754;760;820;766;785,44;291;269;251;288;255;266;272;242;245;275;248;258;16,,0.800639,44;291;269;251;288;255;266;272;242;245;275;248;258;16,336;849;808;772;843;780;802;814;754;760;820;766;785,21.337,34.3313,36.759,36.759,3220_9889,3,0,3,2.40192
2626,1,44,16,2,transit,AM,0,36.7592,34331.3,337;851;810;774;845;782;804;816;756;762;822;768;787,44;292;270;252;289;256;267;273;243;246;276;249;259;16,,0.0685305,44;292;270;252;289;256;267;273;243;246;276;249;259;16,337;851;810;774;845;782;804;816;756;762;822;768;787,21.337,34.3313,36.759,36.7592,3232_9914,3,0,3,0.205592
2627,0,44,16,1,transit,AM,0,36.7595,34331.3,335;847;806;770;841;778;800;812;752;758;818;764;783,44;290;268;250;287;254;265;271;241;244;274;247;257;16,,0.130831,44;290;268;250;287;254;265;271;241;244;274;247;257;16,335;847;806;770;841;778;800;812;752;758;818;764;783,21.337,34.3313,36.759,36.7595,3208_9864,3,0,3,0.392493
2628,1,44,19,2,transit,AM,0,40.4322,37778.8,340;966;944;914;962;924;936;948;974;929,44;351;340;324;349;329;336;342;355;333;19,,0.845222,44;351;340;324;349;329;336;342;355;333;19,340;966;944;914;962;924;936;948;974;929,23.4797,37.7788,40.4321,40.4322,3122_8837,34,0,34,28.7376
2629,0,44,19,1,transit,AM,0,40.4321,37778.8,339;964;942;912;960;922;934;946;972;927,44;350;339;323;348;328;335;341;354;332;19,,0.154778,44;350;339;323;348;328;335;341;354;332;19,339;964;942;912;960;922;934;946;972;927,23.4797,37.7788,40.4321,40.4321,3113_8818,34,0,34,5.26244
2630,1,44,20,2,transit,AM,0,12.0738,11162,341;1016;1020;995,44;377;379;367;20,,0.611519,44;377;379;367;20,341;1016;1020;995,6.93724,11.162,12.0738,12.0738,1187_3372,12,0,12,7.33822
2631,0,44,20,1,transit,AM,0,12.0738,11162,338;894;896;873,44;314;315;304;20,,0.388481,44;314;315;304;20,338;894;896;873,6.93724,11.162,12.0738,12.0738,997_3001,12,0,12,4.66178
2632,2,44,21,3,transit,AM,0,23.1606,21568.1,336;849;808;772;843;780;801,44;291;269;251;288;255;266;21,,0.800639,44;291;269;251;288;255;266;21,336;849;808;772;843;780;801,13.4046,21.5681,23.1606,23.1606,1685_5189,4,0,4,3.20255
2633,1,44,21,2,transit,AM,0,23.1607,21568.1,337;851;810;774;845;782;803,44;292;270;252;289;256;267;21,,0.0685305,44;292;270;252;289;256;267;21,337;851;810;774;845;782;803,13.4046,21.5681,23.1606,23.1607,1691_5202,4,0,4,0.274122
2634,0,44,21,1,transit,AM,0,23.1608,21568.1,335;847;806;770;841;778;799,44;290;268;250;287;254;265;21,,0.130831,44;290;268;250;287;254;265;21,335;847;806;770;841;778;799,13.4046,21.5681,23.1606,23.1608,1679_5176,4,0,4,0.523324
2635,4,44,23,4,transit,AM,0,5.24638,4754.01,339;964;941,44;350;339;23,,0.25765,44;350;339;23,339;964;941,2.95464,4.75401,5.24638,5.24638,756_2244,3,0,3,0.772951
2636,2,44,23,3,transit,AM,0,5.24638,4754.01,336;849;807,44;291;269;23,,0.542988,44;291;269;23,336;849;807,2.95464,4.75401,5.24638,5.24638,627_1992,3,0,3,1.62896
2637,1,44,23,2,transit,AM,0,5.24639,4754.01,337;851;809,44;292;270;23,,0.0685305,44;292;270;23,337;851;809,2.95464,4.75401,5.24638,5.24639,629_1997,3,0,3,0.205592
2638,0,44,23,1,transit,AM,0,5.24638,4754.01,335;847;805,44;290;268;23,,0.130831,44;290;268;23,335;847;805,2.95464,4.75401,5.24638,5.24638,625_1987,3,0,3,0.392493
2639,2,44,25,3,transit,AM,0,27.8447,25964.5,336;849;808;772;843;780;802;813,44;291;269;251;288;255;266;272;25,,0.800639,44;291;269;251;288;255;266;272;25,336;849;808;772;843;780;802;813,16.137,25.9645,27.8447,27.8447,1961_6003,10,0,10,8.00638
2640,1,44,25,2,transit,AM,0,27.8449,25964.5,337;851;810;774;845;782;804;815,44;292;270;252;289;256;267;273;25,,0.0685305,44;292;270;252;289;256;267;273;25,337;851;810;774;845;782;804;815,16.137,25.9645,27.8447,27.8449,1968_6018,10,0,10,0.685305
2641,0,44,25,1,transit,AM,0,27.8451,25964.5,335;847;806;770;841;778;800;811,44;290;268;250;287;254;265;271;25,,0.130831,44;290;268;250;287;254;265;271;25,335;847;806;770;841;778;800;811,16.137,25.9645,27.8447,27.8451,1954_5988,10,0,10,1.30831
2642,2,44,26,3,transit,AM,0,31.8506,29724.4,336;849;808;772;843;780;802;814;754;760;819,44;291;269;251;288;255;266;272;242;245;275;26,,0.800639,44;291;269;251;288;255;266;272;242;245;275;26,336;849;808;772;843;780;802;814;754;760;819,18.4738,29.7244,31.8506,31.8506,2724_8337,5,0,5,4.00319
2643,1,44,26,2,transit,AM,0,31.8508,29724.4,337;851;810;774;845;782;804;816;756;762;821,44;292;270;252;289;256;267;273;243;246;276;26,,0.0685305,44;292;270;252;289;256;267;273;243;246;276;26,337;851;810;774;845;782;804;816;756;762;821,18.4738,29.7244,31.8506,31.8508,2734_8358,5,0,5,0.342653
2644,0,44,26,1,transit,AM,0,31.8511,29724.4,335;847;806;770;841;778;800;812;752;758;817,44;290;268;250;287;254;265;271;241;244;274;26,,0.130831,44;290;268;250;287;254;265;271;241;244;274;26,335;847;806;770;841;778;800;812;752;758;817,18.4738,29.7244,31.8506,31.8511,2714_8316,5,0,5,0.654155
2645,1,44,28,2,transit,AM,0,31.3561,29260,341;1016;1020;996;1024;1007,44;377;379;367;381;373;28,,0.611519,44;377;379;367;381;373;28,341;1016;1020;996;1024;1007,18.1852,29.26,31.3561,31.3561,1949_5404,8,0,8,4.89215
2646,0,44,28,1,transit,AM,0,31.3561,29260,338;894;896;874;898;883,44;314;315;304;316;309;28,,0.388481,44;314;315;304;316;309;28,338;894;896;874;898;883,18.1852,29.26,31.3561,31.3561,1630_4783,8,0,8,3.10785
2647,1,44,29,2,transit,AM,0,41.0336,38343.3,340;966;944;914;962;924;936;948;974;930;953,44;351;340;324;349;329;336;342;355;333;345;29,,0.845222,44;351;340;324;349;329;336;342;355;333;345;29,340;966;944;914;962;924;936;948;974;930;953,23.8305,38.3433,41.0336,41.0336,3477_9791,33,0,33,27.8923
2648,0,44,29,1,transit,AM,0,41.0336,38343.3,339;964;942;912;960;922;934;946;972;928;951,44;350;339;323;348;328;335;341;354;332;344;29,,0.154778,44;350;339;323;348;328;335;341;354;332;344;29,339;964;942;912;960;922;934;946;972;928;951,23.8305,38.3433,41.0336,41.0336,3467_9770,33,0,33,5.10767
2649,2,44,30,3,transit,AM,0,38.2743,35753.6,336;849;808;772;843;780;802;814;754;760;820;766;786;827,44;291;269;251;288;255;266;272;242;245;275;248;258;279;30,,0.800639,44;291;269;251;288;255;266;272;242;245;275;248;258;279;30,336;849;808;772;843;780;802;814;754;760;820;766;786;827,22.221,35.7536,38.2743,38.2743,3513_10717,1,0,1,0.800639
2650,1,44,30,2,transit,AM,0,38.2745,35753.6,337;851;810;774;845;782;804;816;756;762;822;768;788;829,44;292;270;252;289;256;267;273;243;246;276;249;259;280;30,,0.0685305,44;292;270;252;289;256;267;273;243;246;276;249;259;280;30,337;851;810;774;845;782;804;816;756;762;822;768;788;829,22.221,35.7536,38.2743,38.2745,3526_10744,1,0,1,0.0685305
2651,0,44,30,1,transit,AM,0,38.2749,35753.6,335;847;806;770;841;778;800;812;752;758;818;764;784;825,44;290;268;250;287;254;265;271;241;244;274;247;257;278;30,,0.130831,44;290;268;250;287;254;265;271;241;244;274;247;257;278;30,335;847;806;770;841;778;800;812;752;758;818;764;784;825,22.221,35.7536,38.2743,38.2749,3500_10690,1,0,1,0.130831
2652,1,44,38,2,transit,AM,0,41.7965,39059.3,340;966;944;914;962;924;936;948;974;930;954;957,44;351;340;324;349;329;336;342;355;333;345;347;38,,0.845222,44;351;340;324;349;329;336;342;355;333;345;347;38,340;966;944;914;962;924;936;948;974;930;954;957,24.2755,39.0593,41.7964,41.7965,3833_10749,16,0,16,13.5236
2653,0,44,38,1,transit,AM,0,41.7965,39059.3,339;964;942;912;960;922;934;946;972;928;952;955,44;350;339;323;348;328;335;341;354;332;344;346;38,,0.154778,44;350;339;323;348;328;335;341;354;332;344;346;38,339;964;942;912;960;922;934;946;972;928;952;955,24.2755,39.0593,41.7964,41.7965,3822_10726,16,0,16,2.47644
2654,2,44,41,3,transit,AM,0,14.5126,13451.2,336;849;808;772;842,44;291;269;251;288;41,,0.800639,44;291;269;251;288;41,336;849;808;772;842,8.35997,13.4512,14.5126,14.5126,1184_3607,9,0,9,7.20575
2655,1,44,41,2,transit,AM,0,14.5127,13451.2,337;851;810;774;844,44;292;270;252;289;41,,0.0685305,44;292;270;252;289;41,337;851;810;774;844,8.35997,13.4512,14.5126,14.5127,1188_3616,9,0,9,0.616775
2656,0,44,41,1,transit,AM,0,14.5127,13451.2,335;847;806;770;840,44;290;268;250;287;41,,0.130831,44;290;268;250;287;41,335;847;806;770;840,8.35997,13.4512,14.5126,14.5127,1180_3598,9,0,9,1.17748
2657,1,44,46,2,transit,AM,0,6.59135,6016.34,341;1016;1019,44;377;379;46,,0.611519,44;377;379;46,341;1016;1019,3.73918,6.01634,6.59135,6.59135,846_2376,12,0,12,7.33822
2658,0,44,46,1,transit,AM,0,6.59135,6016.34,338;894;895,44;314;315;46,,0.388481,44;314;315;46,338;894;895,3.73918,6.01634,6.59135,6.59135,719_2127,12,0,12,4.66178
2659,1,44,47,2,transit,AM,0,19.4899,18122.6,341;1016;1020;996;1023,44;377;379;367;381;47,,0.611519,44;377;379;367;381;47,341;1016;1020;996;1023,11.2633,18.1226,19.4899,19.4899,1595_4396,13,0,13,7.94974
2660,0,44,47,1,transit,AM,0,19.4899,18122.6,338;894;896;874;897,44;314;315;304;316;47,,0.388481,44;314;315;304;316;47,338;894;896;874;897,11.2633,18.1226,19.4899,19.4899,1340_3899,13,0,13,5.05026
2661,2,45,1,3,transit,AM,0,30.6061,28556.3,348;1120;1090;1092;1086;1100;1082;1078;1088;1112;1106;1098;1122;1075,45;429;414;415;412;419;410;408;413;425;422;418;430;407;1,,0.079768,45;429;414;415;412;419;410;408;413;425;422;418;430;407;1,348;1120;1090;1092;1086;1100;1082;1078;1088;1112;1106;1098;1122;1075,17.7478,28.5563,30.6061,30.6061,5468_14597,3,0,3,0.239304
2662,1,45,1,2,transit,AM,0,30.6061,28556.3,346;735;642;652;630;664;622;610;636;715;682;658;745;603,45;232;185;190;179;196;174;168;182;222;205;193;237;165;1,,0.789401,45;232;185;190;179;196;174;168;182;222;205;193;237;165;1,346;735;642;652;630;664;622;610;636;715;682;658;745;603,17.7478,28.5563,30.6061,30.6061,2574_8940,3,0,3,2.3682
2663,0,45,1,1,transit,AM,0,30.6061,28556.3,345;733;640;650;628;662;620;608;634;713;680;656;743;601,45;231;184;189;178;195;173;167;181;221;204;192;236;164;1,,0.130831,45;231;184;189;178;195;173;167;181;221;204;192;236;164;1,345;733;640;650;628;662;620;608;634;713;680;656;743;601,17.7478,28.5563,30.6061,30.6061,2561_8913,3,0,3,0.392493
2664,1,45,2,2,transit,AM,0,14.7399,13664.5,346;735;642;652;630;664;622;609,45;232;185;190;179;196;174;168;2,,0.789401,45;232;185;190;179;196;174;168;2,346;735;642;652;630;664;622;609,8.49255,13.6645,14.7399,14.7399,1371_4900,6,0,6,4.73641
2665,2,45,2,3,transit,AM,0,14.7399,13664.5,348;1120;1090;1092;1086;1100;1082;1077,45;429;414;415;412;419;410;408;2,,0.079768,45;429;414;415;412;419;410;408;2,348;1120;1090;1092;1086;1100;1082;1077,8.49255,13.6645,14.7399,14.7399,2954_7995,6,0,6,0.478608
2666,0,45,2,1,transit,AM,0,14.7399,13664.5,345;733;640;650;628;662;620;607,45;231;184;189;178;195;173;167;2,,0.130831,45;231;184;189;178;195;173;167;2,345;733;640;650;628;662;620;607,8.49255,13.6645,14.7399,14.7399,1364_4885,6,0,6,0.784986
2667,2,45,3,3,transit,AM,0,31.2122,29125.2,348;1120;1090;1092;1086;1100;1082;1078;1088;1112;1106;1098;1122;1076;1079,45;429;414;415;412;419;410;408;413;425;422;418;430;407;409;3,,0.079768,45;429;414;415;412;419;410;408;413;425;422;418;430;407;409;3,348;1120;1090;1092;1086;1100;1082;1078;1088;1112;1106;1098;1122;1076;1079,18.1014,29.1252,31.2122,31.2122,5879_15677,3,0,3,0.239304
2668,1,45,3,2,transit,AM,0,31.2122,29125.2,346;735;642;652;630;664;622;610;636;715;682;658;745;604;615,45;232;185;190;179;196;174;168;182;222;205;193;237;165;171;3,,0.789401,45;232;185;190;179;196;174;168;182;222;205;193;237;165;171;3,346;735;642;652;630;664;622;610;636;715;682;658;745;604;615,18.1014,29.1252,31.2122,31.2122,2747_9556,3,0,3,2.3682
2669,0,45,3,1,transit,AM,0,31.2122,29125.2,345;733;640;650;628;662;620;608;634;713;680;656;743;602;613,45;231;184;189;178;195;173;167;181;221;204;192;236;164;170;3,,0.130831,45;231;184;189;178;195;173;167;181;221;204;192;236;164;170;3,345;733;640;650;628;662;620;608;634;713;680;656;743;602;613,18.1014,29.1252,31.2122,31.2122,2733_9527,3,0,3,0.392493
2670,2,45,4,3,transit,AM,0,13.2248,12242.5,348;1120;1090;1092;1086;1100;1081,45;429;414;415;412;419;410;4,,0.079768,45;429;414;415;412;419;410;4,348;1120;1090;1092;1086;1100;1081,7.60874,12.2425,13.2248,13.2248,2548_6917,7,0,7,0.558376
2671,1,45,4,2,transit,AM,0,13.2248,12242.5,346;735;642;652;630;664;621,45;232;185;190;179;196;174;4,,0.789401,45;232;185;190;179;196;174;4,346;735;642;652;630;664;621,7.60874,12.2425,13.2248,13.2248,1205_4290,7,0,7,5.52581
2672,0,45,4,1,transit,AM,0,13.2248,12242.5,345;733;640;650;628;662;619,45;231;184;189;178;195;173;4,,0.130831,45;231;184;189;178;195;173;4,345;733;640;650;628;662;619,7.60874,12.2425,13.2248,13.2248,1199_4277,7,0,7,0.915817
2673,0,45,6,1,transit,AM,0,36.5578,34142.5,348;1120;1090;1092;1086;1100;1082;1078;1088;1112;1106;1098;1122;1076;1080;1102;1083,45;429;414;415;412;419;410;408;413;425;422;418;430;407;409;420;411;6,,1,45;429;414;415;412;419;410;408;413;425;422;418;430;407;409;420;411;6,348;1120;1090;1092;1086;1100;1082;1078;1088;1112;1106;1098;1122;1076;1080;1102;1083,21.2197,34.1425,36.5578,36.5578,6713_17863,1,0,1,1
2674,1,45,7,2,transit,AM,0,8.66569,7963.35,346;735;642;652;629,45;232;185;190;179;7,,0.869169,45;232;185;190;179;7,346;735;642;652;629,4.94925,7.96335,8.66569,8.66569,838_3004,3,0,3,2.60751
2675,0,45,7,1,transit,AM,0,8.66569,7963.35,345;733;640;650;627,45;231;184;189;178;7,,0.130831,45;231;184;189;178;7,345;733;640;650;627,4.94925,7.96335,8.66569,8.66569,834_2995,3,0,3,0.392493
2676,2,45,11,3,transit,AM,0,16.5178,15333.3,348;1120;1090;1092;1086;1100;1082;1078;1087,45;429;414;415;412;419;410;408;413;11,,0.079768,45;429;414;415;412;419;410;408;413;11,348;1120;1090;1092;1086;1100;1082;1078;1087,9.52968,15.3333,16.5178,16.5178,3376_9083,50,0,50,3.9884
2677,1,45,11,2,transit,AM,0,16.5178,15333.3,346;735;642;652;630;664;622;610;635,45;232;185;190;179;196;174;168;182;11,,0.789401,45;232;185;190;179;196;174;168;182;11,346;735;642;652;630;664;622;610;635,9.52968,15.3333,16.5178,16.5178,1562_5536,50,0,50,39.4701
2678,0,45,11,1,transit,AM,0,16.5178,15333.3,345;733;640;650;628;662;620;608;633,45;231;184;189;178;195;173;167;181;11,,0.130831,45;231;184;189;178;195;173;167;181;11,345;733;640;650;628;662;620;608;633,9.52968,15.3333,16.5178,16.5178,1554_5519,50,0,50,6.54155
2679,1,45,12,2,transit,AM,0,3.36547,2988.64,346;735;641,45;232;185;12,,0.869169,45;232;185;12,346;735;641,1.85745,2.98864,3.36547,3.36547,474_1722,3,0,3,2.60751
2680,0,45,12,1,transit,AM,0,3.36547,2988.64,345;733;639,45;231;184;12,,0.130831,45;231;184;12,345;733;639,1.85745,2.98864,3.36547,3.36547,472_1717,3,0,3,0.392493
2681,1,45,14,2,transit,AM,0,63.7123,59629.3,346;735;642;652;630;664;622;610;636;715;682;658;745;604;616;676;721;694;670;739;704;645,45;232;185;190;179;196;174;168;182;222;205;193;237;165;171;202;225;211;199;234;216;187;14,,0.869169,45;232;185;190;179;196;174;168;182;222;205;193;237;165;171;202;225;211;199;234;216;187;14,346;735;642;652;630;664;622;610;636;715;682;658;745;604;616;676;721;694;670;739;704;645,37.0599,59.6293,63.7123,63.7123,4232_14406,1,0,1,0.869169
2682,0,45,14,1,transit,AM,0,63.7123,59629.3,345;733;640;650;628;662;620;608;634;713;680;656;743;602;614;674;719;692;668;737;702;643,45;231;184;189;178;195;173;167;181;221;204;192;236;164;170;201;224;210;198;233;215;186;14,,0.130831,45;231;184;189;178;195;173;167;181;221;204;192;236;164;170;201;224;210;198;233;215;186;14,345;733;640;650;628;662;620;608;634;713;680;656;743;602;614;674;719;692;668;737;702;643,37.0599,59.6293,63.7123,63.7123,4211_14363,1,0,1,0.130831
2683,1,45,15,2,transit,AM,0,5.94487,5409.63,346;735;642;651,45;232;185;190;15,,0.869169,45;232;185;190;15,346;735;642;651,3.36211,5.40963,5.94487,5.94487,667_2374,11,0,11,9.56086
2684,0,45,15,1,transit,AM,0,5.94487,5409.63,345;733;640;649,45;231;184;189;15,,0.130831,45;231;184;189;15,345;733;640;649,3.36211,5.40963,5.94487,5.94487,664_2367,11,0,11,1.43914
2685,0,45,16,1,transit,AM,0,38.5831,36043.4,348;1120;1090;1092;1086;1100;1082;1078;1088;1112;1106;1098;1122;1076;1080;1102;1084;1093,45;429;414;415;412;419;410;408;413;425;422;418;430;407;409;420;411;416;16,,1,45;429;414;415;412;419;410;408;413;425;422;418;430;407;409;420;411;416;16,348;1120;1090;1092;1086;1100;1082;1078;1088;1112;1106;1098;1122;1076;1080;1102;1084;1093,22.4011,36.0434,38.5831,38.5831,7139_18957,2,0,2,2
2686,0,45,17,1,transit,AM,0,46.9362,43883.5,348;1120;1090;1092;1086;1100;1082;1078;1088;1112;1106;1098;1122;1076;1080;1102;1084;1094;1108;1110;1095,45;429;414;415;412;419;410;408;413;425;422;418;430;407;409;420;411;416;423;424;417;17,,1,45;429;414;415;412;419;410;408;413;425;422;418;430;407;409;420;411;416;423;424;417;17,348;1120;1090;1092;1086;1100;1082;1078;1088;1112;1106;1098;1122;1076;1080;1102;1084;1094;1108;1110;1095,27.2738,43.8835,46.9362,46.9362,8404_22271,1,0,1,1
2687,2,45,19,3,transit,AM,0,18.747,17425.5,348;1120;1090;1092;1086;1100;1082;1078;1088;1112;1106;1097,45;429;414;415;412;419;410;408;413;425;422;418;19,,0.079768,45;429;414;415;412;419;410;408;413;425;422;418;19,348;1120;1090;1092;1086;1100;1082;1078;1088;1112;1106;1097,10.83,17.4255,18.747,18.747,4649_12399,24,0,24,1.91443
2688,1,45,19,2,transit,AM,0,18.747,17425.5,346;735;642;652;630;664;622;610;636;715;682;657,45;232;185;190;179;196;174;168;182;222;205;193;19,,0.789401,45;232;185;190;179;196;174;168;182;222;205;193;19,346;735;642;652;630;664;622;610;636;715;682;657,10.83,17.4255,18.747,18.747,2190_7591,24,0,24,18.9456
2689,0,45,19,1,transit,AM,0,18.747,17425.5,345;733;640;650;628;662;620;608;634;713;680;655,45;231;184;189;178;195;173;167;181;221;204;192;19,,0.130831,45;231;184;189;178;195;173;167;181;221;204;192;19,345;733;640;650;628;662;620;608;634;713;680;655,10.83,17.4255,18.747,18.747,2179_7568,24,0,24,3.13994
2690,2,45,22,3,transit,AM,0,10.5545,9736.15,348;1120;1090;1092;1086;1099,45;429;414;415;412;419;22,,0.079768,45;429;414;415;412;419;22,348;1120;1090;1092;1086;1099,6.05105,9.73615,10.5545,10.5545,2156_5835,2,0,2,0.159536
2691,1,45,22,2,transit,AM,0,10.5545,9736.15,346;735;642;652;630;663,45;232;185;190;179;196;22,,0.789401,45;232;185;190;179;196;22,346;735;642;652;630;663,6.05105,9.73615,10.5545,10.5545,1049_3668,2,0,2,1.5788
2692,0,45,22,1,transit,AM,0,10.5545,9736.15,345;733;640;650;628;661,45;231;184;189;178;195;22,,0.130831,45;231;184;189;178;195;22,345;733;640;650;628;661,6.05105,9.73615,10.5545,10.5545,1044_3657,2,0,2,0.261662
2693,2,45,26,3,transit,AM,0,33.6748,31436.5,348;1120;1090;1092;1086;1100;1082;1078;1088;1112;1106;1098;1122;1076;1080;1101,45;429;414;415;412;419;410;408;413;425;422;418;430;407;409;420;26,,0.079768,45;429;414;415;412;419;410;408;413;425;422;418;430;407;409;420;26,348;1120;1090;1092;1086;1100;1082;1078;1088;1112;1106;1098;1122;1076;1080;1101,19.5379,31.4365,33.6748,33.6748,6322_16779,3,0,3,0.239304
2694,1,45,26,2,transit,AM,0,33.6748,31436.5,346;735;642;652;630;664;622;610;636;715;682;658;745;604;616;675,45;232;185;190;179;196;174;168;182;222;205;193;237;165;171;202;26,,0.789401,45;232;185;190;179;196;174;168;182;222;205;193;237;165;171;202;26,346;735;642;652;630;664;622;610;636;715;682;658;745;604;616;675,19.5379,31.4365,33.6748,33.6748,2972_10232,3,0,3,2.3682
2695,0,45,26,1,transit,AM,0,33.6748,31436.5,345;733;640;650;628;662;620;608;634;713;680;656;743;602;614;673,45;231;184;189;178;195;173;167;181;221;204;192;236;164;170;201;26,,0.130831,45;231;184;189;178;195;173;167;181;221;204;192;236;164;170;201;26,345;733;640;650;628;662;620;608;634;713;680;656;743;602;614;673,19.5379,31.4365,33.6748,33.6748,2957_10201,3,0,3,0.392493
2696,0,45,27,1,transit,AM,0,9.69621,8930.53,347;1072;1067;1069;1055,45;405;403;404;397;27,,1,45;405;403;404;397;27,347;1072;1067;1069;1055,5.55036,8.93053,9.69621,9.69621,1681_4610,2,0,2,2
2697,2,45,29,3,transit,AM,0,18.1455,16861,348;1120;1090;1092;1086;1100;1082;1078;1088;1112;1105,45;429;414;415;412;419;410;408;413;425;422;29,,0.079768,45;429;414;415;412;419;410;408;413;425;422;29,348;1120;1090;1092;1086;1100;1082;1078;1088;1112;1105,10.4792,16.861,18.1455,18.1455,4241_11301,47,0,47,3.74909
2698,1,45,29,2,transit,AM,0,18.1455,16861,346;735;642;652;630;664;622;610;636;715;681,45;232;185;190;179;196;174;168;182;222;205;29,,0.789401,45;232;185;190;179;196;174;168;182;222;205;29,346;735;642;652;630;664;622;610;636;715;681,10.4792,16.861,18.1455,18.1455,2007_6933,47,0,47,37.1018
2699,0,45,29,1,transit,AM,0,18.1455,16861,345;733;640;650;628;662;620;608;634;713;679,45;231;184;189;178;195;173;167;181;221;204;29,,0.130831,45;231;184;189;178;195;173;167;181;221;204;29,345;733;640;650;628;662;620;608;634;713;679,10.4792,16.861,18.1455,18.1455,1997_6912,47,0,47,6.14906
2700,1,45,35,2,transit,AM,0,57.787,54067.9,346;735;642;652;630;664;622;610;636;715;682;658;745;604;616;676;721;694;670;739;703,45;232;185;190;179;196;174;168;182;222;205;193;237;165;171;202;225;211;199;234;216;35,,0.869169,45;232;185;190;179;196;174;168;182;222;205;193;237;165;171;202;225;211;199;234;216;35,346;735;642;652;630;664;622;610;636;715;682;658;745;604;616;676;721;694;670;739;703,33.6034,54.0679,57.787,57.787,4066_13760,1,0,1,0.869169
2701,0,45,35,1,transit,AM,0,57.787,54067.9,345;733;640;650;628;662;620;608;634;713;680;656;743;602;614;674;719;692;668;737;701,45;231;184;189;178;195;173;167;181;221;204;192;236;164;170;201;224;210;198;233;215;35,,0.130831,45;231;184;189;178;195;173;167;181;221;204;192;236;164;170;201;224;210;198;233;215;35,345;733;640;650;628;662;620;608;634;713;680;656;743;602;614;674;719;692;668;737;701,33.6034,54.0679,57.787,57.787,4046_13719,1,0,1,0.130831
2702,2,45,38,3,transit,AM,0,17.3827,16145,348;1120;1090;1092;1086;1100;1082;1078;1088;1111,45;429;414;415;412;419;410;408;413;425;38,,0.079768,45;429;414;415;412;419;410;408;413;425;38,348;1120;1090;1092;1086;1100;1082;1078;1088;1111,10.0342,16.145,17.3827,17.3827,3828_10195,33,0,33,2.63234
2703,1,45,38,2,transit,AM,0,17.3827,16145,346;735;642;652;630;664;622;610;636;714,45;232;185;190;179;196;174;168;182;222;38,,0.789401,45;232;185;190;179;196;174;168;182;222;38,346;735;642;652;630;664;622;610;636;714,10.0342,16.145,17.3827,17.3827,1811_6251,33,0,33,26.0502
2704,0,45,38,1,transit,AM,0,17.3827,16145,345;733;640;650;628;662;620;608;634;712,45;231;184;189;178;195;173;167;181;221;38,,0.130831,45;231;184;189;178;195;173;167;181;221;38,345;733;640;650;628;662;620;608;634;712,10.0342,16.145,17.3827,17.3827,1802_6232,33,0,33,4.31742
2705,2,45,42,3,transit,AM,0,4.31579,3880.57,344;515;505,45;119;113;42,,0.0821884,45;119;113;42,344;515;505,2.41179,3.88057,4.31579,4.31579,319_1364,2,0,2,0.164377
2706,1,45,42,2,transit,AM,0,4.31579,3880.57,343;513;503,45;118;112;42,,0.143564,45;118;112;42,343;513;503,2.41179,3.88057,4.31579,4.31579,317_1359,2,0,2,0.287127
2707,0,45,42,1,transit,AM,0,4.31579,3880.57,342;511;501,45;117;111;42,,0.774248,45;117;111;42,342;511;501,2.41179,3.88057,4.31579,4.31579,315_1354,2,0,2,1.5485
2708,1,45,43,2,transit,AM,0,7.76283,7115.9,343;513;504;508,45;118;112;115;43,,0.143564,45;118;112;115;43,343;513;504;508,4.42256,7.1159,7.76283,7.76283,433_1868,4,0,4,0.574255
2709,2,45,43,3,transit,AM,0,7.76283,7115.9,344;515;506;509,45;119;113;116;43,,0.0821884,45;119;113;116;43,344;515;506;509,4.42256,7.1159,7.76283,7.76283,436_1874,4,0,4,0.328754
2710,0,45,43,1,transit,AM,0,7.76283,7115.9,342;511;502;507,45;117;111;114;43,,0.774248,45;117;111;114;43,342;511;502;507,4.42256,7.1159,7.76283,7.76283,430_1862,4,0,4,3.09699
2711,1,45,48,2,transit,AM,0,54.9016,51359.7,346;735;642;652;630;664;622;610;636;715;682;658;745;604;616;676;721;694;670;738,45;232;185;190;179;196;174;168;182;222;205;193;237;165;171;202;225;211;199;234;48,,0.869169,45;232;185;190;179;196;174;168;182;222;205;193;237;165;171;202;225;211;199;234;48,346;735;642;652;630;664;622;610;636;715;682;658;745;604;616;676;721;694;670;738,31.9203,51.3597,54.9016,54.9016,3863_13056,1,0,1,0.869169
2712,0,45,48,1,transit,AM,0,54.9016,51359.7,345;733;640;650;628;662;620;608;634;713;680;656;743;602;614;674;719;692;668;736,45;231;184;189;178;195;173;167;181;221;204;192;236;164;170;201;224;210;198;233;48,,0.130831,45;231;184;189;178;195;173;167;181;221;204;192;236;164;170;201;224;210;198;233;48,345;733;640;650;628;662;620;608;634;713;680;656;743;602;614;674;719;692;668;736,31.9203,51.3597,54.9016,54.9016,3844_13017,1,0,1,0.130831
2713,1,46,1,2,transit,AM,0,35.1619,32832.1,350;855;851;810;774;845;782;804;816;755,46;294;292;270;252;289;256;267;273;243;1,,0.0685305,46;294;292;270;252;289;256;267;273;243;1,350;855;851;810;774;845;782;804;816;755,20.4053,32.8321,35.1617,35.1619,2483_7642,16,0,16,1.09649
2714,0,46,1,1,transit,AM,0,35.1617,32832.1,349;853;849;808;772;843;780;802;814;753,46;293;291;269;251;288;255;266;272;242;1,,0.931469,46;293;291;269;251;288;255;266;272;242;1,349;853;849;808;772;843;780;802;814;753,20.4053,32.8321,35.1617,35.1617,2474_7623,16,0,16,14.9035
2715,0,46,2,1,transit,AM,0,50.8191,47527.8,352;968;966;944;914;962;924;936;948;974;930;954;958;920;901,46;352;351;340;324;349;329;336;342;355;333;345;347;327;318;2,,1,46;352;351;340;324;349;329;336;342;355;333;345;347;327;318;2,352;968;966;944;914;962;924;936;948;974;930;954;958;920;901,29.5387,47.5278,50.819,50.8191,4796_13551,10,0,10,10
2716,1,46,3,2,transit,AM,0,35.7681,33401,350;855;851;810;774;845;782;804;816;756;761,46;294;292;270;252;289;256;267;273;243;246;3,,0.0685305,46;294;292;270;252;289;256;267;273;243;246;3,350;855;851;810;774;845;782;804;816;756;761,20.7589,33.401,35.7679,35.7681,2731_8404,14,0,14,0.959427
2717,0,46,3,1,transit,AM,0,35.7679,33401,349;853;849;808;772;843;780;802;814;754;759,46;293;291;269;251;288;255;266;272;242;245;3,,0.931469,46;293;291;269;251;288;255;266;272;242;245;3,349;853;849;808;772;843;780;802;814;754;759,20.7589,33.401,35.7679,35.7679,2721_8383,14,0,14,13.0406
2718,0,46,4,1,transit,AM,0,52.3342,48949.8,352;968;966;944;914;962;924;936;948;974;930;954;958;920;902;905,46;352;351;340;324;349;329;336;342;355;333;345;347;327;318;320;4,,1,46;352;351;340;324;349;329;336;342;355;333;345;347;327;318;320;4,352;968;966;944;914;962;924;936;948;974;930;954;958;920;902;905,30.4225,48.9498,52.3341,52.3342,5118_14457,1,0,1,1
2719,1,46,6,2,transit,AM,0,41.1137,38418.3,350;855;851;810;774;845;782;804;816;756;762;822;767,46;294;292;270;252;289;256;267;273;243;246;276;249;6,,0.0685305,46;294;292;270;252;289;256;267;273;243;246;276;249;6,350;855;851;810;774;845;782;804;816;756;762;822;767,23.8772,38.4183,41.1135,41.1137,3259_9994,1,0,1,0.0685305
2720,0,46,6,1,transit,AM,0,41.1135,38418.3,349;853;849;808;772;843;780;802;814;754;760;820;765,46;293;291;269;251;288;255;266;272;242;245;275;248;6,,0.931469,46;293;291;269;251;288;255;266;272;242;245;275;248;6,349;853;849;808;772;843;780;802;814;754;760;820;765,23.8772,38.4183,41.1135,41.1135,3247_9969,1,0,1,0.93147
2721,0,46,7,1,transit,AM,0,56.8934,53228.9,352;968;966;944;914;962;924;936;948;974;930;954;958;920;902;906;940;909,46;352;351;340;324;349;329;336;342;355;333;345;347;327;318;320;338;322;7,,1,46;352;351;340;324;349;329;336;342;355;333;345;347;327;318;320;338;322;7,352;968;966;944;914;962;924;936;948;974;930;954;958;920;902;906;940;909,33.082,53.2289,56.8933,56.8934,5781_16307,2,0,2,2
2722,1,46,8,2,transit,AM,0,16.5341,15348.5,350;855;851;810;773,46;294;292;270;252;8,,0.0685305,46;294;292;270;252;8,350;855;851;810;773,9.53914,15.3485,16.5341,16.5341,1162_3639,2,0,2,0.137061
2723,0,46,8,1,transit,AM,0,16.5341,15348.5,349;853;849;808;771,46;293;291;269;251;8,,0.931469,46;293;291;269;251;8,349;853;849;808;771,9.53914,15.3485,16.5341,16.5341,1158_3630,2,0,2,1.86294
2724,2,46,9,3,transit,AM,0,30.1032,28084.1,354;1020;996;1024;1008;984,46;379;367;381;373;361;9,,0.542988,46;379;367;381;373;361;9,354;1020;996;1024;1008;984,17.4544,28.0841,30.1032,30.1032,1916_5386,10,0,10,5.42988
2725,1,46,9,2,transit,AM,0,30.1032,28084.1,353;1018;994;1022;1006;983,46;378;366;380;372;360;9,,0.0685305,46;378;366;380;372;360;9,353;1018;994;1022;1006;983,17.4544,28.0841,30.1032,30.1032,1911_5376,10,0,10,0.685305
2726,0,46,9,1,transit,AM,0,30.1032,28084.1,351;896;874;898;884;866,46;315;304;316;309;300;9,,0.388481,46;315;304;316;309;300;9,351;896;874;898;884;866,17.4544,28.0841,30.1032,30.1032,1599_4769,10,0,10,3.88481
2727,0,46,11,1,transit,AM,0,49.0412,45859,352;968;966;944;914;962;924;936;948;974;930;954;958;919,46;352;351;340;324;349;329;336;342;355;333;345;347;327;11,,1,46;352;351;340;324;349;329;336;342;355;333;345;347;327;11,352;968;966;944;914;962;924;936;948;974;930;954;958;919,28.5016,45.859,49.0411,49.0412,4487_12649,25,0,25,25
2728,1,46,13,2,transit,AM,0,25.9469,24183.1,350;855;851;810;774;845;781,46;294;292;270;252;289;256;13,,0.0685305,46;294;292;270;252;289;256;13,350;855;851;810;774;845;781,15.0299,24.1831,25.9468,25.9469,1712_5266,8,0,8,0.548244
2729,0,46,13,1,transit,AM,0,25.9468,24183.1,349;853;849;808;772;843;779,46;293;291;269;251;288;255;13,,0.931469,46;293;291;269;251;288;255;13,349;853;849;808;772;843;779,15.0299,24.1831,25.9468,25.9468,1706_5253,8,0,8,7.45176
2730,0,46,15,1,transit,AM,0,59.6142,55782.7,352;968;966;944;914;962;924;936;948;974;930;954;958;920;902;906;940;910;926,46;352;351;340;324;349;329;336;342;355;333;345;347;327;318;320;338;322;331;15,,1,46;352;351;340;324;349;329;336;342;355;333;345;347;327;318;320;338;322;331;15,352;968;966;944;914;962;924;936;948;974;930;954;958;920;902;906;940;910;926,34.6692,55.7827,59.6141,59.6142,6120_17234,1,0,1,1
2731,1,46,16,2,transit,AM,0,43.139,40319.3,350;855;851;810;774;845;782;804;816;756;762;822;768;787,46;294;292;270;252;289;256;267;273;243;246;276;249;259;16,,0.0685305,46;294;292;270;252;289;256;267;273;243;246;276;249;259;16,350;855;851;810;774;845;782;804;816;756;762;822;768;787,25.0586,40.3193,43.1388,43.139,3528_10782,8,0,8,0.548244
2732,0,46,16,1,transit,AM,0,43.1388,40319.3,349;853;849;808;772;843;780;802;814;754;760;820;766;785,46;293;291;269;251;288;255;266;272;242;245;275;248;258;16,,0.931469,46;293;291;269;251;288;255;266;272;242;245;275;248;258;16,349;853;849;808;772;843;780;802;814;754;760;820;766;785,25.0586,40.3193,43.1388,43.1388,3515_10755,8,0,8,7.45176
2733,1,46,17,2,transit,AM,0,51.492,48159.3,350;855;851;810;774;845;782;804;816;756;762;822;768;788;830;836;793,46;294;292;270;252;289;256;267;273;243;246;276;249;259;280;283;262;17,,0.0685305,46;294;292;270;252;289;256;267;273;243;246;276;249;259;280;283;262;17,350;855;851;810;774;845;782;804;816;756;762;822;768;788;830;836;793,29.9312,48.1593,51.4918,51.492,4354_13242,1,0,1,0.0685305
2734,0,46,17,1,transit,AM,0,51.4918,48159.3,349;853;849;808;772;843;780;802;814;754;760;820;766;786;828;834;791,46;293;291;269;251;288;255;266;272;242;245;275;248;258;279;282;261;17,,0.931469,46;293;291;269;251;288;255;266;272;242;245;275;248;258;279;282;261;17,349;853;849;808;772;843;780;802;814;754;760;820;766;786;828;834;791,29.9312,48.1593,51.4918,51.4918,4338_13209,1,0,1,0.93147
2735,0,46,19,1,transit,AM,0,46.812,43766.8,352;968;966;944;914;962;924;936;948;974;929,46;352;351;340;324;349;329;336;342;355;333;19,,1,46;352;351;340;324;349;329;336;342;355;333;19,352;968;966;944;914;962;924;936;948;974;929,27.2012,43.7668,46.8119,46.812,3476_9817,33,0,33,33
2736,2,46,20,3,transit,AM,0,5.69398,5174.05,354;1020;995,46;379;367;20,,0.542988,46;379;367;20,354;1020;995,3.21569,5.17405,5.69398,5.69398,812_2369,5,0,5,2.71494
2737,1,46,20,2,transit,AM,0,5.69398,5174.05,353;1018;993,46;378;366;20,,0.251148,46;378;366;20,353;1018;993,3.21569,5.17405,5.69398,5.69398,810_2364,5,0,5,1.25574
2738,0,46,20,1,transit,AM,0,5.69398,5174.05,351;896;873,46;315;304;20,,0.205864,46;315;304;20,351;896;873,3.21569,5.17405,5.69398,5.69398,685_2120,5,0,5,1.02932
2739,1,46,21,2,transit,AM,0,29.5406,27556,350;855;851;810;774;845;782;803,46;294;292;270;252;289;256;267;21,,0.0685305,46;294;292;270;252;289;256;267;21,350;855;851;810;774;845;782;803,17.1262,27.556,29.5404,29.5406,1987_6070,2,0,2,0.137061
2740,0,46,21,1,transit,AM,0,29.5404,27556,349;853;849;808;772;843;780;801,46;293;291;269;251;288;255;266;21,,0.931469,46;293;291;269;251;288;255;266;21,349;853;849;808;772;843;780;801,17.1262,27.556,29.5404,29.5404,1980_6055,2,0,2,1.86294
2741,1,46,23,2,transit,AM,0,11.6262,10742,350;855;851;809,46;294;292;270;23,,0.0685305,46;294;292;270;23,350;855;851;809,6.67619,10.742,11.6262,11.6262,925_2865,5,0,5,0.342653
2742,0,46,23,1,transit,AM,0,11.6262,10742,349;853;849;807,46;293;291;269;23,,0.931469,46;293;291;269;23,349;853;849;807,6.67619,10.742,11.6262,11.6262,922_2858,5,0,5,4.65735
2743,1,46,25,2,transit,AM,0,34.2247,31952.4,350;855;851;810;774;845;782;804;815,46;294;292;270;252;289;256;267;273;25,,0.0685305,46;294;292;270;252;289;256;267;273;25,350;855;851;810;774;845;782;804;815,19.8586,31.9524,34.2245,34.2247,2264_6886,3,0,3,0.205592
2744,0,46,25,1,transit,AM,0,34.2245,31952.4,349;853;849;808;772;843;780;802;813,46;293;291;269;251;288;255;266;272;25,,0.931469,46;293;291;269;251;288;255;266;272;25,349;853;849;808;772;843;780;802;813,19.8586,31.9524,34.2245,34.2245,2256_6869,3,0,3,2.79441
2745,1,46,26,2,transit,AM,0,38.2306,35712.3,350;855;851;810;774;845;782;804;816;756;762;821,46;294;292;270;252;289;256;267;273;243;246;276;26,,0.0685305,46;294;292;270;252;289;256;267;273;243;246;276;26,350;855;851;810;774;845;782;804;816;756;762;821,22.1954,35.7123,38.2304,38.2306,3030_9226,5,0,5,0.342653
2746,0,46,26,1,transit,AM,0,38.2304,35712.3,349;853;849;808;772;843;780;802;814;754;760;819,46;293;291;269;251;288;255;266;272;242;245;275;26,,0.931469,46;293;291;269;251;288;255;266;272;242;245;275;26,349;853;849;808;772;843;780;802;814;754;760;819,22.1954,35.7123,38.2304,38.2304,3019_9203,5,0,5,4.65735
2747,2,46,28,3,transit,AM,0,24.9763,23272.1,354;1020;996;1024;1007,46;379;367;381;373;28,,0.542988,46;379;367;381;373;28,354;1020;996;1024;1007,14.4637,23.2721,24.9763,24.9763,1574_4401,5,0,5,2.71494
2748,1,46,28,2,transit,AM,0,24.9763,23272.1,353;1018;994;1022;1005,46;378;366;380;372;28,,0.0685305,46;378;366;380;372;28,353;1018;994;1022;1005,14.4637,23.2721,24.9763,24.9763,1570_4392,5,0,5,0.342653
2749,0,46,28,1,transit,AM,0,24.9763,23272.1,351;896;874;898;883,46;315;304;316;309;28,,0.388481,46;315;304;316;309;28,351;896;874;898;883,14.4637,23.2721,24.9763,24.9763,1318_3902,5,0,5,1.94241
2750,0,46,29,1,transit,AM,0,47.4135,44331.3,352;968;966;944;914;962;924;936;948;974;930;953,46;352;351;340;324;349;329;336;342;355;333;345;29,,1,46;352;351;340;324;349;329;336;342;355;333;345;29,352;968;966;944;914;962;924;936;948;974;930;953,27.5521,44.3313,47.4134,47.4135,3831_10771,38,0,38,38
2751,1,46,30,2,transit,AM,0,44.6544,41741.6,350;855;851;810;774;845;782;804;816;756;762;822;768;788;829,46;294;292;270;252;289;256;267;273;243;246;276;249;259;280;30,,0.0685305,46;294;292;270;252;289;256;267;273;243;246;276;249;259;280;30,350;855;851;810;774;845;782;804;816;756;762;822;768;788;829,25.9426,41.7416,44.6542,44.6544,3822_11612,1,0,1,0.0685305
2752,0,46,30,1,transit,AM,0,44.6542,41741.6,349;853;849;808;772;843;780;802;814;754;760;820;766;786;827,46;293;291;269;251;288;255;266;272;242;245;275;248;258;279;30,,0.931469,46;293;291;269;251;288;255;266;272;242;245;275;248;258;279;30,349;853;849;808;772;843;780;802;814;754;760;820;766;786;827,25.9426,41.7416,44.6542,44.6542,3808_11583,1,0,1,0.93147
2753,0,46,38,1,transit,AM,0,48.1763,45047.3,352;968;966;944;914;962;924;936;948;974;930;954;957,46;352;351;340;324;349;329;336;342;355;333;345;347;38,,1,46;352;351;340;324;349;329;336;342;355;333;345;347;38,352;968;966;944;914;962;924;936;948;974;930;954;957,27.9971,45.0473,48.1762,48.1763,4187_11729,16,0,16,16
2754,1,46,41,2,transit,AM,0,20.8925,19439.2,350;855;851;810;774;844,46;294;292;270;252;289;41,,0.0685305,46;294;292;270;252;289;41,350;855;851;810;774;844,12.0815,19.4392,20.8925,20.8925,1484_4484,5,0,5,0.342653
2755,0,46,41,1,transit,AM,0,20.8925,19439.2,349;853;849;808;772;842,46;293;291;269;251;288;41,,0.931469,46;293;291;269;251;288;41,349;853;849;808;772;842,12.0815,19.4392,20.8925,20.8925,1479_4473,5,0,5,4.65735
2756,1,46,44,2,transit,AM,0,6.59135,6016.34,350;855;850,46;294;292;44,,0.0685305,46;294;292;44,350;855;850,3.73918,6.01634,6.59135,6.59135,676_2055,3,0,3,0.205592
2757,0,46,44,1,transit,AM,0,6.59135,6016.34,349;853;848,46;293;291;44,,0.931469,46;293;291;44,349;853;848,3.73918,6.01634,6.59135,6.59135,674_2050,3,0,3,2.79441
2758,2,46,47,3,transit,AM,0,13.1101,12134.7,354;1020;996;1023,46;379;367;381;47,,0.542988,46;379;367;381;47,354;1020;996;1023,7.54173,12.1347,13.1101,13.1101,1220_3393,3,0,3,1.62896
2759,1,46,47,2,transit,AM,0,13.1101,12134.7,353;1018;994;1021,46;378;366;380;47,,0.0685305,46;378;366;380;47,353;1018;994;1021,7.54173,12.1347,13.1101,13.1101,1217_3386,3,0,3,0.205592
2760,0,46,47,1,transit,AM,0,13.1101,12134.7,351;896;874;897,46;315;304;316;47,,0.388481,46;315;304;316;47,351;896;874;897,7.54173,12.1347,13.1101,13.1101,1028_3018,3,0,3,1.16544
2761,0,47,1,1,transit,AM,0,48.0603,44938.4,355;857;796;853;849;808;772;843;780;802;814;753,47;295;263;293;291;269;251;288;255;266;272;242;1,,1,47;295;263;293;291;269;251;288;255;266;272;242;1,355;857;796;853;849;808;772;843;780;802;814;753,27.9294,44.9384,48.0603,48.0603,3033_9282,5,0,5,5
2762,0,47,2,1,transit,AM,0,63.7176,59634.1,357;970;932;968;966;944;914;962;924;936;948;974;930;954;958;920;901,47;353;334;352;351;340;324;349;329;336;342;355;333;345;347;327;318;2,,1,47;353;334;352;351;340;324;349;329;336;342;355;333;345;347;327;318;2,357;970;932;968;966;944;914;962;924;936;948;974;930;954;958;920;901,37.0628,59.6341,63.7176,63.7176,5484_15458,2,0,2,2
2763,0,47,3,1,transit,AM,0,48.6664,45507.3,355;857;796;853;849;808;772;843;780;802;814;754;759,47;295;263;293;291;269;251;288;255;266;272;242;245;3,,1,47;295;263;293;291;269;251;288;255;266;272;242;245;3,355;857;796;853;849;808;772;843;780;802;814;754;759,28.283,45.5073,48.6664,48.6664,3280_10042,7,0,7,7
2764,0,47,4,1,transit,AM,0,65.2327,61056.1,357;970;932;968;966;944;914;962;924;936;948;974;930;954;958;920;902;905,47;353;334;352;351;340;324;349;329;336;342;355;333;345;347;327;318;320;4,,1,47;353;334;352;351;340;324;349;329;336;342;355;333;345;347;327;318;320;4,357;970;932;968;966;944;914;962;924;936;948;974;930;954;958;920;902;905,37.9466,61.0561,65.2327,65.2327,5806_16364,1,0,1,1
2765,0,47,6,1,transit,AM,0,54.012,50524.6,355;857;796;853;849;808;772;843;780;802;814;754;760;820;765,47;295;263;293;291;269;251;288;255;266;272;242;245;275;248;6,,1,47;295;263;293;291;269;251;288;255;266;272;242;245;275;248;6,355;857;796;853;849;808;772;843;780;802;814;754;760;820;765,31.4013,50.5246,54.012,54.012,3806_11628,1,0,1,1
2766,0,47,7,1,transit,AM,0,69.7919,65335.2,357;970;932;968;966;944;914;962;924;936;948;974;930;954;958;920;902;906;940;909,47;353;334;352;351;340;324;349;329;336;342;355;333;345;347;327;318;320;338;322;7,,1,47;353;334;352;351;340;324;349;329;336;342;355;333;345;347;327;318;320;338;322;7,357;970;932;968;966;944;914;962;924;936;948;974;930;954;958;920;902;906;940;909,40.6061,65.3352,69.7918,69.7919,6469_18214,1,0,1,1
2767,0,47,8,1,transit,AM,0,29.4326,27454.8,355;857;796;853;849;808;771,47;295;263;293;291;269;251;8,,1,47;295;263;293;291;269;251;8,355;857;796;853;849;808;771,17.0632,27.4548,29.4326,29.4326,1717_5289,2,0,2,2
2768,2,47,9,3,transit,AM,0,17.2048,15977.8,359;1024;1008;984,47;381;373;361;9,,0.542988,47;381;373;361;9,359;1024;1008;984,9.93026,15.9778,17.2048,17.2048,1171_3375,9,0,9,4.88689
2769,1,47,9,2,transit,AM,0,17.2048,15977.8,358;1022;1006;983,47;380;372;360;9,,0.0685305,47;380;372;360;9,358;1022;1006;983,9.93026,15.9778,17.2048,17.2048,1168_3369,9,0,9,0.616775
2770,0,47,9,1,transit,AM,0,17.2048,15977.8,356;898;884;866,47;316;309;300;9,,0.388481,47;316;309;300;9,356;898;884;866,9.93026,15.9778,17.2048,17.2048,981_3004,9,0,9,3.49633
2771,0,47,11,1,transit,AM,0,61.9397,57965.3,357;970;932;968;966;944;914;962;924;936;948;974;930;954;958;919,47;353;334;352;351;340;324;349;329;336;342;355;333;345;347;327;11,,1,47;353;334;352;351;340;324;349;329;336;342;355;333;345;347;327;11,357;970;932;968;966;944;914;962;924;936;948;974;930;954;958;919,36.0257,57.9653,61.9396,61.9397,5175_14556,6,0,6,6
2772,0,47,13,1,transit,AM,0,38.8453,36289.4,355;857;796;853;849;808;772;843;779,47;295;263;293;291;269;251;288;255;13,,1,47;295;263;293;291;269;251;288;255;13,355;857;796;853;849;808;772;843;779,22.554,36.2894,38.8453,38.8453,2265_6912,8,0,8,8
2773,0,47,15,1,transit,AM,0,72.5127,67888.9,357;970;932;968;966;944;914;962;924;936;948;974;930;954;958;920;902;906;940;910;926,47;353;334;352;351;340;324;349;329;336;342;355;333;345;347;327;318;320;338;322;331;15,,1,47;353;334;352;351;340;324;349;329;336;342;355;333;345;347;327;318;320;338;322;331;15,357;970;932;968;966;944;914;962;924;936;948;974;930;954;958;920;902;906;940;910;926,42.1933,67.8889,72.5126,72.5127,6808_19141,3,0,3,3
2774,0,47,16,1,transit,AM,0,56.0373,52425.5,355;857;796;853;849;808;772;843;780;802;814;754;760;820;766;785,47;295;263;293;291;269;251;288;255;266;272;242;245;275;248;258;16,,1,47;295;263;293;291;269;251;288;255;266;272;242;245;275;248;258;16,355;857;796;853;849;808;772;843;780;802;814;754;760;820;766;785,32.5827,52.4255,56.0373,56.0373,4074_12414,1,0,1,1
2775,0,47,17,1,transit,AM,0,64.3903,60265.6,355;857;796;853;849;808;772;843;780;802;814;754;760;820;766;786;828;834;791,47;295;263;293;291;269;251;288;255;266;272;242;245;275;248;258;279;282;261;17,,1,47;295;263;293;291;269;251;288;255;266;272;242;245;275;248;258;279;282;261;17,355;857;796;853;849;808;772;843;780;802;814;754;760;820;766;786;828;834;791,37.4553,60.2656,64.3903,64.3903,4897_14868,2,0,2,2
2776,0,47,19,1,transit,AM,0,59.7105,55873.1,357;970;932;968;966;944;914;962;924;936;948;974;929,47;353;334;352;351;340;324;349;329;336;342;355;333;19,,1,47;353;334;352;351;340;324;349;329;336;342;355;333;19,357;970;932;968;966;944;914;962;924;936;948;974;929,34.7253,55.8731,59.7104,59.7105,4164_11724,11,0,11,11
2777,1,47,20,2,transit,AM,0,7.62771,6988.97,357;970;931,47;353;334;20,,0.794136,47;353;334;20,357;970;931,4.34368,6.98897,7.62771,7.62771,754_2258,4,0,4,3.17654
2778,0,47,20,1,transit,AM,0,7.62771,6988.97,355;857;795,47;295;263;20,,0.205864,47;295;263;20,355;857;795,4.34368,6.98897,7.62771,7.62771,625_2007,4,0,4,0.823457
2779,0,47,21,1,transit,AM,0,42.4389,39662.3,355;857;796;853;849;808;772;843;780;801,47;295;263;293;291;269;251;288;255;266;21,,1,47;295;263;293;291;269;251;288;255;266;21,355;857;796;853;849;808;772;843;780;801,24.6503,39.6623,42.4389,42.4389,2539_7714,3,0,3,3
2780,0,47,23,1,transit,AM,0,24.5247,22848.3,355;857;796;853;849;807,47;295;263;293;291;269;23,,1,47;295;263;293;291;269;23,355;857;796;853;849;807,14.2003,22.8483,24.5247,24.5247,1481_4517,7,0,7,7
2781,0,47,25,1,transit,AM,0,47.123,44058.7,355;857;796;853;849;808;772;843;780;802;813,47;295;263;293;291;269;251;288;255;266;272;25,,1,47;295;263;293;291;269;251;288;255;266;272;25,355;857;796;853;849;808;772;843;780;802;813,27.3827,44.0587,47.123,47.123,2815_8528,2,0,2,2
2782,0,47,26,1,transit,AM,0,51.1289,47818.6,355;857;796;853;849;808;772;843;780;802;814;754;760;819,47;295;263;293;291;269;251;288;255;266;272;242;245;275;26,,1,47;295;263;293;291;269;251;288;255;266;272;242;245;275;26,355;857;796;853;849;808;772;843;780;802;814;754;760;819,29.7195,47.8186,51.1289,51.1289,3578_10862,1,0,1,1
2783,2,47,28,3,transit,AM,0,12.0779,11165.8,359;1024;1007,47;381;373;28,,0.542988,47;381;373;28,359;1024;1007,6.93958,11.1658,12.0779,12.0779,829_2390,5,0,5,2.71494
2784,1,47,28,2,transit,AM,0,12.0779,11165.8,358;1022;1005,47;380;372;28,,0.0685305,47;380;372;28,358;1022;1005,6.93958,11.1658,12.0779,12.0779,827_2385,5,0,5,0.342653
2785,0,47,28,1,transit,AM,0,12.0779,11165.8,356;898;883,47;316;309;28,,0.388481,47;316;309;28,356;898;883,6.93958,11.1658,12.0779,12.0779,700_2137,5,0,5,1.94241
2786,0,47,29,1,transit,AM,0,60.312,56437.6,357;970;932;968;966;944;914;962;924;936;948;974;930;953,47;353;334;352;351;340;324;349;329;336;342;355;333;345;29,,1,47;353;334;352;351;340;324;349;329;336;342;355;333;345;29,357;970;932;968;966;944;914;962;924;936;948;974;930;953,35.0762,56.4376,60.3119,60.312,4519_12678,13,0,13,13
2787,0,47,38,1,transit,AM,0,61.0748,57153.6,357;970;932;968;966;944;914;962;924;936;948;974;930;954;957,47;353;334;352;351;340;324;349;329;336;342;355;333;345;347;38,,1,47;353;334;352;351;340;324;349;329;336;342;355;333;345;347;38,357;970;932;968;966;944;914;962;924;936;948;974;930;954;957,35.5212,57.1536,61.0747,61.0748,4875_13636,1,0,1,1
2788,0,47,39,1,transit,AM,0,68.0347,63686.2,355;857;796;853;849;808;772;843;780;802;814;754;760;820;766;786;828;834;792;838,47;295;263;293;291;269;251;288;255;266;272;242;245;275;248;258;279;282;261;285;39,,1,47;295;263;293;291;269;251;288;255;266;272;242;245;275;248;258;279;282;261;285;39,355;857;796;853;849;808;772;843;780;802;814;754;760;820;766;786;828;834;792;838,39.5812,63.6862,68.0347,68.0347,5204_15707,3,0,3,3
2789,0,47,41,1,transit,AM,0,33.791,31545.5,355;857;796;853;849;808;772;842,47;295;263;293;291;269;251;288;41,,1,47;295;263;293;291;269;251;288;41,355;857;796;853;849;808;772;842,19.6056,31.5455,33.791,33.791,2038_6132,8,0,8,8
2790,0,47,44,1,transit,AM,0,19.4899,18122.6,355;857;796;853;848,47;295;263;293;291;44,,1,47;295;263;293;291;44,355;857;796;853;848,11.2633,18.1226,19.4899,19.4899,1233_3709,6,0,6,6
2791,0,47,46,1,transit,AM,0,13.1101,12134.7,355;857;796;852,47;295;263;293;46,,1,47;295;263;293;46,355;857;796;852,7.54173,12.1347,13.1101,13.1101,944_2860,8,0,8,8
2792,0,47,50,1,transit,AM,0,50.0624,46817.6,357;970;932;968;966;944;914;962;924;936;948;973,47;353;334;352;351;340;324;349;329;336;342;355;50,,1,47;353;334;352;351;340;324;349;329;336;342;355;50,357;970;932;968;966;944;914;962;924;936;948;973,29.0973,46.8176,50.0624,50.0624,3862_10794,1,0,1,1
2793,2,48,1,3,transit,AM,0,24.507,22831.8,362;521;454;476;500;460;398;385,48;122;87;98;110;90;59;53;1,,0.238438,48;122;87;98;110;90;59;53;1,362;521;454;476;500;460;398;385,14.19,22.8318,24.5069,24.507,668_3556,14,0,14,3.33814
2794,1,48,1,2,transit,AM,0,24.5069,22831.8,361;519;452;474;498;458;396;383,48;121;86;97;109;89;58;52;1,,0.143564,48;121;86;97;109;89;58;52;1,361;519;452;474;498;458;396;383,14.19,22.8318,24.5069,24.5069,661_3541,14,0,14,2.00989
2795,0,48,1,1,transit,AM,0,24.507,22831.8,360;517;450;472;496;456;394;381,48;120;85;96;108;88;57;51;1,,0.617998,48;120;85;96;108;88;57;51;1,360;517;450;472;496;456;394;381,14.19,22.8318,24.5069,24.507,654_3526,14,0,14,8.65197
2796,2,48,2,3,transit,AM,0,40.3733,37723.6,362;521;454;476;500;460;398;386;527;442;466;494;418;391,48;122;87;98;110;90;59;53;125;81;93;107;69;56;2,,0.0821884,48;122;87;98;110;90;59;53;125;81;93;107;69;56;2,362;521;454;476;500;460;398;386;527;442;466;494;418;391,23.4453,37.7236,40.3731,40.3733,1200_6295,10,0,10,0.821884
2797,1,48,2,2,transit,AM,0,40.3732,37723.6,361;519;452;474;498;458;396;384;525;440;464;492;416;389,48;121;86;97;109;89;58;52;124;80;92;106;68;55;2,,0.143564,48;121;86;97;109;89;58;52;124;80;92;106;68;55;2,361;519;452;474;498;458;396;384;525;440;464;492;416;389,23.4453,37.7236,40.3731,40.3732,1187_6268,10,0,10,1.43564
2798,0,48,2,1,transit,AM,0,40.3733,37723.6,360;517;450;472;496;456;394;382;523;438;462;490;414;387,48;120;85;96;108;88;57;51;123;79;91;105;67;54;2,,0.774248,48;120;85;96;108;88;57;51;123;79;91;105;67;54;2,360;517;450;472;496;456;394;382;523;438;462;490;414;387,23.4453,37.7236,40.3731,40.3733,1174_6241,10,0,10,7.74248
2799,2,48,3,3,transit,AM,0,23.9008,22262.9,362;521;454;476;500;460;397,48;122;87;98;110;90;59;3,,0.238438,48;122;87;98;110;90;59;3,362;521;454;476;500;460;397,13.8365,22.2629,23.9007,23.9008,617_3170,35,0,35,8.34534
2800,1,48,3,2,transit,AM,0,23.9008,22262.9,361;519;452;474;498;458;395,48;121;86;97;109;89;58;3,,0.143564,48;121;86;97;109;89;58;3,361;519;452;474;498;458;395,13.8365,22.2629,23.9007,23.9008,611_3157,35,0,35,5.02473
2801,0,48,3,1,transit,AM,0,23.9008,22262.9,360;517;450;472;496;456;393,48;120;85;96;108;88;57;3,,0.617998,48;120;85;96;108;88;57;3,360;517;450;472;496;456;393,13.8365,22.2629,23.9007,23.9008,605_3144,35,0,35,21.6299
2802,2,48,4,3,transit,AM,0,41.8884,39145.6,362;521;454;476;500;460;398;386;527;442;466;494;418;392;403,48;122;87;98;110;90;59;53;125;81;93;107;69;56;62;4,,0.0821884,48;122;87;98;110;90;59;53;125;81;93;107;69;56;62;4,362;521;454;476;500;460;398;386;527;442;466;494;418;392;403,24.3292,39.1456,41.8882,41.8884,1264_6699,6,0,6,0.49313
2803,1,48,4,2,transit,AM,0,41.8883,39145.6,361;519;452;474;498;458;396;384;525;440;464;492;416;390;401,48;121;86;97;109;89;58;52;124;80;92;106;68;55;61;4,,0.143564,48;121;86;97;109;89;58;52;124;80;92;106;68;55;61;4,361;519;452;474;498;458;396;384;525;440;464;492;416;390;401,24.3292,39.1456,41.8882,41.8883,1250_6670,6,0,6,0.861382
2804,0,48,4,1,transit,AM,0,41.8884,39145.6,360;517;450;472;496;456;394;382;523;438;462;490;414;388;399,48;120;85;96;108;88;57;51;123;79;91;105;67;54;60;4,,0.774248,48;120;85;96;108;88;57;51;123;79;91;105;67;54;60;4,360;517;450;472;496;456;394;382;523;438;462;490;414;388;399,24.3292,39.1456,41.8882,41.8884,1236_6641,6,0,6,4.64549
2805,1,48,5,2,transit,AM,0,35.8903,33516.1,365;741;706;648;690;711;700;626,48;235;217;188;209;220;214;177;5,,0.0685305,48;235;217;188;209;220;214;177;5,365;741;706;648;690;711;700;626,20.8304,33.5161,35.8903,35.8903,1513_5187,1,0,1,0.0685305
2806,0,48,5,1,transit,AM,0,35.8903,33516.1,364;739;704;646;688;709;698;625,48;234;216;187;208;219;213;176;5,,0.931469,48;234;216;187;208;219;213;176;5,364;739;704;646;688;709;698;625,20.8304,33.5161,35.8903,35.8903,1506_5173,1,0,1,0.93147
2807,2,48,7,3,transit,AM,0,46.4475,43424.7,362;521;454;476;500;460;398;386;527;442;466;494;418;392;404;448;411,48;122;87;98;110;90;59;53;125;81;93;107;69;56;62;84;66;7,,0.0821884,48;122;87;98;110;90;59;53;125;81;93;107;69;56;62;84;66;7,362;521;454;476;500;460;398;386;527;442;466;494;418;392;404;448;411,26.9886,43.4247,46.4474,46.4475,1417_7559,1,0,1,0.0821884
2808,1,48,7,2,transit,AM,0,46.4475,43424.7,361;519;452;474;498;458;396;384;525;440;464;492;416;390;402;446;409,48;121;86;97;109;89;58;52;124;80;92;106;68;55;61;83;65;7,,0.143564,48;121;86;97;109;89;58;52;124;80;92;106;68;55;61;83;65;7,361;519;452;474;498;458;396;384;525;440;464;492;416;390;402;446;409,26.9886,43.4247,46.4474,46.4475,1401_7526,1,0,1,0.143564
2809,0,48,7,1,transit,AM,0,46.4475,43424.7,360;517;450;472;496;456;394;382;523;438;462;490;414;388;400;444;407,48;120;85;96;108;88;57;51;123;79;91;105;67;54;60;82;64;7,,0.774248,48;120;85;96;108;88;57;51;123;79;91;105;67;54;60;82;64;7,360;517;450;472;496;456;394;382;523;438;462;490;414;388;400;444;407,26.9886,43.4247,46.4474,46.4475,1385_7493,1,0,1,0.774248
2810,2,48,11,3,transit,AM,0,38.5953,36054.8,362;521;454;476;500;460;398;386;527;442;466;494;417,48;122;87;98;110;90;59;53;125;81;93;107;69;11,,0.0821884,48;122;87;98;110;90;59;53;125;81;93;107;69;11,362;521;454;476;500;460;398;386;527;442;466;494;417,22.4082,36.0548,38.5952,38.5953,1153_5903,27,0,27,2.21909
2811,1,48,11,2,transit,AM,0,38.5953,36054.8,361;519;452;474;498;458;396;384;525;440;464;492;415,48;121;86;97;109;89;58;52;124;80;92;106;68;11,,0.143564,48;121;86;97;109;89;58;52;124;80;92;106;68;11,361;519;452;474;498;458;396;384;525;440;464;492;415,22.4082,36.0548,38.5952,38.5953,1141_5878,27,0,27,3.87622
2812,0,48,11,1,transit,AM,0,38.5953,36054.8,360;517;450;472;496;456;394;382;523;438;462;490;413,48;120;85;96;108;88;57;51;123;79;91;105;67;11,,0.774248,48;120;85;96;108;88;57;51;123;79;91;105;67;11,360;517;450;472;496;456;394;382;523;438;462;490;413,22.4082,36.0548,38.5952,38.5953,1129_5853,27,0,27,20.9047
2813,2,48,12,3,transit,AM,0,51.7478,48399.4,362;521;454;476;500;460;398;386;527;442;466;494;418;392;404;448;412;436;423,48;122;87;98;110;90;59;53;125;81;93;107;69;56;62;84;66;78;72;12,,0.0821884,48;122;87;98;110;90;59;53;125;81;93;107;69;56;62;84;66;78;72;12,362;521;454;476;500;460;398;386;527;442;466;494;418;392;404;448;412;436;423,30.0805,48.3994,51.7476,51.7478,1572_8419,4,0,4,0.328754
2814,1,48,12,2,transit,AM,0,51.7477,48399.4,361;519;452;474;498;458;396;384;525;440;464;492;416;390;402;446;410;434;421,48;121;86;97;109;89;58;52;124;80;92;106;68;55;61;83;65;77;71;12,,0.143564,48;121;86;97;109;89;58;52;124;80;92;106;68;55;61;83;65;77;71;12,361;519;452;474;498;458;396;384;525;440;464;492;416;390;402;446;410;434;421,30.0805,48.3994,51.7476,51.7477,1554_8382,4,0,4,0.574255
2815,0,48,12,1,transit,AM,0,51.7478,48399.4,360;517;450;472;496;456;394;382;523;438;462;490;414;388;400;444;408;432;419,48;120;85;96;108;88;57;51;123;79;91;105;67;54;60;82;64;76;70;12,,0.774248,48;120;85;96;108;88;57;51;123;79;91;105;67;54;60;82;64;76;70;12,360;517;450;472;496;456;394;382;523;438;462;490;414;388;400;444;408;432;419,30.0805,48.3994,51.7476,51.7478,1536_8345,4,0,4,3.09699
2816,2,48,14,3,transit,AM,0,9.02191,8297.92,364;739;704;645,48;234;216;187;14,,0.800639,48;234;216;187;14,364;739;704;645,5.15719,8.29792,9.02191,9.02191,699_2452,6,0,6,4.80383
2817,1,48,14,2,transit,AM,0,9.02191,8297.92,365;741;706;647,48;235;217;188;14,,0.0685305,48;235;217;188;14,365;741;706;647,5.15719,8.29792,9.02191,9.02191,702_2459,6,0,6,0.411183
2818,0,48,14,1,transit,AM,0,9.02191,8297.92,363;737;702;643,48;233;215;186;14,,0.130831,48;233;215;186;14,363;737;702;643,5.15719,8.29792,9.02191,9.02191,696_2445,6,0,6,0.784986
2819,2,48,15,3,transit,AM,0,49.1684,45978.4,362;521;454;476;500;460;398;386;527;442;466;494;418;392;404;448;412;435,48;122;87;98;110;90;59;53;125;81;93;107;69;56;62;84;66;78;15,,0.0821884,48;122;87;98;110;90;59;53;125;81;93;107;69;56;62;84;66;78;15,362;521;454;476;500;460;398;386;527;442;466;494;418;392;404;448;412;435,28.5758,45.9784,49.1682,49.1684,1503_7995,2,0,2,0.164377
2820,1,48,15,2,transit,AM,0,49.1683,45978.4,361;519;452;474;498;458;396;384;525;440;464;492;416;390;402;446;410;433,48;121;86;97;109;89;58;52;124;80;92;106;68;55;61;83;65;77;15,,0.143564,48;121;86;97;109;89;58;52;124;80;92;106;68;55;61;83;65;77;15,361;519;452;474;498;458;396;384;525;440;464;492;416;390;402;446;410;433,28.5758,45.9784,49.1682,49.1683,1486_7960,2,0,2,0.287127
2821,0,48,15,1,transit,AM,0,49.1684,45978.4,360;517;450;472;496;456;394;382;523;438;462;490;414;388;400;444;408;431,48;120;85;96;108;88;57;51;123;79;91;105;67;54;60;82;64;76;15,,0.774248,48;120;85;96;108;88;57;51;123;79;91;105;67;54;60;82;64;76;15,360;517;450;472;496;456;394;382;523;438;462;490;414;388;400;444;408;431,28.5758,45.9784,49.1682,49.1684,1469_7925,2,0,2,1.5485
2822,2,48,19,3,transit,AM,0,36.3662,33962.6,362;521;454;476;500;460;398;386;527;441,48;122;87;98;110;90;59;53;125;81;19,,0.0821884,48;122;87;98;110;90;59;53;125;81;19,362;521;454;476;500;460;398;386;527;441,21.1079,33.9626,36.366,36.3662,892_4525,90,0,90,7.39696
2823,1,48,19,2,transit,AM,0,36.3661,33962.6,361;519;452;474;498;458;396;384;525;439,48;121;86;97;109;89;58;52;124;80;19,,0.143564,48;121;86;97;109;89;58;52;124;80;19,361;519;452;474;498;458;396;384;525;439,21.1079,33.9626,36.366,36.3661,883_4506,90,0,90,12.9207
2824,0,48,19,1,transit,AM,0,36.3662,33962.6,360;517;450;472;496;456;394;382;523;437,48;120;85;96;108;88;57;51;123;79;19,,0.774248,48;120;85;96;108;88;57;51;123;79;19,360;517;450;472;496;456;394;382;523;437,21.1079,33.9626,36.366,36.3662,874_4487,90,0,90,69.6823
2825,2,48,22,3,transit,AM,0,44.5587,41651.9,362;521;454;476;500;460;398;386;527;442;466;494;418;392;404;447,48;122;87;98;110;90;59;53;125;81;93;107;69;56;62;84;22,,0.0821884,48;122;87;98;110;90;59;53;125;81;93;107;69;56;62;84;22,362;521;454;476;500;460;398;386;527;442;466;494;418;392;404;447,25.8868,41.6519,44.5586,44.5587,1366_7147,2,0,2,0.164377
2826,1,48,22,2,transit,AM,0,44.5587,41651.9,361;519;452;474;498;458;396;384;525;440;464;492;416;390;402;445,48;121;86;97;109;89;58;52;124;80;92;106;68;55;61;83;22,,0.143564,48;121;86;97;109;89;58;52;124;80;92;106;68;55;61;83;22,361;519;452;474;498;458;396;384;525;440;464;492;416;390;402;445,25.8868,41.6519,44.5586,44.5587,1351_7116,2,0,2,0.287127
2827,0,48,22,1,transit,AM,0,44.5587,41651.9,360;517;450;472;496;456;394;382;523;438;462;490;414;388;400;443,48;120;85;96;108;88;57;51;123;79;91;105;67;54;60;82;22,,0.774248,48;120;85;96;108;88;57;51;123;79;91;105;67;54;60;82;22,360;517;450;472;496;456;394;382;523;438;462;490;414;388;400;443,25.8868,41.6519,44.5586,44.5587,1336_7085,2,0,2,1.5485
2828,2,48,26,3,transit,AM,0,21.4382,19951.5,362;521;454;476;500;459,48;122;87;98;110;90;26,,0.238438,48;122;87;98;110;90;26,362;521;454;476;500;459,12.4,19.9515,21.4382,21.4382,581_2772,13,0,13,3.0997
2829,1,48,26,2,transit,AM,0,21.4382,19951.5,361;519;452;474;498;457,48;121;86;97;109;89;26,,0.143564,48;121;86;97;109;89;26,361;519;452;474;498;457,12.4,19.9515,21.4382,21.4382,576_2761,13,0,13,1.86633
2830,0,48,26,1,transit,AM,0,21.4382,19951.5,360;517;450;472;496;455,48;120;85;96;108;88;26,,0.617998,48;120;85;96;108;88;26,360;517;450;472;496;455,12.4,19.9515,21.4382,21.4382,571_2750,13,0,13,8.03397
2831,2,48,29,3,transit,AM,0,36.9676,34527.1,362;521;454;476;500;460;398;386;527;442;465,48;122;87;98;110;90;59;53;125;81;93;29,,0.0821884,48;122;87;98;110;90;59;53;125;81;93;29,362;521;454;476;500;460;398;386;527;442;465,21.4587,34.5271,36.9675,36.9676,995_4991,80,0,80,6.57507
2832,1,48,29,2,transit,AM,0,36.9676,34527.1,361;519;452;474;498;458;396;384;525;440;463,48;121;86;97;109;89;58;52;124;80;92;29,,0.143564,48;121;86;97;109;89;58;52;124;80;92;29,361;519;452;474;498;458;396;384;525;440;463,21.4587,34.5271,36.9675,36.9676,985_4970,80,0,80,11.4851
2833,0,48,29,1,transit,AM,0,36.9676,34527.1,360;517;450;472;496;456;394;382;523;438;461,48;120;85;96;108;88;57;51;123;79;91;29,,0.774248,48;120;85;96;108;88;57;51;123;79;91;29,360;517;450;472;496;456;394;382;523;438;461,21.4587,34.5271,36.9675,36.9676,975_4949,80,0,80,61.9398
2834,2,48,31,3,transit,AM,0,12.5577,11616.6,364;739;704;646;687,48;234;216;187;208;31,,0.800639,48;234;216;187;208;31,364;739;704;646;687,7.21973,11.6166,12.5577,12.5577,924_3140,1,0,1,0.800639
2835,1,48,31,2,transit,AM,0,12.5577,11616.6,365;741;706;648;689,48;235;217;188;209;31,,0.0685305,48;235;217;188;209;31,365;741;706;648;689,7.21973,11.6166,12.5577,12.5577,928_3149,1,0,1,0.0685305
2836,0,48,31,1,transit,AM,0,12.5577,11616.6,363;737;702;644;685,48;233;215;186;207;31,,0.130831,48;233;215;186;207;31,363;737;702;644;685,7.21973,11.6166,12.5577,12.5577,920_3131,1,0,1,0.130831
2837,2,48,33,3,transit,AM,0,11.5582,10678.4,362;521;454;475,48;122;87;98;33,,0.289525,48;122;87;98;33,362;521;454;475,6.63668,10.6784,11.5582,11.5582,388_1812,1,0,1,0.289525
2838,1,48,33,2,transit,AM,0,11.5582,10678.4,361;519;452;473,48;121;86;97;33,,0.0924773,48;121;86;97;33,361;519;452;473,6.63668,10.6784,11.5582,11.5582,385_1805,1,0,1,0.0924773
2839,0,48,33,1,transit,AM,0,11.5582,10678.4,360;517;450;471,48;120;85;96;33,,0.617998,48;120;85;96;33,360;517;450;471,6.63668,10.6784,11.5582,11.5582,382_1798,1,0,1,0.617998
2840,1,48,35,2,transit,AM,0,3.09662,2736.52,365;741;705,48;235;217;35,,0.0685305,48;235;217;35,365;741;705,1.70076,2.73652,3.09662,3.09662,535_1811,3,0,3,0.205592
2841,2,48,35,3,transit,AM,0,3.09662,2736.52,364;739;703,48;234;216;35,,0.800639,48;234;216;35,364;739;703,1.70076,2.73652,3.09662,3.09662,533_1806,3,0,3,2.40192
2842,0,48,35,1,transit,AM,0,3.09662,2736.52,363;737;701,48;233;215;35,,0.130831,48;233;215;35,363;737;701,1.70076,2.73652,3.09662,3.09662,531_1801,3,0,3,0.392493
2843,2,48,36,3,transit,AM,0,20.2755,18860.3,364;739;704;646;688;708,48;234;216;187;208;219;36,,0.800639,48;234;216;187;208;219;36,364;739;704;646;688;708,11.7218,18.8603,20.2755,20.2755,1148_3849,1,0,1,0.800639
2844,1,48,36,2,transit,AM,0,20.2755,18860.3,365;741;706;648;690;710,48;235;217;188;209;220;36,,0.0685305,48;235;217;188;209;220;36,365;741;706;648;690;710,11.7218,18.8603,20.2755,20.2755,1153_3860,1,0,1,0.0685305
2845,0,48,36,1,transit,AM,0,20.2755,18860.3,363;737;702;644;686;707,48;233;215;186;207;218;36,,0.130831,48;233;215;186;207;218;36,363;737;702;644;686;707,11.7218,18.8603,20.2755,20.2755,1143_3839,1,0,1,0.130831
2846,2,48,38,3,transit,AM,0,37.7305,35243.1,362;521;454;476;500;460;398;386;527;442;466;493,48;122;87;98;110;90;59;53;125;81;93;107;38,,0.0821884,48;122;87;98;110;90;59;53;125;81;93;107;38,362;521;454;476;500;460;398;386;527;442;466;493,21.9037,35.2431,37.7303,37.7305,1111_5485,20,0,20,1.64377
2847,1,48,38,2,transit,AM,0,37.7304,35243.1,361;519;452;474;498;458;396;384;525;440;464;491,48;121;86;97;109;89;58;52;124;80;92;106;38,,0.143564,48;121;86;97;109;89;58;52;124;80;92;106;38,361;519;452;474;498;458;396;384;525;440;464;491,21.9037,35.2431,37.7303,37.7304,1100_5462,20,0,20,2.87127
2848,0,48,38,1,transit,AM,0,37.7305,35243.1,360;517;450;472;496;456;394;382;523;438;462;489,48;120;85;96;108;88;57;51;123;79;91;105;38,,0.774248,48;120;85;96;108;88;57;51;123;79;91;105;38,360;517;450;472;496;456;394;382;523;438;462;489,21.9037,35.2431,37.7303,37.7305,1089_5439,20,0,20,15.485
2849,2,48,40,3,transit,AM,0,19.0314,17692.5,362;521;454;476;499,48;122;87;98;110;40,,0.289525,48;122;87;98;110;40,362;521;454;476;499,10.996,17.6925,19.0313,19.0314,505_2312,3,0,3,0.868575
2850,1,48,40,2,transit,AM,0,19.0313,17692.5,361;519;452;474;497,48;121;86;97;109;40,,0.0924773,48;121;86;97;109;40,361;519;452;474;497,10.996,17.6925,19.0313,19.0313,501_2303,3,0,3,0.277432
2851,0,48,40,1,transit,AM,0,19.0313,17692.5,360;517;450;472;495,48;120;85;96;108;40,,0.617998,48;120;85;96;108;40,360;517;450;472;495,10.996,17.6925,19.0313,19.0313,497_2294,3,0,3,1.85399
2852,2,48,42,3,transit,AM,0,59.0061,55211.9,362;521;454;476;500;460;398;386;527;442;466;494;418;392;404;448;412;436;424;515;505,48;122;87;98;110;90;59;53;125;81;93;107;69;56;62;84;66;78;72;119;113;42,,0.0821884,48;122;87;98;110;90;59;53;125;81;93;107;69;56;62;84;66;78;72;119;113;42,362;521;454;476;500;460;398;386;527;442;466;494;418;392;404;448;412;436;424;515;505,34.3144,55.2119,59.0059,59.0061,1834_9440,2,0,2,0.164377
2853,1,48,42,2,transit,AM,0,59.006,55211.9,361;519;452;474;498;458;396;384;525;440;464;492;416;390;402;446;410;434;422;513;503,48;121;86;97;109;89;58;52;124;80;92;106;68;55;61;83;65;77;71;118;112;42,,0.143564,48;121;86;97;109;89;58;52;124;80;92;106;68;55;61;83;65;77;71;118;112;42,361;519;452;474;498;458;396;384;525;440;464;492;416;390;402;446;410;434;422;513;503,34.3144,55.2119,59.0059,59.006,1814_9399,2,0,2,0.287127
2854,0,48,42,1,transit,AM,0,59.0061,55211.9,360;517;450;472;496;456;394;382;523;438;462;490;414;388;400;444;408;432;420;511;501,48;120;85;96;108;88;57;51;123;79;91;105;67;54;60;82;64;76;70;117;111;42,,0.774248,48;120;85;96;108;88;57;51;123;79;91;105;67;54;60;82;64;76;70;117;111;42,360;517;450;472;496;456;394;382;523;438;462;490;414;388;400;444;408;432;420;511;501,34.3144,55.2119,59.0059,59.0061,1794_9358,2,0,2,1.5485
2855,2,48,43,3,transit,AM,0,62.4531,58447.3,362;521;454;476;500;460;398;386;527;442;466;494;418;392;404;448;412;436;424;515;506;509,48;122;87;98;110;90;59;53;125;81;93;107;69;56;62;84;66;78;72;119;113;116;43,,0.0821884,48;122;87;98;110;90;59;53;125;81;93;107;69;56;62;84;66;78;72;119;113;116;43,362;521;454;476;500;460;398;386;527;442;466;494;418;392;404;448;412;436;424;515;506;509,36.3252,58.4473,62.453,62.4531,1951_9950,13,0,13,1.06845
2856,1,48,43,2,transit,AM,0,62.4531,58447.3,361;519;452;474;498;458;396;384;525;440;464;492;416;390;402;446;410;434;422;513;504;508,48;121;86;97;109;89;58;52;124;80;92;106;68;55;61;83;65;77;71;118;112;115;43,,0.143564,48;121;86;97;109;89;58;52;124;80;92;106;68;55;61;83;65;77;71;118;112;115;43,361;519;452;474;498;458;396;384;525;440;464;492;416;390;402;446;410;434;422;513;504;508,36.3252,58.4473,62.453,62.4531,1930_9908,13,0,13,1.86633
2857,0,48,43,1,transit,AM,0,62.4531,58447.3,360;517;450;472;496;456;394;382;523;438;462;490;414;388;400;444;408;432;420;511;502;507,48;120;85;96;108;88;57;51;123;79;91;105;67;54;60;82;64;76;70;117;111;114;43,,0.774248,48;120;85;96;108;88;57;51;123;79;91;105;67;54;60;82;64;76;70;117;111;114;43,360;517;450;472;496;456;394;382;523;438;462;490;414;388;400;444;408;432;420;511;502;507,36.3252,58.4473,62.453,62.4531,1909_9866,13,0,13,10.0652
2858,2,48,45,3,transit,AM,0,54.9018,51359.7,362;521;454;476;500;460;398;386;527;442;466;494;418;392;404;448;412;436;424;514,48;122;87;98;110;90;59;53;125;81;93;107;69;56;62;84;66;78;72;119;45,,0.0821884,48;122;87;98;110;90;59;53;125;81;93;107;69;56;62;84;66;78;72;119;45,362;521;454;476;500;460;398;386;527;442;466;494;418;392;404;448;412;436;424;514,31.9203,51.3597,54.9016,54.9018,1724_8934,1,0,1,0.0821884
2859,1,48,45,2,transit,AM,0,54.9017,51359.7,361;519;452;474;498;458;396;384;525;440;464;492;416;390;402;446;410;434;422;512,48;121;86;97;109;89;58;52;124;80;92;106;68;55;61;83;65;77;71;118;45,,0.143564,48;121;86;97;109;89;58;52;124;80;92;106;68;55;61;83;65;77;71;118;45,361;519;452;474;498;458;396;384;525;440;464;492;416;390;402;446;410;434;422;512,31.9203,51.3597,54.9016,54.9017,1705_8895,1,0,1,0.143564
2860,0,48,45,1,transit,AM,0,54.9018,51359.7,360;517;450;472;496;456;394;382;523;438;462;490;414;388;400;444;408;432;420;510,48;120;85;96;108;88;57;51;123;79;91;105;67;54;60;82;64;76;70;117;45,,0.774248,48;120;85;96;108;88;57;51;123;79;91;105;67;54;60;82;64;76;70;117;45,360;517;450;472;496;456;394;382;523;438;462;490;414;388;400;444;408;432;420;510,31.9203,51.3597,54.9016,54.9018,1686_8856,1,0,1,0.774248
2861,0,49,2,1,transit,AM,0,53.1624,49727.2,366;560;537;535;558;541;548;552;562;546;554;556;539;528,49;142;130;129;141;132;136;138;143;135;139;140;131;126;2,,1,49;142;130;129;141;132;136;138;143;135;139;140;131;126;2,366;560;537;535;558;541;548;552;562;546;554;556;539;528,30.9057,49.7272,53.1624,53.1624,1813_7482,3,0,3,3
2862,0,49,4,1,transit,AM,0,54.6775,51149.3,366;560;537;535;558;541;548;552;562;546;554;556;539;529;530,49;142;130;129;141;132;136;138;143;135;139;140;131;126;127;4,,1,49;142;130;129;141;132;136;138;143;135;139;140;131;126;127;4,366;560;537;535;558;541;548;552;562;546;554;556;539;529;530,31.7895,51.1493,54.6775,54.6775,1942_8013,2,0,2,2
2863,0,49,8,1,transit,AM,0,18.8774,17547.9,366;560;537;534,49;142;130;129;8,,1,49;142;130;129;8,366;560;537;534,10.9061,17.5479,18.8774,18.8774,458_1997,1,0,1,1
2864,0,49,10,1,transit,AM,0,14.0591,13025.5,366;560;536,49;142;130;10,,1,49;142;130;10,366;560;536,8.09542,13.0255,14.0591,14.0591,331_1462,3,0,3,3
2865,0,49,11,1,transit,AM,0,51.3845,48058.5,366;560;537;535;558;541;548;552;562;546;554;556;538,49;142;130;129;141;132;136;138;143;135;139;140;131;11,,1,49;142;130;129;141;132;136;138;143;135;139;140;131;11,366;560;537;535;558;541;548;552;562;546;554;556;538,29.8685,48.0585,51.3844,51.3845,1696_6953,15,0,15,15
2866,0,49,13,1,transit,AM,0,28.2902,26382.6,366;560;537;535;558;540,49;142;130;129;141;132;13,,1,49;142;130;129;141;132;13,366;560;537;535;558;540,16.3969,26.3826,28.2902,28.2902,736_3096,1,0,1,1
2867,0,49,15,1,transit,AM,0,61.9575,57982.1,366;560;537;535;558;541;548;552;562;546;554;556;539;529;531;550;533;542,49;142;130;129;141;132;136;138;143;135;139;140;131;126;127;137;128;133;15,,1,49;142;130;129;141;132;136;138;143;135;139;140;131;126;127;137;128;133;15,366;560;537;535;558;541;548;552;562;546;554;556;539;529;531;550;533;542,36.0361,57.9821,61.9574,61.9575,2351_9639,1,0,1,1
2868,0,49,19,1,transit,AM,0,49.1553,45966.2,366;560;537;535;558;541;548;552;562;545,49;142;130;129;141;132;136;138;143;135;19,,1,49;142;130;129;141;132;136;138;143;135;19,366;560;537;535;558;541;548;552;562;545,28.5682,45.9662,49.1552,49.1553,1294_5304,35,0,35,35
2869,0,49,22,1,transit,AM,0,57.3479,53655.6,366;560;537;535;558;541;548;552;562;546;554;556;539;529;531;549,49;142;130;129;141;132;136;138;143;135;139;140;131;126;127;137;22,,1,49;142;130;129;141;132;136;138;143;135;139;140;131;126;127;137;22,366;560;537;535;558;541;548;552;562;546;554;556;539;529;531;549,33.3472,53.6556,57.3478,57.3479,2097_8563,2,0,2,2
2870,0,49,25,1,transit,AM,0,36.5679,34151.9,366;560;537;535;558;541;548;551,49;142;130;129;141;132;136;138;25,,1,49;142;130;129;141;132;136;138;25,366;560;537;535;558;541;548;551,21.2255,34.1519,36.5678,36.5679,1022_4196,3,0,3,3
2871,0,49,29,1,transit,AM,0,49.7568,46530.7,366;560;537;535;558;541;548;552;562;546;553,49;142;130;129;141;132;136;138;143;135;139;29,,1,49;142;130;129;141;132;136;138;143;135;139;29,366;560;537;535;558;541;548;552;562;546;553,28.919,46.5307,49.7567,49.7568,1443_5858,36,0,36,36
2872,0,49,38,1,transit,AM,0,50.5196,47246.7,366;560;537;535;558;541;548;552;562;546;554;555,49;142;130;129;141;132;136;138;143;135;139;140;38,,1,49;142;130;129;141;132;136;138;143;135;139;140;38,366;560;537;535;558;541;548;552;562;546;554;555,29.364,47.2467,50.5196,50.5196,1592_6414,12,0,12,12
2873,0,49,41,1,transit,AM,0,23.2358,21638.6,366;560;537;535;557,49;142;130;129;141;41,,1,49;142;130;129;141;41,366;560;537;535;557,13.4485,21.6386,23.2358,23.2358,632_2555,4,0,4,4
2874,1,50,1,2,transit,AM,0,2.42243,2103.63,374;745;603,50;237;165;1,,0.869169,50;237;165;1,374;745;603,1.30742,2.10363,2.42243,2.42243,453_1722,2,0,2,1.73834
2875,0,50,1,1,transit,AM,0,2.42243,2103.63,373;743;601,50;236;164;1,,0.130831,50;236;164;1,373;743;601,1.30742,2.10363,2.42243,2.42243,451_1717,2,0,2,0.261662
2876,5,50,2,6,transit,AM,0,13.8665,12844.8,377;974;930;954;958;920;901,50;355;333;345;347;327;318;2,,0.233704,50;355;333;345;347;327;318;2,377;974;930;954;958;920;901,7.98311,12.8448,13.8665,13.8665,2077_6014,21,0,21,4.90778
2877,4,50,2,5,transit,AM,0,13.8665,12844.8,376;972;928;952;956;918;899,50;354;332;344;346;326;317;2,,0.0239468,50;354;332;344;346;326;317;2,376;972;928;952;956;918;899,7.98311,12.8448,13.8665,13.8665,2071_6001,21,0,21,0.502882
2878,3,50,2,4,transit,AM,0,13.8665,12844.8,371;562;546;554;556;539;528,50;143;135;139;140;131;126;2,,0.487167,50;143;135;139;140;131;126;2,371;562;546;554;556;539;528,7.98311,12.8448,13.8665,13.8665,866_3656,21,0,21,10.2305
2879,2,50,2,3,transit,AM,0,13.8666,12844.8,370;527;442;466;494;418;391,50;125;81;93;107;69;56;2,,0.0558212,50;125;81;93;107;69;56;2,370;527;442;466;494;418;391,7.98311,12.8448,13.8665,13.8666,583_3108,21,0,21,1.17225
2880,1,50,2,2,transit,AM,0,13.8665,12844.8,369;525;440;464;492;416;389,50;124;80;92;106;68;55;2,,0.0685305,50;124;80;92;106;68;55;2,369;525;440;464;492;416;389,7.98311,12.8448,13.8665,13.8665,577_3095,21,0,21,1.43914
2881,0,50,2,1,transit,AM,0,13.8666,12844.8,368;523;438;462;490;414;387,50;123;79;91;105;67;54;2,,0.130831,50;123;79;91;105;67;54;2,368;523;438;462;490;414;387,7.98311,12.8448,13.8665,13.8666,571_3082,21,0,21,2.74745
2882,1,50,3,2,transit,AM,0,3.02859,2672.57,374;745;604;615,50;237;165;171;3,,0.869169,50;237;165;171;3,374;745;604;615,1.66101,2.67257,3.02859,3.02859,626_2338,6,0,6,5.21501
2883,0,50,3,1,transit,AM,0,3.02859,2672.57,373;743;602;613,50;236;164;170;3,,0.130831,50;236;164;170;3,373;743;602;613,1.66101,2.67257,3.02859,3.02859,623_2331,6,0,6,0.784986
2884,4,50,4,5,transit,AM,0,15.3816,14266.9,376;972;928;952;956;918;900;903,50;354;332;344;346;326;317;319;4,,0.0239468,50;354;332;344;346;326;317;319;4,376;972;928;952;956;918;900;903,8.86691,14.2669,15.3816,15.3816,2392_6905,25,0,25,0.598669
2885,3,50,4,4,transit,AM,0,15.3816,14266.9,371;562;546;554;556;539;529;530,50;143;135;139;140;131;126;127;4,,0.487167,50;143;135;139;140;131;126;127;4,371;562;546;554;556;539;529;530,8.86691,14.2669,15.3816,15.3816,995_4187,25,0,25,12.1792
2886,5,50,4,6,transit,AM,0,15.3816,14266.9,377;974;930;954;958;920;902;905,50;355;333;345;347;327;318;320;4,,0.233704,50;355;333;345;347;327;318;320;4,377;974;930;954;958;920;902;905,8.86691,14.2669,15.3816,15.3816,2399_6920,25,0,25,5.84259
2887,1,50,4,2,transit,AM,0,15.3816,14266.9,369;525;440;464;492;416;390;401,50;124;80;92;106;68;55;61;4,,0.0685305,50;124;80;92;106;68;55;61;4,369;525;440;464;492;416;390;401,8.86691,14.2669,15.3816,15.3816,640_3497,25,0,25,1.71326
2888,2,50,4,3,transit,AM,0,15.3817,14266.9,370;527;442;466;494;418;392;403,50;125;81;93;107;69;56;62;4,,0.0558212,50;125;81;93;107;69;56;62;4,370;527;442;466;494;418;392;403,8.86691,14.2669,15.3816,15.3817,647_3512,25,0,25,1.39553
2889,0,50,4,1,transit,AM,0,15.3817,14266.9,368;523;438;462;490;414;388;399,50;123;79;91;105;67;54;60;4,,0.130831,50;123;79;91;105;67;54;60;4,368;523;438;462;490;414;388;399,8.86691,14.2669,15.3816,15.3817,633_3482,25,0,25,3.27077
2890,0,50,6,1,transit,AM,0,8.37418,7689.87,380;1122;1076;1080;1102;1083,50;430;407;409;420;411;6,,1,50;430;407;409;420;411;6,380;1122;1076;1080;1102;1083,4.77929,7.68987,8.37418,8.37418,2133_5843,2,0,2,2
2891,5,50,7,6,transit,AM,0,19.9408,18546,377;974;930;954;958;920;902;906;940;909,50;355;333;345;347;327;318;320;338;322;7,,0.233704,50;355;333;345;347;327;318;320;338;322;7,377;974;930;954;958;920;902;906;940;909,11.5264,18.546,19.9407,19.9408,3062_8770,4,0,4,0.934814
2892,3,50,7,4,transit,AM,0,19.9408,18546,371;562;546;554;556;539;529;531;550;532,50;143;135;139;140;131;126;127;137;128;7,,0.487167,50;143;135;139;140;131;126;127;137;128;7,371;562;546;554;556;539;529;531;550;532,11.5264,18.546,19.9407,19.9408,1263_5270,4,0,4,1.94867
2893,2,50,7,3,transit,AM,0,19.9408,18546,370;527;442;466;494;418;392;404;448;411,50;125;81;93;107;69;56;62;84;66;7,,0.0558212,50;125;81;93;107;69;56;62;84;66;7,370;527;442;466;494;418;392;404;448;411,11.5264,18.546,19.9407,19.9408,800_4372,4,0,4,0.223285
2894,4,50,7,5,transit,AM,0,19.9408,18546,376;972;928;952;956;918;900;904;938;907,50;354;332;344;346;326;317;319;337;321;7,,0.0239468,50;354;332;344;346;326;317;319;337;321;7,376;972;928;952;956;918;900;904;938;907,11.5264,18.546,19.9407,19.9408,3053_8751,4,0,4,0.095787
2895,1,50,7,2,transit,AM,0,19.9408,18546,369;525;440;464;492;416;390;402;446;409,50;124;80;92;106;68;55;61;83;65;7,,0.0685305,50;124;80;92;106;68;55;61;83;65;7,369;525;440;464;492;416;390;402;446;409,11.5264,18.546,19.9407,19.9408,791_4353,4,0,4,0.274122
2896,0,50,7,1,transit,AM,0,19.9408,18546,368;523;438;462;490;414;388;400;444;407,50;123;79;91;105;67;54;60;82;64;7,,0.130831,50;123;79;91;105;67;54;60;82;64;7,368;523;438;462;490;414;388;400;444;407,11.5264,18.546,19.9407,19.9408,782_4334,4,0,4,0.523324
2897,1,50,8,2,transit,AM,0,20.8412,19391.2,378;1026;1004;998;988;1014;981,50;382;371;368;363;376;359;8,,0.124352,50;382;371;368;363;376;359;8,378;1026;1004;998;988;1014;981,12.0517,19.3912,20.8412,20.8412,2277_6389,1,0,1,0.124352
2898,0,50,8,1,transit,AM,0,20.8412,19391.2,372;597;587;583;576;593;569,50;161;156;154;150;159;147;8,,0.875648,50;161;156;154;150;159;147;8,372;597;587;583;576;593;569,12.0517,19.3912,20.8412,20.8412,985_3877,1,0,1,0.875648
2899,0,50,9,1,transit,AM,0,67.0555,62767,378;1026;1004;998;988;1014;982;1002;1016;1020;996;1024;1008;984,50;382;371;368;363;376;359;370;377;379;367;381;373;361;9,,1,50;382;371;368;363;376;359;370;377;379;367;381;373;361;9,378;1026;1004;998;988;1014;982;1002;1016;1020;996;1024;1008;984,39.0099,62.767,67.0555,67.0555,4886_13440,1,0,1,1
2900,5,50,11,6,transit,AM,0,12.0886,11176.1,377;974;930;954;958;919,50;355;333;345;347;327;11,,0.233704,50;355;333;345;347;327;11,377;974;930;954;958;919,6.94597,11.1761,12.0885,12.0886,1768_5112,94,0,94,21.9681
2901,4,50,11,5,transit,AM,0,12.0886,11176.1,376;972;928;952;956;917,50;354;332;344;346;326;11,,0.0239468,50;354;332;344;346;326;11,376;972;928;952;956;917,6.94597,11.1761,12.0885,12.0886,1763_5101,94,0,94,2.251
2902,3,50,11,4,transit,AM,0,12.0886,11176.1,371;562;546;554;556;538,50;143;135;139;140;131;11,,0.487167,50;143;135;139;140;131;11,371;562;546;554;556;538,6.94597,11.1761,12.0885,12.0886,749_3127,94,0,94,45.7937
2903,2,50,11,3,transit,AM,0,12.0886,11176.1,370;527;442;466;494;417,50;125;81;93;107;69;11,,0.0558212,50;125;81;93;107;69;11,370;527;442;466;494;417,6.94597,11.1761,12.0885,12.0886,536_2716,94,0,94,5.24719
2904,1,50,11,2,transit,AM,0,12.0886,11176.1,369;525;440;464;492;415,50;124;80;92;106;68;11,,0.0685305,50;124;80;92;106;68;11,369;525;440;464;492;415,6.94597,11.1761,12.0885,12.0886,531_2705,94,0,94,6.44187
2905,0,50,11,1,transit,AM,0,12.0886,11176.1,368;523;438;462;490;413,50;123;79;91;105;67;11,,0.130831,50;123;79;91;105;67;11,368;523;438;462;490;413,6.94597,11.1761,12.0885,12.0886,526_2694,94,0,94,12.2981
2906,6,50,12,4,transit,AM,0,25.2411,23520.7,379;1074;1050;1057;1063;1040;1030;1034;1052;1038;1044;1041,50;406;394;398;401;389;384;386;395;388;391;390;12,,0.182617,50;406;394;398;401;389;384;386;395;388;391;390;12,379;1074;1050;1057;1063;1040;1030;1034;1052;1038;1044;1041,14.6182,23.5207,25.241,25.2411,4384_11902,2,0,2,0.365234
2907,2,50,12,3,transit,AM,0,25.2411,23520.7,370;527;442;466;494;418;392;404;448;412;436;423,50;125;81;93;107;69;56;62;84;66;78;72;12,,0.0558212,50;125;81;93;107;69;56;62;84;66;78;72;12,370;527;442;466;494;418;392;404;448;412;436;423,14.6182,23.5207,25.241,25.2411,955_5232,2,0,2,0.111642
2908,1,50,12,2,transit,AM,0,25.241,23520.7,369;525;440;464;492;416;390;402;446;410;434;421,50;124;80;92;106;68;55;61;83;65;77;71;12,,0.143564,50;124;80;92;106;68;55;61;83;65;77;71;12,369;525;440;464;492;416;390;402;446;410;434;421,14.6182,23.5207,25.241,25.241,944_5209,2,0,2,0.287127
2909,0,50,12,1,transit,AM,0,25.2411,23520.7,368;523;438;462;490;414;388;400;444;408;432;419,50;123;79;91;105;67;54;60;82;64;76;70;12,,0.617998,50;123;79;91;105;67;54;60;82;64;76;70;12,368;523;438;462;490;414;388;400;444;408;432;419,14.6182,23.5207,25.241,25.2411,933_5186,2,0,2,1.236
2910,1,50,13,2,transit,AM,0,11.4284,10556.5,378;1026;1004;998;987,50;382;371;368;363;13,,0.611519,50;382;371;368;363;13,378;1026;1004;998;987,6.56091,10.5565,11.4284,11.4284,1547_4393,6,0,6,3.66911
2911,0,50,13,1,transit,AM,0,11.4284,10556.5,372;597;587;583;575,50;161;156;154;150;13,,0.388481,50;161;156;154;150;13,372;597;587;583;575,6.56091,10.5565,11.4284,11.4284,684_2714,6,0,6,2.33089
2912,1,50,14,2,transit,AM,0,35.5287,33176.7,375;747;606;618;678;723;696;672;741;706;647,50;238;166;172;203;226;212;200;235;217;188;14,,0.0685305,50;238;166;172;203;226;212;200;235;217;188;14,375;747;606;618;678;723;696;672;741;706;647,20.6194,33.1767,35.5287,35.5287,2121_7209,2,0,2,0.137061
2913,2,50,14,3,transit,AM,0,35.5287,33176.7,374;745;604;616;676;721;694;670;739;704;645,50;237;165;171;202;225;211;199;234;216;187;14,,0.800639,50;237;165;171;202;225;211;199;234;216;187;14,374;745;604;616;676;721;694;670;739;704;645,20.6194,33.1767,35.5287,35.5287,2111_7188,2,0,2,1.60128
2914,0,50,14,1,transit,AM,0,35.5287,33176.7,373;743;602;614;674;719;692;668;737;702;643,50;236;164;170;201;224;210;198;233;215;186;14,,0.130831,50;236;164;170;201;224;210;198;233;215;186;14,373;743;602;614;674;719;692;668;737;702;643,20.6194,33.1767,35.5287,35.5287,2101_7167,2,0,2,0.261662
2915,5,50,15,6,transit,AM,0,22.6616,21099.7,377;974;930;954;958;920;902;906;940;910;926,50;355;333;345;347;327;318;320;338;322;331;15,,0.233704,50;355;333;345;347;327;318;320;338;322;331;15,377;974;930;954;958;920;902;906;940;910;926,13.1136,21.0997,22.6616,22.6616,3401_9697,2,0,2,0.467407
2916,4,50,15,5,transit,AM,0,22.6616,21099.7,376;972;928;952;956;918;900;904;938;908;925,50;354;332;344;346;326;317;319;337;321;330;15,,0.0239468,50;354;332;344;346;326;317;319;337;321;330;15,376;972;928;952;956;918;900;904;938;908;925,13.1136,21.0997,22.6616,22.6616,3391_9677,2,0,2,0.0478935
2917,1,50,15,2,transit,AM,0,22.6616,21099.7,369;525;440;464;492;416;390;402;446;410;433,50;124;80;92;106;68;55;61;83;65;77;15,,0.0685305,50;124;80;92;106;68;55;61;83;65;77;15,369;525;440;464;492;416;390;402;446;410;433,13.1136,21.0997,22.6616,22.6616,876_4787,2,0,2,0.137061
2918,3,50,15,4,transit,AM,0,22.6616,21099.7,371;562;546;554;556;539;529;531;550;533;542,50;143;135;139;140;131;126;127;137;128;133;15,,0.487167,50;143;135;139;140;131;126;127;137;128;133;15,371;562;546;554;556;539;529;531;550;533;542,13.1136,21.0997,22.6616,22.6616,1404_5813,2,0,2,0.974334
2919,2,50,15,3,transit,AM,0,22.6616,21099.7,370;527;442;466;494;418;392;404;448;412;435,50;125;81;93;107;69;56;62;84;66;78;15,,0.0558212,50;125;81;93;107;69;56;62;84;66;78;15,370;527;442;466;494;418;392;404;448;412;435,13.1136,21.0997,22.6616,22.6616,886_4808,2,0,2,0.111642
2920,0,50,15,1,transit,AM,0,22.6616,21099.7,368;523;438;462;490;414;388;400;444;408;431,50;123;79;91;105;67;54;60;82;64;76;15,,0.130831,50;123;79;91;105;67;54;60;82;64;76;15,368;523;438;462;490;414;388;400;444;408;431,13.1136,21.0997,22.6616,22.6616,866_4766,2,0,2,0.261662
2921,0,50,16,1,transit,AM,0,10.3995,9590.79,380;1122;1076;1080;1102;1084;1093,50;430;407;409;420;411;416;16,,1,50;430;407;409;420;411;416;16,380;1122;1076;1080;1102;1084;1093,5.96071,9.59079,10.3995,10.3995,2559_6937,3,0,3,3
2922,0,50,17,1,transit,AM,0,18.7525,17430.8,380;1122;1076;1080;1102;1084;1094;1108;1110;1095,50;430;407;409;420;411;416;423;424;417;17,,1,50;430;407;409;420;411;416;423;424;417;17,380;1122;1076;1080;1102;1084;1094;1108;1110;1095,10.8333,17.4308,18.7525,18.7525,3824_10251,1,0,1,1
2923,5,50,19,6,transit,AM,0,9.85942,9083.82,377;974;929,50;355;333;19,,0.233704,50;355;333;19,377;974;929,5.64563,9.08382,9.85937,9.85942,757_2280,188,0,188,43.9363
2924,4,50,19,5,transit,AM,0,9.8594,9083.82,376;972;927,50;354;332;19,,0.0239468,50;354;332;19,376;972;927,5.64563,9.08382,9.85937,9.8594,755_2275,188,0,188,4.50199
2925,3,50,19,4,transit,AM,0,9.85942,9083.82,371;562;545,50;143;135;19,,0.487167,50;143;135;19,371;562;545,5.64563,9.08382,9.85937,9.85942,347_1478,188,0,188,91.5874
2926,2,50,19,3,transit,AM,0,9.85943,9083.82,370;527;441,50;125;81;19,,0.0558212,50;125;81;19,370;527;441,5.64563,9.08382,9.85937,9.85943,275_1338,188,0,188,10.4944
2927,1,50,19,2,transit,AM,0,9.85943,9083.82,369;525;439,50;124;80;19,,0.0685305,50;124;80;19,369;525;439,5.64563,9.08382,9.85937,9.85943,273_1333,188,0,188,12.8837
2928,0,50,19,1,transit,AM,0,9.85943,9083.82,368;523;437,50;123;79;19,,0.130831,50;123;79;19,368;523;437,5.64563,9.08382,9.85937,9.85943,271_1328,188,0,188,24.5962
2929,1,50,21,2,transit,AM,0,7.83483,7183.6,378;1026;1004;997,50;382;371;368;21,,0.611519,50;382;371;368;21,378;1026;1004;997,4.46464,7.1836,7.83483,7.83483,1192_3405,6,0,6,3.66911
2930,0,50,21,1,transit,AM,0,7.83483,7183.6,372;597;587;582,50;161;156;154;21,,0.388481,50;161;156;154;21,372;597;587;582,4.46464,7.1836,7.83483,7.83483,542_2138,6,0,6,2.33089
2931,4,50,22,5,transit,AM,0,18.052,16773.2,376;972;928;952;956;918;900;904;937,50;354;332;344;346;326;317;319;337;22,,0.0239468,50;354;332;344;346;326;317;319;337;22,376;972;928;952;956;918;900;904;937,10.4246,16.7732,18.0519,18.052,2747_7843,7,0,7,0.167627
2932,3,50,22,4,transit,AM,0,18.052,16773.2,371;562;546;554;556;539;529;531;549,50;143;135;139;140;131;126;127;137;22,,0.487167,50;143;135;139;140;131;126;127;137;22,371;562;546;554;556;539;529;531;549,10.4246,16.7732,18.0519,18.052,1150_4737,7,0,7,3.41017
2933,2,50,22,3,transit,AM,0,18.052,16773.2,370;527;442;466;494;418;392;404;447,50;125;81;93;107;69;56;62;84;22,,0.0558212,50;125;81;93;107;69;56;62;84;22,370;527;442;466;494;418;392;404;447,10.4246,16.7732,18.0519,18.052,749_3960,7,0,7,0.390748
2934,5,50,22,6,transit,AM,0,18.052,16773.2,377;974;930;954;958;920;902;906;939,50;355;333;345;347;327;318;320;338;22,,0.233704,50;355;333;345;347;327;318;320;338;22,377;974;930;954;958;920;902;906;939,10.4246,16.7732,18.0519,18.052,2755_7860,7,0,7,1.63593
2935,1,50,22,2,transit,AM,0,18.052,16773.2,369;525;440;464;492;416;390;402;445,50;124;80;92;106;68;55;61;83;22,,0.0685305,50;124;80;92;106;68;55;61;83;22,369;525;440;464;492;416;390;402;445,10.4246,16.7732,18.0519,18.052,741_3943,7,0,7,0.479714
2936,0,50,22,1,transit,AM,0,18.052,16773.2,368;523;438;462;490;414;388;400;443,50;123;79;91;105;67;54;60;82;22,,0.130831,50;123;79;91;105;67;54;60;82;22,368;523;438;462;490;414;388;400;443,10.4246,16.7732,18.0519,18.052,733_3926,7,0,7,0.915817
2937,0,50,23,1,transit,AM,0,25.7492,23997.7,378;1026;1004;998;988;1014;982;1001,50;382;371;368;363;376;359;370;23,,1,50;382;371;368;363;376;359;370;23,378;1026;1004;998;988;1014;982;1001,14.9146,23.9977,25.7492,25.7492,2662_7391,2,0,2,2
2938,1,50,26,2,transit,AM,0,5.49113,4983.87,374;745;604;616;675,50;237;165;171;202;26,,0.869169,50;237;165;171;202;26,374;745;604;616;675,3.09749,4.98387,5.49113,5.49113,851_3014,3,0,3,2.60751
2939,0,50,26,1,transit,AM,0,5.49113,4983.87,373;743;602;614;673,50;236;164;170;201;26,,0.130831,50;236;164;170;201;26,373;743;602;614;673,3.09749,4.98387,5.49113,5.49113,847_3005,3,0,3,0.392493
2940,0,50,27,1,transit,AM,0,37.8798,35383.2,379;1074;1050;1057;1063;1040;1030;1034;1052;1038;1044;1042;1072;1067;1069;1055,50;406;394;398;401;389;384;386;395;388;391;390;405;403;404;397;27,,1,50;406;394;398;401;389;384;386;395;388;391;390;405;403;404;397;27,379;1074;1050;1057;1063;1040;1030;1034;1052;1038;1044;1042;1072;1067;1069;1055,21.9908,35.3832,37.8797,37.8798,6008_16166,2,0,2,2
2941,5,50,29,6,transit,AM,0,10.4609,9648.33,377;974;930;953,50;355;333;345;29,,0.233704,50;355;333;345;29,377;974;930;953,5.99648,9.64833,10.4608,10.4609,1112_3234,113,0,113,26.4085
2942,4,50,29,5,transit,AM,0,10.4609,9648.33,376;972;928;951,50;354;332;344;29,,0.0239468,50;354;332;344;29,376;972;928;951,5.99648,9.64833,10.4608,10.4609,1109_3227,113,0,113,2.70598
2943,3,50,29,4,transit,AM,0,10.4609,9648.33,371;562;546;553,50;143;135;139;29,,0.487167,50;143;135;139;29,371;562;546;553,5.99648,9.64833,10.4608,10.4609,496_2032,113,0,113,55.0499
2944,2,50,29,3,transit,AM,0,10.4609,9648.33,370;527;442;465,50;125;81;93;29,,0.0558212,50;125;81;93;29,370;527;442;465,5.99648,9.64833,10.4608,10.4609,378_1804,113,0,113,6.3078
2945,1,50,29,2,transit,AM,0,10.4609,9648.33,369;525;440;463,50;124;80;92;29,,0.0685305,50;124;80;92;29,369;525;440;463,5.99648,9.64833,10.4608,10.4609,375_1797,113,0,113,7.74395
2946,0,50,29,1,transit,AM,0,10.4609,9648.33,368;523;438;461,50;123;79;91;29,,0.130831,50;123;79;91;29,368;523;438;461,5.99648,9.64833,10.4608,10.4609,372_1790,113,0,113,14.7839
2947,0,50,30,1,transit,AM,0,11.9149,11013.1,380;1122;1076;1080;1102;1084;1094;1107,50;430;407;409;420;411;416;423;30,,1,50;430;407;409;420;411;416;423;30,380;1122;1076;1080;1102;1084;1094;1107,6.84469,11.0131,11.9149,11.9149,2996_8045,1,0,1,1
2948,1,50,35,2,transit,AM,0,29.6034,27615.3,374;745;604;616;676;721;694;670;739;703,50;237;165;171;202;225;211;199;234;216;35,,0.869169,50;237;165;171;202;225;211;199;234;216;35,374;745;604;616;676;721;694;670;739;703,17.163,27.6153,29.6034,29.6034,1945_6542,3,0,3,2.60751
2949,0,50,35,1,transit,AM,0,29.6034,27615.3,373;743;602;614;674;719;692;668;737;701,50;236;164;170;201;224;210;198;233;215;35,,0.130831,50;236;164;170;201;224;210;198;233;215;35,373;743;602;614;674;719;692;668;737;701,17.163,27.6153,29.6034,29.6034,1936_6523,3,0,3,0.392493
2950,0,50,37,1,transit,AM,0,15.5952,14467.4,380;1122;1076;1080;1102;1084;1094;1108;1109,50;430;407;409;420;411;416;423;424;37,,1,50;430;407;409;420;411;416;423;424;37,380;1122;1076;1080;1102;1084;1094;1108;1109,8.99157,14.4674,15.5952,15.5952,3427_9155,1,0,1,1
2951,5,50,38,6,transit,AM,0,11.2237,10364.3,377;974;930;954;957,50;355;333;345;347;38,,0.233704,50;355;333;345;347;38,377;974;930;954;957,6.44147,10.3643,11.2237,11.2237,1468_4192,71,0,71,16.593
2952,4,50,38,5,transit,AM,0,11.2237,10364.3,376;972;928;952;955,50;354;332;344;346;38,,0.0239468,50;354;332;344;346;38,376;972;928;952;955,6.44147,10.3643,11.2237,11.2237,1464_4183,71,0,71,1.70022
2953,3,50,38,4,transit,AM,0,11.2237,10364.3,371;562;546;554;555,50;143;135;139;140;38,,0.487167,50;143;135;139;140;38,371;562;546;554;555,6.44147,10.3643,11.2237,11.2237,645_2588,71,0,71,34.5889
2954,1,50,38,2,transit,AM,0,11.2237,10364.3,369;525;440;464;491,50;124;80;92;106;38,,0.0685305,50;124;80;92;106;38,369;525;440;464;491,6.44147,10.3643,11.2237,11.2237,490_2289,71,0,71,4.86567
2955,2,50,38,3,transit,AM,0,11.2237,10364.3,370;527;442;466;493,50;125;81;93;107;38,,0.0558212,50;125;81;93;107;38,370;527;442;466;493,6.44147,10.3643,11.2237,11.2237,494_2298,71,0,71,3.96331
2956,0,50,38,1,transit,AM,0,11.2237,10364.3,368;523;438;462;489,50;123;79;91;105;38,,0.130831,50;123;79;91;105;38,368;523;438;462;489,6.44147,10.3643,11.2237,11.2237,486_2280,71,0,71,9.289
2957,1,50,40,2,transit,AM,0,7.89798,7242.9,374;745;604;616;676;720,50;237;165;171;202;225;40,,0.869169,50;237;165;171;202;225;40,374;745;604;616;676;720,4.50149,7.2429,7.89798,7.89798,1090_3735,1,0,1,0.869169
2958,0,50,40,1,transit,AM,0,7.89798,7242.9,373;743;602;614;674;718,50;236;164;170;201;224;40,,0.130831,50;236;164;170;201;224;40,373;743;602;614;674;718,4.50149,7.2429,7.89798,7.89798,1085_3724,1,0,1,0.130831
2959,1,50,41,2,transit,AM,0,16.4828,15300.5,378;1026;1004;998;988;1013,50;382;371;368;363;376;41,,0.611519,50;382;371;368;363;376;41,378;1026;1004;998;988;1013,9.5093,15.3005,16.4828,16.4828,1951_5407,2,0,2,1.22304
2960,0,50,41,1,transit,AM,0,16.4828,15300.5,372;597;587;583;576;592,50;161;156;154;150;159;41,,0.388481,50;161;156;154;150;159;41,372;597;587;583;576;592,9.5093,15.3005,16.4828,16.4828,871_3307,2,0,2,0.776963
2961,6,50,43,4,transit,AM,0,35.9464,33568.5,379;1074;1050;1057;1063;1040;1030;1034;1052;1038;1044;1042;1072;1067;1068,50;406;394;398;401;389;384;386;395;388;391;390;405;403;404;43,,0.182617,50;406;394;398;401;389;384;386;395;388;391;390;405;403;404;43,379;1074;1050;1057;1063;1040;1030;1034;1052;1038;1044;1042;1072;1067;1068,20.863,33.5685,35.9463,35.9464,5627_15110,10,0,10,1.82617
2962,2,50,43,3,transit,AM,0,35.9464,33568.5,370;527;442;466;494;418;392;404;448;412;436;424;515;506;509,50;125;81;93;107;69;56;62;84;66;78;72;119;113;116;43,,0.0558212,50;125;81;93;107;69;56;62;84;66;78;72;119;113;116;43,370;527;442;466;494;418;392;404;448;412;436;424;515;506;509,20.863,33.5685,35.9463,35.9464,1334_6763,10,0,10,0.558212
2963,1,50,43,2,transit,AM,0,35.9464,33568.5,369;525;440;464;492;416;390;402;446;410;434;422;513;504;508,50;124;80;92;106;68;55;61;83;65;77;71;118;112;115;43,,0.143564,50;124;80;92;106;68;55;61;83;65;77;71;118;112;115;43,369;525;440;464;492;416;390;402;446;410;434;422;513;504;508,20.863,33.5685,35.9463,35.9464,1320_6735,10,0,10,1.43564
2964,0,50,43,1,transit,AM,0,35.9464,33568.5,368;523;438;462;490;414;388;400;444;408;432;420;511;502;507,50;123;79;91;105;67;54;60;82;64;76;70;117;111;114;43,,0.617998,50;123;79;91;105;67;54;60;82;64;76;70;117;111;114;43,368;523;438;462;490;414;388;400;444;408;432;420;511;502;507,20.863,33.5685,35.9463,35.9464,1306_6707,10,0,10,6.17998
2965,0,50,44,1,transit,AM,0,30.7841,28723.3,378;1026;1004;998;988;1014;982;1002;1015,50;382;371;368;363;376;359;370;377;44,,1,50;382;371;368;363;376;359;370;377;44,378;1026;1004;998;988;1014;982;1002;1015,17.8517,28.7233,30.7841,30.7841,3060_8407,1,0,1,1
2966,0,50,46,1,transit,AM,0,37.1639,34711.3,378;1026;1004;998;988;1014;982;1002;1016;1019,50;382;371;368;363;376;359;370;377;379;46,,1,50;382;371;368;363;376;359;370;377;379;46,378;1026;1004;998;988;1014;982;1002;1016;1019,21.5732,34.7113,37.1639,37.1639,3441_9427,2,0,2,2
2967,0,50,47,1,transit,AM,0,50.0624,46817.6,378;1026;1004;998;988;1014;982;1002;1016;1020;996;1023,50;382;371;368;363;376;359;370;377;379;367;381;47,,1,50;382;371;368;363;376;359;370;377;379;367;381;47,378;1026;1004;998;988;1014;982;1002;1016;1020;996;1023,29.0973,46.8176,50.0624,50.0624,4190_11447,1,0,1,1
2968,1,50,48,2,transit,AM,0,26.718,24907.1,374;745;604;616;676;721;694;670;738,50;237;165;171;202;225;211;199;234;48,,0.869169,50;237;165;171;202;225;211;199;234;48,374;745;604;616;676;721;694;670;738,15.4799,24.9071,26.718,26.718,1742_5838,1,0,1,0.869169
2969,0,50,48,1,transit,AM,0,26.718,24907.1,373;743;602;614;674;719;692;668;736,50;236;164;170;201;224;210;198;233;48,,0.130831,50;236;164;170;201;224;210;198;233;48,373;743;602;614;674;719;692;668;736,15.4799,24.9071,26.718,26.718,1734_5821,1,0,1,0.130831
2970,0,50,49,1,transit,AM,0,39.5072,36910.7,372;597;587;583;576;593;570;572;594,50;161;156;154;150;159;147;148;160;49,,1,50;161;156;154;150;159;147;148;160;49,372;597;587;583;576;593;570;572;594,22.9402,36.9107,39.5072,39.5072,1334_5044,1,0,1,1